id,title_cn,title_jp,title_en,region,type,rating,points_count,center_lat,center_lng,cover_url,bgm_id
543360,上伊那牡丹，酒醉身姿似百合花般,上伊那ぼたん、酔へる姿は百合の花,,秩父市,TV,7.2,230,0,0,https://w.junreimap.com/images/bangumi/543360_fej9y4l.jpg,
279406,成为百合的Espoir,ゆりでなる♥えすぽわーる,,札幌市,漫画系列,7.5,17,43.069092,141.350152,https://w.junreimap.com/images/bangumi/279406.jpg,1623
257720,要我和你交往也不是不行,付き合ってあげてもいいかな,,日本,漫画系列,7.8,11,0,0,https://w.junreimap.com/images/bangumi/257720.jpg,
285054,污秽不堪的你最惹人怜爱,きたない君がいちばんかわいい,,青森県,漫画系列,6.9,18,0,0,https://w.junreimap.com/images/bangumi/285054.jpg,
144357,文豪野犬,文豪ストレイドッグス,,横滨市,TV,6.6,25,35.449728,139.64535,https://w.junreimap.com/images/bangumi/144357.jpg,828
428735,迷途之子！！！！！,BanG Dream! It's MyGO!!!!!,BanG Dream! It's MyGO!!!!!,豊島区,TV,7.9,467,35.730117,139.716309,https://w.junreimap.com/images/bangumi/428735.jpg,410
143128,爱上火车,まいてつ,,人吉市,游戏,0,39,32.211574,130.786577,https://w.junreimap.com/images/bangumi/143128_o7b04qd2c.jpg,1455
293800,TrymenT ~献给渴望改变的你~,TrymenT ~今を変えたいと願うあなたへ~,,东京都,游戏,7.1,29,33.104269,139.815747,https://w.junreimap.com/images/bangumi/293800.jpg,180715
49278,境界的彼方,境界の彼方,,奈良市,TV,6.8,102,34.685109,135.804801,https://w.junreimap.com/images/bangumi/49278.jpg,
243981,终将成为你,やがて君になる,,品川区,TV,7.8,130,35.627095,139.737731,https://w.junreimap.com/images/bangumi/243981.jpg,1156
218127,思慕雪的热带鱼,熱帯魚は雪に焦がれる,,大洲市,漫画系列,7.1,7,0,0,https://w.junreimap.com/images/bangumi/218127.jpg,
9912,日常,日常,,伊势崎市,TV,8.4,48,36.336009,139.190941,https://w.junreimap.com/images/bangumi/9912.jpg,77809
11536,,GIRL FRIENDS,,東京都,漫画系列,7.7,51,35.691189,139.736969,https://w.junreimap.com/images/bangumi/11536.jpg,101
622206,尼古喵喵,ヤニねこ,Yanineko,相模原市,TV,6.9,3,0,0,https://w.junreimap.com/images/bangumi/622206.jpg,
285472,即使只有一次也会后悔,一度だけでも、後悔してます。,,名古屋市,漫画系列,7,10,35.585042,139.669025,https://w.junreimap.com/images/bangumi/285472.jpg,1414
296659,LoveLive! 虹咲学园校园偶像同好会,ラブライブ！虹ヶ咲学園スクールアイドル同好会,LoveLive! School Idol Project -Nijigasaki High School Idol Club-,东京都,TV,7.6,247,35.632174,139.784163,https://w.junreimap.com/images/bangumi/296659.jpg,1342
114685,可塑性记忆,プラスティック・メモリーズ,,海外,TV,6.9,17,1.29702,103.831983,https://w.junreimap.com/images/bangumi/114685.jpg,3999
57978,黄金拼图,きんいろモザイク,Kin-iro Mosaic,千叶市,TV,7.3,362,35.695019,140.128885,https://w.junreimap.com/images/bangumi/57978.jpg,13839
545917,描绘直至生命尽头,これ描いて死ね,,大島町,TV,0,175,34.688054,139.438665,https://w.junreimap.com/images/bangumi/545917.jpg,69154
269235,天气之子,天気の子,Weathering With You,東京都,剧场版,7.1,40,35.707358,139.733394,https://w.junreimap.com/images/bangumi/269235.jpg,1920
234,,AIR,AIR,御坊市,TV,8,43,33.938137,135.260927,https://w.junreimap.com/images/bangumi/234.jpg,22576
876,,CLANNAD 〜AFTER STORY〜,,日本,TV,9.1,283,38.153818,138.622224,https://w.junreimap.com/images/bangumi/876.jpg,
140536,2DK、G笔、闹钟。,2DK、Gペン、目覚まし時計。,,北区,漫画系列,7.2,10,35.73839,139.760693,https://w.junreimap.com/images/bangumi/140536.jpg,1896
292901,无法拒绝孤单女孩,ロンリーガールに逆らえない,,北海道,漫画系列,6.8,15,43.199887,141.001372,https://w.junreimap.com/images/bangumi/292901.jpg,279
607340,与奔驰于透明之夜的你，谈一场看不见的恋爱。,透明な夜に駆ける君と、目に見えない恋をした。,"Toumei na Yoru ni Kakeru Kimi to, Me ni Mienai Koi wo Shita.",江東区,TV,6.8,11,0,0,https://w.junreimap.com/images/bangumi/607340.jpg,
210864,魔法使的新娘,魔法使いの嫁,The Ancient Magus' Bride,英国,TV,7.2,288,51.500762,-0.124493,https://w.junreimap.com/images/bangumi/210864.jpg,5759
12426,轻音少女 剧场版,映画けいおん！,K-ON! The Movie,英国,剧场版,8.1,291,51.526778,-0.094452,https://w.junreimap.com/images/bangumi/12426.jpg,4412
363957,夏日口袋,Summer Pockets,,直島町,TV,9.1,373,34.413422,134.037331,https://w.junreimap.com/images/bangumi/363957_rpxd9y92h.jpg,93182
328609,孤独摇滚！,ぼっち・ざ・ろっく！,Bocchi the Rock!,世田谷区,TV,8.4,414,35.479458,139.589247,https://w.junreimap.com/images/bangumi/328609.jpg,4570
464376,败犬女主太多了！,負けヒロインが多すぎる！,Too Many Losing Heroines!,豊橋市,TV,0,469,34.761607,137.385433,https://w.junreimap.com/images/bangumi/464376.jpg,66599
467930,青春笨蛋少年不做圣诞服女郎的梦,青春ブタ野郎はサンタクロースの夢を見ない,Rascal Does Not Dream of Santa Claus,藤沢市,TV,6.6,572,35.438326,139.679607,https://w.junreimap.com/images/bangumi/467930.jpg,4477
513345,薰香花朵凛然绽放,薫る花は凛と咲く,The Fragrant Flower Blooms with Dignity,東京都,TV,7.6,584,35.607621,139.668489,http://bgm-api.anitabi.cn/pic/cover/l/b8/0d/513345_jv4wM.jpg,
405785,摇曳露营△ 三期,ゆるキャン△ SEASON３,Yurucamp SEASON３,日本,TV,7.8,1011,35.156907,138.135135,https://w.junreimap.com/images/bangumi/405785.jpg,41683
262897,摇曳露营△ 二期,ゆるキャン△ SEASON 2,Yurucamp SEASON 2,静岡県,TV,8.3,815,35.032881,138.285342,https://w.junreimap.com/images/bangumi/262897.jpg,
207195,摇曳露营△,ゆるキャン△,Yurucamp,山梨県,TV,8.2,684,35.75097,138.444213,https://w.junreimap.com/images/bangumi/207195.jpg,3600
86670,向山进发 第二季,ヤマノススメ セカンドシーズン,,饭能市,TV,7.6,134,36.111556,138.937126,https://w.junreimap.com/images/bangumi/86670.jpg,37610
617123,少女怪兽焦糖味,乙女怪獣キャラメリゼ,,,TV,6.7,31,35.653347,139.823791,https://w.junreimap.com/images/bangumi/617123.jpg,8661
183878,紫罗兰永恒花园,ヴァイオレット・エヴァーガーデン,Violet Evergarden,海外,TV,7.3,8,44.408363,8.92005,https://w.junreimap.com/images/bangumi/183878.jpg,268879
2585,某科学的超电磁炮,とある科学の超電磁砲,A Certain Scientific Railgun,立川市,TV,7.5,15,35.596154,139.521367,https://w.junreimap.com/images/bangumi/2585.jpg,5099
343241,败犬女主太多了！,負けヒロインが多すぎる！,,丰桥市,小说系列,7.9,35,0,0,http://bgm-api.anitabi.cn/pic/cover/l/1c/ba/343241_TWFSN.jpg,
109378,命运-冠位指定,Fate/Grand Order,,,游戏,6,146,37.2988,136.997177,https://w.junreimap.com/images/bangumi/109378.jpg,
495291,再见，拉拉,さよならララ,Goodbye!rara,大津市,TV,8,140,0,0,http://bgm-api.anitabi.cn/pic/cover/l/18/af/495291_Qd97X.jpg,
437593,杂旅-That's Journey-,ざつ旅-That's Journey-,,日本,TV,0,371,37.507823,139.930558,https://w.junreimap.com/images/bangumi/437593.jpg,49434
27364,冰菓,氷菓,Hyouka,高山市,TV,8.2,84,36.139507,137.259797,https://w.junreimap.com/images/bangumi/27364.jpg,41516
1488,悠久之翼-前篇,ef - the first tale.,,欧洲,游戏,7.6,24,49.24031,9.478337,https://w.junreimap.com/images/bangumi/1488.jpg,
141799,飞翔的魔女,ふらいんぐうぃっち,Flying Witch,弘前市,TV,7.6,91,40.604504,140.462995,https://w.junreimap.com/images/bangumi/141799.jpg,49553
18605,玉响～hitotose～,たまゆら～hitotose～,,竹原市,TV,7.4,8,0,0,https://w.junreimap.com/images/bangumi/18605.jpg,
21681,星川银座四丁目,星川銀座四丁目,,横浜市,漫画系列,7.2,11,0,0,https://w.junreimap.com/images/bangumi/21681.jpg,
100444,四月是你的谎言,四月は君の嘘,,练马区,TV,8,125,35.698194,139.618462,https://w.junreimap.com/images/bangumi/100444.jpg,1080
8452,玉响,たまゆら,,竹原市,OVA,7.4,122,34.332656,132.951945,https://w.junreimap.com/images/bangumi/8452.jpg,264228
804,机动战士高达0083 星尘的回忆,機動戦士ガンダム0083 STARDUST MEMORY,,,OVA,7,1,0,0,http://bgm-api.anitabi.cn/pic/cover/l/dc/56/804_OFF1z.jpg,
293133,随兴旅 -That's Journey-,ざつ旅-That's Journey-,,日本,漫画系列,6.8,527,0,0,https://w.junreimap.com/images/bangumi/293133_fbzzy84.jpg,
329114,想要成为影之实力者！,陰の実力者になりたくて！,,,TV,7.1,1,0,0,http://bgm-api.anitabi.cn/pic/cover/l/39/96/329114_mB55b.jpg,
218708,比宇宙更远的地方,宇宙よりも遠い場所,A place further than the Universe,海外,TV,8.2,57,1.298867,103.906172,https://w.junreimap.com/images/bangumi/218708.jpg,4240
236510,月影特工,RELEASE THE SPYCE,,川崎市,TV,6.4,53,35.505563,139.696837,https://w.junreimap.com/images/bangumi/236510.jpg,2767
397481,被你忘记的那个夏天,被你忘记的那个夏天,,浙江省,游戏,6.2,3,0,0,https://bgm-api.anitabi.cn/img/pic/cover/l/09/60/397481_T5Kw7.jpg,
153196,全职高手,全职高手,,浙江省,WEB,6.2,5,30.25584,120.175108,https://w.junreimap.com/images/bangumi/153196.jpg,4550
292712,突击莉莉 BOUQUET,アサルトリリィ BOUQUET,,,TV,6.1,2,0,0,https://bgm-api.anitabi.cn/img/pic/cover/l/61/f8/292712_pACzh.jpg,
191398,魔女的夜宴,サノバウィッチ,Sanoba Witch,京都市,游戏,6.4,10,35.018713,135.787343,https://w.junreimap.com/images/bangumi/191398.jpg,1795
152091,吹响吧！上低音号 2,響け！ユーフォニアム2,Sound! Euphonium 2,宇治市,TV,8.3,437,34.917966,135.82388,https://w.junreimap.com/images/bangumi/152091.jpg,1413
679547,纠纠缘丝,糺糺縁糸（きゅうきゅうえんし）,,奈良県,游戏,9,8,0,0,https://w.junreimap.com/images/bangumi/679547.jpg,
523664,摇曳露营△ 四期,ゆるキャン△ SEASON４,,山梨县,TV,0,2,0,0,http://bgm-api.anitabi.cn/pic/cover/l/d8/f3/523664_dh2R9.jpg,
186515,,BanG Dream!,,东京都,TV,6.3,62,35.431385,139.97493,https://w.junreimap.com/images/bangumi/186515.jpg,15540
485936,mono女孩,mono,,山梨県,TV,10,679,35.66903,138.580741,https://w.junreimap.com/images/bangumi/485936.jpg,1142
26826,茂伸奇谈-Monobeno-,ものべの,,香美市,游戏,6.8,12,33.660841,133.869253,https://w.junreimap.com/images/bangumi/26826.jpg,38061
507819,一人之下 第六季,一人之下 第6季,,,WEB,6.6,4,0,0,https://bgm-api.anitabi.cn/img/pic/cover/l/ee/ae/507819_OD5zd.jpg,
1839,仰望半月的夜空,半分の月がのぼる空,,伊势市,TV,7,26,34.489033,136.706084,https://w.junreimap.com/images/bangumi/1839.jpg,46616
119187,名侦探柯南 业火的向日葵,名探偵コナン 業火の向日葵,,,剧场版,4.8,5,0,0,https://bgm-api.anitabi.cn/img/pic/cover/l/4e/03/119187_pRjpn.jpg,
11180,美妙旋律 极光之梦,プリティーリズム・オーロラドリーム,,横滨市,TV,6.9,27,35.451944,139.644336,https://w.junreimap.com/images/bangumi/11180.jpg,271
221020,全职高手 特别篇,全职高手 特别篇,,,WEB,6.5,1,0,0,http://bgm-api.anitabi.cn/pic/cover/l/64/a1/221020_52l25.jpg,
394623,怪兽8号,怪獣8号,,,TV,6.1,1,0,0,https://bgm-api.anitabi.cn/img/pic/cover/l/9c/d2/394623_qErlO.jpg,
583729,BanG Dream! YUME∞MITA,BanG Dream! ゆめ∞みた,BanG Dream! YUME∞MITA,千代田区,TV,6.6,288,35.702174,139.770621,https://bgm-api.anitabi.cn/img/pic/cover/l/1c/e4/583729_r6BNq.jpg,
267378,青夏轨迹,アオナツライン,,鎌倉市,游戏,0,21,35.317824,139.504214,https://w.junreimap.com/images/bangumi/267378_h6peev1.jpg,812
538643,,恋爱泡馍！青春老陕,,陕西省,游戏,1,16,0,0,http://bgm-api.anitabi.cn/pic/cover/l/bc/25/538643_IY77Y.jpg,
509297,赛马娘 芦毛灰姑娘,ウマ娘 シンデレラグレイ,,岐阜县,TV,0,111,35.371955,136.767936,http://bgm-api.anitabi.cn/pic/cover/l/9e/fa/509297_8jQ62.jpg,
30619,孤独的美食家,孤独のグルメ,,东京都,日剧,7.8,12,35.67109,139.796313,https://w.junreimap.com/images/bangumi/30619.jpg,2392
240038,青春笨蛋少年不做兔女郎学姐的梦,青春ブタ野郎はバニーガール先輩の夢を見ない,Rascal Does Not Dream of Bunny Girl Senpai,镰仓市,TV,7.4,224,35.311623,139.492951,https://w.junreimap.com/images/bangumi/240038.jpg,401
23609,小浣熊,あらいぐまラスカル,,,TV,5.8,4,0,0,https://bgm-api.anitabi.cn/img/pic/cover/l/08/7b/23609_071Ld.jpg,
348335,平家物语,平家物語,,,TV,7.6,6,0,0,http://bgm-api.anitabi.cn/pic/cover/l/3f/f3/348335_OPwHW.jpg,
359930,名侦探柯南 万圣节的新娘,名探偵コナン ハロウィンの花嫁,Detective Conan: The Bride of Halloween,,剧场版,7,5,0,0,https://w.junreimap.com/images/bangumi/359930.jpg,
89279,名侦探柯南 异次元的狙击手,名探偵コナン 異次元の狙撃手,,,剧场版,6.1,1,0,0,http://lain.bgm.tv/pic/cover/l/0b/5b/89279_34AY4.jpg,
360498,,AMBITIOUS MISSION,AMBITIOUS MISSION,札幌市,游戏,0,6,0,0,https://w.junreimap.com/images/bangumi/360498_gas5p03.jpg,
198962,名侦探柯南 殷红的恋歌,名探偵コナン から紅の恋歌,,,剧场版,6.1,5,0,0,https://w.junreimap.com/images/bangumi/198962.jpg,
259061,美好的每一天 ～不连续的存在～全语音HD版,素晴らしき日々 ～不連続存在～ フルボイスHD版,,东京都,游戏,9.2,6,35.594315,139.609129,https://w.junreimap.com/images/bangumi/259061.jpg,2503
210458,恋如雨止,恋は雨上がりのように,,横滨市,TV,7.5,16,35.422365,139.664305,https://w.junreimap.com/images/bangumi/210458.jpg,2455
51928,某科学的超电磁炮S,とある科学の超電磁砲S,,立川市,TV,7.5,56,35.64525,139.586896,https://w.junreimap.com/images/bangumi/51928.jpg,4570
49131,约会大作战,デート・ア・ライブ,DATE A LIVE,町田市,TV,6.5,12,35.537656,139.446998,https://w.junreimap.com/images/bangumi/49131.jpg,1126
556847,五等分的公主 ～幻想与深渊与魔法学院～,五等分のプリンセス ～幻想と深淵と魔法学院～,"The Quintessential Princesses - Fantasy, the Abyss, and the Magic Academy",名古屋市,游戏,0,7,35.089759,136.883135,https://w.junreimap.com/images/bangumi/556847_dd2sn4e.jpg,21269
655286,胶囊恋人,胶囊恋人,,湖北省,游戏,6.8,7,0,0,https://bgm-api.anitabi.cn/img/pic/cover/l/1c/08/655286_w5XWq.jpg,
338543,聊为信步游,たびみまん,,滋賀県,漫画系列,6.9,8,0,0,https://bgm-api.anitabi.cn/img/pic/cover/l/84/ae/338543_iKsip.jpg,
531,水星领航员,ARIA The ANIMATION,A.R.I.A,欧洲,TV,8.2,188,45.435288,12.340209,https://w.junreimap.com/images/bangumi/531.jpg,625908
3128,数码宝贝大冒险,デジモンアドベンチャー,Digimon Adventure,东京都,TV,8.3,47,35.664893,139.720913,https://w.junreimap.com/images/bangumi/3128.jpg,1815
490881,贝果爱情故事,贝果爱情故事,,湖北省,游戏,6.1,3,0,0,http://bgm-api.anitabi.cn/pic/cover/l/4d/7e/490881_nWEi9.jpg,
306742,LoveLive! Superstar!!,ラブライブ！スーパースター!!,,涩谷区,TV,6.8,92,35.668036,139.706602,https://w.junreimap.com/images/bangumi/306742.jpg,434
539042,泡芙爱情故事,泡芙爱情故事,,湖北省,游戏,6.2,2,0,0,http://bgm-api.anitabi.cn/pic/cover/l/fa/a1/539042_rbzI9.jpg,
41410,誓血龙骑士,DRAG-ON DRAGOON,,,游戏,7,1,0,0,http://bgm-api.anitabi.cn/pic/cover/l/a0/d5/41410_oc818.jpg,
114735,甜蜜女友/甜蜜女友～Second Season～,アマカノ/アマカノ～Second Season～,,长野县,游戏,0,29,36.736175,138.425508,https://w.junreimap.com/images/bangumi/114735_wp0qj1.jpg,26412
132528,想要传达给你的爱恋,恋×シンアイ彼女,,神户市,游戏,0,11,34.641138,135.125819,https://w.junreimap.com/images/bangumi/132528.jpg,9091
611089,棱镜恋曲,プリズム輪舞曲,,欧洲,WEB,5.5,7,53.364099,-1.854517,https://w.junreimap.com/images/bangumi/611089.jpg,
110781,,龙族Ⅱ : 悼亡者之瞳,,,小说,7.6,4,0,0,http://bgm-api.anitabi.cn/pic/cover/l/f5/b1/110781_B3lD3.jpg,
215425,中二病也要谈恋爱！-Take On Me-,中二病でも恋がしたイ！-Take On Me-,"Love, Chunibyo & Other Delusions!  -Take On Me-",日本,剧场版,7.4,206,34.983944,135.85008,https://w.junreimap.com/images/bangumi/215425.jpg,5622
465493,,anemoi,,北海道,游戏,8.7,53,0,0,http://bgm-api.anitabi.cn/pic/cover/l/cc/5d/465493_e3A48.jpg,
427233,五等分的新娘∽,五等分の花嫁∽,The Quintessential Quintuplets∽,桑名市,TV,6.7,81,35.028623,136.728408,https://w.junreimap.com/images/bangumi/427233.jpg,6163
134443,,龙族Ⅰ : 火之晨曦,,,小说,6.8,1,0,0,https://bgm-api.anitabi.cn/img/pic/cover/l/86/48/134443_jXcu5.jpg,
207573,月色真美,月がきれい,,川越市,TV,7.9,58,35.920851,139.482663,https://w.junreimap.com/images/bangumi/207573.jpg,610
88290,请问您今天要来点兔子吗？,ご注文はうさぎですか?,Is the order a rabbit?,海外,漫画系列,8.2,497,48.077821,7.352337,https://w.junreimap.com/images/bangumi/88290_uh69pso63.jpg,12034630
238986,肆式青春,詩季織々,Flavors of Youth,中国,剧场版,5.9,8,23.079378,113.285423,https://w.junreimap.com/images/bangumi/238986.jpg,5440
295308,炽焰天穹,Heaven Burns Red,,东京都,游戏,7.3,89,35.905249,138.909442,https://w.junreimap.com/images/bangumi/295308.jpg,
244761,剧场版 白箱,劇場版 SHIROBAKO,,,剧场版,7.5,1,0,0,https://w.junreimap.com/images/bangumi/244761.jpg,
2829,Candy boy,Candy boy,,中野区,WEB,7.5,114,35.722911,139.654427,https://w.junreimap.com/images/bangumi/2829.jpg,1969
478079,狱门抚子在此,獄門撫子此処ニ在リ,,京都市,漫画系列,7.1,46,34.991374,135.78844,http://bgm-api.anitabi.cn/pic/cover/l/4e/e3/478079_3s8Br.jpg,
219200,擅长捉弄的高木同学,からかい上手の高木さん,,香川县,TV,7.4,145,34.510179,134.20335,https://w.junreimap.com/images/bangumi/219200.jpg,21330
366887,雪国,雪国,,,小说,8,1,0,0,https://bgm-api.anitabi.cn/img/pic/cover/l/1a/12/366887_6e7e8.jpg,
3375,凉宫春日的消失,涼宮ハルヒの消失,The Disappearence of Sizumiya Haruhi,西宫市,剧场版,8.7,97,34.734006,135.308053,https://w.junreimap.com/images/bangumi/3375.jpg,3958
1267,王牌投手 振臂高挥,おおきく振りかぶって,,,TV,8.2,4,35.889832,139.65389,https://w.junreimap.com/images/bangumi/1267.jpg,
485,凉宫春日的忧郁,涼宮ハルヒの憂鬱,The Melancholy of Haruhi Suzumiya,西宫市,TV,8.2,76,34.757551,135.334826,https://w.junreimap.com/images/bangumi/485.jpg,8603
590553,,てつりょー！meet with 鉄道むすめ,,,TV,0,15,0,0,http://bgm-api.anitabi.cn/pic/cover/l/b6/e8/590553_JVft9.jpg,
18624,回转企鹅罐,輪るピングドラム,,东京都,TV,8,75,35.705558,139.620017,https://w.junreimap.com/images/bangumi/18624.jpg,
665326,,星をみる少女,,,音乐,6,10,0,0,https://bgm-api.anitabi.cn/img/pic/cover/l/d4/41/665326_fOrrW.jpg,
345565,征服,征服,,,华语剧,7.1,2,38.030814,114.464453,http://bgm-api.anitabi.cn/pic/cover/l/0d/28/345565_7F7kE.jpg,
883,黑执事,黒執事,,,TV,7,2,0,0,http://bgm-api.anitabi.cn/pic/cover/l/21/0f/883_9w87Y.jpg,
129844,钻石王牌 第二季,ダイヤのA -SECOND SEASON-,,,TV,7.6,2,0,0,http://bgm-api.anitabi.cn/pic/cover/l/1c/90/129844_NwzEg.jpg,
267615,钻石王牌 act2,ダイヤのA actⅡ,,,TV,7.3,5,0,0,http://bgm-api.anitabi.cn/pic/cover/l/7f/b2/267615_Qio7E.jpg,
564289,想结束这场“我爱你”的游戏,愛してるゲームを終わらせたい,,埼玉市,TV,6.2,102,0,0,http://bgm-api.anitabi.cn/pic/cover/l/5d/5a/564289_b6sb7.jpg,
260680,青春笨蛋少年不做怀梦美少女的梦,青春ブタ野郎はゆめみる少女の夢を見ない,,藤泽市,剧场版,7.3,122,35.128518,139.718875,https://w.junreimap.com/images/bangumi/260680.jpg,
437532,常轨脱离Creative,ハミダシクリエイティブ,,町田市,TV,4.4,9,35.541893,139.455584,https://w.junreimap.com/images/bangumi/437532.jpg,1063
115908,吹响吧！上低音号,響け！ユーフォニアム,Sound! Euphonium,宇治市,TV,8.3,582,34.907753,135.806031,https://w.junreimap.com/images/bangumi/115908.jpg,464
454684,颂乐人偶,BanG Dream! Ave Mujica,,东京都,TV,4.1,240,35.730514,139.712643,https://w.junreimap.com/images/bangumi/454684.jpg,1698
276787,梅比乌斯之尘,メビウス・ダスト,,,TV,4,2,0,0,http://bgm-api.anitabi.cn/pic/cover/l/cc/46/276787_6C6E7.jpg,
362577,铃芽之旅,すずめの戸締まり,Suzume no Tojimari,日本,剧场版,7.8,225,34.89959,135.81192,https://w.junreimap.com/images/bangumi/362577.jpg,
297,拜托了老师,おねがい☆ティーチャー,Onegai☆Teacher,长野县,TV,6.8,37,36.55911,137.841369,https://w.junreimap.com/images/bangumi/297.jpg,64471
415166,恋语轻唱,ささやくように恋を唄う,,岡山県,TV,4.1,21,0,0,https://bgm-api.anitabi.cn/img/pic/cover/l/8e/05/415166_rCv5N.jpg,
117777,声之形,映画 聲の形,A Silent Voice,大垣市,剧场版,7.2,231,35.362098,136.616162,https://w.junreimap.com/images/bangumi/117777.jpg,11252
283254,恋语轻唱,ささやくように恋を唄う,,岡山県,漫画系列,7.1,32,0,0,https://bgm-api.anitabi.cn/img/pic/cover/l/34/ff/283254_W6tM6.jpg,
431741,Link! Like! LoveLive! 莲之空女学院学园偶像俱乐部,Link！Like！ラブライブ！蓮ノ空スクールアイドルクラブ,,金泽市,游戏,7.4,48,36.552882,136.63817,https://w.junreimap.com/images/bangumi/431741.jpg,32269
440095,浪浪山小妖怪,浪浪山小妖怪,,,剧场版,7.1,2,0,0,https://bgm-api.anitabi.cn/img/pic/cover/l/93/79/440095_HJh7H.jpg,
397211,穹庐下的魔女,天幕のジャードゥーガル,Jaadugar: A Witch in Mongolia,海外,漫画系列,7.6,35,47.100562,109.172731,https://w.junreimap.com/images/bangumi/397211.jpg,1686875
627648,天是红河岸,天は赤い河のほとり,,,TV,5.4,1,0,0,https://bgm-api.anitabi.cn/img/pic/cover/l/11/b7/627648_V00Vh.jpg,
69496,白色相簿2,WHITE ALBUM2,WHITE ALBUM2,海外,TV,7.3,16,35.64268,139.680908,https://w.junreimap.com/images/bangumi/69496.jpg,2543
180931,千恋万花,千恋＊万花,SenRenBanKa,日本,游戏,6.5,10,35.003819,135.772272,https://w.junreimap.com/images/bangumi/180931_nq8kd282t.jpg,204
22759,花开伊吕波,花咲くいろは,Hanasaku Iroha,金泽市,TV,7.5,120,36.486807,136.756504,https://w.junreimap.com/images/bangumi/22759.jpg,
571784,在超市后门吸烟的二人,スーパーの裏でヤニ吸うふたり,,,TV,7.1,3,0,0,https://bgm-api.anitabi.cn/img/pic/cover/l/6f/42/571784_leRlL.jpg,
55770,进击的巨人,進撃の巨人,,,TV,8,2,48.851333,10.488374,https://w.junreimap.com/images/bangumi/55770.jpg,
920,挪威的森林,ノルウェイの森,,,小说,8,1,0,0,http://bgm-api.anitabi.cn/pic/cover/l/6d/0f/920_85mPM.jpg,
41658,向山进发,ヤマノススメ,,饭能市,TV,7.1,72,35.857869,139.312276,https://w.junreimap.com/images/bangumi/41658.jpg,17909
581284,杀手青春,キルアオ,,,TV,6,2,0,0,https://bgm-api.anitabi.cn/img/pic/cover/l/18/a9/581284_8Kv7i.jpg,
10393,宇宙战舰大和号,宇宙戦艦ヤマト,,,TV,7.3,2,0,0,https://bgm-api.anitabi.cn/img/pic/cover/l/f8/a8/10393_Y12cM.jpg,
1020,海猫鸣泣之时,うみねこのなく頃に,,,游戏,8.4,8,0,0,http://bgm-api.anitabi.cn/pic/cover/l/65/cc/1020_L3HDr.jpg,
508455,加油吧！中村君！！,ガンバレ！中村くん！！,,,TV,7.3,20,0,0,https://bgm-api.anitabi.cn/img/pic/cover/l/c5/d1/508455_6RoG6.jpg,
552533,穹庐下的魔女,天幕のジャードゥーガル,,海外,TV,7.4,3,0,0,https://w.junreimap.com/images/bangumi/552533.jpg,
123741,,三国,,,华语剧,4.1,47,0,0,http://bgm-api.anitabi.cn/pic/cover/l/dd/f3/123741_qrazI.jpg,
525565,相反的你和我,正反対な君と僕,,横滨市,TV,7.5,101,0,0,https://w.junreimap.com/images/bangumi/525565_fej6i2c.jpg,
385739,描绘直至生命尽头,これ描いて死ね,,大島町,漫画系列,7.7,4,0,0,http://bgm-api.anitabi.cn/pic/cover/l/24/50/385739_CPqIU.jpg,
18182,,Never Gonna Give You Up,,英国,音乐,0,5,0,0,https://w.junreimap.com/images/bangumi/18182_gigyc90.jpg,
283643,吹响吧！上低音号 3,響け！ユーフォニアム 3,Sound! Euphonium 3,宇治市,TV,8.5,341,34.974273,135.792985,https://w.junreimap.com/images/bangumi/283643.jpg,1811
1154,东方风神录 ～ Mountain of Faith.,東方風神録　～ Mountain of Faith.,,,游戏,8.2,1,0,0,https://w.junreimap.com/images/bangumi/1154.jpg,
409576,你的颜色,きみの色,,长崎市,剧场版,7,27,33.376649,132.619544,https://w.junreimap.com/images/bangumi/409576.jpg,
432583,欢迎来到驹田蒸馏所,駒田蒸留所へようこそ,,,剧场版,6.5,9,36.018727,138.272816,https://w.junreimap.com/images/bangumi/432583.jpg,
47764,足球小将GOAL!,キャプテン翼,,,TV,7,2,0,0,https://bgm-api.anitabi.cn/img/pic/cover/l/e5/cd/47764_sWoD9.jpg,
290,Fate/stay night,Fate/stay night,,,TV,7.1,2,0,0,http://bgm-api.anitabi.cn/pic/cover/l/f9/0f/290_6Qi5Q.jpg,
911,,Fate/hollow ataraxia,,,游戏,7.8,1,0,0,http://bgm-api.anitabi.cn/pic/cover/l/b5/6a/911_9ZJq2.jpg,
10639,Fate/Zero,Fate/Zero,,日本,TV,8.1,13,34.693712,135.190261,https://w.junreimap.com/images/bangumi/10639.jpg,124
935,,Fate/stay night,,,游戏,8.3,3,34.701781,135.192079,http://bgm-api.anitabi.cn/pic/cover/l/e8/20/935_dOCPc.jpg,
512361,呼唤少女,呼唤少女,,广东省,WEB,0,12,23.116745,113.253724,https://w.junreimap.com/images/bangumi/512361.jpg,783291
431767,哭泣少女乐队,ガールズバンドクライ,GIRLS BAND CRY,川崎市,TV,7.6,691,35.530444,139.698235,https://w.junreimap.com/images/bangumi/431767.jpg,4228
470660,剧场版 链锯人 蕾塞篇,劇場版 チェンソーマン レゼ篇,,,剧场版,8.3,7,0,0,http://bgm-api.anitabi.cn/pic/cover/l/e0/d8/470660_2JZaq.jpg,
9605,我的女神 缤纷之翼,ああっ女神さまっ それぞれの翼,,,TV,7.3,1,0,0,https://bgm-api.anitabi.cn/img/pic/cover/l/21/7d/9605_LpnL0.jpg,
216371,莉兹与青鸟,リズと青い鳥,Liz and the Blue Bird / Liz und ein Blauer Vogel,宇治市,剧场版,8.5,13,34.908512,135.815359,https://w.junreimap.com/images/bangumi/216371.jpg,660
664369,,LONA,,兵庫県,TV,0,1,0,0,https://w.junreimap.com/images/bangumi/664369.jpg,
408209,阴角辣妹也要享受青春！,陰キャギャルでもイキがりたい！,,東京都,漫画系列,7.1,15,35.660969,139.668061,https://bgm-api.anitabi.cn/img/pic/cover/l/e2/ec/408209_9l105.jpg,
373779,我的初恋对象与人接吻了,私の初恋相手がキスしてた,,神奈川县,小说,7.5,14,35.332164,139.536219,https://w.junreimap.com/images/bangumi/373779.jpg,
235128,JOJO的奇妙冒险 黄金之风,ジョジョの奇妙な冒険 黄金の風,JoJo's Bizarre Adventure: Golden Wind,海外,TV,8,17,40.751143,14.496956,https://w.junreimap.com/images/bangumi/235128.jpg,491510
402654,,GINKA,,,游戏,5.8,1,0,0,https://bgm-api.anitabi.cn/img/pic/cover/l/19/43/402654_uo8T1.jpg,
255209,二十世纪电气目录,二十世紀電氣目録,,京都市,TV,8.3,6,34.985667,135.763943,https://w.junreimap.com/images/bangumi/255209_gct9zks.jpg,1003
510010,,as:9-nine- ARTEISIA,,,游戏,4.9,1,0,0,https://w.junreimap.com/images/bangumi/510010.jpg,
3428,爆漫王 / 食梦者,バクマン。,,东京都,TV,8,338,35.765496,139.737425,https://w.junreimap.com/images/bangumi/3428.jpg,1385
503983,异环,NTE,Neverness to Everness,,游戏,5.5,2,0,0,https://w.junreimap.com/images/bangumi/503983.jpg,
69214,我不受欢迎，怎么想都是你们的错！,私がモテないのはどう考えてもお前らが悪い!,,,TV,6.9,5,35.691008,140.020752,https://w.junreimap.com/images/bangumi/69214.jpg,
336489,谁叫她今天不在身边,今日はカノジョがいないから,,日本,漫画系列,7.5,9,0,0,https://bgm-api.anitabi.cn/img/pic/cover/l/ed/7f/336489_ybgjG.jpg,
349330,用锅子挡子弹的同时,鍋に弾丸を受けながら,,海外,漫画系列,6.9,8,23.538708,-106.226764,https://bgm-api.anitabi.cn/img/pic/cover/l/ad/c9/349330_55xvZ.jpg,
208146,五等分的新娘,五等分の花嫁,The Quintessential Quintuplets,東海市,漫画系列,6.6,586,35.002789,136.898611,https://w.junreimap.com/images/bangumi/208146.jpg,2382
394260,我心里危险的东西,僕の心のヤバイやつ,,目黑区,TV,7.8,29,35.637533,139.754159,https://w.junreimap.com/images/bangumi/394260.jpg,1963
228444,夏日重现,サマータイムレンダ,Summer Time Rendering (manga),和歌山市,漫画系列,8,36,34.253239,135.063518,https://w.junreimap.com/images/bangumi/228444.jpg,41274
326895,夏日重现,サマータイムレンダ,Summer Time Rendering,和歌山市,TV,8.2,22,34.315154,134.678582,https://w.junreimap.com/images/bangumi/326895.jpg,70211
624186,小金井庄与金色的扬羽蝶,小金井荘と金色の揚羽蝶,,鎌倉市,游戏,0,15,35.306143,139.516743,https://w.junreimap.com/images/bangumi/624186.jpg,1825
494341,无口的柏田小姐与元气的太田君plus,顔に出ない柏田さんと顔に出る太田君+,,,漫画系列,7.2,1,0,0,https://bgm-api.anitabi.cn/img/pic/cover/l/00/75/494341_KdwhE.jpg,
1606,凉宫春日的忧郁 2009,涼宮ハルヒの憂鬱,The Melancholy of Haruhi Suzumiya (2009),西宫市,TV,8,100,34.744847,135.3316,https://w.junreimap.com/images/bangumi/1606.jpg,1455
56116,稻荷恋之歌,いなり、こんこん、恋いろは。,"Inari, Konkon, Koi Iroha.",京都市,TV,6.7,41,34.967948,135.772583,https://w.junreimap.com/images/bangumi/56116.jpg,6645
51705,Muv-Luv Alternative Total Eclipse,マブラヴ オルタネイティヴ トータル・イクリプス,Muv-Luv Alternative Total Eclipse,,游戏,7.8,8,34.997465,135.740336,https://w.junreimap.com/images/bangumi/51705.jpg,2140
431370,缘结甘神家,甘神さんちの縁結び,Tying the Knot with an Amagami Sister,京都市,TV,5.8,39,34.999429,135.78271,https://w.junreimap.com/images/bangumi/431370.jpg,1616
193042,有顶天家族 第二季,有頂天家族2,The Eccentric Family 2,京都市,TV,7.8,163,35.020009,135.792863,http://bgm-api.anitabi.cn/pic/cover/l/0d/e4/193042_So0pa.jpg,
68035,有顶天家族,有頂天家族,The Eccentric Family,京都市,TV,7.9,125,35.016551,135.737646,https://w.junreimap.com/images/bangumi/68035.jpg,4114
2973,名侦探柯南 迷宫的十字路口,名探偵コナン 迷宮の十字路,Detective Conan: Crossroad in the Ancient Capital,京都市,剧场版,7.3,32,35.039778,135.783312,https://w.junreimap.com/images/bangumi/2973.jpg,1656
216372,吹响吧！上低音号～誓言的终章～,劇場版 響け！ユーフォニアム～誓いのフィナーレ～,Sound! Euphonium: The Movie – Our Promise: A Brand New Day,宇治市,剧场版,8.1,265,34.89811,135.807409,https://w.junreimap.com/images/bangumi/216372.jpg,782
386195,吹响吧！上低音号～合奏比赛～特别篇,特別編 響け！ユーフォニアム～アンサンブルコンテスト～,Tokubetsuhen Sound! Euphonium ~Ensemble Contest~,宇治市,剧场版,7.6,16,34.906178,135.809895,https://w.junreimap.com/images/bangumi/386195.jpg,1717
286132,巴加的工作室 ～巴加眼中的海洋～,バジャのスタジオ ～バジャのみた海～,Baja's Studio - Baja and the Sea -,宇治市,OVA,7.6,5,34.92471,135.798665,https://w.junreimap.com/images/bangumi/286132.jpg,2406
484023,有故事的宇治,うじには物語がある,Uji ni wa Monogatari ga Aru,宇治市,WEB,6.2,70,34.891193,135.806085,https://w.junreimap.com/images/bangumi/484023_v7qvoa9mi.jpg,9296
1424,轻音少女,けいおん！,K-ON!,京都市,TV,8,214,34.986127,135.734367,https://w.junreimap.com/images/bangumi/1424.jpg,1423
121488,抬头看看吧，看那天上的繁星,見上げてごらん、夜空の星を,,,游戏,7.4,8,0,0,https://w.junreimap.com/images/bangumi/121488_ay8p5aw.jpg,
645903,阿索拉：星之祈愿,アストラエ・オラティオ,Astrae Oratio,東京都,游戏,0,2,0,0,https://bgm-api.anitabi.cn/img/pic/cover/l/80/be/645903_lh9HI.jpg,
159690,魔法纪录 魔法少女小圆外传,マギアレコード 魔法少女まどか☆マギカ外伝,Magia Record: Puella Magi Madoka Magica Side Story,,TV,6.6,3,39.157113,117.158119,https://w.junreimap.com/images/bangumi/159690.jpg,114545
292902,弹珠汽水瓶里的千岁同学,千歳くんはラムネ瓶のなか,Chitose Is in the Ramune Bottle (Light Novel),福井市,小说系列,7.2,149,36.075648,136.233719,http://bgm-api.anitabi.cn/pic/cover/l/78/8a/292902_97Zf3.jpg,
507634,弹珠汽水瓶里的千岁同学,千歳くんはラムネ瓶のなか,Chitose Is in the Ramune Bottle,福井市,TV,6.8,201,0,0,http://bgm-api.anitabi.cn/pic/cover/l/7a/e8/507634_8bPoR.jpg,
99505,玻璃之唇,グラスリップ,GLASSLIP,坂井市,TV,5.2,35,36.215695,136.149613,https://w.junreimap.com/images/bangumi/99505.jpg,380131
248208,飞翔吧！战机少女,ガーリー・エアフォース,Girly Air Force,小松市,TV,5.5,20,36.401707,136.439118,https://w.junreimap.com/images/bangumi/248208.jpg,27745
293049,辉夜大小姐想让我告白？～天才们的恋爱头脑战～,かぐや様は告らせたい？～天才たちの恋愛頭脳戦～,,,TV,7.9,1,0,0,https://w.junreimap.com/images/bangumi/293049.jpg,
995,欢迎加入NHK！,N・H・Kにようこそ！,,,TV,8.2,103,35.567648,139.631869,https://w.junreimap.com/images/bangumi/995.jpg,20525
278949,女神异闻录5 皇家版,ペルソナ5 ザ・ロイヤル,Persona 5 Royal,东京都,游戏,8.5,52,35.646944,139.672524,https://w.junreimap.com/images/bangumi/278949.jpg,1045
448655,大室家 亲爱的姐妹们,大室家 dear sisters,,高冈市,剧场版,7.5,36,0,0,http://bgm-api.anitabi.cn/pic/cover/l/17/1e/448655_z11A1.jpg,
315727,,铁道少女：梦想轨迹,Railway To Dream,江苏省,游戏,6.6,11,32.028977,118.808918,https://w.junreimap.com/images/bangumi/315727.jpg,252570
300648,蔚蓝档案,Blue Archive,,,游戏,7.3,31,35.678321,139.855328,http://bgm-api.anitabi.cn/pic/cover/l/4a/27/300648_Hfr75.jpg,
14772,跳跃大搜查线,踊る大捜査線,,东京都,日剧,8.6,91,35.634862,139.805606,https://w.junreimap.com/images/bangumi/14772.jpg,1049
604105,,Z.A.T.O. // I Love the World and Everything In It,,欧洲,游戏,7.6,8,67.505603,64.366352,http://bgm-api.anitabi.cn/pic/cover/l/9e/95/604105_Q5wRi.jpg,
398943,女神咖啡厅,女神のカフェテラス,,神奈川县,TV,5.9,21,35.185215,139.648354,https://w.junreimap.com/images/bangumi/398943.jpg,19023
100040,天体的秩序,天体のメソッド,,北海道伊达市,TV,6.6,90,42.592896,140.856836,https://w.junreimap.com/images/bangumi/100040.jpg,30915
788,NOIR,ノワール,,,TV,7.2,4,25.03689,121.517214,https://w.junreimap.com/images/bangumi/788.jpg,294200
54433,我的青春恋爱物语果然有问题,やはり俺の青春ラブコメはまちがっている。,,千叶市,TV,7.5,62,35.621456,140.069686,https://w.junreimap.com/images/bangumi/54433.jpg,7030
277954,我的青春恋爱物语果然有问题 完,やはり俺の青春ラブコメはまちがっている。完,,千叶市,TV,6.6,69,35.626733,139.810412,https://w.junreimap.com/images/bangumi/277954.jpg,2976
309316,五等分的新娘 五子没办法将拼图五等分,五等分の花嫁 五つ子ちゃんはパズルを五等分できない。,The Quintessential Quintuplets: The Quintuplets Can't Divide the Puzzle Into Five Equal Parts,横浜市,游戏,8,13,35.453375,139.637823,https://w.junreimap.com/images/bangumi/309316.jpg,677
427317,五等分的新娘 ~与她许下的五个约定~,五等分の花嫁  ~彼女と交わす五つの約束~,The Quintessential Quintuplets - Five Promises Made With Her,港区,游戏,6,106,35.627866,139.771267,https://w.junreimap.com/images/bangumi/427317.jpg,2592
395352,电影 五等分的新娘 ~和你度过的五个回忆~,映画「五等分の花嫁」 ~君と過ごした五つの思い出~,The Quintessential Quintuplets - Five Memories Spent With You,恩納村,游戏,7.5,113,26.512183,127.868855,https://w.junreimap.com/images/bangumi/395352.jpg,20864
331369,五等分的新娘∬ ～夏日回忆也五等分～,五等分の花嫁∬ ～夏の思い出も五等分～,The Quintessential Quintuplets - Memories of a Quintessential Summer,東海市,游戏,6.6,9,35.150203,136.924198,https://w.junreimap.com/images/bangumi/331369.jpg,2319
523964,舞台剧「五等分的新娘」,舞台「五等分の花嫁」,STAGE「The Quintessential Quintuplets」,東海市,演出,9.5,6,34.66914,135.202784,https://w.junreimap.com/images/bangumi/523964.jpg,11609
524263,五等分的新娘【春夏秋冬】,五等分の花嫁【春夏秋冬】,The Quintessential Quintuplets Spring Summer Fall Winter,名古屋市,小说,0,21,35.135057,136.90981,https://w.junreimap.com/images/bangumi/524263_u3ew8w2k0.jpg,5836
492352,五等分的新娘＊,五等分の花嫁＊,The Quintessential Quintuplets＊,美国,TV,7.7,72,21.277279,-157.829023,https://w.junreimap.com/images/bangumi/492352.jpg,18574898
256114,五等分的新娘,五等分の花嫁,The Quintessential Quintuplets,東海市,TV,5.9,54,35.021873,136.888802,https://w.junreimap.com/images/bangumi/256114.jpg,7562
442615,电影 Love Live! 虹咲学园校园偶像同好会 完结篇 第2章,映画 ラブライブ！虹ヶ咲学園スクールアイドル同好会 完結編 第2章,,日本,剧场版,7.3,114,0,0,http://bgm-api.anitabi.cn/pic/cover/l/2f/bb/442615_ElcsS.jpg,
102134,我的青春恋爱物语果然有问题 续,やはり俺の青春ラブコメはまちがっている。続,My Teen Romantic Comedy SNAFU 2,京都市,TV,7.4,202,35.480766,139.92417,https://w.junreimap.com/images/bangumi/102134.jpg,7861
148361,熊巫女,くまみこ,,日本,TV,5.9,6,38.263286,140.868033,https://w.junreimap.com/images/bangumi/148361.jpg,567
235130,碧蓝之海,ぐらんぶる,Grand Blue,,TV,7.6,15,24.795028,125.324818,https://w.junreimap.com/images/bangumi/235130.jpg,250599
531159,时光流逝，饭菜依旧美味,日々は過ぎれど飯うまし,Food for the Soul,八王子市,TV,0,355,35.629556,139.259263,https://w.junreimap.com/images/bangumi/531159.jpg,18911
283367,,エルマ,,欧洲,其他,8.2,21,57.559504,16.188098,http://bgm-api.anitabi.cn/pic/cover/l/c2/07/283367_lG7eZ.jpg,
661734,地元最高！,地元最高！,,大阪市,WEB,0,4,0,0,https://bgm-api.anitabi.cn/img/pic/cover/l/7e/0e/661734_Sg50u.jpg,
98330,,高考恋爱100天,Gaokao Love 100Days,湖北省,游戏,6.7,8,30.50461,114.338771,https://w.junreimap.com/images/bangumi/98330.jpg,2502624
537722,复制品的我也会谈恋爱。,レプリカだって、恋をする。,,静冈市,TV,6.1,17,35.126395,138.471236,http://bgm-api.anitabi.cn/pic/cover/l/6a/a4/537722_4SIF6.jpg,
306429,成神之日,神様になった日,Kamisama ni Natta hi,山梨市,TV,4.2,11,35.657131,138.718787,https://w.junreimap.com/images/bangumi/306429.jpg,15380
520842,对我垂涎欲滴的非人少女,私を喰べたい、ひとでなし,This Monster Wants to Eat Me,伊予市,TV,5,267,33.758512,132.697302,https://w.junreimap.com/images/bangumi/520842.jpg,53492
18294,歌牌情缘,ちはやふる,Chihayafuru,大津市,TV,8.1,16,35.032882,135.852455,https://w.junreimap.com/images/bangumi/18294.jpg,3821
346429,,白色闪电,White Lightning,浙江省,WEB,6.5,22,30.237453,120.21174,https://w.junreimap.com/images/bangumi/346429.jpg,180108
328674,夏日幽灵,サマーゴースト,Summer Ghost,,剧场版,6.7,7,34.815247,135.532822,https://w.junreimap.com/images/bangumi/328674.jpg,13099
362335,古立特宇宙,グリッドマン ユニバース,GRIDMAN UNIVERSE,,剧场版,7.8,26,0,0,http://bgm-api.anitabi.cn/pic/cover/l/76/b8/362335_VhtRE.jpg,
320871,,流浪地球2,The Wandering Earth Ⅱ,海外,电影,8,11,39.911665,116.454179,https://w.junreimap.com/images/bangumi/320871.jpg,800426
253047,联盟空军航空魔法音乐队 光辉魔女,連盟空軍航空魔法音楽隊 ルミナスウィッチーズ,Luminous Witches,海外,TV,6.8,16,51.500892,-0.176368,https://w.junreimap.com/images/bangumi/253047.jpg,242712
484623,彻夜之歌 第二季,よふかしのうた Season 2,CALL OF THE NIGHT Season 2,埼玉市,TV,7.6,134,0,0,http://bgm-api.anitabi.cn/pic/cover/l/15/5f/484623_6EWej.jpg,
82389,幸运草的约定,Clover Day's,,横滨市,游戏,0,21,35.44475,139.639795,https://w.junreimap.com/images/bangumi/82389.jpg,6271
215618,剧场版 悠哉日常大王 Vacation,劇場版 のんのんびより ばけーしょん,Non Non Biyori Vacation,石垣市,剧场版,8,17,24.36515,124.12194,https://w.junreimap.com/images/bangumi/215618.jpg,141790
361988,章鱼噼的原罪,タコピーの原罪,Takopi's Original Sin,北海道,漫画系列,6.7,3,41.882856,140.739336,https://w.junreimap.com/images/bangumi/361988.jpg,11740
527620,章鱼哔的原罪,タコピーの原罪,Takopi's Original Sin,北海道,WEB,7.6,21,0,0,https://w.junreimap.com/images/bangumi/527620.jpg,
213076,如果有妹妹就好了。,妹さえいればいい。,Imouto sae ireba ii,北海道,TV,6.6,9,42.892598,141.486885,https://w.junreimap.com/images/bangumi/213076.jpg,23288
85631,JOJO的奇妙冒险 星尘斗士,ジョジョの奇妙な冒険 スターダストクルセイダース,JoJo's Bizarre Adventure Part 3: Stardust Crusaders,海外,TV,8,24,30.043749,31.229784,https://w.junreimap.com/images/bangumi/85631.jpg,3320772
325281,白沙的水族馆,白い砂のアクアトープ,The Aquatope on White Sand,南城市,TV,6.7,75,26.145244,127.794326,https://w.junreimap.com/images/bangumi/325281.jpg,26836
217249,漫画女孩,こみっくがーるず,Comic Girls,白河市,TV,7.1,57,37.090111,140.21332,https://w.junreimap.com/images/bangumi/217249.jpg,38237
404115,星灵感应,星屑テレパス,,静冈市,TV,6.9,14,34.963578,138.48732,https://w.junreimap.com/images/bangumi/404115.jpg,5781
284524,犬王,犬王,Inu-ou,京都市,剧场版,7.7,26,35.030711,135.759837,https://w.junreimap.com/images/bangumi/284524.jpg,807
313495,黑神话：悟空,黑神话：悟空,Black Myth: Wukong,中国,游戏,7.1,25,35.546425,112.936932,https://w.junreimap.com/images/bangumi/313495.jpg,573130
243429,机动战士高达 闪光的哈萨维,機動戦士ガンダム 閃光のハサウェイ,Mobile Suit Gundam Hathaway,海外,剧场版,7.9,5,7.103577,125.5919,https://w.junreimap.com/images/bangumi/243429.jpg,1826561
242216,剧场版 紫罗兰永恒花园,劇場版 ヴァイオレット・エヴァーガーデン,Violet Evergarden: The Movie,海外,剧场版,7.6,3,36.627519,24.901689,https://w.junreimap.com/images/bangumi/242216.jpg,1013637
7157,缘之空,ヨスガノソラ,Yosuga no Sora,足利市,游戏,6.5,25,36.364616,139.494498,https://w.junreimap.com/images/bangumi/7157.jpg,33845
274234,小林家的龙女仆S,小林さんちのメイドラゴンS,Kobayashi-san Chi no Maid Dragon S,海外,TV,7.6,35,40.723038,-74.008781,https://w.junreimap.com/images/bangumi/274234.jpg,5419490
179949,小林家的龙女仆,小林さんちのメイドラゴン,Kobayashi-san Chi no Maid Dragon,东京都,TV,7.4,56,35.745195,139.803972,https://w.junreimap.com/images/bangumi/179949.jpg,1532
305059,剧场版 BanG Dream! Poppin'Dream！,BanG Dream! ぽっぴん'どりーむ！,BanG Dream! Poppin'Dream！,关岛,剧场版,7,9,13.455107,144.726629,https://w.junreimap.com/images/bangumi/305059.jpg,2348752
9588,金田一少年事件簿,金田一少年の事件簿,Kindaichi Case Files,,TV,7.8,4,31.239254,121.488138,https://w.junreimap.com/images/bangumi/9588.jpg,797759
599997,二人巴士,ふたりバス,Futari Bus,京丹波町,漫画系列,7.5,28,35.208626,135.393454,http://bgm-api.anitabi.cn/pic/cover/l/a8/e7/599997_BMcs8.jpg,
429644,名侦探柯南：百万美元的五棱星,名探偵コナン 100万ドルの五稜星,Detective Conan: The Million-dollar Pentagram,函館市,剧场版,6,59,41.777119,140.741646,https://w.junreimap.com/images/bangumi/429644.jpg,157295
409088,世界巨星,ワールドダイスター,World Dai Star,日本,TV,6.8,7,41.084979,141.24851,https://w.junreimap.com/images/bangumi/409088.jpg,95226
628097,,Dou-Da? DOING! / REGAIN AGAIN LLLLOVE,,,其他,0,3,0,0,https://w.junreimap.com/images/bangumi/628097_fvqb9cq.jpg,
430699,金牌得主,メダリスト,,名古屋市,TV,6.8,111,35.136966,136.902784,https://w.junreimap.com/images/bangumi/430699.jpg,809
95225,命运守护夜 无限剑制,Fate/stay night [Unlimited Blade Works],,东京都,TV,7.5,67,35.447474,139.803929,https://w.junreimap.com/images/bangumi/95225.jpg,23296
109158,由梦想与色彩编织而成,夢と色でできている,,神户市,游戏,0,7,34.668159,135.152911,https://w.junreimap.com/images/bangumi/109158_7bfu3uk.jpg,4248
504678,摇滚乃是淑女的爱好,ロックは淑女の嗜みでして,,,TV,6.5,5,0,0,http://bgm-api.anitabi.cn/pic/cover/l/c4/b5/504678_iCezc.jpg,
512190,琉璃的宝石,瑠璃の宝石,Ruri Rocks,日本,TV,8,17,36.424112,139.349419,https://w.junreimap.com/images/bangumi/512190.jpg,17406
576623,拆迁地球及爱情事故,拆迁地球及爱情事故,Is The Vat Utopia or Dystopia?,福建省,游戏,9,5,0,0,https://w.junreimap.com/images/bangumi/576623_fph877h.jpg,
144843,高校舰队,ハイスクール・フリート,High School Fleet,横须贺市,TV,6.9,19,35.25505,139.663743,https://w.junreimap.com/images/bangumi/144843.jpg,7938
489499,名侦探柯南 独眼的残像,名探偵コナン 隻眼の残像,,长野县,剧场版,6.5,24,0,0,http://bgm-api.anitabi.cn/pic/cover/l/7a/46/489499_fw036.jpg,
127573,摇曳百合 3☆High!,ゆるゆり さん☆ハイ！,,富山县,TV,7.6,70,0,0,http://bgm-api.anitabi.cn/pic/cover/l/3e/f2/127573_HfPRJ.jpg,
325638,新干线变形机器人Z,新幹線変形ロボ シンカリオンＺ,,,TV,6.2,1,0,0,https://bgm-api.anitabi.cn/img/pic/cover/l/99/4a/325638_CARan.jpg,
305,魔女宅急便,魔女の宅急便,Kiki's Delivery Service,,剧场版,7.7,6,57.634559,18.294854,https://w.junreimap.com/images/bangumi/305.jpg,
345980,四叠半时光机布鲁斯,四畳半タイムマシンブルース,,京都市,WEB,7.6,14,35.028298,135.766692,https://w.junreimap.com/images/bangumi/345980.jpg,641
221107,里世界郊游,裏世界ピクニック,,埼玉县,小说系列,7.7,7,0,0,https://bgm-api.anitabi.cn/img/pic/cover/l/b1/7b/221107_4r5TP.jpg,
544004,风雨来记5,風雨来記5,,,游戏,7.6,3,0,0,https://bgm-api.anitabi.cn/img/pic/cover/l/a3/5d/544004_jvDRj.jpg,
323735,风雨来记4,風雨来記4,,,游戏,7.9,2,0,0,https://bgm-api.anitabi.cn/img/pic/cover/l/4b/2f/323735_8E2N1.jpg,
285813,大欺诈师,GREAT PRETENDER,,,TV,7.2,4,0,0,https://bgm-api.anitabi.cn/img/pic/cover/l/96/1a/285813_mpzM4.jpg,
899,名侦探柯南,名探偵コナン,Detective Conan,日本,TV,7.6,132,34.961734,135.072091,https://w.junreimap.com/images/bangumi/899.jpg,
194343,月影之幻像,月影のシミュラクル,,,游戏,6.7,1,0,0,https://bgm-api.anitabi.cn/img/pic/cover/l/af/e1/194343_91Jrj.jpg,
84495,航迹云的彼方,ひこうき雲の向こう側,,,游戏,7.5,3,0,0,https://bgm-api.anitabi.cn/img/pic/cover/l/42/b9/84495_96nzh.jpg,
491519,,Friend to Lover ～フレラバ～,,,游戏,8.2,3,0,0,http://bgm-api.anitabi.cn/pic/cover/l/0c/f6/491519_KG9gB.jpg,
386809,我推的孩子,【推しの子】,,东京都,TV,7.5,69,34.632522,136.381212,https://w.junreimap.com/images/bangumi/386809.jpg,
460306,青之箱,アオのハコ,,日本,TV,7.9,107,35.716283,139.718229,https://w.junreimap.com/images/bangumi/460306.jpg,3398
82401,青之炎,青の炎,,,电影,7.8,8,0,0,http://bgm-api.anitabi.cn/pic/cover/l/9a/6a/82401_O2Oqi.jpg,
28900,摇曳百合♪♪,ゆるゆり♪♪,,,TV,7.7,19,0,0,http://bgm-api.anitabi.cn/pic/cover/l/f2/9f/28900_PB3pC.jpg,
14588,摇曳百合,ゆるゆり,,富山县,TV,7.6,29,36.754066,137.025712,https://w.junreimap.com/images/bangumi/14588.jpg,
146994,粗点心战争,だがしかし,,千叶县,TV,6.6,23,35.202478,139.846937,https://w.junreimap.com/images/bangumi/146994.jpg,5584
562430,能帮我弄干净吗？,綺麗にしてもらえますか。,,热海市,TV,10,135,0,0,http://bgm-api.anitabi.cn/pic/cover/l/49/a0/562430_8dO8T.jpg,
441795,我心里危险的东西 2期,僕の心のヤバイやつ 第2期,,目黑区,TV,8.3,31,34.96814,135.777874,https://w.junreimap.com/images/bangumi/441795.jpg,588
23161,伪物语,偽物語,,,TV,7.8,15,0,0,http://bgm-api.anitabi.cn/pic/cover/l/8e/28/23161_y2AEb.jpg,
2121,纯情房东俏房客,ラブひな,,,TV,7.1,3,0,0,http://bgm-api.anitabi.cn/pic/cover/l/02/b1/2121_Et74Z.jpg,
227240,新干线变形机器人,新幹線変形ロボ シンカリオン,,,TV,7.7,5,0,0,http://bgm-api.anitabi.cn/pic/cover/l/9e/8a/227240_6ee3O.jpg,
525537,御手洗洁的问候,御手洗潔の挨拶,,,小说,4.3,1,0,0,http://bgm-api.anitabi.cn/pic/cover/l/e7/b9/525537_JQ2Xq.jpg,
169070,,御手洗潔と進々堂珈琲,,,小说,7.5,1,0,0,http://bgm-api.anitabi.cn/pic/cover/l/07/ec/169070_jp.jpg,
45929,人偶馆事件,人形館の殺人,,,小说,4.6,5,0,0,http://bgm-api.anitabi.cn/pic/cover/l/2d/4c/45929_jp.jpg,
149496,舞萌,maimai,,东京都,游戏,7.8,50,35.552015,139.740967,https://w.junreimap.com/images/bangumi/149496_53r58j2.jpg,1841
338969,雨夜之月,雨夜の月,,岩手县,漫画系列,7.8,50,39.759615,141.175681,https://bgm-api.anitabi.cn/img/pic/cover/l/2a/9a/338969_ZVL8v.jpg,
4829,萝莉的时间 OAD,こどものじかん OAD,,,OVA,6.7,1,0,0,https://w.junreimap.com/images/bangumi/4829_f57s9ld.jpg,
340294,月付房租 带院子带房东,毎月庭つき大家つき,,埼玉县,漫画系列,7.3,17,35.923307,139.485724,http://bgm-api.anitabi.cn/pic/cover/l/e4/85/340294_rEqeE.jpg,
604826,超时空辉夜姬！,超かぐや姫！,,立川市,WEB,7.1,58,35.707638,139.42773,https://w.junreimap.com/images/bangumi/604826.jpg,6689
2482,萝莉的时间,こどものじかん,,,TV,6.7,5,0,0,https://w.junreimap.com/images/bangumi/2482_f57ihot.jpg,
294337,本田小狼与我,スーパーカブ,,山梨县,TV,6.5,124,35.722777,138.46024,https://w.junreimap.com/images/bangumi/294337.jpg,13654
277134,黑暗集会,ダークギャザリング,,日本,漫画系列,7.6,146,35.474464,136.628716,http://bgm-api.anitabi.cn/pic/cover/l/d1/65/277134_yrhyr.jpg,
226956,,SeaBed,,神户市,游戏,8.5,66,6.19643,134.099687,https://w.junreimap.com/images/bangumi/226956.jpg,
37673,机器人笔记,ROBOTICS;NOTES,ROBOTICS;NOTES,西之表市,TV,6.8,38,30.527272,131.023585,https://w.junreimap.com/images/bangumi/37673.jpg,339190
551918,JOJO的奇妙冒险 飙马野郎,スティール・ボール・ラン ジョジョの奇妙な冒険,Steel Ball Run JoJo's Bizarre Adventure,北美洲,TV,7.7,58,0,0,http://bgm-api.anitabi.cn/pic/cover/l/31/06/551918_xZf5d.jpg,
440141,女神异闻录3 Reload,ペルソナ3 リロード,Persona 3 Reload,日本,游戏,7.9,15,0,0,https://w.junreimap.com/images/bangumi/440141.jpg,
4216,圣母在上 第3季,マリア様がみてる 3rdシーズン,,,OVA,7.9,1,0,0,http://bgm-api.anitabi.cn/pic/cover/l/bd/85/4216_qvJdp.jpg,
323154,Happy live show up!,ハッピーライヴ ショウアップ！,,海外,游戏,0,5,0,0,https://w.junreimap.com/images/bangumi/323154_uzuzt7fjs.jpg,
420817,毁掉一切地狱再爱,ぜんぶ壊して地獄で愛して,,狭山市,漫画系列,6.5,13,35.864754,139.405047,http://bgm-api.anitabi.cn/pic/cover/l/d1/0d/420817_2HxHw.jpg,
252655,佐贺偶像是传奇,ゾンビランドサガ,,佐贺县,TV,7.9,101,33.283851,130.116254,https://w.junreimap.com/images/bangumi/252655.jpg,12519
287488,佐贺偶像是传奇 复仇,ゾンビランドサガ リベンジ,,佐贺县,TV,7.7,48,33.372977,130.185367,https://w.junreimap.com/images/bangumi/287488.jpg,35451
208559,碧蓝航线,碧蓝航线,,,游戏,6.6,111,0,0,http://bgm-api.anitabi.cn/pic/cover/l/56/33/208559_6jzc1.jpg,
349441,机动战士高达 水星的魔女,機動戦士ガンダム 水星の魔女,,,TV,7.3,3,0,0,https://w.junreimap.com/images/bangumi/349441.jpg,
448682,,饿殍：明末千里行,,河南省,游戏,6.9,5,34.555303,111.647304,https://w.junreimap.com/images/bangumi/448682.jpg,
397808,不死不幸,アンデッドアンラック,,,TV,6.5,28,0,0,https://w.junreimap.com/images/bangumi/397808.jpg,
259877,闪电十一人 俄里翁的刻印,イナズマイレブン オリオンの刻印,,,TV,3.8,1,0,0,http://bgm-api.anitabi.cn/pic/cover/l/11/3e/259877_mhm0v.jpg,
297022,忧国的莫里亚蒂,憂国のモリアーティ,Moriarty the Patriot,,TV,6.6,3,51.381025,-2.359673,https://w.junreimap.com/images/bangumi/297022.jpg,288746
23686,刀剑神域,ソードアート・オンライン,Sword Art Online,东京都,TV,7.2,1,35.587524,139.688657,https://w.junreimap.com/images/bangumi/23686.jpg,
85338,无畏魔女,ブレイブウィッチーズ,,欧洲,TV,6.4,20,60.139797,25.023701,https://w.junreimap.com/images/bangumi/85338.jpg,
2354,DARKER THAN BLACK -流星的双子-,DARKER THAN BLACK -流星の双子-,,,TV,7.4,2,0,0,http://bgm-api.anitabi.cn/pic/cover/l/d2/54/2354_6QmTz.jpg,
332649,漂流少年,Sonny Boy -サニーボーイ-,,,TV,7.7,4,35.322917,139.283978,https://w.junreimap.com/images/bangumi/332649.jpg,
63130,Code Geass 亡国的阿基德 第二章「翼龙折翅」,コードギアス 亡国のアキト 第2章「引き裂かれし翼竜」,,,剧场版,6.3,1,0,0,http://bgm-api.anitabi.cn/pic/cover/l/eb/9f/63130_b2700.jpg,
20799,爱杀宝贝,キルミーベイベー,,,TV,7.1,1,0,0,http://bgm-api.anitabi.cn/pic/cover/l/66/c2/20799_f93pe.jpg,
106693,学园孤岛,がっこうぐらし！,,,TV,6.9,1,35.41582,139.636325,https://w.junreimap.com/images/bangumi/106693.jpg,
150490,JOJO的奇妙冒险 不灭钻石,ジョジョの奇妙な冒険 ダイヤモンドは砕けない,,,TV,7.8,18,0,0,http://bgm-api.anitabi.cn/pic/cover/l/d0/d5/150490_oAq4l.jpg,
281281,女神异闻录5 乱战：魅影攻手,ペルソナ5 スクランブル ザ・ファントムストライカーズ,Persona 5 Strikers,,游戏,7.3,107,0,0,http://bgm-api.anitabi.cn/pic/cover/l/7d/ae/281281_f2Y2T.jpg,
22660,女神异闻录4 黄金版,ペルソナ4 ザ・ゴールデン,Persona 4 Royal,山梨县,游戏,8.5,12,35.61101,139.173106,http://bgm-api.anitabi.cn/pic/cover/l/19/21/22660_4bb11.jpg,
497140,真・三国无双 起源,真・三國無双 ORIGINS,,,游戏,7.8,99,34.039652,115.01861,http://bgm-api.anitabi.cn/pic/cover/l/67/f5/497140_dtxx0.jpg,
221062,女神异闻录5 the Animation,PERSONA5 the Animation,,东京都,TV,6.2,3,35.645726,139.719036,https://w.junreimap.com/images/bangumi/221062.jpg,665
416777,蔚蓝档案 动画版,ブルーアーカイブ The Animation,Blue Archive The Animation,东京都,TV,5.9,17,35.70701,139.669777,https://w.junreimap.com/images/bangumi/416777.jpg,2906
486165,播种之谣,たねつみの歌,,爱知县,游戏,7.6,3,0,0,http://bgm-api.anitabi.cn/pic/cover/l/71/e5/486165_CtccO.jpg,
2667,机动战士Z高达,機動戦士Ζガンダム,,,TV,8.6,1,0,0,http://bgm-api.anitabi.cn/pic/cover/l/97/c8/9622_2P229.jpg,
432932,谷围南亭,谷围南亭,,,WEB,6.6,6,0,0,http://bgm-api.anitabi.cn/pic/cover/l/cd/f1/432932_tFsI8.jpg,
290980,向山进发 Next Summit,ヤマノススメ Next Summit,,饭能市,TV,8.2,130,35.855103,139.328608,https://w.junreimap.com/images/bangumi/290980.jpg,
418367,海滨的鲨鱼女仆,渚のサーメイド,,京丹后市,漫画系列,6,5,0,0,http://bgm-api.anitabi.cn/pic/cover/l/a8/be/418367_20q9t.jpg,
4442,大铁人 地球静止之日,ジャイアントロボ THE ANIMATION -地球が静止する日-,,,OVA,7.3,1,0,0,http://bgm-api.anitabi.cn/pic/cover/l/77/30/4442_cEnDe.jpg,
1894,勇者王GaoGaiGar,勇者王ガオガイガー,,,TV,7.8,1,0,0,http://bgm-api.anitabi.cn/pic/cover/l/5f/a9/1894_u2H0r.jpg,
10417,进化战记,ベターマン,,,TV,6.5,1,0,0,http://bgm-api.anitabi.cn/pic/cover/l/f1/5f/10417_08V64.jpg,
219658,龙王的工作！,りゅうおうのおしごと！,,大阪府,TV,6.3,19,34.69715,135.489081,https://w.junreimap.com/images/bangumi/219658.jpg,906
109328,结城友奈是勇者,結城友奈は勇者である,,观音寺市,TV,7.1,68,34.235651,133.832773,https://w.junreimap.com/images/bangumi/109328.jpg,30083
576121,落语朱音,あかね噺,,,TV,7,3,0,0,http://bgm-api.anitabi.cn/pic/cover/l/71/03/576121_sqqIH.jpg,
276,幸运星,らき☆すた,Lucky Star,埼玉县,TV,8.2,62,35.466891,138.071222,https://w.junreimap.com/images/bangumi/276.jpg,
486,娜娜,NANA－ナナ－,,,TV,8,1,0,0,http://bgm-api.anitabi.cn/pic/cover/l/7d/04/486_821aj.jpg,
208370,续「刀剑乱舞-花丸-」,続『刀剣乱舞-花丸-』,,,TV,6.3,1,0,0,http://bgm-api.anitabi.cn/pic/cover/l/e6/3e/208370_2LT6G.jpg,
362575,通往夏日的隧道再见的出口,夏へのトンネル、さよならの出口,"The Tunnel to Summer, the Exit of Goodbye",千叶县,剧场版,5.9,15,35.152186,139.847818,https://w.junreimap.com/images/bangumi/362575.jpg,20322
37898,我的妹妹哪有这么可爱。二期,俺の妹がこんなに可愛いわけがない。,,千叶市,TV,6.9,35,35.619075,140.094396,https://w.junreimap.com/images/bangumi/37898.jpg,1159
92110,,神奇阿呦,,北京市,TV,6.3,12,39.946592,116.469358,http://bgm-api.anitabi.cn/pic/cover/l/db/e8/92110_p8kZ1.jpg,
14429,寒蝉鸣泣之时 煌,ひぐらしのなく頃に煌,,,OVA,6.7,5,0,0,https://w.junreimap.com/images/bangumi/14429.jpg,
212279,pop子和pipi美的日常,ポプテピピック,,,TV,5.7,1,0,0,http://bgm-api.anitabi.cn/pic/cover/l/37/4a/212279_iG7S3.jpg,
522285,大秽-完全版-,大穢-完全版-,Ooe,,游戏,0,147,0,0,https://w.junreimap.com/images/bangumi/522285_2a30atm.jpg,
3631,东之伊甸 剧场版I The King of Eden,東のエデン 劇場版I The King of Eden,,,剧场版,7.2,7,0,0,http://bgm-api.anitabi.cn/pic/cover/l/fd/4c/3631_ek0pS.jpg,
508146,秒速5厘米,秒速5センチメートル,,,电影,7.2,80,0,0,http://bgm-api.anitabi.cn/pic/cover/l/5f/ad/508146_gEGE5.jpg,
558645,,綺麗事,,练马区,WEB,6.7,54,0,0,https://w.junreimap.com/images/bangumi/558645_3cjkym6.jpg,
443428,我推的孩子 二期,【推しの子】 第2期,,东京都,TV,7.5,30,35.643363,139.788728,https://w.junreimap.com/images/bangumi/443428.jpg,3241
484776,人妻教师被班里的女高中生迷得神魂颠倒的故事,人妻教師が教え子の女子高生にドはまりする話,,镰仓市,小说,7.8,11,35.317642,139.550657,http://bgm-api.anitabi.cn/pic/cover/l/40/47/496833_I41WX.jpg,
282372,安达与岛村,安達としまむら,Adachi and Shimamura,岐阜县,TV,7.3,179,35.444034,136.6924,https://w.junreimap.com/images/bangumi/282372.jpg,4347
259,夏目友人帐,夏目友人帳,Natsume Yuujinchou,人吉市,TV,8,60,32.550856,130.88122,https://w.junreimap.com/images/bangumi/259.jpg,38369
353181,佐贺偶像是传奇 梦想银河乐园,ゾンビランドサガ ゆめぎんがパラダイス,,,剧场版,7.9,27,0,0,http://bgm-api.anitabi.cn/pic/cover/l/65/6e/353181_3ksLx.jpg,
195249,避难所,SHELTER,,,,7.5,4,0,0,http://bgm-api.anitabi.cn/pic/cover/l/a7/39/195249_z2Uuu.jpg,
25370,,DRACU-RIOT!,,大阪市,游戏,0,7,0,0,https://w.junreimap.com/images/bangumi/25370_rl8nqmuqd.jpg,
372010,狼与香辛料 行商邂逅贤狼,狼と香辛料 MERCHANT MEETS THE WISE WOLF,,欧洲,TV,7.5,14,43.768795,11.256424,https://w.junreimap.com/images/bangumi/372010.jpg,220659
246429,BanG Dream! 第二季,BanG Dream! 2nd Season,,东京都,TV,7.3,49,35.678294,139.696462,http://bgm-api.anitabi.cn/pic/cover/l/d9/f3/246429_L8TbT.jpg,
282923,上伊那牡丹，酒醉身姿似百合花般,上伊那ぼたん、酔へる姿は百合の花,,秩父市,漫画系列,7.6,176,37.238036,138.957161,https://w.junreimap.com/images/bangumi/282923.jpg,
975,航海王,ONE PIECE,,,TV,8.3,1,0,0,http://bgm-api.anitabi.cn/pic/cover/l/92/97/975_YKuWd.jpg,
456079,和班上第二可爱的女孩成为朋友,クラスで2番目に可愛い女の子と友だちになった,,,TV,5.8,1,0,0,http://bgm-api.anitabi.cn/pic/cover/l/13/2a/456079_4171E.jpg,
74985,战争雷霆,War Thunder,,,游戏,6.4,11,46.118699,81.876894,https://w.junreimap.com/images/bangumi/74985.jpg,
5418,魔法使之夜,魔法使いの夜,,日本,游戏,8.6,26,35.636562,139.810594,http://bgm-api.anitabi.cn/pic/cover/l/7d/3e/5418_VTRT4.jpg,
92382,刀剑神域Ⅱ,ソードアート・オンラインII,Sword Art Online II,东京都,TV,6.8,49,35.691461,139.755707,https://w.junreimap.com/images/bangumi/92382.jpg,6372
148099,刀剑神域 序列之争,劇場版 ソードアート・オンライン -オーディナル・スケール-,,,剧场版,6.8,89,0,0,http://bgm-api.anitabi.cn/pic/cover/l/a7/db/148099_EPbSE.jpg,
248154,强风吹拂,風が強く吹いている,,世田谷区,TV,8.3,75,35.652886,139.671375,https://w.junreimap.com/images/bangumi/248154.jpg,672
392307,,龙族Ⅲ : 黑月之潮（下）,,,小说,8,7,33.874957,132.707484,https://w.junreimap.com/images/bangumi/392307.jpg,76
74628,伪恋,ニセコイ,,,TV,7.1,14,35.663302,139.755644,http://bgm-api.anitabi.cn/pic/cover/l/98/71/74628_8HHlL.jpg,
270739,舰队Collection 总有一天，在那片海,「艦これ」いつかあの海で,,,TV,5.5,4,0,0,http://bgm-api.anitabi.cn/pic/cover/l/d6/0d/270739_55LdC.jpg,
10440,我们仍未知道那天所看见的花的名字。,あの日見た花の名前を僕達はまだ知らない。,ANOHANA,秩父市,TV,7.7,94,36.002118,139.087573,https://w.junreimap.com/images/bangumi/10440.jpg,1122
202240,春宵苦短，少女前进吧！,夜は短し歩けよ乙女,,京都市,剧场版,8.1,39,35.004276,135.7705,https://w.junreimap.com/images/bangumi/202240.jpg,1320
443930,喜欢的冲绳妹说方言,沖縄で好きになった子が方言すぎてツラすぎる,,宇流麻市,TV,6,72,26.338202,127.939977,https://w.junreimap.com/images/bangumi/443930.jpg,703881
493048,哀鸿：城破十日记,哀鸿：城破十日记,,,游戏,4.1,14,0,0,http://bgm-api.anitabi.cn/pic/cover/l/c9/2b/493048_3ZQqM.jpg,
83869,未确认进行式,未確認で進行形,,郡山市,TV,7,40,37.400477,140.362772,https://w.junreimap.com/images/bangumi/83869.jpg,121725
51,CLANNAD,CLANNAD -クラナド-,CLANNAD,东京都,TV,8.4,137,35.599641,139.466152,https://w.junreimap.com/images/bangumi/51.jpg,5618
404809,末班列车去哪里了？,終末トレインどこへいく？,,饭能市,TV,7.2,45,35.814038,139.468821,https://w.junreimap.com/images/bangumi/404809.jpg,10059
589611,,白线,,,游戏,0,1,0,0,http://bgm-api.anitabi.cn/pic/cover/l/95/69/589611_eWYyk.jpg,
321744,虚忆定格,虚忆定格,,广东省,游戏,6.6,4,0,0,http://bgm-api.anitabi.cn/pic/cover/l/ff/00/321744_YNk7k.jpg,
282000,五等分的新娘∬,五等分の花嫁∬,The Quintessential Quintuplets∬,京都市,TV,6.6,159,34.9864,135.752499,https://w.junreimap.com/images/bangumi/282000.jpg,1826
26825,夏色奇迹,夏色キセキ,,下田市,TV,6.6,40,34.670495,138.950055,https://w.junreimap.com/images/bangumi/26825.jpg,39049
231497,路人女主的养成方法 Fine,冴えない彼女の育てかた Fine,,东京都,剧场版,7.7,23,35.699134,139.738114,https://w.junreimap.com/images/bangumi/231497.jpg,989
382,萤火虫之墓,火垂るの墓,,,剧场版,7.6,17,0,0,http://bgm-api.anitabi.cn/pic/cover/l/4f/6f/382_MjyM2.jpg,
49294,LoveLive!,ラブライブ!,LoveLive!,千代田区,TV,7.1,57,35.676191,139.65031,https://w.junreimap.com/images/bangumi/49294.jpg,
29648,中二病也要谈恋爱！,中二病でも恋がしたい！,"Love, Chunibyo & Other Delusions",大津市,TV,7.3,225,34.978491,135.907115,https://w.junreimap.com/images/bangumi/29648.jpg,743
559564,纸房子,纸房子,,四川省,游戏,6.7,19,29.350234,104.746088,http://bgm-api.anitabi.cn/pic/cover/l/99/53/559564_7rZQO.jpg,
627392,,钟塔,,上海市,游戏,0,4,0,0,http://bgm-api.anitabi.cn/pic/cover/l/a3/1d/627392_1s2LQ.jpg,
571813,,True Colors,,盐灶市,游戏,0,14,0,0,https://w.junreimap.com/images/bangumi/571813_bh2p0jz.jpg,
185792,小魔女学园,リトルウィッチアカデミア,,海外,TV,7.7,30,51.631729,-0.481287,https://w.junreimap.com/images/bangumi/185792.jpg,
635333,《绝区零》南宫羽EP《妄想色心跳》,妄想色心跳,,,,7,12,0,0,http://bgm-api.anitabi.cn/pic/cover/l/08/c6/635333_M0IyM.jpg,
3774,轻音少女 二期,けいおん!!,K-ON!!,京都府,TV,8.1,201,34.88916,135.808831,https://w.junreimap.com/images/bangumi/3774.jpg,380
1120,地狱少女 三鼎,地獄少女 三鼎,,,TV,7.1,12,0,0,http://bgm-api.anitabi.cn/pic/cover/l/c6/03/1120_sIQmO.jpg,
1261,地狱少女 二笼,地獄少女 二籠,,,TV,7.4,10,0,0,http://bgm-api.anitabi.cn/pic/cover/l/17/32/1261_FHud0.jpg,
206284,少女妄想中,少女妄想中。,,,小说,8.2,7,35.40922,136.756479,https://w.junreimap.com/images/bangumi/206284.jpg,
5566,说谎的男孩与坏掉的女孩,嘘つきみーくんと壊れたまーちゃん,,岐阜市,小说,7.8,9,35.432894,136.736691,https://w.junreimap.com/images/bangumi/5566.jpg,
628184,【动画MV】人生不易部！「Dou-Da? DOING!」【生如百戏难！LOVELIVE! 青鸟】,【アニメーションMV】いきづらい部！「Dou-Da? DOING!」【イキヅライブ！ LOVELIVE! BLUEBIRD】,,,,6.1,2,0,0,http://bgm-api.anitabi.cn/pic/cover/l/1b/3c/628184_VxsBc.jpg,
107501,永不落幕的前奏诗,ソレヨリノ前奏詩,,横须贺市,游戏,7.2,11,35.217193,139.644826,http://bgm-api.anitabi.cn/pic/cover/l/57/73/107501_yfRR6.jpg,
193509,高校舰队 OVA,ハイスクール・フリート OVA,High School Fleet OVA,横须贺市,OVA,6.6,6,0,0,http://bgm-api.anitabi.cn/pic/cover/l/f9/47/193509_qNFVS.jpg,
493016,异国日记,違国日記,,八王子市,TV,7.6,40,35.655221,139.337379,https://w.junreimap.com/images/bangumi/493016.jpg,9127
214265,少女☆歌剧 Revue Starlight,少女☆歌劇レヴュースタァライト,Revue Starlight,东京都,TV,7.9,267,35.615795,139.735801,https://w.junreimap.com/images/bangumi/214265.jpg,1273
407515,名侦探柯南 黑铁的鱼影,名探偵コナン 黒鉄の魚影,,,剧场版,6.8,3,0,0,https://w.junreimap.com/images/bangumi/407515.jpg,
183877,雏子日记,ひなこのーと,,,漫画系列,7.2,1,0,0,http://bgm-api.anitabi.cn/pic/cover/l/cf/2b/183877_KEYnn.jpg,
1270,水星领航员 第三季,ARIA The ORIGINATION,,,TV,8.7,1,0,0,http://bgm-api.anitabi.cn/pic/cover/l/c8/50/1270_Yo7p2.jpg,
389156,地。 ―关于地球的运动―,チ。 ―地球の運動について―,,,TV,6.3,1,0,0,http://bgm-api.anitabi.cn/pic/cover/l/5f/84/389156_J4gqQ.jpg,
10086,四叶妹妹！,よつばと!,,兵库县,漫画系列,8.9,96,0,0,http://bgm-api.anitabi.cn/pic/cover/l/64/12/10086_e981v.jpg,
160209,你的名字,君の名は,your name.,高山市,剧场版,8,113,36.041677,136.213767,https://w.junreimap.com/images/bangumi/160209.jpg,
548818,金牌得主 第二季,メダリスト 第2期,,名古屋市,TV,7.8,7,0,0,http://bgm-api.anitabi.cn/pic/cover/l/0c/08/548818_iLSG6.jpg,
4256,复苏的天空 -救援之翼-,よみがえる空 -RESCUE WINGS-,,,TV,7.1,1,0,0,http://bgm-api.anitabi.cn/pic/cover/l/ec/99/4256_D17Cj.jpg,
43525,元气少女缘结神,神様はじめました,,川越市,TV,7,44,35.920266,139.489374,https://w.junreimap.com/images/bangumi/43525.jpg,16783
240562,来自多彩世界的明天,色づく世界の明日から,,长崎市,TV,6.9,141,32.739254,129.879349,https://w.junreimap.com/images/bangumi/240562.jpg,3777
41245,绯色战姬,ビビッドレッド・オペレーション,Vividred Operation,东京都,TV,6.4,23,34.68659,139.439356,https://w.junreimap.com/images/bangumi/41245.jpg,
391457,,绍宋,,中国,漫画系列,7.6,2,33.882627,115.770581,https://w.junreimap.com/images/bangumi/391457.jpg,
508386,戀戀寶島～雨港再世奇緣～,戀戀寶島～雨港再世奇緣～,,台湾省,游戏,0,7,0,0,http://bgm-api.anitabi.cn/pic/cover/l/a1/27/508386_nnGk8.jpg,
334,全金属狂潮,フルメタル・パニック!,Full Metal Panic!,调布市,TV,7.7,1,35.676191,139.65031,https://w.junreimap.com/images/bangumi/334.jpg,
299202,想哭的我戴上了猫的面具,泣きたい私は猫をかぶる,,常滑市,WEB,6.4,42,34.886895,136.840519,https://w.junreimap.com/images/bangumi/299202.jpg,20059
221127,黄金神威,ゴールデンカムイ,Golden Kamuy,北海道,TV,7.4,83,43.047034,143.187777,https://w.junreimap.com/images/bangumi/221127.jpg,
472874,,Lushfoil Photography Sim,,,游戏,7.3,4,0,0,http://bgm-api.anitabi.cn/pic/cover/l/d9/1d/472874_1mA2t.jpg,
617400,,北洋花开-恋爱咏叹调,,天津市,游戏,0,2,0,0,http://bgm-api.anitabi.cn/pic/cover/l/d5/1f/617400_Ub5P3.jpg,
206925,一人之下 第二季,一人之下 the outcast 2,,江西省,WEB,7.1,3,0,0,http://bgm-api.anitabi.cn/pic/cover/l/71/aa/206925_NpRkA.jpg,
123149,,甄嬛传,,浙江省,华语剧,8.1,8,29.178621,120.295461,https://w.junreimap.com/images/bangumi/123149.jpg,90807
316607,奇蛋物语,ワンダーエッグ・プライオリティ,,印西市,TV,6.8,42,35.800671,140.146069,https://w.junreimap.com/images/bangumi/316607.jpg,11882
316131,邪神与厨二病少女 X,邪神ちゃんドロップキック X,,,TV,6.6,8,0,0,http://bgm-api.anitabi.cn/pic/cover/l/4b/90/316131_179OO.jpg,
228378,弦音 -风舞高中弓道部-,ツルネ ―風舞高校弓道部―,,长野市,TV,6.4,41,36.644703,138.205855,https://w.junreimap.com/images/bangumi/228378.jpg,41559
9717,魔法少女小圆,魔法少女まどか☆マギカ,Puella Magi Madoka Magica,海外,TV,8.5,37,34.772575,77.154998,https://w.junreimap.com/images/bangumi/9717.jpg,
570769,,终曲。,,江西省,游戏,0,4,0,0,http://bgm-api.anitabi.cn/pic/cover/l/65/6e/570769_I0Fii.jpg,
78405,悠哉日常大王,のんのんびより,Non Non Biyori,日本,TV,8,18,35.573693,139.598867,https://w.junreimap.com/images/bangumi/78405.jpg,3725
101442,悠哉日常大王 Repeat,のんのんびより  りぴーと,,,TV,8,2,0,0,http://bgm-api.anitabi.cn/pic/cover/l/8b/6b/101442_EM1Vg.jpg,
454841,制服女友,制服カノジョ,,福冈市,游戏,5.4,13,33.590907,130.418827,https://w.junreimap.com/images/bangumi/454841.jpg,115407
214272,欢迎来到实力至上主义教室,ようこそ実力至上主義の教室へ,,,TV,6.2,7,0,0,https://w.junreimap.com/images/bangumi/214272.jpg,
566420,,何度目かのはじめまして,,,游戏,0,1,0,0,https://w.junreimap.com/images/bangumi/566420_bo95coe.jpg,
347140,身为女主角 讨厌的女主角与秘密的工作,ヒロインたるもの！〜嫌われヒロインと内緒のお仕事〜,,,TV,5.9,1,0,0,http://bgm-api.anitabi.cn/pic/cover/l/f5/ee/347140_40584.jpg,
216310,向山进发 第三季,ヤマノススメ サードシーズン,,饭能市,TV,7.7,44,35.856979,139.310856,https://w.junreimap.com/images/bangumi/216310.jpg,186
43558,JOJO的奇妙冒险,ジョジョの奇妙な冒険,,,TV,7.9,3,0,0,https://w.junreimap.com/images/bangumi/43558.jpg,
449852,亿数追忆,亿数追忆,,福建省,游戏,7,38,24.485158,118.128899,https://w.junreimap.com/images/bangumi/449852.jpg,312883
425909,夜晚的水母不会游泳,夜のクラゲは泳げない,Yoru no Kurage wa Oyogenai,涩谷区,TV,7.7,51,35.659941,139.702123,https://w.junreimap.com/images/bangumi/425909.jpg,272
227775,蜡笔小新 爆盛！功夫男孩 ～拉面大乱～,クレヨンしんちゃん 爆盛！カンフーボーイズ ～拉麺大乱～,,,剧场版,5.7,1,30.557956,103.947516,https://w.junreimap.com/images/bangumi/227775.jpg,
338424,雄狮少年,雄狮少年,,,剧场版,5.7,4,0,0,http://bgm-api.anitabi.cn/pic/cover/l/62/e8/338424_Po7AE.jpg,
1260,地狱少女,地獄少女,,,TV,7.2,9,0,0,http://bgm-api.anitabi.cn/pic/cover/l/f4/57/1260_8HbNR.jpg,
309303,世界计划 缤纷舞台！ feat. 初音未来,プロジェクトセカイ カラフルステージ！ feat. 初音ミク,,,游戏,7.4,7,0,0,http://bgm-api.anitabi.cn/pic/cover/l/ac/62/309303_4Mob1.jpg,
456548,世界计划 缤纷舞台！ feat. 初音未来 主线故事 摘要动画 Journey to Bloom,プロジェクトセカイ カラフルステージ！ feat. 初音ミク メインストーリー ダイジェストアニメーション Journey to Bloom,,,WEB,5.7,1,0,0,http://bgm-api.anitabi.cn/pic/cover/l/37/b7/456548_oxqxx.jpg,
505776,剧场版世界计划 破碎的世界与唱不出歌的未来,劇場版プロジェクトセカイ 壊れたセカイと歌えないミク,,涩谷区,剧场版,6.7,33,35.65779,139.700957,https://w.junreimap.com/images/bangumi/505776.jpg,249
285784,,一人之下3·入世篇,,北京市,WEB,6.9,6,39.955827,116.381569,https://w.junreimap.com/images/bangumi/285784.jpg,9434
72266,少女与战车 剧场版,ガールズ&パンツァー 劇場版,Girls und Panzer der Film,茨城县,剧场版,8.3,24,36.314152,140.572962,https://w.junreimap.com/images/bangumi/72266.jpg,114047
130234,灰色的乐园,グリザイアの楽園,,,TV,7.3,3,0,0,http://bgm-api.anitabi.cn/pic/cover/l/59/29/130234_11gjt.jpg,
267732,君主·埃尔梅罗二世事件簿 魔眼收集列车 Grace note,ロード・エルメロイⅡ世の事件簿 -魔眼蒐集列車 Grace note-,,海外,TV,6.7,19,51.665273,0.008438,https://w.junreimap.com/images/bangumi/267732.jpg,
501576,上木荔枝系列,上木らいちシリーズ,,,小说系列,6.6,6,0,0,http://bgm-api.anitabi.cn/pic/cover/l/ee/37/501576_M4kZl.jpg,
64056,,铠甲勇士,,中国,华语剧,6.9,2,0,0,http://bgm-api.anitabi.cn/pic/cover/l/a0/5e/64056_ckg4c.jpg,
72942,中二病也要谈恋爱！恋,中二病でも恋がしたい！戀,"Love, Chunibyo & Other Delusions Ren",大津市,TV,6.7,346,34.978517,135.900429,https://w.junreimap.com/images/bangumi/72942.jpg,15320
12333,神样DOLLS,神様ドォルズ,,东京都,TV,6.8,31,35.759313,139.803698,https://w.junreimap.com/images/bangumi/12333.jpg,
442114,罗小黑战记2,罗小黑战记2,,中国,剧场版,7.6,2,0,0,http://bgm-api.anitabi.cn/pic/cover/l/86/e5/442114_nSSO1.jpg,
100403,路人女主的养成方法,冴えない彼女の育てかた,,东京都,TV,7.2,174,35.695094,139.712302,https://w.junreimap.com/images/bangumi/100403.jpg,1159
233197,碧海晴空、彼岸相连,空と海が、ふれあう彼方,,东京都,游戏,6.8,3,0,0,http://bgm-api.anitabi.cn/pic/cover/l/df/f6/233197_ba0V0.jpg,
413567,保龄球少女！,Turkey!,,千曲市,TV,6,36,0,0,http://bgm-api.anitabi.cn/pic/cover/l/bb/dc/413567_2h5kq.jpg,
1941,魔卡少女樱 剧场版1,劇場版カードキャプターさくら,,中国,剧场版,7.5,48,22.293203,114.171253,https://w.junreimap.com/images/bangumi/1941.jpg,2322
175596,终物语（下）,終物語(下),,,TV,8.1,7,0,0,http://bgm-api.anitabi.cn/pic/cover/l/53/29/175596_Dp6j4.jpg,
213816,ReLIFE 完结篇,ReLIFE 完結編,,,OVA,7.7,13,0,0,http://bgm-api.anitabi.cn/pic/cover/l/55/63/213816_y91Nb.jpg,
565802,辉夜大小姐想让我告白 通往大人的阶梯,かぐや様は告らせたい 大人への階段,,,TV,8.3,4,0,0,http://bgm-api.anitabi.cn/pic/cover/l/9b/f5/565802_PRfRL.jpg,
463778,在地下城寻求邂逅是否搞错了什么 第五季 丰饶的女神篇,ダンジョンに出会いを求めるのは間違っているだろうかⅤ 豊穣の女神篇,,,TV,7.2,1,0,0,http://bgm-api.anitabi.cn/pic/cover/l/bc/42/463778_AEsHA.jpg,
40310,少女与战车,ガールズ&パンツァー,GIRLS und PANZER,茨城县,TV,7.6,84,36.310431,140.562177,https://w.junreimap.com/images/bangumi/40310.jpg,1267
195937,结城友奈是勇者 -鹫尾须美之章-/-勇者之章-,結城友奈は勇者である -鷲尾須美の章-/-勇者の章-,,,TV,7.3,1,0,0,http://bgm-api.anitabi.cn/pic/cover/l/80/f2/195937_745wm.jpg,
611077,名侦探光之美少女！,名探偵プリキュア！,,,TV,6.9,12,0,0,http://bgm-api.anitabi.cn/pic/cover/l/9a/85/611077_P5Pi5.jpg,
262898,电影 摇曳露营△,映画 ゆるキャン△,,日本,剧场版,7.4,356,35.487552,137.984008,https://w.junreimap.com/images/bangumi/262898.jpg,
172498,埃罗芒阿老师,エロマンガ先生,,足立区,TV,6.5,48,35.763139,139.807356,https://w.junreimap.com/images/bangumi/172498.jpg,2027
27236,恋爱与选举与巧克力,恋と選挙とチョコレート,,东京都,TV,6.5,46,35.683043,139.847438,https://w.junreimap.com/images/bangumi/27236.jpg,
404480,LoveLive! Superstar!! 第三季,ラブライブ！スーパースター!! 3期,,涩谷区,TV,5.3,59,35.668109,139.709654,http://bgm-api.anitabi.cn/pic/cover/l/4f/12/404480_OokoZ.jpg,
902,神薙,かんなぎ,Kannagi,多贺城市,TV,7.1,34,38.305025,140.982742,https://w.junreimap.com/images/bangumi/902.jpg,295510
46874,月姬 -A piece of blue glass moon-,月姫 -A piece of blue glass moon-,,东京都,游戏,8.1,21,35.637429,139.736477,https://w.junreimap.com/images/bangumi/46874.jpg,4204
296367,SSSS.电光机王,SSSS.DYNAZENON,,东京都,TV,7.5,57,35.747145,139.817635,https://w.junreimap.com/images/bangumi/296367.jpg,4337
144284,花落冬阳,花落冬陽,,台湾省,游戏,6.7,7,0,0,http://bgm-api.anitabi.cn/pic/cover/l/76/a6/144284_T3Th9.jpg,
292527,弱势角色友崎君,弱キャラ友崎くん,,埼玉市,TV,6,52,0,0,https://w.junreimap.com/images/bangumi/292527.jpg,
292024,樱色之云*绯色之恋,さくらの雲＊スカアレットの恋,,,游戏,0,1,0,0,https://w.junreimap.com/images/bangumi/292024_uzuvhyslh.jpg,
10120,夏空彼方,夏空カナタ,,冲绳县,游戏,0,13,0,0,https://w.junreimap.com/images/bangumi/10120_afm456.jpg,
515869,剧场版 我心里危险的东西,劇場版 僕の心のヤバイやつ,,,剧场版,7.3,2,0,0,http://bgm-api.anitabi.cn/pic/cover/l/e5/b8/515869_048JP.jpg,
3243,裝甲惡鬼村正,装甲悪鬼村正,,镰仓市,游戏,0,12,35.317089,139.539103,https://w.junreimap.com/images/bangumi/3243.jpg,986
1377,海猫鸣泣之时,うみねこのなく頃に,Umineko When They Cry,,TV,6.4,6,35.582321,139.744448,https://w.junreimap.com/images/bangumi/1377.jpg,3387
218712,SSSS.古立特,SSSS.GRIDMAN,,东京都,TV,7.1,75,35.696793,139.62809,https://w.junreimap.com/images/bangumi/218712.jpg,1113
212003,赛马娘 Pretty Derby,ウマ娘 プリティーダービー,,东京都,TV,7.1,27,35.666739,139.487884,https://w.junreimap.com/images/bangumi/212003.jpg,1045
517057,【我推的孩子】 第三季,【推しの子】 第3期,,,TV,7.1,7,0,0,http://bgm-api.anitabi.cn/pic/cover/l/92/95/517057_257ad.jpg,
225784,金辉恋曲四重奏,金色ラブリッチェ,,,游戏,0,1,0,0,https://w.junreimap.com/images/bangumi/225784_ackckau.jpg,
81186,目隐都市的演绎者,メカクシティアクターズ,,,TV,5.8,6,35.58559,139.709994,http://bgm-api.anitabi.cn/pic/cover/l/b8/e7/81186_929Xl.jpg,
236103,道口时间,踏切時間,,东京都,TV,6.7,21,35.723032,139.753224,https://w.junreimap.com/images/bangumi/236103.jpg,2806
245665,鬼灭之刃,鬼滅の刃,,,TV,7.3,1,0,0,http://bgm-api.anitabi.cn/pic/cover/l/9d/d1/245665_5an54.jpg,
290993,GIVEN 剧场版,映画 ギヴン,,涩谷区,剧场版,6.6,21,35.659018,139.69474,https://w.junreimap.com/images/bangumi/290993.jpg,518
111468,话说当时我还不是主角,俺が主人公じゃなかった頃の話をする,,,小说系列,6.9,2,0,0,http://bgm-api.anitabi.cn/pic/cover/l/98/a3/111468_o3VOG.jpg,
253621,在月之彼岸邂逅,月の彼方で逢いましょう,,,游戏,0,21,0,0,https://w.junreimap.com/images/bangumi/253621_nmyawta0v.jpg,
15886,坂上台风,さかあがりハリケーン,,,游戏,0,5,0,0,https://w.junreimap.com/images/bangumi/15886_9yagjn3.jpg,
278557,知晓天空之蓝的人啊,空の青さを知る人よ,Her Blue Sky,秩父市,剧场版,7.2,59,35.991619,139.064426,https://w.junreimap.com/images/bangumi/278557.jpg,19414
40388,我们这一家,あたしンち,,西东京市,TV,7.4,18,0,0,http://bgm-api.anitabi.cn/pic/cover/l/4d/17/40388_s2q21.jpg,
111231,剧场版3D 我们这一家 -热情的超能力- 母亲大暴走！,劇場版3D あたしンち -情熱の超ちょ?能力?母大暴走！-,,,剧场版,6.6,1,0,0,http://bgm-api.anitabi.cn/pic/cover/l/65/ef/111231_r2L64.jpg,
192428,怪怪守护神,つぐもも,,,TV,6.5,3,0,0,http://bgm-api.anitabi.cn/pic/cover/l/24/44/192428_rrRIT.jpg,
82322,花物语,花物語,,,TV,7.3,37,0,0,http://bgm-api.anitabi.cn/pic/cover/l/24/f3/82322_pUPLZ.jpg,
265372,若能与你共乘海浪之上,きみと、波にのれたら,,千叶县,剧场版,6.1,17,35.347377,140.258047,https://w.junreimap.com/images/bangumi/265372.jpg,18028
407332,赛马娘 Pretty Derby 第三季,ウマ娘 プリティーダービー Season 3,,千叶县,TV,5.1,20,35.423749,140.114718,https://w.junreimap.com/images/bangumi/407332.jpg,22508
332471,,青と夏,,,,8.5,9,0,0,http://bgm-api.anitabi.cn/pic/cover/l/7f/03/332471_9I1I6.jpg,
511207,前桥魔女,前橋ウィッチーズ,,前桥市,TV,0,122,36.402269,139.109599,https://w.junreimap.com/images/bangumi/511207.jpg,11646
286123,高达创形者 再起,ガンダムビルドダイバーズRe:RISE,,,WEB,7,1,0,0,http://bgm-api.anitabi.cn/pic/cover/l/22/8c/286123_tUpT7.jpg,
37137,,TARI TARI,TARI TARI,镰仓市,TV,7.3,97,35.307631,139.488087,https://w.junreimap.com/images/bangumi/37137.jpg,1422
68031,青春纪行,ゴールデンタイム,Golden Time,东京都,TV,6.4,40,35.695131,139.749443,https://w.junreimap.com/images/bangumi/68031.jpg,806
368116,尼尔：自动人形 Ver1.1a,NieR: Automata Ver1.1a,,东京都,TV,6.7,2,35.634612,139.694875,https://w.junreimap.com/images/bangumi/368116.jpg,
1942,魔卡少女樱 被封印的卡片,劇場版カードキャプターさくら 封印されたカード,,,剧场版,7.9,3,0,0,http://bgm-api.anitabi.cn/pic/cover/l/51/9c/1942_ZEhhi.jpg,
842,东京教父,東京ゴッドファーザーズ,,,剧场版,8.3,3,0,0,http://bgm-api.anitabi.cn/pic/cover/l/fc/3c/842_clVl2.jpg,
295350,甜蜜女友2/2+,アマカノ2,,金泽市,,0,53,36.570651,136.660102,https://w.junreimap.com/images/bangumi/295350_nn9jjap9f.jpg,3134
16235,未来日记,未来日記,,,TV,7.2,27,0,0,http://bgm-api.anitabi.cn/pic/cover/l/0a/3d/16235_5GJQH.jpg,
299498,宇崎学妹想要玩！,宇崎ちゃんは遊びたい!,,,TV,6.1,26,38.2607,140.881567,http://bgm-api.anitabi.cn/pic/cover/l/5a/42/299498_PNyTT.jpg,
200704,烟花,打ち上げ花火、下から見るか？横から見るか？,,,剧场版,6,7,35.707871,140.86845,https://w.junreimap.com/images/bangumi/200704.jpg,3262
566600,永久的黄昏,永久のユウグレ,,,TV,0,18,0,0,http://bgm-api.anitabi.cn/pic/cover/l/10/27/566600_YNsPf.jpg,
11577,偶像大师,THE iDOLM@STER,,东京都,TV,8.1,83,35.666886,139.755243,https://w.junreimap.com/images/bangumi/11577.jpg,564
448657,大室家 亲爱的朋友们,大室家 dear friends,,高冈市,剧场版,7.4,18,0,0,http://bgm-api.anitabi.cn/pic/cover/l/51/28/448657_r0ZYm.jpg,
1925,死神剧场版 无人的回忆,劇場版BLEACH MEMORIES OF NOBODY,,,剧场版,6.6,7,0,0,http://bgm-api.anitabi.cn/pic/cover/l/09/50/1925_p36w3.jpg,
443831,,Fate/strange Fake,,北美洲,TV,7.5,19,34.075912,-118.32053,http://bgm-api.anitabi.cn/pic/cover/l/f0/51/443831_Zkz9E.jpg,
355555,薰香花朵凛然绽放,薫る花は凛と咲く,The Fragrant Flower Blooms with Dignity,品川区,漫画系列,7.4,45,0,0,https://w.junreimap.com/images/bangumi/355555_271ykf9.jpg,
498934,群花绽放，彷如修罗,花は咲く、修羅の如く,,舞鹤市,TV,7.5,120,35.495541,135.357678,http://bgm-api.anitabi.cn/pic/cover/l/b8/26/498934_KffF9.jpg,
500557,Code Geass 夺还的罗赛,コードギアス 奪還のロゼ,,,WEB,5,9,0,0,http://bgm-api.anitabi.cn/pic/cover/l/eb/53/500557_Ivpwg.jpg,
195816,GAMERS电玩咖,ゲーマーズ!,,,TV,6.9,37,0,0,http://bgm-api.anitabi.cn/pic/cover/l/c9/f3/195816_8fZHP.jpg,
112151,终结的炽天使,終わりのセラフ,,,TV,5.6,17,35.433428,139.119285,http://bgm-api.anitabi.cn/pic/cover/l/3c/bd/112151_qJg8v.jpg,
311784,纯白之音,ましろのおと,,,TV,6.3,5,0,0,http://bgm-api.anitabi.cn/pic/cover/l/d7/89/311784_od8a8.jpg,
41488,樱花庄的宠物女孩,さくら荘のペットな彼女,,札幌市,TV,7.4,50,38.513788,137.834473,https://w.junreimap.com/images/bangumi/41488.jpg,
14406,樱花庄的宠物女孩,さくら荘のペットな彼女,,札幌市,小说系列,7.7,36,0,0,http://bgm-api.anitabi.cn/pic/cover/l/79/3a/14406_6y6y6.jpg,
224173,能帮我弄干净吗？,綺麗にしてもらえますか。,,热海市,漫画,7,168,35.101726,139.193349,https://w.junreimap.com/images/bangumi/224173.jpg,20125
10380,命运石之门,STEINS;GATE,STEINS;GATE,千代田区,TV,8.7,108,35.69878,139.771392,https://w.junreimap.com/images/bangumi/10380.jpg,744
68812,物语系列 第二季,〈物語〉シリーズ セカンドシーズン,,,TV,8.2,41,0,0,http://bgm-api.anitabi.cn/pic/cover/l/a1/67/68812_4vgt1.jpg,
18635,罪恶王冠,ギルティクラウン,,东京都,TV,6.5,23,35.619899,139.750696,https://w.junreimap.com/images/bangumi/18635.jpg,1646
84873,漆黑的子弹,ブラック・ブレット,,,TV,6.5,3,0,0,http://bgm-api.anitabi.cn/pic/cover/l/b3/32/84873_8NvN2.jpg,
193378,重启咲良田,サクラダリセット,,,TV,8,68,36.394064,140.509305,https://w.junreimap.com/images/bangumi/193378.jpg,
357961,跃动青春,スキップとローファー,Skip and Loafer,东京都,TV,7.8,14,37.470358,137.28809,https://w.junreimap.com/images/bangumi/357961.jpg,63579
99796,摇曳百合 夏日时光！,ゆるゆり なちゅやちゅみ!,,富山县,OVA,7.5,26,0,0,http://bgm-api.anitabi.cn/pic/cover/l/cb/c2/99796_NV7tq.jpg,
136311,摇曳百合 夏日时光！+,ゆるゆり なちゅやちゅみ!+,,富山县,TV,7.5,8,0,0,http://bgm-api.anitabi.cn/pic/cover/l/6b/d7/136311_N51T6.jpg,
587454,我们不可能成为恋人！绝对不行。 (※似乎可行？) 〜再次闪耀！〜,わたしが恋人になれるわけないじゃん、ムリムリ!（※ムリじゃなかった!?）〜ネクストシャイン！〜,,,OVA,8,8,0,0,http://bgm-api.anitabi.cn/pic/cover/l/a1/ea/587454_1KdKJ.jpg,
5656,圣诞之吻SS,アマガミSS,,铫子市,TV,7.2,64,35.717933,140.840848,https://w.junreimap.com/images/bangumi/5656.jpg,72554
504099,,构想彼方,,陕西省,游戏,0,2,0,0,http://bgm-api.anitabi.cn/pic/cover/l/be/24/504099_O1E8E.jpg,
443857,,白蛇：浮生,,,剧场版,6.2,2,0,0,http://bgm-api.anitabi.cn/pic/cover/l/27/1c/443857_nY61Y.jpg,
345825,剑来,剑来,,,WEB,7.6,2,0,0,http://bgm-api.anitabi.cn/pic/cover/l/1c/50/345825_CP6Fc.jpg,
447955,夏末白夜,夏末白夜,,湖北省,游戏,6.2,3,0,0,http://bgm-api.anitabi.cn/pic/cover/l/15/9d/447955_pS3f8.jpg,
414459,,我在终点线等你,,,游戏,5.2,2,36.061034,120.305463,https://w.junreimap.com/images/bangumi/414459.jpg,
351835,,崩坏3 Reburn:II,,上海市,,6.1,2,0,0,http://bgm-api.anitabi.cn/pic/cover/l/f4/bf/351835_5TdDG.jpg,
219141,,我为歌狂之旋律重启,,上海市,WEB,6,5,0,0,https://w.junreimap.com/images/bangumi/219141.jpg,
342558,天上恋歌~金之公主与火之药师~,天上恋歌～金の皇女と火の薬師～,,河南省,漫画系列,0,2,0,0,http://bgm-api.anitabi.cn/pic/cover/l/98/f9/342558_r25RO.jpg,
291213,,大王饶命,,河南省,WEB,6.4,3,34.662165,112.423681,https://w.junreimap.com/images/bangumi/291213.jpg,113489
344439,,夏日花火,,辽宁省,游戏,5.6,5,0,0,http://bgm-api.anitabi.cn/pic/cover/l/ba/b7/344439_338Vu.jpg,
126173,,ReLIFE,ReLIFE,大分市,TV,7.6,10,33.222165,131.611629,https://w.junreimap.com/images/bangumi/126173.jpg,
406119,北海道辣妹贼拉可爱,道産子ギャルはなまらめんこい,,北见市,TV,5.6,24,43.842766,143.937767,https://w.junreimap.com/images/bangumi/406119.jpg,134163
420628,药屋少女的呢喃,薬屋のひとりごと,,北京市,TV,7.4,2,39.90183,116.394639,https://w.junreimap.com/images/bangumi/420628.jpg,
45842,变态王子与不笑猫。,変態王子と笑わない猫。,,,TV,6.8,1,0,0,http://bgm-api.anitabi.cn/pic/cover/l/9c/1e/45842_ZF94F.jpg,
110467,白箱,SHIROBAKO,SHIROBAKO,东京都,TV,8.8,90,35.698457,139.642261,https://w.junreimap.com/images/bangumi/110467.jpg,145
2567,学生会的一己之见,生徒会の一存,,札幌市,TV,7.4,6,0,0,https://w.junreimap.com/images/bangumi/2567.jpg,
280837,紫罗兰永恒花园 外传 - 永远与自动手记人偶 -,ヴァイオレット・エヴァーガーデン 外伝 - 永遠と自動手記人形 -,,欧洲,剧场版,7.4,23,49.046957,10.098055,http://bgm-api.anitabi.cn/pic/cover/l/f0/15/280837_L6VeG.jpg,
334402,成龙历险记 第五季,Jackie Chan Adventures Season 5,,,TV,7.5,1,0,0,http://bgm-api.anitabi.cn/pic/cover/l/0b/2d/334402_7xI2F.jpg,
580473,女仆小姐的贪吃日常,メイドさんは食べるだけ,,,TV,0,3,0,0,http://bgm-api.anitabi.cn/pic/cover/l/28/15/580473_11B14.jpg,
927,秒速5厘米,秒速5センチメートル,5 Centimeters Per Second,日本,剧场版,8.1,264,36.633162,138.977051,https://w.junreimap.com/images/bangumi/927.jpg,
398951,更衣人偶坠入爱河 第二季,その着せ替え人形は恋をする Season 2,,埼玉市,TV,7.8,44,35.918347,139.631004,http://bgm-api.anitabi.cn/pic/cover/l/38/44/398951_973Z3.jpg,
364637,恋爱绮谭,恋愛綺譚,Mystery Lover,湖北省,游戏,7.6,9,30.570069,114.313841,https://w.junreimap.com/images/bangumi/364637.jpg,7776
8290,头文字D,頭文字D,,日本,TV,7.7,89,36.098525,139.518473,https://w.junreimap.com/images/bangumi/8290.jpg,
216929,恋语Amrilato,ことのはアムリラート,,,游戏,7.2,6,0,0,http://bgm-api.anitabi.cn/pic/cover/l/84/cd/216929_ltsIL.jpg,
425211,辉夜大小姐想让我告白-初吻不会结束-,かぐや様は告らせたい-ファーストキッスは終わらない-,,,TV,7.9,5,0,0,http://bgm-api.anitabi.cn/pic/cover/l/ca/79/425211_bPbra.jpg,
793,Code Geass 反叛的鲁路修,コードギアス 反逆のルルーシュ,,,TV,8.3,11,0,0,http://bgm-api.anitabi.cn/pic/cover/l/da/8c/793_3y432.jpg,
456080,转学后班上的清纯可爱美少女，竟是小时候玩在一起的哥儿们,転校先の清楚可憐な美少女が、昔男子と思って一緒に遊んだ幼馴染だった件,,,TV,0,2,0,0,http://bgm-api.anitabi.cn/pic/cover/l/ce/e2/456080_hy716.jpg,
250639,不知何时的Memoraĵo,いつかのメモラージョ ～ことのはアムリラート～,,,游戏,7.4,1,0,0,http://bgm-api.anitabi.cn/pic/cover/l/e4/2a/250639_6S1ph.jpg,
539395,末世二轮之旅,終末ツーリング,,日本,TV,6.7,59,0,0,http://bgm-api.anitabi.cn/pic/cover/l/98/ec/539395_I5958.jpg,
513018,小市民系列 第二季,小市民シリーズ 第2期,,岐阜市,TV,6.6,482,35.407596,136.706738,https://w.junreimap.com/images/bangumi/513018.jpg,7864
289,寒蝉鸣泣之时,ひぐらしのなく頃に,When They Cry,岐阜县,TV,8.1,27,36.266381,136.907956,https://w.junreimap.com/images/bangumi/289.jpg,25753
12981,鬼的捉迷藏！,鬼ごっこ！,,冈山县,游戏,6.8,14,34.601861,134.008324,https://w.junreimap.com/images/bangumi/12981.jpg,18894
9756,天地无用!,天地無用!,,,TV,7.2,2,34.726335,133.763067,https://w.junreimap.com/images/bangumi/9756.jpg,
475663,这里是充满笑容的职场。,笑顔のたえない職場です。,,东京都,TV,6.6,13,0,0,http://bgm-api.anitabi.cn/pic/cover/l/11/c7/475663_1bGVv.jpg,
119344,心灵想要大声呼喊。,心が叫びたがってるんだ。,Beautiful Word Beautiful World,秩父市,剧场版,7,28,35.992442,139.090482,https://w.junreimap.com/images/bangumi/119344.jpg,2894
2464,荒川爆笑团,荒川アンダー ザ ブリッジ,,东京都,TV,7.5,1,0,0,http://bgm-api.anitabi.cn/pic/cover/l/70/c4/2464_ZwB1N.jpg,
377769,蓝色管弦乐,青のオーケストラ,,松户市,TV,5.9,38,0,0,http://bgm-api.anitabi.cn/pic/cover/l/fe/5d/377769_e4pyy.jpg,
1146,东方红魔乡 ～ the Embodiment of Scarlet Devil.,東方紅魔郷　～ the Embodiment of Scarlet Devil.,,,游戏,8,1,0,0,https://w.junreimap.com/images/bangumi/1146.jpg,
496086,光死去的夏天,光が死んだ夏,,奈良县,TV,6.8,25,0,0,http://bgm-api.anitabi.cn/pic/cover/l/c6/a6/496086_2tPPi.jpg,
239270,企鹅公路,ペンギン・ハイウェイ,,生驹市,剧场版,7.5,11,34.71544,135.736218,https://w.junreimap.com/images/bangumi/239270.jpg,11297
4019,四叠半神话大系,四畳半神話大系,,京都市,TV,8.5,39,35.016923,135.771275,https://w.junreimap.com/images/bangumi/4019.jpg,1429
482719,蜂蜜柠檬苏打,ハニーレモンソーダ,,涩谷区,TV,4.3,24,0,0,http://bgm-api.anitabi.cn/pic/cover/l/84/d8/482719_40Qpd.jpg,
13238,娜娜,NANA,,,电影,7.1,4,0,0,http://bgm-api.anitabi.cn/pic/cover/l/0e/76/13238_rjMP7.jpg,
80979,声之形,聲の形,,大垣市,漫画系列,7.5,21,0,0,https://w.junreimap.com/images/bangumi/80979.jpg,
4022,罚抄,Rewrite,,多摩市,游戏,8.6,10,35.606042,139.424732,https://w.junreimap.com/images/bangumi/4022.jpg,2422
513,听到涛声,海がきこえる,,高知市,TV,7.8,46,33.558491,133.541993,https://w.junreimap.com/images/bangumi/513.jpg,96354
428823,疑似后宫,疑似ハーレム,,,TV,6.3,19,0,0,http://bgm-api.anitabi.cn/pic/cover/l/0c/fd/428823_vuwNR.jpg,
255032,玉响未来,タマユラミライ,,远野市,游戏,0,15,0,0,https://w.junreimap.com/images/bangumi/255032_8h3k6bo.jpg,
129807,命运石之门 0,シュタインズ・ゲート ゼロ,,,TV,8,6,35.729324,139.706285,https://w.junreimap.com/images/bangumi/129807.jpg,718
248175,辉夜大小姐想让我告白～天才们的恋爱头脑战～,かぐや様は告らせたい～天才たちの恋愛頭脳戦～,,港区,TV,7.8,64,35.669798,139.745587,https://w.junreimap.com/images/bangumi/248175.jpg,632
338819,廖添丁：绝代凶贼的末路,廖添丁 - 稀代兇賊の最期,,台湾省,游戏,6.8,12,25.086517,121.473414,http://bgm-api.anitabi.cn/pic/cover/l/e9/66/338819_DYkKs.jpg,
488177,天久鹰央的推理病历表,天久鷹央の推理カルテ,,东京都,TV,6.4,13,35.742083,139.523906,https://w.junreimap.com/images/bangumi/488177.jpg,2336
203861,超自然9人组,Occultic;Nine -オカルティック・ナイン-,,东京都,TV,7.1,68,0,0,https://w.junreimap.com/images/bangumi/203861.jpg,
3321,,蓬莱人形　～ Dolls in Pseudo Paradise,,台湾省,音乐,8.6,4,0,0,http://bgm-api.anitabi.cn/pic/cover/l/3c/fb/3321_rrYJL.jpg,
583138,,「エガクミライ」アニメーションMV,,逗子市,WEB,7.3,1,0,0,http://bgm-api.anitabi.cn/pic/cover/l/1f/7b/583138_89e2Q.jpg,
12886,情书,ラヴレター,Love Letter / When I Close My Eyes / Letters of Love / A Winter Love Story,小樽市,电影,8.4,18,43.19184,140.991933,https://w.junreimap.com/images/bangumi/12886.jpg,1377
326910,台中国的帝雉少女,台中國的帝雉少女,,,游戏,5.8,2,0,0,http://bgm-api.anitabi.cn/pic/cover/l/f0/af/326910_xWAgX.jpg,
298058,苗栗国的石虎少女,苗栗國的石虎少女,,,游戏,5.8,1,0,0,http://bgm-api.anitabi.cn/pic/cover/l/e6/92/298058_IdTMo.jpg,
295364,常轨脱离Creative,ハミダシクリエイティブ,,町田市,游戏,0,8,35.542685,139.44898,https://w.junreimap.com/images/bangumi/295364_85ll9so.jpg,600
233593,非人哉,非人哉,,,WEB,7.1,3,0,0,http://bgm-api.anitabi.cn/pic/cover/l/b7/b5/233593_r0O3D.jpg,
433072,蜻蛉高球,オーイ！とんぼ,,鹿儿岛县,TV,6.6,2,0,0,http://bgm-api.anitabi.cn/pic/cover/l/42/97/433072_z1pUT.jpg,
172502,花开公路,Highway Blossoms,,海外,游戏,7,34,33.682823,-116.232412,https://w.junreimap.com/images/bangumi/172502.jpg,1688589
315456,无限滑板,SK∞ エスケーエイト,,,TV,6.6,1,0,0,http://bgm-api.anitabi.cn/pic/cover/l/8b/0f/315456_29h6G.jpg,
216311,向山进发 回忆的礼物,ヤマノススメ おもいでプレゼント,,饭能市,OVA,7.6,7,35.855103,139.328608,https://w.junreimap.com/images/bangumi/216311.jpg,
524707,我怎么可能成为你的恋人，不行不行！(※不是不可能！？),わたしが恋人になれるわけないじゃん、ムリムリ！（※ムリじゃなかった!?）,,东京都,TV,7.5,63,35.658759,139.548012,https://w.junreimap.com/images/bangumi/524707.jpg,5821
508691,,透明的她与真实的我,,,游戏,6,1,0,0,http://bgm-api.anitabi.cn/pic/cover/l/98/eb/508691_z8MHT.jpg,
10227,A频道,Aチャンネル,A-Channel,国立市,TV,6.9,71,35.694458,139.446802,https://w.junreimap.com/images/bangumi/10227.jpg,
101399,偶像大师 灰姑娘女孩,アイドルマスター シンデレラガールズ,,东京都,TV,7,75,35.539681,139.786871,https://w.junreimap.com/images/bangumi/101399.jpg,1289
239839,年轻老板娘是小学生！,若おかみは小学生！,,,TV,6.2,12,34.905361,137.347845,https://w.junreimap.com/images/bangumi/239839.jpg,
518278,甜蜜女友3,アマカノ３,,丰冈市,游戏,0,33,35.635953,134.824945,https://w.junreimap.com/images/bangumi/518278_pjdzb6.jpg,58501
9270,樱桃小丸子,ちびまる子ちゃん,,静冈市,TV,7.6,40,35.015472,138.483002,https://w.junreimap.com/images/bangumi/9270.jpg,117603
484585,灵视异闻 FILE25 通灵少女·黑铃澪的邂逅,パラノマサイト FILE25 霊感少女・黒鈴ミヲの邂逅,,北区,漫画系列,8,4,0,0,http://bgm-api.anitabi.cn/pic/cover/l/62/02/484585_MzMw3.jpg,
576254,札幌少女饭,札幌乙女ごはん。,,札幌市,漫画系列,0,6,43.055014,141.35408,https://w.junreimap.com/images/bangumi/576254.jpg,203305
203526,来自深渊,メイドインアビス,,,TV,8.2,1,0,0,http://bgm-api.anitabi.cn/pic/cover/l/f7/bf/203526_q2P6P.jpg,
520498,千早再起跑！,チハヤリスタート！,,仙台市,漫画系列,7.8,15,38.296736,140.91712,https://w.junreimap.com/images/bangumi/520498.jpg,7342
245671,我们的七日战争,ぼくらの7日間戦争,,北海道,剧场版,5.8,4,0,0,http://bgm-api.anitabi.cn/pic/cover/l/8b/a9/245671_vHT3U.jpg,
364450,莉可丽丝,リコリス・リコイル,Lycoris Recoil,东京都,TV,7.5,51,35.701868,139.816949,https://w.junreimap.com/images/bangumi/364450.jpg,507
165972,斯特拉的魔法,ステラのまほう,,东京都,TV,6.6,21,35.710624,139.57176,http://bgm-api.anitabi.cn/pic/cover/l/03/72/165972_bY6dY.jpg,
462994,,望月,,,游戏,0,5,0,0,http://bgm-api.anitabi.cn/pic/cover/l/34/17/462994_819rl.jpg,
543189,野原广志午餐流派,野原ひろし 昼メシの流儀,,,TV,5.6,10,0,0,http://bgm-api.anitabi.cn/pic/cover/l/96/8e/543189_UdZaU.jpg,
605701,斯科普里83：湮灭前夕,Skopje '83,,,游戏,0,1,0,0,http://bgm-api.anitabi.cn/pic/cover/l/b4/60/605701_DMC0c.jpg,
174584,轻拍翻转小魔女,フリップフラッパーズ,,福岛县,TV,7.5,27,37.405395,140.30603,https://w.junreimap.com/images/bangumi/174584.jpg,6322
510256,与游戏中心的少女异文化交流的故事,ゲーセン少女と異文化交流,,日本,TV,10,13,0,0,http://bgm-api.anitabi.cn/pic/cover/l/55/d5/510256_dedeo.jpg,
14724,铁道少女漫画,鉄道少女漫画,,神奈川县,漫画,7.8,16,0,0,http://bgm-api.anitabi.cn/pic/cover/l/b4/c1/14724_jp.jpg,
484761,鹿乃子乃子虎视眈眈,しかのこのこのここしたんたん,My Deer Friend Nokotan,日野市,TV,6.5,47,35.665864,139.397842,https://w.junreimap.com/images/bangumi/484761.jpg,3992
312310,,一人之下4 出发！碧游村,,贵州省,WEB,7.1,6,26.661986,108.294524,https://w.junreimap.com/images/bangumi/312310.jpg,676667
340678,再见了，夏日冒险,グッバイ、ドン・グリーズ！,,,剧场版,6.3,1,0,0,http://bgm-api.anitabi.cn/pic/cover/l/39/50/340678_Pgp6z.jpg,
472661,欢迎来到日本，精灵小姐。,日本へようこそエルフさん。,,,TV,6.1,3,0,0,http://bgm-api.anitabi.cn/pic/cover/l/ca/22/472661_hjrMm.jpg,
375735,恋爱FLOPS,恋愛フロップス,,,TV,6.7,1,0,0,http://bgm-api.anitabi.cn/pic/cover/l/ac/ba/375735_AR8Al.jpg,
88869,古树旋律,Deemo,Deemo,台湾省,游戏,7.8,1,0,0,https://w.junreimap.com/images/bangumi/88869.jpg,
236488,偶像大师 闪耀色彩,アイドルマスター シャイニーカラーズ,THE IDOLM@STER SHINY COLORS,多摩市,游戏,7.5,79,35.649816,139.448644,https://w.junreimap.com/images/bangumi/236488.jpg,55
54550,在这世界的角落,この世界の片隅に,,广岛市,剧场版,7.3,27,34.361196,132.480014,https://w.junreimap.com/images/bangumi/54550.jpg,17656
311,千与千寻,千と千尋の神隠し,Sen to Chihiro no Kamikakushi,日本,剧场版,8.6,8,25.111054,121.843829,https://w.junreimap.com/images/bangumi/311.jpg,
309670,关于前辈很烦人的事,先輩がうざい後輩の話,,东京都,TV,6.8,30,35.713149,139.587148,https://w.junreimap.com/images/bangumi/309670.jpg,5556
137720,看火人,Firewatch,,,游戏,6.6,1,0,0,http://bgm-api.anitabi.cn/pic/cover/l/d0/e6/137720_fKjWK.jpg,
392757,,だもんで豊橋が好きって言っとるじゃん！,,丰桥市,漫画系列,0,65,0,0,http://bgm-api.anitabi.cn/pic/cover/l/7d/e6/392757_8LcvZ.jpg,
405223,怪想售,怪想售,,,WEB,4.3,1,0,0,http://bgm-api.anitabi.cn/pic/cover/l/dd/e0/405223_qoOXy.jpg,
364822,关于邻家的天使大人不知不觉把我惯成了废人这档子事,お隣の天使様にいつの間にか駄目人間にされていた件,,东京府中市,TV,5.1,21,35.67407,139.481978,https://w.junreimap.com/images/bangumi/364822.jpg,4594
136802,少女前线,少女前线,,,游戏,6.7,9,0,0,https://w.junreimap.com/images/bangumi/136802.jpg,
365437,放学后失眠的你,君は放課後インソムニア,,七尾市,TV,8.3,62,36.950765,137.047053,https://w.junreimap.com/images/bangumi/365437.jpg,52107
313852,街角魔族 2丁目,まちカドまぞく 2丁目,,多摩市,TV,7.8,3,35.651511,139.425668,https://w.junreimap.com/images/bangumi/313852.jpg,568
49561,恋花绽放樱飞时,恋がさくころ桜どき,,多摩市,游戏,0,5,35.627674,139.427544,https://w.junreimap.com/images/bangumi/49561_6gjeuxt.jpg,2193
561526,LimeLight Lemonade Jam,ライムライト・レモネードジャム,,,游戏,0,6,35.021545,136.876113,https://w.junreimap.com/images/bangumi/561526_1vcc771.jpg,
50495,极道车魂3,Driv3r,,,游戏,6,1,0,0,http://bgm-api.anitabi.cn/pic/cover/l/af/b8/50495_90sZq.jpg,
24823,蜡笔小新,クレヨンしんちゃん,,春日部市,TV,8,10,35.980384,139.757624,https://w.junreimap.com/images/bangumi/24823.jpg,7404
212278,,Just Because!,Just Because!,镰仓市,TV,7.3,154,35.336884,139.508788,https://w.junreimap.com/images/bangumi/212278.jpg,2176
262547,四季樱,シキザクラ,SHIKIZAKURA,爱知县,TV,5.3,61,0,0,https://w.junreimap.com/images/bangumi/262547.jpg,
10376,代号17,フィギュア17 つばさ&ヒカル,,,TV,7.2,1,0,0,http://bgm-api.anitabi.cn/pic/cover/l/b0/55/10376_Ws30G.jpg,
526514,,缚戎人：唐建中十三年,,,游戏,0,1,0,0,https://w.junreimap.com/images/bangumi/526514.jpg,
322535,龙与雀斑公主,竜とそばかすの姫,,高知县,剧场版,5.5,12,33.567741,133.256182,https://w.junreimap.com/images/bangumi/322535.jpg,31742
1671,化物语,化物語,Bakemonogatari,东京都,TV,8.3,44,35.676191,139.65031,https://w.junreimap.com/images/bangumi/1671.jpg,
2166,乌龙派出所,こちら葛飾区亀有公園前派出所,,葛饰区,TV,8,20,35.766772,139.847631,https://w.junreimap.com/images/bangumi/2166.jpg,
150746,这个美术社大有问题！,この美術部には問題がある！,,,TV,7.3,8,0,0,http://bgm-api.anitabi.cn/pic/cover/l/b6/fb/150746_AAL5A.jpg,
37154,恋爱随意链接,ココロコネクト,,横滨市,TV,7.5,19,35.553606,139.579496,https://w.junreimap.com/images/bangumi/37154.jpg,
148037,伤物语Ⅲ冷血篇,傷物語Ⅲ冷血篇,,,剧场版,8.2,1,0,0,http://bgm-api.anitabi.cn/pic/cover/l/b6/15/148037_RGxYY.jpg,
148036,伤物语Ⅱ热血篇,傷物語Ⅱ熱血篇,,,剧场版,8,1,0,0,http://bgm-api.anitabi.cn/pic/cover/l/24/19/148036_2rP88.jpg,
7707,伤物语Ⅰ铁血篇,傷物語Ⅰ鉄血篇,,,剧场版,7.9,7,35.668231,138.57049,https://w.junreimap.com/images/bangumi/7707.jpg,63858
138829,终物语,終物語,,,TV,7.8,5,0,0,http://bgm-api.anitabi.cn/pic/cover/l/b0/4d/138829_QtBqr.jpg,
262940,某科学的超电磁炮T,とある科学の超電磁砲T,,立川市,TV,7.6,36,35.701528,139.414459,https://w.junreimap.com/images/bangumi/262940.jpg,1622
1988,物语系列,〈物語〉シリーズ,,,小说系列,8.4,44,0,0,http://bgm-api.anitabi.cn/pic/cover/l/9d/73/1988_8sNsc.jpg,
405589,寂静岭f,Silent Hill f,,,游戏,6.5,2,0,0,http://bgm-api.anitabi.cn/pic/cover/l/12/aa/405589_F1Hu3.jpg,
162846,火花,火花,,,日剧,8.5,1,0,0,http://bgm-api.anitabi.cn/pic/cover/l/4a/fa/162846_r2828.jpg,
331445,少女手工,Do It Yourself!!,,三条市,TV,7.4,33,37.778278,139.068086,https://w.junreimap.com/images/bangumi/331445.jpg,100332
320493,天使降临到了我身边！Precious Friends,私に天使が舞い降りた！プレシャス・フレンズ,,,剧场版,6.8,7,0,0,http://bgm-api.anitabi.cn/pic/cover/l/16/73/320493_mMG4Z.jpg,
323196,赛马娘 Cinderella Gray,ウマ娘 シンデレラグレイ,,,漫画系列,8.3,12,35.373261,136.769186,https://w.junreimap.com/images/bangumi/323196.jpg,6348
265,新世纪福音战士,新世紀エヴァンゲリオン,Shin Seiki Evangerion,神奈川县,TV,8.9,7,35.248143,139.031124,https://w.junreimap.com/images/bangumi/265.jpg,9547
29883,新・福音战士剧场版：终,シン・エヴァンゲリオン劇場版,,日本,剧场版,8.4,44,34.89959,135.81192,https://w.junreimap.com/images/bangumi/29883.jpg,
765,,秒速5センチメートル オリジナルサウンドトラック,,,,8.5,1,0,0,http://bgm-api.anitabi.cn/pic/cover/l/d8/40/765_9bM2A.jpg,
120925,夏洛特,Charlotte,,北九州市,TV,6.1,59,34.889833,135.887246,https://w.junreimap.com/images/bangumi/120925.jpg,
288,寒蝉鸣泣之时 解,ひぐらしのなく頃に解,When They Cry 2,岐阜县,TV,8.1,8,36.266987,136.904628,https://w.junreimap.com/images/bangumi/288.jpg,376
117601,苍之彼方的四重奏,蒼の彼方のフォーリズム,,五岛市,TV,6,11,32.701759,129.248249,https://w.junreimap.com/images/bangumi/117601.jpg,
81281,舰队Collection,艦隊これくしょん-艦これ-,,,游戏,7.6,2,0,0,http://bgm-api.anitabi.cn/pic/cover/l/11/5e/81281_onKQt.jpg,
103692,小千少根筋,ちーちゃんはちょっと足りない,,神户市,漫画,7.8,7,0,0,http://bgm-api.anitabi.cn/pic/cover/l/a2/61/103692_qtCq2.jpg,
109375,命运之夜 天之杯：恶兆之花,劇場版 Fate/stay night [Heaven's Feel] I.presage flower,,日本,剧场版,7.6,41,35.075487,138.008156,https://w.junreimap.com/images/bangumi/109375.jpg,
402656,青春猪头少年不会梦到娇怜外出妹,青春ブタ野郎はおでかけシスターの夢を見ない,,镰仓市,剧场版,6.5,102,35.320212,139.495618,https://w.junreimap.com/images/bangumi/402656.jpg,1076
210272,LoveLive! Sunshine!! 二期,ラブライブ! サンシャイン!! 二期,,沼津市,TV,6.4,210,35.036277,138.884644,https://w.junreimap.com/images/bangumi/210272.jpg,7350
295862,催眠麦克风,『ヒプノシスマイク-Division Rap Battle-』Rhyme Anima,,,TV,5.1,25,0,0,http://bgm-api.anitabi.cn/pic/cover/l/39/b3/295862_zls1R.jpg,
295957,,Summer Pockets REFLECTION BLUE,,日本,游戏,8.4,65,34.432582,134.026124,https://w.junreimap.com/images/bangumi/295957_rpxftfgks.jpg,2464
403379,复仇者,リベンジャー,REVENGER,长崎市,TV,5.9,6,0,0,http://bgm-api.anitabi.cn/pic/cover/l/54/13/403379_D2ICB.jpg,
448478,失忆投捕,忘却バッテリー,,东京都,TV,8,33,35.583122,139.835138,https://w.junreimap.com/images/bangumi/448478.jpg,7897
6016,假面骑士空我,仮面ライダークウガ,,,日剧,8.5,7,36.058897,139.257108,https://w.junreimap.com/images/bangumi/6016.jpg,
85204,妄想学生会＊,生徒会役員共*,,那霸市,TV,7.6,23,26.21447,127.686316,http://bgm-api.anitabi.cn/pic/cover/l/93/55/85204_oK33O.jpg,
5649,妄想学生会,生徒会役員共,,相模原市,TV,7.5,24,35.534727,139.437295,https://w.junreimap.com/images/bangumi/5649.jpg,12543
254208,奇异恩典·圣夜的小镇,アメイジング・グレイス -What color is your attribute?-,,,游戏,7.6,2,0,0,http://bgm-api.anitabi.cn/pic/cover/l/3e/b8/254208_RgeC4.jpg,
501614,不良少女,ばっどがーる,,,TV,6.7,1,0,0,http://bgm-api.anitabi.cn/pic/cover/l/df/1b/501614_SzXy2.jpg,
283137,,宅男的人间冒险,,,游戏,6.7,1,0,0,https://w.junreimap.com/images/bangumi/283137.jpg,
588364,极限竞速 地平线6,Forza Horizon 6,,,游戏,0,1,0,0,http://bgm-api.anitabi.cn/pic/cover/l/17/48/588364_jxJor.jpg,
535122,,vivid/stasis,,,游戏,8.6,5,0,0,http://bgm-api.anitabi.cn/pic/cover/l/57/51/535122_0z2a4.jpg,
7843,魔法禁书目录 第二季,とある魔術の禁書目録Ⅱ,,,TV,6.7,6,0,0,http://bgm-api.anitabi.cn/pic/cover/l/8d/91/7843_KPkpp.jpg,
211567,3月的狮子 第二季,3月のライオン 第2シリーズ,,,TV,8.8,55,35.669089,139.784482,http://bgm-api.anitabi.cn/pic/cover/l/5c/49/211567_pGm5Q.jpg,
404998,宇宙的音乐,宇宙の音楽,,明石市,漫画系列,8.1,2,0,0,http://bgm-api.anitabi.cn/pic/cover/l/ac/3b/404998_IHZeC.jpg,
127563,一拳超人,ワンパンマン,,,TV,8,5,0,0,http://bgm-api.anitabi.cn/pic/cover/l/8c/a2/127563_nl66u.jpg,
231722,邪神与厨二病少女,邪神ちゃんドロップキック,,千代田区,TV,7,6,35.69585,139.7586,https://w.junreimap.com/images/bangumi/231722.jpg,584
147068,3月的狮子,3月のライオン,,日本,TV,8.3,46,35.671626,139.784439,https://w.junreimap.com/images/bangumi/147068.jpg,
1902,3月的狮子,3月のライオン,,,漫画系列,8.8,17,0,0,http://bgm-api.anitabi.cn/pic/cover/l/fc/4d/1902_yfG4q.jpg,
524801,安妮·雪莉,アン・シャーリー,,,TV,6.9,1,0,0,http://bgm-api.anitabi.cn/pic/cover/l/2c/d5/524801_1q5FJ.jpg,
501844,怪兽8号 第二季,怪獣8号 第2期,,,TV,6.2,2,0,0,http://bgm-api.anitabi.cn/pic/cover/l/19/39/501844_Lh308.jpg,
5436,我的妹妹哪有这么可爱！一期,俺の妹がこんなに可愛いわけがない,Ore no Imōto ga Konna ni Kawaii Wake ga Nai,千叶市,TV,7.2,44,35.627721,140.088558,https://w.junreimap.com/images/bangumi/5436.jpg,2208
282,狼与香辛料,狼と香辛料,,欧洲,TV,7.8,4,47.996085,7.849549,https://w.junreimap.com/images/bangumi/282.jpg,55311
272785,,Penny Rain,,,,7.8,5,0,0,http://bgm-api.anitabi.cn/pic/cover/l/0c/9b/272785_z04Pl.jpg,
545133,美波超进化,ミナミザスーパーエボリューション,MINAMI THE SUPER EVOLUTION,多摩市,漫画系列,7.7,8,0,0,http://bgm-api.anitabi.cn/pic/cover/l/bc/0b/545133_GEGJ5.jpg,
422126,冬之花,冬の花,,,音乐,7.9,1,0,0,https://w.junreimap.com/images/bangumi/422126.jpg,
404632,,KICK BACK,,,音乐,6.7,1,0,0,https://w.junreimap.com/images/bangumi/404632.jpg,
159725,,罗小黑战记,,北京市,剧场版,7.7,2,39.926017,116.405259,https://w.junreimap.com/images/bangumi/159725.jpg,
221736,我想吃掉你的胰脏,君の膵臓をたべたい,,福冈市,剧场版,6.9,19,33.590183,130.401688,https://w.junreimap.com/images/bangumi/221736.jpg,
479788,一杆青空,空色ユーティリティ,,西东京市,TV,7,31,35.714173,139.555049,http://bgm-api.anitabi.cn/pic/cover/l/ea/c4/479788_mcfeN.jpg,
23685,加速世界,アクセル・ワールド,,东京都,TV,6.8,38,35.699589,139.693951,https://w.junreimap.com/images/bangumi/23685.jpg,553
207883,测不准的阿波连同学,阿波連さんははかれない,,,漫画系列,7.2,4,0,0,https://w.junreimap.com/images/bangumi/207883.jpg,
116461,食戟之灵,食戟のソーマ,,日本,TV,7.2,4,38.263138,140.875257,https://w.junreimap.com/images/bangumi/116461.jpg,803
333664,相合之物,であいもん,Deaimon,京都市,TV,7.8,87,35.017766,135.764837,https://w.junreimap.com/images/bangumi/333664.jpg,721
467461,当哒当,ダンダダン,,日本,TV,7.9,20,35.733069,139.414525,https://w.junreimap.com/images/bangumi/467461.jpg,3181
225878,明日方舟,明日方舟,,,游戏,6.8,1,0,0,http://bgm-api.anitabi.cn/pic/cover/l/b5/34/225878_ox8Ax.jpg,
55113,玉子市场,たまこまーけっと,Tamako Market,京都市,TV,7.1,96,34.992399,135.769964,https://w.junreimap.com/images/bangumi/55113.jpg,2730
446185,放学后归宅日常,放課後帰宅びより,,厚木市,漫画系列,7.8,53,35.434802,139.374496,http://bgm-api.anitabi.cn/pic/cover/l/99/ef/446185_e2ehh.jpg,
429305,真的要结婚吗,結婚するって、本当ですか,,东京都,TV,6.7,56,35.70179,139.808297,https://w.junreimap.com/images/bangumi/429305.jpg,5646
509062,和雨和你,雨と君と,,东京都,TV,6.9,6,0,0,http://bgm-api.anitabi.cn/pic/cover/l/75/94/509062_mC4D1.jpg,
230968,旅行青蛙,旅かえる,,日本,游戏,6.1,20,38.413288,136.970744,https://w.junreimap.com/images/bangumi/230968_noeca5h47.jpg,
524123,阳光马达棒球场！,ボールパークでつかまえて！,,,TV,7,3,0,0,http://bgm-api.anitabi.cn/pic/cover/l/a0/09/524123_5Pwit.jpg,
370560,一周一次买下同班同学的那些事,週に一度クラスメイトを買う話,,,小说系列,8.3,3,0,0,http://bgm-api.anitabi.cn/pic/cover/l/0d/e8/370560_sgCDF.jpg,
326278,鹤乡恋旅~悸动的飞来地~,鶴鄉戀旅~悸動的飛來地~,,出水市,游戏,5.8,32,0,0,http://bgm-api.anitabi.cn/pic/cover/l/c1/ff/326278_JQZGY.jpg,
2453,黑岩射手,ブラック★ロックシューター,,,OVA,6.5,1,0,0,http://bgm-api.anitabi.cn/pic/cover/l/8c/9f/2453_D8D33.jpg,
909,龙与虎,とらドラ!,Toradora!,东京都,TV,8.1,34,35.786958,139.706376,https://w.junreimap.com/images/bangumi/909.jpg,
294873,,猫之茗,,,WEB,6.5,1,0,0,http://bgm-api.anitabi.cn/pic/cover/l/4c/ca/294873_IQm5d.jpg,
356774,彻夜之歌,よふかしのうた,,埼玉市,TV,7.4,170,35.844934,139.647223,http://bgm-api.anitabi.cn/pic/cover/l/dd/cd/356774_zOW55.jpg,
148732,摇曳露营△,ゆるキャン△,,山梨县,漫画系列,8.3,4,0,0,http://bgm-api.anitabi.cn/pic/cover/l/d6/72/148732_45Q47.jpg,
88287,请问您今天要来点兔子吗？,ご注文はうさぎですか？,Is the Order a Rabbit,欧洲,TV,7.4,50,48.075308,7.357591,https://w.junreimap.com/images/bangumi/88287.jpg,647
193870,国民老公带回家,国民老公带回家,,,WEB,4.6,2,0,0,http://bgm-api.anitabi.cn/pic/cover/l/c4/89/193870_bNXNC.jpg,
168417,乌冬面之国的金色毛毬,うどんの国の金色毛鞠,,高松市,TV,6.8,80,34.357766,134.077877,https://w.junreimap.com/images/bangumi/168417.jpg,7644
112978,,端脑,,,WEB,6.3,1,0,0,http://bgm-api.anitabi.cn/pic/cover/l/32/64/112978_9n9bC.jpg,
10843,白兔糖,うさぎドロップ,usagi drop,名古屋市,TV,8,27,35.159003,136.903478,https://w.junreimap.com/images/bangumi/10843.jpg,
12786,朝雾的巫女,朝霧の巫女,,三次市,TV,5.5,11,34.807214,132.848481,https://w.junreimap.com/images/bangumi/12786.jpg,
490427,天国：拯救2,Kingdom Come: Deliverance II,,欧洲,游戏,8.5,11,0,0,http://bgm-api.anitabi.cn/pic/cover/l/b3/65/490427_rEbO5.jpg,
235397,恋爱小行星,恋する小惑星,,,漫画系列,7.6,1,0,0,http://bgm-api.anitabi.cn/pic/cover/l/ce/1c/235397_X9ajA.jpg,
46828,悠悠式,ゆゆ式,,东京都,TV,6.9,22,35.581384,139.65683,https://w.junreimap.com/images/bangumi/46828.jpg,3163
233,空之境界 第一章 俯瞰風景,空の境界 第一章 俯瞰風景,the Garden of sinners: Thanatos,东京都,剧场版,8,65,35.587821,139.684638,https://w.junreimap.com/images/bangumi/233.jpg,1761
266070,房间露营△,へやキャン△,,山梨县,TV,7.2,64,35.503591,138.777235,https://w.junreimap.com/images/bangumi/266070.jpg,18236
11304,迪迦奥特曼,ウルトラマンティガ,,东京都,日剧,8.8,27,35.618414,139.779535,https://w.junreimap.com/images/bangumi/11304.jpg,1394
38125,名侦探柯南 柯南、平次与消失的少年,名探偵コナン コナンと平次と消えた少年,,大阪府,OVA,6.3,9,34.705241,135.490105,https://w.junreimap.com/images/bangumi/38125.jpg,2391
3650,星空的记忆 -Wish upon a shooting star-,星空のメモリア -Wish upon a shooting star-,,小樽市,游戏,0,11,43.202278,141.002125,https://w.junreimap.com/images/bangumi/3650_nm7tb7gbf.jpg,42349
138886,偶像大师 灰姑娘女孩 星光舞台,アイドルマスター シンデレラガールズ スターライトステージ,,,游戏,7.8,10,0,0,http://bgm-api.anitabi.cn/pic/cover/l/ea/df/138886_NKCyC.jpg,
317680,歌剧少女！！,かげきしょうじょ!!,,,TV,7.7,1,0,0,https://w.junreimap.com/images/bangumi/317680.jpg,
1608,灌篮高手,スラムダンク,Slam Dunk,镰仓市,TV,8.7,8,35.483717,139.492173,https://w.junreimap.com/images/bangumi/1608.jpg,2169
148142,蓝海少女,あまんちゅ！,,伊东市,TV,6.8,36,34.985551,139.094555,https://w.junreimap.com/images/bangumi/148142.jpg,16928
491513,纯白交响曲,ましろ色シンフォニー -Love is pure white-,,神户市,游戏,0,5,34.693859,135.191364,https://w.junreimap.com/images/bangumi/491513_3xytx2t.jpg,3023
376703,偶像大师 灰姑娘女孩 U149,アイドルマスター シンデレラガールズ U149,,东京都,TV,7.8,46,35.693766,139.665653,https://w.junreimap.com/images/bangumi/376703.jpg,1540
226613,,崩坏3 Reburn,,,"by <a href=""/user/klove"" class=""avatar"">klion</a>",6.4,1,31.219899,121.411585,http://bgm-api.anitabi.cn/pic/cover/l/eb/c4/226613_YWmWy.jpg,
442555,美人鱼的夏天,美人鱼的夏天,,,剧场版,4.6,2,0,0,http://bgm-api.anitabi.cn/pic/cover/l/6d/be/442555_ZJ0Yj.jpg,
1851,天使的心跳！,Angel Beats!,,金泽市,TV,7.5,8,35.853194,138.786733,https://w.junreimap.com/images/bangumi/1851.jpg,
528438,明天，美食广场见。,フードコートで、また明日。,,名取市,TV,6.8,27,38.162474,140.895699,http://bgm-api.anitabi.cn/pic/cover/l/0d/5b/528438_cyCPQ.jpg,
66760,少女理论及其周边 -巴黎学院篇-,乙女理論とその周辺 -École de Paris-,,欧洲,游戏,8,8,0,0,https://w.junreimap.com/images/bangumi/66760.jpg,
311759,结城友奈是勇者 -大满开之章-,結城友奈は勇者である -大満開の章-,,,TV,6.8,3,0,0,http://bgm-api.anitabi.cn/pic/cover/l/a2/ed/311759_x0GRw.jpg,
482314,学园偶像大师,学園アイドルマスター,,,游戏,7.2,1,0,0,http://bgm-api.anitabi.cn/pic/cover/l/5e/2d/482314_p2UWW.jpg,
238416,,駅メモ！ショートアニメ「横手編」,,横手市,WEB,5.2,14,0,0,https://w.junreimap.com/images/bangumi/238416_3vlc2cx.jpg,
94040,无彩限的怪灵世界,無彩限のファントム・ワールド,,镰仓市,TV,6.2,17,35.311693,139.500232,https://w.junreimap.com/images/bangumi/94040.jpg,31949
513603,战地风云6,Battlefield 6,,,游戏,6.5,1,0,0,http://bgm-api.anitabi.cn/pic/cover/l/36/ed/513603_MywwV.jpg,
333158,更衣人偶坠入爱河,その着せ替え人形は恋をする,,埼玉市,TV,7.3,82,35.955001,139.695944,https://w.junreimap.com/images/bangumi/333158.jpg,9983
5658,超元气三姐妹,みつどもえ,,,TV,7.4,1,0,0,http://bgm-api.anitabi.cn/pic/cover/l/8c/96/5658_xXJX8.jpg,
297149,重返阿瓦隆 -武内崇 Fate 作品集-,Return to AVALON -武内崇Fate ART WORKS-,,欧洲,画集,8,13,52.663137,-2.051524,https://w.junreimap.com/images/bangumi/297149.jpg,
131800,长骑美眉,ろんぐらいだぁす！,,镰仓市,TV,6.5,134,35.308604,139.521292,https://w.junreimap.com/images/bangumi/131800.jpg,244
338567,战地2042,Battlefield 2042,,,游戏,4.7,5,0,0,http://bgm-api.anitabi.cn/pic/cover/l/8a/d2/338567_1ByR6.jpg,
274,雪之少女,カノン,Kanon,札幌市,TV,7.8,37,38.194815,139.193181,https://w.junreimap.com/images/bangumi/274.jpg,
213329,动画同好会,アニメガタリズ,ANIME-GATARIS,,TV,5.9,10,0,0,https://w.junreimap.com/images/bangumi/213329.jpg,
58949,言叶之庭,言の葉の庭,The Garden of Words,新宿区,剧场版,7.5,119,35.684792,139.710645,https://w.junreimap.com/images/bangumi/58949.jpg,1642
204483,动作女主 水果应援团,アクションヒロイン チアフルーツ,,夷隅市,TV,6.6,7,0,0,http://bgm-api.anitabi.cn/pic/cover/l/ea/2a/204483_3Q7dd.jpg,
108558,零 ～濡鸦之巫女～,零 ～濡鴉ノ巫女～,,,游戏,7.5,3,0,0,http://bgm-api.anitabi.cn/pic/cover/l/5b/40/108558_RDJ9k.jpg,
194261,天使的3P!,天使の3P!,,船桥市,TV,6,16,0,0,https://w.junreimap.com/images/bangumi/194261.jpg,
198098,citrus～柑橘味香气～,citrus,,东京都,TV,6.3,48,35.677787,139.77051,http://bgm-api.anitabi.cn/pic/cover/l/8e/45/198098_g44Mz.jpg,
1935,钢之炼金术师 香巴拉的征服者,鋼の錬金術師 シャンバラを征く者,,,剧场版,7.3,1,0,0,http://bgm-api.anitabi.cn/pic/cover/l/8d/55/1935_k599x.jpg,
204145,属性咖啡厅,ブレンド・S,,,TV,6.8,14,35.658625,139.698705,https://w.junreimap.com/images/bangumi/204145.jpg,114
198675,第一次的辣妹,はじめてのギャル,,东京都,TV,5.1,14,0,0,http://bgm-api.anitabi.cn/pic/cover/l/d8/c9/198675_3wQ9q.jpg,
127063,亮剑,亮剑,,,华语剧,8.3,1,0,0,http://bgm-api.anitabi.cn/pic/cover/l/5b/66/127063_uWaUt.jpg,
242,穿越时空的少女,時をかける少女,The Girl Who Leapt Through Time,东京都,剧场版,7.9,13,35.70861,139.699147,https://w.junreimap.com/images/bangumi/242.jpg,688
47144,麦兜故事,麥兜故事,,中国,剧场版,7.4,7,22.281526,114.215023,https://w.junreimap.com/images/bangumi/47144.jpg,117877
496973,9-nine- 支配者的王冠,9-nine- Ruler's Crown,,,TV,4.9,8,0,0,http://bgm-api.anitabi.cn/pic/cover/l/0a/ad/496973_kUlKl.jpg,
105045,海街日记,海街diary,,镰仓市,电影,7.6,5,35.2988,139.509776,https://w.junreimap.com/images/bangumi/105045.jpg,1124
84256,库特wafter 改装版,クドわふたー Converted Edition,,,游戏,7.1,1,0,0,http://bgm-api.anitabi.cn/pic/cover/l/58/e5/84256_IbYzv.jpg,
10377,电波女与青春男,電波女と青春男,Ground Control to Psychoelectric Girl,名古屋市,TV,7.1,16,35.1661,136.898791,https://w.junreimap.com/images/bangumi/10377.jpg,418
200547,樱花任务,サクラクエスト,,南砺市,TV,6.9,47,36.524671,136.859033,https://w.junreimap.com/images/bangumi/200547.jpg,7763
220848,侧车搭档,つうかあ,,东京都,TV,5.6,21,34.060958,139.528678,https://w.junreimap.com/images/bangumi/220848.jpg,70322
269090,,HELLO WORLD,,京都市,剧场版,6.8,35,35.007012,135.757182,https://w.junreimap.com/images/bangumi/269090.jpg,1466
100449,月刊少女野崎君,月刊少女野崎くん,,,TV,7.8,6,0,0,http://bgm-api.anitabi.cn/pic/cover/l/a0/20/100449_d101j.jpg,
1147,ZEGAPAIN,ゼーガペイン,,浦安市,TV,7.4,18,0,0,http://bgm-api.anitabi.cn/pic/cover/l/a1/d5/1147_DzZQ5.jpg,
532962,我这渣滓一样的人生肯定全部都是狸猫的错,俺のカスみたいな人生は全部タヌキのせい,,多摩市,漫画系列,7.7,1,0,0,http://bgm-api.anitabi.cn/pic/cover/l/ad/b7/532962_10wj1.jpg,
143205,南镰仓高校女子自行车社,南鎌倉高校女子自転車部,,镰仓市,TV,6,53,35.310477,139.522434,https://w.junreimap.com/images/bangumi/143205.jpg,795
3190,第一小队,First Squad: The Moment Of Truth,,,剧场版,5.6,2,57.937717,28.066472,https://w.junreimap.com/images/bangumi/3190.jpg,
279059,满溢的水果挞,おちこぼれフルーツタルト,,小金井市,TV,6.4,53,35.765538,139.692698,http://bgm-api.anitabi.cn/pic/cover/l/0d/2e/279059_NNOnk.jpg,
1804,心跳回忆 Only Love,ときめきメモリアル Only Love,Tokimeki Memorial Only Love,北海道,TV,6.6,20,43.211617,141.752632,https://w.junreimap.com/images/bangumi/1804.jpg,46088
69944,跟班×服务,サーバント×サービス,,,TV,7.4,13,42.999582,141.443653,https://w.junreimap.com/images/bangumi/69944.jpg,
523994,,あしたはれたら死のう,,,小说,0,21,0,0,http://bgm-api.anitabi.cn/pic/cover/l/4e/ae/523994_Glced.jpg,
13552,机动警察 NEW OVA,機動警察パトレイバー NEW OVA,,,OVA,8.2,1,0,0,http://bgm-api.anitabi.cn/pic/cover/l/cd/ad/13552_80asQ.jpg,
23119,命运石之门 负荷领域的既视感,STEINS;GATE 負荷領域のデジャヴ,,,剧场版,7.8,5,35.724231,139.718021,https://w.junreimap.com/images/bangumi/23119.jpg,681
2463,无头骑士异闻录,デュラララ!!,DRRR!!,丰岛区,TV,8,88,35.578474,139.645252,https://w.junreimap.com/images/bangumi/2463.jpg,1326
507209,怠工之夏,サボタージュ・サマー,,井原市,漫画系列,7.2,11,0,0,http://bgm-api.anitabi.cn/pic/cover/l/fb/c8/507209_aoBek.jpg,
8484,机动警察,機動警察パトレイバー,,,TV,7.9,5,0,0,http://bgm-api.anitabi.cn/pic/cover/l/d7/c1/8484_K4VAE.jpg,
44123,近月少女的礼仪,月に寄りそう乙女の作法,,,游戏,0,5,0,0,https://w.junreimap.com/images/bangumi/44123_nmu96l7rl.jpg,
2790,好想告诉你,君に届け,Kimi ni Todoke,北海道,TV,7.7,9,44.364534,141.707248,https://w.junreimap.com/images/bangumi/2790.jpg,149158
4235,神是中学生,かみちゅ!,,尾道市,TV,7.4,40,34.405493,133.197899,https://w.junreimap.com/images/bangumi/4235.jpg,473
226750,刀剑神域外传 Gun Gale Online,ソードアート・オンライン オルタナティブ ガンゲイル・オンライン,,带广市,TV,6.6,4,42.918376,143.202811,https://w.junreimap.com/images/bangumi/226750.jpg,3203
8990,食梦者玛利,夢喰いメリー,,上越市,TV,6.1,19,37.114131,138.241825,https://w.junreimap.com/images/bangumi/8990.jpg,
4214,圣母在上,マリア様がみてる,Maria Watches Over Us,东京都,TV,7.8,93,35.73432,139.993126,https://w.junreimap.com/images/bangumi/4214.jpg,
47276,乃木坂春香的秘密 Finale♪,乃木坂春香の秘密 ふぃな〜れ♪,,北海道,OVA,6.2,23,43.074191,141.742015,https://w.junreimap.com/images/bangumi/47276.jpg,
376433,政宗君的复仇R,政宗くんのリベンジR,,,TV,5.3,1,0,0,https://w.junreimap.com/images/bangumi/376433.jpg,
1445,香格里拉,シャングリ・ラ,,,TV,6.4,1,0,0,https://w.junreimap.com/images/bangumi/1445.jpg,
1730,简单易懂的现代魔法,よくわかる現代魔法,,,TV,6,1,0,0,https://w.junreimap.com/images/bangumi/1730.jpg,
4291,最后大魔王,いちばんうしろの大魔王,,,TV,5.9,1,0,0,https://w.junreimap.com/images/bangumi/4291.jpg,
2608,乃木坂春香的秘密 purezza♪,乃木坂春香の秘密 ぴゅあれっつぁ♪,,,TV,6.1,1,0,0,https://w.junreimap.com/images/bangumi/2608.jpg,
1850,读或死 TV,R.O.D -THE TV-,,,TV,7.1,1,0,0,https://w.junreimap.com/images/bangumi/1850.jpg,
1849,Keroro军曹,ケロロ軍曹,,,TV,7.4,1,0,0,http://bgm-api.anitabi.cn/pic/cover/l/cd/63/1849_aI2w2.jpg,
276402,爱因斯坦携爱敬上,アインシュタインより愛を込めて,,八王子市,游戏,0,4,0,0,https://w.junreimap.com/images/bangumi/276402_30o9qla.jpg,
1195,棋魂,ヒカルの碁,,日本,漫画系列,8.6,157,0,0,https://w.junreimap.com/images/bangumi/1195.jpg,
226540,魔法禁书目录 第三季,とある魔術の禁書目録Ⅲ,,东京都,TV,5.4,30,35.551929,139.581605,https://w.junreimap.com/images/bangumi/226540.jpg,3084
48702,闪亮的拓人 剧场版,スタードライバー THE MOVIE,,,剧场版,6.7,2,0,0,http://bgm-api.anitabi.cn/pic/cover/l/32/08/48702_2MGdF.jpg,
67376,灰色的果实,グリザイアの果実,,神奈川县,TV,7,4,35.261363,139.3165,https://w.junreimap.com/images/bangumi/67376.jpg,
121597,,铠甲勇士刑天,,天津市,华语剧,7.3,15,39.077852,117.690234,https://w.junreimap.com/images/bangumi/121597.jpg,59717
46728,RDG 濒危物种少女,RDG レッドデータガール,,,TV,6.3,53,0,0,http://bgm-api.anitabi.cn/pic/cover/l/f2/fa/46728_E2s1U.jpg,
91222,花舞少女,ハナヤマタ,,镰仓市,TV,6.9,51,35.311338,139.532334,https://w.junreimap.com/images/bangumi/91222.jpg,3564
138960,温泉幼精箱根酱,温泉幼精ハコネちゃん,,小田原市,TV,5.7,50,35.202696,139.066402,https://w.junreimap.com/images/bangumi/138960.jpg,6387
169917,机动战士高达独角兽 RE,機動戦士ガンダムユニコーン RE:0096,,,TV,6.9,1,0,0,http://bgm-api.anitabi.cn/pic/cover/l/50/20/169917_6U6fj.jpg,
110600,旋转少女,ローリング☆ガールズ,The Rolling Girls,日本,TV,7.4,48,31.443224,135.814238,https://w.junreimap.com/images/bangumi/110600.jpg,
48031,GJ部,GJ部,,狛江市,TV,6.9,11,35.660992,139.584839,https://w.junreimap.com/images/bangumi/48031.jpg,1763
117558,干支魂,えとたま,,千代田区,TV,6.5,16,0,0,http://bgm-api.anitabi.cn/pic/cover/l/2a/2b/117558_HTw6N.jpg,
56705,侠盗猎车手5,Grand Theft Auto V,,海外,游戏,8.6,23,0,0,https://w.junreimap.com/images/bangumi/56705.jpg,
22290,白色相簿2 终章,WHITE ALBUM2 -closing chapter-,WHITE ALBUM2 -closing chapter-,东京都,游戏,0,18,42.440219,73.764721,https://w.junreimap.com/images/bangumi/22290_onslk2fvm.jpg,
89485,极黑的布伦希尔特,極黒のブリュンヒルデ,BRYNHILDR IN THE DARKNESS,长野市,TV,5.9,15,36.648525,138.195037,https://w.junreimap.com/images/bangumi/89485.jpg,
80778,黑白小姐,ミス・モノクローム -The Animation-,,,TV,6.5,9,0,0,http://bgm-api.anitabi.cn/pic/cover/l/c8/7e/80778_3UZ00.jpg,
63927,如果她的旗帜被折断了,彼女がフラグをおられたら,,,TV,5.7,4,0,0,http://bgm-api.anitabi.cn/pic/cover/l/1b/cb/63927_IOhHR.jpg,
176478,动物朋友,けものフレンズ,,日本,TV,7.8,27,35.763032,139.676119,https://w.junreimap.com/images/bangumi/176478.jpg,5063
188091,珈百璃的堕落,ガヴリールドロップアウト,,滨松市,TV,7,10,34.696217,137.773209,https://w.junreimap.com/images/bangumi/188091.jpg,9081
165553,LoveLive! Sunshine!!,ラブライブ! サンシャイン!!,Love Live! Sunshine!!,沼津市,TV,6.5,127,35.097636,138.915996,https://w.junreimap.com/images/bangumi/165553.jpg,7185
64172,偶像大师 剧场版 向着光辉的彼岸！,THE IDOLM@STER MOVIE 輝きの向こう側へ！,,,剧场版,8,5,0,0,http://bgm-api.anitabi.cn/pic/cover/l/f8/45/64172_8MujB.jpg,
267055,最终幻想14 暗影之逆焰,ファイナルファンタジーXIV 漆黒のヴィランズ,,,扩展包,8.5,1,0,0,http://bgm-api.anitabi.cn/pic/cover/l/11/36/267055_lXJeQ.jpg,
14667,丹特丽安的书架,ダンタリアンの書架,,,TV,7.1,1,0,0,http://bgm-api.anitabi.cn/pic/cover/l/28/db/14667_FznyN.jpg,
9781,GOSICK,GOSICK -ゴシック-,GOSICK,,TV,7.3,2,0,0,http://bgm-api.anitabi.cn/pic/cover/l/9d/3d/9781_Kkik8.jpg,
70983,NOeSIS02-羽化-,NOeSIS02-羽化-,,,游戏,7.6,9,0,0,http://bgm-api.anitabi.cn/pic/cover/l/07/94/70983_Z5uTt.jpg,
80548,属性同好会,ディーふらぐ!,,,TV,6.9,10,0,0,http://bgm-api.anitabi.cn/pic/cover/l/bd/63/80548_2Hjhy.jpg,
77570,我的脑内选项正在全力妨碍学园恋爱喜剧,俺の脳内選択肢が、学園ラブコメを全力で邪魔している,,,TV,6.6,6,36.370814,140.476685,https://w.junreimap.com/images/bangumi/77570.jpg,
311615,如果烧陶的话也做个马克杯吧,やくならマグカップも,,多治见市,TV,5.8,51,0,0,http://bgm-api.anitabi.cn/pic/cover/l/de/ad/311615_ROY0R.jpg,
84171,排球少年,ハイキュー!!,,,TV,8.2,13,39.136691,141.32507,https://w.junreimap.com/images/bangumi/84171.jpg,
205729,Golden Hour,ゴールデンアワー,,,游戏,0,3,0,0,https://w.junreimap.com/images/bangumi/205729_2ogelnj.jpg,
360097,崩坏：星穹铁道,崩坏：星穹铁道,,,游戏,5.9,3,0,0,http://bgm-api.anitabi.cn/pic/cover/l/d2/c9/360097_z4dYA.jpg,
318227,指名！,CUE!,,东京都,TV,6.2,12,0,0,http://bgm-api.anitabi.cn/pic/cover/l/8f/4d/318227_ad6A1.jpg,
261591,Slow Loop,スローループ,,横须贺市,漫画,7.5,26,35.259603,139.740914,https://w.junreimap.com/images/bangumi/261591.jpg,13181
234295,LoveLive! Sunshine!! 学园偶像 电影 彩虹彼端,ラブライブ!サンシャイン!! The School Idol Movie Over the Rainbow,,沼津市,剧场版,6.6,58,35.093543,138.8514,https://w.junreimap.com/images/bangumi/234295_2luastg.jpg,15905
75702,归宅部活动记录,帰宅部活動記録,Chronicles of the Going Home Club,东京都,TV,6.9,10,35.676191,139.65031,https://w.junreimap.com/images/bangumi/75702.jpg,
59825,百合熊风暴,ユリ熊嵐,,东京都,TV,7.2,18,35.671933,139.754661,https://w.junreimap.com/images/bangumi/59825.jpg,2171
101518,狼少女与黑王子,オオカミ少女と黒王子,,大阪市,TV,6.3,3,34.705679,135.195708,https://w.junreimap.com/images/bangumi/101518.jpg,1398
298010,平安达纪,へんたつ,,东京都,TV,6.6,14,35.70921,139.665686,https://w.junreimap.com/images/bangumi/298010.jpg,500
187112,装神少女小缠,装神少女まとい,,日本,TV,6.2,18,35.551264,139.786136,https://w.junreimap.com/images/bangumi/187112.jpg,6488
536601,跨越数千昼夜,跨越数千昼夜,,,,7,2,51.508264,-0.128422,https://w.junreimap.com/images/bangumi/536601.jpg,
254,混沌武士,サムライチャンプルー,,日本,TV,8.5,20,34.89959,135.81192,http://bgm-api.anitabi.cn/pic/cover/l/c5/2f/254_PLvyV.jpg,
136213,春&夏推理事件簿～春太与千夏的青春～,ハルチカ～ハルタとチカは青春する～,,静冈市,TV,6,73,34.967785,138.475256,https://w.junreimap.com/images/bangumi/136213.jpg,1419
246430,BanG Dream! 第三季,BanG Dream! 3rd Season,,东京都,TV,7.3,12,35.407089,139.863825,http://bgm-api.anitabi.cn/pic/cover/l/42/9f/246430_BpvBB.jpg,
287553,水野与茶山,水野と茶山,,袋井市,漫画系列,7.1,10,0,0,http://bgm-api.anitabi.cn/pic/cover/l/3f/c4/287553_LP7aI.jpg,
47889,来自风平浪静的明天,凪のあすから,,熊野市,TV,7.5,30,33.903589,136.137577,https://w.junreimap.com/images/bangumi/47889.jpg,115635
211114,猫猫日本史 第二季,ねこねこ日本史 第2期,,,TV,6.4,1,0,0,http://bgm-api.anitabi.cn/pic/cover/l/5b/81/211114_Dq8HL.jpg,
548156,青之箱 第二季,アオのハコ 第2期,,,TV,10,1,0,0,http://bgm-api.anitabi.cn/pic/cover/l/f1/6c/548156_8DHwB.jpg,
38668,盖亚奥特曼,ウルトラマンガイア,,,日剧,8.8,2,0,0,http://bgm-api.anitabi.cn/pic/cover/l/b7/2e/38668_QJcRP.jpg,
77171,高达创战者,ガンダムビルドファイターズ,,,TV,7.6,4,0,0,http://bgm-api.anitabi.cn/pic/cover/l/3e/9b/77171_i4TC4.jpg,
295090,星之梦～雪圏球～,planetarian～雪圏球～,,滨松市,OVA,7.3,19,0,0,http://bgm-api.anitabi.cn/pic/cover/l/c2/69/295090_pTyK7.jpg,
285130,我们真的学不来！,ぼくたちは勉強ができない！,,,TV,6,3,0,0,http://bgm-api.anitabi.cn/pic/cover/l/80/0f/285130_brGSR.jpg,
110630,渡君的XX即将崩坏,渡くんの××が崩壊寸前,,羽村市,漫画系列,6.1,8,0,0,http://bgm-api.anitabi.cn/pic/cover/l/27/7b/110630_h3pUH.jpg,
27513,现在就想告诉哥哥，我是妹妹！,いますぐお兄ちゃんに妹だっていいたい！,,,游戏,6.9,4,0,0,http://bgm-api.anitabi.cn/pic/cover/l/ee/c6/61238_U33d3.jpg,
567684,,迷宮のしおり,,横滨市,剧场版,0,2,35.443673,139.637963,http://bgm-api.anitabi.cn/pic/cover/l/b1/e8/567684_qbYrH.jpg,
64718,忠臣藏46＋1,ChuSingura46＋1　-忠臣蔵46＋1-,,赤穗市,游戏,8.2,10,0,0,http://bgm-api.anitabi.cn/pic/cover/l/c8/6e/64718_Wv9I9.jpg,
509986,末日后酒店,アポカリプスホテル,Apocalypse Hotel,东京都,TV,7.5,88,35.670278,139.765583,https://w.junreimap.com/images/bangumi/509986.jpg,1227
280516,昨日之歌,イエスタデイをうたって,,东京都,TV,7.2,51,35.674261,139.627096,https://w.junreimap.com/images/bangumi/280516.jpg,1737
14435,五彩斑斓的世界,いろとりどりのセカイ,,,游戏,0,9,35.074215,140.08519,https://w.junreimap.com/images/bangumi/14435_nju9blq50.jpg,7348
1940,魔卡少女樱,カードキャプターさくら,,,TV,8.2,2,0,0,http://bgm-api.anitabi.cn/pic/cover/l/95/e6/1940_o9Lto.jpg,
303068,舞伎家的料理人,舞妓さんちのまかないさん,,,TV,6.9,1,0,0,http://bgm-api.anitabi.cn/pic/cover/l/84/ec/303068_R79G0.jpg,
557825,,男娘恋爱物语,,,游戏,4.4,2,0,0,http://bgm-api.anitabi.cn/pic/cover/l/41/ab/557825_3gr85.jpg,
480545,紫云寺家的兄弟姐妹,紫雲寺家の子供たち,,,TV,6.4,4,0,0,http://bgm-api.anitabi.cn/pic/cover/l/48/c8/480545_gGwa0.jpg,
268067,名侦探柯南 绀青之拳,名探偵コナン 紺青の拳,Detective Conan: The Fist of Blue Sapphire,海外,剧场版,5.3,3,1.298124,103.867989,https://w.junreimap.com/images/bangumi/268067.jpg,2596936
175600,剧场版 Fate/stay night [天之杯] III.春之歌,劇場版 Fate/stay night [Heaven's Feel] III.spring song,,,剧场版,7.9,2,0,0,http://bgm-api.anitabi.cn/pic/cover/l/2c/bf/175600_4wcTq.jpg,
183891,魔卡少女樱 透明牌篇,カードキャプターさくら クリアカード編,,日本,TV,7.2,2,31.664776,35.552797,https://w.junreimap.com/images/bangumi/183891.jpg,
208773,机甲大师,ROBOMASTERS THE ANIMATED SERIES,,,TV,6,1,0,0,http://bgm-api.anitabi.cn/pic/cover/l/b5/82/208773_6kGK1.jpg,
109386,命运守护之夜：无限剑制 第二季,Fate/stay night [Unlimited Blade Works] 2ndシーズン,,,TV,7.4,1,0,0,https://w.junreimap.com/images/bangumi/109386.jpg,
90880,玉子爱情故事,たまこラブストーリー,Tamako Love Story,京都市,剧场版,7.8,76,35.029753,135.772275,https://w.junreimap.com/images/bangumi/90880.jpg,138143
17035,寒蝉鸣泣之时,ひぐらしのなく頃に,,岐阜县,游戏,8.2,127,0,0,http://bgm-api.anitabi.cn/pic/cover/l/58/ef/17035_n33xd.jpg,
8018,假面骑士剑,仮面ライダー剣,,,日剧,7.9,1,0,0,http://bgm-api.anitabi.cn/pic/cover/l/ba/63/8018_zg14s.jpg,
297254,剃须。然后捡到女高中生。,ひげを剃る。そして女子高生を拾う。,,,TV,5.3,10,43.386968,142.056473,http://bgm-api.anitabi.cn/pic/cover/l/e9/78/297254_kdK52.jpg,
1707,云之彼端，约定的地方,雲のむこう、約束の場所,-The place promised in our early days-,青森县,剧场版,7.3,10,41.044197,140.540194,https://w.junreimap.com/images/bangumi/1707.jpg,78754
297152,京都小住。,ちょこっと京都に住んでみた。,,京都市,日剧,6.9,17,0,0,http://bgm-api.anitabi.cn/pic/cover/l/6d/55/297152_MK8wq.jpg,
38655,奥特曼,ULTRAMAN,,东京都,电影,7.7,3,0,0,http://bgm-api.anitabi.cn/pic/cover/l/07/c3/38655_Kr0G9.jpg,
279450,破烂机器迷糊子,ぽんこつポン子,,沼津市,漫画,7.4,26,34.974071,138.772295,https://w.junreimap.com/images/bangumi/279450.jpg,31654
292359,听我的电波吧,波よ聞いてくれ,"Wave,Listen to me!",札幌市,TV,7.5,31,43.053743,141.288532,https://w.junreimap.com/images/bangumi/292359.jpg,7278
137722,只有我不存在的城市,僕だけがいない街,,苫小牧市,TV,7.7,34,42.639286,141.597955,https://w.junreimap.com/images/bangumi/137722.jpg,30702
236074,闪亮美妙☆频道,キラッとプリ☆チャン,,东京都,TV,6.2,1,0,0,http://bgm-api.anitabi.cn/pic/cover/l/99/92/236074_shlLQ.jpg,
418527,艺术学院1994,艺术学院1994,,,剧场版,5.9,1,0,0,http://bgm-api.anitabi.cn/pic/cover/l/34/25/418527_q9XqP.jpg,
445826,记忆缝线,ユア・フォルマ,,欧洲,TV,0,62,51.505551,-0.109166,http://bgm-api.anitabi.cn/pic/cover/l/14/39/445826_id8dk.jpg,
181958,战地1,Battlefield 1,,,游戏,7.6,4,0,0,http://bgm-api.anitabi.cn/pic/cover/l/ee/aa/181958_zXxf2.jpg,
246818,战地5,Battlefield V,,,游戏,6.2,3,0,0,http://bgm-api.anitabi.cn/pic/cover/l/e6/2d/246818_8WeVe.jpg,
222694,梦旅人,PiCNiC,,,电影,7.3,9,0,0,http://bgm-api.anitabi.cn/pic/cover/l/3e/81/222694_JZ3s7.jpg,
297264,亚托莉 -我挚爱的时光-,ATRI -My Dear Moments-,,,游戏,7.3,1,35.07781,136.075591,https://w.junreimap.com/images/bangumi/297264.jpg,
397604,亚托莉 -我挚爱的时光-,ATRI -My Dear Moments-,,铫子市,TV,7.1,19,35.743127,140.85377,https://w.junreimap.com/images/bangumi/397604.jpg,3144
241089,天狼 Sirius the Jaeger,天狼 Sirius the Jaeger,,海外,TV,5.8,4,46.62155,142.761928,https://w.junreimap.com/images/bangumi/241089.jpg,276533
3478,交响情人梦Finale,のだめカンタービレ フィナーレ,,,TV,7.9,10,0,0,http://bgm-api.anitabi.cn/pic/cover/l/b0/71/3478_1LJKF.jpg,
1966,交响情人梦 巴黎篇,のだめカンタービレ 巴里編,,,TV,7.7,19,0,0,http://bgm-api.anitabi.cn/pic/cover/l/36/83/1966_gSCg8.jpg,
239910,Ingress,イングレス,Ingress The Animation,海外,TV,6.2,14,35.647342,139.750858,https://w.junreimap.com/images/bangumi/239910.jpg,1149
290986,Study § Steady,「スタディ§ステディ」 コンプリートサウンドアルバム,,,,7.1,1,0,0,http://bgm-api.anitabi.cn/pic/cover/l/2f/6a/290986_Z3vj9.jpg,
565,名侦探柯南,名探偵コナン,,,漫画系列,7.6,1,0,0,http://bgm-api.anitabi.cn/pic/cover/l/cb/cb/565_pWWbW.jpg,
419558,灵视异闻 FILE23 本所七大不可思议,パラノマサイト FILE23 本所七不思議,,墨田区,游戏,7.6,16,35.70643,139.816906,https://w.junreimap.com/images/bangumi/419558.jpg,1086
36261,晚安，布布,おやすみプンプン,,鹿儿岛县,漫画,8.8,22,35.599125,139.631156,https://w.junreimap.com/images/bangumi/36261.jpg,2498
25833,剧场版 魔法少女小圆 [前篇] 起始的物语,劇場版 魔法少女まどか☆マギカ [前編] 始まりの物語,,,剧场版,7.9,1,0,0,http://bgm-api.anitabi.cn/pic/cover/l/fa/1d/25833_kZIjD.jpg,
265708,女高中生的无所事事,女子高生の無駄づかい,,东村山市,TV,7.6,65,35.805687,139.780592,https://w.junreimap.com/images/bangumi/265708.jpg,
305058,BanG Dream! Episode of Roselia Ⅰ,BanG Dream! Episode of Roselia Ⅰ : 約束,,东京都,剧场版,6.3,17,0,0,http://bgm-api.anitabi.cn/pic/cover/l/ca/70/305058_xeEEN.jpg,
315490,,BanG Dream! Episode of Roselia Ⅱ : Song I am.,,东京都,剧场版,6.6,10,0,0,http://bgm-api.anitabi.cn/pic/cover/l/ed/47/315490_oowWP.jpg,
526043,外星人姆姆,宇宙人ムームー,,町田市,TV,6.3,6,35.407205,139.485094,http://bgm-api.anitabi.cn/pic/cover/l/1f/8e/526043_BzVh4.jpg,
176518,星之梦,planetarian～ちいさなほしのゆめ～,,滨松市,WEB,7.4,16,34.721833,137.732789,https://w.junreimap.com/images/bangumi/176518.jpg,4848
425605,电影 GIVEN 柊mix,映画 ギヴン 柊mix,,町田市,剧场版,6,16,35.551223,139.453267,https://w.junreimap.com/images/bangumi/425605.jpg,1068
90516,FLOWERS 春篇,FLOWERS - Le volume sur printemps -,,桑名市,游戏,7.4,3,35.070927,136.692451,https://w.junreimap.com/images/bangumi/90516.jpg,102242
443,交响情人梦,のだめカンタービレ,,,TV,8,2,0,0,http://bgm-api.anitabi.cn/pic/cover/l/13/f3/443_8yZla.jpg,
446296,拉撒路,LAZARUS,,,TV,6,2,0,0,http://bgm-api.anitabi.cn/pic/cover/l/29/22/446296_rRM5n.jpg,
409483,天使☆嚣嚣 RE-BOOT!,天使☆騒々 RE-BOOT!,,,游戏,0,6,0,0,https://w.junreimap.com/images/bangumi/409483_p4y8yfa7z.jpg,
239565,孤独的美食家 第七季,孤独のグルメ Season7,,,日剧,7.7,13,0,0,http://bgm-api.anitabi.cn/pic/cover/l/a6/8d/239565_A2Uq9.jpg,
104614,孤独的美食家 第四季,孤独のグルメ Season4,,,日剧,7.8,15,0,0,http://bgm-api.anitabi.cn/pic/cover/l/f6/16/104614_icTTi.jpg,
502002,假面骑士加布,仮面ライダーガヴ,,,日剧,7.7,1,0,0,http://bgm-api.anitabi.cn/pic/cover/l/be/26/502002_7jywq.jpg,
389189,孤独的美食家 第十季,孤独のグルメ Season10,,,日剧,7.5,14,0,0,http://bgm-api.anitabi.cn/pic/cover/l/6f/f5/389189_6zNvd.jpg,
338953,原子之心,Atomic Heart,,,游戏,6.2,1,0,0,http://bgm-api.anitabi.cn/pic/cover/l/6a/43/338953_4S4Kn.jpg,
364252,极速车魂,MFゴースト,MF GHOST,神奈川县,TV,6.3,34,35.321083,139.479133,https://w.junreimap.com/images/bangumi/364252.jpg,1794
119889,我老婆是学生会长,おくさまが生徒会長!,,钏路市,TV,6,3,42.978964,144.377361,https://w.junreimap.com/images/bangumi/119889.jpg,107585
424883,不时轻声地以俄语遮羞的邻座艾莉同学,時々ボソッとロシア語でデレる隣のアーリャさん,Иногда Аля внезапно кокетничает по-русски,东京都,TV,6.9,33,35.608296,139.713017,https://w.junreimap.com/images/bangumi/424883.jpg,4152
431325,布莱泽奥特曼,ウルトラマンブレーザー,,,日剧,7.6,2,0,0,http://bgm-api.anitabi.cn/pic/cover/l/93/4d/431325_B6vPB.jpg,
1369,蜂蜜与四叶草,ハチミツとクローバー,,东京都,日剧,6.4,71,0,0,http://bgm-api.anitabi.cn/pic/cover/l/0e/3a/1369_3wLIL.jpg,
455602,,今日からここで暮らシマす!?,,东京都,漫画系列,0,2,0,0,https://w.junreimap.com/images/bangumi/455602.jpg,
103127,电器街的漫画店,デンキ街の本屋さん,,千代田区,TV,6.9,40,35.702945,139.771734,https://w.junreimap.com/images/bangumi/103127.jpg,464
847,蜂蜜与四叶草,ハチミツとクローバー,Honey and Clover,东京都,TV,8.5,9,35.620466,139.63829,https://w.junreimap.com/images/bangumi/847.jpg,5906
8402,吊带袜天使,Panty & Stocking with Garterbelt,Panty & Stocking with Garterbelt,,TV,8,1,0,0,http://bgm-api.anitabi.cn/pic/cover/l/a7/49/8402_Q9mLv.jpg,
73955,半泽直树,半沢直樹,,,日剧,8.3,1,0,0,http://bgm-api.anitabi.cn/pic/cover/l/c1/53/73955_nZkv3.jpg,
59583,飙速宅男,弱虫ペダル,,,TV,7.4,39,35.265403,139.115381,https://w.junreimap.com/images/bangumi/59583.jpg,43027
481945,箱中盛宴,箱中盛宴,,,,6,1,0,0,http://bgm-api.anitabi.cn/pic/cover/l/b3/37/481945_AZ1W9.jpg,
24165,,咲-Saki- 阿知賀編 episode of side-A,,,TV,7.2,3,34.617579,135.708272,https://w.junreimap.com/images/bangumi/24165.jpg,23297
79802,信长之枪,ノブナガン,,,TV,5.4,5,22.683977,120.297113,https://w.junreimap.com/images/bangumi/79802.jpg,958795
506922,测不准的阿波连同学 第二季,阿波連さんははかれない season2,,,TV,6.6,6,0,0,https://w.junreimap.com/images/bangumi/506922.jpg,
343656,测不准的阿波连同学,阿波連さんははかれない,,,TV,6.4,1,0,0,https://w.junreimap.com/images/bangumi/343656.jpg,
23455,疑犯追踪 第一季,Person of Interest (Season 1),,,欧美剧,8.2,1,0,0,http://bgm-api.anitabi.cn/pic/cover/l/ec/94/63919_7WyYZ.jpg,
2170,天翔少女,スカイガールズ,,横须贺市,TV,6.6,4,0,0,http://bgm-api.anitabi.cn/pic/cover/l/88/a8/2170_jtcRa.jpg,
480441,蓦然回首,ルックバック,Look Back,仁贺保市,剧场版,8.1,41,39.28544,139.963322,https://w.junreimap.com/images/bangumi/480441.jpg,129094
233030,"樱花、萌放。-as the Night's, Reincarnation-","さくら、もゆ。-as the Night's, Reincarnation-",,,游戏,8.3,11,35.635915,139.697793,https://w.junreimap.com/images/bangumi/233030.jpg,1105
373163,嫁到乡下的魔王,魔王が田舎に嫁いだら,,松江市,漫画系列,5.8,14,0,0,https://w.junreimap.com/images/bangumi/373163.jpg,
503253,剧场版电影 孤独的美食家,劇映画 孤独のグルメ,,日本,电影,7.2,16,32.837515,128.929995,https://w.junreimap.com/images/bangumi/503253.jpg,28134
262939,某科学的一方通行,とある科学の一方通行,,东京都,TV,5.2,17,35.662568,139.761248,https://w.junreimap.com/images/bangumi/262939.jpg,982
154340,方根书简,√LETTER,,岛根县,游戏,5.2,72,35.630194,132.796499,https://w.junreimap.com/images/bangumi/154340.jpg,96434
412784,怪物,怪物,,诹访市,电影,7.3,21,36.047687,138.116671,https://w.junreimap.com/images/bangumi/412784.jpg,65663
174998,冰上的尤里,ユーリ!!! on ICE,,唐津市,TV,7.2,48,33.443881,129.976105,https://w.junreimap.com/images/bangumi/174998.jpg,23613
444403,怪人的沙拉碗,変人のサラダボウル,,岐阜市,TV,6.8,72,35.433317,136.762161,https://w.junreimap.com/images/bangumi/444403.jpg,1307
474906,小市民系列,小市民シリーズ,,岐阜市,TV,10,267,35.429873,136.750907,https://w.junreimap.com/images/bangumi/474906.jpg,2549
302175,飞女刑事,スケバン刑事,,,日剧,7,2,0,0,http://bgm-api.anitabi.cn/pic/cover/l/93/4c/302175_G0g65.jpg,
202892,,三色△绘恋,Tricolour Lovestory,湖北省,游戏,6,11,30.573417,114.29857,https://w.junreimap.com/images/bangumi/202892.jpg,1736
426239,青春笨蛋少年不做小学美少女的梦,青春ブタ野郎はランドセルガールの夢を見ない,,镰仓市,剧场版,7.1,11,35.410342,139.547083,https://w.junreimap.com/images/bangumi/426239.jpg,10474
81373,侠盗猎车手OL,Grand Theft Auto Online,,,扩展包,7.3,1,0,0,http://bgm-api.anitabi.cn/pic/cover/l/c1/e2/81373_4cZux.jpg,
142758,线上游戏的老婆不可能是女生？,ネトゲの嫁は女の子じゃないと思った?,,,TV,6,2,35.719104,139.992127,https://w.junreimap.com/images/bangumi/142758.jpg,
38126,名侦探柯南 16名嫌疑犯！？,名探偵コナン 16人の容疑者!?,,,OVA,6.5,4,0,0,http://bgm-api.anitabi.cn/pic/cover/l/87/5b/38126_U5F5T.jpg,
90367,回忆中的玛妮,思い出のマーニー,,北海道,剧场版,7.2,7,43.055396,144.668466,https://w.junreimap.com/images/bangumi/90367.jpg,
10844,「C」,C,,,TV,6.9,1,0,0,http://bgm-api.anitabi.cn/pic/cover/l/96/97/10844_1GJ7V.jpg,
132734,路人女主的养成方法 ♭,冴えない彼女の育てかた ♭,,东京都,TV,7.2,20,35.722476,139.719872,https://w.junreimap.com/images/bangumi/132734.jpg,284
298,天空之城,天空の城ラピュタ,Castle in the Sky,,剧场版,8.5,6,53.139138,-4.27693,https://w.junreimap.com/images/bangumi/298.jpg,875451
812,空之境界 第二章 殺人考察(前),空の境界 第二章 殺人考察(前),,东京都,剧场版,7.8,1,35.610898,139.625947,https://w.junreimap.com/images/bangumi/812.jpg,
13938,东京爱情故事,東京ラブストーリー,,东京都,电视剧,8.6,22,35.660901,139.721263,http://bgm-api.anitabi.cn/pic/cover/l/cf/3b/13938_Ys7ZI.jpg,
13812,同一屋檐下,ひとつ屋根の下,,,日剧,8,3,0,0,http://bgm-api.anitabi.cn/pic/cover/l/f5/c8/13812_zuZzj.jpg,
2331,悠长假期,ロングバケーション,,,日剧,8.3,1,0,0,http://bgm-api.anitabi.cn/pic/cover/l/27/34/2331_gyKLz.jpg,
1905,夏日大作战,サマーウォーズ,Summer Wars,上田市,剧场版,7.9,9,36.397486,138.281447,https://w.junreimap.com/images/bangumi/1905.jpg,17073
90815,长门有希酱的消失,長門有希ちゃんの消失,The Disappearance of Nagato Yuki-chan,西宫市,TV,6.5,104,34.685586,135.306063,https://w.junreimap.com/images/bangumi/90815.jpg,64323
40651,只要你说你爱我,好きっていいなよ。,,东京都,TV,6,15,35.7743,139.496502,http://bgm-api.anitabi.cn/pic/cover/l/10/4a/40651_4F4gX.jpg,
7868,我们没有翅膀,俺たちに翼はない,,,游戏,8.4,1,0,0,http://bgm-api.anitabi.cn/pic/cover/l/2b/85/7868_RlKwS.jpg,
29426,坂道上的阿波罗,坂道のアポロン,,佐世保市,TV,7.5,17,33.177102,129.717925,https://w.junreimap.com/images/bangumi/29426.jpg,90348
272510,街角魔族,まちカドまぞく,Machikado Mazoku,多摩市,TV,7.4,25,35.649933,139.448171,https://w.junreimap.com/images/bangumi/272510.jpg,770
2741,棒球英豪,タッチ,,,TV,8.3,1,0,0,http://bgm-api.anitabi.cn/pic/cover/l/cd/cb/2741_GPGN2.jpg,
3628,名侦探柯南 天空的遇难船,名探偵コナン 天空の難破船,,大阪府,剧场版,6.3,12,34.650612,135.420558,https://w.junreimap.com/images/bangumi/3628.jpg,8676
321885,链锯人,チェンソーマン,Chainsaw Man,日本,TV,7.4,6,35.945209,137.534368,https://w.junreimap.com/images/bangumi/321885.jpg,
492881,真･武士传 剑勇传说,真･侍伝 YAIBA,,东京都,TV,7.6,32,35.676191,139.65031,http://bgm-api.anitabi.cn/pic/cover/l/a4/1d/492881_Gk7O7.jpg,
356983,传述之魔女,イハナシの魔女,,冲绳县,游戏,7.6,9,26.30869,126.999868,https://w.junreimap.com/images/bangumi/356983.jpg,99068
514353,小林家的龙女仆 孤独的龙,小林さんちのメイドラゴン さみしがりやの竜,,,剧场版,7.3,1,0,0,http://bgm-api.anitabi.cn/pic/cover/l/f1/22/514353_s8BfX.jpg,
491569,忍者与杀手二人组的日常生活,忍者と殺し屋のふたりぐらし,,东京都,TV,7.3,4,0,0,http://bgm-api.anitabi.cn/pic/cover/l/15/a3/491569_R42i0.jpg,
387803,江户前精灵,江戸前エルフ,,中央区,TV,7,222,35.65854,139.778796,https://w.junreimap.com/images/bangumi/387803.jpg,1270
98371,某科学的超电磁炮 OVA,とある科学の超電磁砲 炎天下の撮影モデルも楽じゃありませんわね,,东京都,OVA,7.2,14,35.692977,139.698325,https://w.junreimap.com/images/bangumi/98371.jpg,15747
324,攻壳机动队 STAND ALONE COMPLEX,攻殻機動隊 STAND ALONE COMPLEX,Ghost in the Shell: Stand Alone Complex,日本,TV,9.1,5,34.684896,134.677941,https://w.junreimap.com/images/bangumi/324.jpg,41042
306,,Myself ; Yourself,,和歌山县,TV,6.6,7,33.549288,135.499414,https://w.junreimap.com/images/bangumi/306.jpg,37321
222145,9-nine-天色天歌天籁音,9-nine-そらいろそらうたそらのおと Episode.2 Sora Nimi,,,游戏,7.2,1,0,0,http://bgm-api.anitabi.cn/pic/cover/l/1d/5c/222145_s4Zqm.jpg,
189739,9-nine-九次九日九重色,9-nine-ここのつここのかここのいろ Episode.1 Miyako Kujo,,,游戏,6.4,1,0,0,http://bgm-api.anitabi.cn/pic/cover/l/8d/9b/189739_n3YFN.jpg,
1959,怪物,MONSTER,,,TV,8.3,9,0,0,http://bgm-api.anitabi.cn/pic/cover/l/e4/dd/1959_W3w23.jpg,
295320,美少女万华镜 -理与迷宫的少女-,美少女万華鏡 -理と迷宮の少女-,,日本,游戏,0,3,0,0,https://w.junreimap.com/images/bangumi/295320_ugtkb9cqk.jpg,
2970,名侦探柯南 世纪末的魔术师,名探偵コナン 世紀末の魔術師,,大阪府,剧场版,7.2,14,34.668508,135.504667,https://w.junreimap.com/images/bangumi/2970.jpg,4387
195573,荒野大镖客：救赎2,Red Dead Redemption 2,,北美洲,游戏,8.8,2,34.613435,-91.883471,https://w.junreimap.com/images/bangumi/195573.jpg,
93739,乒乓,ピンポン THE ANIMATION,Ping Pong The Animation,镰仓市,TV,8.5,55,35.50118,139.637241,https://w.junreimap.com/images/bangumi/93739.jpg,7403
424379,超超超超超喜欢你的100个女朋友,君のことが大大大大大好きな100人の彼女,,,TV,7.3,1,0,0,http://bgm-api.anitabi.cn/pic/cover/l/37/03/424379_UfMuk.jpg,
433729,邪神与厨二病少女【世纪末篇】,邪神ちゃんドロップキック【世紀末編】,,熊本县,TV,5.7,8,0,0,http://bgm-api.anitabi.cn/pic/cover/l/e0/72/433729_ZxFiS.jpg,
272188,邪神与厨二病少女’,邪神ちゃんドロップキック’,,,TV,7.3,5,40.714691,-74.014451,https://w.junreimap.com/images/bangumi/272188.jpg,1121
485868,一起加油吧,がんばっていきまっしょい,,松山市,剧场版,0,45,33.874361,132.707804,https://w.junreimap.com/images/bangumi/485868.jpg,12912
121377,那就是声优！,それが声優！,,,TV,6.6,1,0,0,https://w.junreimap.com/images/bangumi/121377.jpg,
390794,黑暗集会,ダークギャザリング,,日本,TV,6.8,126,35.486407,137.810738,https://w.junreimap.com/images/bangumi/390794.jpg,
175404,ISLAND,ISLAND,,东京都,TV,5.8,31,34.37686,139.269684,https://w.junreimap.com/images/bangumi/175404.jpg,39307
369304,咒术回战 第二季,呪術廻戦 第2期,,涩谷区,TV,7.2,98,35.704076,139.703373,https://w.junreimap.com/images/bangumi/369304.jpg,1354
469877,四重星,トラペジウム,trapezium,馆山市,剧场版,0,164,34.969699,139.862544,https://w.junreimap.com/images/bangumi/469877.jpg,50611
83295,乔瓦尼之岛,ジョバンニの島,,根室市,剧场版,6.7,9,43.805713,146.726858,https://w.junreimap.com/images/bangumi/83295.jpg,882799
93714,东京喰种,東京喰種トーキョーグール,,东京都,TV,6.6,34,35.682449,139.678833,https://w.junreimap.com/images/bangumi/93714.jpg,2460
798,,sola,sola,长崎市,TV,7.3,7,32.749744,129.877625,https://w.junreimap.com/images/bangumi/798.jpg,
236626,谜语小丑,RIDDLE JOKER,,京都市,游戏,5.6,13,34.982295,135.678918,https://w.junreimap.com/images/bangumi/236626.jpg,7023
526055,孤独的美食家2024除夕特别篇 从太平洋到日本海，五郎，向北去到那些人所在的地方。,孤独のグルメ2024大晦日スペシャル 太平洋から日本海 五郎、北へ あの人たちの所まで。,,,日剧,7.1,3,0,0,http://bgm-api.anitabi.cn/pic/cover/l/fe/8d/526055_wwb9z.jpg,
501023,我和班上最讨厌的女生结婚了。,クラスの大嫌いな女子と結婚することになった。,,朝霞市,TV,6.1,6,0,0,https://w.junreimap.com/images/bangumi/501023.jpg,
13485,萝球社！,ロウきゅーぶ！,Ro-Kyu-Bu!,松户市,TV,6.4,12,35.784677,139.899817,https://w.junreimap.com/images/bangumi/13485.jpg,
220658,天空与海洋之间,ソラとウミのアイダ,,尾道市,TV,4.7,33,34.269247,133.080644,https://w.junreimap.com/images/bangumi/220658.jpg,4327
481117,厨出凤城,厨出凤城,,广东省,WEB,6,9,22.823074,113.301531,https://w.junreimap.com/images/bangumi/481117.jpg,33027
28431,一起一起这里那里,あっちこっち,,千叶市,TV,7,21,35.625256,140.072457,https://w.junreimap.com/images/bangumi/28431.jpg,523
4066,白色相簿2 序章,WHITE ALBUM2 -introductory chapter-,WHITE ALBUM2 -introductory chapter-,东京都,游戏,0,9,35.796807,139.953643,https://w.junreimap.com/images/bangumi/4066_p84sdioh0.jpg,9687
205180,孤独的美食家 第六季,孤独のグルメ Season6,,东京都,日剧,7.6,12,35.560394,139.709697,http://bgm-api.anitabi.cn/pic/cover/l/18/bd/205180_KFHq1.jpg,
143120,孤独的美食家 第五季,孤独のグルメ Season5,,,日剧,7.8,12,35.703133,139.64833,http://bgm-api.anitabi.cn/pic/cover/l/ef/3f/143120_78d9q.jpg,
8692,,すぴぱら STORY ＃01 - Spring Has Come！,,镰仓市,游戏,7.3,13,35.311969,139.54922,http://bgm-api.anitabi.cn/pic/cover/l/7b/d8/8692_Ncqc1.jpg,
1733,秋之回忆2,Memories Off 2nd,,镰仓市,游戏,8.1,22,35.311157,139.516749,http://bgm-api.anitabi.cn/pic/cover/l/4f/a5/1733_TH86i.jpg,
1130,壳之少女,殻ノ少女,Kara no Shojo,东京都,,0,24,35.665213,139.690083,https://w.junreimap.com/images/bangumi/1130_s8wnplf4k.jpg,448
142812,鬼牌游戏,ジョーカー・ゲーム,JOKER GAME,中国,TV,7.2,25,35.609484,139.726516,http://bgm-api.anitabi.cn/pic/cover/l/98/10/142812_2W42f.jpg,
176086,真 流行之神2,真 流行り神2,,岐阜县,游戏,5.4,28,35.436552,136.783628,http://bgm-api.anitabi.cn/pic/cover/l/99/7d/176086_RJ0J1.jpg,
66186,恋旅～True Tours Nanto～,恋旅～True Tours Nanto～,,南砺市,WEB,6.8,30,36.497859,136.923623,https://w.junreimap.com/images/bangumi/66186.jpg,91446
437206,碰之道,ぽんのみち,,尾道市,TV,5.2,31,34.365384,133.143164,http://bgm-api.anitabi.cn/pic/cover/l/91/eb/437206_HTdmD.jpg,
280440,死月妖花～四月八日～,死月妖花～四月八日～,,日本,游戏,8.9,37,36.366925,136.696105,http://bgm-api.anitabi.cn/pic/cover/l/67/0d/280440_do0j5.jpg,
62202,跳跃大搜查线 剧场版 湾岸署史上最恶之三日,踊る大捜査線 THE MOVIE 湾岸署史上最悪の3日間!,,东京都,电影,7.8,50,35.464151,139.827752,http://bgm-api.anitabi.cn/pic/cover/l/1b/d1/62202_5C6VN.jpg,
144719,神推登上武道馆我就死而无憾,推しが武道館いってくれたら死ぬ,,冈山市,TV,7.3,73,34.662574,133.919046,http://bgm-api.anitabi.cn/pic/cover/l/6e/d1/144719_TBzr0.jpg,
1977,向北,北へ。〜Diamond Dust Drops〜,Kita e. ～Diamond Dust Drops～,北海道,TV,6.5,38,43.193379,142.27801,https://w.junreimap.com/images/bangumi/1977.jpg,
185762,政宗君的复仇,政宗くんのリベンジ,,武藏野市,TV,5.9,7,35.689755,139.567794,https://w.junreimap.com/images/bangumi/185762.jpg,3371
202419,,Re:CREATORS,,,TV,6.2,3,35.715172,139.692454,https://w.junreimap.com/images/bangumi/202419.jpg,1041
413698,孤独的美食家2022除夕特别篇 告别去年，食的格斗技。护蟹使者不好当。,孤独のグルメ2022大晦日スペシャル 年忘れ、食の格闘技。カニの使いはあらたいへん。,,北海道,日剧,7.5,5,0,0,https://w.junreimap.com/images/bangumi/413698.jpg,
475354,物语系列 外传季&怪物季,〈物語〉シリーズ オフ&モンスターシーズン,,,WEB,8.2,1,0,0,https://w.junreimap.com/images/bangumi/475354.jpg,
375817,契约之吻,Engage Kiss,,,TV,6.9,1,0,0,http://bgm-api.anitabi.cn/pic/cover/l/25/cd/375817_O7LGk.jpg,
218711,DARLING in the FRANXX,ダーリン・イン・ザ・フランキス,,,TV,6.1,5,0,0,http://bgm-api.anitabi.cn/pic/cover/l/77/dd/218711_5Z5t1.jpg,
363329,孤独的美食家 2021除夕特别篇～暴走！绝景绝品·公路电影忘年会～,孤独のグルメ　2021大晦日スペシャル～激走！絶景絶品・年忘れロードムービー～,,,日剧,7.9,8,0,0,http://bgm-api.anitabi.cn/pic/cover/l/bb/87/363329_gZH5z.jpg,
324273,孤独的美食家 2020除夕特别篇～我的饮食没有秘密，孤独的烟花大作战！～,孤独のグルメ 2020大晦日スペシャル～俺の食事に密はない、孤独の花火大作戦！～,,,日剧,7.4,4,0,0,http://bgm-api.anitabi.cn/pic/cover/l/20/e5/324273_xSbRp.jpg,
266663,孤独的美食家 2018除夕特别篇 京都·名古屋出差篇,孤独のグルメ 大晦日スペシャル 京都・名古屋出張編,,,日剧,7.7,3,0,0,http://bgm-api.anitabi.cn/pic/cover/l/b3/3d/266663_PyYNW.jpg,
230465,孤独的美食家 2017除夕特别篇 濑户内出差篇,孤独のグルメ 大晦日スペシャル! ～食べ納め! 瀬戸内出張編～,,,日剧,7.7,4,0,0,http://bgm-api.anitabi.cn/pic/cover/l/70/6d/230465_Jif6F.jpg,
176599,WWW.迷糊餐厅,WWW.WORKING!!,,札幌市,TV,7,56,43.039624,141.445397,https://w.junreimap.com/images/bangumi/176599.jpg,10280
297198,孤独的美食家 2019除夕特别篇～紧急订购！成田～福冈～釜山 子弹出差！,孤独のグルメ2019大晦日スペシャル～緊急指令！成田～福岡～釜山　弾丸出張編,,,日剧,7.3,4,0,0,http://bgm-api.anitabi.cn/pic/cover/l/b4/2b/297198_PV6GN.jpg,
205013,孤独的美食家 正月特别篇！～井之头五郎漫长的一天～,孤独のグルメ お正月スペシャル! ～井之頭五郎の長い一日～,,,日剧,7.4,2,0,0,http://bgm-api.anitabi.cn/pic/cover/l/03/b3/205013_8RHKH.jpg,
194191,孤独的美食家 特别篇！真夏的东北・宫城出差篇,孤独のグルメ スペシャル! 真夏の東北・宮城出張編,,宫城县,日剧,7.5,2,0,0,http://bgm-api.anitabi.cn/pic/cover/l/e4/c6/194191_RBQMW.jpg,
160547,孤独的美食家新春SP：严冬之北海道·旭川出差篇,孤独のグルメ お正月スペシャル! 真冬の北海道・旭川出張編,,旭川市,日剧,7.5,2,0,0,http://bgm-api.anitabi.cn/pic/cover/l/d9/9c/160547_7uszJ.jpg,
321224,有谁规定了现实中不能有恋爱喜剧的？,現実でラブコメできないとだれが決めた?,,,小说系列,8,1,0,0,http://bgm-api.anitabi.cn/pic/cover/l/e7/65/321224_72r4G.jpg,
240386,冰海战记,ヴィンランド・サガ,,海外,TV,8.3,3,0,0,https://w.junreimap.com/images/bangumi/240386.jpg,
167343,恋狱,カルタグラ,,,小说系列,8,5,0,0,http://bgm-api.anitabi.cn/pic/cover/l/bd/bc/167343_D88M8.jpg,
4795,,ジョジョの奇妙な冒険 (29),,,漫画,8.6,1,0,0,http://bgm-api.anitabi.cn/pic/cover/l/ad/f7/4795_D31Bk.jpg,
442614,电影 Love Live! 虹咲学园校园偶像同好会 完结篇 第1章,映画 ラブライブ！虹ヶ咲学園スクールアイドル同好会 完結編 第1章,,冲绳县,剧场版,5.7,86,26.169825,127.721659,http://bgm-api.anitabi.cn/pic/cover/l/68/eb/442614_o0v1j.jpg,
35310,向北。White Illumination,北へ。White Illumination,,,游戏,7.9,1,0,0,http://bgm-api.anitabi.cn/pic/cover/l/dd/09/35310_1FBbZ.jpg,
425992,堀与宫村 -piece-,ホリミヤ -piece-,,京都府,TV,6.9,9,35.045142,135.727381,http://bgm-api.anitabi.cn/pic/cover/l/75/b2/425992_kV5CF.jpg,
2734,星空清理者,プラネテス,,,TV,8.2,2,0,0,http://bgm-api.anitabi.cn/pic/cover/l/7f/7c/2734_QoV4j.jpg,
1048,你所期望的永远,君が望む永遠,,横滨市,游戏,7.8,9,35.452201,139.638336,http://bgm-api.anitabi.cn/pic/cover/l/7c/ce/1048_3JCz0.jpg,
1650,你所期望的永远,君が望む永遠,,横滨市,TV,7.3,6,35.447126,139.626775,https://w.junreimap.com/images/bangumi/1650.jpg,750
408351,满怀美梦的少年是现实主义者,夢見る男子は現実主義者,,滨松市,TV,5.1,10,34.750412,137.672006,http://bgm-api.anitabi.cn/pic/cover/l/34/17/408351_R44A4.jpg,
315069,堀与宫村,ホリミヤ,,东京都,TV,6.8,12,35.624327,139.571906,http://bgm-api.anitabi.cn/pic/cover/l/23/a2/315069_2zYW6.jpg,
208930,偶像大师 SideM,アイドルマスター SideM,,江东区,TV,7.1,18,35.672039,139.799294,https://w.junreimap.com/images/bangumi/208930.jpg,348
309753,不要欺负我，长瀞同学,イジらないで、長瀞さん,,逗子市,TV,6.4,24,35.27663,139.577925,https://w.junreimap.com/images/bangumi/309753.jpg,6225
15237,神的记事本,神様のメモ帳,,,TV,6.8,1,35.659046,139.700636,https://w.junreimap.com/images/bangumi/15237.jpg,
100405,HELLO!! 黄金拼图,ハロー!!きんいろモザイク,,日本,TV,7.3,1,0,0,https://w.junreimap.com/images/bangumi/100405.jpg,
300431,少年的深渊,少年のアビス,,,漫画系列,6.6,4,0,0,https://w.junreimap.com/images/bangumi/300431.jpg,
37311,虚之少女,虚ノ少女,,,游戏,0,4,0,0,https://w.junreimap.com/images/bangumi/37311_o1n64hicd.jpg,
159159,偶像梦幻祭,あんさんぶるスターズ！,,,TV,5.5,1,0,0,http://bgm-api.anitabi.cn/pic/cover/l/4d/e3/159159_rSKms.jpg,
12544,萤火之森,蛍火の杜へ,,熊本县,剧场版,7.5,5,32.853924,131.158526,https://w.junreimap.com/images/bangumi/12544.jpg,45598
293532,Muv-Luv Alternative,マブラヴ オルタネイティヴ,,横滨市,TV,4.8,4,35.472554,139.619814,https://w.junreimap.com/images/bangumi/293532.jpg,2729
337,全金属狂潮 The Second Raid,フルメタル・パニック! The Second Raid,,,TV,7.8,4,0,0,http://bgm-api.anitabi.cn/pic/cover/l/35/7a/337_WzSea.jpg,
220921,樱之刻 - 于樱花之森下漫步,サクラノ刻 -櫻の森の下を歩む-,,,游戏,0,4,0,0,https://w.junreimap.com/images/bangumi/220921_njufbziez.jpg,
279834,小丑,Joker,,,电影,7.7,1,0,0,http://bgm-api.anitabi.cn/pic/cover/l/7f/c6/279834_1sh0u.jpg,
515103,羊蹄山之魂,Ghost of Yōtei,,,游戏,0,1,0,0,http://bgm-api.anitabi.cn/pic/cover/l/ae/07/515103_ut8Ek.jpg,
5944,好想告诉你,君に届け,,,漫画系列,7.8,1,0,0,http://bgm-api.anitabi.cn/pic/cover/l/90/f4/5944_xzZ7z.jpg,
115732,花与爱丽丝杀人事件,花とアリス 殺人事件,,目黑区,剧场版,7.3,52,35.787313,139.616207,https://w.junreimap.com/images/bangumi/115732.jpg,7176
38040,Little Busters!,リトルバスターズ！,Little Busters!,,TV,7.1,2,1.836654,-157.396865,https://w.junreimap.com/images/bangumi/38040.jpg,
115661,鲁邦三世 意大利的冒险,ルパン三世 PART IV,,,TV,7.9,1,0,0,http://bgm-api.anitabi.cn/pic/cover/l/b5/50/115661_f2yzy.jpg,
296261,新石纪 STONE WARS,Dr.STONE STONE WARS,Dr.STONE STONE WARS,,TV,7,2,45.995803,63.56465,https://w.junreimap.com/images/bangumi/296261.jpg,
67403,百合铁~私立百合咲女子高校铁道部~,ゆりてつ 私立百合ヶ咲女子高鉄道部,,北海道,漫画,0,21,38.527965,139.508954,https://w.junreimap.com/images/bangumi/67403.jpg,
8082,黑塔利亚 第4期,ヘタリア World Series 第4期,,,WEB,7.3,1,0,0,http://bgm-api.anitabi.cn/pic/cover/l/b9/e4/8082_YO58N.jpg,
24508,潜行吧！奈亚子,這いよれ! ニャル子さん,,,TV,7,6,43.058721,141.355827,https://w.junreimap.com/images/bangumi/24508.jpg,
122847,战舰世界,World of Warships,,,游戏,6.5,1,0,0,http://bgm-api.anitabi.cn/pic/cover/l/67/62/122847_F53e1.jpg,
405136,汉化日记 第四季,汉化日记 第四季,,,WEB,6.3,1,0,0,http://bgm-api.anitabi.cn/pic/cover/l/d4/8e/405136_fsHga.jpg,
8560,侦探歌剧 少女福尔摩斯,探偵オペラ ミルキィホームズ,,横滨市,TV,7.1,7,0,0,http://bgm-api.anitabi.cn/pic/cover/l/bc/05/8560_zxx9X.jpg,
216894,地铁系列,,Metro,海外,游戏,7.8,72,58.51141,84.873321,https://w.junreimap.com/images/bangumi/216894.jpg,
334498,歌愈少女,ヒーラー・ガール,,,TV,6.2,1,0,0,http://bgm-api.anitabi.cn/pic/cover/l/81/68/334498_L5XC0.jpg,
220375,遥的接球,はるかなレシーブ,Harukana Receive,冲绳县,TV,6.4,14,26.288886,127.77944,https://w.junreimap.com/images/bangumi/220375.jpg,16030
822,FLCL,フリクリ,,丰川市,OVA,8.3,7,0,0,http://bgm-api.anitabi.cn/pic/cover/l/af/da/822_9y55j.jpg,
3152,备长炭,びんちょうタン,,,TV,6.9,1,33.851154,135.395229,https://w.junreimap.com/images/bangumi/3152.jpg,
106818,暗杀教室,暗殺教室,,八王子市,TV,7.3,31,35.683223,139.293994,https://w.junreimap.com/images/bangumi/106818.jpg,5732
4035,摇滚新乐团,BECK,,,TV,7.8,4,47.613535,-122.344346,https://w.junreimap.com/images/bangumi/4035.jpg,4905096
491915,刹那之花,もめんたりー・リリィ,,,TV,4.7,1,0,0,http://bgm-api.anitabi.cn/pic/cover/l/a3/79/491915_54hL9.jpg,
1451,东之伊甸,東のエデン,Eden of The East,海外,TV,7.6,21,38.86853,-77.051693,https://w.junreimap.com/images/bangumi/1451.jpg,394529
1275,我们的存在,僕等がいた,,,TV,7.1,1,0,0,http://bgm-api.anitabi.cn/pic/cover/l/bb/04/1275_53DJl.jpg,
17883,我的朋友很少,僕は友達が少ない,,高崎市,TV,6.8,41,36.321903,139.012118,https://w.junreimap.com/images/bangumi/17883.jpg,14024
137941,艾克斯奥特曼,ウルトラマンX,,,日剧,7.3,3,0,0,http://bgm-api.anitabi.cn/pic/cover/l/09/89/137941_7w9Wz.jpg,
141013,剧场版 艾克斯奥特曼 来了！我们的奥特曼,劇場版 ウルトラマンX きたぞ!われらのウルトラマン,,,电影,6.9,2,0,0,http://bgm-api.anitabi.cn/pic/cover/l/71/e8/141013_4cBO4.jpg,
366359,德凯奥特曼,ウルトラマンデッカー,,,日剧,5.3,4,0,0,http://bgm-api.anitabi.cn/pic/cover/l/ab/29/366359_aSfqD.jpg,
120187,干物妹！小埋,干物妹! うまるちゃん,,八王子市,TV,6.8,29,35.385141,139.505676,https://w.junreimap.com/images/bangumi/120187.jpg,5368
146093,亚人,亜人,,,TV,7.3,1,0,0,http://bgm-api.anitabi.cn/pic/cover/l/0b/17/146093_zg1gi.jpg,
488539,亚刻奥特曼,ウルトラマンアーク,,,日剧,5.8,2,0,0,http://bgm-api.anitabi.cn/pic/cover/l/eb/5d/488539_f6O3D.jpg,
17111,麦克斯奥特曼,ウルトラマンマックス,,,日剧,7.7,3,0,0,http://bgm-api.anitabi.cn/pic/cover/l/39/ba/17111_lHJFb.jpg,
32253,梦比优斯奥特曼,ウルトラマンメビウス,,,日剧,7.7,6,0,0,http://bgm-api.anitabi.cn/pic/cover/l/d7/15/32253_r1d6d.jpg,
465932,布莱泽奥特曼 大电影 大怪兽东京决战,ウルトラマンブレーザー THE MOVIE 大怪獣首都激突,,,电影,5.1,1,0,0,http://bgm-api.anitabi.cn/pic/cover/l/c2/e4/465932_Y9q7d.jpg,
181395,欧布奥特曼,ウルトラマンオーブ,,,日剧,7.3,1,0,0,http://bgm-api.anitabi.cn/pic/cover/l/db/7b/181395_gA73w.jpg,
1014,魔法禁书目录,とある魔術の禁書目録,,立川市,TV,6.8,13,35.543696,139.681828,https://w.junreimap.com/images/bangumi/1014.jpg,2342
495562,DDDD 恶魔的破坏,デッドデッドデーモンズデデデデデストラクション,DEAD DEAD DEMONS DEDEDEDE DESTRUCTION,东京都,TV,7.4,71,35.418469,139.781962,https://w.junreimap.com/images/bangumi/495562.jpg,4039
2972,名侦探柯南 贝克街的亡灵,名探偵コナン ベイカー街の亡霊,Detective Conan,,剧场版,7.8,3,0,0,https://w.junreimap.com/images/bangumi/2972.jpg,
227724,名侦探柯南 零的执行人,名探偵コナン ゼロの執行人,,,剧场版,5.8,1,0,0,http://bgm-api.anitabi.cn/pic/cover/l/b9/26/227724_o3cmo.jpg,
805,濑户的花嫁,瀬戸の花嫁,Seto no Hanayome,香川县,TV,7.4,22,34.687428,134.884644,https://w.junreimap.com/images/bangumi/805.jpg,
386772,那个夏天,그 여름,,亚洲,WEB,6.1,26,37.561655,126.995376,https://w.junreimap.com/images/bangumi/386772.jpg,470467
93545,甘城光辉游乐园,甘城ブリリアントパーク,Amagi Brilliant Park,多摩市,TV,6.9,31,35.636973,139.500314,https://w.junreimap.com/images/bangumi/93545_pr9bgoilg.jpg,10959
89096,New爱相随+,NEWラブプラス+,,,游戏,7.9,2,35.090955,139.072968,https://w.junreimap.com/images/bangumi/89096.jpg,
2412,湾岸MIDNIGHT,湾岸ミッドナイト,,东京都,TV,7,3,35.461616,139.68036,https://w.junreimap.com/images/bangumi/2412.jpg,2587
1852,拜托了双子星,おねがい☆ツインズ,,,TV,6.8,4,0,0,http://bgm-api.anitabi.cn/pic/cover/l/eb/1e/1852_8b66L.jpg,
128801,"Wake Up, Girls! 超越深限","Wake Up, Girls! Beyond the Bottom",,,剧场版,6.7,4,0,0,http://bgm-api.anitabi.cn/pic/cover/l/b7/88/128801_GYrTv.jpg,
472321,事到如今，喜欢上了青梅竹马,今さらですが、幼なじみを好きになってしまいました,,东京都,漫画系列,6.6,24,35.753159,139.735568,https://w.junreimap.com/images/bangumi/472321.jpg,6623
9713,横滨购物纪行,ヨコハマ買い出し紀行,,神奈川县,OVA,7.6,43,35.251192,139.634746,https://w.junreimap.com/images/bangumi/9713.jpg,
1731,大正野球娘。,大正野球娘。,,东京都,TV,7,18,35.659214,139.734614,https://w.junreimap.com/images/bangumi/1731.jpg,
505895,悲喜渔生,ネガポジアングラー,,中央区,TV,7.2,77,35.665576,139.769778,https://w.junreimap.com/images/bangumi/505895.jpg,700
507806,收银台之星！,レジスタ！,,东京都,漫画系列,0,10,35.736656,139.85527,https://w.junreimap.com/images/bangumi/507806.jpg,9886
378862,别当欧尼酱了！,お兄ちゃんはおしまい！,,练马区,TV,7.7,27,38.059253,140.582005,https://w.junreimap.com/images/bangumi/378862.jpg,26060
74663,苍蓝钢铁的琶音,蒼き鋼のアルペジオ -アルス・ノヴァ-,,,TV,7.1,4,0,0,http://bgm-api.anitabi.cn/pic/cover/l/ba/ce/74663_V1vk8.jpg,
237159,古剑奇谭三 梦付千秋星垂野,古剑奇谭叁,,,游戏,7.5,1,0,0,http://bgm-api.anitabi.cn/pic/cover/l/22/06/237159_FnJBH.jpg,
82572,野良神,ノラガミ,,,TV,7.1,1,0,0,http://bgm-api.anitabi.cn/pic/cover/l/ee/de/82572_PNW44.jpg,
131427,名侦探柯南 纯黑的恶梦,名探偵コナン 純黒の悪夢,,,剧场版,5.9,2,0,0,http://bgm-api.anitabi.cn/pic/cover/l/b4/d3/131427_l4d7e.jpg,
300179,,MIU404,,东京都,,7.8,52,35.520361,139.330677,https://w.junreimap.com/images/bangumi/300179.jpg,
43557,我女友与青梅竹马的惨烈修罗场,俺の彼女と幼なじみが修羅場すぎる,,杉并区,TV,6.5,15,35.688463,139.633656,https://w.junreimap.com/images/bangumi/43557.jpg,4208
272440,,透明な色,,,,7.3,1,0,0,http://bgm-api.anitabi.cn/pic/cover/l/96/11/272440_Bz5Pu.jpg,
3110,灼眼的夏娜S,灼眼のシャナS,,,OVA,7.1,2,0,0,https://w.junreimap.com/images/bangumi/3110.jpg,
491,灼眼的夏娜II,灼眼のシャナII,,,TV,7,4,0,0,http://bgm-api.anitabi.cn/pic/cover/l/55/9c/491_r0MnB.jpg,
18631,灼眼的夏娜III -Final-,灼眼のシャナIII -Final-,,,TV,7.1,7,0,0,http://bgm-api.anitabi.cn/pic/cover/l/56/47/18631_j5o2m.jpg,
512,岁月的童话,おもひでぽろぽろ,Only Yesterday,山形县,剧场版,7.6,26,38.207516,140.399977,https://w.junreimap.com/images/bangumi/512.jpg,58251
444334,指尖相触，恋恋不舍,ゆびさきと恋々,,埼玉市,TV,6.6,46,35.867601,139.631095,https://w.junreimap.com/images/bangumi/444334.jpg,17201
20851,,Another,,富山县,TV,7,7,0,0,http://bgm-api.anitabi.cn/pic/cover/l/d3/39/20851_V4eXe.jpg,
331489,电影 五等分的新娘,映画 五等分の花嫁,The Quintessential Quintuplets Movie,春日井市,剧场版,6.9,132,35.274012,137.013762,https://w.junreimap.com/images/bangumi/331489.jpg,19263
181857,拉帕斯主题公园,ラパス・テーマパーク,,仙台市,漫画系列,6.8,19,38.25631,140.863769,http://bgm-api.anitabi.cn/pic/cover/l/e8/77/181857_x58Zk.jpg,
1848,读或死 OVA,R.O.D -READ OR DIE-,,,OVA,7.4,11,35.695513,139.758174,https://w.junreimap.com/images/bangumi/1848.jpg,61
185181,死亡搁浅,DEATH STRANDING,DEATH STRANDING,欧洲,游戏,8.2,1,0,0,http://bgm-api.anitabi.cn/pic/cover/l/3f/98/185181_J11NM.jpg,
3054,大魔法峠,大魔法峠,,东京都,OVA,7.3,7,35.675478,139.745971,https://w.junreimap.com/images/bangumi/3054.jpg,1042
33255,钓球,つり球,,镰仓市,TV,7.3,31,35.303359,139.483113,https://w.junreimap.com/images/bangumi/33255.jpg,728
10609,架向星空之桥,星空へ架かる橋,,,TV,6.2,1,36.076112,137.218219,https://w.junreimap.com/images/bangumi/10609.jpg,
605,棋魂,ヒカルの碁,,东京都,TV,8.3,93,35.690362,139.736593,https://w.junreimap.com/images/bangumi/605.jpg,1522
66262,穿透幻影的太阳,幻影ヲ駆ケル太陽,Il Sole Penetra le Illusioni,长崎市,TV,6,3,32.747155,129.88008,https://w.junreimap.com/images/bangumi/66262.jpg,
28230,散华礼弥,さんかれあ,,神奈川县,TV,6.8,15,35.34471,139.139421,https://w.junreimap.com/images/bangumi/28230.jpg,
309,真实之泪,true tears,true tears,南砺市,TV,7.6,32,36.704785,137.043832,https://w.junreimap.com/images/bangumi/309.jpg,26564
284644,继园台七号,继园台七号,,,剧场版,6.7,2,0,0,http://bgm-api.anitabi.cn/pic/cover/l/07/04/284644_7Fz0v.jpg,
309807,偶像大师 百万现场！,アイドルマスター ミリオンライブ！,,,TV,7.2,1,0,0,http://bgm-api.anitabi.cn/pic/cover/l/bf/a0/309807_927A1.jpg,
120445,GATE 奇幻自卫队,GATE 自衛隊 彼の地にて、斯く戦えり,,东京都,TV,6.5,18,35.673948,139.736962,https://w.junreimap.com/images/bangumi/120445.jpg,1015
424663,憧憬成为魔法少女,魔法少女にあこがれて,,埼玉市,TV,7,4,35.905496,139.620864,https://w.junreimap.com/images/bangumi/424663.jpg,4357
115292,东京喰种√A,東京喰種トーキョーグール √A,,,TV,5.8,2,0,0,http://bgm-api.anitabi.cn/pic/cover/l/32/73/115292_RnE82.jpg,
278898,寻找见习魔女,魔女見習いをさがして,,,剧场版,5.5,1,0,0,http://bgm-api.anitabi.cn/pic/cover/l/dc/c7/278898_AzLA1.jpg,
37897,女子落语,じょしらく,,东京都,TV,7.5,159,35.697456,139.643097,https://w.junreimap.com/images/bangumi/37897.jpg,1448
329906,间谍过家家,SPY×FAMILY,,欧洲,TV,7.7,11,50.75878,6.521714,https://w.junreimap.com/images/bangumi/329906.jpg,
493453,BIBBIDIBA,ビビデバ,BIBBIDIBA,港区,,7.2,1,0,0,http://bgm-api.anitabi.cn/pic/cover/l/38/53/493453_5wfTY.jpg,
476808,几分钟的欢呼,数分間のエールを,,金泽市,剧场版,7.3,9,0,0,http://bgm-api.anitabi.cn/pic/cover/l/03/f8/476808_U4Hmm.jpg,
322193,橘色荣耀,プラオレ！～PRIDE OF ORANGE～,,日光市,TV,5.6,27,36.752783,139.613025,http://bgm-api.anitabi.cn/pic/cover/l/7e/aa/322193_YTenb.jpg,
318543,扶桑花之舞,フラ・フラダンス,,磐城市,剧场版,5.6,7,0,0,http://bgm-api.anitabi.cn/pic/cover/l/da/f3/318543_O1507.jpg,
467641,魔法光源股份有限公司,株式会社マジルミエ,,东京都,TV,6.5,3,0,0,http://bgm-api.anitabi.cn/pic/cover/l/9f/fd/467641_q40fo.jpg,
354042,不要欺负我，长瀞同学 二次攻击,イジらないで、長瀞さん 2nd Attack,,逗子市,TV,6.6,16,36.043458,139.422507,https://w.junreimap.com/images/bangumi/354042.jpg,
198395,,One Room,,东京都,TV,6.7,7,35.71182,139.68479,https://w.junreimap.com/images/bangumi/198395.jpg,929
485154,我的鬼女孩,好きでも嫌いなあまのじゃく,,米泽市,剧场版,5.1,6,37.909529,140.127997,https://w.junreimap.com/images/bangumi/485154.jpg,44783
46826,幻想玩偶,ファンタジスタドール,,东京都,TV,5.8,12,35.741483,139.539098,https://w.junreimap.com/images/bangumi/46826.jpg,1531
103307,来自木卫二之下,エウロパの底から,,岐阜县,小说,7,12,35.434388,136.726413,https://w.junreimap.com/images/bangumi/103307.jpg,
55791,笨蛋全裸向前冲,バカが全裸でやってくる,,名古屋市,小说,8,17,35.671702,138.788265,https://w.junreimap.com/images/bangumi/55791.jpg,
55793,时间遗落之物,時間のおとしもの,,名古屋市,小说,7.5,6,35.135027,136.975261,https://w.junreimap.com/images/bangumi/55793.jpg,
5651,强袭魔女2,ストライクウィッチーズ2,,欧洲,TV,7.2,13,29.571402,70.453197,https://w.junreimap.com/images/bangumi/5651.jpg,
39416,三个阿道夫,アドルフに告ぐ,,,漫画系列,8.9,1,0,0,http://bgm-api.anitabi.cn/pic/cover/l/c3/80/39416_R2Fkr.jpg,
238887,咒术回战,呪術廻戦,,,漫画系列,5.9,1,0,0,http://bgm-api.anitabi.cn/pic/cover/l/0f/f8/238887_mohh8.jpg,
316756,少年将帅,소년장수,,亚洲,TV,8,1,39.078286,125.836801,https://w.junreimap.com/images/bangumi/316756.jpg,
469033,触碰。,ふれる。,,东京都,剧场版,5.5,1,0,0,http://bgm-api.anitabi.cn/pic/cover/l/8d/d1/469033_Nzf2l.jpg,
123281,,西游记之大圣归来,,,剧场版,6.7,1,0,0,http://bgm-api.anitabi.cn/pic/cover/l/6f/6e/123281_t7gSM.jpg,
16437,里约大冒险,Rio,,,剧场版,7,1,0,0,http://bgm-api.anitabi.cn/pic/cover/l/f5/21/16437_3fT1P.jpg,
1444,天才麻将少女,咲-Saki-,,日本,TV,7.6,6,38.321996,137.586908,https://w.junreimap.com/images/bangumi/1444.jpg,
190111,全职法师,全职法师,,,WEB,5.3,1,0,0,http://bgm-api.anitabi.cn/pic/cover/l/e4/cf/190111_sEqef.jpg,
96918,ALDNOAH.ZERO,アルドノア・ゼロ,,,TV,6.8,5,0,0,http://bgm-api.anitabi.cn/pic/cover/l/87/95/96918_l2HJN.jpg,
7883,女仆咖啡厅,それでも町は廻っている,,大田区,TV,7.7,33,35.567073,139.687815,https://w.junreimap.com/images/bangumi/7883.jpg,6211
3393,"I""s Pure","I""s Pure",,,OVA,6.8,1,0,0,http://bgm-api.anitabi.cn/pic/cover/l/47/7b/3393_n3v0V.jpg,
37785,来自新世界,新世界より,From the New World,日本,TV,8.2,13,35.912928,140.221212,https://w.junreimap.com/images/bangumi/37785.jpg,26270
466861,少女世界的生存之道,オトメ世界の歩き方,,日本,游戏,0,1,0,0,https://w.junreimap.com/images/bangumi/466861_peyc29yv5.jpg,
332250,超自然武装当哒当,ダンダダン,,日本,漫画系列,7.3,5,0,0,http://bgm-api.anitabi.cn/pic/cover/l/56/9a/332250_XmrMI.jpg,
513793,姐妹星再闪耀～siSTAR resiSTAR～,しすたれじすた,,日本,漫画系列,0,5,35.424197,139.420037,https://w.junreimap.com/images/bangumi/513793.jpg,12418
12192,滑头鬼之孙～千年魔京～,ぬらりひょんの孫～千年魔京～,,,TV,7.2,1,0,0,https://w.junreimap.com/images/bangumi/12192.jpg,
110568,灵感少女！,レーカン！,,草加市,TV,6.3,17,35.805497,139.796336,https://w.junreimap.com/images/bangumi/110568.jpg,4859
333826,黑潮,クロシオカレント,,高知县,漫画系列,7.7,27,33.273488,133.278924,http://bgm-api.anitabi.cn/pic/cover/l/ff/67/333826_ufe72.jpg,
200187,最后生还者2,The Last of Us: Part II,,,游戏,5.6,1,0,0,http://bgm-api.anitabi.cn/pic/cover/l/8f/59/200187_t8u5U.jpg,
374008,摄影部,ふぉとくら,,东京都,,0,1,0,0,https://w.junreimap.com/images/bangumi/374008_pah7c8ple.jpg,
54338,圣哥传,聖☆おにいさん,,,剧场版,7.2,1,0,0,http://bgm-api.anitabi.cn/pic/cover/l/81/c4/54338_9Esnu.jpg,
299651,海边的Q,海辺のキュー,,沼津市,漫画系列,6.7,5,0,0,http://bgm-api.anitabi.cn/pic/cover/l/14/c2/299651_8aund.jpg,
241158,邻家的吸血鬼小妹,となりの吸血鬼さん,,东京都,TV,7,7,35.643271,139.730778,https://w.junreimap.com/images/bangumi/241158.jpg,906
236196,Anima Yell!,アニマエール！,,东京都,TV,6.4,6,35.668606,139.70816,https://w.junreimap.com/images/bangumi/236196.jpg,185
333813,真 流行之神3,真 流行り神３,,岐阜县,游戏,5.8,4,35.651698,136.821329,http://bgm-api.anitabi.cn/pic/cover/l/a5/af/333813_T11Gd.jpg,
170261,天真与闪电,甘々と稲妻,Amaama to Inazuma,武藏野市,TV,7,6,35.702613,139.543705,https://w.junreimap.com/images/bangumi/170261.jpg,
16245,世界上最NG的恋爱,世界でいちばんNG（だめ）な恋,,东京都,游戏,0,2,0,0,https://w.junreimap.com/images/bangumi/16245_p7qpo0znn.jpg,
7777,海绵宝宝 第一季,SpongeBob SquarePants (Season 1),,,TV,7.9,1,0,0,https://w.junreimap.com/images/bangumi/7777.jpg,
330973,看得见的女孩,見える子ちゃん,,东京都,TV,6.8,60,35.692713,139.738249,http://bgm-api.anitabi.cn/pic/cover/l/bc/6b/330973_HpbMw.jpg,
96130,少女与战车 这次是真正的安齐奥战！,ガールズ&パンツァー これが本当のアンツィオ戦です!,,海外,OVA,7.4,3,0,0,http://bgm-api.anitabi.cn/pic/cover/l/09/28/96130_Ds7UN.jpg,
59664,银之匙 Silver Spoon,銀の匙 Silver Spoon,,带广市,TV,7.9,29,42.901752,143.179228,https://w.junreimap.com/images/bangumi/59664.jpg,406370
1174,青空下的约定,この青空に約束を―,,日本,游戏,7.8,1,0,0,http://bgm-api.anitabi.cn/pic/cover/l/34/73/1174_DNdJr.jpg,
846,女仆咖啡帕露菲,パルフェ ～chocolat second brew～,,,游戏,8,1,0,0,http://bgm-api.anitabi.cn/pic/cover/l/84/f7/846_xUyQU.jpg,
126606,第三飞行少女队,第三飛行少女隊,,,OVA,6.6,1,0,0,http://bgm-api.anitabi.cn/pic/cover/l/8b/98/126606_S6mvh.jpg,
143834,少女＊领域,オトメ＊ドメイン,Otome * Domain,入间市,AVG,6.7,8,35.832993,139.37164,https://w.junreimap.com/images/bangumi/143834.jpg,7145
471839,女仆冥土小姐。,君は冥土様。,,,TV,6.2,6,0,0,https://w.junreimap.com/images/bangumi/471839.jpg,
10119,,天神乱漫 -LUCKY or UNLUCKY!?-,,,游戏,0,7,0,0,https://w.junreimap.com/images/bangumi/10119_p4z7jky8y.jpg,
70981,NOeSIS-虚伪记忆的物语-,NOeSIS-嘘を吐いた記憶の物語-,,,游戏,7.4,2,0,0,http://bgm-api.anitabi.cn/pic/cover/l/9e/44/70981_yffxt.jpg,
14878,小魔女DoReMi 大合奏,おジャ魔女どれみドッカ～ン!,,,TV,8.2,2,0,0,https://w.junreimap.com/images/bangumi/14878.jpg,
56596,暮色探险队,夕闇通り探検隊,,日野市,游戏,9,81,0,0,https://w.junreimap.com/images/bangumi/56596.jpg,
68756,农林,のうりん,,美浓加茂市,TV,6.5,29,35.519373,136.975478,https://w.junreimap.com/images/bangumi/68756.jpg,24469
89216,我们大家的河合庄,僕らはみんな河合荘,,岐阜市,TV,7.1,83,35.430254,136.773859,https://w.junreimap.com/images/bangumi/89216.jpg,40897
385928,,BanG Dream! Morfonication,BanG Dream! Morfonication,,WEB,0,8,0,0,https://w.junreimap.com/images/bangumi/385928.jpg,
46012,黑塔利亚 第5期,ヘタリア The Beautiful World,,欧洲,WEB,7.3,2,0,0,https://w.junreimap.com/images/bangumi/46012.jpg,
317615,黑塔利亚 World★Stars,ヘタリア World★Stars,,欧洲,WEB,5.8,3,52.516202,13.378225,https://w.junreimap.com/images/bangumi/317615.jpg,794382
10261,异国迷宫的十字路口,異国迷路のクロワーゼ The Animation,La croisée dans un labyrinthe étranger,欧洲,TV,7.1,8,48.859297,2.335999,https://w.junreimap.com/images/bangumi/10261.jpg,1634
426124,剧场版蓝色监狱 -EPISODE 凪-,劇場版ブルーロック -EPISODE 凪-,,,剧场版,4.3,1,0,0,http://bgm-api.anitabi.cn/pic/cover/l/2f/60/426124_0JIJq.jpg,
88765,混沌子,CHAOS;CHILD,,涩谷区,游戏,8.5,55,35.665287,139.703825,https://w.junreimap.com/images/bangumi/88765.jpg,1283
404804,天国大魔境,天国大魔境,,东京都,TV,8.1,22,35.706977,139.784426,https://w.junreimap.com/images/bangumi/404804.jpg,2712
207431,死印,死印,,八王子市,游戏,6.7,12,0,0,http://bgm-api.anitabi.cn/pic/cover/l/4d/0f/207431_1t82k.jpg,
56621,黄昏症候群 探索篇/究明編,トワイライトシンドローム 探索編/究明編,,武藏野市,游戏,7.6,32,0,0,http://bgm-api.anitabi.cn/pic/cover/l/32/b8/56621_EEtrP.jpg,
228439,街 ～命运的交叉点～特别篇,街 ~運命の交差点~ 特別篇,,涩谷区,游戏,7.2,8,35.659469,139.700516,https://w.junreimap.com/images/bangumi/228439.jpg,37
291333,丸子与银河龙,マルコと銀河竜,,长崎市,游戏,7.5,41,32.729569,129.846737,https://w.junreimap.com/images/bangumi/291333.jpg,51693
48880,,"Wake Up, Girls!","Wake Up, Girls!",仙台市,TV,6.7,95,38.268194,140.869417,https://w.junreimap.com/images/bangumi/48880.jpg,6171
425988,前辈是男孩子,先輩はおとこのこ,,镰仓市,TV,6.3,68,35.343489,139.543837,https://w.junreimap.com/images/bangumi/425988_ogpd4317t.jpg,3791
25444,听爸爸的话！,パパのいうことを聞きなさい！,,八王子市,TV,6.7,42,35.65418,139.408844,https://w.junreimap.com/images/bangumi/25444.jpg,1423
393037,义妹生活,義妹生活,,涩谷区,TV,6.8,31,35.655446,139.698484,https://w.junreimap.com/images/bangumi/393037.jpg,288
2617,天降之物,そらのおとしもの,,,TV,7.2,5,35.39849,135.782124,https://w.junreimap.com/images/bangumi/2617.jpg,
16777,浪漫追星社,宙のまにまに,,,漫画系列,7.4,11,0,0,http://bgm-api.anitabi.cn/pic/cover/l/fb/b2/16777_AKF84.jpg,
103302,镰鼬之夜2 监狱岛的童谣,かまいたちの夜2 監獄島のわらべ唄,,日本,游戏,8.1,17,0,0,http://bgm-api.anitabi.cn/pic/cover/l/5c/6b/103302_ZLpi8.jpg,
19175,忌火起草,忌火起草,,东京都,游戏,7.4,6,0,0,http://bgm-api.anitabi.cn/pic/cover/l/a3/11/19175_TzPnt.jpg,
224586,虔诚之花的晚钟,ピオフィオーレの晩鐘,,,游戏,6.5,1,0,0,https://w.junreimap.com/images/bangumi/224586.jpg,
301369,战翼的希格德莉法,戦翼のシグルドリーヴァ,Sen`yoku no Sigrdrifa,馆山市,TV,6.1,40,35.032305,139.831688,https://w.junreimap.com/images/bangumi/301369.jpg,7748
482706,,18TRIP,,横滨市,游戏,6.8,3,35.434867,139.727214,https://w.junreimap.com/images/bangumi/482706.jpg,6344
356756,派对浪客诸葛孔明,パリピ孔明,,涩谷区,TV,7,56,35.654568,139.651611,https://w.junreimap.com/images/bangumi/356756.jpg,2848
3304,神枪少女,GUNSLINGER GIRL,,海外,TV,7.8,99,39.504541,14.06033,https://w.junreimap.com/images/bangumi/3304.jpg,
293610,海边的异邦人,海辺のエトランゼ,,冲绳县,剧场版,6.2,1,0,0,http://bgm-api.anitabi.cn/pic/cover/l/b0/b6/293610_rjY8V.jpg,
14761,镰鼬之夜,かまいたちの夜,,长野县,游戏,7.6,38,36.716707,137.831512,http://bgm-api.anitabi.cn/pic/cover/l/ad/10/14761_oKoyO.jpg,
50814,打工吧！魔王大人,はたらく魔王さま!,,东京都,TV,7.1,7,35.673787,139.668608,https://w.junreimap.com/images/bangumi/50814.jpg,1488
2074,逮捕令,逮捕しちゃうぞ,,,TV,7.6,1,0,0,https://w.junreimap.com/images/bangumi/2074.jpg,
474801,冻牌～地下麻将斗牌录～,凍牌～裏レート麻雀闘牌録～,,,TV,6,1,0,0,http://bgm-api.anitabi.cn/pic/cover/l/96/44/474801_F0Bl1.jpg,
116871,亚尔斯兰战记,アルスラーン戦記,,,TV,6.9,1,34.803522,48.5198,http://bgm-api.anitabi.cn/pic/cover/l/9b/bf/116871_TEaP5.jpg,
21900,轮回的拉格朗日,輪廻のラグランジェ,Rinne no Lagrange: Flower Declaration of Your Heart,鸭川市,TV,6.5,20,35.094574,140.148171,https://w.junreimap.com/images/bangumi/21900.jpg,30597
133383,攻壳机动队,Ghost in the Shell,,中国,电影,5.4,16,22.300763,114.170936,https://w.junreimap.com/images/bangumi/133383.jpg,840
347953,群青的号角,群青のファンファーレ,Fanfare of Adolescence,白井市,TV,5.1,14,35.776763,140.033498,https://w.junreimap.com/images/bangumi/347953.jpg,8044
166454,未生,미생,,,电视剧,8.2,1,0,0,https://w.junreimap.com/images/bangumi/166454.jpg,
45954,珍贵日子的梦想,소중한 날의 꿈,,,剧场版,6.6,1,0,0,https://w.junreimap.com/images/bangumi/45954.jpg,
278826,Re：从零开始的异世界生活 二期,Re:ゼロから始める異世界生活 2nd season,,幸手市,TV,7.4,11,36.080828,139.721116,https://w.junreimap.com/images/bangumi/278826.jpg,14244
410346,2.5次元的诱惑,2.5次元の誘惑,,大田区,TV,6.5,11,35.55449,139.724571,https://w.junreimap.com/images/bangumi/410346.jpg,3959
407975,重启人生,ブラッシュアップライフ,,,日剧,7.9,5,35.629964,139.559537,https://w.junreimap.com/images/bangumi/407975.jpg,
73083,钻石王牌,ダイヤのA,Ace of Diamond,,TV,7.6,5,34.404803,133.1937,https://w.junreimap.com/images/bangumi/73083.jpg,28005
221333,,昨日青空,Crystal Sky of Yesterday,浙江省,剧场版,5.9,5,29.207086,119.477878,https://w.junreimap.com/images/bangumi/221333.jpg,140415
131891,暗杀教室 第二季,暗殺教室 第2期,,八王子市,TV,7.6,5,0,0,https://w.junreimap.com/images/bangumi/131891.jpg,
84386,舰队Collection,艦隊これくしょん -艦これ-,,吴市,TV,5.6,6,34.208871,132.525802,https://w.junreimap.com/images/bangumi/84386.jpg,49258
315745,租借女友 2期,彼女、お借りします 第2期,,东京都,TV,5.9,6,35.693003,139.695389,https://w.junreimap.com/images/bangumi/315745.jpg,326
2974,名侦探柯南 银翼的魔术师,名探偵コナン 銀翼の奇術師,Detective Conan: Magician of the Silver Sky,日本,剧场版,6.7,6,42.323963,140.929224,https://w.junreimap.com/images/bangumi/2974.jpg,53307
380514,候鸟,候鸟,,中国,游戏,7.2,7,39.753695,116.726461,https://w.junreimap.com/images/bangumi/380514.jpg,
340167,爱丽丝和特蕾丝的梦幻工厂,アリスとテレスのまぼろし工場,,釜石市,剧场版,6.3,7,39.267018,141.874672,https://w.junreimap.com/images/bangumi/340167.jpg,145617
126461,樱子小姐的脚下埋着尸体,櫻子さんの足下には死体が埋まっている,,旭川市,TV,6.7,67,43.578025,142.437527,https://w.junreimap.com/images/bangumi/126461.jpg,
22657,在盛夏等待,あの夏で待ってる,,小诸市,TV,7,94,36.327988,138.418658,https://w.junreimap.com/images/bangumi/22657.jpg,42354
500,侧耳倾听,耳をすませば,Whisper of the Heart,多摩市,剧场版,7.9,21,35.646295,139.442265,https://w.junreimap.com/images/bangumi/500.jpg,1512
335225,古见同学有交流障碍症,古見さんは、コミュ症です。,,大和市,TV,7,8,35.427648,139.467341,https://w.junreimap.com/images/bangumi/335225.jpg,5265
319577,Chapter I,Chapter I,Chapter I,和歌山市,其他,8,26,33.882779,135.456632,https://w.junreimap.com/images/bangumi/319577.jpg,75621
247,银魂,銀魂,,日本,TV,8.7,2,31.659992,35.609247,https://w.junreimap.com/images/bangumi/247.jpg,
257494,,夜思,,黑龙江省,WEB,7.2,2,45.765321,126.624662,https://w.junreimap.com/images/bangumi/257494.jpg,
324295,式守同学不只可爱而已,可愛いだけじゃない式守さん,,东京都,TV,5.7,52,35.624986,139.348063,https://w.junreimap.com/images/bangumi/324295.jpg,3560
464561,变成菜变成花,菜なれ花なれ,,沼田市,TV,9,33,36.642519,139.040033,https://w.junreimap.com/images/bangumi/464561.jpg,27764
1148,东方永夜抄 ～ Imperishable Night.,東方永夜抄　～ Imperishable Night.,,,游戏,8.3,3,0,0,http://bgm-api.anitabi.cn/pic/cover/l/df/0a/1148_0DcU9.jpg,
12696,东方神灵庙 ～ Ten Desires.,東方神霊廟　～ Ten Desires,,,游戏,7.7,1,0,0,http://bgm-api.anitabi.cn/pic/cover/l/d7/85/12696_z01kz.jpg,
338446,孤独的美食家 第九季,孤独のグルメ Season9,,,日剧,7.6,14,0,0,http://bgm-api.anitabi.cn/pic/cover/l/b5/23/338446_ZPK2Q.jpg,
289173,孤独的美食家 第八季,孤独のグルメ Season8,,,日剧,7.6,14,0,0,http://bgm-api.anitabi.cn/pic/cover/l/66/6e/289173_UC7d6.jpg,
74240,孤独的美食家 第三季,孤独のグルメ Season3,,,日剧,7.8,12,0,0,http://bgm-api.anitabi.cn/pic/cover/l/d8/9c/74240_FkSsC.jpg,
49124,孤独的美食家 第二季,孤独のグルメ Season2,,,日剧,7.9,12,0,0,http://bgm-api.anitabi.cn/pic/cover/l/c5/78/49124_1rJ1b.jpg,
449341,,一人之下·锈铁重现,,辽宁省,WEB,5.1,4,41.797106,123.414368,https://w.junreimap.com/images/bangumi/449341.jpg,1085819
320239,,血与心,,中国,WEB,0,3,0,0,https://w.junreimap.com/images/bangumi/320239.jpg,
432463,,茶啊二中,,吉林省,剧场版,6.6,3,43.867,125.302151,https://w.junreimap.com/images/bangumi/432463.jpg,310963
5337,绝命毒师,Breaking Bad,,,欧美剧,8,1,35.135133,-106.543907,https://w.junreimap.com/images/bangumi/5337.jpg,
284,草莓棉花糖,苺ましまろ,,滨松市,TV,7.8,38,34.706201,137.692012,https://w.junreimap.com/images/bangumi/284.jpg,34582
186180,重神机潘多拉,重神機パンドーラ,,重庆市,TV,4.8,8,29.534768,106.547667,https://w.junreimap.com/images/bangumi/186180.jpg,3795
119967,铁道员,鉄道員,,北海道,电影,8.2,3,43.16166,142.569779,https://w.junreimap.com/images/bangumi/119967.jpg,73544
8474,放浪男孩,放浪息子,,东京都,TV,7.8,33,35.677936,139.663696,https://w.junreimap.com/images/bangumi/8474.jpg,
26800,给桃子的信,ももへの手紙,,广岛市,剧场版,7.1,42,34.163963,132.785509,https://w.junreimap.com/images/bangumi/26800.jpg,26305
331692,瓦尼塔斯的手记,ヴァニタスの手記,,欧洲,TV,6.4,6,48.844769,2.338376,https://w.junreimap.com/images/bangumi/331692.jpg,563024
12703,境界线上的地平线,境界線上のホライゾン,,爱知县,TV,7.2,7,35.182572,136.844316,https://w.junreimap.com/images/bangumi/12703.jpg,5930
1952,迦南,CANAAN,,上海市,TV,7,8,31.228356,121.488569,https://w.junreimap.com/images/bangumi/1952.jpg,1211
211066,三颗星彩色冒险,三ツ星カラーズ,,文京区,TV,7.4,9,35.713247,139.77459,https://w.junreimap.com/images/bangumi/211066.jpg,1295
191956,亚人酱有话要说,亜人ちゃんは語りたい,,镰仓市,TV,6.9,10,35.309911,139.540151,https://w.junreimap.com/images/bangumi/191956.jpg,806
188412,风夏,風夏,,东京都,TV,5.5,9,35.538777,139.566489,https://w.junreimap.com/images/bangumi/188412.jpg,2225
168634,竞女,競女!!!!!!!!,,京都市,TV,6.4,13,34.510909,135.334804,https://w.junreimap.com/images/bangumi/168634.jpg,17720
107199,LoveLive! 学园偶像 电影,ラブライブ! The School Idol Movie,,海外,剧场版,7.3,9,40.664259,-73.889467,https://w.junreimap.com/images/bangumi/107199.jpg,14764
58850,恋爱研究所,恋愛ラボ,Love Lab,岐阜市,TV,7.3,9,35.423422,136.760621,https://w.junreimap.com/images/bangumi/58850.jpg,
14830,大鱼·海棠,,Big Fish & Begonia,福建省,剧场版,5.5,10,24.346593,116.955836,https://w.junreimap.com/images/bangumi/14830.jpg,131116
3130,数码宝贝驯兽师之王,デジモンテイマーズ,,东京都,TV,7.9,12,35.868614,138.988126,https://w.junreimap.com/images/bangumi/3130.jpg,
31413,织田信奈的野望,織田信奈の野望,,京都市,TV,6.8,12,35.064019,135.837791,https://w.junreimap.com/images/bangumi/31413.jpg,8207
25961,猫和老鼠,Tom and Jerry,,海外,TV,9,12,41.144,-73.525122,https://w.junreimap.com/images/bangumi/25961.jpg,
297340,铁路浪漫谭,レヱル・ロマネスク,Rail Romanesque,人吉市,TV,5.2,13,32.215061,130.799211,https://w.junreimap.com/images/bangumi/297340.jpg,158449
22431,樱花开了。,さくら、咲きました。,,山形县,游戏,6.8,17,38.235968,140.19776,https://w.junreimap.com/images/bangumi/22431.jpg,22668
48034,琴浦小姐,琴浦さん,,仓吉市,TV,6.7,13,35.461229,133.648682,https://w.junreimap.com/images/bangumi/48034.jpg,73908
354414,,SHINE POST,,东京都,TV,7.2,14,35.704815,139.666667,https://w.junreimap.com/images/bangumi/354414.jpg,423
78544,星辰恋曲的白色永恒,アストラエアの白き永遠,,指宿市,游戏,7.2,16,35.66936,139.692149,https://w.junreimap.com/images/bangumi/78544.jpg,1369
62285,美妙旋律 Rainbow Live,プリティーリズム・レインボーライブ,,东京都,TV,8,17,40.207106,137.770337,https://w.junreimap.com/images/bangumi/62285.jpg,
185001,小桃小栗 Love Love物语,ももくり,,水户市,TV,6.5,19,36.311362,140.491763,https://w.junreimap.com/images/bangumi/185001.jpg,7817
268070,骚动时节的少女们啊,荒ぶる季節の乙女どもよ。,,神奈川县,TV,7.1,21,35.645559,139.713055,https://w.junreimap.com/images/bangumi/268070.jpg,1669
83868,元气囝仔,ばらかもん,Barakamon,五岛市,TV,7.7,23,32.621154,128.797981,https://w.junreimap.com/images/bangumi/83868.jpg,449756
88493,一周的朋友。,一週間フレンズ。,,日野市,TV,7.2,24,35.647393,139.428692,https://w.junreimap.com/images/bangumi/88493.jpg,8034
3477,空之音,ソ・ラ・ノ・ヲ・ト,Sound of the Sky,欧洲,TV,6.8,26,40.076101,-2.139115,https://w.junreimap.com/images/bangumi/3477.jpg,1377989
1773,死亡笔记,DEATH NOTE,,东京都,TV,8.4,26,35.587025,139.69252,https://w.junreimap.com/images/bangumi/1773.jpg,880
237423,烟草,ケムリクサ,Kemurikusa,日本,TV,7.5,29,34.89959,135.81192,https://w.junreimap.com/images/bangumi/237423.jpg,
216228,孤独的美食家,孤独のグルメ,,东京都,WEB,7,36,35.787988,139.71023,https://w.junreimap.com/images/bangumi/216228.jpg,
119394,昭和元禄落语心中,昭和元禄落語心中,Shouwa Genroku Rakugo Shinjuu,东京都,TV,8.2,29,35.697565,139.777979,https://w.junreimap.com/images/bangumi/119394.jpg,977
234349,卫宫家今天的饭,衛宮さんちの今日のごはん,,东京都,WEB,7.5,31,35.626826,139.618887,https://w.junreimap.com/images/bangumi/234349.jpg,2267
248665,星合之空,星合の空 -ほしあいのそら-,,东京都,TV,6.9,36,35.626871,139.693639,https://w.junreimap.com/images/bangumi/248665.jpg,2254
155704,田中君总是如此慵懒,田中くんはいつもけだるげ,,广岛市,TV,7,36,34.394746,132.460146,https://w.junreimap.com/images/bangumi/155704.jpg,4329
239664,恬淡晴天,徒然日和,,熊野市,漫画,8,38,33.888761,136.073858,https://w.junreimap.com/images/bangumi/239664.jpg,7262
228350,战栗杀机,BANANA FISH,,海外,TV,7.3,44,40.737835,-74.009617,https://w.junreimap.com/images/bangumi/228350.jpg,1646
150775,,NEW GAME!,,东京都,TV,7.5,48,35.632697,139.726969,https://w.junreimap.com/images/bangumi/150775.jpg,1179
294993,咒术回战,呪術廻戦,,东京都,TV,7.2,53,35.613292,139.716726,https://w.junreimap.com/images/bangumi/294993.jpg,522
252321,Re:Stage！Dream Days♪,Re:ステージ! ドリームデイズ♪,Re:Stage！Dream Days♪,八王子市,TV,6.7,53,35.613815,139.495032,https://w.junreimap.com/images/bangumi/252321.jpg,2637
9853,灵异E接触,レベルE,LEVEL E,山形县,TV,7.9,11,38.254897,140.338669,https://w.junreimap.com/images/bangumi/9853.jpg,
302,龙猫,となりのトトロ,My Neighbor Totoro,所泽市,剧场版,8.2,7,35.771168,139.468372,https://w.junreimap.com/images/bangumi/302.jpg,761
75543,真恋~寄语枫秋~,真恋~寄语枫秋~,,,游戏,5.2,1,37.527557,122.052983,https://w.junreimap.com/images/bangumi/75543.jpg,
274613,爱、死亡和机器人,"Love, Death & Robots","Love, Death & Robots",中国,TV,7.7,5,22.305138,114.188425,https://w.junreimap.com/images/bangumi/274613.jpg,3948
534,她和她的猫,彼女と彼女の猫,She and Her Cat,大阪市,OVA,7.1,5,34.711541,135.469511,https://w.junreimap.com/images/bangumi/534.jpg,18371
4053,,LEVEL5 -judgelight-,,中国,MV,7.9,2,36.067816,120.315419,https://w.junreimap.com/images/bangumi/4053.jpg,
1939,网球王子,テニスの王子様,,,TV,6.8,2,0,0,http://bgm-api.anitabi.cn/pic/cover/l/f2/2e/1939_rs1e7.jpg,
794,电脑线圈,電脳コイル,,,TV,8.1,1,0,0,https://w.junreimap.com/images/bangumi/794.jpg,
115339,浦和小调,浦和の調ちゃん,,埼玉市,TV,5.4,4,35.856668,139.654918,https://w.junreimap.com/images/bangumi/115339.jpg,2910
363242,古见同学有交流障碍症 第二季,古見さんは、コミュ症です。2期,,大和市,TV,7.3,2,0,0,http://bgm-api.anitabi.cn/pic/cover/l/bc/0d/363242_0tZ06.jpg,
390353,我独自升级,俺だけレベルアップな件,,海外,TV,6.4,1,0,0,https://w.junreimap.com/images/bangumi/390353.jpg,
295778,乔西的虎与鱼,ジョゼと虎と魚たち,,大阪市,剧场版,6.7,14,34.659227,135.393847,https://w.junreimap.com/images/bangumi/295778.jpg,3116
75698,海猿,海猿 ウミザル,,,电影,8.3,1,0,0,https://w.junreimap.com/images/bangumi/75698.jpg,
41997,通灵王,シャーマンキング,,,漫画系列,7.3,1,0,0,https://w.junreimap.com/images/bangumi/41997.jpg,
75748,海猿TV版,海猿,,,日剧,7.6,1,34.247888,132.551464,https://w.junreimap.com/images/bangumi/75748.jpg,
9774,这个是僵尸吗？,これはゾンビですか?,,,TV,6.8,1,35.658507,139.745384,https://w.junreimap.com/images/bangumi/9774.jpg,
772,福音战士新剧场版：序,ヱヴァンゲリヲン新劇場版:序,,日本,剧场版,8.1,2,0,0,https://w.junreimap.com/images/bangumi/772.jpg,
140001,Re:从零开始的异世界生活,Re:ゼロから始める異世界生活,,,TV,7.3,1,35.547853,138.947944,https://w.junreimap.com/images/bangumi/140001.jpg,
99748,美妙天堂,プリパラ,,东京都,TV,7.8,10,35.727694,139.539261,https://w.junreimap.com/images/bangumi/99748.jpg,11099889000
3302,福音战士新剧场版：破,ヱヴァンゲリヲン新劇場版:破,,日本,剧场版,8.5,1,35.237678,138.994522,https://w.junreimap.com/images/bangumi/3302.jpg,
348598,神之山岭,Le sommet des dieux,,海外,剧场版,7.3,37,27.873515,86.808223,https://w.junreimap.com/images/bangumi/348598.jpg,2982559
955,428 ～被封锁的涩谷～,428 ～封鎖された渋谷で～,,涩谷区,游戏,8.6,26,35.654158,139.700731,https://w.junreimap.com/images/bangumi/955.jpg,4318
28440,狼的孩子雨和雪,おおかみこどもの雨と雪,The Wolf Children Ame and Yuki,富山市,剧场版,8,24,36.697843,137.385354,https://w.junreimap.com/images/bangumi/28440.jpg,37917
376008,佐佐木与宫野 剧场版 毕业篇,映画 佐々木と宮野ー卒業編ー,Sasaki to Miyano Graduation,横滨市,剧场版,6.4,3,35.434892,139.61687,https://w.junreimap.com/images/bangumi/376008.jpg,2483
8087,,群青の空を越えて,,筑波市,游戏,7.3,10,36.086525,140.105863,https://w.junreimap.com/images/bangumi/8087.jpg,
449562,老夫老妻重返青春,じいさんばあさん若返る,,,TV,6.1,1,0,0,https://w.junreimap.com/images/bangumi/449562.jpg,
977,阿滋漫画大王,あずまんが大王 THE ANIMATION,,,TV,7.8,10,0,0,https://w.junreimap.com/images/bangumi/977.jpg,
1529,伊里野的天空、UFO的夏天,イリヤの空、UFOの夏,,甲府市,OVA,7.3,11,35.599332,138.520096,https://w.junreimap.com/images/bangumi/1529.jpg,9476
62212,跳跃大搜查线 岁末特别警戒SP,踊る大捜査線 歳末特別警戒スペシャル,,东京都,日剧,7.6,18,35.649413,140.012859,https://w.junreimap.com/images/bangumi/62212.jpg,28923
62214,跳跃大搜查线 秋天的犯罪扑灭SP,踊る大捜査線 秋の犯罪撲滅スペシャル,跳跃大搜查线 秋SP,东京都,日剧,7.3,41,35.631678,139.940261,http://bgm-api.anitabi.cn/pic/cover/l/5d/d5/62214_6hTRh.jpg,
4828,Muv-Luv Alternative,マブラヴ オルタネイティヴ,,横滨市,游戏,8.8,6,35.451269,139.632105,https://w.junreimap.com/images/bangumi/4828.jpg,1120
1900,使命召唤4：现代战争,Call of Duty 4: Modern Warfare,,,游戏,8.3,1,0,0,https://w.junreimap.com/images/bangumi/1900.jpg,
320223,,上海故事,,,WEB,5.4,1,31.240155,121.498161,https://w.junreimap.com/images/bangumi/320223.jpg,
490141,对马岛之魂,Ghost of Tsushima,Ghost of Tsushima,对马市,游戏,8.2,32,34.199048,129.57554,https://w.junreimap.com/images/bangumi/490141.jpg,167257
4583,机动战士高达 逆袭的夏亚,機動戦士ガンダム 逆襲のシャア,,,剧场版,8.5,1,29.656697,91.117272,https://w.junreimap.com/images/bangumi/4583.jpg,
5395,,Forest,,新宿区,游戏,0,89,35.689976,139.702581,https://w.junreimap.com/images/bangumi/5395.jpg,579
18016,强袭魔女 剧场版,ストライクウィッチーズ 劇場版,,欧洲,剧场版,7.2,8,45.439123,12.321749,https://w.junreimap.com/images/bangumi/18016.jpg,2093
2976,名侦探柯南 侦探们的镇魂歌,名探偵コナン 探偵たちの鎮魂歌,,横滨市,剧场版,6.7,3,35.387852,139.637935,https://w.junreimap.com/images/bangumi/2976.jpg,5722
253046,强袭魔女 通往柏林之路,ストライクウィッチーズ ROAD to BERLIN,,欧洲,TV,7.5,5,52.775315,9.44642,https://w.junreimap.com/images/bangumi/253046.jpg,
72109,,Free!,Free!,鸟取县,TV,6.7,39,35.512742,134.312519,https://w.junreimap.com/images/bangumi/72109.jpg,143501
208826,少女与战车 最终章 第3话,ガールズ&パンツァー 最終章 第3話,Girls und Panzer das Finale: Part III,海外,OVA,7.6,3,66.536758,25.859164,https://w.junreimap.com/images/bangumi/208826.jpg,2083580
35861,强袭魔女 OVA,ストライクウィッチーズ OVA,,,OVA,6,1,48.635103,-1.511096,https://w.junreimap.com/images/bangumi/35861.jpg,
106372,栞与纸鱼子,栞と紙魚子,,三鹰市,漫画系列,6.8,29,35.692395,139.54343,https://w.junreimap.com/images/bangumi/106372.jpg,2721
208415,BanG Dream! 少女乐团派对！,バンドリ！ ガールズバンドパーティ！,,,游戏,7.4,1,0,0,https://w.junreimap.com/images/bangumi/208415.jpg,
78319,暗芝居,闇芝居,,,TV,6.6,1,0,0,http://bgm-api.anitabi.cn/pic/cover/l/c9/68/78319_fnJ4h.jpg,
120369,黑塔利亚 第6期,ヘタリア The World Twinkle,,,WEB,6.9,1,0,0,http://bgm-api.anitabi.cn/pic/cover/l/bd/85/120369_gdGxh.jpg,
304421,星空列车与白的旅行,星空鉄道とシロの旅,,,游戏,7.6,1,0,0,http://bgm-api.anitabi.cn/pic/cover/l/13/3c/304421_q5b77.jpg,
8986,蜡笔小新：呼风唤雨！猛烈！大人帝国的反击,クレヨンしんちゃん 嵐を呼ぶ モーレツ!オトナ帝国の逆襲,,大阪府,剧场版,8.3,1,34.809447,135.532404,https://w.junreimap.com/images/bangumi/8986.jpg,
294202,ARGONAVIS from BanG Dream! ANIMATION,アルゴナビス from BanG Dream! ANIMATION,,,TV,5.9,3,0,0,http://bgm-api.anitabi.cn/pic/cover/l/97/af/294202_XJkjk.jpg,
105649,刺客信条：大革命,Assassin's Creed: Unity,,,游戏,6.6,1,0,0,http://bgm-api.anitabi.cn/pic/cover/l/b7/3f/105649_14rgc.jpg,
4843,圣斗士星矢,聖闘士星矢,,,TV,7.5,1,0,0,http://bgm-api.anitabi.cn/pic/cover/l/02/24/4843_ol9aY.jpg,
174592,Hand Shakers,ハンドシェイカー,,大阪市,TV,4.3,78,34.651146,135.502253,https://w.junreimap.com/images/bangumi/174592.jpg,1946
326865,Muv-Luv photonflowers*,マブラヴ photonflowers*,Muv-Luv photonflowers*,海外,游戏,7.5,2,0,0,https://w.junreimap.com/images/bangumi/326865.jpg,
139221,~Dimension W~ 维度战记,Dimension W,,东京都,TV,6.8,3,35.650711,139.734177,https://w.junreimap.com/images/bangumi/139221.jpg,908
393446,22/7 「阴云彼端 晴空万里」music video,22/7 『曇り空の向こうは晴れている』music video,,涩谷区,,6.9,4,35.659771,139.700376,https://w.junreimap.com/images/bangumi/393446.jpg,118
161787,银色遥远,銀色、遥か,,札幌市,游戏,7.2,16,43.059008,141.357012,https://w.junreimap.com/images/bangumi/161787.jpg,550
316519,哥斯拉：奇点,ゴジラS.P<シンギュラポイント>,,,TV,6.7,1,0,0,http://bgm-api.anitabi.cn/pic/cover/l/8e/4f/316519_fd470.jpg,
46307,恶之华,惡の華,,桐生市,TV,6.6,76,36.408711,139.33857,https://w.junreimap.com/images/bangumi/46307.jpg,2092
884,混沌头,CHAOS;HEAD,CHAOS;HEAD,涩谷区,TV,5.9,81,35.659383,139.699391,https://w.junreimap.com/images/bangumi/884.jpg,599
489053,柚木家的四兄弟。,柚木さんちの四兄弟。,,东京都,日剧,0,6,35.717993,139.991103,https://w.junreimap.com/images/bangumi/489053.jpg,7987
502499,,GROTESQUE（仮）,,涩谷区,,10,3,35.659292,139.705552,https://w.junreimap.com/images/bangumi/502499.jpg,537
326,攻壳机动队 S.A.C. 2nd GIG,攻殻機動隊 S.A.C. 2nd GIG,,东京都,TV,9.2,2,24.979642,121.373931,https://w.junreimap.com/images/bangumi/326.jpg,
277518,GIVEN 被赠与的未来,ギヴン,,町田市,TV,6.8,101,35.518038,139.615458,https://w.junreimap.com/images/bangumi/277518.jpg,900
426983,歪小子斯科特,Scott Pilgrim Takes Off,,,WEB,7.3,1,0,0,http://bgm-api.anitabi.cn/pic/cover/l/96/55/426983_w3PtL.jpg,
312979,体操武士,体操ザムライ,,东京都,TV,7.1,43,35.691444,139.663689,http://bgm-api.anitabi.cn/pic/cover/l/bf/2a/312979_WR7kZ.jpg,
149993,少女们向荒野进发,少女たちは荒野を目指す,,逗子市,TV,5.7,34,35.327831,139.63635,https://w.junreimap.com/images/bangumi/149993.jpg,1232
4284,亲吻姐姐,kiss×sis,,,TV,6.7,2,25.040255,121.530346,https://w.junreimap.com/images/bangumi/4284.jpg,
108004,临时女友,ガールフレンド(仮),,日本,游戏,6.3,6,35.641012,139.696008,https://w.junreimap.com/images/bangumi/108004.jpg,
314638,让我听见爱的歌声,アイの歌声を聴かせて,,佐渡市,剧场版,6.5,14,38.021082,138.456174,https://w.junreimap.com/images/bangumi/314638.jpg,
219568,博多豚骨拉面,博多豚骨ラーメンズ,,福冈市,TV,6.6,84,33.581293,130.420894,https://w.junreimap.com/images/bangumi/219568.jpg,1092
307,红猪,紅の豚,Porco Rosso,,剧场版,8,1,43.021222,16.173667,https://w.junreimap.com/images/bangumi/307.jpg,
221227,,我的三体 罗辑传,,,WEB,7.8,1,-39.820809,-72.09357,https://w.junreimap.com/images/bangumi/221227.jpg,
424573,擅长逃跑的殿下,逃げ上手の若君,,日本,TV,7.7,17,35.380786,137.359925,https://w.junreimap.com/images/bangumi/424573.jpg,
220445,,22/7,,东京都,TV,5.9,32,35.331371,137.669259,https://w.junreimap.com/images/bangumi/220445.jpg,
210326,我想吃掉你的胰脏 真人电影版,君の膵臓をたべたい,,,电影,7.1,1,34.930017,135.756604,https://w.junreimap.com/images/bangumi/210326.jpg,
231140,昨日也曾爱着他／明日仍将恋上他,昨日は彼女も恋してた／明日も彼女は恋をする,,鸟羽市,小说,7.7,8,34.54471,136.982361,https://w.junreimap.com/images/bangumi/231140.jpg,
288784,海中金丝雀,海のカナリア,,镰仓市,小说,6.5,7,35.310885,139.546774,https://w.junreimap.com/images/bangumi/288784.jpg,
241543,另一位魔女／另一段生命,もうひとりの魔女,,神奈川县,小说,7.3,4,35.314909,139.548298,https://w.junreimap.com/images/bangumi/241543.jpg,
223229,妹妹人生,いもーとらいふ,,名古屋市,小说,8.5,2,35.13352,136.97514,https://w.junreimap.com/images/bangumi/223229.jpg,
114562,虹色异星人,虹色エイリアン,,名古屋市,小说,7.3,3,35.135687,136.972854,https://w.junreimap.com/images/bangumi/114562.jpg,
105267,沙漠中的男孩生活,砂漠のボーイズライフ,,岐阜县,小说,9,2,0,0,http://bgm-api.anitabi.cn/pic/cover/l/4e/6a/105267_CJI77.jpg,
90598,我的小规模自杀,僕の小規模な自殺,,名古屋市,小说,7,1,35.133702,136.974446,https://w.junreimap.com/images/bangumi/90598.jpg,
90599,寻觅眼中的你,瞳のさがしもの,,名古屋市,小说,7.1,6,35.134185,136.975264,https://w.junreimap.com/images/bangumi/90599.jpg,
55794,爱上她的12种方法,彼女を好きになる12の方法,,名古屋市,小说,7.3,5,35.152314,136.938192,https://w.junreimap.com/images/bangumi/55794.jpg,
319115,6天6人6把枪,クロクロクロック,,名古屋市,小说,6.8,32,35.171026,136.890541,https://w.junreimap.com/images/bangumi/319115.jpg,
46032,蜥蜴王,トカゲの王,,名古屋市,小说,6.9,1,0,0,https://w.junreimap.com/images/bangumi/46032.jpg,
55106,我的小规模奇迹,僕の小規模な奇跡,,名古屋市,小说,7.8,5,35.126316,136.964977,https://w.junreimap.com/images/bangumi/55106.jpg,
63341,19岁 -Nineteen-,19 -ナインティーン-,,,小说,6.9,4,35.17003,136.881581,https://w.junreimap.com/images/bangumi/63341.jpg,
20715,孤立者,ぼっちーズ,,名古屋市,小说,7.4,4,35.136227,136.972375,https://w.junreimap.com/images/bangumi/20715.jpg,
20409,六百六十日元的故事,六百六十円の事情,,岐阜市,小说,7.8,15,35.418746,136.751889,https://w.junreimap.com/images/bangumi/20409.jpg,
78799,精灵宝可梦XY,ポケットモンスターXY,,,TV,7.4,1,0,0,http://bgm-api.anitabi.cn/pic/cover/l/ca/e3/78799_f9bqW.jpg,
21594,侦探花咲太郎系列,探偵・花咲太郎シリーズ,,岐阜市,小说,7.3,3,35.438457,136.713461,https://w.junreimap.com/images/bangumi/21594.jpg,
18871,多摩湖与黄鸡,多摩湖さんと黄鶏くん,,名古屋市,小说,7.1,1,35.170752,136.881045,http://bgm-api.anitabi.cn/pic/cover/l/cb/ee/18871_aJ7Aa.jpg,
253406,在世界终焉的花园,世界の終わりの庭で,,镰仓市,小说,8,5,35.315505,139.550003,https://w.junreimap.com/images/bangumi/253406.jpg,
126195,神的垃圾桶,神のゴミ箱,,名古屋市,小说,7.4,5,35.134603,136.971613,https://w.junreimap.com/images/bangumi/126195.jpg,
221041,一册完全收录“入间人间”,まるごと一冊“入間人間”,,日本,小说,7,2,0,0,http://bgm-api.anitabi.cn/pic/cover/l/6f/87/221041_fal2D.jpg,
95010,,Free!-Eternal Summer-,,,TV,6.8,1,0,0,http://bgm-api.anitabi.cn/pic/cover/l/c6/ec/95010_jE29x.jpg,
301541,总之就是非常可爱,トニカクカワイイ,,日本,TV,6.3,55,35.563025,138.038442,https://w.junreimap.com/images/bangumi/301541.jpg,
277554,无职转生～在异世界认真地活下去～,無職転生～異世界行ったら本気だす～,Mushoku Tensei ~Isekai Ittara Honki Dasu~,,TV,7.7,2,35.719087,139.614223,https://w.junreimap.com/images/bangumi/277554.jpg,
43951,魔法少女☆伊莉雅,Fate/kaleid liner プリズマ☆イリヤ,Fate/kaleid liner,神户市,TV,6.9,3,34.677701,135.203795,https://w.junreimap.com/images/bangumi/43951.jpg,957
26804,魔法禁书目录 恩底弥翁的奇迹,とある魔術の禁書目録 エンデュミオンの奇蹟,,东京都,剧场版,6.4,18,35.65656,139.421437,https://w.junreimap.com/images/bangumi/26804.jpg,732
7842,侵略！乌贼娘,侵略!イカ娘,,,TV,7.3,1,35.312796,139.541494,https://w.junreimap.com/images/bangumi/7842.jpg,
240828,Happy Sugar Life,ハッピーシュガーライフ,,,TV,6.7,1,0,0,http://bgm-api.anitabi.cn/pic/cover/l/e2/68/240828_H4uLo.jpg,
90388,龙娘七七七埋藏的宝藏,龍ヶ嬢七々々の埋蔵金,,,TV,6.4,1,0,0,https://w.junreimap.com/images/bangumi/90388.jpg,
211934,此花绮谭,このはな綺譚,,,TV,7.5,1,0,0,http://bgm-api.anitabi.cn/pic/cover/l/ab/fd/211934_HHeOH.jpg,
4827,Muv-Luv,マブラヴ,Muv-Luv,横滨市,游戏,0,3,0,0,https://w.junreimap.com/images/bangumi/4827.jpg,
208825,少女与战车 最终章 第2话,ガールズ&パンツァー 最終章 第2話,Girls und Panzer das Finale: Part II,茨城县,OVA,7.8,5,36.315384,140.56273,https://w.junreimap.com/images/bangumi/208825.jpg,
81674,三和,みツわの,,京都市,OVA,5.7,10,35.003914,135.775741,https://w.junreimap.com/images/bangumi/81674.jpg,
178884,,planetarian～星の人～,,滨松市,剧场版,7.5,5,34.799558,136.738398,https://w.junreimap.com/images/bangumi/178884.jpg,
231474,桧曾根与间租谭,ひそねとまそたん,,各务原市,TV,7,81,35.394931,136.85997,https://w.junreimap.com/images/bangumi/231474.jpg,10332
407576,,My song / 角巻わため,,东京都,WEB,5.1,19,35.61217,139.712167,https://w.junreimap.com/images/bangumi/407576.jpg,441
279009,寄甡,寄甡,,中国,游戏,6.9,1,22.26892,113.545112,https://w.junreimap.com/images/bangumi/279009.jpg,
247791,,我是江小白 第二季,,重庆市,TV,5.6,1,29.570376,106.576402,https://w.junreimap.com/images/bangumi/247791.jpg,
312783,月球坠落时,月球坠落时 Moon Fall,,,游戏,5.8,1,22.285755,114.135146,https://w.junreimap.com/images/bangumi/312783.jpg,
332261,JOJO的奇妙冒险 石之海,ジョジョの奇妙な冒険 ストーンオーシャン,,,TV,7.6,1,28.524745,-80.681928,https://w.junreimap.com/images/bangumi/332261.jpg,
340822,数码宝贝幽灵游戏,デジモンゴーストゲーム,,,TV,6.3,1,35.715467,139.793311,https://w.junreimap.com/images/bangumi/340822.jpg,
413808,,Fate/Samurai Remnant,,文京区,游戏,7.1,1,35.713915,139.795949,https://w.junreimap.com/images/bangumi/413808.jpg,
465884,魔法少女与恶曾是敌人,かつて魔法少女と悪は敵対していた。,,东京都,TV,7,1,35.659542,139.700115,https://w.junreimap.com/images/bangumi/465884.jpg,
308936,东京复仇者,東京リベンジャーズ,,东京都,TV,5.6,1,35.702517,139.683107,https://w.junreimap.com/images/bangumi/308936.jpg,
422702,,崩坏3 毕业旅行,,上海市,WEB,7.2,1,31.219818,121.411117,https://w.junreimap.com/images/bangumi/422702.jpg,
1127,Remember11：无限轮回的时光,Remember11 -the age of infinity-,,日本,游戏,8.8,3,42.878679,141.12242,https://w.junreimap.com/images/bangumi/1127.jpg,
355254,从今天开始的青梅竹马,今日から始める幼なじみ,,东村山市,漫画,7,10,35.775692,139.463225,https://w.junreimap.com/images/bangumi/355254.jpg,4302
321,机动警察 2 和平保卫战,機動警察パトレイバー 2 the Movie,Mobile Police Patlabor the Movie 2,东京都,剧场版,8.8,23,35.664595,139.775358,https://w.junreimap.com/images/bangumi/321.jpg,629
2310,麦兜响当当,麥兜响噹噹,,中国,剧场版,6.8,3,22.331555,114.106624,https://w.junreimap.com/images/bangumi/2310.jpg,9542
47147,麦兜当当伴我心,麥兜噹噹伴我心,,中国,剧场版,7,5,22.258989,113.912275,https://w.junreimap.com/images/bangumi/47147.jpg,
296151,,IDOLY PRIDE,,横滨市,TV,6.9,7,35.33688,139.62993,https://w.junreimap.com/images/bangumi/296151.jpg,5728
301601,里世界郊游,裏世界ピクニック,,东京都,TV,5.9,30,35.813405,139.724564,https://w.junreimap.com/images/bangumi/301601.jpg,5507
408883,LoveLive！虹咲学园学园偶像同好会 NEXT SKY,ラブライブ！虹ヶ咲学園スクールアイドル同好会 NEXT SKY,,,OVA,7,2,35.629845,139.794053,https://w.junreimap.com/images/bangumi/408883.jpg,
239646,皿三昧,さらざんまい,,台东区,TV,7,12,35.707384,139.792405,https://w.junreimap.com/images/bangumi/239646.jpg,887
212146,爱吃拉面的小泉同学,ラーメン大好き小泉さん,,,TV,6.4,2,35.64804,139.741672,https://w.junreimap.com/images/bangumi/212146.jpg,
191302,少女与战车 最终章 第1话,ガールズ&パンツァー 最終章 第1話,Girls und Panzer das Finale: Part I,,OVA,7.8,2,39.155232,117.808328,https://w.junreimap.com/images/bangumi/191302.jpg,
2504,剧场版 超时空要塞F 虚空歌姬,劇場版 マクロスF 虚空歌姫〜イツワリノウタヒメ〜,,海外,剧场版,7.2,2,37.826712,-122.422838,https://w.junreimap.com/images/bangumi/2504.jpg,
320052,佐佐木与宫野,佐々木と宮野,Sasaki to Miyano,横滨市,TV,6.4,3,35.46884,139.479509,https://w.junreimap.com/images/bangumi/320052.jpg,4768
33355,战国Collection,戦国コレクション,,,TV,6.6,34,35.516341,139.607533,https://w.junreimap.com/images/bangumi/33355.jpg,3703
2603,狱・再见绝望先生,獄・さよなら絶望先生,,东京都,OVA,7.8,10,35.689046,139.775795,https://w.junreimap.com/images/bangumi/2603.jpg,2209
1167,水仙,narcissu,,,游戏,8.5,2,34.39781,135.033199,https://w.junreimap.com/images/bangumi/1167.jpg,
300,俗・再见绝望先生,俗・さよなら絶望先生,,杉并区,TV,7.8,3,35.699643,139.688971,https://w.junreimap.com/images/bangumi/300.jpg,1026
337709,梅时露霁书 ~雨潺海汐间~,ツユチル・レター～海と栞に雨音を～,,镰仓市,游戏,6.6,3,35.308119,139.492088,https://w.junreimap.com/images/bangumi/337709.jpg,448
1931,最终兵器彼女,最終兵器彼女,Saikano,北海道,TV,7.3,55,39.242763,141.019875,https://w.junreimap.com/images/bangumi/1931.jpg,
400602,葬送的芙莉莲,葬送のフリーレン,,,TV,8.6,1,36.403107,140.589899,https://w.junreimap.com/images/bangumi/400602.jpg,
214671,Slow Start,スロウスタート,Slow Start,长野县,TV,7,21,35.913045,139.116418,https://w.junreimap.com/images/bangumi/214671.jpg,
1743,东京地震8.0,東京マグニチュード8.0,Tokyo Magnitude 8.0,东京都,TV,7.4,55,35.640557,139.711933,https://w.junreimap.com/images/bangumi/1743.jpg,570
147568,,Rewrite,,东京都,TV,5.8,15,38.448639,137.770872,https://w.junreimap.com/images/bangumi/147568.jpg,
138053,Anne Happy♪,あんハピ♪,,东京都,TV,6.8,1,35.631733,139.441755,https://w.junreimap.com/images/bangumi/138053.jpg,
84997,鲁邦三世 雾之谜,ルパン三世 霧のエリューシヴ,,,TV,6.5,1,43.07513,145.165532,https://w.junreimap.com/images/bangumi/84997.jpg,
309311,赛博朋克：边缘行者,サイバーパンク エッジランナーズ,Cyberpunk: Edgerunners,海外,WEB,8.2,1,35.360487,-120.844157,https://w.junreimap.com/images/bangumi/309311.jpg,
27914,Root Double -Before Crime * After Days-,ルートダブル -Before Crime * After Days-,,筑波市,游戏,7.9,11,36.077118,140.083029,https://w.junreimap.com/images/bangumi/27914.jpg,23821
196074,,我和她的世界末日,,湖北省,游戏,5.4,1,30.55615,114.342459,https://w.junreimap.com/images/bangumi/196074.jpg,
308291,星光咖啡馆与死神之蝶,喫茶ステラと死神の蝶,,名古屋市,漫画,5.4,7,35.168408,136.895826,https://w.junreimap.com/images/bangumi/308291.jpg,3575
1930,,PEACE MAKER 鐵,,京都市,TV,7.2,1,35.043142,135.781408,https://w.junreimap.com/images/bangumi/1930.jpg,
26041,恋文的技术,恋文の技術,,七尾市,小说,7.7,14,37.171724,137.013258,https://w.junreimap.com/images/bangumi/26041.jpg,
24790,男子高中生的日常,男子高校生の日常,Danshi Koukousei no Nichijou,,TV,7.9,8,35.725089,139.603593,https://w.junreimap.com/images/bangumi/24790.jpg,
2582,玲音,Serial Experiments Lain,Serial Experiments Lain,涩谷区,TV,7.9,33,35.661844,139.692294,https://w.junreimap.com/images/bangumi/2582.jpg,415
246001,,我的三体 章北海传,,海外,WEB,8.4,2,38.803856,121.24995,https://w.junreimap.com/images/bangumi/246001.jpg,
276150,恋爱小行星,恋する小惑星,Koisuru Asteroid,川越市,TV,7,77,35.917069,139.486643,https://w.junreimap.com/images/bangumi/276150.jpg,467
280678,放学后海堤日记,放課後ていぼう日誌,,人吉市,TV,7.2,41,32.305379,130.489446,https://w.junreimap.com/images/bangumi/280678.jpg,35816
167434,少女编号,ガーリッシュ ナンバー,,东京都,TV,6.6,64,35.629058,139.633081,https://w.junreimap.com/images/bangumi/167434.jpg,1116
215158,刀使的巫女,刀使ノ巫女,,镰仓市,TV,6.3,70,34.977139,138.189253,https://w.junreimap.com/images/bangumi/215158.jpg,
253674,海岛与少女还有猫,青の島とねこ一匹,,广岛县,漫画,6.9,108,34.275116,133.119174,https://w.junreimap.com/images/bangumi/253674.jpg,16603
358741,有兽焉,,Fabulous Beasts,云南省,WEB,6.5,2,34.32188,109.573299,https://w.junreimap.com/images/bangumi/358741.jpg,
94236,普通女高中生要做当地偶像,普通の女子校生が【ろこどる】やってみた。,,柏市,TV,6.8,28,35.807555,139.923541,https://w.junreimap.com/images/bangumi/94236.jpg,
3031,剧场版 精灵宝可梦DP：帝牙卢卡VS帕路奇犽VS达克莱伊,劇場版ポケットモンスター ダイヤモンド&パール ディアルガVSパルキアVSダークライ,,海外,剧场版,7.1,1,41.40347,2.174407,https://w.junreimap.com/images/bangumi/3031.jpg,
416534,Overtake!,オーバーテイク！,,,TV,7,1,35.366541,138.91811,https://w.junreimap.com/images/bangumi/416534.jpg,
100443,东京残响,残響のテロル,,,TV,7.2,1,35.643911,139.857176,https://w.junreimap.com/images/bangumi/100443.jpg,
11602,飞屋环游记,UP,,,剧场版,7.7,1,5.968914,-62.536716,https://w.junreimap.com/images/bangumi/11602.jpg,
220188,巴加的工作室,バジャのスタジオ,,宇治市,OVA,7.5,1,34.924701,135.798642,https://w.junreimap.com/images/bangumi/220188.jpg,
167655,幼女战记,幼女戦記,,日本,TV,7.3,1,35.681382,139.76609,https://w.junreimap.com/images/bangumi/167655.jpg,
90423,Fate Extra CCC 妖狐传,フェイト/エクストラ CCC FoxTail,,,漫画,7.4,1,31.232275,121.491009,https://w.junreimap.com/images/bangumi/90423.jpg,
62680,机动战士高达 THE ORIGIN,機動戦士ガンダム THE ORIGIN,,,OVA,8,1,-33.857252,151.215294,https://w.junreimap.com/images/bangumi/62680.jpg,
896,向阳素描,ひだまりスケッチ,Hidamari Sketch,,TV,7.6,1,32.811176,130.739024,https://w.junreimap.com/images/bangumi/896.jpg,
885,食灵-零-,喰霊-零-,GA-REI -zero-,,TV,7.7,4,35.997361,139.811427,https://w.junreimap.com/images/bangumi/885.jpg,
229182,,我是江小白,,重庆市,WEB,6.6,3,29.558072,106.572674,https://w.junreimap.com/images/bangumi/229182.jpg,373991
827,日在校园,School Days,,东京都,TV,6.5,1,35.699756,139.465717,https://w.junreimap.com/images/bangumi/827.jpg,
186220,快盗天使BREAK,ツインエンジェルBREAK,,日本,TV,5.9,2,26.345365,127.863413,https://w.junreimap.com/images/bangumi/186220.jpg,
109948,CROSS ANGE 天使与龙的轮舞,クロスアンジュ 天使と竜の輪舞,,东京都,TV,6.4,3,35.685008,139.723512,https://w.junreimap.com/images/bangumi/109948.jpg,
197441,爱丽丝与藏六,アリスと蔵六,,,TV,6.7,4,35.692632,139.70491,https://w.junreimap.com/images/bangumi/197441.jpg,
21704,真夏之夜的雪物语,真夏の夜の雪物語 -MIDSUMMER SNOW NIGHT-,,,游戏,6.5,2,36.413956,139.333762,https://w.junreimap.com/images/bangumi/21704.jpg,
407,平成狸合战,平成狸合戦ぽんぽこ,,日本,剧场版,7.7,6,35.616553,139.411905,https://w.junreimap.com/images/bangumi/407.jpg,
139408,阿松,おそ松さん,,东京都,TV,7.4,8,35.675951,139.647924,https://w.junreimap.com/images/bangumi/139408.jpg,
145908,三者三叶,三者三葉,,,TV,6.8,4,35.677074,139.655992,https://w.junreimap.com/images/bangumi/145908.jpg,
366253,Estab Life Great Escape,エスタブライフ グレイトエスケープ,,,TV,7.1,2,35.626915,139.773714,https://w.junreimap.com/images/bangumi/366253.jpg,
220514,致我深爱的每个你,僕が愛したすべての君へ,,,小说,7.4,2,33.541312,130.993879,https://w.junreimap.com/images/bangumi/220514.jpg,
502,再见绝望先生,さよなら絶望先生,,杉并区,漫画,8.2,2,34.985324,135.786027,https://w.junreimap.com/images/bangumi/502.jpg,
2042,橙路,きまぐれオレンジ☆ロード,Kimagure Orange☆Road,,TV,7.4,2,36.230219,137.983646,https://w.junreimap.com/images/bangumi/2042.jpg,
294713,隐瞒之事,かくしごと,,东京都,TV,7.7,37,35.454278,139.725678,https://w.junreimap.com/images/bangumi/294713.jpg,
310,幽灵公主,もののけ姫,Princess Mononoke,鹿儿岛市,剧场版,8.4,2,30.362329,130.568106,https://w.junreimap.com/images/bangumi/310.jpg,
40339,就算是哥哥只要有爱就没问题对吧,お兄ちゃんだけど愛さえあれば関係ないよねっ,,丰岛区,TV,5.9,9,35.716448,139.704938,https://w.junreimap.com/images/bangumi/40339.jpg,
296870,我们的重制人生,ぼくたちのリメイク,,大阪府,TV,6.4,2,34.51196,135.629892,https://w.junreimap.com/images/bangumi/296870.jpg,
331480,明日同学的水手服,明日ちゃんのセーラー服,,,TV,7.7,3,41.783794,140.756851,https://w.junreimap.com/images/bangumi/331480.jpg,
106292,伊斯卡,ISUCA,,横滨市,TV,4.5,9,35.440345,139.654742,https://w.junreimap.com/images/bangumi/106292.jpg,
100205,新妹魔王的契约者,新妹魔王の契約者,,东京都,TV,5.8,10,35.630769,139.447658,https://w.junreimap.com/images/bangumi/100205.jpg,
6811,海月姬,海月姫,,东京都,TV,7.5,10,35.709505,139.708791,https://w.junreimap.com/images/bangumi/6811.jpg,
89511,BUDDY COMPLEX,バディ・コンプレックス,,东京都,TV,6.4,14,35.675664,139.668983,https://w.junreimap.com/images/bangumi/89511.jpg,
120495,猫耳少女的道草日记,ねこむすめ道草日記,,涩川市,漫画,7.6,42,36.444312,139.012728,https://w.junreimap.com/images/bangumi/120495.jpg,
1510,美少女战士,美少女戦士セーラームーン,,东京都,TV,7.4,47,35.645134,139.748264,https://w.junreimap.com/images/bangumi/1510.jpg,
211089,剧场版 吹响吧！上低音号～想要传达的旋律～,劇場版 響け！ユーフォニアム～届けたいメロディ～,,宇治市,剧场版,8,1,34.899291,135.802316,https://w.junreimap.com/images/bangumi/211089.jpg,
3994,素描本,スケッチブック ～full color's～,Sketchbook ～full color's～,福冈县,TV,7.4,15,33.539678,130.479813,https://w.junreimap.com/images/bangumi/3994.jpg,
1758,青之花,青い花,,镰仓市,TV,7.4,7,35.336098,139.546666,https://w.junreimap.com/images/bangumi/1758.jpg,
55032,写真女友,フォトカノ,Photo Kano,,TV,5.9,1,35.774354,139.499438,https://w.junreimap.com/images/bangumi/55032.jpg,
159661,黑色残骸,クロムクロ,,,TV,6.3,1,36.693457,137.211084,https://w.junreimap.com/images/bangumi/159661.jpg,
371892,昆虫乐园,インセクトランド,Insect Land,海外,TV,8,80,7.976861,98.500652,https://w.junreimap.com/images/bangumi/371892.jpg,
179798,午睡公主～我不为人知的故事～,ひるね姫～知らないワタシの物語～,,日本,剧场版,6,1,0,0,https://w.junreimap.com/images/bangumi/179798.jpg,
145946,魔法少女育成计划,魔法少女育成計画,,日本,TV,5.9,2,38.743488,138.906356,https://w.junreimap.com/images/bangumi/145946.jpg,
3179,千子,センコロール,CENCOROLL,札幌市,剧场版,7.1,15,43.069506,141.296557,https://w.junreimap.com/images/bangumi/3179.jpg,
27334,枪械少女,うぽって!!,,热海市,TV,6.2,18,35.093141,139.077228,https://w.junreimap.com/images/bangumi/27334.jpg,
169425,橘色奇迹,orange,,松本市,TV,6.3,60,36.215192,137.973163,https://w.junreimap.com/images/bangumi/169425.jpg,
163046,迷家,迷家-マヨイガ-,,都留市,TV,3.8,5,35.497657,138.972849,https://w.junreimap.com/images/bangumi/163046.jpg,
10378,天空之艾斯嘉科尼,天空のエスカフローネ,,镰仓市,TV,7.1,5,35.307845,139.524138,https://w.junreimap.com/images/bangumi/10378.jpg,
118783,全部成为F THE PERFECT INSIDER,すべてがFになる THE PERFECT INSIDER,,名古屋市,TV,7,6,34.948829,136.870467,https://w.junreimap.com/images/bangumi/118783.jpg,
217833,蓝色时期,ブルーピリオド,,东京都,漫画,8.2,2,35.657679,139.750068,https://w.junreimap.com/images/bangumi/217833.jpg,
59632,人鱼又上钩,波打際のむろみさん,,横滨市,TV,7.1,2,35.534325,139.700267,https://w.junreimap.com/images/bangumi/59632.jpg,
56159,AIURA,あいうら,,镰仓市,TV,7.3,5,35.31411,139.539735,https://w.junreimap.com/images/bangumi/56159.jpg,
8122,新子与千年魔法,マイマイ新子と千年の魔法,,防府市,剧场版,7.1,35,34.053015,131.578444,https://w.junreimap.com/images/bangumi/8122.jpg,
5655,世纪末超自然学院,世紀末オカルト学院,,长野市,TV,6.6,62,36.634264,138.186722,https://w.junreimap.com/images/bangumi/5655.jpg,
23684,黑子的篮球,黒子のバスケ,,,TV,7.1,3,35.714828,139.519737,https://w.junreimap.com/images/bangumi/23684.jpg,
