{
  "features": [
    {
      "geometry": {
        "coordinates": [
          135.759086,
          34.98617
        ],
        "type": "Point"
      },
      "properties": {
        "bangumi_id": 102134,
        "bangumi_title": "我的青春恋爱物语果然有问题 续",
        "ep_cut": 1,
        "image_url": "https://w.junreimap.com/images/user/0/bangumi/102134/points/mbfyao2mh-1721104407664.jpg",
        "location": "京都站",
        "point_id": "mbfyao2mh",
        "point_name": "站前广场",
        "remark": ""
      },
      "type": "Feature"
    },
    {
      "geometry": {
        "coordinates": [
          135.758347,
          34.985706
        ],
        "type": "Point"
      },
      "properties": {
        "bangumi_id": 102134,
        "bangumi_title": "我的青春恋爱物语果然有问题 续",
        "ep_cut": 1,
        "image_url": "https://w.junreimap.com/images/points/102134/bhm8mx9_1772020239543.jpg",
        "location": "京都站",
        "point_id": "bhm8mx9",
        "point_name": "新干线站台",
        "remark": ""
      },
      "type": "Feature"
    },
    {
      "geometry": {
        "coordinates": [
          135.758123,
          34.985989
        ],
        "type": "Point"
      },
      "properties": {
        "bangumi_id": 102134,
        "bangumi_title": "我的青春恋爱物语果然有问题 续",
        "ep_cut": 1,
        "image_url": "https://w.junreimap.com/images/points/102134/bhm5x0v_1772020147490.jpg",
        "location": "京都站",
        "point_id": "bhm5x0v",
        "point_name": "京都駅ビル 大階段",
        "remark": "三楼的西侧平台"
      },
      "type": "Feature"
    },
    {
      "geometry": {
        "coordinates": [
          135.758139,
          34.986009
        ],
        "type": "Point"
      },
      "properties": {
        "bangumi_id": 102134,
        "bangumi_title": "我的青春恋爱物语果然有问题 续",
        "ep_cut": 2,
        "image_url": "https://w.junreimap.com/images/points/102134/9xh9tbp_1768625975285.jpg",
        "location": "京都站",
        "point_id": "9xh9tbp",
        "point_name": "京都駅ビル 大階段",
        "remark": ""
      },
      "type": "Feature"
    },
    {
      "geometry": {
        "coordinates": [
          135.758148,
          34.98599
        ],
        "type": "Point"
      },
      "properties": {
        "bangumi_id": 102134,
        "bangumi_title": "我的青春恋爱物语果然有问题 续",
        "ep_cut": 2,
        "image_url": "https://w.junreimap.com/images/points/102134/bhmtmtz_1772021220361.jpg",
        "location": "京都站",
        "point_id": "bhmtmtz",
        "point_name": "京都駅ビル 大階段",
        "remark": ""
      },
      "type": "Feature"
    },
    {
      "geometry": {
        "coordinates": [
          135.758135,
          34.985972
        ],
        "type": "Point"
      },
      "properties": {
        "bangumi_id": 102134,
        "bangumi_title": "我的青春恋爱物语果然有问题 续",
        "ep_cut": 2,
        "image_url": "https://w.junreimap.com/images/points/102134/9xhap73_1768625876076.jpg",
        "location": "京都站",
        "point_id": "9xhap73",
        "point_name": "京都駅ビル 大階段",
        "remark": ""
      },
      "type": "Feature"
    },
    {
      "geometry": {
        "coordinates": [
          135.757231,
          34.985748
        ],
        "type": "Point"
      },
      "properties": {
        "bangumi_id": 102134,
        "bangumi_title": "我的青春恋爱物语果然有问题 续",
        "ep_cut": 2,
        "image_url": "https://w.junreimap.com/images/points/102134/bhmny6y_1772020957380.jpg",
        "location": "京都站",
        "point_id": "bhmny6y",
        "point_name": "大空広場",
        "remark": ""
      },
      "type": "Feature"
    },
    {
      "geometry": {
        "coordinates": [
          135.757231,
          34.985748
        ],
        "type": "Point"
      },
      "properties": {
        "bangumi_id": 102134,
        "bangumi_title": "我的青春恋爱物语果然有问题 续",
        "ep_cut": 2,
        "image_url": "https://w.junreimap.com/images/points/102134/bhmp8z2_1772021051278.jpg",
        "location": "京都站",
        "point_id": "bhmp8z2",
        "point_name": "大空広場",
        "remark": ""
      },
      "type": "Feature"
    },
    {
      "geometry": {
        "coordinates": [
          135.757231,
          34.985748
        ],
        "type": "Point"
      },
      "properties": {
        "bangumi_id": 102134,
        "bangumi_title": "我的青春恋爱物语果然有问题 续",
        "ep_cut": 2,
        "image_url": "https://w.junreimap.com/images/user/0/bangumi/102134/points/l134etr4y-1717472847102.jpg",
        "location": "京都站",
        "point_id": "l134etr4y",
        "point_name": "大空広場",
        "remark": "标点为精确位置，沿着全班合影所在的室外大楼梯一直上到顶左拐就是，当然也有其他几个入口，所有的入口最上面一层都没有自动扶梯"
      },
      "type": "Feature"
    },
    {
      "geometry": {
        "coordinates": [
          135.757231,
          34.985749
        ],
        "type": "Point"
      },
      "properties": {
        "bangumi_id": 102134,
        "bangumi_title": "我的青春恋爱物语果然有问题 续",
        "ep_cut": 2,
        "image_url": "https://w.junreimap.com/images/points/102134/bhmhbls_1772020925671.jpg",
        "location": "京都站",
        "point_id": "bhmhbls",
        "point_name": "大空広場",
        "remark": ""
      },
      "type": "Feature"
    },
    {
      "geometry": {
        "coordinates": [
          135.757231,
          34.985752
        ],
        "type": "Point"
      },
      "properties": {
        "bangumi_id": 102134,
        "bangumi_title": "我的青春恋爱物语果然有问题 续",
        "ep_cut": 2,
        "image_url": "https://w.junreimap.com/images/points/102134/bhmfzmq_1772020604077.jpg",
        "location": "京都站",
        "point_id": "bhmfzmq",
        "point_name": "大空広場",
        "remark": ""
      },
      "type": "Feature"
    },
    {
      "geometry": {
        "coordinates": [
          135.758431,
          34.98577
        ],
        "type": "Point"
      },
      "properties": {
        "bangumi_id": 102134,
        "bangumi_title": "我的青春恋爱物语果然有问题 续",
        "ep_cut": 2,
        "image_url": "https://w.junreimap.com/images/points/102134/adnv8q3_1769604406084.jpg",
        "location": "京都",
        "point_id": "adnv8q3",
        "point_name": "小町的购物清单",
        "remark": "都是真实存在的商品。小町おすすめ！　おみやげリスト！\n    　第三位！　生八つ橋（元祖でも本家でも本舗でも総本店でもなんでもいいです）\n    　第二位！　よーじ屋のあぶらとり紙（ママンの分もよろしくです）\n    　第一位！　発表はＣＭのあとで！\n\n    \n    　……とってもムカつく切り方をされていた。\n    「第一位なんだよ……」\n    「一番のお土産はお兄ちゃんの素敵な思い出話だよ」\n    　小町がにっこにっこにーと笑う。あざと可愛い……。"
      },
      "type": "Feature"
    },
    {
      "geometry": {
        "coordinates": [
          135.794391,
          35.011956
        ],
        "type": "Point"
      },
      "properties": {
        "bangumi_id": 102134,
        "bangumi_title": "我的青春恋爱物语果然有问题 续",
        "ep_cut": 1,
        "image_url": "https://w.junreimap.com/images/points/102134/adpdbo5_1769611894127.jpg",
        "location": "京都",
        "point_id": "adpdbo5",
        "point_name": "大本山南禅寺",
        "remark": "第一天当天去的，原作一笔带过的提了一下\n一日目はまず清水寺に行って、それから南禅寺まで行き、なぜか銀閣寺まで歩かされた。確かに紅葉は綺麗だったし、川べりの哲学の道を歩いたのもいい運動だった。あの辺をそぞろ歩くのは戸部と海老名さんにとってもなかなかいい雰囲気だったと思う。"
      },
      "type": "Feature"
    },
    {
      "geometry": {
        "coordinates": [
          135.798303,
          35.026747
        ],
        "type": "Point"
      },
      "properties": {
        "bangumi_id": 102134,
        "bangumi_title": "我的青春恋爱物语果然有问题 续",
        "ep_cut": 1,
        "image_url": "https://w.junreimap.com/images/points/102134/adpdr37_1769611988482.jpg",
        "location": "京都",
        "point_id": "adpdr37",
        "point_name": "銀閣寺",
        "remark": "第一天当天去的，原作一笔带过的提了一下\n一日目はまず清水寺に行って、それから南禅寺まで行き、なぜか銀閣寺まで歩かされた。確かに紅葉は綺麗だったし、川べりの哲学の道を歩いたのもいい運動だった。あの辺をそぞろ歩くのは戸部と海老名さんにとってもなかなかいい雰囲気だったと思う。"
      },
      "type": "Feature"
    },
    {
      "geometry": {
        "coordinates": [
          135.79546,
          35.026362
        ],
        "type": "Point"
      },
      "properties": {
        "bangumi_id": 102134,
        "bangumi_title": "我的青春恋爱物语果然有问题 续",
        "ep_cut": 1,
        "image_url": "https://w.junreimap.com/images/points/102134/adpnp92_1769612067705.jpg",
        "location": "京都",
        "point_id": "adpnp92",
        "point_name": "哲学の道",
        "remark": "第一天当天去的，原作一笔带过的提了一下\n一日目はまず清水寺に行って、それから南禅寺まで行き、なぜか銀閣寺まで歩かされた。確かに紅葉は綺麗だったし、川べりの哲学の道を歩いたのもいい運動だった。あの辺をそぞろ歩くのは戸部と海老名さんにとってもなかなかいい雰囲気だったと思う。"
      },
      "type": "Feature"
    },
    {
      "geometry": {
        "coordinates": [
          135.783329,
          34.99541
        ],
        "type": "Point"
      },
      "properties": {
        "bangumi_id": 102134,
        "bangumi_title": "我的青春恋爱物语果然有问题 续",
        "ep_cut": 1,
        "image_url": "https://w.junreimap.com/images/user/0/bangumi/102134/points/l13v92wtm-1717473419073.jpg",
        "location": "清水寺",
        "point_id": "l13v92wtm",
        "point_name": "仁王門",
        "remark": ""
      },
      "type": "Feature"
    },
    {
      "geometry": {
        "coordinates": [
          135.783368,
          34.995271
        ],
        "type": "Point"
      },
      "properties": {
        "bangumi_id": 102134,
        "bangumi_title": "我的青春恋爱物语果然有问题 续",
        "ep_cut": 1,
        "image_url": "https://w.junreimap.com/images/points/102134/bhndson_1772022161949.jpg",
        "location": "清水寺",
        "point_id": "bhndson",
        "point_name": "念彼觀音力碑",
        "remark": ""
      },
      "type": "Feature"
    },
    {
      "geometry": {
        "coordinates": [
          135.783389,
          34.995127
        ],
        "type": "Point"
      },
      "properties": {
        "bangumi_id": 102134,
        "bangumi_title": "我的青春恋爱物语果然有问题 续",
        "ep_cut": 1,
        "image_url": "https://w.junreimap.com/images/points/102134/bhncn9x_1772022146631.jpg",
        "location": "清水寺",
        "point_id": "bhncn9x",
        "point_name": "念彼觀音力碑",
        "remark": ""
      },
      "type": "Feature"
    },
    {
      "geometry": {
        "coordinates": [
          135.784007,
          34.995228
        ],
        "type": "Point"
      },
      "properties": {
        "bangumi_id": 102134,
        "bangumi_title": "我的青春恋爱物语果然有问题 续",
        "ep_cut": 1,
        "image_url": "https://w.junreimap.com/images/points/102134/bhn2jsw_1772021642320.jpg",
        "location": "清水寺",
        "point_id": "bhn2jsw",
        "point_name": "随求堂",
        "remark": ""
      },
      "type": "Feature"
    },
    {
      "geometry": {
        "coordinates": [
          135.784023,
          34.995229
        ],
        "type": "Point"
      },
      "properties": {
        "bangumi_id": 102134,
        "bangumi_title": "我的青春恋爱物语果然有问题 续",
        "ep_cut": 1,
        "image_url": "https://w.junreimap.com/images/points/102134/bhn13b1_1772021607137.jpg",
        "location": "清水寺",
        "point_id": "bhn13b1",
        "point_name": "随求堂",
        "remark": ""
      },
      "type": "Feature"
    },
    {
      "geometry": {
        "coordinates": [
          135.784043,
          34.995226
        ],
        "type": "Point"
      },
      "properties": {
        "bangumi_id": 102134,
        "bangumi_title": "我的青春恋爱物语果然有问题 续",
        "ep_cut": 1,
        "image_url": "https://w.junreimap.com/images/points/102134/9xh4j96_1768625599354.jpg",
        "location": "清水寺",
        "point_id": "9xh4j96",
        "point_name": "随求堂 (胎内巡り)",
        "remark": ""
      },
      "type": "Feature"
    },
    {
      "geometry": {
        "coordinates": [
          135.784064,
          34.995239
        ],
        "type": "Point"
      },
      "properties": {
        "bangumi_id": 102134,
        "bangumi_title": "我的青春恋爱物语果然有问题 续",
        "ep_cut": 1,
        "image_url": "https://w.junreimap.com/images/points/102134/9xh5ztq_1768625616977.jpg",
        "location": "清水寺",
        "point_id": "9xh5ztq",
        "point_name": "随求堂 (胎内巡り)",
        "remark": "开放时间为9:00-16:00，要收费（幽闭恐惧症或怕黑者慎入）"
      },
      "type": "Feature"
    },
    {
      "geometry": {
        "coordinates": [
          135.785202,
          34.995043
        ],
        "type": "Point"
      },
      "properties": {
        "bangumi_id": 102134,
        "bangumi_title": "我的青春恋爱物语果然有问题 续",
        "ep_cut": 1,
        "image_url": "https://w.junreimap.com/images/points/102134/9xmk66e_1768634720838.jpg",
        "location": "清水寺",
        "point_id": "9xmk66e",
        "point_name": "地主神社東鳥居",
        "remark": ""
      },
      "type": "Feature"
    },
    {
      "geometry": {
        "coordinates": [
          135.785107,
          34.995102
        ],
        "type": "Point"
      },
      "properties": {
        "bangumi_id": 102134,
        "bangumi_title": "我的青春恋爱物语果然有问题 续",
        "ep_cut": 1,
        "image_url": "https://w.junreimap.com/images/points/102134/bhnpuov_1772022719774.jpg",
        "location": "清水寺",
        "point_id": "bhnpuov",
        "point_name": "地主神社",
        "remark": ""
      },
      "type": "Feature"
    },
    {
      "geometry": {
        "coordinates": [
          135.785111,
          34.995103
        ],
        "type": "Point"
      },
      "properties": {
        "bangumi_id": 102134,
        "bangumi_title": "我的青春恋爱物语果然有问题 续",
        "ep_cut": 1,
        "image_url": "https://w.junreimap.com/images/points/102134/bhnj89a_1772022508079.jpg",
        "location": "清水寺",
        "point_id": "bhnj89a",
        "point_name": "地主神社",
        "remark": ""
      },
      "type": "Feature"
    },
    {
      "geometry": {
        "coordinates": [
          135.785107,
          34.995103
        ],
        "type": "Point"
      },
      "properties": {
        "bangumi_id": 102134,
        "bangumi_title": "我的青春恋爱物语果然有问题 续",
        "ep_cut": 1,
        "image_url": "https://w.junreimap.com/images/points/102134/bhnp9hq_1772022692390.jpg",
        "location": "清水寺",
        "point_id": "bhnp9hq",
        "point_name": "地主神社",
        "remark": ""
      },
      "type": "Feature"
    },
    {
      "geometry": {
        "coordinates": [
          135.785109,
          34.995102
        ],
        "type": "Point"
      },
      "properties": {
        "bangumi_id": 102134,
        "bangumi_title": "我的青春恋爱物语果然有问题 续",
        "ep_cut": 1,
        "image_url": "https://w.junreimap.com/images/points/102134/bhnopu9_1772022667290.jpg",
        "location": "清水寺",
        "point_id": "bhnopu9",
        "point_name": "地主神社",
        "remark": ""
      },
      "type": "Feature"
    },
    {
      "geometry": {
        "coordinates": [
          135.785069,
          34.995138
        ],
        "type": "Point"
      },
      "properties": {
        "bangumi_id": 102134,
        "bangumi_title": "我的青春恋爱物语果然有问题 续",
        "ep_cut": 1,
        "image_url": "https://w.junreimap.com/images/points/102134/bhnqcds_1772022747625.jpg",
        "location": "清水寺",
        "point_id": "bhnqcds",
        "point_name": "地主神社",
        "remark": ""
      },
      "type": "Feature"
    },
    {
      "geometry": {
        "coordinates": [
          135.785037,
          34.995136
        ],
        "type": "Point"
      },
      "properties": {
        "bangumi_id": 102134,
        "bangumi_title": "我的青春恋爱物语果然有问题 续",
        "ep_cut": 1,
        "image_url": "https://w.junreimap.com/images/points/102134/adnh7a9_1769612228551.jpg",
        "location": "清水寺",
        "point_id": "adnh7a9",
        "point_name": "恋占いの石",
        "remark": "“我不着痕迹的混在人群之中，观察着班级的情况。果然人气no.1的景点是「恋爱占卜石」的样子。”\nそれとなく一団に混じりつつ、クラスの様子を見ていると、やはり人気ナンバーワンアトラクションは『恋占いの石』のようだった。\n    　見れば、多くの女子たちがチャレンジしていた。挑戦する人の邪魔にならないよう、友人たちが警備員よろしく、通路を確保し、「じゃ、いくねー」なんて声をかけてからスタートする。\n    　恋占いの石は離れた位置にある石の間を目を瞑って到達することができればその恋は叶うという、言って見れば「これができたら一〇〇万円」的なノリのものだ。\n    　なお、スイカ割りみたいに誰かの助けを借りた場合には、その恋も誰かの助けが必要になるのだそうな。"
      },
      "type": "Feature"
    },
    {
      "geometry": {
        "coordinates": [
          135.785249,
          34.994437
        ],
        "type": "Point"
      },
      "properties": {
        "bangumi_id": 102134,
        "bangumi_title": "我的青春恋爱物语果然有问题 续",
        "ep_cut": 1,
        "image_url": "https://w.junreimap.com/images/points/102134/bhnsb02_1772022841500.jpg",
        "location": "清水寺",
        "point_id": "bhnsb02",
        "point_name": "音羽の滝",
        "remark": ""
      },
      "type": "Feature"
    },
    {
      "geometry": {
        "coordinates": [
          135.785248,
          34.994421
        ],
        "type": "Point"
      },
      "properties": {
        "bangumi_id": 102134,
        "bangumi_title": "我的青春恋爱物语果然有问题 续",
        "ep_cut": 1,
        "image_url": "https://w.junreimap.com/images/points/102134/bhnso4l_1772022857293.jpg",
        "location": "清水寺",
        "point_id": "bhnso4l",
        "point_name": "音羽の滝",
        "remark": ""
      },
      "type": "Feature"
    },
    {
      "geometry": {
        "coordinates": [
          135.785267,
          34.994433
        ],
        "type": "Point"
      },
      "properties": {
        "bangumi_id": 102134,
        "bangumi_title": "我的青春恋爱物语果然有问题 续",
        "ep_cut": 1,
        "image_url": "https://w.junreimap.com/images/user/0/bangumi/102134/points/mbfveov7i-1721104226362.jpg",
        "location": "清水寺",
        "point_id": "mbfveov7i",
        "point_name": "音羽の滝",
        "remark": ""
      },
      "type": "Feature"
    },
    {
      "geometry": {
        "coordinates": [
          135.785275,
          34.994439
        ],
        "type": "Point"
      },
      "properties": {
        "bangumi_id": 102134,
        "bangumi_title": "我的青春恋爱物语果然有问题 续",
        "ep_cut": 1,
        "image_url": "https://w.junreimap.com/images/points/102134/bhntxrr_1772022911907.jpg",
        "location": "清水寺",
        "point_id": "bhntxrr",
        "point_name": "音羽の滝",
        "remark": ""
      },
      "type": "Feature"
    },
    {
      "geometry": {
        "coordinates": [
          135.785277,
          34.994431
        ],
        "type": "Point"
      },
      "properties": {
        "bangumi_id": 102134,
        "bangumi_title": "我的青春恋爱物语果然有问题 续",
        "ep_cut": 1,
        "image_url": "https://w.junreimap.com/images/points/102134/bhnswe2_1772022869231.jpg",
        "location": "清水寺",
        "point_id": "bhnswe2",
        "point_name": "音羽の滝",
        "remark": ""
      },
      "type": "Feature"
    },
    {
      "geometry": {
        "coordinates": [
          135.785277,
          34.994426
        ],
        "type": "Point"
      },
      "properties": {
        "bangumi_id": 102134,
        "bangumi_title": "我的青春恋爱物语果然有问题 续",
        "ep_cut": 1,
        "image_url": "https://w.junreimap.com/images/points/102134/bhnth2p_1772022896310.jpg",
        "location": "清水寺",
        "point_id": "bhnth2p",
        "point_name": "音羽の滝",
        "remark": ""
      },
      "type": "Feature"
    },
    {
      "geometry": {
        "coordinates": [
          135.791591,
          35.039444
        ],
        "type": "Point"
      },
      "properties": {
        "bangumi_id": 102134,
        "bangumi_title": "我的青春恋爱物语果然有问题 续",
        "ep_cut": 1,
        "image_url": "https://w.junreimap.com/images/points/102134/9xfljmc_1768623028907.jpg",
        "location": "天下一品 総本店",
        "point_id": "9xfljmc",
        "point_name": "天下一品 総本店",
        "remark": "静可爱点的是こってり，浓汤，大老师跟着点了一碗，雪乃给汤汁的浓厚程度吓到了没点，静老师给她拿小碟分了一点吃\n   「こってり」\n    　平塚先生はメニューも見ずに注文した。まぁ、俺も噂に聞く天一のこってりを食べてみたい。\n    「俺もこってり」\n    「………」\n    　雪ノ下の注文が聞こえなかったのでちらと様子を窺ってみた。すると、雪ノ下は周囲の人の様子を恐る恐るの体で見て、絶句していた。\n    　くいくいと俺の袖が引かれる。\n    「……ねぇ、あれはスープなの？」\n    　ほとんど恐怖と言っていい表情だった。いや、もっともなご意見。でもこれでビビってたらお前、なりたけ食えないぞ。なりたけはスープって言うか、背脂だしな、あそこ。超美味い。"
      },
      "type": "Feature"
    },
    {
      "geometry": {
        "coordinates": [
          135.791664,
          35.039403
        ],
        "type": "Point"
      },
      "properties": {
        "bangumi_id": 102134,
        "bangumi_title": "我的青春恋爱物语果然有问题 续",
        "ep_cut": 1,
        "image_url": "https://w.junreimap.com/images/points/102134/9xfmyqj_1768623045376.jpg",
        "location": "天下一品 総本店",
        "point_id": "9xfmyqj",
        "point_name": "天下一品 総本店",
        "remark": ""
      },
      "type": "Feature"
    },
    {
      "geometry": {
        "coordinates": [
          135.70703,
          35.016479
        ],
        "type": "Point"
      },
      "properties": {
        "bangumi_id": 102134,
        "bangumi_title": "我的青春恋爱物语果然有问题 续",
        "ep_cut": 2,
        "image_url": "https://w.junreimap.com/images/user/0/bangumi/102134/points/qrumf84n8-1733674699323.jpg",
        "location": " 東映太秦映画村",
        "point_id": "qrumf84n8",
        "point_name": "NERV Cafe（Ninja Cafe）Souvenir Shop",
        "remark": ""
      },
      "type": "Feature"
    },
    {
      "geometry": {
        "coordinates": [
          135.707318,
          35.016233
        ],
        "type": "Point"
      },
      "properties": {
        "bangumi_id": 102134,
        "bangumi_title": "我的青春恋爱物语果然有问题 续",
        "ep_cut": 2,
        "image_url": "https://w.junreimap.com/images/user/0/bangumi/102134/points/qrv15cj78-1733675491436.jpg",
        "location": " 東映太秦映画村",
        "point_id": "qrv15cj78",
        "point_name": "新撰組ショップShinsen Gumi Shop",
        "remark": ""
      },
      "type": "Feature"
    },
    {
      "geometry": {
        "coordinates": [
          135.707219,
          35.016589
        ],
        "type": "Point"
      },
      "properties": {
        "bangumi_id": 102134,
        "bangumi_title": "我的青春恋爱物语果然有问题 续",
        "ep_cut": 2,
        "image_url": "https://w.junreimap.com/images/user/0/bangumi/102134/points/qrut89qez-1733675046378.jpg",
        "location": " 東映太秦映画村",
        "point_id": "qrut89qez",
        "point_name": "The most terrifying Haunted House史上最恐のお化け屋敷",
        "remark": ""
      },
      "type": "Feature"
    },
    {
      "geometry": {
        "coordinates": [
          135.707114,
          35.016815
        ],
        "type": "Point"
      },
      "properties": {
        "bangumi_id": 102134,
        "bangumi_title": "我的青春恋爱物语果然有问题 续",
        "ep_cut": 2,
        "image_url": "https://w.junreimap.com/images/points/102134/9xh27nc_1768625442237.jpg",
        "location": " 東映太秦映画村",
        "point_id": "9xh27nc",
        "point_name": "The most terrifying Haunted House史上最恐のお化け屋敷",
        "remark": "内部禁止拍照"
      },
      "type": "Feature"
    },
    {
      "geometry": {
        "coordinates": [
          135.708248,
          35.016643
        ],
        "type": "Point"
      },
      "properties": {
        "bangumi_id": 102134,
        "bangumi_title": "我的青春恋爱物语果然有问题 续",
        "ep_cut": 2,
        "image_url": "https://w.junreimap.com/images/points/102134/9xfr1u8_1768623493207.jpg",
        "location": " 東映太秦映画村",
        "point_id": "9xfr1u8",
        "point_name": "東映太秦映画村",
        "remark": "出了大厅就是"
      },
      "type": "Feature"
    },
    {
      "geometry": {
        "coordinates": [
          135.707496,
          35.016841
        ],
        "type": "Point"
      },
      "properties": {
        "bangumi_id": 102134,
        "bangumi_title": "我的青春恋爱物语果然有问题 续",
        "ep_cut": 2,
        "image_url": "https://w.junreimap.com/images/points/102134/adrkynt_1769612348704.jpg",
        "location": " 東映太秦映画村",
        "point_id": "adrkynt",
        "point_name": "港町／特撮プール（池の怪獣）",
        "remark": "原作中的描述：\n    　特に恐竜ちゃんのいる池はなんか出てくるっぽい雰囲気を匂わせておきながら、ただぬっと出てきて、ふしゅるるるーと申し訳程度のスモークを吐いてまたどんこどんこ沈んでいくだけというすげぇシュールなアトラクションだった。\n\n    　恐竜ちゃんが池に消えていくのを俺たちが見送ると、立ち込める妙な沈黙。誰もが皆、シュールすぎる光景に動きを止めてしまう。"
      },
      "type": "Feature"
    },
    {
      "geometry": {
        "coordinates": [
          135.713688,
          35.031065
        ],
        "type": "Point"
      },
      "properties": {
        "bangumi_id": 102134,
        "bangumi_title": "我的青春恋爱物语果然有问题 续",
        "ep_cut": 2,
        "image_url": "https://w.junreimap.com/images/points/102134/adstv4o_1769613069482.jpg",
        "location": "京都",
        "point_id": "adstv4o",
        "point_name": "仁和寺",
        "remark": "太秦映画村逛完了之后，一行人打车到了仁和寺\n   　仁和寺といえば、教科書でよくお目にかかる『徒然草』第五十二段に出てくるうっかりてへぺろ法師でおなじみのあの仁和寺である。\n    　ここは秋よりは春のほうが人気のスポットだろう。春には桜が一面に咲き乱れるのだそうだ。\n    　晩秋の今の時期でももちろん観光客はいるし、寺も庭も見どころはあるのだが、いかんせん、こちとら血気盛んな高校生である。"
      },
      "type": "Feature"
    },
    {
      "geometry": {
        "coordinates": [
          135.718274,
          35.034481
        ],
        "type": "Point"
      },
      "properties": {
        "bangumi_id": 102134,
        "bangumi_title": "我的青春恋爱物语果然有问题 续",
        "ep_cut": 2,
        "image_url": "https://w.junreimap.com/images/user/0/bangumi/102134/points/qrv6sbrwk-1733675916723.jpg",
        "location": "龙安寺",
        "point_id": "qrv6sbrwk",
        "point_name": "龍安寺方丈庭園",
        "remark": "往后看就是团子等人打招呼的画面，紧跟后面几秒05：09"
      },
      "type": "Feature"
    },
    {
      "geometry": {
        "coordinates": [
          135.718337,
          35.034653
        ],
        "type": "Point"
      },
      "properties": {
        "bangumi_id": 102134,
        "bangumi_title": "我的青春恋爱物语果然有问题 续",
        "ep_cut": 2,
        "image_url": "https://w.junreimap.com/images/user/0/bangumi/102134/points/qrvfj8wy4-1733676356397.jpg",
        "location": "龙安寺",
        "point_id": "qrvfj8wy4",
        "point_name": "龍安寺",
        "remark": ""
      },
      "type": "Feature"
    },
    {
      "geometry": {
        "coordinates": [
          135.718304,
          35.034466
        ],
        "type": "Point"
      },
      "properties": {
        "bangumi_id": 102134,
        "bangumi_title": "我的青春恋爱物语果然有问题 续",
        "ep_cut": 2,
        "image_url": "https://w.junreimap.com/images/user/0/bangumi/102134/points/qrvir2dcm-1733676581480.jpg",
        "location": "龙安寺",
        "point_id": "qrvir2dcm",
        "point_name": "龍安寺",
        "remark": ""
      },
      "type": "Feature"
    },
    {
      "geometry": {
        "coordinates": [
          135.718337,
          35.034653
        ],
        "type": "Point"
      },
      "properties": {
        "bangumi_id": 102134,
        "bangumi_title": "我的青春恋爱物语果然有问题 续",
        "ep_cut": 2,
        "image_url": "https://w.junreimap.com/images/user/0/bangumi/102134/points/qrvcw3pi5-1733676261762.jpg",
        "location": "龙安寺",
        "point_id": "qrvcw3pi5",
        "point_name": "龍安寺",
        "remark": ""
      },
      "type": "Feature"
    },
    {
      "geometry": {
        "coordinates": [
          135.729402,
          35.039292
        ],
        "type": "Point"
      },
      "properties": {
        "bangumi_id": 102134,
        "bangumi_title": "我的青春恋爱物语果然有问题 续",
        "ep_cut": 2,
        "image_url": "https://w.junreimap.com/images/points/102134/adta326_1769613717990.jpg",
        "location": "京都",
        "point_id": "adta326",
        "point_name": "金閣寺",
        "remark": "在龙安寺和雪乃分别之后，大老师一行去了金阁寺：\n   「俺たちはこっから金閣寺行くけど」\n    「では私は戻るわ」\n    「うん、じゃあまた明日」\n    「ええ、また明日」\n    　雪ノ下と別れて、俺たちは葉山たちと合流した。まだこれから回らねばならない箇所がある。\n    　龍安寺から金閣寺まで、なだらかな坂道を歩く。途中、立命館大学の傍を通り、折れ曲がった道を行く。\n    　金閣寺を拝観していると結局拝観時間いっぱいまでかかってしまった。"
      },
      "type": "Feature"
    },
    {
      "geometry": {
        "coordinates": [
          135.772155,
          34.967049
        ],
        "type": "Point"
      },
      "properties": {
        "bangumi_id": 102134,
        "bangumi_title": "我的青春恋爱物语果然有问题 续",
        "ep_cut": 2,
        "image_url": "https://w.junreimap.com/images/user/0/bangumi/102134/points/l147o5li6-1717474168905.jpg",
        "location": "伏见稻荷大社",
        "point_id": "l147o5li6",
        "point_name": "伏见稻荷大社",
        "remark": ""
      },
      "type": "Feature"
    },
    {
      "geometry": {
        "coordinates": [
          135.781428,
          34.969111
        ],
        "type": "Point"
      },
      "properties": {
        "bangumi_id": 102134,
        "bangumi_title": "我的青春恋爱物语果然有问题 续",
        "ep_cut": 1,
        "image_url": "https://w.junreimap.com/images/points/102134/s3wumso8k_1769619550799.jpg",
        "location": "伏见稻荷大社",
        "point_id": "s3wumso8k",
        "point_name": "四つ辻",
        "remark": ""
      },
      "type": "Feature"
    },
    {
      "geometry": {
        "coordinates": [
          135.781419,
          34.969087
        ],
        "type": "Point"
      },
      "properties": {
        "bangumi_id": 102134,
        "bangumi_title": "我的青春恋爱物语果然有问题 续",
        "ep_cut": 1,
        "image_url": "https://w.junreimap.com/images/points/102134/s3ww5qc2j_1769619402079.jpg",
        "location": "伏见稻荷大社",
        "point_id": "s3ww5qc2j",
        "point_name": "四つ辻",
        "remark": ""
      },
      "type": "Feature"
    },
    {
      "geometry": {
        "coordinates": [
          135.781445,
          34.969095
        ],
        "type": "Point"
      },
      "properties": {
        "bangumi_id": 102134,
        "bangumi_title": "我的青春恋爱物语果然有问题 续",
        "ep_cut": 1,
        "image_url": "https://w.junreimap.com/images/points/102134/s3wwq1zhk_1769619444362.jpg",
        "location": "伏见稻荷大社",
        "point_id": "s3wwq1zhk",
        "point_name": "四つ辻",
        "remark": ""
      },
      "type": "Feature"
    },
    {
      "geometry": {
        "coordinates": [
          135.781414,
          34.969123
        ],
        "type": "Point"
      },
      "properties": {
        "bangumi_id": 102134,
        "bangumi_title": "我的青春恋爱物语果然有问题 续",
        "ep_cut": 1,
        "image_url": "https://w.junreimap.com/images/points/102134/s3wy0y99z_1769619538873.jpg",
        "location": "伏见稻荷大社",
        "point_id": "s3wy0y99z",
        "point_name": "四つ辻",
        "remark": ""
      },
      "type": "Feature"
    },
    {
      "geometry": {
        "coordinates": [
          135.781415,
          34.969114
        ],
        "type": "Point"
      },
      "properties": {
        "bangumi_id": 102134,
        "bangumi_title": "我的青春恋爱物语果然有问题 续",
        "ep_cut": 1,
        "image_url": "https://w.junreimap.com/images/points/102134/s3wxh0hhu_1769619473594.jpg",
        "location": "伏见稻荷大社",
        "point_id": "s3wxh0hhu",
        "point_name": "四つ辻",
        "remark": ""
      },
      "type": "Feature"
    },
    {
      "geometry": {
        "coordinates": [
          135.781438,
          34.969146
        ],
        "type": "Point"
      },
      "properties": {
        "bangumi_id": 102134,
        "bangumi_title": "我的青春恋爱物语果然有问题 续",
        "ep_cut": 1,
        "image_url": "https://w.junreimap.com/images/points/102134/s3wyprouk_1769619522537.jpg",
        "location": "伏见稻荷大社",
        "point_id": "s3wyprouk",
        "point_name": "四つ辻",
        "remark": ""
      },
      "type": "Feature"
    },
    {
      "geometry": {
        "coordinates": [
          135.67736,
          35.015092
        ],
        "type": "Point"
      },
      "properties": {
        "bangumi_id": 102134,
        "bangumi_title": "我的青春恋爱物语果然有问题 续",
        "ep_cut": 2,
        "image_url": "https://w.junreimap.com/images/user/0/bangumi/102134/points/l13pvnmrt-1717473109794.jpg",
        "location": "岚山",
        "point_id": "l13pvnmrt",
        "point_name": "嵐電嵐山駅",
        "remark": ""
      },
      "type": "Feature"
    },
    {
      "geometry": {
        "coordinates": [
          135.677435,
          35.014869
        ],
        "type": "Point"
      },
      "properties": {
        "bangumi_id": 102134,
        "bangumi_title": "我的青春恋爱物语果然有问题 续",
        "ep_cut": 2,
        "image_url": "https://w.junreimap.com/images/user/0/bangumi/102134/points/t0yf0ujhd-1740030368135.jpg",
        "location": "岚山",
        "point_id": "t0yf0ujhd",
        "point_name": "岚山",
        "remark": ""
      },
      "type": "Feature"
    },
    {
      "geometry": {
        "coordinates": [
          135.67852,
          35.013541
        ],
        "type": "Point"
      },
      "properties": {
        "bangumi_id": 102134,
        "bangumi_title": "我的青春恋爱物语果然有问题 续",
        "ep_cut": 2,
        "image_url": "https://w.junreimap.com/images/user/0/bangumi/102134/points/l14bntdr5-1717474368588.jpg",
        "location": "岚山",
        "point_id": "l14bntdr5",
        "point_name": "渡月桥",
        "remark": ""
      },
      "type": "Feature"
    },
    {
      "geometry": {
        "coordinates": [
          135.670753,
          35.016591
        ],
        "type": "Point"
      },
      "properties": {
        "bangumi_id": 102134,
        "bangumi_title": "我的青春恋爱物语果然有问题 续",
        "ep_cut": 2,
        "image_url": "https://w.junreimap.com/images/points/102134/9xhi4kr_1768626200330.jpg",
        "location": "岚山",
        "point_id": "9xhi4kr",
        "point_name": "嵐山竹林の小径",
        "remark": ""
      },
      "type": "Feature"
    },
    {
      "geometry": {
        "coordinates": [
          135.670477,
          35.016506
        ],
        "type": "Point"
      },
      "properties": {
        "bangumi_id": 102134,
        "bangumi_title": "我的青春恋爱物语果然有问题 续",
        "ep_cut": 2,
        "image_url": "https://w.junreimap.com/images/user/0/bangumi/102134/points/sgbrnyjq3-1755182400786.jpg",
        "location": "岚山",
        "point_id": "sgbrnyjq3",
        "point_name": "嵐山竹林の小径",
        "remark": "根据前后剧情可知，小路的尽头（镜头所在地）的两边都有隐藏的位置，并且雪乃、結衣和大老师所在的地方有一块掲示板，符合这一条件的点在竹林小径的西侧"
      },
      "type": "Feature"
    },
    {
      "geometry": {
        "coordinates": [
          135.670355,
          35.016497
        ],
        "type": "Point"
      },
      "properties": {
        "bangumi_id": 102134,
        "bangumi_title": "我的青春恋爱物语果然有问题 续",
        "ep_cut": 2,
        "image_url": "https://w.junreimap.com/images/points/102134/9xhr3c5_1768626596707.jpg",
        "location": "岚山",
        "point_id": "9xhr3c5",
        "point_name": "嵐山竹林の小径",
        "remark": "晚上这里非活动没有灯光，非常黑，什么都看不清楚，建议白天来。2025年嵐山月灯路活动在10.1-10.31，2026年暂未确定，可能也是差不多的时间。活动期间可以复现动画里的场景"
      },
      "type": "Feature"
    },
    {
      "geometry": {
        "coordinates": [
          135.670586,
          35.016536
        ],
        "type": "Point"
      },
      "properties": {
        "bangumi_id": 102134,
        "bangumi_title": "我的青春恋爱物语果然有问题 续",
        "ep_cut": 2,
        "image_url": "https://w.junreimap.com/images/points/102134/9xhq9uv_1768626564933.jpg",
        "location": "岚山",
        "point_id": "9xhq9uv",
        "point_name": "嵐山竹林の小径",
        "remark": ""
      },
      "type": "Feature"
    },
    {
      "geometry": {
        "coordinates": [
          135.67062,
          35.016568
        ],
        "type": "Point"
      },
      "properties": {
        "bangumi_id": 102134,
        "bangumi_title": "我的青春恋爱物语果然有问题 续",
        "ep_cut": 2,
        "image_url": "https://w.junreimap.com/images/points/102134/9xhv0ny_1768626791239.jpg",
        "location": "岚山",
        "point_id": "9xhv0ny",
        "point_name": "嵐山竹林の小径",
        "remark": ""
      },
      "type": "Feature"
    },
    {
      "geometry": {
        "coordinates": [
          135.67065,
          35.016565
        ],
        "type": "Point"
      },
      "properties": {
        "bangumi_id": 102134,
        "bangumi_title": "我的青春恋爱物语果然有问题 续",
        "ep_cut": 2,
        "image_url": "https://w.junreimap.com/images/points/102134/9xhtalp_1768626699208.jpg",
        "location": "岚山",
        "point_id": "9xhtalp",
        "point_name": "嵐山竹林の小径",
        "remark": ""
      },
      "type": "Feature"
    },
    {
      "geometry": {
        "coordinates": [
          135.670586,
          35.01656
        ],
        "type": "Point"
      },
      "properties": {
        "bangumi_id": 102134,
        "bangumi_title": "我的青春恋爱物语果然有问题 续",
        "ep_cut": 2,
        "image_url": "https://w.junreimap.com/images/points/102134/9xhtsut_1768626743653.jpg",
        "location": "岚山",
        "point_id": "9xhtsut",
        "point_name": "嵐山竹林の小径",
        "remark": ""
      },
      "type": "Feature"
    },
    {
      "geometry": {
        "coordinates": [
          135.677947,
          35.010986
        ],
        "type": "Point"
      },
      "properties": {
        "bangumi_id": 102134,
        "bangumi_title": "我的青春恋爱物语果然有问题 续",
        "ep_cut": 2,
        "image_url": "https://w.junreimap.com/images/points/102134/9xhf2fg_1768626046936.jpg",
        "location": "岚山",
        "point_id": "9xhf2fg",
        "point_name": "渡月亭",
        "remark": "第二天下榻的酒店，总武高真舍得花钱，平日人民币两三千一晚的酒店带这么多学生红叶季去住"
      },
      "type": "Feature"
    },
    {
      "geometry": {
        "coordinates": [
          135.677781,
          35.011183
        ],
        "type": "Point"
      },
      "properties": {
        "bangumi_id": 102134,
        "bangumi_title": "我的青春恋爱物语果然有问题 续",
        "ep_cut": 2,
        "image_url": "https://w.junreimap.com/images/points/102134/9xhgvut_1768626135948.jpg",
        "location": "岚山",
        "point_id": "9xhgvut",
        "point_name": "渡月亭",
        "remark": ""
      },
      "type": "Feature"
    },
    {
      "geometry": {
        "coordinates": [
          135.676033,
          35.018528
        ],
        "type": "Point"
      },
      "properties": {
        "bangumi_id": 102134,
        "bangumi_title": "我的青春恋爱物语果然有问题 续",
        "ep_cut": "",
        "image_url": "",
        "location": "岚山",
        "point_id": "adw0fgp",
        "point_name": "嵐山​オルゴール​博物館",
        "remark": "“一旦、渡月橋のあたりまで行き、オルゴール館など覗いてから、嵯峨野方面へと足を向ける。”"
      },
      "type": "Feature"
    },
    {
      "geometry": {
        "coordinates": [
          135.774072,
          34.977058
        ],
        "type": "Point"
      },
      "properties": {
        "bangumi_id": 102134,
        "bangumi_title": "我的青春恋爱物语果然有问题 续",
        "ep_cut": 2,
        "image_url": "https://w.junreimap.com/images/points/102134/aduvx1g_1769616295738.jpg",
        "location": "京都",
        "point_id": "aduvx1g",
        "point_name": "大本山東福寺",
        "remark": "爬完稻荷山，大老师一行随后去了东福寺：\n    　東福寺は京都でも指折りの紅葉の名所であるらしい。\n    　無論、有名な観光地ではあるのだが、いかんせん地理的に京都の中央部からやや外れているので修学旅行ではなかなか足が延びづらい。\n    　強い人気を誇るのは紅葉だけでなく、この寺にかけられている通天橋も理由の一つだろう。\n    　眼下に流れる小川にかけられた、寺と一体になった橋に立つと視界いっぱいに紅葉のグラデーションが飛び込んでくる。その景観は寺の落ち着いた雰囲気と相まって、実に雅やかな印象を与える。"
      },
      "type": "Feature"
    },
    {
      "geometry": {
        "coordinates": [
          135.735215,
          35.031246
        ],
        "type": "Point"
      },
      "properties": {
        "bangumi_id": 102134,
        "bangumi_title": "我的青春恋爱物语果然有问题 续",
        "ep_cut": 2,
        "image_url": "https://w.junreimap.com/images/points/102134/advc5dc_1769617573065.jpg",
        "location": "京都",
        "point_id": "advc5dc",
        "point_name": "北野天満宮",
        "remark": "“我们以和叶山他们不同的路线从东福寺先行离开前往岚山。中途，应我的要求而顺道去了北野天满宫。”\n    　先に東福寺を出た葉山たちとは違うルートから嵐山を目指す。途中、俺の希望でもあった、北野天満宮に寄った。\n    　北野天満宮に参拝し、お守りを買って、ついでに絵馬を書いてきた。\n    　さすがに絵馬を書いてる姿はシスコン呼ばわりされても反論できないので、その辺で待っていてもらった。"
      },
      "type": "Feature"
    },
    {
      "geometry": {
        "coordinates": [
          135.771481,
          35.123612
        ],
        "type": "Point"
      },
      "properties": {
        "bangumi_id": 102134,
        "bangumi_title": "我的青春恋爱物语果然有问题 续",
        "ep_cut": 1,
        "image_url": "https://w.junreimap.com/images/points/102134/adld5qq_1769612563472.jpg",
        "location": "京都",
        "point_id": "adld5qq",
        "point_name": "鞍馬山",
        "remark": "原作里材木座他们班去了鞍马山。\n    “材木座「砰砰」地拍打着登山包，用中指扶了一下眼镜。\n    「然也，要去鞍马山进行剑之修行呐。」\n    「鞍马吗？还真是选了个偏僻的地方呢。」”\n   　材木座はそのバッグをぽんと叩くと、くいっと眼鏡を中指で押し上げた。\n    「応。ちと鞍馬山へ剣の修行にな」\n    「鞍馬か、ちょっと離れた場所をチョイスしたな」\n    　もちろん鞍馬のほうも人気のあるスポットではあるが、京都市内からはやや離れているため、効率よくいろいろ回ろうとすると難しい場所でもある。\n    「うむうむ。まぁ、我が決めたわけではないが、天狗殿と修行するのもまた一興かと思うてな」\n    「貴船のほうまで行くつもりか？　何にせよ、自分で決めなくていいのはある意味楽だしいいんじゃないのか」"
      },
      "type": "Feature"
    },
    {
      "geometry": {
        "coordinates": [
          139.767814,
          35.681089
        ],
        "type": "Point"
      },
      "properties": {
        "bangumi_id": 102134,
        "bangumi_title": "我的青春恋爱物语果然有问题 续",
        "ep_cut": 1,
        "image_url": "https://w.junreimap.com/images/points/102134/96vpebg_1767017865424.jpg",
        "location": "新幹線東京駅14番線",
        "point_id": "96vpebg",
        "point_name": "新幹線東京駅14番線",
        "remark": "总武高坐的是のぞみ19号，发车时间和动画里的差不了几分钟，但是不一定在14号站台发车"
      },
      "type": "Feature"
    },
    {
      "geometry": {
        "coordinates": [
          139.767775,
          35.680979
        ],
        "type": "Point"
      },
      "properties": {
        "bangumi_id": 102134,
        "bangumi_title": "我的青春恋爱物语果然有问题 续",
        "ep_cut": 1,
        "image_url": "https://w.junreimap.com/images/points/102134/96w0rqd_1767018005116.jpg",
        "location": "新幹線東京駅14番線",
        "point_id": "96w0rqd",
        "point_name": "新幹線東京駅14番線",
        "remark": ""
      },
      "type": "Feature"
    },
    {
      "geometry": {
        "coordinates": [
          139.767747,
          35.680893
        ],
        "type": "Point"
      },
      "properties": {
        "bangumi_id": 102134,
        "bangumi_title": "我的青春恋爱物语果然有问题 续",
        "ep_cut": 1,
        "image_url": "https://w.junreimap.com/images/points/102134/9xpcm5l_1768639441196.jpg",
        "location": "新幹線東京駅14番線",
        "point_id": "9xpcm5l",
        "point_name": "新幹線のぞみ内部",
        "remark": ""
      },
      "type": "Feature"
    },
    {
      "geometry": {
        "coordinates": [
          140.117118,
          35.609105
        ],
        "type": "Point"
      },
      "properties": {
        "bangumi_id": 102134,
        "bangumi_title": "我的青春恋爱物语果然有问题 续",
        "ep_cut": 3,
        "image_url": "https://w.junreimap.com/images/points/102134/tscgpxtcc_1742176803030.jpg",
        "location": "千叶中央站",
        "point_id": "tscgpxtcc",
        "point_name": "千葉Mio 京成線ＪＲ線高架下",
        "remark": "场景：第二季第三话大老师走路经过的地点\n交通提示：可以顺着京成线铁道桥下步行3分钟到达"
      },
      "type": "Feature"
    },
    {
      "geometry": {
        "coordinates": [
          140.117255,
          35.608223
        ],
        "type": "Point"
      },
      "properties": {
        "bangumi_id": 102134,
        "bangumi_title": "我的青春恋爱物语果然有问题 续",
        "ep_cut": 3,
        "image_url": "https://w.junreimap.com/images/points/102134/tt6ok38xt_1742242549473.jpg",
        "location": "京成ローザ10",
        "point_id": "tt6ok38xt",
        "point_name": "京成ローザ10 WEST",
        "remark": "千叶中央站东口出站即是\n场景：第二季第四话中大老师一行人路过的电影院。OVA中大老师和学妹本打算看电影但选择不一致，但最后决定去打乒乓球。"
      },
      "type": "Feature"
    },
    {
      "geometry": {
        "coordinates": [
          140.114572,
          35.612587
        ],
        "type": "Point"
      },
      "properties": {
        "bangumi_id": 102134,
        "bangumi_title": "我的青春恋爱物语果然有问题 续",
        "ep_cut": 4,
        "image_url": "https://w.junreimap.com/images/points/102134/tsb95io5z_1742174230505.jpg",
        "location": "千叶站",
        "point_id": "tsb95io5z",
        "point_name": "千葉駅",
        "remark": "千叶站顶篷下，和一色等人约会时总是会出现的碰面场所，标志性的扇形纪念碑\n纪念碑介绍牌：\n21世紀の募開けど、市制施行80周年を記念し、待ち合わせのシンボルとして、前の本「けやき」をデザインした『ビッグ・ツリー』をここに設置する。\n2000年12月"
      },
      "type": "Feature"
    },
    {
      "geometry": {
        "coordinates": [
          140.114508,
          35.612509
        ],
        "type": "Point"
      },
      "properties": {
        "bangumi_id": 102134,
        "bangumi_title": "我的青春恋爱物语果然有问题 续",
        "ep_cut": 4,
        "image_url": "https://w.junreimap.com/images/points/102134/tsbfj9iev_1742174512736.jpg",
        "location": "千叶站",
        "point_id": "tsbfj9iev",
        "point_name": "千葉駅",
        "remark": ""
      },
      "type": "Feature"
    },
    {
      "geometry": {
        "coordinates": [
          140.117311,
          35.608186
        ],
        "type": "Point"
      },
      "properties": {
        "bangumi_id": 102134,
        "bangumi_title": "我的青春恋爱物语果然有问题 续",
        "ep_cut": 4,
        "image_url": "https://w.junreimap.com/images/points/102134/tt6pohzc1_1742242609775.jpg",
        "location": "京成ローザ10",
        "point_id": "tt6pohzc1",
        "point_name": "京成ローザ10 East",
        "remark": ""
      },
      "type": "Feature"
    },
    {
      "geometry": {
        "coordinates": [
          140.117322,
          35.608138
        ],
        "type": "Point"
      },
      "properties": {
        "bangumi_id": 102134,
        "bangumi_title": "我的青春恋爱物语果然有问题 续",
        "ep_cut": 4,
        "image_url": "https://w.junreimap.com/images/points/102134/tt6q1udzo_1742242625833.jpg",
        "location": "京成ローザ10",
        "point_id": "tt6q1udzo",
        "point_name": "京成ローザ10 East",
        "remark": ""
      },
      "type": "Feature"
    },
    {
      "geometry": {
        "coordinates": [
          140.044679,
          35.631801
        ],
        "type": "Point"
      },
      "properties": {
        "bangumi_id": 102134,
        "bangumi_title": "我的青春恋爱物语果然有问题 续",
        "ep_cut": 8,
        "image_url": "https://w.junreimap.com/images/points/102134/bho1pr2_1772023324298.jpg",
        "location": "美滨大桥",
        "point_id": "bho1pr2",
        "point_name": "美浜大橋",
        "remark": ""
      },
      "type": "Feature"
    },
    {
      "geometry": {
        "coordinates": [
          140.044699,
          35.631823
        ],
        "type": "Point"
      },
      "properties": {
        "bangumi_id": 102134,
        "bangumi_title": "我的青春恋爱物语果然有问题 续",
        "ep_cut": 8,
        "image_url": "https://w.junreimap.com/images/user/0/bangumi/102134/points/n65m0u4ks-1723511291870.jpg",
        "location": "美滨大桥",
        "point_id": "n65m0u4ks",
        "point_name": "美浜大橋",
        "remark": "静可爱带大老师兜风停车的桥"
      },
      "type": "Feature"
    },
    {
      "geometry": {
        "coordinates": [
          140.044693,
          35.631809
        ],
        "type": "Point"
      },
      "properties": {
        "bangumi_id": 102134,
        "bangumi_title": "我的青春恋爱物语果然有问题 续",
        "ep_cut": 8,
        "image_url": "https://w.junreimap.com/images/points/102134/bho62t4_1772023479502.jpg",
        "location": "美滨大桥",
        "point_id": "bho62t4",
        "point_name": "美浜大橋",
        "remark": ""
      },
      "type": "Feature"
    },
    {
      "geometry": {
        "coordinates": [
          140.044665,
          35.631299
        ],
        "type": "Point"
      },
      "properties": {
        "bangumi_id": 102134,
        "bangumi_title": "我的青春恋爱物语果然有问题 续",
        "ep_cut": 8,
        "image_url": "https://w.junreimap.com/images/points/102134/9xucfgu_1768647758790.jpg",
        "location": "美滨大桥",
        "point_id": "9xucfgu",
        "point_name": "美浜大橋",
        "remark": ""
      },
      "type": "Feature"
    },
    {
      "geometry": {
        "coordinates": [
          140.044736,
          35.63175
        ],
        "type": "Point"
      },
      "properties": {
        "bangumi_id": 102134,
        "bangumi_title": "我的青春恋爱物语果然有问题 续",
        "ep_cut": 1,
        "image_url": "https://w.junreimap.com/images/points/102134/9xu3lc4_1768647342066.jpg",
        "location": "美滨大桥",
        "point_id": "9xu3lc4",
        "point_name": "美浜大橋",
        "remark": "op画面"
      },
      "type": "Feature"
    },
    {
      "geometry": {
        "coordinates": [
          140.082241,
          35.636572
        ],
        "type": "Point"
      },
      "properties": {
        "bangumi_id": 102134,
        "bangumi_title": "我的青春恋爱物语果然有问题 续",
        "ep_cut": 10,
        "image_url": "https://w.junreimap.com/images/points/102134/tt7h37hsc_1742244264211.jpg",
        "location": "稻毛浅间神社",
        "point_id": "tt7h37hsc",
        "point_name": "稲毛浅間神社",
        "remark": ""
      },
      "type": "Feature"
    },
    {
      "geometry": {
        "coordinates": [
          140.082196,
          35.636424
        ],
        "type": "Point"
      },
      "properties": {
        "bangumi_id": 102134,
        "bangumi_title": "我的青春恋爱物语果然有问题 续",
        "ep_cut": 10,
        "image_url": "https://w.junreimap.com/images/points/102134/tt7gwuk1y_1742244251685.jpg",
        "location": "稻毛浅间神社",
        "point_id": "tt7gwuk1y",
        "point_name": "稲毛浅間神社",
        "remark": ""
      },
      "type": "Feature"
    },
    {
      "geometry": {
        "coordinates": [
          140.081658,
          35.636152
        ],
        "type": "Point"
      },
      "properties": {
        "bangumi_id": 102134,
        "bangumi_title": "我的青春恋爱物语果然有问题 续",
        "ep_cut": 10,
        "image_url": "https://w.junreimap.com/images/points/102134/tt7fo2tls_1742244184695.jpg",
        "location": "稻毛浅间神社",
        "point_id": "tt7fo2tls",
        "point_name": "稲毛浅間神社",
        "remark": ""
      },
      "type": "Feature"
    },
    {
      "geometry": {
        "coordinates": [
          140.081622,
          35.636114
        ],
        "type": "Point"
      },
      "properties": {
        "bangumi_id": 102134,
        "bangumi_title": "我的青春恋爱物语果然有问题 续",
        "ep_cut": 10,
        "image_url": "https://w.junreimap.com/images/points/102134/tt7egeb57_1742244132636.jpg",
        "location": "稻毛浅间神社",
        "point_id": "tt7egeb57",
        "point_name": "稲毛浅間神社",
        "remark": "场景：侍奉部三人和小町新年参拜的神社。"
      },
      "type": "Feature"
    },
    {
      "geometry": {
        "coordinates": [
          140.085481,
          35.637863
        ],
        "type": "Point"
      },
      "properties": {
        "bangumi_id": 102134,
        "bangumi_title": "我的青春恋爱物语果然有问题 续",
        "ep_cut": 10,
        "image_url": "https://w.junreimap.com/images/points/102134/n5ex4xe14_1742243883559.jpg",
        "location": "京成稲毛",
        "point_id": "n5ex4xe14",
        "point_name": "京成稲毛",
        "remark": "场景：第二季第十话中主角一行人进行完新年参拜之后离开的神社回家分别的地点。"
      },
      "type": "Feature"
    },
    {
      "geometry": {
        "coordinates": [
          140.085429,
          35.637853
        ],
        "type": "Point"
      },
      "properties": {
        "bangumi_id": 102134,
        "bangumi_title": "我的青春恋爱物语果然有问题 续",
        "ep_cut": 10,
        "image_url": "https://w.junreimap.com/images/points/102134/tt7b5vztr_1742243925063.jpg",
        "location": "京成稲毛",
        "point_id": "tt7b5vztr",
        "point_name": "京成稲毛",
        "remark": ""
      },
      "type": "Feature"
    },
    {
      "geometry": {
        "coordinates": [
          140.115125,
          35.611079
        ],
        "type": "Point"
      },
      "properties": {
        "bangumi_id": 102134,
        "bangumi_title": "我的青春恋爱物语果然有问题 续",
        "ep_cut": 12,
        "image_url": "https://w.junreimap.com/images/points/102134/tl978t1an_1741621201492.jpg",
        "location": "千叶站",
        "point_id": "tl978t1an",
        "point_name": "STARBUCKSヨドバシ千葉店",
        "remark": "楼已经变成ヨドバシ，门头样式也换了，但还能认出来。\n场景：第二季第十二话开头大老师和阳乃喝咖啡的地方。\n营业时间：7:00~21:30"
      },
      "type": "Feature"
    },
    {
      "geometry": {
        "coordinates": [
          140.114437,
          35.612638
        ],
        "type": "Point"
      },
      "properties": {
        "bangumi_id": 102134,
        "bangumi_title": "我的青春恋爱物语果然有问题 续",
        "ep_cut": "ova",
        "image_url": "https://w.junreimap.com/images/points/102134/tsbijcnrh_1742174841703.jpg",
        "location": "千叶站",
        "point_id": "tsbijcnrh",
        "point_name": "千葉駅",
        "remark": "注意通过柱子上侧两个圆环来识别，西眺，望向站内，右侧建筑护栏已经拆除"
      },
      "type": "Feature"
    },
    {
      "geometry": {
        "coordinates": [
          140.114458,
          35.612617
        ],
        "type": "Point"
      },
      "properties": {
        "bangumi_id": 102134,
        "bangumi_title": "我的青春恋爱物语果然有问题 续",
        "ep_cut": "ova",
        "image_url": "https://w.junreimap.com/images/points/102134/tsbqafye8_1742175165265.jpg",
        "location": "千叶站",
        "point_id": "tsbqafye8",
        "point_name": "千葉駅",
        "remark": "建议后面有电车经过时拍摄"
      },
      "type": "Feature"
    },
    {
      "geometry": {
        "coordinates": [
          140.114524,
          35.612523
        ],
        "type": "Point"
      },
      "properties": {
        "bangumi_id": 102134,
        "bangumi_title": "我的青春恋爱物语果然有问题 续",
        "ep_cut": "ova",
        "image_url": "https://w.junreimap.com/images/points/102134/tsbmq9kfn_1742175015908.jpg",
        "location": "千叶站",
        "point_id": "tsbmq9kfn",
        "point_name": "千葉駅",
        "remark": ""
      },
      "type": "Feature"
    },
    {
      "geometry": {
        "coordinates": [
          140.114552,
          35.612583
        ],
        "type": "Point"
      },
      "properties": {
        "bangumi_id": 102134,
        "bangumi_title": "我的青春恋爱物语果然有问题 续",
        "ep_cut": "ova",
        "image_url": "https://w.junreimap.com/images/points/102134/tsbo2wxrj_1742175034954.jpg",
        "location": "千叶站",
        "point_id": "tsbo2wxrj",
        "point_name": "千葉駅",
        "remark": "画面右侧是位于纪念碑东侧的地下道入口"
      },
      "type": "Feature"
    },
    {
      "geometry": {
        "coordinates": [
          140.114691,
          35.612441
        ],
        "type": "Point"
      },
      "properties": {
        "bangumi_id": 102134,
        "bangumi_title": "我的青春恋爱物语果然有问题 续",
        "ep_cut": "ova",
        "image_url": "https://w.junreimap.com/images/user/0/bangumi/277954/points/nq529woh6-1725077464964.jpg",
        "location": "千叶站",
        "point_id": "nq529woh6",
        "point_name": "花の都丶ちば",
        "remark": "穿过纪念碑沿公路向南，东眺，道路东侧\n场景：第二季第四话大老师和叶山，以及OVA都约在千叶Monorail中央口集合活动。作为千叶县的核心地点，千叶县民口中的“去千叶”指的就是去千叶站。（花之都牌已经被撤去，换成了“2026年，千叶开府900年）"
      },
      "type": "Feature"
    },
    {
      "geometry": {
        "coordinates": [
          140.114832,
          35.612171
        ],
        "type": "Point"
      },
      "properties": {
        "bangumi_id": 102134,
        "bangumi_title": "我的青春恋爱物语果然有问题 续",
        "ep_cut": "ova",
        "image_url": "https://w.junreimap.com/images/points/102134/tsb3mfcv7_1742174013336.jpg",
        "location": "千叶站",
        "point_id": "tsb3mfcv7",
        "point_name": "公交千葉駅",
        "remark": "从花の都丶ちば的指示牌沿道路向南，西侧是公交站台，转头从公交站台侧向北拍摄，可以看到JR千叶站的标示"
      },
      "type": "Feature"
    },
    {
      "geometry": {
        "coordinates": [
          140.121564,
          35.609098
        ],
        "type": "Point"
      },
      "properties": {
        "bangumi_id": 102134,
        "bangumi_title": "我的青春恋爱物语果然有问题 续",
        "ep_cut": 4,
        "image_url": "https://w.junreimap.com/images/points/102134/tt77iiomi_1742243687259.jpg",
        "location": "PARCO",
        "point_id": "tt77iiomi",
        "point_name": "サイゼリヤ 千葉中央店",
        "remark": "萨莉亚也永久停业了。。\n场景：第二季第四话中大老师一行人逛街的商场。在决定吃什么的时候，大老师提议吃赛利亚的时候遭到了折本的取笑，最后四人决定去旁边的一家咖啡店。现实中这家商场，千叶PARCO早就停止营业，连建筑物都被拆除干净。另外四人最后决定去的咖啡店也倒闭，只剩下赛利亚还在营业。"
      },
      "type": "Feature"
    },
    {
      "geometry": {
        "coordinates": [
          140.114111,
          35.611153
        ],
        "type": "Point"
      },
      "properties": {
        "bangumi_id": 102134,
        "bangumi_title": "我的青春恋爱物语果然有问题 续",
        "ep_cut": 10,
        "image_url": "https://w.junreimap.com/images/points/102134/tsc83qdzt_1742176258474.jpg",
        "location": "SOGO",
        "point_id": "tsc83qdzt",
        "point_name": "そごう",
        "remark": "场景：第二季第十话大老师和团子给雪乃挑选生日礼物，偶遇阳乃和叶山的地方。并且在该楼5层的咖啡店大老师第一次见家长（雪乃的妈妈）。\n营业时间：10:00~20:00\n交通提示：千叶站南口出来步行3分钟，或者从千叶Monorail连接通道步行直达我"
      },
      "type": "Feature"
    },
    {
      "geometry": {
        "coordinates": [
          140.11408,
          35.611095
        ],
        "type": "Point"
      },
      "properties": {
        "bangumi_id": 102134,
        "bangumi_title": "我的青春恋爱物语果然有问题 续",
        "ep_cut": 10,
        "image_url": "https://w.junreimap.com/images/points/102134/tsc9fdm34_1742176325395.jpg",
        "location": "SOGO",
        "point_id": "tsc9fdm34",
        "point_name": "そごう",
        "remark": "见家长的餐厅，现已永久停业"
      },
      "type": "Feature"
    },
    {
      "geometry": {
        "coordinates": [
          140.11432,
          35.611548
        ],
        "type": "Point"
      },
      "properties": {
        "bangumi_id": 102134,
        "bangumi_title": "我的青春恋爱物语果然有问题 续",
        "ep_cut": 10,
        "image_url": "https://w.junreimap.com/images/points/102134/tscbifew7_1742176504782.jpg",
        "location": "SOGO",
        "point_id": "tscbifew7",
        "point_name": "そごう",
        "remark": "望向千叶站和天桥，大概层数6。请勿打扰乘梯秩序，在舱内拍照勿打扰他人。"
      },
      "type": "Feature"
    },
    {
      "geometry": {
        "coordinates": [
          140.117248,
          35.608161
        ],
        "type": "Point"
      },
      "properties": {
        "bangumi_id": 102134,
        "bangumi_title": "我的青春恋爱物语果然有问题 续",
        "ep_cut": "ova",
        "image_url": "https://w.junreimap.com/images/points/102134/tt6v513na_1742242945729.jpg",
        "location": "京成ローザ10",
        "point_id": "tt6v513na",
        "point_name": "京成ローザ10 East",
        "remark": ""
      },
      "type": "Feature"
    },
    {
      "geometry": {
        "coordinates": [
          140.117155,
          35.608218
        ],
        "type": "Point"
      },
      "properties": {
        "bangumi_id": 102134,
        "bangumi_title": "我的青春恋爱物语果然有问题 续",
        "ep_cut": "ova",
        "image_url": "https://w.junreimap.com/images/points/102134/tt6vkppzs_1742242968127.jpg",
        "location": "京成ローザ10",
        "point_id": "tt6vkppzs",
        "point_name": "京成ローザ10 East",
        "remark": ""
      },
      "type": "Feature"
    },
    {
      "geometry": {
        "coordinates": [
          140.117125,
          35.607568
        ],
        "type": "Point"
      },
      "properties": {
        "bangumi_id": 102134,
        "bangumi_title": "我的青春恋爱物语果然有问题 续",
        "ep_cut": "ova",
        "image_url": "https://w.junreimap.com/images/points/102134/tt6ztjseh_1742243333346.jpg",
        "location": "京成ローザ10",
        "point_id": "tt6ztjseh",
        "point_name": "rix's cafe",
        "remark": "Lix's Cafe的原型\n场景：第二季OVA中大老师和一色吃甜品的餐厅。不过和动画中的偏咖啡厅的风格不同，餐厅内部感觉更像是美式快餐店。\n交通提示：千叶中央站西口出来步行1分钟  现已被拆除"
      },
      "type": "Feature"
    },
    {
      "geometry": {
        "coordinates": [
          139.87964,
          35.634271
        ],
        "type": "Point"
      },
      "properties": {
        "bangumi_id": 102134,
        "bangumi_title": "我的青春恋爱物语果然有问题 续",
        "ep_cut": 9,
        "image_url": "https://w.junreimap.com/images/user/0/bangumi/102134/points/8zwwxgx-1766596228163.jpg",
        "location": "迪士尼",
        "point_id": "8zwwxgx",
        "point_name": "迪士尼",
        "remark": ""
      },
      "type": "Feature"
    },
    {
      "geometry": {
        "coordinates": [
          139.87988,
          35.63381
        ],
        "type": "Point"
      },
      "properties": {
        "bangumi_id": 102134,
        "bangumi_title": "我的青春恋爱物语果然有问题 续",
        "ep_cut": 9,
        "image_url": "https://w.junreimap.com/images/user/0/bangumi/102134/points/8zwydso-1766596345074.jpg",
        "location": "迪士尼",
        "point_id": "8zwydso",
        "point_name": "ワールド​バザール",
        "remark": ""
      },
      "type": "Feature"
    },
    {
      "geometry": {
        "coordinates": [
          139.883557,
          35.630799
        ],
        "type": "Point"
      },
      "properties": {
        "bangumi_id": 102134,
        "bangumi_title": "我的青春恋爱物语果然有问题 续",
        "ep_cut": 9,
        "image_url": "https://w.junreimap.com/images/user/0/bangumi/102134/points/8zx1xvt-1766596475625.jpg",
        "location": "迪士尼",
        "point_id": "8zx1xvt",
        "point_name": "Beaver Brothers Explorer Canoes 入口前",
        "remark": ""
      },
      "type": "Feature"
    },
    {
      "geometry": {
        "coordinates": [
          139.883282,
          35.636303
        ],
        "type": "Point"
      },
      "properties": {
        "bangumi_id": 102134,
        "bangumi_title": "我的青春恋爱物语果然有问题 续",
        "ep_cut": 9,
        "image_url": "https://w.junreimap.com/images/user/2176/bangumi/102134/points/8zx79uc-1766596714499.jpg",
        "location": "迪士尼",
        "point_id": "8zx79uc",
        "point_name": "舞浜",
        "remark": ""
      },
      "type": "Feature"
    },
    {
      "geometry": {
        "coordinates": [
          140.07402,
          35.628723
        ],
        "type": "Point"
      },
      "properties": {
        "bangumi_id": 102134,
        "bangumi_title": "我的青春恋爱物语果然有问题 续",
        "ep_cut": 1,
        "image_url": "https://w.junreimap.com/images/points/102134/9xu5jad_1768647432126.jpg",
        "location": "稲毛海岸​駅",
        "point_id": "9xu5jad",
        "point_name": "AEON Marinpia 东出口前",
        "remark": ""
      },
      "type": "Feature"
    },
    {
      "geometry": {
        "coordinates": [
          140.073988,
          35.628709
        ],
        "type": "Point"
      },
      "properties": {
        "bangumi_id": 102134,
        "bangumi_title": "我的青春恋爱物语果然有问题 续",
        "ep_cut": 7,
        "image_url": "https://w.junreimap.com/images/user/2176/bangumi/102134/points/92t97hg-1766771505069.jpg",
        "location": "稲毛海岸​駅",
        "point_id": "92t97hg",
        "point_name": "AEON Marinpia 东出口前",
        "remark": ""
      },
      "type": "Feature"
    },
    {
      "geometry": {
        "coordinates": [
          140.03067,
          35.648069
        ],
        "type": "Point"
      },
      "properties": {
        "bangumi_id": 102134,
        "bangumi_title": "我的青春恋爱物语果然有问题 续",
        "ep_cut": 11,
        "image_url": "https://w.junreimap.com/images/user/2176/bangumi/102134/points/92tiov3-1766771923220.jpg",
        "location": "海浜大通り",
        "point_id": "92tiov3",
        "point_name": "海浜大通り",
        "remark": ""
      },
      "type": "Feature"
    },
    {
      "geometry": {
        "coordinates": [
          140.03421,
          35.645006
        ],
        "type": "Point"
      },
      "properties": {
        "bangumi_id": 102134,
        "bangumi_title": "我的青春恋爱物语果然有问题 续",
        "ep_cut": 11,
        "image_url": "https://w.junreimap.com/images/user/2176/bangumi/102134/points/92tjuru-1766772015397.jpg",
        "location": "海浜大通り",
        "point_id": "92tjuru",
        "point_name": "ZOZOマリンスタジアム前",
        "remark": ""
      },
      "type": "Feature"
    },
    {
      "geometry": {
        "coordinates": [
          140.059448,
          35.62353
        ],
        "type": "Point"
      },
      "properties": {
        "bangumi_id": 102134,
        "bangumi_title": "我的青春恋爱物语果然有问题 续",
        "ep_cut": 11,
        "image_url": "https://w.junreimap.com/images/user/2176/bangumi/102134/points/92tm9n3-1766772081449.jpg",
        "location": "海浜大通り",
        "point_id": "92tm9n3",
        "point_name": "海浜大通り",
        "remark": ""
      },
      "type": "Feature"
    },
    {
      "geometry": {
        "coordinates": [
          140.116473,
          35.611195
        ],
        "type": "Point"
      },
      "properties": {
        "bangumi_id": 102134,
        "bangumi_title": "我的青春恋爱物语果然有问题 续",
        "ep_cut": 11,
        "image_url": "https://w.junreimap.com/images/user/2176/bangumi/102134/points/92u1q1f-1766773527442.jpg",
        "location": "HUB千葉富士見店",
        "point_id": "92u1q1f",
        "point_name": "HUB千葉富士見店",
        "remark": ""
      },
      "type": "Feature"
    },
    {
      "geometry": {
        "coordinates": [
          140.116475,
          35.611198
        ],
        "type": "Point"
      },
      "properties": {
        "bangumi_id": 102134,
        "bangumi_title": "我的青春恋爱物语果然有问题 续",
        "ep_cut": 11,
        "image_url": "https://w.junreimap.com/images/user/2176/bangumi/102134/points/92uhsfw-1766773600162.jpg",
        "location": "HUB千葉富士見店",
        "point_id": "92uhsfw",
        "point_name": "HUB千葉富士見店",
        "remark": ""
      },
      "type": "Feature"
    },
    {
      "geometry": {
        "coordinates": [
          140.119626,
          35.607331
        ],
        "type": "Point"
      },
      "properties": {
        "bangumi_id": 102134,
        "bangumi_title": "我的青春恋爱物语果然有问题 续",
        "ep_cut": 3,
        "image_url": "https://w.junreimap.com/images/user/2176/bangumi/102134/points/93kgtvr-1766817337884.jpg",
        "location": "",
        "point_id": "93kgtvr",
        "point_name": "元ミスタードーナツ　京成千葉中央ショップ",
        "remark": "已闭店，仅作位置留存"
      },
      "type": "Feature"
    },
    {
      "geometry": {
        "coordinates": [
          140.094008,
          35.637735
        ],
        "type": "Point"
      },
      "properties": {
        "bangumi_id": 102134,
        "bangumi_title": "我的青春恋爱物语果然有问题 续",
        "ep_cut": 7,
        "image_url": "https://w.junreimap.com/images/user/2176/bangumi/102134/points/93kzes4-1766818110893.jpg",
        "location": "JR稻毛站",
        "point_id": "93kzes4",
        "point_name": "松屋稻毛店对面",
        "remark": ""
      },
      "type": "Feature"
    },
    {
      "geometry": {
        "coordinates": [
          140.055885,
          35.660813
        ],
        "type": "Point"
      },
      "properties": {
        "bangumi_id": 102134,
        "bangumi_title": "我的青春恋爱物语果然有问题 续",
        "ep_cut": 10,
        "image_url": "https://w.junreimap.com/images/points/102134/9xoagx4_1768637601746.jpg",
        "location": "京成幕張駅",
        "point_id": "9xoagx4",
        "point_name": "京成幕張駅",
        "remark": "背景不对，前景大致结构相同"
      },
      "type": "Feature"
    },
    {
      "geometry": {
        "coordinates": [
          140.055898,
          35.660792
        ],
        "type": "Point"
      },
      "properties": {
        "bangumi_id": 102134,
        "bangumi_title": "我的青春恋爱物语果然有问题 续",
        "ep_cut": 10,
        "image_url": "https://w.junreimap.com/images/points/102134/9xoc8g4_1768637667384.jpg",
        "location": "京成幕張駅",
        "point_id": "9xoc8g4",
        "point_name": "京成幕張駅",
        "remark": ""
      },
      "type": "Feature"
    },
    {
      "geometry": {
        "coordinates": [
          140.055963,
          35.660678
        ],
        "type": "Point"
      },
      "properties": {
        "bangumi_id": 102134,
        "bangumi_title": "我的青春恋爱物语果然有问题 续",
        "ep_cut": 10,
        "image_url": "https://w.junreimap.com/images/points/102134/9xodx4g_1768637768137.jpg",
        "location": "京成幕張駅",
        "point_id": "9xodx4g",
        "point_name": "JR京葉線車内",
        "remark": ""
      },
      "type": "Feature"
    },
    {
      "geometry": {
        "coordinates": [
          139.881341,
          35.630205
        ],
        "type": "Point"
      },
      "properties": {
        "bangumi_id": 102134,
        "bangumi_title": "我的青春恋爱物语果然有问题 续",
        "ep_cut": 9,
        "image_url": "https://w.junreimap.com/images/points/102134/9676vqf_1766976302674.jpg",
        "location": "迪士尼",
        "point_id": "9676vqf",
        "point_name": "イッツアスモールワールド",
        "remark": ""
      },
      "type": "Feature"
    },
    {
      "geometry": {
        "coordinates": [
          139.881505,
          35.630804
        ],
        "type": "Point"
      },
      "properties": {
        "bangumi_id": 102134,
        "bangumi_title": "我的青春恋爱物语果然有问题 续",
        "ep_cut": 9,
        "image_url": "https://w.junreimap.com/images/points/102134/9679mi2_1766976414864.jpg",
        "location": "迪士尼",
        "point_id": "9679mi2",
        "point_name": "pooh corner",
        "remark": ""
      },
      "type": "Feature"
    },
    {
      "geometry": {
        "coordinates": [
          139.881533,
          35.630722
        ],
        "type": "Point"
      },
      "properties": {
        "bangumi_id": 102134,
        "bangumi_title": "我的青春恋爱物语果然有问题 续",
        "ep_cut": 9,
        "image_url": "https://w.junreimap.com/images/points/102134/967agmo_1766976448354.jpg",
        "location": "迪士尼",
        "point_id": "967agmo",
        "point_name": "pooh corner",
        "remark": ""
      },
      "type": "Feature"
    },
    {
      "geometry": {
        "coordinates": [
          139.877796,
          35.632324
        ],
        "type": "Point"
      },
      "properties": {
        "bangumi_id": 102134,
        "bangumi_title": "我的青春恋爱物语果然有问题 续",
        "ep_cut": 9,
        "image_url": "https://w.junreimap.com/images/points/102134/967dauo_1766976596735.jpg",
        "location": "迪士尼",
        "point_id": "967dauo",
        "point_name": "スペース・マウンテン",
        "remark": "渡航挑的几个项目几乎全是大热门，在圣诞这个节点不买优先通行是完全不可能一天跑完的，巡礼记得注意时间规划，也可以查询第三方网站预测流量"
      },
      "type": "Feature"
    },
    {
      "geometry": {
        "coordinates": [
          139.877864,
          35.632021
        ],
        "type": "Point"
      },
      "properties": {
        "bangumi_id": 102134,
        "bangumi_title": "我的青春恋爱物语果然有问题 续",
        "ep_cut": 9,
        "image_url": "https://w.junreimap.com/images/points/102134/967hlm4_1766976780248.jpg",
        "location": "迪士尼",
        "point_id": "967hlm4",
        "point_name": "スペース・マウンテン",
        "remark": "太空山于2024年7月31日开始大规模重建工作，将于2027年开放，圣地大概率不会保持原样了，来源https://disneyparksblog.com/disney-experiences/a-new-space-mountain-coming-to-tokyo-disneyland-in-2027/"
      },
      "type": "Feature"
    },
    {
      "geometry": {
        "coordinates": [
          139.883886,
          35.632038
        ],
        "type": "Point"
      },
      "properties": {
        "bangumi_id": 102134,
        "bangumi_title": "我的青春恋爱物语果然有问题 续",
        "ep_cut": 9,
        "image_url": "https://w.junreimap.com/images/points/102134/967rosg_1766977249255.jpg",
        "location": "迪士尼",
        "point_id": "967rosg",
        "point_name": "トムソーヤ島いかだ乗り場",
        "remark": "这张图大致的拍摄位置"
      },
      "type": "Feature"
    },
    {
      "geometry": {
        "coordinates": [
          139.882684,
          35.630494
        ],
        "type": "Point"
      },
      "properties": {
        "bangumi_id": 102134,
        "bangumi_title": "我的青春恋爱物语果然有问题 续",
        "ep_cut": 9,
        "image_url": "https://w.junreimap.com/images/points/102134/967wq3d_1766977494165.jpg",
        "location": "迪士尼",
        "point_id": "967wq3d",
        "point_name": "スプラッシュ・マウンテン",
        "remark": "いつか、私を助けてね"
      },
      "type": "Feature"
    },
    {
      "geometry": {
        "coordinates": [
          139.880775,
          35.634542
        ],
        "type": "Point"
      },
      "properties": {
        "bangumi_id": 102134,
        "bangumi_title": "我的青春恋爱物语果然有问题 续",
        "ep_cut": 9,
        "image_url": "",
        "location": "迪士尼",
        "point_id": "96bxlz4",
        "point_name": "カリブの海賊",
        "remark": "写真を撮った後は、カリブ海の海賊王に乗り、その足で流れに乗って、ブラックサンダーマウンテンのファストパスを取り、ぐるっと回ってトゥモローネバーゾーンへと来ている。"
      },
      "type": "Feature"
    },
    {
      "geometry": {
        "coordinates": [
          139.883518,
          35.632536
        ],
        "type": "Point"
      },
      "properties": {
        "bangumi_id": 102134,
        "bangumi_title": "我的青春恋爱物语果然有问题 续",
        "ep_cut": 9,
        "image_url": "",
        "location": "迪士尼",
        "point_id": "9xmype4",
        "point_name": "ビッグサンダー・マウンテン",
        "remark": "写真を撮った後は、カリブ海の海賊王に乗り、その足で流れに乗って、ブラックサンダーマウンテンのファストパスを取り、ぐるっと回ってトゥモローネバーゾーンへと来ている。"
      },
      "type": "Feature"
    },
    {
      "geometry": {
        "coordinates": [
          140.093448,
          35.637165
        ],
        "type": "Point"
      },
      "properties": {
        "bangumi_id": 102134,
        "bangumi_title": "我的青春恋爱物语果然有问题 续",
        "ep_cut": 7,
        "image_url": "https://w.junreimap.com/images/points/102134/96hduhx_1766993425879.jpg",
        "location": "JR稻毛站",
        "point_id": "96hduhx",
        "point_name": "ウェンディーズ・ファーストキッチン 稲毛駅前店",
        "remark": ""
      },
      "type": "Feature"
    },
    {
      "geometry": {
        "coordinates": [
          140.093307,
          35.637073
        ],
        "type": "Point"
      },
      "properties": {
        "bangumi_id": 102134,
        "bangumi_title": "我的青春恋爱物语果然有问题 续",
        "ep_cut": 7,
        "image_url": "https://w.junreimap.com/images/points/102134/9xoum4a_1768638850721.jpg",
        "location": "JR稻毛站",
        "point_id": "9xoum4a",
        "point_name": "稲毛駅東口",
        "remark": ""
      },
      "type": "Feature"
    },
    {
      "geometry": {
        "coordinates": [
          140.093307,
          35.637345
        ],
        "type": "Point"
      },
      "properties": {
        "bangumi_id": 102134,
        "bangumi_title": "我的青春恋爱物语果然有问题 续",
        "ep_cut": 7,
        "image_url": "https://w.junreimap.com/images/points/102134/9xp23xm_1768638871153.jpg",
        "location": "JR稻毛站",
        "point_id": "9xp23xm",
        "point_name": "稲毛駅東口",
        "remark": ""
      },
      "type": "Feature"
    },
    {
      "geometry": {
        "coordinates": [
          140.070689,
          35.627213
        ],
        "type": "Point"
      },
      "properties": {
        "bangumi_id": 102134,
        "bangumi_title": "我的青春恋爱物语果然有问题 续",
        "ep_cut": 6,
        "image_url": "https://w.junreimap.com/images/points/102134/96tu2f0_1767014352279.jpg",
        "location": "美浜図書館",
        "point_id": "96tu2f0",
        "point_name": "美浜図書館前",
        "remark": ""
      },
      "type": "Feature"
    },
    {
      "geometry": {
        "coordinates": [
          140.070999,
          35.626959
        ],
        "type": "Point"
      },
      "properties": {
        "bangumi_id": 102134,
        "bangumi_title": "我的青春恋爱物语果然有问题 续",
        "ep_cut": 6,
        "image_url": "https://w.junreimap.com/images/points/102134/96tw9cz_1767014523817.jpg",
        "location": "美浜図書館",
        "point_id": "96tw9cz",
        "point_name": "美浜図書館",
        "remark": "走楼梯上二楼就是"
      },
      "type": "Feature"
    },
    {
      "geometry": {
        "coordinates": [
          140.071102,
          35.626936
        ],
        "type": "Point"
      },
      "properties": {
        "bangumi_id": 102134,
        "bangumi_title": "我的青春恋爱物语果然有问题 续",
        "ep_cut": 10,
        "image_url": "https://w.junreimap.com/images/points/102134/96ts0c0_1767014256730.jpg",
        "location": "美浜図書館",
        "point_id": "96ts0c0",
        "point_name": "美浜図書館",
        "remark": "一楼大厅"
      },
      "type": "Feature"
    },
    {
      "geometry": {
        "coordinates": [
          140.071106,
          35.627011
        ],
        "type": "Point"
      },
      "properties": {
        "bangumi_id": 102134,
        "bangumi_title": "我的青春恋爱物语果然有问题 续",
        "ep_cut": 10,
        "image_url": "https://w.junreimap.com/images/points/102134/9xp4jgx_1768638989611.jpg",
        "location": "美浜図書館",
        "point_id": "9xp4jgx",
        "point_name": "美浜図書館",
        "remark": ""
      },
      "type": "Feature"
    },
    {
      "geometry": {
        "coordinates": [
          140.067102,
          35.622525
        ],
        "type": "Point"
      },
      "properties": {
        "bangumi_id": 102134,
        "bangumi_title": "我的青春恋爱物语果然有问题 续",
        "ep_cut": 11,
        "image_url": "https://w.junreimap.com/images/points/102134/96u0nch_1767014662601.jpg",
        "location": "",
        "point_id": "96u0nch",
        "point_name": "稲毛​高​浜北​住宅​前",
        "remark": ""
      },
      "type": "Feature"
    },
    {
      "geometry": {
        "coordinates": [
          140.824179,
          35.740821
        ],
        "type": "Point"
      },
      "properties": {
        "bangumi_id": 102134,
        "bangumi_title": "我的青春恋爱物语果然有问题 续",
        "ep_cut": 1,
        "image_url": "https://w.junreimap.com/images/points/102134/96uyaug_1767016189767.jpg",
        "location": "銚子大橋",
        "point_id": "96uyaug",
        "point_name": "銚子大橋",
        "remark": ""
      },
      "type": "Feature"
    },
    {
      "geometry": {
        "coordinates": [
          140.043516,
          35.644895
        ],
        "type": "Point"
      },
      "properties": {
        "bangumi_id": 102134,
        "bangumi_title": "我的青春恋爱物语果然有问题 续",
        "ep_cut": 1,
        "image_url": "https://w.junreimap.com/images/points/102134/9xrnl8u_1768643344775.jpg",
        "location": "千叶县立幕张海滨公园",
        "point_id": "9xrnl8u",
        "point_name": "千葉県立幕張海浜公園",
        "remark": "整段镜头的视角在公园内，当然因为艺术加工显然拍不成动画这种画面，但仍然有差不多的风景，背景里左边的建筑是世界商务花园东西塔"
      },
      "type": "Feature"
    },
    {
      "geometry": {
        "coordinates": [
          140.041005,
          35.645132
        ],
        "type": "Point"
      },
      "properties": {
        "bangumi_id": 102134,
        "bangumi_title": "我的青春恋爱物语果然有问题 续",
        "ep_cut": 1,
        "image_url": "https://w.junreimap.com/images/points/102134/9xrxpny_1768643769762.jpg",
        "location": "千叶县立幕张海滨公园",
        "point_id": "9xrxpny",
        "point_name": "ホテルザ・​マンハッタン",
        "remark": "背景中的大楼"
      },
      "type": "Feature"
    },
    {
      "geometry": {
        "coordinates": [
          140.038188,
          35.651556
        ],
        "type": "Point"
      },
      "properties": {
        "bangumi_id": 102134,
        "bangumi_title": "我的青春恋爱物语果然有问题 续",
        "ep_cut": 1,
        "image_url": "https://w.junreimap.com/images/points/102134/9xuzdo4_1768648930729.jpg",
        "location": "",
        "point_id": "9xuzdo4",
        "point_name": "イオンタワー",
        "remark": "op里静可爱被逮的画面，标点仅表示静老师头顶的那个楼是永旺塔，实际位置暂时不明"
      },
      "type": "Feature"
    },
    {
      "geometry": {
        "coordinates": [
          135.786995,
          35.01687
        ],
        "type": "Point"
      },
      "properties": {
        "bangumi_id": 102134,
        "bangumi_title": "我的青春恋爱物语果然有问题 续",
        "ep_cut": 1,
        "image_url": "https://w.junreimap.com/images/points/102134/9xctp2e_1768618362639.jpg",
        "location": "京都平安之森酒店周边",
        "point_id": "9xctp2e",
        "point_name": "京都岡崎郵便局前",
        "remark": "罗森在16年闭店了，现在是邮局，虽然离这里很近的地方有一家罗森，但其实那家16年才开始动工修建，也许是同一家店搬迁过去的"
      },
      "type": "Feature"
    },
    {
      "geometry": {
        "coordinates": [
          135.78857,
          35.016765
        ],
        "type": "Point"
      },
      "properties": {
        "bangumi_id": 102134,
        "bangumi_title": "我的青春恋爱物语果然有问题 续",
        "ep_cut": 1,
        "image_url": "https://w.junreimap.com/images/points/102134/9xcympp_1768619290735.jpg",
        "location": "京都平安之森酒店周边",
        "point_id": "9xcympp",
        "point_name": "宮繁稲荷神社前",
        "remark": ""
      },
      "type": "Feature"
    },
    {
      "geometry": {
        "coordinates": [
          135.790771,
          35.016681
        ],
        "type": "Point"
      },
      "properties": {
        "bangumi_id": 102134,
        "bangumi_title": "我的青春恋爱物语果然有问题 续",
        "ep_cut": 1,
        "image_url": "https://w.junreimap.com/images/points/102134/9xdgi4m_1768619611811.jpg",
        "location": "京都平安之森酒店周边",
        "point_id": "9xdgi4m",
        "point_name": "白川通丸太町通交差点",
        "remark": "很搞的一点就是真按动画里画面的顺序这里走了一个大回环，明明只是一条直路愣是给来回走了三遍"
      },
      "type": "Feature"
    },
    {
      "geometry": {
        "coordinates": [
          135.787526,
          35.016825
        ],
        "type": "Point"
      },
      "properties": {
        "bangumi_id": 102134,
        "bangumi_title": "我的青春恋爱物语果然有问题 续",
        "ep_cut": 1,
        "image_url": "https://w.junreimap.com/images/points/102134/9xfbqhk_1768622553105.jpg",
        "location": "京都平安之森酒店周边",
        "point_id": "9xfbqhk",
        "point_name": "ホテル​オークラ​京都​岡崎​別邸附近",
        "remark": ""
      },
      "type": "Feature"
    },
    {
      "geometry": {
        "coordinates": [
          135.787301,
          35.016832
        ],
        "type": "Point"
      },
      "properties": {
        "bangumi_id": 102134,
        "bangumi_title": "我的青春恋爱物语果然有问题 续",
        "ep_cut": 1,
        "image_url": "https://w.junreimap.com/images/points/102134/9xdfxpq_1768619372294.jpg",
        "location": "京都平安之森酒店周边",
        "point_id": "9xdfxpq",
        "point_name": "ホテル​オークラ​京都​岡崎​別邸附近",
        "remark": ""
      },
      "type": "Feature"
    },
    {
      "geometry": {
        "coordinates": [
          135.789089,
          35.016756
        ],
        "type": "Point"
      },
      "properties": {
        "bangumi_id": 102134,
        "bangumi_title": "我的青春恋爱物语果然有问题 续",
        "ep_cut": 1,
        "image_url": "https://w.junreimap.com/images/points/102134/dwjp7u_1768635284892.jpg",
        "location": "京都平安之森酒店周边",
        "point_id": "dwjp7u",
        "point_name": "ホテル平安の森京都",
        "remark": "只有门口相似，内部结构已经完全不同，没有任何动画里的画面，包括房间，平安之森酒店是没有和室的。不过话说回来这酒店性价比还挺高，除了网不好之外还不错"
      },
      "type": "Feature"
    },
    {
      "geometry": {
        "coordinates": [
          138.89213,
          36.749773
        ],
        "type": "Point"
      },
      "properties": {
        "bangumi_id": 102134,
        "bangumi_title": "我的青春恋爱物语果然有问题 续",
        "ep_cut": 1,
        "image_url": "https://w.junreimap.com/images/points/102134/9xkris5_1768632791535.jpg",
        "location": "青少年自然の家",
        "point_id": "9xkris5",
        "point_name": "青少年自然の家",
        "remark": "大老师在新干线上回忆了一下合宿时户部说自己喜欢海老名的发言"
      },
      "type": "Feature"
    },
    {
      "geometry": {
        "coordinates": [
          139.635885,
          35.459282
        ],
        "type": "Point"
      },
      "properties": {
        "bangumi_id": 102134,
        "bangumi_title": "我的青春恋爱物语果然有问题 续",
        "ep_cut": 3,
        "image_url": "https://w.junreimap.com/images/points/102134/9xqtj1b_1768641840956.jpg",
        "location": "",
        "point_id": "9xqtj1b",
        "point_name": "ヨコハマ グランド インターコンチネンタル ホテル",
        "remark": "动画放送时期3-5话所用的op，第六话开始则将横滨洲际替换成了曼哈頓飯店，后续的流媒体和bd都不再有横滨洲际的画面，属于绝版影像"
      },
      "type": "Feature"
    },
    {
      "geometry": {
        "coordinates": [
          140.121401,
          35.60911
        ],
        "type": "Point"
      },
      "properties": {
        "bangumi_id": 102134,
        "bangumi_title": "我的青春恋爱物语果然有问题 续",
        "ep_cut": 4,
        "image_url": "https://w.junreimap.com/images/points/102134/9724p1g_1767028507974.jpg",
        "location": "PARCO",
        "point_id": "9724p1g",
        "point_name": "PARCO",
        "remark": "已拆除"
      },
      "type": "Feature"
    },
    {
      "geometry": {
        "coordinates": [
          140.068138,
          35.621782
        ],
        "type": "Point"
      },
      "properties": {
        "bangumi_id": 102134,
        "bangumi_title": "我的青春恋爱物语果然有问题 续",
        "ep_cut": 4,
        "image_url": "https://w.junreimap.com/images/points/102134/96uj2gi_1767015481365.jpg",
        "location": "中高浜公园",
        "point_id": "96uj2gi",
        "point_name": "中高浜公園",
        "remark": ""
      },
      "type": "Feature"
    },
    {
      "geometry": {
        "coordinates": [
          140.068066,
          35.621813
        ],
        "type": "Point"
      },
      "properties": {
        "bangumi_id": 102134,
        "bangumi_title": "我的青春恋爱物语果然有问题 续",
        "ep_cut": 4,
        "image_url": "https://w.junreimap.com/images/points/102134/96ukfkz_1767015559073.jpg",
        "location": "中高浜公园",
        "point_id": "96ukfkz",
        "point_name": "中高浜公園",
        "remark": ""
      },
      "type": "Feature"
    },
    {
      "geometry": {
        "coordinates": [
          140.121896,
          35.608867
        ],
        "type": "Point"
      },
      "properties": {
        "bangumi_id": 102134,
        "bangumi_title": "我的青春恋爱物语果然有问题 续",
        "ep_cut": 4,
        "image_url": "https://w.junreimap.com/images/points/102134/972e27w_1767029233164.jpg",
        "location": "PARCO",
        "point_id": "972e27w",
        "point_name": "サンマルクカフェ​千葉​銀座​通り​店",
        "remark": "原店已倒闭，现在这个位置开的是ドトール​コーヒー​ショップ"
      },
      "type": "Feature"
    },
    {
      "geometry": {
        "coordinates": [
          140.115682,
          35.611303
        ],
        "type": "Point"
      },
      "properties": {
        "bangumi_id": 102134,
        "bangumi_title": "我的青春恋爱物语果然有问题 续",
        "ep_cut": 4,
        "image_url": "https://w.junreimap.com/images/points/102134/97301mq_1767029707008.jpg",
        "location": "千叶站",
        "point_id": "97301mq",
        "point_name": "千葉駅東口自転車駐車場",
        "remark": ""
      },
      "type": "Feature"
    },
    {
      "geometry": {
        "coordinates": [
          140.07456,
          35.629033
        ],
        "type": "Point"
      },
      "properties": {
        "bangumi_id": 102134,
        "bangumi_title": "我的青春恋爱物语果然有问题 续",
        "ep_cut": 5,
        "image_url": "https://w.junreimap.com/images/points/102134/972s3lg_1767029364844.jpg",
        "location": "稲毛海岸​駅",
        "point_id": "972s3lg",
        "point_name": "サイゼリヤ\n稲毛海岸​駅​前​店",
        "remark": ""
      },
      "type": "Feature"
    },
    {
      "geometry": {
        "coordinates": [
          140.068598,
          35.622144
        ],
        "type": "Point"
      },
      "properties": {
        "bangumi_id": 102134,
        "bangumi_title": "我的青春恋爱物语果然有问题 续",
        "ep_cut": 6,
        "image_url": "https://w.junreimap.com/images/points/54433/mx9xsw2wa_1761902953980.jpg",
        "location": "中高浜公园",
        "point_id": "mx9xsw2wa",
        "point_name": "中高浜公園",
        "remark": ""
      },
      "type": "Feature"
    },
    {
      "geometry": {
        "coordinates": [
          140.103411,
          35.606755
        ],
        "type": "Point"
      },
      "properties": {
        "bangumi_id": 102134,
        "bangumi_title": "我的青春恋爱物语果然有问题 续",
        "ep_cut": 10,
        "image_url": "https://w.junreimap.com/images/points/102134/9xlwh0r_1768633591345.jpg",
        "location": "千叶港站",
        "point_id": "9xlwh0r",
        "point_name": "千葉みなと駅",
        "remark": ""
      },
      "type": "Feature"
    },
    {
      "geometry": {
        "coordinates": [
          140.102728,
          35.606796
        ],
        "type": "Point"
      },
      "properties": {
        "bangumi_id": 102134,
        "bangumi_title": "我的青春恋爱物语果然有问题 续",
        "ep_cut": 10,
        "image_url": "https://w.junreimap.com/images/points/102134/9xlxedo_1768633668303.jpg",
        "location": "千叶港站",
        "point_id": "9xlxedo",
        "point_name": "千葉モノレール　1000形車内",
        "remark": "根据原作，他们一行人回程的路线大概是这样的：从舞滨坐京叶线到千叶，雪乃和团子在海滨幕张站下，大老师和一色一路坐到千叶港站换了单轨往千叶站方向。"
      },
      "type": "Feature"
    },
    {
      "geometry": {
        "coordinates": [
          139.883701,
          35.636155
        ],
        "type": "Point"
      },
      "properties": {
        "bangumi_id": 102134,
        "bangumi_title": "我的青春恋爱物语果然有问题 续",
        "ep_cut": 10,
        "image_url": "https://w.junreimap.com/images/points/102134/9xm6jun_1768634052982.jpg",
        "location": "迪士尼",
        "point_id": "9xm6jun",
        "point_name": "JR京葉線車内",
        "remark": "根据原作，他们一行人回程的路线大概是这样的：从舞滨坐京叶线到千叶，雪乃和团子在海滨幕张站下，大老师和一色一路坐到千叶港站换了单轨往千叶站方向。因此这段应该在舞滨到海滨幕张之间，不过背景没有特征所以其实无所谓"
      },
      "type": "Feature"
    },
    {
      "geometry": {
        "coordinates": [
          140.102585,
          35.606925
        ],
        "type": "Point"
      },
      "properties": {
        "bangumi_id": 102134,
        "bangumi_title": "我的青春恋爱物语果然有问题 续",
        "ep_cut": 10,
        "image_url": "https://w.junreimap.com/images/points/102134/9xlyz95_1768633736874.jpg",
        "location": "千叶港站",
        "point_id": "9xlyz95",
        "point_name": "千葉モノレール　1000形車内",
        "remark": ""
      },
      "type": "Feature"
    },
    {
      "geometry": {
        "coordinates": [
          140.045797,
          35.644296
        ],
        "type": "Point"
      },
      "properties": {
        "bangumi_id": 102134,
        "bangumi_title": "我的青春恋爱物语果然有问题 续",
        "ep_cut": 12,
        "image_url": "https://w.junreimap.com/images/points/102134/9xs0myq_1768644224114.jpg",
        "location": "",
        "point_id": "9xs0myq",
        "point_name": "セントラル​パーク​イースト​幕張​パーク​タワー",
        "remark": "雪乃家的后门，动画对环境和门的样式做出了相当大的改动，只有门的样式和门口的支撑能看到现实的影子，另外这一段路的背景板在打濑也是不存在的，应该是虚构"
      },
      "type": "Feature"
    },
    {
      "geometry": {
        "coordinates": [
          140.069079,
          35.61987
        ],
        "type": "Point"
      },
      "properties": {
        "bangumi_id": 102134,
        "bangumi_title": "我的青春恋爱物语果然有问题 续",
        "ep_cut": 13,
        "image_url": "https://w.junreimap.com/images/points/102134/96umxwh_1767015694303.jpg",
        "location": "稲毛高校",
        "point_id": "96umxwh",
        "point_name": "稲毛高校前",
        "remark": ""
      },
      "type": "Feature"
    },
    {
      "geometry": {
        "coordinates": [
          139.861782,
          35.644398
        ],
        "type": "Point"
      },
      "properties": {
        "bangumi_id": 102134,
        "bangumi_title": "我的青春恋爱物语果然有问题 续",
        "ep_cut": 13,
        "image_url": "https://w.junreimap.com/images/points/102134/bhinh5e_1772014254602.jpg",
        "location": "葛西临海公园",
        "point_id": "bhinh5e",
        "point_name": "",
        "remark": ""
      },
      "type": "Feature"
    },
    {
      "geometry": {
        "coordinates": [
          139.86111,
          35.644062
        ],
        "type": "Point"
      },
      "properties": {
        "bangumi_id": 102134,
        "bangumi_title": "我的青春恋爱物语果然有问题 续",
        "ep_cut": 13,
        "image_url": "https://w.junreimap.com/images/points/102134/bhixiqn_1772014696619.jpg",
        "location": "葛西临海公园",
        "point_id": "bhixiqn",
        "point_name": "",
        "remark": ""
      },
      "type": "Feature"
    },
    {
      "geometry": {
        "coordinates": [
          139.862121,
          35.640111
        ],
        "type": "Point"
      },
      "properties": {
        "bangumi_id": 102134,
        "bangumi_title": "我的青春恋爱物语果然有问题 续",
        "ep_cut": 13,
        "image_url": "https://w.junreimap.com/images/points/102134/bhksxzl_1772017830527.jpg",
        "location": "葛西临海水族馆",
        "point_id": "bhksxzl",
        "point_name": "葛西臨海水族園",
        "remark": ""
      },
      "type": "Feature"
    },
    {
      "geometry": {
        "coordinates": [
          139.86049,
          35.641656
        ],
        "type": "Point"
      },
      "properties": {
        "bangumi_id": 102134,
        "bangumi_title": "我的青春恋爱物语果然有问题 续",
        "ep_cut": 13,
        "image_url": "https://w.junreimap.com/images/points/102134/973lo6o_1767030719234.jpg",
        "location": "葛西临海水族馆",
        "point_id": "973lo6o",
        "point_name": "水族​園​レスト​ハウス",
        "remark": "原来是放在检票口的，现在挪到了这里"
      },
      "type": "Feature"
    },
    {
      "geometry": {
        "coordinates": [
          139.862116,
          35.640068
        ],
        "type": "Point"
      },
      "properties": {
        "bangumi_id": 102134,
        "bangumi_title": "我的青春恋爱物语果然有问题 续",
        "ep_cut": 13,
        "image_url": "https://w.junreimap.com/images/points/102134/bhjoeql_1772015953894.jpg",
        "location": "葛西临海水族馆",
        "point_id": "bhjoeql",
        "point_name": "葛西臨海水族園",
        "remark": ""
      },
      "type": "Feature"
    },
    {
      "geometry": {
        "coordinates": [
          139.862098,
          35.64003
        ],
        "type": "Point"
      },
      "properties": {
        "bangumi_id": 102134,
        "bangumi_title": "我的青春恋爱物语果然有问题 续",
        "ep_cut": 13,
        "image_url": "https://w.junreimap.com/images/points/102134/bhjp18k_1772015968555.jpg",
        "location": "葛西临海水族馆",
        "point_id": "bhjp18k",
        "point_name": "葛西臨海水族園",
        "remark": ""
      },
      "type": "Feature"
    },
    {
      "geometry": {
        "coordinates": [
          139.862636,
          35.640241
        ],
        "type": "Point"
      },
      "properties": {
        "bangumi_id": 102134,
        "bangumi_title": "我的青春恋爱物语果然有问题 续",
        "ep_cut": 13,
        "image_url": "https://w.junreimap.com/images/points/102134/bhihp11_1772014142725.jpg",
        "location": "葛西临海水族馆",
        "point_id": "bhihp11",
        "point_name": "葛西臨海水族園",
        "remark": "可以像动画里一样把手伸进水族箱，有很多水生生物，不一定有鱼"
      },
      "type": "Feature"
    },
    {
      "geometry": {
        "coordinates": [
          139.863073,
          35.640092
        ],
        "type": "Point"
      },
      "properties": {
        "bangumi_id": 102134,
        "bangumi_title": "我的青春恋爱物语果然有问题 续",
        "ep_cut": 13,
        "image_url": "https://w.junreimap.com/images/points/102134/bhjaj7j_1772015307811.jpg",
        "location": "葛西临海水族馆",
        "point_id": "bhjaj7j",
        "point_name": "葛西臨海水族園",
        "remark": ""
      },
      "type": "Feature"
    },
    {
      "geometry": {
        "coordinates": [
          139.863075,
          35.640085
        ],
        "type": "Point"
      },
      "properties": {
        "bangumi_id": 102134,
        "bangumi_title": "我的青春恋爱物语果然有问题 续",
        "ep_cut": 13,
        "image_url": "https://w.junreimap.com/images/points/102134/bhjeie3_1772015472378.jpg",
        "location": "葛西临海水族馆",
        "point_id": "bhjeie3",
        "point_name": "葛西臨海水族園",
        "remark": ""
      },
      "type": "Feature"
    },
    {
      "geometry": {
        "coordinates": [
          139.863156,
          35.640052
        ],
        "type": "Point"
      },
      "properties": {
        "bangumi_id": 102134,
        "bangumi_title": "我的青春恋爱物语果然有问题 续",
        "ep_cut": 13,
        "image_url": "https://w.junreimap.com/images/points/102134/bhkz2kg_1772018115340.jpg",
        "location": "葛西临海水族馆",
        "point_id": "bhkz2kg",
        "point_name": "葛西臨海水族園",
        "remark": ""
      },
      "type": "Feature"
    },
    {
      "geometry": {
        "coordinates": [
          139.86307,
          35.640076
        ],
        "type": "Point"
      },
      "properties": {
        "bangumi_id": 102134,
        "bangumi_title": "我的青春恋爱物语果然有问题 续",
        "ep_cut": 13,
        "image_url": "https://w.junreimap.com/images/points/102134/bhjbaiv_1772015323827.jpg",
        "location": "葛西临海水族馆",
        "point_id": "bhjbaiv",
        "point_name": "葛西臨海水族園",
        "remark": "不一定会换上动画里的牌子"
      },
      "type": "Feature"
    },
    {
      "geometry": {
        "coordinates": [
          139.862797,
          35.640024
        ],
        "type": "Point"
      },
      "properties": {
        "bangumi_id": 102134,
        "bangumi_title": "我的青春恋爱物语果然有问题 续",
        "ep_cut": 13,
        "image_url": "https://w.junreimap.com/images/points/102134/bhjlq39_1772015823991.jpg",
        "location": "葛西临海水族馆",
        "point_id": "bhjlq39",
        "point_name": "葛西臨海水族園",
        "remark": ""
      },
      "type": "Feature"
    },
    {
      "geometry": {
        "coordinates": [
          139.862797,
          35.640017
        ],
        "type": "Point"
      },
      "properties": {
        "bangumi_id": 102134,
        "bangumi_title": "我的青春恋爱物语果然有问题 续",
        "ep_cut": 13,
        "image_url": "https://w.junreimap.com/images/user/0/bangumi/102134/points/rw7bx4amo-1736838335044.jpg",
        "location": "葛西临海水族馆",
        "point_id": "rw7bx4amo",
        "point_name": "葛西臨海水族園",
        "remark": ""
      },
      "type": "Feature"
    },
    {
      "geometry": {
        "coordinates": [
          139.862671,
          35.64001
        ],
        "type": "Point"
      },
      "properties": {
        "bangumi_id": 102134,
        "bangumi_title": "我的青春恋爱物语果然有问题 续",
        "ep_cut": 13,
        "image_url": "https://w.junreimap.com/images/points/102134/bhkuks5_1772017915937.jpg",
        "location": "葛西临海水族馆",
        "point_id": "bhkuks5",
        "point_name": "葛西臨海水族園",
        "remark": "和画面场景最接近的是那个圆柱，上了台阶之后的位置，但并没有看水母的这个窗"
      },
      "type": "Feature"
    },
    {
      "geometry": {
        "coordinates": [
          139.86209,
          35.640135
        ],
        "type": "Point"
      },
      "properties": {
        "bangumi_id": 102134,
        "bangumi_title": "我的青春恋爱物语果然有问题 续",
        "ep_cut": 13,
        "image_url": "https://w.junreimap.com/images/points/102134/bhksi9i_1772017808257.jpg",
        "location": "葛西临海水族馆",
        "point_id": "bhksi9i",
        "point_name": "葛西臨海水族園",
        "remark": ""
      },
      "type": "Feature"
    },
    {
      "geometry": {
        "coordinates": [
          139.862084,
          35.640138
        ],
        "type": "Point"
      },
      "properties": {
        "bangumi_id": 102134,
        "bangumi_title": "我的青春恋爱物语果然有问题 续",
        "ep_cut": 13,
        "image_url": "https://w.junreimap.com/images/points/102134/mxa43haae_1768400257231.jpg",
        "location": "葛西临海水族馆",
        "point_id": "mxa43haae",
        "point_name": "葛西臨海水族園",
        "remark": ""
      },
      "type": "Feature"
    },
    {
      "geometry": {
        "coordinates": [
          139.860554,
          35.642789
        ],
        "type": "Point"
      },
      "properties": {
        "bangumi_id": 102134,
        "bangumi_title": "我的青春恋爱物语果然有问题 续",
        "ep_cut": 13,
        "image_url": "https://w.junreimap.com/images/points/54433/mxa4tyvty_1761902883945.jpg",
        "location": "葛西临海公园",
        "point_id": "mxa4tyvty",
        "point_name": "",
        "remark": "在公园主干道上拍的，右下的小火车还在正常运营"
      },
      "type": "Feature"
    },
    {
      "geometry": {
        "coordinates": [
          139.857087,
          35.644036
        ],
        "type": "Point"
      },
      "properties": {
        "bangumi_id": 102134,
        "bangumi_title": "我的青春恋爱物语果然有问题 续",
        "ep_cut": 13,
        "image_url": "https://w.junreimap.com/images/points/102134/bhl21f8_1772018252193.jpg",
        "location": "葛西临海公园",
        "point_id": "bhl21f8",
        "point_name": "ダイヤ​と​花​の​大​観覧車",
        "remark": ""
      },
      "type": "Feature"
    },
    {
      "geometry": {
        "coordinates": [
          139.857062,
          35.643965
        ],
        "type": "Point"
      },
      "properties": {
        "bangumi_id": 102134,
        "bangumi_title": "我的青春恋爱物语果然有问题 续",
        "ep_cut": 13,
        "image_url": "https://w.junreimap.com/images/user/2176/bangumi/102134/points/92tn63n-1766772153568.jpg",
        "location": "葛西临海公园",
        "point_id": "92tn63n",
        "point_name": "ダイヤ​と​花​の​大​観覧車",
        "remark": ""
      },
      "type": "Feature"
    },
    {
      "geometry": {
        "coordinates": [
          139.857057,
          35.643983
        ],
        "type": "Point"
      },
      "properties": {
        "bangumi_id": 102134,
        "bangumi_title": "我的青春恋爱物语果然有问题 续",
        "ep_cut": 13,
        "image_url": "https://w.junreimap.com/images/points/102134/bhl3pns_1772018333233.jpg",
        "location": "葛西临海公园",
        "point_id": "bhl3pns",
        "point_name": "ダイヤ​と​花​の​大​観覧車",
        "remark": ""
      },
      "type": "Feature"
    },
    {
      "geometry": {
        "coordinates": [
          139.857061,
          35.643973
        ],
        "type": "Point"
      },
      "properties": {
        "bangumi_id": 102134,
        "bangumi_title": "我的青春恋爱物语果然有问题 续",
        "ep_cut": 13,
        "image_url": "https://w.junreimap.com/images/points/102134/bhlrtgr_1772019461376.jpg",
        "location": "葛西临海公园",
        "point_id": "bhlrtgr",
        "point_name": "ダイヤ​と​花​の​大​観覧車",
        "remark": "未到顶时向西看去的风景"
      },
      "type": "Feature"
    },
    {
      "geometry": {
        "coordinates": [
          139.860566,
          35.642787
        ],
        "type": "Point"
      },
      "properties": {
        "bangumi_id": 102134,
        "bangumi_title": "我的青春恋爱物语果然有问题 续",
        "ep_cut": 13,
        "image_url": "https://w.junreimap.com/images/points/102134/bhl7cyy_1772018509887.jpg",
        "location": "葛西临海公园",
        "point_id": "bhl7cyy",
        "point_name": "",
        "remark": ""
      },
      "type": "Feature"
    },
    {
      "geometry": {
        "coordinates": [
          139.859532,
          35.640849
        ],
        "type": "Point"
      },
      "properties": {
        "bangumi_id": 102134,
        "bangumi_title": "我的青春恋爱物语果然有问题 续",
        "ep_cut": 13,
        "image_url": "https://w.junreimap.com/images/points/102134/bhl9819_1772018588257.jpg",
        "location": "葛西临海公园",
        "point_id": "bhl9819",
        "point_name": "展望レストハウス クリスタルビュー",
        "remark": ""
      },
      "type": "Feature"
    },
    {
      "geometry": {
        "coordinates": [
          139.859411,
          35.640642
        ],
        "type": "Point"
      },
      "properties": {
        "bangumi_id": 102134,
        "bangumi_title": "我的青春恋爱物语果然有问题 续",
        "ep_cut": 13,
        "image_url": "https://w.junreimap.com/images/points/102134/bhlh78i_1772018964506.jpg",
        "location": "葛西临海公园",
        "point_id": "bhlh78i",
        "point_name": "展望レストハウス クリスタルビュー",
        "remark": ""
      },
      "type": "Feature"
    },
    {
      "geometry": {
        "coordinates": [
          139.859409,
          35.640638
        ],
        "type": "Point"
      },
      "properties": {
        "bangumi_id": 102134,
        "bangumi_title": "我的青春恋爱物语果然有问题 续",
        "ep_cut": 13,
        "image_url": "https://w.junreimap.com/images/points/102134/bhlla70_1772019149496.jpg",
        "location": "葛西临海公园",
        "point_id": "bhlla70",
        "point_name": "展望レストハウス クリスタルビュー",
        "remark": ""
      },
      "type": "Feature"
    },
    {
      "geometry": {
        "coordinates": [
          139.859451,
          35.640622
        ],
        "type": "Point"
      },
      "properties": {
        "bangumi_id": 102134,
        "bangumi_title": "我的青春恋爱物语果然有问题 续",
        "ep_cut": 13,
        "image_url": "https://w.junreimap.com/images/points/102134/bhlhl4y_1772018988497.jpg",
        "location": "葛西临海公园",
        "point_id": "bhlhl4y",
        "point_name": "展望レストハウス クリスタルビュー",
        "remark": ""
      },
      "type": "Feature"
    },
    {
      "geometry": {
        "coordinates": [
          139.859409,
          35.640638
        ],
        "type": "Point"
      },
      "properties": {
        "bangumi_id": 102134,
        "bangumi_title": "我的青春恋爱物语果然有问题 续",
        "ep_cut": 13,
        "image_url": "https://w.junreimap.com/images/points/102134/bhlnfm5_1772019260592.jpg",
        "location": "葛西临海公园",
        "point_id": "bhlnfm5",
        "point_name": "展望レストハウス クリスタルビュー",
        "remark": ""
      },
      "type": "Feature"
    },
    {
      "geometry": {
        "coordinates": [
          139.85941,
          35.640638
        ],
        "type": "Point"
      },
      "properties": {
        "bangumi_id": 102134,
        "bangumi_title": "我的青春恋爱物语果然有问题 续",
        "ep_cut": 13,
        "image_url": "https://w.junreimap.com/images/points/102134/bhllxzh_1772019209581.jpg",
        "location": "葛西临海公园",
        "point_id": "bhllxzh",
        "point_name": "展望レストハウス クリスタルビュー",
        "remark": ""
      },
      "type": "Feature"
    },
    {
      "geometry": {
        "coordinates": [
          139.859415,
          35.640649
        ],
        "type": "Point"
      },
      "properties": {
        "bangumi_id": 102134,
        "bangumi_title": "我的青春恋爱物语果然有问题 续",
        "ep_cut": 13,
        "image_url": "https://w.junreimap.com/images/user/2176/bangumi/102134/points/92tolon-1766772193045.jpg",
        "location": "葛西临海公园",
        "point_id": "92tolon",
        "point_name": "展望レストハウス クリスタルビュー",
        "remark": ""
      },
      "type": "Feature"
    },
    {
      "geometry": {
        "coordinates": [
          139.85941,
          35.640639
        ],
        "type": "Point"
      },
      "properties": {
        "bangumi_id": 102134,
        "bangumi_title": "我的青春恋爱物语果然有问题 续",
        "ep_cut": 13,
        "image_url": "https://w.junreimap.com/images/points/102134/bhlisak_1772019066327.jpg",
        "location": "葛西临海公园",
        "point_id": "bhlisak",
        "point_name": "展望レストハウス クリスタルビュー",
        "remark": ""
      },
      "type": "Feature"
    },
    {
      "geometry": {
        "coordinates": [
          139.859411,
          35.640638
        ],
        "type": "Point"
      },
      "properties": {
        "bangumi_id": 102134,
        "bangumi_title": "我的青春恋爱物语果然有问题 续",
        "ep_cut": 13,
        "image_url": "https://w.junreimap.com/images/points/102134/bhlk299_1772019098716.jpg",
        "location": "葛西临海公园",
        "point_id": "bhlk299",
        "point_name": "展望レストハウス クリスタルビュー",
        "remark": ""
      },
      "type": "Feature"
    },
    {
      "geometry": {
        "coordinates": [
          140.070745,
          35.627184
        ],
        "type": "Point"
      },
      "properties": {
        "bangumi_id": 102134,
        "bangumi_title": "我的青春恋爱物语果然有问题 续",
        "ep_cut": "",
        "image_url": "https://w.junreimap.com/images/user/0/bangumi/102134/points/f863bhx-1780156208510.jpg",
        "location": "",
        "point_id": "f863bhx",
        "point_name": "美浜区役所高洲コミュニティセンター",
        "remark": ""
      },
      "type": "Feature"
    },
    {
      "geometry": {
        "coordinates": [
          140.068703,
          35.620474
        ],
        "type": "Point"
      },
      "properties": {
        "bangumi_id": 102134,
        "bangumi_title": "我的青春恋爱物语果然有问题 续",
        "ep_cut": 5,
        "image_url": "https://w.junreimap.com/images/points/102134/g1oph6u_1781940875902.jpg",
        "location": "稻毛高",
        "point_id": "g1oph6u",
        "point_name": "",
        "remark": "就挨着鞋柜，还原度令人感动，为数不多的和动画里几乎一样的房间，可惜只能在门口看【仅学园祭期间开放，平日不法侵入最高三年拘禁，请文明巡礼】"
      },
      "type": "Feature"
    },
    {
      "geometry": {
        "coordinates": [
          140.068316,
          35.620539
        ],
        "type": "Point"
      },
      "properties": {
        "bangumi_id": 102134,
        "bangumi_title": "我的青春恋爱物语果然有问题 续",
        "ep_cut": 8,
        "image_url": "https://w.junreimap.com/images/points/102134/g1p3alz_1781941756363.jpg",
        "location": "稻毛高",
        "point_id": "g1p3alz",
        "point_name": "",
        "remark": "从侍奉部旁边的楼梯上四楼，出了门就是。真物宣言的收尾，伟大无需多言【仅学园祭期间开放，平日不法侵入最高三年拘禁，请文明巡礼】"
      },
      "type": "Feature"
    },
    {
      "geometry": {
        "coordinates": [
          140.068292,
          35.620537
        ],
        "type": "Point"
      },
      "properties": {
        "bangumi_id": 102134,
        "bangumi_title": "我的青春恋爱物语果然有问题 续",
        "ep_cut": 8,
        "image_url": "https://w.junreimap.com/images/points/102134/g1p6nr3_1781941655254.jpg",
        "location": "稻毛高",
        "point_id": "g1p6nr3",
        "point_name": "",
        "remark": "从侍奉部旁边的楼梯上四楼，出了门就是。真物宣言的收尾，伟大无需多言【仅学园祭期间开放，平日不法侵入最高三年拘禁，请文明巡礼】"
      },
      "type": "Feature"
    },
    {
      "geometry": {
        "coordinates": [
          140.068305,
          35.620518
        ],
        "type": "Point"
      },
      "properties": {
        "bangumi_id": 102134,
        "bangumi_title": "我的青春恋爱物语果然有问题 续",
        "ep_cut": 8,
        "image_url": "https://w.junreimap.com/images/points/102134/g1p7ben_1781941733930.jpg",
        "location": "稻毛高",
        "point_id": "g1p7ben",
        "point_name": "",
        "remark": "从侍奉部旁边的楼梯上四楼，出了门就是。真物宣言的收尾，伟大无需多言【仅学园祭期间开放，平日不法侵入最高三年拘禁，请文明巡礼】"
      },
      "type": "Feature"
    },
    {
      "geometry": {
        "coordinates": [
          140.068304,
          35.620528
        ],
        "type": "Point"
      },
      "properties": {
        "bangumi_id": 102134,
        "bangumi_title": "我的青春恋爱物语果然有问题 续",
        "ep_cut": 8,
        "image_url": "https://w.junreimap.com/images/points/102134/g1parvb_1781941850533.jpg",
        "location": "稻毛高",
        "point_id": "g1parvb",
        "point_name": "",
        "remark": "从侍奉部旁边的楼梯上来，出了门就是。真物宣言的收尾，伟大无需多言【仅学园祭期间开放，平日不法侵入最高三年拘禁，请文明巡礼】"
      },
      "type": "Feature"
    },
    {
      "geometry": {
        "coordinates": [
          140.068299,
          35.620509
        ],
        "type": "Point"
      },
      "properties": {
        "bangumi_id": 102134,
        "bangumi_title": "我的青春恋爱物语果然有问题 续",
        "ep_cut": 8,
        "image_url": "https://w.junreimap.com/images/points/102134/g1p7csd_1781941682486.jpg",
        "location": "稻毛高",
        "point_id": "g1p7csd",
        "point_name": "",
        "remark": "从侍奉部旁边的楼梯上四楼，出了门就是。真物宣言的收尾，伟大无需多言【仅学园祭期间开放，平日不法侵入最高三年拘禁，请文明巡礼】"
      },
      "type": "Feature"
    }
  ],
  "type": "FeatureCollection"
}