{
  "features": [
    {
      "geometry": {
        "coordinates": [
          135.766468,
          35.05038
        ],
        "type": "Point"
      },
      "properties": {
        "bangumi_id": 115908,
        "bangumi_title": "吹响吧！上低音号",
        "ep_cut": 1,
        "image_url": "https://w.junreimap.com/images/points/115908/qys7fu.jpg",
        "location": "",
        "point_id": "qys7fu",
        "point_name": "京都コンサートホール",
        "remark": ""
      },
      "type": "Feature"
    },
    {
      "geometry": {
        "coordinates": [
          135.766531,
          35.051377
        ],
        "type": "Point"
      },
      "properties": {
        "bangumi_id": 115908,
        "bangumi_title": "吹响吧！上低音号",
        "ep_cut": 13,
        "image_url": "https://w.junreimap.com/images/points/115908/k6mc12gji_1715084276435.jpg",
        "location": "",
        "point_id": "k6mc12gji",
        "point_name": "京都コンサートホール",
        "remark": ""
      },
      "type": "Feature"
    },
    {
      "geometry": {
        "coordinates": [
          135.766775,
          35.049886
        ],
        "type": "Point"
      },
      "properties": {
        "bangumi_id": 115908,
        "bangumi_title": "吹响吧！上低音号",
        "ep_cut": 1,
        "image_url": "https://w.junreimap.com/images/points/115908/7erg5944.jpg",
        "location": "",
        "point_id": "7erg5944",
        "point_name": "京都​コンサート​ホール",
        "remark": ""
      },
      "type": "Feature"
    },
    {
      "geometry": {
        "coordinates": [
          135.766551,
          35.049892
        ],
        "type": "Point"
      },
      "properties": {
        "bangumi_id": 115908,
        "bangumi_title": "吹响吧！上低音号",
        "ep_cut": 1,
        "image_url": "https://w.junreimap.com/images/points/115908/7es69ksq.jpg",
        "location": "",
        "point_id": "7es69ksq",
        "point_name": "京都​コンサート​ホール",
        "remark": ""
      },
      "type": "Feature"
    },
    {
      "geometry": {
        "coordinates": [
          135.766564,
          35.049883
        ],
        "type": "Point"
      },
      "properties": {
        "bangumi_id": 115908,
        "bangumi_title": "吹响吧！上低音号",
        "ep_cut": 1,
        "image_url": "https://w.junreimap.com/images/points/115908/7esre9ap.jpg",
        "location": "",
        "point_id": "7esre9ap",
        "point_name": "京都​コンサート​ホール",
        "remark": ""
      },
      "type": "Feature"
    },
    {
      "geometry": {
        "coordinates": [
          135.766553,
          35.049934
        ],
        "type": "Point"
      },
      "properties": {
        "bangumi_id": 115908,
        "bangumi_title": "吹响吧！上低音号",
        "ep_cut": 1,
        "image_url": "https://w.junreimap.com/images/points/115908/7eslvve7.jpg",
        "location": "",
        "point_id": "7eslvve7",
        "point_name": "京都​コンサート​ホール",
        "remark": "非常不甘心！！"
      },
      "type": "Feature"
    },
    {
      "geometry": {
        "coordinates": [
          135.808112,
          34.889973
        ],
        "type": "Point"
      },
      "properties": {
        "bangumi_id": 115908,
        "bangumi_title": "吹响吧！上低音号",
        "ep_cut": 1,
        "image_url": "https://w.junreimap.com/images/points/115908/7evkbmy2.jpg",
        "location": "",
        "point_id": "7evkbmy2",
        "point_name": "あじろぎの道",
        "remark": ""
      },
      "type": "Feature"
    },
    {
      "geometry": {
        "coordinates": [
          135.808142,
          34.889944
        ],
        "type": "Point"
      },
      "properties": {
        "bangumi_id": 115908,
        "bangumi_title": "吹响吧！上低音号",
        "ep_cut": 1,
        "image_url": "https://w.junreimap.com/images/points/115908/7exb699i.jpg",
        "location": "",
        "point_id": "7exb699i",
        "point_name": "あじろぎの道",
        "remark": ""
      },
      "type": "Feature"
    },
    {
      "geometry": {
        "coordinates": [
          135.808151,
          34.889917
        ],
        "type": "Point"
      },
      "properties": {
        "bangumi_id": 115908,
        "bangumi_title": "吹响吧！上低音号",
        "ep_cut": 1,
        "image_url": "https://w.junreimap.com/images/points/115908/7exq23jc.jpg",
        "location": "",
        "point_id": "7exq23jc",
        "point_name": "あじろぎの道",
        "remark": ""
      },
      "type": "Feature"
    },
    {
      "geometry": {
        "coordinates": [
          135.808168,
          34.889896
        ],
        "type": "Point"
      },
      "properties": {
        "bangumi_id": 115908,
        "bangumi_title": "吹响吧！上低音号",
        "ep_cut": 8,
        "image_url": "https://w.junreimap.com/images/points/115908/7p1vklwy.jpg",
        "location": "",
        "point_id": "7p1vklwy",
        "point_name": "あじろぎの道",
        "remark": ""
      },
      "type": "Feature"
    },
    {
      "geometry": {
        "coordinates": [
          135.815702,
          34.908983
        ],
        "type": "Point"
      },
      "properties": {
        "bangumi_id": 115908,
        "bangumi_title": "吹响吧！上低音号",
        "ep_cut": 1,
        "image_url": "https://w.junreimap.com/images/points/115908/7eyih3xg.jpg",
        "location": "",
        "point_id": "7eyih3xg",
        "point_name": "莵道高",
        "remark": ""
      },
      "type": "Feature"
    },
    {
      "geometry": {
        "coordinates": [
          135.815705,
          34.908956
        ],
        "type": "Point"
      },
      "properties": {
        "bangumi_id": 115908,
        "bangumi_title": "吹响吧！上低音号",
        "ep_cut": 5,
        "image_url": "https://w.junreimap.com/images/points/115908/7jni2zmz.jpg",
        "location": "",
        "point_id": "7jni2zmz",
        "point_name": "莵道高 正门 拂晓",
        "remark": ""
      },
      "type": "Feature"
    },
    {
      "geometry": {
        "coordinates": [
          135.815686,
          34.908926
        ],
        "type": "Point"
      },
      "properties": {
        "bangumi_id": 115908,
        "bangumi_title": "吹响吧！上低音号",
        "ep_cut": 8,
        "image_url": "https://w.junreimap.com/images/points/115908/7p4c142r.jpg",
        "location": "",
        "point_id": "7p4c142r",
        "point_name": "莵道高 正门 清晨 雨",
        "remark": ""
      },
      "type": "Feature"
    },
    {
      "geometry": {
        "coordinates": [
          135.815718,
          34.908927
        ],
        "type": "Point"
      },
      "properties": {
        "bangumi_id": 115908,
        "bangumi_title": "吹响吧！上低音号",
        "ep_cut": 11,
        "image_url": "https://w.junreimap.com/images/points/115908/kq10bkhew_1716605106659.jpg",
        "location": "",
        "point_id": "kq10bkhew",
        "point_name": "莵道高 正门 清晨 夏 更近",
        "remark": ""
      },
      "type": "Feature"
    },
    {
      "geometry": {
        "coordinates": [
          135.815666,
          34.908921
        ],
        "type": "Point"
      },
      "properties": {
        "bangumi_id": 115908,
        "bangumi_title": "吹响吧！上低音号",
        "ep_cut": 12,
        "image_url": "https://w.junreimap.com/images/points/115908/kq229b8cb_1716607394132.jpg",
        "location": "",
        "point_id": "kq229b8cb",
        "point_name": "莵道高 正门 清晨 夏",
        "remark": ""
      },
      "type": "Feature"
    },
    {
      "geometry": {
        "coordinates": [
          135.81565,
          34.908793
        ],
        "type": "Point"
      },
      "properties": {
        "bangumi_id": 115908,
        "bangumi_title": "吹响吧！上低音号",
        "ep_cut": 12,
        "image_url": "https://w.junreimap.com/images/points/115908/kq29r2enh_1716607845853.jpg",
        "location": "",
        "point_id": "kq29r2enh",
        "point_name": "莵道高 正门 早晨 夏",
        "remark": ""
      },
      "type": "Feature"
    },
    {
      "geometry": {
        "coordinates": [
          135.815624,
          34.908736
        ],
        "type": "Point"
      },
      "properties": {
        "bangumi_id": 115908,
        "bangumi_title": "吹响吧！上低音号",
        "ep_cut": 12,
        "image_url": "https://w.junreimap.com/images/points/115908/kq2q99z04_1716608849669.jpg",
        "location": "",
        "point_id": "kq2q99z04",
        "point_name": "莵道高 正门 深夜",
        "remark": ""
      },
      "type": "Feature"
    },
    {
      "geometry": {
        "coordinates": [
          135.816121,
          34.909355
        ],
        "type": "Point"
      },
      "properties": {
        "bangumi_id": 115908,
        "bangumi_title": "吹响吧！上低音号",
        "ep_cut": 12,
        "image_url": "https://w.junreimap.com/images/points/115908/kq2tp6ejv_1716609097495.jpg",
        "location": "",
        "point_id": "kq2tp6ejv",
        "point_name": "莵道高 校门最近教学楼 入口 深夜",
        "remark": ""
      },
      "type": "Feature"
    },
    {
      "geometry": {
        "coordinates": [
          135.816128,
          34.909355
        ],
        "type": "Point"
      },
      "properties": {
        "bangumi_id": 115908,
        "bangumi_title": "吹响吧！上低音号",
        "ep_cut": 12,
        "image_url": "https://w.junreimap.com/images/points/115908/kq2ul4x0r_1716609106098.jpg",
        "location": "",
        "point_id": "kq2ul4x0r",
        "point_name": "莵道高 校门最近教学楼 入口 深夜",
        "remark": ""
      },
      "type": "Feature"
    },
    {
      "geometry": {
        "coordinates": [
          135.816135,
          34.909353
        ],
        "type": "Point"
      },
      "properties": {
        "bangumi_id": 115908,
        "bangumi_title": "吹响吧！上低音号",
        "ep_cut": 12,
        "image_url": "https://w.junreimap.com/images/points/115908/kq2uo20ej_1716609110612.jpg",
        "location": "",
        "point_id": "kq2uo20ej",
        "point_name": "莵道高 校门最近教学楼 入口 深夜",
        "remark": ""
      },
      "type": "Feature"
    },
    {
      "geometry": {
        "coordinates": [
          135.815136,
          34.909261
        ],
        "type": "Point"
      },
      "properties": {
        "bangumi_id": 115908,
        "bangumi_title": "吹响吧！上低音号",
        "ep_cut": 3,
        "image_url": "https://w.junreimap.com/images/points/115908/7i05ja7x.jpg",
        "location": "",
        "point_id": "7i05ja7x",
        "point_name": "莵道高 正门外",
        "remark": ""
      },
      "type": "Feature"
    },
    {
      "geometry": {
        "coordinates": [
          135.816095,
          34.909242
        ],
        "type": "Point"
      },
      "properties": {
        "bangumi_id": 115908,
        "bangumi_title": "吹响吧！上低音号",
        "ep_cut": 1,
        "image_url": "https://w.junreimap.com/images/points/115908/7f0igtsh.jpg",
        "location": "",
        "point_id": "7f0igtsh",
        "point_name": "莵道高 台阶",
        "remark": ""
      },
      "type": "Feature"
    },
    {
      "geometry": {
        "coordinates": [
          135.81609,
          34.909294
        ],
        "type": "Point"
      },
      "properties": {
        "bangumi_id": 115908,
        "bangumi_title": "吹响吧！上低音号",
        "ep_cut": 3,
        "image_url": "https://w.junreimap.com/images/points/115908/7i0r2e0h.jpg",
        "location": "",
        "point_id": "7i0r2e0h",
        "point_name": "莵道高 台阶",
        "remark": ""
      },
      "type": "Feature"
    },
    {
      "geometry": {
        "coordinates": [
          135.816049,
          34.909211
        ],
        "type": "Point"
      },
      "properties": {
        "bangumi_id": 115908,
        "bangumi_title": "吹响吧！上低音号",
        "ep_cut": 3,
        "image_url": "https://w.junreimap.com/images/points/115908/7i3q2tz4.jpg",
        "location": "",
        "point_id": "7i3q2tz4",
        "point_name": "莵道高 台阶",
        "remark": ""
      },
      "type": "Feature"
    },
    {
      "geometry": {
        "coordinates": [
          135.816139,
          34.909117
        ],
        "type": "Point"
      },
      "properties": {
        "bangumi_id": 115908,
        "bangumi_title": "吹响吧！上低音号",
        "ep_cut": 12,
        "image_url": "https://w.junreimap.com/images/points/115908/kq1jyr71a_1716606287339.jpg",
        "location": "",
        "point_id": "kq1jyr71a",
        "point_name": "莵道高 台阶",
        "remark": ""
      },
      "type": "Feature"
    },
    {
      "geometry": {
        "coordinates": [
          135.816019,
          34.909117
        ],
        "type": "Point"
      },
      "properties": {
        "bangumi_id": 115908,
        "bangumi_title": "吹响吧！上低音号",
        "ep_cut": 12,
        "image_url": "https://w.junreimap.com/images/points/115908/kq2brafwt_1716607968641.jpg",
        "location": "",
        "point_id": "kq2brafwt",
        "point_name": "莵道高 台阶",
        "remark": ""
      },
      "type": "Feature"
    },
    {
      "geometry": {
        "coordinates": [
          135.816037,
          34.909114
        ],
        "type": "Point"
      },
      "properties": {
        "bangumi_id": 115908,
        "bangumi_title": "吹响吧！上低音号",
        "ep_cut": 12,
        "image_url": "https://w.junreimap.com/images/points/115908/kq2by6wen_1716607991604.jpg",
        "location": "",
        "point_id": "kq2by6wen",
        "point_name": "莵道高 台阶",
        "remark": ""
      },
      "type": "Feature"
    },
    {
      "geometry": {
        "coordinates": [
          135.816053,
          34.909111
        ],
        "type": "Point"
      },
      "properties": {
        "bangumi_id": 115908,
        "bangumi_title": "吹响吧！上低音号",
        "ep_cut": 12,
        "image_url": "https://w.junreimap.com/images/points/115908/kq2c8c8hd_1716608001429.jpg",
        "location": "",
        "point_id": "kq2c8c8hd",
        "point_name": "莵道高 台阶",
        "remark": ""
      },
      "type": "Feature"
    },
    {
      "geometry": {
        "coordinates": [
          135.816063,
          34.909108
        ],
        "type": "Point"
      },
      "properties": {
        "bangumi_id": 115908,
        "bangumi_title": "吹响吧！上低音号",
        "ep_cut": 12,
        "image_url": "https://w.junreimap.com/images/points/115908/kq2cddu45_1716608005299.jpg",
        "location": "",
        "point_id": "kq2cddu45",
        "point_name": "莵道高 台阶",
        "remark": ""
      },
      "type": "Feature"
    },
    {
      "geometry": {
        "coordinates": [
          135.816075,
          34.909105
        ],
        "type": "Point"
      },
      "properties": {
        "bangumi_id": 115908,
        "bangumi_title": "吹响吧！上低音号",
        "ep_cut": 12,
        "image_url": "https://w.junreimap.com/images/points/115908/kq2cg9jro_1716608009712.jpg",
        "location": "",
        "point_id": "kq2cg9jro",
        "point_name": "莵道高 台阶",
        "remark": ""
      },
      "type": "Feature"
    },
    {
      "geometry": {
        "coordinates": [
          135.816085,
          34.909102
        ],
        "type": "Point"
      },
      "properties": {
        "bangumi_id": 115908,
        "bangumi_title": "吹响吧！上低音号",
        "ep_cut": 12,
        "image_url": "https://w.junreimap.com/images/points/115908/kq2cil6ji_1716608013467.jpg",
        "location": "",
        "point_id": "kq2cil6ji",
        "point_name": "莵道高 台阶",
        "remark": ""
      },
      "type": "Feature"
    },
    {
      "geometry": {
        "coordinates": [
          135.816715,
          34.910114
        ],
        "type": "Point"
      },
      "properties": {
        "bangumi_id": 115908,
        "bangumi_title": "吹响吧！上低音号",
        "ep_cut": 12,
        "image_url": "https://w.junreimap.com/images/points/115908/kq1k32k44_1716606294987.jpg",
        "location": "",
        "point_id": "kq1k32k44",
        "point_name": "莵道高 （不确定位置）",
        "remark": ""
      },
      "type": "Feature"
    },
    {
      "geometry": {
        "coordinates": [
          135.81674,
          34.910116
        ],
        "type": "Point"
      },
      "properties": {
        "bangumi_id": 115908,
        "bangumi_title": "吹响吧！上低音号",
        "ep_cut": 12,
        "image_url": "https://w.junreimap.com/images/points/115908/kq1khw54t_1716606319301.jpg",
        "location": "",
        "point_id": "kq1khw54t",
        "point_name": "莵道高 （不确定位置）",
        "remark": ""
      },
      "type": "Feature"
    },
    {
      "geometry": {
        "coordinates": [
          135.817189,
          34.908797
        ],
        "type": "Point"
      },
      "properties": {
        "bangumi_id": 115908,
        "bangumi_title": "吹响吧！上低音号",
        "ep_cut": 3,
        "image_url": "https://w.junreimap.com/images/points/115908/7i403165.jpg",
        "location": "",
        "point_id": "7i403165",
        "point_name": "莵道高 花藤架",
        "remark": ""
      },
      "type": "Feature"
    },
    {
      "geometry": {
        "coordinates": [
          135.817265,
          34.908783
        ],
        "type": "Point"
      },
      "properties": {
        "bangumi_id": 115908,
        "bangumi_title": "吹响吧！上低音号",
        "ep_cut": 3,
        "image_url": "https://w.junreimap.com/images/points/115908/7i76360d.jpg",
        "location": "",
        "point_id": "7i76360d",
        "point_name": "莵道高 花藤架",
        "remark": ""
      },
      "type": "Feature"
    },
    {
      "geometry": {
        "coordinates": [
          135.81725,
          34.908781
        ],
        "type": "Point"
      },
      "properties": {
        "bangumi_id": 115908,
        "bangumi_title": "吹响吧！上低音号",
        "ep_cut": 3,
        "image_url": "https://w.junreimap.com/images/points/115908/7i8k8qk9.jpg",
        "location": "",
        "point_id": "7i8k8qk9",
        "point_name": "莵道高 花藤架",
        "remark": ""
      },
      "type": "Feature"
    },
    {
      "geometry": {
        "coordinates": [
          135.817259,
          34.908818
        ],
        "type": "Point"
      },
      "properties": {
        "bangumi_id": 115908,
        "bangumi_title": "吹响吧！上低音号",
        "ep_cut": 10,
        "image_url": "https://w.junreimap.com/images/points/115908/kq0l5mhws_1716604182329.jpg",
        "location": "",
        "point_id": "kq0l5mhws",
        "point_name": "莵道高 花藤架",
        "remark": ""
      },
      "type": "Feature"
    },
    {
      "geometry": {
        "coordinates": [
          135.817269,
          34.908817
        ],
        "type": "Point"
      },
      "properties": {
        "bangumi_id": 115908,
        "bangumi_title": "吹响吧！上低音号",
        "ep_cut": 10,
        "image_url": "https://w.junreimap.com/images/points/115908/kq0l7lrqt_1716604186543.jpg",
        "location": "",
        "point_id": "kq0l7lrqt",
        "point_name": "莵道高 花藤架",
        "remark": ""
      },
      "type": "Feature"
    },
    {
      "geometry": {
        "coordinates": [
          135.817278,
          34.908813
        ],
        "type": "Point"
      },
      "properties": {
        "bangumi_id": 115908,
        "bangumi_title": "吹响吧！上低音号",
        "ep_cut": 10,
        "image_url": "https://w.junreimap.com/images/points/115908/kq0lafqb3_1716604189724.jpg",
        "location": "",
        "point_id": "kq0lafqb3",
        "point_name": "莵道高 花藤架",
        "remark": ""
      },
      "type": "Feature"
    },
    {
      "geometry": {
        "coordinates": [
          135.817287,
          34.908809
        ],
        "type": "Point"
      },
      "properties": {
        "bangumi_id": 115908,
        "bangumi_title": "吹响吧！上低音号",
        "ep_cut": 10,
        "image_url": "https://w.junreimap.com/images/points/115908/kq0lbymhy_1716604192559.jpg",
        "location": "",
        "point_id": "kq0lbymhy",
        "point_name": "莵道高 花藤架",
        "remark": ""
      },
      "type": "Feature"
    },
    {
      "geometry": {
        "coordinates": [
          135.817282,
          34.90877
        ],
        "type": "Point"
      },
      "properties": {
        "bangumi_id": 115908,
        "bangumi_title": "吹响吧！上低音号",
        "ep_cut": 10,
        "image_url": "https://w.junreimap.com/images/points/115908/kq0lepwgw_1716604196921.jpg",
        "location": "",
        "point_id": "kq0lepwgw",
        "point_name": "莵道高 花藤架",
        "remark": ""
      },
      "type": "Feature"
    },
    {
      "geometry": {
        "coordinates": [
          135.817295,
          34.90877
        ],
        "type": "Point"
      },
      "properties": {
        "bangumi_id": 115908,
        "bangumi_title": "吹响吧！上低音号",
        "ep_cut": 10,
        "image_url": "https://w.junreimap.com/images/points/115908/kq0lix4pk_1716604205805.jpg",
        "location": "",
        "point_id": "kq0lix4pk",
        "point_name": "莵道高 花藤架",
        "remark": ""
      },
      "type": "Feature"
    },
    {
      "geometry": {
        "coordinates": [
          135.817302,
          34.908805
        ],
        "type": "Point"
      },
      "properties": {
        "bangumi_id": 115908,
        "bangumi_title": "吹响吧！上低音号",
        "ep_cut": 10,
        "image_url": "https://w.junreimap.com/images/points/115908/kq0llcj5r_1716604208380.jpg",
        "location": "",
        "point_id": "kq0llcj5r",
        "point_name": "莵道高 花藤架",
        "remark": ""
      },
      "type": "Feature"
    },
    {
      "geometry": {
        "coordinates": [
          135.817313,
          34.908803
        ],
        "type": "Point"
      },
      "properties": {
        "bangumi_id": 115908,
        "bangumi_title": "吹响吧！上低音号",
        "ep_cut": 10,
        "image_url": "https://w.junreimap.com/images/points/115908/kq0ln3ie0_1716604211399.jpg",
        "location": "",
        "point_id": "kq0ln3ie0",
        "point_name": "莵道高 花藤架",
        "remark": ""
      },
      "type": "Feature"
    },
    {
      "geometry": {
        "coordinates": [
          135.817323,
          34.908799
        ],
        "type": "Point"
      },
      "properties": {
        "bangumi_id": 115908,
        "bangumi_title": "吹响吧！上低音号",
        "ep_cut": 10,
        "image_url": "https://w.junreimap.com/images/points/115908/kq0lqzn10_1716604217478.jpg",
        "location": "",
        "point_id": "kq0lqzn10",
        "point_name": "莵道高 花藤架",
        "remark": ""
      },
      "type": "Feature"
    },
    {
      "geometry": {
        "coordinates": [
          135.817332,
          34.908796
        ],
        "type": "Point"
      },
      "properties": {
        "bangumi_id": 115908,
        "bangumi_title": "吹响吧！上低音号",
        "ep_cut": 10,
        "image_url": "https://w.junreimap.com/images/points/115908/kq0lsl6qe_1716604220463.jpg",
        "location": "",
        "point_id": "kq0lsl6qe",
        "point_name": "莵道高 花藤架",
        "remark": ""
      },
      "type": "Feature"
    },
    {
      "geometry": {
        "coordinates": [
          135.816012,
          34.909289
        ],
        "type": "Point"
      },
      "properties": {
        "bangumi_id": 115908,
        "bangumi_title": "吹响吧！上低音号",
        "ep_cut": 2,
        "image_url": "https://w.junreimap.com/images/points/115908/7hbtnehw.jpg",
        "location": "",
        "point_id": "7hbtnehw",
        "point_name": "莵道高 楼梯",
        "remark": ""
      },
      "type": "Feature"
    },
    {
      "geometry": {
        "coordinates": [
          135.816389,
          34.909907
        ],
        "type": "Point"
      },
      "properties": {
        "bangumi_id": 115908,
        "bangumi_title": "吹响吧！上低音号",
        "ep_cut": 2,
        "image_url": "https://w.junreimap.com/images/points/115908/7hccn0f6.jpg",
        "location": "",
        "point_id": "7hccn0f6",
        "point_name": "莵道高 洗手台 特写",
        "remark": ""
      },
      "type": "Feature"
    },
    {
      "geometry": {
        "coordinates": [
          135.816394,
          34.909907
        ],
        "type": "Point"
      },
      "properties": {
        "bangumi_id": 115908,
        "bangumi_title": "吹响吧！上低音号",
        "ep_cut": 12,
        "image_url": "https://w.junreimap.com/images/points/115908/kq1hhbfg9_1716606142900.jpg",
        "location": "",
        "point_id": "kq1hhbfg9",
        "point_name": "莵道高 洗手台 特写",
        "remark": ""
      },
      "type": "Feature"
    },
    {
      "geometry": {
        "coordinates": [
          135.816399,
          34.909907
        ],
        "type": "Point"
      },
      "properties": {
        "bangumi_id": 115908,
        "bangumi_title": "吹响吧！上低音号",
        "ep_cut": 12,
        "image_url": "https://w.junreimap.com/images/points/115908/kq1i0dh6r_1716606171153.jpg",
        "location": "",
        "point_id": "kq1i0dh6r",
        "point_name": "莵道高 洗手台 特写",
        "remark": ""
      },
      "type": "Feature"
    },
    {
      "geometry": {
        "coordinates": [
          135.816381,
          34.909905
        ],
        "type": "Point"
      },
      "properties": {
        "bangumi_id": 115908,
        "bangumi_title": "吹响吧！上低音号",
        "ep_cut": 2,
        "image_url": "https://w.junreimap.com/images/points/115908/7hcpx6v9.jpg",
        "location": "",
        "point_id": "7hcpx6v9",
        "point_name": "莵道高 洗手台",
        "remark": ""
      },
      "type": "Feature"
    },
    {
      "geometry": {
        "coordinates": [
          135.816377,
          34.909914
        ],
        "type": "Point"
      },
      "properties": {
        "bangumi_id": 115908,
        "bangumi_title": "吹响吧！上低音号",
        "ep_cut": 12,
        "image_url": "https://w.junreimap.com/images/points/115908/kq1i5iosu_1716606177156.jpg",
        "location": "",
        "point_id": "kq1i5iosu",
        "point_name": "莵道高 洗手台",
        "remark": ""
      },
      "type": "Feature"
    },
    {
      "geometry": {
        "coordinates": [
          135.816361,
          34.909909
        ],
        "type": "Point"
      },
      "properties": {
        "bangumi_id": 115908,
        "bangumi_title": "吹响吧！上低音号",
        "ep_cut": 6,
        "image_url": "https://w.junreimap.com/images/points/115908/7npx7lne.jpg",
        "location": "",
        "point_id": "7npx7lne",
        "point_name": "莵道高 洗手台",
        "remark": ""
      },
      "type": "Feature"
    },
    {
      "geometry": {
        "coordinates": [
          135.816704,
          34.910031
        ],
        "type": "Point"
      },
      "properties": {
        "bangumi_id": 115908,
        "bangumi_title": "吹响吧！上低音号",
        "ep_cut": 6,
        "image_url": "https://w.junreimap.com/images/points/115908/7nr5owr4.jpg",
        "location": "",
        "point_id": "7nr5owr4",
        "point_name": "莵道高 走廊",
        "remark": ""
      },
      "type": "Feature"
    },
    {
      "geometry": {
        "coordinates": [
          135.816373,
          34.909906
        ],
        "type": "Point"
      },
      "properties": {
        "bangumi_id": 115908,
        "bangumi_title": "吹响吧！上低音号",
        "ep_cut": 2,
        "image_url": "https://w.junreimap.com/images/points/115908/7hcxwqnn.jpg",
        "location": "",
        "point_id": "7hcxwqnn",
        "point_name": "莵道高 洗手台",
        "remark": ""
      },
      "type": "Feature"
    },
    {
      "geometry": {
        "coordinates": [
          135.816007,
          34.909349
        ],
        "type": "Point"
      },
      "properties": {
        "bangumi_id": 115908,
        "bangumi_title": "吹响吧！上低音号",
        "ep_cut": 1,
        "image_url": "https://w.junreimap.com/images/points/115908/7f16cujr.jpg",
        "location": "",
        "point_id": "7f16cujr",
        "point_name": "莵道高 飞鸽雕塑 清晨",
        "remark": ""
      },
      "type": "Feature"
    },
    {
      "geometry": {
        "coordinates": [
          135.816035,
          34.909344
        ],
        "type": "Point"
      },
      "properties": {
        "bangumi_id": 115908,
        "bangumi_title": "吹响吧！上低音号",
        "ep_cut": 3,
        "image_url": "https://w.junreimap.com/images/points/115908/7i50ub7g.jpg",
        "location": "",
        "point_id": "7i50ub7g",
        "point_name": "莵道高 飞鸽雕塑 蓝调",
        "remark": ""
      },
      "type": "Feature"
    },
    {
      "geometry": {
        "coordinates": [
          135.816066,
          34.909371
        ],
        "type": "Point"
      },
      "properties": {
        "bangumi_id": 115908,
        "bangumi_title": "吹响吧！上低音号",
        "ep_cut": 3,
        "image_url": "https://w.junreimap.com/images/points/115908/7i6dcbzu.jpg",
        "location": "",
        "point_id": "7i6dcbzu",
        "point_name": "莵道高 远眺南方",
        "remark": ""
      },
      "type": "Feature"
    },
    {
      "geometry": {
        "coordinates": [
          135.816129,
          34.909423
        ],
        "type": "Point"
      },
      "properties": {
        "bangumi_id": 115908,
        "bangumi_title": "吹响吧！上低音号",
        "ep_cut": 3,
        "image_url": "https://w.junreimap.com/images/points/115908/7i1jum1y.jpg",
        "location": "",
        "point_id": "7i1jum1y",
        "point_name": "莵道高 台阶",
        "remark": ""
      },
      "type": "Feature"
    },
    {
      "geometry": {
        "coordinates": [
          135.816089,
          34.907903
        ],
        "type": "Point"
      },
      "properties": {
        "bangumi_id": 115908,
        "bangumi_title": "吹响吧！上低音号",
        "ep_cut": 3,
        "image_url": "https://w.junreimap.com/images/points/115908/7i33puko.jpg",
        "location": "",
        "point_id": "7i33puko",
        "point_name": "莵道高 网球场",
        "remark": ""
      },
      "type": "Feature"
    },
    {
      "geometry": {
        "coordinates": [
          135.816174,
          34.908431
        ],
        "type": "Point"
      },
      "properties": {
        "bangumi_id": 115908,
        "bangumi_title": "吹响吧！上低音号",
        "ep_cut": 5,
        "image_url": "https://w.junreimap.com/images/points/115908/7j6uhakv.jpg",
        "location": "",
        "point_id": "7j6uhakv",
        "point_name": "莵道高 操场",
        "remark": ""
      },
      "type": "Feature"
    },
    {
      "geometry": {
        "coordinates": [
          135.816484,
          34.908749
        ],
        "type": "Point"
      },
      "properties": {
        "bangumi_id": 115908,
        "bangumi_title": "吹响吧！上低音号",
        "ep_cut": 5,
        "image_url": "https://w.junreimap.com/images/points/115908/7j7qz5r4.jpg",
        "location": "",
        "point_id": "7j7qz5r4",
        "point_name": "莵道高 操场",
        "remark": ""
      },
      "type": "Feature"
    },
    {
      "geometry": {
        "coordinates": [
          135.816585,
          34.908742
        ],
        "type": "Point"
      },
      "properties": {
        "bangumi_id": 115908,
        "bangumi_title": "吹响吧！上低音号",
        "ep_cut": 5,
        "image_url": "https://w.junreimap.com/images/points/115908/7j81z9nv.jpg",
        "location": "",
        "point_id": "7j81z9nv",
        "point_name": "莵道高 操场",
        "remark": ""
      },
      "type": "Feature"
    },
    {
      "geometry": {
        "coordinates": [
          135.816545,
          34.90868
        ],
        "type": "Point"
      },
      "properties": {
        "bangumi_id": 115908,
        "bangumi_title": "吹响吧！上低音号",
        "ep_cut": 5,
        "image_url": "https://w.junreimap.com/images/points/115908/7j8hiy25.jpg",
        "location": "",
        "point_id": "7j8hiy25",
        "point_name": "莵道高 操场",
        "remark": ""
      },
      "type": "Feature"
    },
    {
      "geometry": {
        "coordinates": [
          135.816657,
          34.908671
        ],
        "type": "Point"
      },
      "properties": {
        "bangumi_id": 115908,
        "bangumi_title": "吹响吧！上低音号",
        "ep_cut": 5,
        "image_url": "https://w.junreimap.com/images/points/115908/7j964irj.jpg",
        "location": "",
        "point_id": "7j964irj",
        "point_name": "莵道高 操场",
        "remark": ""
      },
      "type": "Feature"
    },
    {
      "geometry": {
        "coordinates": [
          135.815649,
          34.908889
        ],
        "type": "Point"
      },
      "properties": {
        "bangumi_id": 115908,
        "bangumi_title": "吹响吧！上低音号",
        "ep_cut": 5,
        "image_url": "https://w.junreimap.com/images/points/115908/7j9akckm.jpg",
        "location": "",
        "point_id": "7j9akckm",
        "point_name": "莵道高 校外",
        "remark": ""
      },
      "type": "Feature"
    },
    {
      "geometry": {
        "coordinates": [
          135.815618,
          34.908751
        ],
        "type": "Point"
      },
      "properties": {
        "bangumi_id": 115908,
        "bangumi_title": "吹响吧！上低音号",
        "ep_cut": 5,
        "image_url": "https://w.junreimap.com/images/points/115908/7jpu8960.jpg",
        "location": "",
        "point_id": "7jpu8960",
        "point_name": "莵道高 校外",
        "remark": ""
      },
      "type": "Feature"
    },
    {
      "geometry": {
        "coordinates": [
          135.816898,
          34.908778
        ],
        "type": "Point"
      },
      "properties": {
        "bangumi_id": 115908,
        "bangumi_title": "吹响吧！上低音号",
        "ep_cut": 5,
        "image_url": "https://w.junreimap.com/images/points/115908/7j9raktu.jpg",
        "location": "",
        "point_id": "7j9raktu",
        "point_name": "莵道高 操场 全景",
        "remark": ""
      },
      "type": "Feature"
    },
    {
      "geometry": {
        "coordinates": [
          135.816921,
          34.908646
        ],
        "type": "Point"
      },
      "properties": {
        "bangumi_id": 115908,
        "bangumi_title": "吹响吧！上低音号",
        "ep_cut": 5,
        "image_url": "https://w.junreimap.com/images/points/115908/7ja52vsc.jpg",
        "location": "",
        "point_id": "7ja52vsc",
        "point_name": "莵道高 操场 远眺 黄昏",
        "remark": ""
      },
      "type": "Feature"
    },
    {
      "geometry": {
        "coordinates": [
          135.816219,
          34.908589
        ],
        "type": "Point"
      },
      "properties": {
        "bangumi_id": 115908,
        "bangumi_title": "吹响吧！上低音号",
        "ep_cut": 5,
        "image_url": "https://w.junreimap.com/images/points/115908/7jakoy3p.jpg",
        "location": "",
        "point_id": "7jakoy3p",
        "point_name": "莵道高 操场 远眺 黄昏",
        "remark": ""
      },
      "type": "Feature"
    },
    {
      "geometry": {
        "coordinates": [
          135.815886,
          34.908995
        ],
        "type": "Point"
      },
      "properties": {
        "bangumi_id": 115908,
        "bangumi_title": "吹响吧！上低音号",
        "ep_cut": 5,
        "image_url": "https://w.junreimap.com/images/points/115908/7jb364n5.jpg",
        "location": "",
        "point_id": "7jb364n5",
        "point_name": "莵道高 校门旁 远眺",
        "remark": ""
      },
      "type": "Feature"
    },
    {
      "geometry": {
        "coordinates": [
          135.816249,
          34.908857
        ],
        "type": "Point"
      },
      "properties": {
        "bangumi_id": 115908,
        "bangumi_title": "吹响吧！上低音号",
        "ep_cut": 5,
        "image_url": "https://w.junreimap.com/images/points/115908/7j8moovc.jpg",
        "location": "",
        "point_id": "7j8moovc",
        "point_name": "莵道高 操场",
        "remark": ""
      },
      "type": "Feature"
    },
    {
      "geometry": {
        "coordinates": [
          135.816335,
          34.908859
        ],
        "type": "Point"
      },
      "properties": {
        "bangumi_id": 115908,
        "bangumi_title": "吹响吧！上低音号",
        "ep_cut": 5,
        "image_url": "https://w.junreimap.com/images/points/115908/7j8ww1ju.jpg",
        "location": "",
        "point_id": "7j8ww1ju",
        "point_name": "莵道高 操场",
        "remark": ""
      },
      "type": "Feature"
    },
    {
      "geometry": {
        "coordinates": [
          135.816044,
          34.908815
        ],
        "type": "Point"
      },
      "properties": {
        "bangumi_id": 115908,
        "bangumi_title": "吹响吧！上低音号",
        "ep_cut": 12,
        "image_url": "https://w.junreimap.com/images/points/115908/kq1d7tbsr_1716605884323.jpg",
        "location": "",
        "point_id": "kq1d7tbsr",
        "point_name": "莵道高 操场",
        "remark": ""
      },
      "type": "Feature"
    },
    {
      "geometry": {
        "coordinates": [
          135.816963,
          34.908892
        ],
        "type": "Point"
      },
      "properties": {
        "bangumi_id": 115908,
        "bangumi_title": "吹响吧！上低音号",
        "ep_cut": 12,
        "image_url": "https://w.junreimap.com/images/points/115908/kq1dm4izb_1716605906797.jpg",
        "location": "",
        "point_id": "kq1dm4izb",
        "point_name": "莵道高 去往花藤架的上坡路",
        "remark": ""
      },
      "type": "Feature"
    },
    {
      "geometry": {
        "coordinates": [
          135.816468,
          34.909121
        ],
        "type": "Point"
      },
      "properties": {
        "bangumi_id": 115908,
        "bangumi_title": "吹响吧！上低音号",
        "ep_cut": "",
        "image_url": "https://w.junreimap.com/images/points/115908/kq23ikhkh_1716607475075.jpg",
        "location": "",
        "point_id": "kq23ikhkh",
        "point_name": "莵道高 教学楼入口处",
        "remark": ""
      },
      "type": "Feature"
    },
    {
      "geometry": {
        "coordinates": [
          135.81646,
          34.90912
        ],
        "type": "Point"
      },
      "properties": {
        "bangumi_id": 115908,
        "bangumi_title": "吹响吧！上低音号",
        "ep_cut": 12,
        "image_url": "https://w.junreimap.com/images/points/115908/kq2co5wd9_1716608022743.jpg",
        "location": "",
        "point_id": "kq2co5wd9",
        "point_name": "莵道高 教学楼入口处",
        "remark": ""
      },
      "type": "Feature"
    },
    {
      "geometry": {
        "coordinates": [
          135.816286,
          34.909938
        ],
        "type": "Point"
      },
      "properties": {
        "bangumi_id": 115908,
        "bangumi_title": "吹响吧！上低音号",
        "ep_cut": 1,
        "image_url": "https://w.junreimap.com/images/points/115908/7f4sqmkn.jpg",
        "location": "",
        "point_id": "7f4sqmkn",
        "point_name": "莵道高",
        "remark": ""
      },
      "type": "Feature"
    },
    {
      "geometry": {
        "coordinates": [
          135.816175,
          34.909905
        ],
        "type": "Point"
      },
      "properties": {
        "bangumi_id": 115908,
        "bangumi_title": "吹响吧！上低音号",
        "ep_cut": 1,
        "image_url": "https://w.junreimap.com/images/points/115908/7f5art0x.jpg",
        "location": "",
        "point_id": "7f5art0x",
        "point_name": "莵道高",
        "remark": ""
      },
      "type": "Feature"
    },
    {
      "geometry": {
        "coordinates": [
          135.816352,
          34.909864
        ],
        "type": "Point"
      },
      "properties": {
        "bangumi_id": 115908,
        "bangumi_title": "吹响吧！上低音号",
        "ep_cut": 1,
        "image_url": "https://w.junreimap.com/images/points/115908/7f5orbpo.jpg",
        "location": "",
        "point_id": "7f5orbpo",
        "point_name": "莵道高",
        "remark": ""
      },
      "type": "Feature"
    },
    {
      "geometry": {
        "coordinates": [
          135.81663,
          34.910188
        ],
        "type": "Point"
      },
      "properties": {
        "bangumi_id": 115908,
        "bangumi_title": "吹响吧！上低音号",
        "ep_cut": 1,
        "image_url": "https://w.junreimap.com/images/points/115908/7f64bx84.jpg",
        "location": "",
        "point_id": "7f64bx84",
        "point_name": "莵道高 远眺高速路 无人机视角",
        "remark": ""
      },
      "type": "Feature"
    },
    {
      "geometry": {
        "coordinates": [
          135.816573,
          34.90964
        ],
        "type": "Point"
      },
      "properties": {
        "bangumi_id": 115908,
        "bangumi_title": "吹响吧！上低音号",
        "ep_cut": 1,
        "image_url": "https://w.junreimap.com/images/points/115908/7f8pdbfl.jpg",
        "location": "",
        "point_id": "7f8pdbfl",
        "point_name": "莵道高 洗手间",
        "remark": ""
      },
      "type": "Feature"
    },
    {
      "geometry": {
        "coordinates": [
          135.816485,
          34.909938
        ],
        "type": "Point"
      },
      "properties": {
        "bangumi_id": 115908,
        "bangumi_title": "吹响吧！上低音号",
        "ep_cut": 1,
        "image_url": "https://w.junreimap.com/images/points/115908/7fkyq9xx.jpg",
        "location": "",
        "point_id": "7fkyq9xx",
        "point_name": "莵道高 小号练习教室",
        "remark": ""
      },
      "type": "Feature"
    },
    {
      "geometry": {
        "coordinates": [
          135.815814,
          34.909506
        ],
        "type": "Point"
      },
      "properties": {
        "bangumi_id": 115908,
        "bangumi_title": "吹响吧！上低音号",
        "ep_cut": 1,
        "image_url": "https://w.junreimap.com/images/points/115908/7floa5xe.jpg",
        "location": "",
        "point_id": "7floa5xe",
        "point_name": "莵道高 低音练习教室",
        "remark": ""
      },
      "type": "Feature"
    },
    {
      "geometry": {
        "coordinates": [
          135.815796,
          34.909505
        ],
        "type": "Point"
      },
      "properties": {
        "bangumi_id": 115908,
        "bangumi_title": "吹响吧！上低音号",
        "ep_cut": 12,
        "image_url": "https://w.junreimap.com/images/points/115908/kq1imz8gd_1716606206759.jpg",
        "location": "",
        "point_id": "kq1imz8gd",
        "point_name": "莵道高 低音练习教室",
        "remark": ""
      },
      "type": "Feature"
    },
    {
      "geometry": {
        "coordinates": [
          135.815787,
          34.909504
        ],
        "type": "Point"
      },
      "properties": {
        "bangumi_id": 115908,
        "bangumi_title": "吹响吧！上低音号",
        "ep_cut": 12,
        "image_url": "https://w.junreimap.com/images/points/115908/kq1iup2kj_1716606220593.jpg",
        "location": "",
        "point_id": "kq1iup2kj",
        "point_name": "莵道高 低音练习教室",
        "remark": ""
      },
      "type": "Feature"
    },
    {
      "geometry": {
        "coordinates": [
          135.816518,
          34.90994
        ],
        "type": "Point"
      },
      "properties": {
        "bangumi_id": 115908,
        "bangumi_title": "吹响吧！上低音号",
        "ep_cut": 1,
        "image_url": "https://w.junreimap.com/images/points/115908/7flb4yu3.jpg",
        "location": "",
        "point_id": "7flb4yu3",
        "point_name": "莵道高 长号练习教室",
        "remark": ""
      },
      "type": "Feature"
    },
    {
      "geometry": {
        "coordinates": [
          135.816618,
          34.909942
        ],
        "type": "Point"
      },
      "properties": {
        "bangumi_id": 115908,
        "bangumi_title": "吹响吧！上低音号",
        "ep_cut": 1,
        "image_url": "https://w.junreimap.com/images/points/115908/7fm1cuv8.jpg",
        "location": "",
        "point_id": "7fm1cuv8",
        "point_name": "莵道高 双簧管练习教室",
        "remark": ""
      },
      "type": "Feature"
    },
    {
      "geometry": {
        "coordinates": [
          135.816797,
          34.909855
        ],
        "type": "Point"
      },
      "properties": {
        "bangumi_id": 115908,
        "bangumi_title": "吹响吧！上低音号",
        "ep_cut": 3,
        "image_url": "https://w.junreimap.com/images/points/115908/7heyc82a.jpg",
        "location": "",
        "point_id": "7heyc82a",
        "point_name": "莵道高 楼角",
        "remark": ""
      },
      "type": "Feature"
    },
    {
      "geometry": {
        "coordinates": [
          135.816818,
          34.909845
        ],
        "type": "Point"
      },
      "properties": {
        "bangumi_id": 115908,
        "bangumi_title": "吹响吧！上低音号",
        "ep_cut": 7,
        "image_url": "https://w.junreimap.com/images/points/115908/7o3oxgus.jpg",
        "location": "",
        "point_id": "7o3oxgus",
        "point_name": "莵道高 楼角",
        "remark": ""
      },
      "type": "Feature"
    },
    {
      "geometry": {
        "coordinates": [
          135.816807,
          34.909867
        ],
        "type": "Point"
      },
      "properties": {
        "bangumi_id": 115908,
        "bangumi_title": "吹响吧！上低音号",
        "ep_cut": 7,
        "image_url": "https://w.junreimap.com/images/points/115908/7ovo78qe.jpg",
        "location": "",
        "point_id": "7ovo78qe",
        "point_name": "莵道高 楼角",
        "remark": ""
      },
      "type": "Feature"
    },
    {
      "geometry": {
        "coordinates": [
          135.816766,
          34.909887
        ],
        "type": "Point"
      },
      "properties": {
        "bangumi_id": 115908,
        "bangumi_title": "吹响吧！上低音号",
        "ep_cut": 7,
        "image_url": "https://w.junreimap.com/images/points/115908/7o53gxn4.jpg",
        "location": "",
        "point_id": "7o53gxn4",
        "point_name": "莵道高 楼角",
        "remark": ""
      },
      "type": "Feature"
    },
    {
      "geometry": {
        "coordinates": [
          135.816819,
          34.909741
        ],
        "type": "Point"
      },
      "properties": {
        "bangumi_id": 115908,
        "bangumi_title": "吹响吧！上低音号",
        "ep_cut": 7,
        "image_url": "https://w.junreimap.com/images/points/115908/7oen6hn4.jpg",
        "location": "",
        "point_id": "7oen6hn4",
        "point_name": "莵道高 楼角 雨",
        "remark": ""
      },
      "type": "Feature"
    },
    {
      "geometry": {
        "coordinates": [
          135.816795,
          34.909752
        ],
        "type": "Point"
      },
      "properties": {
        "bangumi_id": 115908,
        "bangumi_title": "吹响吧！上低音号",
        "ep_cut": 7,
        "image_url": "https://w.junreimap.com/images/points/115908/7oth2wb8.jpg",
        "location": "",
        "point_id": "7oth2wb8",
        "point_name": "莵道高 楼角 清晨",
        "remark": ""
      },
      "type": "Feature"
    },
    {
      "geometry": {
        "coordinates": [
          135.81676,
          34.909834
        ],
        "type": "Point"
      },
      "properties": {
        "bangumi_id": 115908,
        "bangumi_title": "吹响吧！上低音号",
        "ep_cut": 7,
        "image_url": "https://w.junreimap.com/images/points/115908/7o47637e.jpg",
        "location": "",
        "point_id": "7o47637e",
        "point_name": "莵道高 (不确定)",
        "remark": ""
      },
      "type": "Feature"
    },
    {
      "geometry": {
        "coordinates": [
          135.816659,
          34.90994
        ],
        "type": "Point"
      },
      "properties": {
        "bangumi_id": 115908,
        "bangumi_title": "吹响吧！上低音号",
        "ep_cut": 7,
        "image_url": "https://w.junreimap.com/images/points/115908/7o4fzer7.jpg",
        "location": "",
        "point_id": "7o4fzer7",
        "point_name": "莵道高 音乐室门口洗手台",
        "remark": ""
      },
      "type": "Feature"
    },
    {
      "geometry": {
        "coordinates": [
          135.816662,
          34.909934
        ],
        "type": "Point"
      },
      "properties": {
        "bangumi_id": 115908,
        "bangumi_title": "吹响吧！上低音号",
        "ep_cut": 7,
        "image_url": "https://w.junreimap.com/images/points/115908/7o5lko65.jpg",
        "location": "",
        "point_id": "7o5lko65",
        "point_name": "莵道高 音乐室门口洗手台",
        "remark": ""
      },
      "type": "Feature"
    },
    {
      "geometry": {
        "coordinates": [
          135.816457,
          34.909605
        ],
        "type": "Point"
      },
      "properties": {
        "bangumi_id": 115908,
        "bangumi_title": "吹响吧！上低音号",
        "ep_cut": 1,
        "image_url": "https://w.junreimap.com/images/points/115908/7f8jmztt.jpg",
        "location": "",
        "point_id": "7f8jmztt",
        "point_name": "莵道高 1-3",
        "remark": ""
      },
      "type": "Feature"
    },
    {
      "geometry": {
        "coordinates": [
          135.816486,
          34.90961
        ],
        "type": "Point"
      },
      "properties": {
        "bangumi_id": 115908,
        "bangumi_title": "吹响吧！上低音号",
        "ep_cut": 1,
        "image_url": "https://w.junreimap.com/images/points/115908/7fap6ym8.jpg",
        "location": "",
        "point_id": "7fap6ym8",
        "point_name": "莵道高 1-3 久美子座位",
        "remark": ""
      },
      "type": "Feature"
    },
    {
      "geometry": {
        "coordinates": [
          135.816478,
          34.909602
        ],
        "type": "Point"
      },
      "properties": {
        "bangumi_id": 115908,
        "bangumi_title": "吹响吧！上低音号",
        "ep_cut": 1,
        "image_url": "https://w.junreimap.com/images/points/115908/7fax4a3g.jpg",
        "location": "",
        "point_id": "7fax4a3g",
        "point_name": "莵道高 1-3 久美子座位",
        "remark": ""
      },
      "type": "Feature"
    },
    {
      "geometry": {
        "coordinates": [
          135.816476,
          34.90961
        ],
        "type": "Point"
      },
      "properties": {
        "bangumi_id": 115908,
        "bangumi_title": "吹响吧！上低音号",
        "ep_cut": 1,
        "image_url": "https://w.junreimap.com/images/points/115908/7fbbl0e3.jpg",
        "location": "",
        "point_id": "7fbbl0e3",
        "point_name": "莵道高 1-3 久美子座位",
        "remark": ""
      },
      "type": "Feature"
    },
    {
      "geometry": {
        "coordinates": [
          135.816446,
          34.909606
        ],
        "type": "Point"
      },
      "properties": {
        "bangumi_id": 115908,
        "bangumi_title": "吹响吧！上低音号",
        "ep_cut": 1,
        "image_url": "https://w.junreimap.com/images/points/115908/7fbvxi1i.jpg",
        "location": "",
        "point_id": "7fbvxi1i",
        "point_name": "莵道高 1-3 走廊",
        "remark": ""
      },
      "type": "Feature"
    },
    {
      "geometry": {
        "coordinates": [
          135.816444,
          34.9096
        ],
        "type": "Point"
      },
      "properties": {
        "bangumi_id": 115908,
        "bangumi_title": "吹响吧！上低音号",
        "ep_cut": 1,
        "image_url": "https://w.junreimap.com/images/points/115908/7fccdc17.jpg",
        "location": "",
        "point_id": "7fccdc17",
        "point_name": "莵道高 1-3 走廊",
        "remark": ""
      },
      "type": "Feature"
    },
    {
      "geometry": {
        "coordinates": [
          135.816454,
          34.909613
        ],
        "type": "Point"
      },
      "properties": {
        "bangumi_id": 115908,
        "bangumi_title": "吹响吧！上低音号",
        "ep_cut": 1,
        "image_url": "https://w.junreimap.com/images/points/115908/7fcn3pvd.jpg",
        "location": "",
        "point_id": "7fcn3pvd",
        "point_name": "莵道高 1-3 走廊",
        "remark": ""
      },
      "type": "Feature"
    },
    {
      "geometry": {
        "coordinates": [
          135.816656,
          34.909717
        ],
        "type": "Point"
      },
      "properties": {
        "bangumi_id": 115908,
        "bangumi_title": "吹响吧！上低音号",
        "ep_cut": 2,
        "image_url": "https://w.junreimap.com/images/points/115908/7glezyf7.jpg",
        "location": "",
        "point_id": "7glezyf7",
        "point_name": "莵道高 连接桥 全景 清晨",
        "remark": ""
      },
      "type": "Feature"
    },
    {
      "geometry": {
        "coordinates": [
          135.81643,
          34.909916
        ],
        "type": "Point"
      },
      "properties": {
        "bangumi_id": 115908,
        "bangumi_title": "吹响吧！上低音号",
        "ep_cut": 2,
        "image_url": "https://w.junreimap.com/images/points/115908/7gnotepy.jpg",
        "location": "",
        "point_id": "7gnotepy",
        "point_name": "莵道高 走廊",
        "remark": ""
      },
      "type": "Feature"
    },
    {
      "geometry": {
        "coordinates": [
          135.816716,
          34.909928
        ],
        "type": "Point"
      },
      "properties": {
        "bangumi_id": 115908,
        "bangumi_title": "吹响吧！上低音号",
        "ep_cut": 1,
        "image_url": "https://w.junreimap.com/images/points/115908/7fd2iokr.jpg",
        "location": "",
        "point_id": "7fd2iokr",
        "point_name": "莵道高 音乐室",
        "remark": ""
      },
      "type": "Feature"
    },
    {
      "geometry": {
        "coordinates": [
          135.816678,
          34.909921
        ],
        "type": "Point"
      },
      "properties": {
        "bangumi_id": 115908,
        "bangumi_title": "吹响吧！上低音号",
        "ep_cut": 4,
        "image_url": "https://w.junreimap.com/images/points/115908/7iiytk5x.jpg",
        "location": "",
        "point_id": "7iiytk5x",
        "point_name": "莵道高 音乐室",
        "remark": ""
      },
      "type": "Feature"
    },
    {
      "geometry": {
        "coordinates": [
          135.816658,
          34.909921
        ],
        "type": "Point"
      },
      "properties": {
        "bangumi_id": 115908,
        "bangumi_title": "吹响吧！上低音号",
        "ep_cut": 12,
        "image_url": "https://w.junreimap.com/images/points/115908/kq1hsuvhn_1716606156451.jpg",
        "location": "",
        "point_id": "kq1hsuvhn",
        "point_name": "莵道高 音乐室",
        "remark": "位置不确定"
      },
      "type": "Feature"
    },
    {
      "geometry": {
        "coordinates": [
          135.816678,
          34.909924
        ],
        "type": "Point"
      },
      "properties": {
        "bangumi_id": 115908,
        "bangumi_title": "吹响吧！上低音号",
        "ep_cut": 4,
        "image_url": "https://w.junreimap.com/images/points/115908/7j1euc9d.jpg",
        "location": "",
        "point_id": "7j1euc9d",
        "point_name": "莵道高 音乐室",
        "remark": ""
      },
      "type": "Feature"
    },
    {
      "geometry": {
        "coordinates": [
          135.816729,
          34.909931
        ],
        "type": "Point"
      },
      "properties": {
        "bangumi_id": 115908,
        "bangumi_title": "吹响吧！上低音号",
        "ep_cut": 1,
        "image_url": "https://w.junreimap.com/images/points/115908/7feosmtb.jpg",
        "location": "",
        "point_id": "7feosmtb",
        "point_name": "莵道高 音乐室",
        "remark": ""
      },
      "type": "Feature"
    },
    {
      "geometry": {
        "coordinates": [
          135.816431,
          34.909774
        ],
        "type": "Point"
      },
      "properties": {
        "bangumi_id": 115908,
        "bangumi_title": "吹响吧！上低音号",
        "ep_cut": 2,
        "image_url": "https://w.junreimap.com/images/points/115908/7gmdbb11.jpg",
        "location": "",
        "point_id": "7gmdbb11",
        "point_name": "莵道高 洗手台",
        "remark": ""
      },
      "type": "Feature"
    },
    {
      "geometry": {
        "coordinates": [
          135.816726,
          34.909931
        ],
        "type": "Point"
      },
      "properties": {
        "bangumi_id": 115908,
        "bangumi_title": "吹响吧！上低音号",
        "ep_cut": 1,
        "image_url": "https://w.junreimap.com/images/points/115908/7feuflxx.jpg",
        "location": "",
        "point_id": "7feuflxx",
        "point_name": "莵道高 音乐室",
        "remark": ""
      },
      "type": "Feature"
    },
    {
      "geometry": {
        "coordinates": [
          135.816724,
          34.909932
        ],
        "type": "Point"
      },
      "properties": {
        "bangumi_id": 115908,
        "bangumi_title": "吹响吧！上低音号",
        "ep_cut": 2,
        "image_url": "https://w.junreimap.com/images/points/115908/7gpi5x3w.jpg",
        "location": "",
        "point_id": "7gpi5x3w",
        "point_name": "莵道高 音乐室",
        "remark": ""
      },
      "type": "Feature"
    },
    {
      "geometry": {
        "coordinates": [
          135.816734,
          34.909931
        ],
        "type": "Point"
      },
      "properties": {
        "bangumi_id": 115908,
        "bangumi_title": "吹响吧！上低音号",
        "ep_cut": 2,
        "image_url": "https://w.junreimap.com/images/points/115908/7gpofmae.jpg",
        "location": "",
        "point_id": "7gpofmae",
        "point_name": "莵道高 音乐室",
        "remark": ""
      },
      "type": "Feature"
    },
    {
      "geometry": {
        "coordinates": [
          135.816731,
          34.90993
        ],
        "type": "Point"
      },
      "properties": {
        "bangumi_id": 115908,
        "bangumi_title": "吹响吧！上低音号",
        "ep_cut": 2,
        "image_url": "https://w.junreimap.com/images/points/115908/7gq0s1qd.jpg",
        "location": "",
        "point_id": "7gq0s1qd",
        "point_name": "莵道高 音乐室",
        "remark": ""
      },
      "type": "Feature"
    },
    {
      "geometry": {
        "coordinates": [
          135.81672,
          34.90981
        ],
        "type": "Point"
      },
      "properties": {
        "bangumi_id": 115908,
        "bangumi_title": "吹响吧！上低音号",
        "ep_cut": "",
        "image_url": "https://w.junreimap.com/images/points/115908/kq272rarh_1716607684475.jpg",
        "location": "",
        "point_id": "kq272rarh",
        "point_name": "莵道高 音乐室 外景",
        "remark": ""
      },
      "type": "Feature"
    },
    {
      "geometry": {
        "coordinates": [
          135.816677,
          34.910068
        ],
        "type": "Point"
      },
      "properties": {
        "bangumi_id": 115908,
        "bangumi_title": "吹响吧！上低音号",
        "ep_cut": "",
        "image_url": "https://w.junreimap.com/images/points/115908/kq27uuph4_1716607731861.jpg",
        "location": "",
        "point_id": "kq27uuph4",
        "point_name": "莵道高 垃圾处理厂上空",
        "remark": ""
      },
      "type": "Feature"
    },
    {
      "geometry": {
        "coordinates": [
          135.81657,
          34.909815
        ],
        "type": "Point"
      },
      "properties": {
        "bangumi_id": 115908,
        "bangumi_title": "吹响吧！上低音号",
        "ep_cut": 2,
        "image_url": "https://w.junreimap.com/images/points/115908/7gmvruqk.jpg",
        "location": "",
        "point_id": "7gmvruqk",
        "point_name": "莵道高 连接桥",
        "remark": ""
      },
      "type": "Feature"
    },
    {
      "geometry": {
        "coordinates": [
          135.816368,
          34.909849
        ],
        "type": "Point"
      },
      "properties": {
        "bangumi_id": 115908,
        "bangumi_title": "吹响吧！上低音号",
        "ep_cut": 2,
        "image_url": "https://w.junreimap.com/images/points/115908/7gnbz7cg.jpg",
        "location": "",
        "point_id": "7gnbz7cg",
        "point_name": "莵道高 连接桥",
        "remark": ""
      },
      "type": "Feature"
    },
    {
      "geometry": {
        "coordinates": [
          135.816339,
          34.909852
        ],
        "type": "Point"
      },
      "properties": {
        "bangumi_id": 115908,
        "bangumi_title": "吹响吧！上低音号",
        "ep_cut": 3,
        "image_url": "https://w.junreimap.com/images/points/115908/7hfl3k7k.jpg",
        "location": "",
        "point_id": "7hfl3k7k",
        "point_name": "莵道高 连接桥",
        "remark": ""
      },
      "type": "Feature"
    },
    {
      "geometry": {
        "coordinates": [
          135.816576,
          34.909737
        ],
        "type": "Point"
      },
      "properties": {
        "bangumi_id": 115908,
        "bangumi_title": "吹响吧！上低音号",
        "ep_cut": 3,
        "image_url": "https://w.junreimap.com/images/points/115908/7honsfj7.jpg",
        "location": "",
        "point_id": "7honsfj7",
        "point_name": "莵道高 连接桥",
        "remark": ""
      },
      "type": "Feature"
    },
    {
      "geometry": {
        "coordinates": [
          135.816369,
          34.909831
        ],
        "type": "Point"
      },
      "properties": {
        "bangumi_id": 115908,
        "bangumi_title": "吹响吧！上低音号",
        "ep_cut": 4,
        "image_url": "https://w.junreimap.com/images/points/115908/7iidrhdf.jpg",
        "location": "",
        "point_id": "7iidrhdf",
        "point_name": "莵道高 连接桥",
        "remark": ""
      },
      "type": "Feature"
    },
    {
      "geometry": {
        "coordinates": [
          135.816361,
          34.909821
        ],
        "type": "Point"
      },
      "properties": {
        "bangumi_id": 115908,
        "bangumi_title": "吹响吧！上低音号",
        "ep_cut": 11,
        "image_url": "https://w.junreimap.com/images/points/115908/kq0r6uoa0_1716604548221.jpg",
        "location": "",
        "point_id": "kq0r6uoa0",
        "point_name": "莵道高 连接桥",
        "remark": ""
      },
      "type": "Feature"
    },
    {
      "geometry": {
        "coordinates": [
          135.816352,
          34.909811
        ],
        "type": "Point"
      },
      "properties": {
        "bangumi_id": 115908,
        "bangumi_title": "吹响吧！上低音号",
        "ep_cut": 11,
        "image_url": "https://w.junreimap.com/images/points/115908/kq0raxmi8_1716604553958.jpg",
        "location": "",
        "point_id": "kq0raxmi8",
        "point_name": "莵道高 连接桥",
        "remark": ""
      },
      "type": "Feature"
    },
    {
      "geometry": {
        "coordinates": [
          135.816358,
          34.909777
        ],
        "type": "Point"
      },
      "properties": {
        "bangumi_id": 115908,
        "bangumi_title": "吹响吧！上低音号",
        "ep_cut": 6,
        "image_url": "https://w.junreimap.com/images/points/115908/7nowcne1.jpg",
        "location": "",
        "point_id": "7nowcne1",
        "point_name": "莵道高 连接桥",
        "remark": ""
      },
      "type": "Feature"
    },
    {
      "geometry": {
        "coordinates": [
          135.816435,
          34.909848
        ],
        "type": "Point"
      },
      "properties": {
        "bangumi_id": 115908,
        "bangumi_title": "吹响吧！上低音号",
        "ep_cut": 6,
        "image_url": "https://w.junreimap.com/images/points/115908/7np8sros.jpg",
        "location": "",
        "point_id": "7np8sros",
        "point_name": "莵道高 连接桥",
        "remark": ""
      },
      "type": "Feature"
    },
    {
      "geometry": {
        "coordinates": [
          135.816217,
          34.909795
        ],
        "type": "Point"
      },
      "properties": {
        "bangumi_id": 115908,
        "bangumi_title": "吹响吧！上低音号",
        "ep_cut": 6,
        "image_url": "https://w.junreimap.com/images/points/115908/7npfyqxv.jpg",
        "location": "",
        "point_id": "7npfyqxv",
        "point_name": "莵道高 连接桥",
        "remark": ""
      },
      "type": "Feature"
    },
    {
      "geometry": {
        "coordinates": [
          135.816373,
          34.909789
        ],
        "type": "Point"
      },
      "properties": {
        "bangumi_id": 115908,
        "bangumi_title": "吹响吧！上低音号",
        "ep_cut": 6,
        "image_url": "https://w.junreimap.com/images/points/115908/7npoaz04.jpg",
        "location": "",
        "point_id": "7npoaz04",
        "point_name": "莵道高 连接桥",
        "remark": ""
      },
      "type": "Feature"
    },
    {
      "geometry": {
        "coordinates": [
          135.816016,
          34.909878
        ],
        "type": "Point"
      },
      "properties": {
        "bangumi_id": 115908,
        "bangumi_title": "吹响吧！上低音号",
        "ep_cut": 3,
        "image_url": "https://w.junreimap.com/images/points/115908/7hptln4p.jpg",
        "location": "",
        "point_id": "7hptln4p",
        "point_name": "莵道高 3-3 远眺 视点",
        "remark": ""
      },
      "type": "Feature"
    },
    {
      "geometry": {
        "coordinates": [
          135.816091,
          34.90989
        ],
        "type": "Point"
      },
      "properties": {
        "bangumi_id": 115908,
        "bangumi_title": "吹响吧！上低音号",
        "ep_cut": 3,
        "image_url": "https://w.junreimap.com/images/points/115908/7hqknzac.jpg",
        "location": "",
        "point_id": "7hqknzac",
        "point_name": "莵道高 走廊",
        "remark": ""
      },
      "type": "Feature"
    },
    {
      "geometry": {
        "coordinates": [
          135.816333,
          34.909911
        ],
        "type": "Point"
      },
      "properties": {
        "bangumi_id": 115908,
        "bangumi_title": "吹响吧！上低音号",
        "ep_cut": 6,
        "image_url": "https://w.junreimap.com/images/points/115908/7no6hu0v.jpg",
        "location": "",
        "point_id": "7no6hu0v",
        "point_name": "莵道高 走廊",
        "remark": "位置不确定"
      },
      "type": "Feature"
    },
    {
      "geometry": {
        "coordinates": [
          135.81635,
          34.909926
        ],
        "type": "Point"
      },
      "properties": {
        "bangumi_id": 115908,
        "bangumi_title": "吹响吧！上低音号",
        "ep_cut": 6,
        "image_url": "https://w.junreimap.com/images/points/115908/7noioiie.jpg",
        "location": "",
        "point_id": "7noioiie",
        "point_name": "莵道高 走廊",
        "remark": ""
      },
      "type": "Feature"
    },
    {
      "geometry": {
        "coordinates": [
          135.815963,
          34.909903
        ],
        "type": "Point"
      },
      "properties": {
        "bangumi_id": 115908,
        "bangumi_title": "吹响吧！上低音号",
        "ep_cut": 3,
        "image_url": "https://w.junreimap.com/images/points/115908/7hfv718p.jpg",
        "location": "",
        "point_id": "7hfv718p",
        "point_name": "莵道高 3-3",
        "remark": ""
      },
      "type": "Feature"
    },
    {
      "geometry": {
        "coordinates": [
          135.815797,
          34.909497
        ],
        "type": "Point"
      },
      "properties": {
        "bangumi_id": 115908,
        "bangumi_title": "吹响吧！上低音号",
        "ep_cut": 4,
        "image_url": "https://w.junreimap.com/images/points/115908/7j08t4eg.jpg",
        "location": "",
        "point_id": "7j08t4eg",
        "point_name": "莵道高 3-3",
        "remark": ""
      },
      "type": "Feature"
    },
    {
      "geometry": {
        "coordinates": [
          135.815799,
          34.90949
        ],
        "type": "Point"
      },
      "properties": {
        "bangumi_id": 115908,
        "bangumi_title": "吹响吧！上低音号",
        "ep_cut": 12,
        "image_url": "https://w.junreimap.com/images/points/115908/kq2fc76q5_1716608183882.jpg",
        "location": "",
        "point_id": "kq2fc76q5",
        "point_name": "莵道高 3-3",
        "remark": ""
      },
      "type": "Feature"
    },
    {
      "geometry": {
        "coordinates": [
          135.815779,
          34.909476
        ],
        "type": "Point"
      },
      "properties": {
        "bangumi_id": 115908,
        "bangumi_title": "吹响吧！上低音号",
        "ep_cut": 12,
        "image_url": "https://w.junreimap.com/images/points/115908/kq2fkqu4p_1716608197940.jpg",
        "location": "",
        "point_id": "kq2fkqu4p",
        "point_name": "莵道高 3-3",
        "remark": ""
      },
      "type": "Feature"
    },
    {
      "geometry": {
        "coordinates": [
          135.815866,
          34.909583
        ],
        "type": "Point"
      },
      "properties": {
        "bangumi_id": 115908,
        "bangumi_title": "吹响吧！上低音号",
        "ep_cut": 6,
        "image_url": "https://w.junreimap.com/images/points/115908/7nslpz43.jpg",
        "location": "",
        "point_id": "7nslpz43",
        "point_name": "莵道高 3-3 黄昏",
        "remark": ""
      },
      "type": "Feature"
    },
    {
      "geometry": {
        "coordinates": [
          135.816479,
          34.910336
        ],
        "type": "Point"
      },
      "properties": {
        "bangumi_id": 115908,
        "bangumi_title": "吹响吧！上低音号",
        "ep_cut": 12,
        "image_url": "https://w.junreimap.com/images/points/115908/kq2g913lv_1716608251462.jpg",
        "location": "",
        "point_id": "kq2g913lv",
        "point_name": "莵道高 乐器仓库（不确定）",
        "remark": ""
      },
      "type": "Feature"
    },
    {
      "geometry": {
        "coordinates": [
          135.816488,
          34.910336
        ],
        "type": "Point"
      },
      "properties": {
        "bangumi_id": 115908,
        "bangumi_title": "吹响吧！上低音号",
        "ep_cut": 12,
        "image_url": "https://w.junreimap.com/images/points/115908/kq2gj8c58_1716608256548.jpg",
        "location": "",
        "point_id": "kq2gj8c58",
        "point_name": "莵道高 乐器仓库（不确定）",
        "remark": ""
      },
      "type": "Feature"
    },
    {
      "geometry": {
        "coordinates": [
          135.816467,
          34.910283
        ],
        "type": "Point"
      },
      "properties": {
        "bangumi_id": 115908,
        "bangumi_title": "吹响吧！上低音号",
        "ep_cut": 12,
        "image_url": "https://w.junreimap.com/images/points/115908/kq2qrnplg_1716608875105.jpg",
        "location": "",
        "point_id": "kq2qrnplg",
        "point_name": "莵道高 办公室（不确定）",
        "remark": ""
      },
      "type": "Feature"
    },
    {
      "geometry": {
        "coordinates": [
          135.816473,
          34.910282
        ],
        "type": "Point"
      },
      "properties": {
        "bangumi_id": 115908,
        "bangumi_title": "吹响吧！上低音号",
        "ep_cut": 12,
        "image_url": "https://w.junreimap.com/images/points/115908/kq2r0w59o_1716608891505.jpg",
        "location": "",
        "point_id": "kq2r0w59o",
        "point_name": "莵道高 办公室（不确定）",
        "remark": ""
      },
      "type": "Feature"
    },
    {
      "geometry": {
        "coordinates": [
          135.816469,
          34.910257
        ],
        "type": "Point"
      },
      "properties": {
        "bangumi_id": 115908,
        "bangumi_title": "吹响吧！上低音号",
        "ep_cut": 12,
        "image_url": "https://w.junreimap.com/images/points/115908/kq2r7bz4p_1716608908584.jpg",
        "location": "",
        "point_id": "kq2r7bz4p",
        "point_name": "莵道高 走廊（不确定）",
        "remark": ""
      },
      "type": "Feature"
    },
    {
      "geometry": {
        "coordinates": [
          135.816476,
          34.910257
        ],
        "type": "Point"
      },
      "properties": {
        "bangumi_id": 115908,
        "bangumi_title": "吹响吧！上低音号",
        "ep_cut": 12,
        "image_url": "https://w.junreimap.com/images/points/115908/kq2revf8i_1716608914168.jpg",
        "location": "",
        "point_id": "kq2revf8i",
        "point_name": "莵道高 走廊（不确定）",
        "remark": ""
      },
      "type": "Feature"
    },
    {
      "geometry": {
        "coordinates": [
          135.816484,
          34.910257
        ],
        "type": "Point"
      },
      "properties": {
        "bangumi_id": 115908,
        "bangumi_title": "吹响吧！上低音号",
        "ep_cut": 12,
        "image_url": "https://w.junreimap.com/images/points/115908/kq2rizmt9_1716608921166.jpg",
        "location": "",
        "point_id": "kq2rizmt9",
        "point_name": "莵道高 走廊（不确定）",
        "remark": ""
      },
      "type": "Feature"
    },
    {
      "geometry": {
        "coordinates": [
          135.816492,
          34.910257
        ],
        "type": "Point"
      },
      "properties": {
        "bangumi_id": 115908,
        "bangumi_title": "吹响吧！上低音号",
        "ep_cut": 12,
        "image_url": "https://w.junreimap.com/images/points/115908/kq2rlin5s_1716608925198.jpg",
        "location": "",
        "point_id": "kq2rlin5s",
        "point_name": "莵道高 走廊（不确定）",
        "remark": ""
      },
      "type": "Feature"
    },
    {
      "geometry": {
        "coordinates": [
          135.816498,
          34.910256
        ],
        "type": "Point"
      },
      "properties": {
        "bangumi_id": 115908,
        "bangumi_title": "吹响吧！上低音号",
        "ep_cut": 12,
        "image_url": "https://w.junreimap.com/images/points/115908/kq2rnhkv2_1716608929398.jpg",
        "location": "",
        "point_id": "kq2rnhkv2",
        "point_name": "莵道高 走廊（不确定）",
        "remark": ""
      },
      "type": "Feature"
    },
    {
      "geometry": {
        "coordinates": [
          135.816504,
          34.910256
        ],
        "type": "Point"
      },
      "properties": {
        "bangumi_id": 115908,
        "bangumi_title": "吹响吧！上低音号",
        "ep_cut": 12,
        "image_url": "https://w.junreimap.com/images/points/115908/kq2rps8c6_1716608937545.jpg",
        "location": "",
        "point_id": "kq2rps8c6",
        "point_name": "莵道高 走廊（不确定）",
        "remark": ""
      },
      "type": "Feature"
    },
    {
      "geometry": {
        "coordinates": [
          135.816511,
          34.910257
        ],
        "type": "Point"
      },
      "properties": {
        "bangumi_id": 115908,
        "bangumi_title": "吹响吧！上低音号",
        "ep_cut": 12,
        "image_url": "https://w.junreimap.com/images/points/115908/kq2ruqaby_1716608948699.jpg",
        "location": "",
        "point_id": "kq2ruqaby",
        "point_name": "莵道高 走廊（不确定）",
        "remark": ""
      },
      "type": "Feature"
    },
    {
      "geometry": {
        "coordinates": [
          135.816518,
          34.910257
        ],
        "type": "Point"
      },
      "properties": {
        "bangumi_id": 115908,
        "bangumi_title": "吹响吧！上低音号",
        "ep_cut": 12,
        "image_url": "https://w.junreimap.com/images/points/115908/kq2s1bz2q_1716608952256.jpg",
        "location": "",
        "point_id": "kq2s1bz2q",
        "point_name": "莵道高 走廊（不确定）",
        "remark": ""
      },
      "type": "Feature"
    },
    {
      "geometry": {
        "coordinates": [
          135.816232,
          34.909518
        ],
        "type": "Point"
      },
      "properties": {
        "bangumi_id": 115908,
        "bangumi_title": "吹响吧！上低音号",
        "ep_cut": 6,
        "image_url": "https://w.junreimap.com/images/points/115908/7nx6ur0a.jpg",
        "location": "",
        "point_id": "7nx6ur0a",
        "point_name": "莵道高 黄昏（不确定）",
        "remark": ""
      },
      "type": "Feature"
    },
    {
      "geometry": {
        "coordinates": [
          135.816492,
          34.909473
        ],
        "type": "Point"
      },
      "properties": {
        "bangumi_id": 115908,
        "bangumi_title": "吹响吧！上低音号",
        "ep_cut": 3,
        "image_url": "https://w.junreimap.com/images/points/115908/7hgdfxx4.jpg",
        "location": "",
        "point_id": "7hgdfxx4",
        "point_name": "莵道高 腹吸练习",
        "remark": ""
      },
      "type": "Feature"
    },
    {
      "geometry": {
        "coordinates": [
          135.81645,
          34.909424
        ],
        "type": "Point"
      },
      "properties": {
        "bangumi_id": 115908,
        "bangumi_title": "吹响吧！上低音号",
        "ep_cut": 5,
        "image_url": "https://w.junreimap.com/images/points/115908/7j44s9n3.jpg",
        "location": "",
        "point_id": "7j44s9n3",
        "point_name": "莵道高 连接桥下",
        "remark": ""
      },
      "type": "Feature"
    },
    {
      "geometry": {
        "coordinates": [
          135.816331,
          34.909468
        ],
        "type": "Point"
      },
      "properties": {
        "bangumi_id": 115908,
        "bangumi_title": "吹响吧！上低音号",
        "ep_cut": 5,
        "image_url": "https://w.junreimap.com/images/points/115908/7jo4fldd.jpg",
        "location": "",
        "point_id": "7jo4fldd",
        "point_name": "莵道高 连接桥下",
        "remark": ""
      },
      "type": "Feature"
    },
    {
      "geometry": {
        "coordinates": [
          135.816292,
          34.909432
        ],
        "type": "Point"
      },
      "properties": {
        "bangumi_id": 115908,
        "bangumi_title": "吹响吧！上低音号",
        "ep_cut": 5,
        "image_url": "https://w.junreimap.com/images/points/115908/7jod2pty.jpg",
        "location": "",
        "point_id": "7jod2pty",
        "point_name": "莵道高 连接桥下",
        "remark": ""
      },
      "type": "Feature"
    },
    {
      "geometry": {
        "coordinates": [
          135.815309,
          34.909702
        ],
        "type": "Point"
      },
      "properties": {
        "bangumi_id": 115908,
        "bangumi_title": "吹响吧！上低音号",
        "ep_cut": 5,
        "image_url": "https://w.junreimap.com/images/points/115908/7jp3sh35.jpg",
        "location": "",
        "point_id": "7jp3sh35",
        "point_name": "莵道高 停车场",
        "remark": ""
      },
      "type": "Feature"
    },
    {
      "geometry": {
        "coordinates": [
          135.815336,
          34.909919
        ],
        "type": "Point"
      },
      "properties": {
        "bangumi_id": 115908,
        "bangumi_title": "吹响吧！上低音号",
        "ep_cut": 5,
        "image_url": "https://w.junreimap.com/images/points/115908/7jpefc06.jpg",
        "location": "",
        "point_id": "7jpefc06",
        "point_name": "莵道高 停车场 远眺",
        "remark": ""
      },
      "type": "Feature"
    },
    {
      "geometry": {
        "coordinates": [
          135.816234,
          34.909427
        ],
        "type": "Point"
      },
      "properties": {
        "bangumi_id": 115908,
        "bangumi_title": "吹响吧！上低音号",
        "ep_cut": 5,
        "image_url": "https://w.junreimap.com/images/points/115908/7joix4cb.jpg",
        "location": "",
        "point_id": "7joix4cb",
        "point_name": "莵道高 连接桥下",
        "remark": ""
      },
      "type": "Feature"
    },
    {
      "geometry": {
        "coordinates": [
          135.816433,
          34.90953
        ],
        "type": "Point"
      },
      "properties": {
        "bangumi_id": 115908,
        "bangumi_title": "吹响吧！上低音号",
        "ep_cut": 5,
        "image_url": "https://w.junreimap.com/images/points/115908/7j4dskkh.jpg",
        "location": "",
        "point_id": "7j4dskkh",
        "point_name": "莵道高 连接桥下",
        "remark": ""
      },
      "type": "Feature"
    },
    {
      "geometry": {
        "coordinates": [
          135.816479,
          34.909563
        ],
        "type": "Point"
      },
      "properties": {
        "bangumi_id": 115908,
        "bangumi_title": "吹响吧！上低音号",
        "ep_cut": 5,
        "image_url": "https://w.junreimap.com/images/points/115908/7j4kzojv.jpg",
        "location": "",
        "point_id": "7j4kzojv",
        "point_name": "莵道高 连接桥下",
        "remark": ""
      },
      "type": "Feature"
    },
    {
      "geometry": {
        "coordinates": [
          135.81645,
          34.90953
        ],
        "type": "Point"
      },
      "properties": {
        "bangumi_id": 115908,
        "bangumi_title": "吹响吧！上低音号",
        "ep_cut": 5,
        "image_url": "https://w.junreimap.com/images/points/115908/7j4u8ar0.jpg",
        "location": "",
        "point_id": "7j4u8ar0",
        "point_name": "莵道高 连接桥下",
        "remark": ""
      },
      "type": "Feature"
    },
    {
      "geometry": {
        "coordinates": [
          135.816364,
          34.909801
        ],
        "type": "Point"
      },
      "properties": {
        "bangumi_id": 115908,
        "bangumi_title": "吹响吧！上低音号",
        "ep_cut": 2,
        "image_url": "https://w.junreimap.com/images/points/115908/7gogf09i.jpg",
        "location": "",
        "point_id": "7gogf09i",
        "point_name": "莵道高 连接桥",
        "remark": ""
      },
      "type": "Feature"
    },
    {
      "geometry": {
        "coordinates": [
          135.816688,
          34.90956
        ],
        "type": "Point"
      },
      "properties": {
        "bangumi_id": 115908,
        "bangumi_title": "吹响吧！上低音号",
        "ep_cut": 11,
        "image_url": "https://w.junreimap.com/images/points/115908/kq0pfzaay_1716604493921.jpg",
        "location": "",
        "point_id": "kq0pfzaay",
        "point_name": "莵道高 操场旁亭子",
        "remark": ""
      },
      "type": "Feature"
    },
    {
      "geometry": {
        "coordinates": [
          135.816715,
          34.90956
        ],
        "type": "Point"
      },
      "properties": {
        "bangumi_id": 115908,
        "bangumi_title": "吹响吧！上低音号",
        "ep_cut": 11,
        "image_url": "https://w.junreimap.com/images/points/115908/kq0qdtrwa_1716604499142.jpg",
        "location": "",
        "point_id": "kq0qdtrwa",
        "point_name": "莵道高 操场旁亭子",
        "remark": ""
      },
      "type": "Feature"
    },
    {
      "geometry": {
        "coordinates": [
          135.816747,
          34.909562
        ],
        "type": "Point"
      },
      "properties": {
        "bangumi_id": 115908,
        "bangumi_title": "吹响吧！上低音号",
        "ep_cut": 11,
        "image_url": "https://w.junreimap.com/images/points/115908/kq0qhz9b7_1716604505320.jpg",
        "location": "",
        "point_id": "kq0qhz9b7",
        "point_name": "莵道高 操场旁亭子",
        "remark": ""
      },
      "type": "Feature"
    },
    {
      "geometry": {
        "coordinates": [
          135.816776,
          34.909563
        ],
        "type": "Point"
      },
      "properties": {
        "bangumi_id": 115908,
        "bangumi_title": "吹响吧！上低音号",
        "ep_cut": 11,
        "image_url": "https://w.junreimap.com/images/points/115908/kq0qlq0dw_1716604513129.jpg",
        "location": "",
        "point_id": "kq0qlq0dw",
        "point_name": "莵道高 操场旁亭子",
        "remark": ""
      },
      "type": "Feature"
    },
    {
      "geometry": {
        "coordinates": [
          135.816286,
          34.90922
        ],
        "type": "Point"
      },
      "properties": {
        "bangumi_id": 115908,
        "bangumi_title": "吹响吧！上低音号",
        "ep_cut": 2,
        "image_url": "https://w.junreimap.com/images/points/115908/7gwmulpx.jpg",
        "location": "",
        "point_id": "7gwmulpx",
        "point_name": "莵道高 小广场全景",
        "remark": ""
      },
      "type": "Feature"
    },
    {
      "geometry": {
        "coordinates": [
          135.816661,
          34.909936
        ],
        "type": "Point"
      },
      "properties": {
        "bangumi_id": 115908,
        "bangumi_title": "吹响吧！上低音号",
        "ep_cut": 2,
        "image_url": "https://w.junreimap.com/images/points/115908/7gxamuvu.jpg",
        "location": "",
        "point_id": "7gxamuvu",
        "point_name": "莵道高 音乐室门口洗手台",
        "remark": ""
      },
      "type": "Feature"
    },
    {
      "geometry": {
        "coordinates": [
          135.816419,
          34.909705
        ],
        "type": "Point"
      },
      "properties": {
        "bangumi_id": 115908,
        "bangumi_title": "吹响吧！上低音号",
        "ep_cut": 2,
        "image_url": "https://w.junreimap.com/images/points/115908/7gorzc4a.jpg",
        "location": "",
        "point_id": "7gorzc4a",
        "point_name": "莵道高 楼梯（不确定位置）",
        "remark": ""
      },
      "type": "Feature"
    },
    {
      "geometry": {
        "coordinates": [
          135.816355,
          34.909696
        ],
        "type": "Point"
      },
      "properties": {
        "bangumi_id": 115908,
        "bangumi_title": "吹响吧！上低音号",
        "ep_cut": 5,
        "image_url": "https://w.junreimap.com/images/points/115908/7j3gr6w0.jpg",
        "location": "",
        "point_id": "7j3gr6w0",
        "point_name": "莵道高 楼梯（不确定位置）",
        "remark": ""
      },
      "type": "Feature"
    },
    {
      "geometry": {
        "coordinates": [
          135.816509,
          34.909712
        ],
        "type": "Point"
      },
      "properties": {
        "bangumi_id": 115908,
        "bangumi_title": "吹响吧！上低音号",
        "ep_cut": 7,
        "image_url": "https://w.junreimap.com/images/points/115908/7odsh2jm.jpg",
        "location": "",
        "point_id": "7odsh2jm",
        "point_name": "莵道高 走廊",
        "remark": ""
      },
      "type": "Feature"
    },
    {
      "geometry": {
        "coordinates": [
          135.816737,
          34.909054
        ],
        "type": "Point"
      },
      "properties": {
        "bangumi_id": 115908,
        "bangumi_title": "吹响吧！上低音号",
        "ep_cut": 4,
        "image_url": "https://w.junreimap.com/images/points/115908/7ijo7prc.jpg",
        "location": "",
        "point_id": "7ijo7prc",
        "point_name": "莵道高",
        "remark": ""
      },
      "type": "Feature"
    },
    {
      "geometry": {
        "coordinates": [
          135.815833,
          34.909609
        ],
        "type": "Point"
      },
      "properties": {
        "bangumi_id": 115908,
        "bangumi_title": "吹响吧！上低音号",
        "ep_cut": 4,
        "image_url": "https://w.junreimap.com/images/points/115908/7ilrxqbw.jpg",
        "location": "",
        "point_id": "7ilrxqbw",
        "point_name": "莵道高 3-3 远眺停车场",
        "remark": ""
      },
      "type": "Feature"
    },
    {
      "geometry": {
        "coordinates": [
          135.815843,
          34.909597
        ],
        "type": "Point"
      },
      "properties": {
        "bangumi_id": 115908,
        "bangumi_title": "吹响吧！上低音号",
        "ep_cut": 4,
        "image_url": "https://w.junreimap.com/images/points/115908/7io83km3.jpg",
        "location": "",
        "point_id": "7io83km3",
        "point_name": "莵道高 3-3 远眺停车场",
        "remark": ""
      },
      "type": "Feature"
    },
    {
      "geometry": {
        "coordinates": [
          135.815682,
          34.909534
        ],
        "type": "Point"
      },
      "properties": {
        "bangumi_id": 115908,
        "bangumi_title": "吹响吧！上低音号",
        "ep_cut": 4,
        "image_url": "https://w.junreimap.com/images/points/115908/7in6cv0a.jpg",
        "location": "",
        "point_id": "7in6cv0a",
        "point_name": "莵道高 小天使练习场（未确定）",
        "remark": ""
      },
      "type": "Feature"
    },
    {
      "geometry": {
        "coordinates": [
          135.815705,
          34.909534
        ],
        "type": "Point"
      },
      "properties": {
        "bangumi_id": 115908,
        "bangumi_title": "吹响吧！上低音号",
        "ep_cut": 12,
        "image_url": "https://w.junreimap.com/images/points/115908/kq2bjsl9x_1716607954882.jpg",
        "location": "",
        "point_id": "kq2bjsl9x",
        "point_name": "莵道高 小天使练习场（未确定）",
        "remark": ""
      },
      "type": "Feature"
    },
    {
      "geometry": {
        "coordinates": [
          135.815812,
          34.909541
        ],
        "type": "Point"
      },
      "properties": {
        "bangumi_id": 115908,
        "bangumi_title": "吹响吧！上低音号",
        "ep_cut": 4,
        "image_url": "https://w.junreimap.com/images/points/115908/7inmpmgu.jpg",
        "location": "",
        "point_id": "7inmpmgu",
        "point_name": "莵道高 楼梯",
        "remark": ""
      },
      "type": "Feature"
    },
    {
      "geometry": {
        "coordinates": [
          135.816418,
          34.910082
        ],
        "type": "Point"
      },
      "properties": {
        "bangumi_id": 115908,
        "bangumi_title": "吹响吧！上低音号",
        "ep_cut": 4,
        "image_url": "https://w.junreimap.com/images/points/115908/7iyi2p6q.jpg",
        "location": "",
        "point_id": "7iyi2p6q",
        "point_name": "莵道高 垃圾处理场",
        "remark": ""
      },
      "type": "Feature"
    },
    {
      "geometry": {
        "coordinates": [
          135.816387,
          34.910083
        ],
        "type": "Point"
      },
      "properties": {
        "bangumi_id": 115908,
        "bangumi_title": "吹响吧！上低音号",
        "ep_cut": 4,
        "image_url": "https://w.junreimap.com/images/points/115908/7iyzqg3m.jpg",
        "location": "",
        "point_id": "7iyzqg3m",
        "point_name": "莵道高 垃圾处理场",
        "remark": ""
      },
      "type": "Feature"
    },
    {
      "geometry": {
        "coordinates": [
          135.816366,
          34.910119
        ],
        "type": "Point"
      },
      "properties": {
        "bangumi_id": 115908,
        "bangumi_title": "吹响吧！上低音号",
        "ep_cut": 12,
        "image_url": "https://w.junreimap.com/images/points/115908/kq1pwbcrf_1716606698035.jpg",
        "location": "",
        "point_id": "kq1pwbcrf",
        "point_name": "莵道高 垃圾处理场",
        "remark": ""
      },
      "type": "Feature"
    },
    {
      "geometry": {
        "coordinates": [
          135.816259,
          34.910054
        ],
        "type": "Point"
      },
      "properties": {
        "bangumi_id": 115908,
        "bangumi_title": "吹响吧！上低音号",
        "ep_cut": 12,
        "image_url": "https://w.junreimap.com/images/points/115908/kq1mz9ylc_1716606486520.jpg",
        "location": "",
        "point_id": "kq1mz9ylc",
        "point_name": "莵道高 久美子练号处",
        "remark": ""
      },
      "type": "Feature"
    },
    {
      "geometry": {
        "coordinates": [
          135.816251,
          34.910053
        ],
        "type": "Point"
      },
      "properties": {
        "bangumi_id": 115908,
        "bangumi_title": "吹响吧！上低音号",
        "ep_cut": 12,
        "image_url": "https://w.junreimap.com/images/points/115908/kq1ow0630_1716606585215.jpg",
        "location": "",
        "point_id": "kq1ow0630",
        "point_name": "莵道高 久美子练号处",
        "remark": ""
      },
      "type": "Feature"
    },
    {
      "geometry": {
        "coordinates": [
          135.81624,
          34.910079
        ],
        "type": "Point"
      },
      "properties": {
        "bangumi_id": 115908,
        "bangumi_title": "吹响吧！上低音号",
        "ep_cut": 12,
        "image_url": "https://w.junreimap.com/images/points/115908/kq1p5gn9l_1716606600487.jpg",
        "location": "",
        "point_id": "kq1p5gn9l",
        "point_name": "莵道高 久美子练号处",
        "remark": ""
      },
      "type": "Feature"
    },
    {
      "geometry": {
        "coordinates": [
          135.816263,
          34.910085
        ],
        "type": "Point"
      },
      "properties": {
        "bangumi_id": 115908,
        "bangumi_title": "吹响吧！上低音号",
        "ep_cut": 12,
        "image_url": "https://w.junreimap.com/images/points/115908/kq1pbue57_1716606634407.jpg",
        "location": "",
        "point_id": "kq1pbue57",
        "point_name": "莵道高 久美子练号处",
        "remark": ""
      },
      "type": "Feature"
    },
    {
      "geometry": {
        "coordinates": [
          135.816272,
          34.910105
        ],
        "type": "Point"
      },
      "properties": {
        "bangumi_id": 115908,
        "bangumi_title": "吹响吧！上低音号",
        "ep_cut": 12,
        "image_url": "https://w.junreimap.com/images/points/115908/kq1pdm5uf_1716606625533.jpg",
        "location": "",
        "point_id": "kq1pdm5uf",
        "point_name": "莵道高 久美子练号处",
        "remark": ""
      },
      "type": "Feature"
    },
    {
      "geometry": {
        "coordinates": [
          135.816292,
          34.910095
        ],
        "type": "Point"
      },
      "properties": {
        "bangumi_id": 115908,
        "bangumi_title": "吹响吧！上低音号",
        "ep_cut": 12,
        "image_url": "https://w.junreimap.com/images/points/115908/kq1pzsygf_1716606651979.jpg",
        "location": "",
        "point_id": "kq1pzsygf",
        "point_name": "莵道高 久美子练号处",
        "remark": ""
      },
      "type": "Feature"
    },
    {
      "geometry": {
        "coordinates": [
          135.816111,
          34.910082
        ],
        "type": "Point"
      },
      "properties": {
        "bangumi_id": 115908,
        "bangumi_title": "吹响吧！上低音号",
        "ep_cut": 12,
        "image_url": "https://w.junreimap.com/images/points/115908/kq1qawuy9_1716606670098.jpg",
        "location": "",
        "point_id": "kq1qawuy9",
        "point_name": "莵道高 久美子练号处",
        "remark": ""
      },
      "type": "Feature"
    },
    {
      "geometry": {
        "coordinates": [
          135.816261,
          34.910161
        ],
        "type": "Point"
      },
      "properties": {
        "bangumi_id": 115908,
        "bangumi_title": "吹响吧！上低音号",
        "ep_cut": 12,
        "image_url": "https://w.junreimap.com/images/points/115908/kq28foqjz_1716607766499.jpg",
        "location": "",
        "point_id": "kq28foqjz",
        "point_name": "莵道高 久美子练号处",
        "remark": ""
      },
      "type": "Feature"
    },
    {
      "geometry": {
        "coordinates": [
          135.816112,
          34.910076
        ],
        "type": "Point"
      },
      "properties": {
        "bangumi_id": 115908,
        "bangumi_title": "吹响吧！上低音号",
        "ep_cut": 12,
        "image_url": "https://w.junreimap.com/images/points/115908/kq28lqets_1716607777333.jpg",
        "location": "",
        "point_id": "kq28lqets",
        "point_name": "莵道高 久美子练号处",
        "remark": ""
      },
      "type": "Feature"
    },
    {
      "geometry": {
        "coordinates": [
          135.81628,
          34.91004
        ],
        "type": "Point"
      },
      "properties": {
        "bangumi_id": 115908,
        "bangumi_title": "吹响吧！上低音号",
        "ep_cut": 12,
        "image_url": "https://w.junreimap.com/images/points/115908/kq28rz8kj_1716607786993.jpg",
        "location": "",
        "point_id": "kq28rz8kj",
        "point_name": "莵道高 久美子练号处",
        "remark": ""
      },
      "type": "Feature"
    },
    {
      "geometry": {
        "coordinates": [
          135.816049,
          34.910138
        ],
        "type": "Point"
      },
      "properties": {
        "bangumi_id": 115908,
        "bangumi_title": "吹响吧！上低音号",
        "ep_cut": 12,
        "image_url": "https://w.junreimap.com/images/points/115908/kq28w7gy2_1716607794034.jpg",
        "location": "",
        "point_id": "kq28w7gy2",
        "point_name": "莵道高 久美子练号处 全景",
        "remark": ""
      },
      "type": "Feature"
    },
    {
      "geometry": {
        "coordinates": [
          135.816303,
          34.910344
        ],
        "type": "Point"
      },
      "properties": {
        "bangumi_id": 115908,
        "bangumi_title": "吹响吧！上低音号",
        "ep_cut": 12,
        "image_url": "https://w.junreimap.com/images/points/115908/kq1rhvi6y_1716606751404.jpg",
        "location": "",
        "point_id": "kq1rhvi6y",
        "point_name": "莵道高 保健室（还没找到位置）",
        "remark": ""
      },
      "type": "Feature"
    },
    {
      "geometry": {
        "coordinates": [
          135.816311,
          34.910343
        ],
        "type": "Point"
      },
      "properties": {
        "bangumi_id": 115908,
        "bangumi_title": "吹响吧！上低音号",
        "ep_cut": 12,
        "image_url": "https://w.junreimap.com/images/points/115908/kq1rq0vta_1716606756072.jpg",
        "location": "",
        "point_id": "kq1rq0vta",
        "point_name": "莵道高 保健室（还没找到位置）",
        "remark": ""
      },
      "type": "Feature"
    },
    {
      "geometry": {
        "coordinates": [
          135.816318,
          34.910342
        ],
        "type": "Point"
      },
      "properties": {
        "bangumi_id": 115908,
        "bangumi_title": "吹响吧！上低音号",
        "ep_cut": 12,
        "image_url": "https://w.junreimap.com/images/points/115908/kq1rshzf2_1716606760738.jpg",
        "location": "",
        "point_id": "kq1rshzf2",
        "point_name": "莵道高 保健室（还没找到位置）",
        "remark": ""
      },
      "type": "Feature"
    },
    {
      "geometry": {
        "coordinates": [
          135.816324,
          34.910341
        ],
        "type": "Point"
      },
      "properties": {
        "bangumi_id": 115908,
        "bangumi_title": "吹响吧！上低音号",
        "ep_cut": 12,
        "image_url": "https://w.junreimap.com/images/points/115908/kq1rz39y6_1716606772435.jpg",
        "location": "",
        "point_id": "kq1rz39y6",
        "point_name": "莵道高 保健室（还没找到位置）",
        "remark": ""
      },
      "type": "Feature"
    },
    {
      "geometry": {
        "coordinates": [
          135.816331,
          34.91034
        ],
        "type": "Point"
      },
      "properties": {
        "bangumi_id": 115908,
        "bangumi_title": "吹响吧！上低音号",
        "ep_cut": 12,
        "image_url": "https://w.junreimap.com/images/points/115908/kq1s2kw93_1716606777128.jpg",
        "location": "",
        "point_id": "kq1s2kw93",
        "point_name": "莵道高 保健室（还没找到位置）",
        "remark": ""
      },
      "type": "Feature"
    },
    {
      "geometry": {
        "coordinates": [
          135.816338,
          34.910337
        ],
        "type": "Point"
      },
      "properties": {
        "bangumi_id": 115908,
        "bangumi_title": "吹响吧！上低音号",
        "ep_cut": 12,
        "image_url": "https://w.junreimap.com/images/points/115908/kq1s53d3k_1716606781006.jpg",
        "location": "",
        "point_id": "kq1s53d3k",
        "point_name": "莵道高 保健室（还没找到位置）",
        "remark": ""
      },
      "type": "Feature"
    },
    {
      "geometry": {
        "coordinates": [
          135.816347,
          34.910351
        ],
        "type": "Point"
      },
      "properties": {
        "bangumi_id": 115908,
        "bangumi_title": "吹响吧！上低音号",
        "ep_cut": 12,
        "image_url": "https://w.junreimap.com/images/points/115908/kq1s8t09f_1716606787843.jpg",
        "location": "",
        "point_id": "kq1s8t09f",
        "point_name": "莵道高 保健室（还没找到位置）",
        "remark": ""
      },
      "type": "Feature"
    },
    {
      "geometry": {
        "coordinates": [
          135.816518,
          34.909894
        ],
        "type": "Point"
      },
      "properties": {
        "bangumi_id": 115908,
        "bangumi_title": "吹响吧！上低音号",
        "ep_cut": 12,
        "image_url": "https://w.junreimap.com/images/points/115908/kq1sya82x_1716606844622.jpg",
        "location": "",
        "point_id": "kq1sya82x",
        "point_name": "莵道高 空中远眺 黄昏 无人机视角",
        "remark": ""
      },
      "type": "Feature"
    },
    {
      "geometry": {
        "coordinates": [
          135.816402,
          34.910098
        ],
        "type": "Point"
      },
      "properties": {
        "bangumi_id": 115908,
        "bangumi_title": "吹响吧！上低音号",
        "ep_cut": 4,
        "image_url": "https://w.junreimap.com/images/points/115908/7iz4k79o.jpg",
        "location": "",
        "point_id": "7iz4k79o",
        "point_name": "莵道高 垃圾处理场",
        "remark": ""
      },
      "type": "Feature"
    },
    {
      "geometry": {
        "coordinates": [
          135.816407,
          34.910089
        ],
        "type": "Point"
      },
      "properties": {
        "bangumi_id": 115908,
        "bangumi_title": "吹响吧！上低音号",
        "ep_cut": 4,
        "image_url": "https://w.junreimap.com/images/points/115908/7izb67su.jpg",
        "location": "",
        "point_id": "7izb67su",
        "point_name": "莵道高 垃圾处理场",
        "remark": ""
      },
      "type": "Feature"
    },
    {
      "geometry": {
        "coordinates": [
          135.816425,
          34.910072
        ],
        "type": "Point"
      },
      "properties": {
        "bangumi_id": 115908,
        "bangumi_title": "吹响吧！上低音号",
        "ep_cut": 4,
        "image_url": "https://w.junreimap.com/images/points/115908/7izkblk2.jpg",
        "location": "",
        "point_id": "7izkblk2",
        "point_name": "莵道高 垃圾处理场",
        "remark": ""
      },
      "type": "Feature"
    },
    {
      "geometry": {
        "coordinates": [
          135.816719,
          34.910076
        ],
        "type": "Point"
      },
      "properties": {
        "bangumi_id": 115908,
        "bangumi_title": "吹响吧！上低音号",
        "ep_cut": 4,
        "image_url": "https://w.junreimap.com/images/points/115908/7j000698.jpg",
        "location": "",
        "point_id": "7j000698",
        "point_name": "莵道高 垃圾处理场",
        "remark": ""
      },
      "type": "Feature"
    },
    {
      "geometry": {
        "coordinates": [
          135.81556,
          34.908598
        ],
        "type": "Point"
      },
      "properties": {
        "bangumi_id": 115908,
        "bangumi_title": "吹响吧！上低音号",
        "ep_cut": 6,
        "image_url": "https://w.junreimap.com/images/points/115908/7n3eixmf.jpg",
        "location": "",
        "point_id": "7n3eixmf",
        "point_name": "莵道高 校门前",
        "remark": ""
      },
      "type": "Feature"
    },
    {
      "geometry": {
        "coordinates": [
          135.815489,
          34.908447
        ],
        "type": "Point"
      },
      "properties": {
        "bangumi_id": 115908,
        "bangumi_title": "吹响吧！上低音号",
        "ep_cut": 7,
        "image_url": "https://w.junreimap.com/images/points/115908/7ofiwtmf.jpg",
        "location": "",
        "point_id": "7ofiwtmf",
        "point_name": "莵道高 校门前 雨",
        "remark": ""
      },
      "type": "Feature"
    },
    {
      "geometry": {
        "coordinates": [
          135.816548,
          34.909126
        ],
        "type": "Point"
      },
      "properties": {
        "bangumi_id": 115908,
        "bangumi_title": "吹响吧！上低音号",
        "ep_cut": 6,
        "image_url": "https://w.junreimap.com/images/points/115908/7n4xovtl.jpg",
        "location": "",
        "point_id": "7n4xovtl",
        "point_name": "莵道高 远眺",
        "remark": ""
      },
      "type": "Feature"
    },
    {
      "geometry": {
        "coordinates": [
          135.816013,
          34.909831
        ],
        "type": "Point"
      },
      "properties": {
        "bangumi_id": 115908,
        "bangumi_title": "吹响吧！上低音号",
        "ep_cut": 6,
        "image_url": "https://w.junreimap.com/images/points/115908/7n9x23ev.jpg",
        "location": "",
        "point_id": "7n9x23ev",
        "point_name": "莵道高 连接桥下",
        "remark": ""
      },
      "type": "Feature"
    },
    {
      "geometry": {
        "coordinates": [
          135.816046,
          34.909829
        ],
        "type": "Point"
      },
      "properties": {
        "bangumi_id": 115908,
        "bangumi_title": "吹响吧！上低音号",
        "ep_cut": 6,
        "image_url": "https://w.junreimap.com/images/points/115908/7nb5y0oe.jpg",
        "location": "",
        "point_id": "7nb5y0oe",
        "point_name": "莵道高 连接桥下",
        "remark": ""
      },
      "type": "Feature"
    },
    {
      "geometry": {
        "coordinates": [
          135.815999,
          34.909808
        ],
        "type": "Point"
      },
      "properties": {
        "bangumi_id": 115908,
        "bangumi_title": "吹响吧！上低音号",
        "ep_cut": 6,
        "image_url": "https://w.junreimap.com/images/points/115908/7nbg2qrk.jpg",
        "location": "",
        "point_id": "7nbg2qrk",
        "point_name": "莵道高 连接桥下",
        "remark": ""
      },
      "type": "Feature"
    },
    {
      "geometry": {
        "coordinates": [
          135.816082,
          34.909832
        ],
        "type": "Point"
      },
      "properties": {
        "bangumi_id": 115908,
        "bangumi_title": "吹响吧！上低音号",
        "ep_cut": 6,
        "image_url": "https://w.junreimap.com/images/points/115908/7nbi3uty.jpg",
        "location": "",
        "point_id": "7nbi3uty",
        "point_name": "莵道高 连接桥下",
        "remark": ""
      },
      "type": "Feature"
    },
    {
      "geometry": {
        "coordinates": [
          135.816062,
          34.909836
        ],
        "type": "Point"
      },
      "properties": {
        "bangumi_id": 115908,
        "bangumi_title": "吹响吧！上低音号",
        "ep_cut": 6,
        "image_url": "https://w.junreimap.com/images/points/115908/7nbnvxwc.jpg",
        "location": "",
        "point_id": "7nbnvxwc",
        "point_name": "莵道高 连接桥下",
        "remark": ""
      },
      "type": "Feature"
    },
    {
      "geometry": {
        "coordinates": [
          135.816076,
          34.909823
        ],
        "type": "Point"
      },
      "properties": {
        "bangumi_id": 115908,
        "bangumi_title": "吹响吧！上低音号",
        "ep_cut": 6,
        "image_url": "https://w.junreimap.com/images/points/115908/7nbr8pn6.jpg",
        "location": "",
        "point_id": "7nbr8pn6",
        "point_name": "莵道高 连接桥下",
        "remark": ""
      },
      "type": "Feature"
    },
    {
      "geometry": {
        "coordinates": [
          135.816109,
          34.90985
        ],
        "type": "Point"
      },
      "properties": {
        "bangumi_id": 115908,
        "bangumi_title": "吹响吧！上低音号",
        "ep_cut": 6,
        "image_url": "https://w.junreimap.com/images/points/115908/7nct67gy.jpg",
        "location": "",
        "point_id": "7nct67gy",
        "point_name": "莵道高 连接桥下 高坂同学的风格呢",
        "remark": ""
      },
      "type": "Feature"
    },
    {
      "geometry": {
        "coordinates": [
          135.816117,
          34.909814
        ],
        "type": "Point"
      },
      "properties": {
        "bangumi_id": 115908,
        "bangumi_title": "吹响吧！上低音号",
        "ep_cut": 6,
        "image_url": "https://w.junreimap.com/images/points/115908/7ndp5nig.jpg",
        "location": "",
        "point_id": "7ndp5nig",
        "point_name": "莵道高 连接桥下",
        "remark": "广角俯视"
      },
      "type": "Feature"
    },
    {
      "geometry": {
        "coordinates": [
          135.816171,
          34.909851
        ],
        "type": "Point"
      },
      "properties": {
        "bangumi_id": 115908,
        "bangumi_title": "吹响吧！上低音号",
        "ep_cut": 6,
        "image_url": "https://w.junreimap.com/images/points/115908/7nc3wh7z.jpg",
        "location": "",
        "point_id": "7nc3wh7z",
        "point_name": "莵道高 连接桥下 俯视",
        "remark": ""
      },
      "type": "Feature"
    },
    {
      "geometry": {
        "coordinates": [
          135.81614,
          34.90984
        ],
        "type": "Point"
      },
      "properties": {
        "bangumi_id": 115908,
        "bangumi_title": "吹响吧！上低音号",
        "ep_cut": 6,
        "image_url": "https://w.junreimap.com/images/points/115908/7ncg0u3b.jpg",
        "location": "",
        "point_id": "7ncg0u3b",
        "point_name": "莵道高 连接桥",
        "remark": ""
      },
      "type": "Feature"
    },
    {
      "geometry": {
        "coordinates": [
          135.815547,
          34.91003
        ],
        "type": "Point"
      },
      "properties": {
        "bangumi_id": 115908,
        "bangumi_title": "吹响吧！上低音号",
        "ep_cut": 11,
        "image_url": "https://w.junreimap.com/images/points/115908/kq0rzbftj_1716604610432.jpg",
        "location": "",
        "point_id": "kq0rzbftj",
        "point_name": "莵道高 学校角落",
        "remark": "位置不确定"
      },
      "type": "Feature"
    },
    {
      "geometry": {
        "coordinates": [
          135.815562,
          34.91003
        ],
        "type": "Point"
      },
      "properties": {
        "bangumi_id": 115908,
        "bangumi_title": "吹响吧！上低音号",
        "ep_cut": 11,
        "image_url": "https://w.junreimap.com/images/points/115908/kq0sbqhuf_1716604616831.jpg",
        "location": "",
        "point_id": "kq0sbqhuf",
        "point_name": "莵道高 学校角落",
        "remark": ""
      },
      "type": "Feature"
    },
    {
      "geometry": {
        "coordinates": [
          135.815577,
          34.910031
        ],
        "type": "Point"
      },
      "properties": {
        "bangumi_id": 115908,
        "bangumi_title": "吹响吧！上低音号",
        "ep_cut": 11,
        "image_url": "https://w.junreimap.com/images/points/115908/kq0sfjnrl_1716604622552.jpg",
        "location": "",
        "point_id": "kq0sfjnrl",
        "point_name": "莵道高 学校角落",
        "remark": ""
      },
      "type": "Feature"
    },
    {
      "geometry": {
        "coordinates": [
          135.81559,
          34.910032
        ],
        "type": "Point"
      },
      "properties": {
        "bangumi_id": 115908,
        "bangumi_title": "吹响吧！上低音号",
        "ep_cut": 11,
        "image_url": "https://w.junreimap.com/images/points/115908/kq0shhoe4_1716604625288.jpg",
        "location": "",
        "point_id": "kq0shhoe4",
        "point_name": "莵道高 学校角落",
        "remark": ""
      },
      "type": "Feature"
    },
    {
      "geometry": {
        "coordinates": [
          135.815602,
          34.910033
        ],
        "type": "Point"
      },
      "properties": {
        "bangumi_id": 115908,
        "bangumi_title": "吹响吧！上低音号",
        "ep_cut": 11,
        "image_url": "https://w.junreimap.com/images/points/115908/kq0slhpwa_1716604631667.jpg",
        "location": "",
        "point_id": "kq0slhpwa",
        "point_name": "莵道高 学校角落",
        "remark": ""
      },
      "type": "Feature"
    },
    {
      "geometry": {
        "coordinates": [
          135.815614,
          34.910034
        ],
        "type": "Point"
      },
      "properties": {
        "bangumi_id": 115908,
        "bangumi_title": "吹响吧！上低音号",
        "ep_cut": 11,
        "image_url": "https://w.junreimap.com/images/points/115908/kq0sn4rwb_1716604670389.jpg",
        "location": "",
        "point_id": "kq0sn4rwb",
        "point_name": "莵道高 学校角落",
        "remark": ""
      },
      "type": "Feature"
    },
    {
      "geometry": {
        "coordinates": [
          135.815628,
          34.910034
        ],
        "type": "Point"
      },
      "properties": {
        "bangumi_id": 115908,
        "bangumi_title": "吹响吧！上低音号",
        "ep_cut": 11,
        "image_url": "https://w.junreimap.com/images/points/115908/kq0t40ey5_1716604674797.jpg",
        "location": "",
        "point_id": "kq0t40ey5",
        "point_name": "莵道高 学校角落",
        "remark": ""
      },
      "type": "Feature"
    },
    {
      "geometry": {
        "coordinates": [
          135.815768,
          34.909993
        ],
        "type": "Point"
      },
      "properties": {
        "bangumi_id": 115908,
        "bangumi_title": "吹响吧！上低音号",
        "ep_cut": 12,
        "image_url": "https://w.junreimap.com/images/points/115908/kq1gc0kdk_1716606088116.jpg",
        "location": "",
        "point_id": "kq1gc0kdk",
        "point_name": "莵道高 四楼 网球场方向窗户",
        "remark": ""
      },
      "type": "Feature"
    },
    {
      "geometry": {
        "coordinates": [
          135.815859,
          34.909995
        ],
        "type": "Point"
      },
      "properties": {
        "bangumi_id": 115908,
        "bangumi_title": "吹响吧！上低音号",
        "ep_cut": 12,
        "image_url": "https://w.junreimap.com/images/points/115908/kq1gsa1el_1716606116244.jpg",
        "location": "",
        "point_id": "kq1gsa1el",
        "point_name": "莵道高 四楼 角落的储藏间（不确定位置）",
        "remark": ""
      },
      "type": "Feature"
    },
    {
      "geometry": {
        "coordinates": [
          135.805459,
          34.892285
        ],
        "type": "Point"
      },
      "properties": {
        "bangumi_id": 115908,
        "bangumi_title": "吹响吧！上低音号",
        "ep_cut": 1,
        "image_url": "https://w.junreimap.com/images/points/115908/qys7i1.jpg",
        "location": "",
        "point_id": "qys7i1",
        "point_name": "宇治橋西詰交差点",
        "remark": ""
      },
      "type": "Feature"
    },
    {
      "geometry": {
        "coordinates": [
          135.793505,
          34.932133
        ],
        "type": "Point"
      },
      "properties": {
        "bangumi_id": 115908,
        "bangumi_title": "吹响吧！上低音号",
        "ep_cut": 1,
        "image_url": "https://w.junreimap.com/images/points/115908/qys7j5.jpg",
        "location": "",
        "point_id": "qys7j5",
        "point_name": "京坂六地藏",
        "remark": ""
      },
      "type": "Feature"
    },
    {
      "geometry": {
        "coordinates": [
          135.793522,
          34.932126
        ],
        "type": "Point"
      },
      "properties": {
        "bangumi_id": 115908,
        "bangumi_title": "吹响吧！上低音号",
        "ep_cut": 1,
        "image_url": "https://w.junreimap.com/images/points/115908/7fi3vpl3.jpg",
        "location": "",
        "point_id": "7fi3vpl3",
        "point_name": "京坂六地藏站前",
        "remark": ""
      },
      "type": "Feature"
    },
    {
      "geometry": {
        "coordinates": [
          135.793515,
          34.932126
        ],
        "type": "Point"
      },
      "properties": {
        "bangumi_id": 115908,
        "bangumi_title": "吹响吧！上低音号",
        "ep_cut": 1,
        "image_url": "https://w.junreimap.com/images/points/115908/7fi9xwhu.jpg",
        "location": "",
        "point_id": "7fi9xwhu",
        "point_name": "京坂六地藏站前",
        "remark": ""
      },
      "type": "Feature"
    },
    {
      "geometry": {
        "coordinates": [
          135.793517,
          34.932124
        ],
        "type": "Point"
      },
      "properties": {
        "bangumi_id": 115908,
        "bangumi_title": "吹响吧！上低音号",
        "ep_cut": 1,
        "image_url": "https://w.junreimap.com/images/points/115908/7fil0uaw.jpg",
        "location": "",
        "point_id": "7fil0uaw",
        "point_name": "京坂六地藏站前",
        "remark": ""
      },
      "type": "Feature"
    },
    {
      "geometry": {
        "coordinates": [
          135.793525,
          34.932121
        ],
        "type": "Point"
      },
      "properties": {
        "bangumi_id": 115908,
        "bangumi_title": "吹响吧！上低音号",
        "ep_cut": 1,
        "image_url": "https://w.junreimap.com/images/points/115908/7fioa3zs.jpg",
        "location": "",
        "point_id": "7fioa3zs",
        "point_name": "京坂六地藏站前 人行道按钮",
        "remark": ""
      },
      "type": "Feature"
    },
    {
      "geometry": {
        "coordinates": [
          135.793461,
          34.93206
        ],
        "type": "Point"
      },
      "properties": {
        "bangumi_id": 115908,
        "bangumi_title": "吹响吧！上低音号",
        "ep_cut": 1,
        "image_url": "https://w.junreimap.com/images/points/115908/7fpu1g7g.jpg",
        "location": "",
        "point_id": "7fpu1g7g",
        "point_name": "京坂六地蔵駅前 红绿灯 红",
        "remark": ""
      },
      "type": "Feature"
    },
    {
      "geometry": {
        "coordinates": [
          135.793468,
          34.932058
        ],
        "type": "Point"
      },
      "properties": {
        "bangumi_id": 115908,
        "bangumi_title": "吹响吧！上低音号",
        "ep_cut": 1,
        "image_url": "https://w.junreimap.com/images/points/115908/7fpwn22b.jpg",
        "location": "",
        "point_id": "7fpwn22b",
        "point_name": "京坂六地蔵駅前 红绿灯 绿",
        "remark": ""
      },
      "type": "Feature"
    },
    {
      "geometry": {
        "coordinates": [
          135.793447,
          34.932033
        ],
        "type": "Point"
      },
      "properties": {
        "bangumi_id": 115908,
        "bangumi_title": "吹响吧！上低音号",
        "ep_cut": 1,
        "image_url": "https://w.junreimap.com/images/points/115908/7fq15whf.jpg",
        "location": "",
        "point_id": "7fq15whf",
        "point_name": "京坂六地蔵駅 入站闸机 特写",
        "remark": ""
      },
      "type": "Feature"
    },
    {
      "geometry": {
        "coordinates": [
          135.793455,
          34.932028
        ],
        "type": "Point"
      },
      "properties": {
        "bangumi_id": 115908,
        "bangumi_title": "吹响吧！上低音号",
        "ep_cut": 1,
        "image_url": "https://w.junreimap.com/images/points/115908/7fqa7g4j.jpg",
        "location": "",
        "point_id": "7fqa7g4j",
        "point_name": "京坂六地蔵駅 入站口 半身",
        "remark": ""
      },
      "type": "Feature"
    },
    {
      "geometry": {
        "coordinates": [
          135.793457,
          34.932037
        ],
        "type": "Point"
      },
      "properties": {
        "bangumi_id": 115908,
        "bangumi_title": "吹响吧！上低音号",
        "ep_cut": 1,
        "image_url": "https://w.junreimap.com/images/points/115908/7fqlkirb.jpg",
        "location": "",
        "point_id": "7fqlkirb",
        "point_name": "京坂六地蔵駅 入站口 半身",
        "remark": ""
      },
      "type": "Feature"
    },
    {
      "geometry": {
        "coordinates": [
          135.79345,
          34.932025
        ],
        "type": "Point"
      },
      "properties": {
        "bangumi_id": 115908,
        "bangumi_title": "吹响吧！上低音号",
        "ep_cut": 1,
        "image_url": "https://w.junreimap.com/images/points/115908/7fr565vh.jpg",
        "location": "",
        "point_id": "7fr565vh",
        "point_name": "京坂六地蔵駅 入站口 特写 诶？我？",
        "remark": ""
      },
      "type": "Feature"
    },
    {
      "geometry": {
        "coordinates": [
          135.793453,
          34.932024
        ],
        "type": "Point"
      },
      "properties": {
        "bangumi_id": 115908,
        "bangumi_title": "吹响吧！上低音号",
        "ep_cut": 1,
        "image_url": "https://w.junreimap.com/images/points/115908/7frjw8ze.jpg",
        "location": "",
        "point_id": "7frjw8ze",
        "point_name": "京坂六地蔵駅 入站口 特写 稍微考虑考虑",
        "remark": ""
      },
      "type": "Feature"
    },
    {
      "geometry": {
        "coordinates": [
          135.79346,
          34.932037
        ],
        "type": "Point"
      },
      "properties": {
        "bangumi_id": 115908,
        "bangumi_title": "吹响吧！上低音号",
        "ep_cut": 1,
        "image_url": "https://w.junreimap.com/images/points/115908/7frzk0tk.jpg",
        "location": "",
        "point_id": "7frzk0tk",
        "point_name": "京坂六地蔵駅 入站口 全景",
        "remark": ""
      },
      "type": "Feature"
    },
    {
      "geometry": {
        "coordinates": [
          135.793668,
          34.931886
        ],
        "type": "Point"
      },
      "properties": {
        "bangumi_id": 115908,
        "bangumi_title": "吹响吧！上低音号",
        "ep_cut": 1,
        "image_url": "https://w.junreimap.com/images/points/115908/7ftaufky.jpg",
        "location": "",
        "point_id": "7ftaufky",
        "point_name": "京坂六地蔵駅 提示屏 电车来咯 ",
        "remark": ""
      },
      "type": "Feature"
    },
    {
      "geometry": {
        "coordinates": [
          135.79357,
          34.93192
        ],
        "type": "Point"
      },
      "properties": {
        "bangumi_id": 115908,
        "bangumi_title": "吹响吧！上低音号",
        "ep_cut": 2,
        "image_url": "https://w.junreimap.com/images/points/115908/7h6la6af.jpg",
        "location": "",
        "point_id": "7h6la6af",
        "point_name": "京坂六地藏 宇治方向 小天使",
        "remark": ""
      },
      "type": "Feature"
    },
    {
      "geometry": {
        "coordinates": [
          135.79358,
          34.931912
        ],
        "type": "Point"
      },
      "properties": {
        "bangumi_id": 115908,
        "bangumi_title": "吹响吧！上低音号",
        "ep_cut": 3,
        "image_url": "https://w.junreimap.com/images/points/115908/7hl44ppt.jpg",
        "location": "",
        "point_id": "7hl44ppt",
        "point_name": "京坂六地藏 宇治方向 黄昏",
        "remark": ""
      },
      "type": "Feature"
    },
    {
      "geometry": {
        "coordinates": [
          135.793581,
          34.931908
        ],
        "type": "Point"
      },
      "properties": {
        "bangumi_id": 115908,
        "bangumi_title": "吹响吧！上低音号",
        "ep_cut": 3,
        "image_url": "https://w.junreimap.com/images/points/115908/7hlgjm12.jpg",
        "location": "",
        "point_id": "7hlgjm12",
        "point_name": "京坂六地藏 宇治方向 黄昏",
        "remark": ""
      },
      "type": "Feature"
    },
    {
      "geometry": {
        "coordinates": [
          135.793591,
          34.931905
        ],
        "type": "Point"
      },
      "properties": {
        "bangumi_id": 115908,
        "bangumi_title": "吹响吧！上低音号",
        "ep_cut": 3,
        "image_url": "https://w.junreimap.com/images/points/115908/7hlxhg5v.jpg",
        "location": "",
        "point_id": "7hlxhg5v",
        "point_name": "京坂六地藏 宇治方向 黄昏",
        "remark": ""
      },
      "type": "Feature"
    },
    {
      "geometry": {
        "coordinates": [
          135.793496,
          34.931875
        ],
        "type": "Point"
      },
      "properties": {
        "bangumi_id": 115908,
        "bangumi_title": "吹响吧！上低音号",
        "ep_cut": 3,
        "image_url": "https://w.junreimap.com/images/points/115908/7hm4ti8s.jpg",
        "location": "",
        "point_id": "7hm4ti8s",
        "point_name": "京坂六地藏 宇治方向 黄昏 全景",
        "remark": ""
      },
      "type": "Feature"
    },
    {
      "geometry": {
        "coordinates": [
          135.793581,
          34.931901
        ],
        "type": "Point"
      },
      "properties": {
        "bangumi_id": 115908,
        "bangumi_title": "吹响吧！上低音号",
        "ep_cut": 3,
        "image_url": "https://w.junreimap.com/images/points/115908/7hmtmp4g.jpg",
        "location": "",
        "point_id": "7hmtmp4g",
        "point_name": "京坂六地藏 宇治方向 黄昏",
        "remark": ""
      },
      "type": "Feature"
    },
    {
      "geometry": {
        "coordinates": [
          135.793586,
          34.931899
        ],
        "type": "Point"
      },
      "properties": {
        "bangumi_id": 115908,
        "bangumi_title": "吹响吧！上低音号",
        "ep_cut": 3,
        "image_url": "https://w.junreimap.com/images/points/115908/7hmykmtu.jpg",
        "location": "",
        "point_id": "7hmykmtu",
        "point_name": "京坂六地藏 宇治方向 黄昏",
        "remark": ""
      },
      "type": "Feature"
    },
    {
      "geometry": {
        "coordinates": [
          135.794021,
          34.93187
        ],
        "type": "Point"
      },
      "properties": {
        "bangumi_id": 115908,
        "bangumi_title": "吹响吧！上低音号",
        "ep_cut": 3,
        "image_url": "https://w.junreimap.com/images/points/115908/7hu4keiz.jpg",
        "location": "",
        "point_id": "7hu4keiz",
        "point_name": "京坂六地藏 站外 黄昏",
        "remark": ""
      },
      "type": "Feature"
    },
    {
      "geometry": {
        "coordinates": [
          135.793456,
          34.932042
        ],
        "type": "Point"
      },
      "properties": {
        "bangumi_id": 115908,
        "bangumi_title": "吹响吧！上低音号",
        "ep_cut": 3,
        "image_url": "https://w.junreimap.com/images/points/115908/7hv1mt3c.jpg",
        "location": "",
        "point_id": "7hv1mt3c",
        "point_name": "京坂六地藏 闸机口",
        "remark": ""
      },
      "type": "Feature"
    },
    {
      "geometry": {
        "coordinates": [
          135.793448,
          34.932039
        ],
        "type": "Point"
      },
      "properties": {
        "bangumi_id": 115908,
        "bangumi_title": "吹响吧！上低音号",
        "ep_cut": 3,
        "image_url": "https://w.junreimap.com/images/points/115908/7hvf6m3j.jpg",
        "location": "",
        "point_id": "7hvf6m3j",
        "point_name": "京坂六地藏 证件写真",
        "remark": ""
      },
      "type": "Feature"
    },
    {
      "geometry": {
        "coordinates": [
          135.793482,
          34.932122
        ],
        "type": "Point"
      },
      "properties": {
        "bangumi_id": 115908,
        "bangumi_title": "吹响吧！上低音号",
        "ep_cut": 5,
        "image_url": "https://w.junreimap.com/images/points/115908/7jcgsq8v.jpg",
        "location": "",
        "point_id": "7jcgsq8v",
        "point_name": "京坂六地藏前 入夜 红绿灯 红",
        "remark": ""
      },
      "type": "Feature"
    },
    {
      "geometry": {
        "coordinates": [
          135.793477,
          34.932116
        ],
        "type": "Point"
      },
      "properties": {
        "bangumi_id": 115908,
        "bangumi_title": "吹响吧！上低音号",
        "ep_cut": 5,
        "image_url": "https://w.junreimap.com/images/points/115908/7jcrhte1.jpg",
        "location": "",
        "point_id": "7jcrhte1",
        "point_name": "京坂六地藏前 入夜 红绿灯 绿",
        "remark": ""
      },
      "type": "Feature"
    },
    {
      "geometry": {
        "coordinates": [
          135.793476,
          34.932108
        ],
        "type": "Point"
      },
      "properties": {
        "bangumi_id": 115908,
        "bangumi_title": "吹响吧！上低音号",
        "ep_cut": 5,
        "image_url": "https://w.junreimap.com/images/points/115908/7jcukxci.jpg",
        "location": "",
        "point_id": "7jcukxci",
        "point_name": "京坂六地藏前 入夜",
        "remark": ""
      },
      "type": "Feature"
    },
    {
      "geometry": {
        "coordinates": [
          135.793434,
          34.93203
        ],
        "type": "Point"
      },
      "properties": {
        "bangumi_id": 115908,
        "bangumi_title": "吹响吧！上低音号",
        "ep_cut": 5,
        "image_url": "https://w.junreimap.com/images/user/0/bangumi/115908/points/j2s7fwl5b-1711962527431.jpg",
        "location": "",
        "point_id": "j2s7fwl5b",
        "point_name": "京阪六地蔵　改札口",
        "remark": ""
      },
      "type": "Feature"
    },
    {
      "geometry": {
        "coordinates": [
          135.808287,
          34.889628
        ],
        "type": "Point"
      },
      "properties": {
        "bangumi_id": 115908,
        "bangumi_title": "吹响吧！上低音号",
        "ep_cut": 1,
        "image_url": "https://w.junreimap.com/images/points/115908/7g011kn7.jpg",
        "location": "",
        "point_id": "7g011kn7",
        "point_name": "久美子椅",
        "remark": "井川用水機場"
      },
      "type": "Feature"
    },
    {
      "geometry": {
        "coordinates": [
          135.808285,
          34.889634
        ],
        "type": "Point"
      },
      "properties": {
        "bangumi_id": 115908,
        "bangumi_title": "吹响吧！上低音号",
        "ep_cut": 1,
        "image_url": "https://w.junreimap.com/images/points/115908/7g0g4ww9.jpg",
        "location": "",
        "point_id": "7g0g4ww9",
        "point_name": "久美子椅 头发特写",
        "remark": ""
      },
      "type": "Feature"
    },
    {
      "geometry": {
        "coordinates": [
          135.808328,
          34.889633
        ],
        "type": "Point"
      },
      "properties": {
        "bangumi_id": 115908,
        "bangumi_title": "吹响吧！上低音号",
        "ep_cut": 1,
        "image_url": "https://w.junreimap.com/images/points/115908/7g1hhjki.jpg",
        "location": "",
        "point_id": "7g1hhjki",
        "point_name": "久美子椅",
        "remark": ""
      },
      "type": "Feature"
    },
    {
      "geometry": {
        "coordinates": [
          135.808295,
          34.889691
        ],
        "type": "Point"
      },
      "properties": {
        "bangumi_id": 115908,
        "bangumi_title": "吹响吧！上低音号",
        "ep_cut": 1,
        "image_url": "https://w.junreimap.com/images/points/115908/7g2b3jgq.jpg",
        "location": "",
        "point_id": "7g2b3jgq",
        "point_name": "久美子椅 小鹿乱跳",
        "remark": ""
      },
      "type": "Feature"
    },
    {
      "geometry": {
        "coordinates": [
          135.808313,
          34.889642
        ],
        "type": "Point"
      },
      "properties": {
        "bangumi_id": 115908,
        "bangumi_title": "吹响吧！上低音号",
        "ep_cut": 1,
        "image_url": "https://w.junreimap.com/images/points/115908/7g2mvmyx.jpg",
        "location": "",
        "point_id": "7g2mvmyx",
        "point_name": "久美子椅 仰视",
        "remark": ""
      },
      "type": "Feature"
    },
    {
      "geometry": {
        "coordinates": [
          135.808739,
          34.88981
        ],
        "type": "Point"
      },
      "properties": {
        "bangumi_id": 115908,
        "bangumi_title": "吹响吧！上低音号",
        "ep_cut": 1,
        "image_url": "https://w.junreimap.com/images/points/115908/7g3bhjns.jpg",
        "location": "",
        "point_id": "7g3bhjns",
        "point_name": "久美子椅 望远视角",
        "remark": ""
      },
      "type": "Feature"
    },
    {
      "geometry": {
        "coordinates": [
          135.808471,
          34.889651
        ],
        "type": "Point"
      },
      "properties": {
        "bangumi_id": 115908,
        "bangumi_title": "吹响吧！上低音号",
        "ep_cut": 8,
        "image_url": "https://w.junreimap.com/images/points/115908/7p20mgsh.jpg",
        "location": "",
        "point_id": "7p20mgsh",
        "point_name": "久美子椅 望远视角",
        "remark": ""
      },
      "type": "Feature"
    },
    {
      "geometry": {
        "coordinates": [
          135.808492,
          34.8897
        ],
        "type": "Point"
      },
      "properties": {
        "bangumi_id": 115908,
        "bangumi_title": "吹响吧！上低音号",
        "ep_cut": 1,
        "image_url": "https://w.junreimap.com/images/points/115908/7g5xll6t.jpg",
        "location": "",
        "point_id": "7g5xll6t",
        "point_name": "久美子椅 不参加吹部么？",
        "remark": ""
      },
      "type": "Feature"
    },
    {
      "geometry": {
        "coordinates": [
          135.808324,
          34.889615
        ],
        "type": "Point"
      },
      "properties": {
        "bangumi_id": 115908,
        "bangumi_title": "吹响吧！上低音号",
        "ep_cut": 1,
        "image_url": "https://w.junreimap.com/images/points/115908/7g8iw1eq.jpg",
        "location": "",
        "point_id": "7g8iw1eq",
        "point_name": "久美子椅 啥跟啥呀",
        "remark": ""
      },
      "type": "Feature"
    },
    {
      "geometry": {
        "coordinates": [
          135.808439,
          34.88969
        ],
        "type": "Point"
      },
      "properties": {
        "bangumi_id": 115908,
        "bangumi_title": "吹响吧！上低音号",
        "ep_cut": 1,
        "image_url": "https://w.junreimap.com/images/points/115908/7g48swom.jpg",
        "location": "",
        "point_id": "7g48swom",
        "point_name": "久美子椅 是的呢",
        "remark": ""
      },
      "type": "Feature"
    },
    {
      "geometry": {
        "coordinates": [
          135.808304,
          34.889666
        ],
        "type": "Point"
      },
      "properties": {
        "bangumi_id": 115908,
        "bangumi_title": "吹响吧！上低音号",
        "ep_cut": 1,
        "image_url": "https://w.junreimap.com/images/points/115908/7g4kojoi.jpg",
        "location": "",
        "point_id": "7g4kojoi",
        "point_name": "久美子椅 你的反应怎么这么迟钝",
        "remark": ""
      },
      "type": "Feature"
    },
    {
      "geometry": {
        "coordinates": [
          135.808281,
          34.88964
        ],
        "type": "Point"
      },
      "properties": {
        "bangumi_id": 115908,
        "bangumi_title": "吹响吧！上低音号",
        "ep_cut": 1,
        "image_url": "https://w.junreimap.com/images/points/115908/7g50b421.jpg",
        "location": "",
        "point_id": "7g50b421",
        "point_name": "久美子椅 别跟我说话 丑八怪",
        "remark": ""
      },
      "type": "Feature"
    },
    {
      "geometry": {
        "coordinates": [
          135.808285,
          34.889654
        ],
        "type": "Point"
      },
      "properties": {
        "bangumi_id": 115908,
        "bangumi_title": "吹响吧！上低音号",
        "ep_cut": 1,
        "image_url": "https://w.junreimap.com/images/points/115908/7g7oskwy.jpg",
        "location": "",
        "point_id": "7g7oskwy",
        "point_name": "久美子椅 地面视角",
        "remark": ""
      },
      "type": "Feature"
    },
    {
      "geometry": {
        "coordinates": [
          135.808218,
          34.889725
        ],
        "type": "Point"
      },
      "properties": {
        "bangumi_id": 115908,
        "bangumi_title": "吹响吧！上低音号",
        "ep_cut": 2,
        "image_url": "https://w.junreimap.com/images/points/115908/7h2bwofw.jpg",
        "location": "",
        "point_id": "7h2bwofw",
        "point_name": "久美子椅 全景 黄昏 久美子酱？",
        "remark": ""
      },
      "type": "Feature"
    },
    {
      "geometry": {
        "coordinates": [
          135.808243,
          34.889621
        ],
        "type": "Point"
      },
      "properties": {
        "bangumi_id": 115908,
        "bangumi_title": "吹响吧！上低音号",
        "ep_cut": 2,
        "image_url": "https://w.junreimap.com/images/points/115908/7h1hfw57.jpg",
        "location": "",
        "point_id": "7h1hfw57",
        "point_name": "久美子椅 朝雾桥 望远 黄昏",
        "remark": ""
      },
      "type": "Feature"
    },
    {
      "geometry": {
        "coordinates": [
          135.808797,
          34.889739
        ],
        "type": "Point"
      },
      "properties": {
        "bangumi_id": 115908,
        "bangumi_title": "吹响吧！上低音号",
        "ep_cut": 2,
        "image_url": "https://w.junreimap.com/images/points/115908/7h0rape2.jpg",
        "location": "",
        "point_id": "7h0rape2",
        "point_name": "久美子椅 望远 黄昏",
        "remark": ""
      },
      "type": "Feature"
    },
    {
      "geometry": {
        "coordinates": [
          135.808658,
          34.889687
        ],
        "type": "Point"
      },
      "properties": {
        "bangumi_id": 115908,
        "bangumi_title": "吹响吧！上低音号",
        "ep_cut": 2,
        "image_url": "https://w.junreimap.com/images/points/115908/7has3mt9.jpg",
        "location": "",
        "point_id": "7has3mt9",
        "point_name": "久美子椅 望远 黄昏 葵",
        "remark": ""
      },
      "type": "Feature"
    },
    {
      "geometry": {
        "coordinates": [
          135.808467,
          34.889599
        ],
        "type": "Point"
      },
      "properties": {
        "bangumi_id": 115908,
        "bangumi_title": "吹响吧！上低音号",
        "ep_cut": 2,
        "image_url": "https://w.junreimap.com/images/points/115908/7hb4d54n.jpg",
        "location": "",
        "point_id": "7hb4d54n",
        "point_name": "久美子椅 望远 黄昏 三年一转眼",
        "remark": ""
      },
      "type": "Feature"
    },
    {
      "geometry": {
        "coordinates": [
          135.808841,
          34.889715
        ],
        "type": "Point"
      },
      "properties": {
        "bangumi_id": 115908,
        "bangumi_title": "吹响吧！上低音号",
        "ep_cut": 2,
        "image_url": "https://w.junreimap.com/images/points/115908/7hbf4mt6.jpg",
        "location": "",
        "point_id": "7hbf4mt6",
        "point_name": "久美子椅 望远 黄昏",
        "remark": ""
      },
      "type": "Feature"
    },
    {
      "geometry": {
        "coordinates": [
          135.808859,
          34.88969
        ],
        "type": "Point"
      },
      "properties": {
        "bangumi_id": 115908,
        "bangumi_title": "吹响吧！上低音号",
        "ep_cut": 12,
        "image_url": "https://w.junreimap.com/images/points/115908/kq1ts7nrp_1716606883857.jpg",
        "location": "",
        "point_id": "kq1ts7nrp",
        "point_name": "久美子椅 望远 蓝调",
        "remark": ""
      },
      "type": "Feature"
    },
    {
      "geometry": {
        "coordinates": [
          135.808867,
          34.889677
        ],
        "type": "Point"
      },
      "properties": {
        "bangumi_id": 115908,
        "bangumi_title": "吹响吧！上低音号",
        "ep_cut": 12,
        "image_url": "https://w.junreimap.com/images/points/115908/kq1tyas0n_1716606891185.jpg",
        "location": "",
        "point_id": "kq1tyas0n",
        "point_name": "久美子椅 望远 蓝调",
        "remark": ""
      },
      "type": "Feature"
    },
    {
      "geometry": {
        "coordinates": [
          135.808305,
          34.889688
        ],
        "type": "Point"
      },
      "properties": {
        "bangumi_id": 115908,
        "bangumi_title": "吹响吧！上低音号",
        "ep_cut": 12,
        "image_url": "https://w.junreimap.com/images/points/115908/kq1u9qy8t_1716606915969.jpg",
        "location": "",
        "point_id": "kq1u9qy8t",
        "point_name": "久美子椅 中景 蓝调",
        "remark": ""
      },
      "type": "Feature"
    },
    {
      "geometry": {
        "coordinates": [
          135.808283,
          34.88961
        ],
        "type": "Point"
      },
      "properties": {
        "bangumi_id": 115908,
        "bangumi_title": "吹响吧！上低音号",
        "ep_cut": 12,
        "image_url": "https://w.junreimap.com/images/points/115908/kq1unqpnf_1716606933979.jpg",
        "location": "",
        "point_id": "kq1unqpnf",
        "point_name": "久美子椅 中景 蓝调",
        "remark": ""
      },
      "type": "Feature"
    },
    {
      "geometry": {
        "coordinates": [
          135.808286,
          34.889607
        ],
        "type": "Point"
      },
      "properties": {
        "bangumi_id": 115908,
        "bangumi_title": "吹响吧！上低音号",
        "ep_cut": 12,
        "image_url": "https://w.junreimap.com/images/points/115908/kq1uvz17m_1716606948038.jpg",
        "location": "",
        "point_id": "kq1uvz17m",
        "point_name": "久美子椅 长焦望远 蓝调 窥视视角",
        "remark": "视点坐标，被摄物在对岸"
      },
      "type": "Feature"
    },
    {
      "geometry": {
        "coordinates": [
          135.808289,
          34.889605
        ],
        "type": "Point"
      },
      "properties": {
        "bangumi_id": 115908,
        "bangumi_title": "吹响吧！上低音号",
        "ep_cut": 12,
        "image_url": "https://w.junreimap.com/images/points/115908/kq1ve4qms_1716606981544.jpg",
        "location": "",
        "point_id": "kq1ve4qms",
        "point_name": "久美子椅 长焦望远 蓝调 窥视视角",
        "remark": ""
      },
      "type": "Feature"
    },
    {
      "geometry": {
        "coordinates": [
          135.808292,
          34.889603
        ],
        "type": "Point"
      },
      "properties": {
        "bangumi_id": 115908,
        "bangumi_title": "吹响吧！上低音号",
        "ep_cut": 12,
        "image_url": "https://w.junreimap.com/images/points/115908/kq1vm088g_1716606991234.jpg",
        "location": "",
        "point_id": "kq1vm088g",
        "point_name": "久美子椅 长焦望远 蓝调 中景特写",
        "remark": ""
      },
      "type": "Feature"
    },
    {
      "geometry": {
        "coordinates": [
          135.808294,
          34.889601
        ],
        "type": "Point"
      },
      "properties": {
        "bangumi_id": 115908,
        "bangumi_title": "吹响吧！上低音号",
        "ep_cut": 12,
        "image_url": "https://w.junreimap.com/images/points/115908/kq1vnvphe_1716606997330.jpg",
        "location": "",
        "point_id": "kq1vnvphe",
        "point_name": "久美子椅 长焦望远 蓝调 全景",
        "remark": ""
      },
      "type": "Feature"
    },
    {
      "geometry": {
        "coordinates": [
          135.806144,
          34.89309
        ],
        "type": "Point"
      },
      "properties": {
        "bangumi_id": 115908,
        "bangumi_title": "吹响吧！上低音号",
        "ep_cut": 12,
        "image_url": "https://w.junreimap.com/images/points/115908/kq1wg6e2b_1716607069889.jpg",
        "location": "",
        "point_id": "kq1wg6e2b",
        "point_name": "宇治桥望向JR铁路桥 蓝调 夏",
        "remark": ""
      },
      "type": "Feature"
    },
    {
      "geometry": {
        "coordinates": [
          135.808535,
          34.889557
        ],
        "type": "Point"
      },
      "properties": {
        "bangumi_id": 115908,
        "bangumi_title": "吹响吧！上低音号",
        "ep_cut": 2,
        "image_url": "https://w.junreimap.com/images/points/115908/7h2yxcif.jpg",
        "location": "",
        "point_id": "7h2yxcif",
        "point_name": "久美子椅 黄昏 井用机下视点",
        "remark": "这个视点拍起来很危险"
      },
      "type": "Feature"
    },
    {
      "geometry": {
        "coordinates": [
          135.808402,
          34.889607
        ],
        "type": "Point"
      },
      "properties": {
        "bangumi_id": 115908,
        "bangumi_title": "吹响吧！上低音号",
        "ep_cut": 2,
        "image_url": "https://w.junreimap.com/images/points/115908/7h510kyh.jpg",
        "location": "",
        "point_id": "7h510kyh",
        "point_name": "久美子椅 黄昏 半身",
        "remark": ""
      },
      "type": "Feature"
    },
    {
      "geometry": {
        "coordinates": [
          135.808352,
          34.889623
        ],
        "type": "Point"
      },
      "properties": {
        "bangumi_id": 115908,
        "bangumi_title": "吹响吧！上低音号",
        "ep_cut": 2,
        "image_url": "https://w.junreimap.com/images/points/115908/7h5gmfoh.jpg",
        "location": "",
        "point_id": "7h5gmfoh",
        "point_name": "久美子椅 黄昏",
        "remark": ""
      },
      "type": "Feature"
    },
    {
      "geometry": {
        "coordinates": [
          135.808377,
          34.889652
        ],
        "type": "Point"
      },
      "properties": {
        "bangumi_id": 115908,
        "bangumi_title": "吹响吧！上低音号",
        "ep_cut": 2,
        "image_url": "https://w.junreimap.com/images/points/115908/7h5qsxh2.jpg",
        "location": "",
        "point_id": "7h5qsxh2",
        "point_name": "久美子椅 黄昏",
        "remark": ""
      },
      "type": "Feature"
    },
    {
      "geometry": {
        "coordinates": [
          135.808415,
          34.889723
        ],
        "type": "Point"
      },
      "properties": {
        "bangumi_id": 115908,
        "bangumi_title": "吹响吧！上低音号",
        "ep_cut": 6,
        "image_url": "https://w.junreimap.com/images/points/115908/7o0kil8x.jpg",
        "location": "",
        "point_id": "7o0kil8x",
        "point_name": "久美子椅 蓝调",
        "remark": ""
      },
      "type": "Feature"
    },
    {
      "geometry": {
        "coordinates": [
          135.808247,
          34.889747
        ],
        "type": "Point"
      },
      "properties": {
        "bangumi_id": 115908,
        "bangumi_title": "吹响吧！上低音号",
        "ep_cut": 6,
        "image_url": "https://w.junreimap.com/images/points/115908/7o0tlnrb.jpg",
        "location": "",
        "point_id": "7o0tlnrb",
        "point_name": "久美子椅 蓝调",
        "remark": ""
      },
      "type": "Feature"
    },
    {
      "geometry": {
        "coordinates": [
          135.808192,
          34.889793
        ],
        "type": "Point"
      },
      "properties": {
        "bangumi_id": 115908,
        "bangumi_title": "吹响吧！上低音号",
        "ep_cut": 6,
        "image_url": "https://w.junreimap.com/images/points/115908/7o0zj84n.jpg",
        "location": "",
        "point_id": "7o0zj84n",
        "point_name": "久美子椅 蓝调",
        "remark": ""
      },
      "type": "Feature"
    },
    {
      "geometry": {
        "coordinates": [
          135.808197,
          34.889731
        ],
        "type": "Point"
      },
      "properties": {
        "bangumi_id": 115908,
        "bangumi_title": "吹响吧！上低音号",
        "ep_cut": 6,
        "image_url": "https://w.junreimap.com/images/points/115908/7o15rboe.jpg",
        "location": "",
        "point_id": "7o15rboe",
        "point_name": "久美子椅 蓝调",
        "remark": ""
      },
      "type": "Feature"
    },
    {
      "geometry": {
        "coordinates": [
          135.808312,
          34.889721
        ],
        "type": "Point"
      },
      "properties": {
        "bangumi_id": 115908,
        "bangumi_title": "吹响吧！上低音号",
        "ep_cut": 6,
        "image_url": "https://w.junreimap.com/images/points/115908/7o1iphac.jpg",
        "location": "",
        "point_id": "7o1iphac",
        "point_name": "久美子椅 蓝调",
        "remark": ""
      },
      "type": "Feature"
    },
    {
      "geometry": {
        "coordinates": [
          135.808144,
          34.889782
        ],
        "type": "Point"
      },
      "properties": {
        "bangumi_id": 115908,
        "bangumi_title": "吹响吧！上低音号",
        "ep_cut": 12,
        "image_url": "https://w.junreimap.com/images/points/115908/kq1xju09b_1716607109163.jpg",
        "location": "",
        "point_id": "kq1xju09b",
        "point_name": "久美子椅 蓝调",
        "remark": ""
      },
      "type": "Feature"
    },
    {
      "geometry": {
        "coordinates": [
          135.808147,
          34.889775
        ],
        "type": "Point"
      },
      "properties": {
        "bangumi_id": 115908,
        "bangumi_title": "吹响吧！上低音号",
        "ep_cut": 12,
        "image_url": "https://w.junreimap.com/images/points/115908/kq1xopg1n_1716607125858.jpg",
        "location": "",
        "point_id": "kq1xopg1n",
        "point_name": "久美子椅 蓝调",
        "remark": ""
      },
      "type": "Feature"
    },
    {
      "geometry": {
        "coordinates": [
          135.808151,
          34.889767
        ],
        "type": "Point"
      },
      "properties": {
        "bangumi_id": 115908,
        "bangumi_title": "吹响吧！上低音号",
        "ep_cut": 12,
        "image_url": "https://w.junreimap.com/images/points/115908/kq1zm2531_1716607233307.jpg",
        "location": "",
        "point_id": "kq1zm2531",
        "point_name": "久美子椅 蓝调",
        "remark": ""
      },
      "type": "Feature"
    },
    {
      "geometry": {
        "coordinates": [
          135.808155,
          34.889761
        ],
        "type": "Point"
      },
      "properties": {
        "bangumi_id": 115908,
        "bangumi_title": "吹响吧！上低音号",
        "ep_cut": 12,
        "image_url": "https://w.junreimap.com/images/points/115908/kq1zny6ge_1716607238543.jpg",
        "location": "",
        "point_id": "kq1zny6ge",
        "point_name": "久美子椅 蓝调",
        "remark": ""
      },
      "type": "Feature"
    },
    {
      "geometry": {
        "coordinates": [
          135.808158,
          34.889755
        ],
        "type": "Point"
      },
      "properties": {
        "bangumi_id": 115908,
        "bangumi_title": "吹响吧！上低音号",
        "ep_cut": 12,
        "image_url": "https://w.junreimap.com/images/points/115908/kq2009wh0_1716607259339.jpg",
        "location": "",
        "point_id": "kq2009wh0",
        "point_name": "久美子椅 蓝调",
        "remark": ""
      },
      "type": "Feature"
    },
    {
      "geometry": {
        "coordinates": [
          135.808162,
          34.889749
        ],
        "type": "Point"
      },
      "properties": {
        "bangumi_id": 115908,
        "bangumi_title": "吹响吧！上低音号",
        "ep_cut": 12,
        "image_url": "https://w.junreimap.com/images/points/115908/kq204knv8_1716607266675.jpg",
        "location": "",
        "point_id": "kq204knv8",
        "point_name": "久美子椅 蓝调",
        "remark": ""
      },
      "type": "Feature"
    },
    {
      "geometry": {
        "coordinates": [
          135.808165,
          34.889744
        ],
        "type": "Point"
      },
      "properties": {
        "bangumi_id": 115908,
        "bangumi_title": "吹响吧！上低音号",
        "ep_cut": 12,
        "image_url": "https://w.junreimap.com/images/points/115908/kq20905fw_1716607273075.jpg",
        "location": "",
        "point_id": "kq20905fw",
        "point_name": "久美子椅 蓝调",
        "remark": ""
      },
      "type": "Feature"
    },
    {
      "geometry": {
        "coordinates": [
          135.808169,
          34.889738
        ],
        "type": "Point"
      },
      "properties": {
        "bangumi_id": 115908,
        "bangumi_title": "吹响吧！上低音号",
        "ep_cut": 12,
        "image_url": "https://w.junreimap.com/images/points/115908/kq20dqj5g_1716607280247.jpg",
        "location": "",
        "point_id": "kq20dqj5g",
        "point_name": "久美子椅 蓝调",
        "remark": ""
      },
      "type": "Feature"
    },
    {
      "geometry": {
        "coordinates": [
          135.808171,
          34.889733
        ],
        "type": "Point"
      },
      "properties": {
        "bangumi_id": 115908,
        "bangumi_title": "吹响吧！上低音号",
        "ep_cut": 12,
        "image_url": "https://w.junreimap.com/images/points/115908/kq20h42rc_1716607285720.jpg",
        "location": "",
        "point_id": "kq20h42rc",
        "point_name": "久美子椅 蓝调",
        "remark": ""
      },
      "type": "Feature"
    },
    {
      "geometry": {
        "coordinates": [
          135.808374,
          34.889681
        ],
        "type": "Point"
      },
      "properties": {
        "bangumi_id": 115908,
        "bangumi_title": "吹响吧！上低音号",
        "ep_cut": 8,
        "image_url": "https://w.junreimap.com/images/points/115908/7p2jdekl.jpg",
        "location": "",
        "point_id": "7p2jdekl",
        "point_name": "久美子椅 黄昏",
        "remark": ""
      },
      "type": "Feature"
    },
    {
      "geometry": {
        "coordinates": [
          135.808239,
          34.889652
        ],
        "type": "Point"
      },
      "properties": {
        "bangumi_id": 115908,
        "bangumi_title": "吹响吧！上低音号",
        "ep_cut": 8,
        "image_url": "https://w.junreimap.com/images/points/115908/7p3e0cm1.jpg",
        "location": "",
        "point_id": "7p3e0cm1",
        "point_name": "久美子椅 黄昏",
        "remark": ""
      },
      "type": "Feature"
    },
    {
      "geometry": {
        "coordinates": [
          135.808353,
          34.889568
        ],
        "type": "Point"
      },
      "properties": {
        "bangumi_id": 115908,
        "bangumi_title": "吹响吧！上低音号",
        "ep_cut": 8,
        "image_url": "https://w.junreimap.com/images/points/115908/7p3ifcle.jpg",
        "location": "",
        "point_id": "7p3ifcle",
        "point_name": "久美子椅 黄昏",
        "remark": ""
      },
      "type": "Feature"
    },
    {
      "geometry": {
        "coordinates": [
          135.809936,
          34.888186
        ],
        "type": "Point"
      },
      "properties": {
        "bangumi_id": 115908,
        "bangumi_title": "吹响吧！上低音号",
        "ep_cut": 2,
        "image_url": "https://w.junreimap.com/images/points/115908/qys7ht.jpg",
        "location": "",
        "point_id": "qys7ht",
        "point_name": "喜撰橋",
        "remark": ""
      },
      "type": "Feature"
    },
    {
      "geometry": {
        "coordinates": [
          135.808935,
          34.887963
        ],
        "type": "Point"
      },
      "properties": {
        "bangumi_id": 115908,
        "bangumi_title": "吹响吧！上低音号",
        "ep_cut": 1,
        "image_url": "https://w.junreimap.com/images/points/115908/7ghhgxql.jpg",
        "location": "",
        "point_id": "7ghhgxql",
        "point_name": "府立宇治公園前交差点",
        "remark": ""
      },
      "type": "Feature"
    },
    {
      "geometry": {
        "coordinates": [
          135.808936,
          34.88795
        ],
        "type": "Point"
      },
      "properties": {
        "bangumi_id": 115908,
        "bangumi_title": "吹响吧！上低音号",
        "ep_cut": 8,
        "image_url": "https://w.junreimap.com/images/points/115908/7p3t3y79.jpg",
        "location": "",
        "point_id": "7p3t3y79",
        "point_name": "府立宇治公園前交差点 清晨 雨",
        "remark": ""
      },
      "type": "Feature"
    },
    {
      "geometry": {
        "coordinates": [
          135.808986,
          34.887963
        ],
        "type": "Point"
      },
      "properties": {
        "bangumi_id": 115908,
        "bangumi_title": "吹响吧！上低音号",
        "ep_cut": 5,
        "image_url": "https://w.junreimap.com/images/points/115908/7jmkf3n5.jpg",
        "location": "",
        "point_id": "7jmkf3n5",
        "point_name": "府立宇治公園前交差点 清晨",
        "remark": ""
      },
      "type": "Feature"
    },
    {
      "geometry": {
        "coordinates": [
          135.808901,
          34.887973
        ],
        "type": "Point"
      },
      "properties": {
        "bangumi_id": 115908,
        "bangumi_title": "吹响吧！上低音号",
        "ep_cut": 1,
        "image_url": "https://w.junreimap.com/images/points/115908/qys7ki.jpg",
        "location": "",
        "point_id": "qys7ki",
        "point_name": "府立宇治公園前交差点 午后 久美子家的一半",
        "remark": ""
      },
      "type": "Feature"
    },
    {
      "geometry": {
        "coordinates": [
          135.80896,
          34.887958
        ],
        "type": "Point"
      },
      "properties": {
        "bangumi_id": 115908,
        "bangumi_title": "吹响吧！上低音号",
        "ep_cut": 3,
        "image_url": "https://w.junreimap.com/images/points/115908/7hnepi50.jpg",
        "location": "",
        "point_id": "7hnepi50",
        "point_name": "府立宇治公園前交差点 入夜",
        "remark": ""
      },
      "type": "Feature"
    },
    {
      "geometry": {
        "coordinates": [
          135.808965,
          34.887958
        ],
        "type": "Point"
      },
      "properties": {
        "bangumi_id": 115908,
        "bangumi_title": "吹响吧！上低音号",
        "ep_cut": 12,
        "image_url": "https://w.junreimap.com/images/points/115908/kq212uj9s_1716607322413.jpg",
        "location": "",
        "point_id": "kq212uj9s",
        "point_name": "府立宇治公園前交差点 入夜",
        "remark": ""
      },
      "type": "Feature"
    },
    {
      "geometry": {
        "coordinates": [
          135.809906,
          34.890577
        ],
        "type": "Point"
      },
      "properties": {
        "bangumi_id": 115908,
        "bangumi_title": "吹响吧！上低音号",
        "ep_cut": 1,
        "image_url": "https://w.junreimap.com/images/points/115908/qys7ii.jpg",
        "location": "",
        "point_id": "qys7ii",
        "point_name": "宇治神社",
        "remark": ""
      },
      "type": "Feature"
    },
    {
      "geometry": {
        "coordinates": [
          135.810632,
          34.891046
        ],
        "type": "Point"
      },
      "properties": {
        "bangumi_id": 115908,
        "bangumi_title": "吹响吧！上低音号",
        "ep_cut": 1,
        "image_url": "https://w.junreimap.com/images/points/115908/7gaq1udd.jpg",
        "location": "",
        "point_id": "7gaq1udd",
        "point_name": "宇治神社",
        "remark": ""
      },
      "type": "Feature"
    },
    {
      "geometry": {
        "coordinates": [
          135.810645,
          34.891031
        ],
        "type": "Point"
      },
      "properties": {
        "bangumi_id": 115908,
        "bangumi_title": "吹响吧！上低音号",
        "ep_cut": 1,
        "image_url": "https://w.junreimap.com/images/points/115908/7gau9l98.jpg",
        "location": "",
        "point_id": "7gau9l98",
        "point_name": "宇治神社",
        "remark": ""
      },
      "type": "Feature"
    },
    {
      "geometry": {
        "coordinates": [
          135.810657,
          34.89105
        ],
        "type": "Point"
      },
      "properties": {
        "bangumi_id": 115908,
        "bangumi_title": "吹响吧！上低音号",
        "ep_cut": 1,
        "image_url": "https://w.junreimap.com/images/points/115908/7gbn4zyv.jpg",
        "location": "",
        "point_id": "7gbn4zyv",
        "point_name": "宇治神社",
        "remark": ""
      },
      "type": "Feature"
    },
    {
      "geometry": {
        "coordinates": [
          135.810146,
          34.890724
        ],
        "type": "Point"
      },
      "properties": {
        "bangumi_id": 115908,
        "bangumi_title": "吹响吧！上低音号",
        "ep_cut": 7,
        "image_url": "https://w.junreimap.com/images/points/115908/7o7eieb4.jpg",
        "location": "",
        "point_id": "7o7eieb4",
        "point_name": "水原桐",
        "remark": ""
      },
      "type": "Feature"
    },
    {
      "geometry": {
        "coordinates": [
          135.810157,
          34.890727
        ],
        "type": "Point"
      },
      "properties": {
        "bangumi_id": 115908,
        "bangumi_title": "吹响吧！上低音号",
        "ep_cut": 7,
        "image_url": "https://w.junreimap.com/images/points/115908/7o7qogij.jpg",
        "location": "",
        "point_id": "7o7qogij",
        "point_name": "桐原水",
        "remark": ""
      },
      "type": "Feature"
    },
    {
      "geometry": {
        "coordinates": [
          135.810142,
          34.890717
        ],
        "type": "Point"
      },
      "properties": {
        "bangumi_id": 115908,
        "bangumi_title": "吹响吧！上低音号",
        "ep_cut": 7,
        "image_url": "https://w.junreimap.com/images/points/115908/7o7tw3tv.jpg",
        "location": "",
        "point_id": "7o7tw3tv",
        "point_name": "桐原水",
        "remark": ""
      },
      "type": "Feature"
    },
    {
      "geometry": {
        "coordinates": [
          135.810118,
          34.890748
        ],
        "type": "Point"
      },
      "properties": {
        "bangumi_id": 115908,
        "bangumi_title": "吹响吧！上低音号",
        "ep_cut": 7,
        "image_url": "https://w.junreimap.com/images/points/115908/7o7wt12o.jpg",
        "location": "",
        "point_id": "7o7wt12o",
        "point_name": "桐原水",
        "remark": ""
      },
      "type": "Feature"
    },
    {
      "geometry": {
        "coordinates": [
          135.810118,
          34.89074
        ],
        "type": "Point"
      },
      "properties": {
        "bangumi_id": 115908,
        "bangumi_title": "吹响吧！上低音号",
        "ep_cut": 7,
        "image_url": "https://w.junreimap.com/images/points/115908/7o812vit.jpg",
        "location": "",
        "point_id": "7o812vit",
        "point_name": "桐原水",
        "remark": ""
      },
      "type": "Feature"
    },
    {
      "geometry": {
        "coordinates": [
          135.810127,
          34.890727
        ],
        "type": "Point"
      },
      "properties": {
        "bangumi_id": 115908,
        "bangumi_title": "吹响吧！上低音号",
        "ep_cut": 7,
        "image_url": "https://w.junreimap.com/images/points/115908/7o87w23j.jpg",
        "location": "",
        "point_id": "7o87w23j",
        "point_name": "桐原水",
        "remark": ""
      },
      "type": "Feature"
    },
    {
      "geometry": {
        "coordinates": [
          135.81012,
          34.890735
        ],
        "type": "Point"
      },
      "properties": {
        "bangumi_id": 115908,
        "bangumi_title": "吹响吧！上低音号",
        "ep_cut": 7,
        "image_url": "https://w.junreimap.com/images/points/115908/7o8crpo1.jpg",
        "location": "",
        "point_id": "7o8crpo1",
        "point_name": "桐原水",
        "remark": ""
      },
      "type": "Feature"
    },
    {
      "geometry": {
        "coordinates": [
          135.810115,
          34.890734
        ],
        "type": "Point"
      },
      "properties": {
        "bangumi_id": 115908,
        "bangumi_title": "吹响吧！上低音号",
        "ep_cut": 7,
        "image_url": "https://w.junreimap.com/images/points/115908/7o8nxlwu.jpg",
        "location": "",
        "point_id": "7o8nxlwu",
        "point_name": "桐原水",
        "remark": ""
      },
      "type": "Feature"
    },
    {
      "geometry": {
        "coordinates": [
          135.810166,
          34.890714
        ],
        "type": "Point"
      },
      "properties": {
        "bangumi_id": 115908,
        "bangumi_title": "吹响吧！上低音号",
        "ep_cut": 7,
        "image_url": "https://w.junreimap.com/images/points/115908/7o93c170.jpg",
        "location": "",
        "point_id": "7o93c170",
        "point_name": "桐原水",
        "remark": ""
      },
      "type": "Feature"
    },
    {
      "geometry": {
        "coordinates": [
          135.810141,
          34.890729
        ],
        "type": "Point"
      },
      "properties": {
        "bangumi_id": 115908,
        "bangumi_title": "吹响吧！上低音号",
        "ep_cut": 7,
        "image_url": "https://w.junreimap.com/images/points/115908/7o9c60yk.jpg",
        "location": "",
        "point_id": "7o9c60yk",
        "point_name": "桐原水",
        "remark": ""
      },
      "type": "Feature"
    },
    {
      "geometry": {
        "coordinates": [
          135.808225,
          34.894912
        ],
        "type": "Point"
      },
      "properties": {
        "bangumi_id": 115908,
        "bangumi_title": "吹响吧！上低音号",
        "ep_cut": 1,
        "image_url": "https://w.junreimap.com/images/points/115908/qys7iw.jpg",
        "location": "",
        "point_id": "qys7iw",
        "point_name": "府道７号線ガスト前",
        "remark": ""
      },
      "type": "Feature"
    },
    {
      "geometry": {
        "coordinates": [
          135.806959,
          34.893913
        ],
        "type": "Point"
      },
      "properties": {
        "bangumi_id": 115908,
        "bangumi_title": "吹响吧！上低音号",
        "ep_cut": 12,
        "image_url": "https://w.junreimap.com/images/points/115908/k97znz3w_1673372490534.jpg",
        "location": "",
        "point_id": "k97znz3w",
        "point_name": "京阪宇治",
        "remark": ""
      },
      "type": "Feature"
    },
    {
      "geometry": {
        "coordinates": [
          135.806396,
          34.894453
        ],
        "type": "Point"
      },
      "properties": {
        "bangumi_id": 115908,
        "bangumi_title": "吹响吧！上低音号",
        "ep_cut": 1,
        "image_url": "https://w.junreimap.com/images/points/115908/7gia835k.jpg",
        "location": "",
        "point_id": "7gia835k",
        "point_name": "京阪宇治闸机",
        "remark": ""
      },
      "type": "Feature"
    },
    {
      "geometry": {
        "coordinates": [
          135.806359,
          34.894446
        ],
        "type": "Point"
      },
      "properties": {
        "bangumi_id": 115908,
        "bangumi_title": "吹响吧！上低音号",
        "ep_cut": 5,
        "image_url": "https://w.junreimap.com/images/points/115908/7jfnn484.jpg",
        "location": "",
        "point_id": "7jfnn484",
        "point_name": "京阪宇治闸机",
        "remark": ""
      },
      "type": "Feature"
    },
    {
      "geometry": {
        "coordinates": [
          135.80639,
          34.894401
        ],
        "type": "Point"
      },
      "properties": {
        "bangumi_id": 115908,
        "bangumi_title": "吹响吧！上低音号",
        "ep_cut": 5,
        "image_url": "https://w.junreimap.com/images/points/115908/7jfze4bl.jpg",
        "location": "",
        "point_id": "7jfze4bl",
        "point_name": "京阪宇治闸机",
        "remark": ""
      },
      "type": "Feature"
    },
    {
      "geometry": {
        "coordinates": [
          135.806502,
          34.894266
        ],
        "type": "Point"
      },
      "properties": {
        "bangumi_id": 115908,
        "bangumi_title": "吹响吧！上低音号",
        "ep_cut": 5,
        "image_url": "https://w.junreimap.com/images/points/115908/7jg7kxj7.jpg",
        "location": "",
        "point_id": "7jg7kxj7",
        "point_name": "京阪宇治闸机",
        "remark": ""
      },
      "type": "Feature"
    },
    {
      "geometry": {
        "coordinates": [
          135.806607,
          34.89423
        ],
        "type": "Point"
      },
      "properties": {
        "bangumi_id": 115908,
        "bangumi_title": "吹响吧！上低音号",
        "ep_cut": 5,
        "image_url": "https://w.junreimap.com/images/points/115908/7jgaaolz.jpg",
        "location": "",
        "point_id": "7jgaaolz",
        "point_name": "京阪宇治",
        "remark": ""
      },
      "type": "Feature"
    },
    {
      "geometry": {
        "coordinates": [
          135.806606,
          34.894218
        ],
        "type": "Point"
      },
      "properties": {
        "bangumi_id": 115908,
        "bangumi_title": "吹响吧！上低音号",
        "ep_cut": 5,
        "image_url": "https://w.junreimap.com/images/points/115908/7jh8xt06.jpg",
        "location": "",
        "point_id": "7jh8xt06",
        "point_name": "京阪宇治",
        "remark": ""
      },
      "type": "Feature"
    },
    {
      "geometry": {
        "coordinates": [
          135.806611,
          34.894219
        ],
        "type": "Point"
      },
      "properties": {
        "bangumi_id": 115908,
        "bangumi_title": "吹响吧！上低音号",
        "ep_cut": 5,
        "image_url": "https://w.junreimap.com/images/points/115908/7jhd9oky.jpg",
        "location": "",
        "point_id": "7jhd9oky",
        "point_name": "京阪宇治",
        "remark": ""
      },
      "type": "Feature"
    },
    {
      "geometry": {
        "coordinates": [
          135.806607,
          34.894215
        ],
        "type": "Point"
      },
      "properties": {
        "bangumi_id": 115908,
        "bangumi_title": "吹响吧！上低音号",
        "ep_cut": 5,
        "image_url": "https://w.junreimap.com/images/points/115908/7jhixi0m.jpg",
        "location": "",
        "point_id": "7jhixi0m",
        "point_name": "京阪宇治",
        "remark": ""
      },
      "type": "Feature"
    },
    {
      "geometry": {
        "coordinates": [
          135.806767,
          34.894147
        ],
        "type": "Point"
      },
      "properties": {
        "bangumi_id": 115908,
        "bangumi_title": "吹响吧！上低音号",
        "ep_cut": 5,
        "image_url": "https://w.junreimap.com/images/points/115908/7jhnw9ev.jpg",
        "location": "",
        "point_id": "7jhnw9ev",
        "point_name": "京阪宇治外",
        "remark": ""
      },
      "type": "Feature"
    },
    {
      "geometry": {
        "coordinates": [
          135.806787,
          34.894266
        ],
        "type": "Point"
      },
      "properties": {
        "bangumi_id": 115908,
        "bangumi_title": "吹响吧！上低音号",
        "ep_cut": 12,
        "image_url": "https://w.junreimap.com/images/points/115908/kq2zn2110_1716609420491.jpg",
        "location": "",
        "point_id": "kq2zn2110",
        "point_name": "京阪宇治外 现案内所前",
        "remark": ""
      },
      "type": "Feature"
    },
    {
      "geometry": {
        "coordinates": [
          135.806736,
          34.894283
        ],
        "type": "Point"
      },
      "properties": {
        "bangumi_id": 115908,
        "bangumi_title": "吹响吧！上低音号",
        "ep_cut": 12,
        "image_url": "https://w.junreimap.com/images/points/115908/kq3008bqx_1716609433600.jpg",
        "location": "",
        "point_id": "kq3008bqx",
        "point_name": "京阪宇治外 现案内所前",
        "remark": ""
      },
      "type": "Feature"
    },
    {
      "geometry": {
        "coordinates": [
          135.806747,
          34.89426
        ],
        "type": "Point"
      },
      "properties": {
        "bangumi_id": 115908,
        "bangumi_title": "吹响吧！上低音号",
        "ep_cut": 12,
        "image_url": "https://w.junreimap.com/images/points/115908/kq303j7vz_1716609438856.jpg",
        "location": "",
        "point_id": "kq303j7vz",
        "point_name": "京阪宇治外 现案内所前",
        "remark": ""
      },
      "type": "Feature"
    },
    {
      "geometry": {
        "coordinates": [
          135.806901,
          34.893837
        ],
        "type": "Point"
      },
      "properties": {
        "bangumi_id": 115908,
        "bangumi_title": "吹响吧！上低音号",
        "ep_cut": 5,
        "image_url": "https://w.junreimap.com/images/points/115908/7ji6y1ru.jpg",
        "location": "",
        "point_id": "7ji6y1ru",
        "point_name": "京阪宇治外",
        "remark": ""
      },
      "type": "Feature"
    },
    {
      "geometry": {
        "coordinates": [
          135.806947,
          34.893506
        ],
        "type": "Point"
      },
      "properties": {
        "bangumi_id": 115908,
        "bangumi_title": "吹响吧！上低音号",
        "ep_cut": 5,
        "image_url": "https://w.junreimap.com/images/points/115908/7jiu7waa.jpg",
        "location": "",
        "point_id": "7jiu7waa",
        "point_name": "京阪宇治外",
        "remark": ""
      },
      "type": "Feature"
    },
    {
      "geometry": {
        "coordinates": [
          135.807025,
          34.893637
        ],
        "type": "Point"
      },
      "properties": {
        "bangumi_id": 115908,
        "bangumi_title": "吹响吧！上低音号",
        "ep_cut": 5,
        "image_url": "https://w.junreimap.com/images/points/115908/7jijljyl.jpg",
        "location": "",
        "point_id": "7jijljyl",
        "point_name": "京阪宇治外",
        "remark": ""
      },
      "type": "Feature"
    },
    {
      "geometry": {
        "coordinates": [
          135.807152,
          34.893792
        ],
        "type": "Point"
      },
      "properties": {
        "bangumi_id": 115908,
        "bangumi_title": "吹响吧！上低音号",
        "ep_cut": 12,
        "image_url": "https://w.junreimap.com/images/points/115908/kq2hwnzvq_1716608339626.jpg",
        "location": "",
        "point_id": "kq2hwnzvq",
        "point_name": "京阪宇治外",
        "remark": ""
      },
      "type": "Feature"
    },
    {
      "geometry": {
        "coordinates": [
          135.806444,
          34.894364
        ],
        "type": "Point"
      },
      "properties": {
        "bangumi_id": 115908,
        "bangumi_title": "吹响吧！上低音号",
        "ep_cut": 4,
        "image_url": "https://w.junreimap.com/images/points/115908/7ipvee45.jpg",
        "location": "",
        "point_id": "7ipvee45",
        "point_name": "京阪宇治站内",
        "remark": ""
      },
      "type": "Feature"
    },
    {
      "geometry": {
        "coordinates": [
          135.806417,
          34.894334
        ],
        "type": "Point"
      },
      "properties": {
        "bangumi_id": 115908,
        "bangumi_title": "吹响吧！上低音号",
        "ep_cut": 4,
        "image_url": "https://w.junreimap.com/images/points/115908/7iq1gpte.jpg",
        "location": "",
        "point_id": "7iq1gpte",
        "point_name": "京阪宇治站内",
        "remark": ""
      },
      "type": "Feature"
    },
    {
      "geometry": {
        "coordinates": [
          135.80628,
          34.894734
        ],
        "type": "Point"
      },
      "properties": {
        "bangumi_id": 115908,
        "bangumi_title": "吹响吧！上低音号",
        "ep_cut": 1,
        "image_url": "https://w.junreimap.com/images/points/115908/7giv34em.jpg",
        "location": "",
        "point_id": "7giv34em",
        "point_name": "京阪宇治站台",
        "remark": ""
      },
      "type": "Feature"
    },
    {
      "geometry": {
        "coordinates": [
          135.80628,
          34.895707
        ],
        "type": "Point"
      },
      "properties": {
        "bangumi_id": 115908,
        "bangumi_title": "吹响吧！上低音号",
        "ep_cut": 8,
        "image_url": "https://w.junreimap.com/images/points/115908/7p0ojl4n.jpg",
        "location": "",
        "point_id": "7p0ojl4n",
        "point_name": "京阪宇治站台",
        "remark": ""
      },
      "type": "Feature"
    },
    {
      "geometry": {
        "coordinates": [
          135.80627,
          34.895511
        ],
        "type": "Point"
      },
      "properties": {
        "bangumi_id": 115908,
        "bangumi_title": "吹响吧！上低音号",
        "ep_cut": 8,
        "image_url": "https://w.junreimap.com/images/points/115908/7p0roo05.jpg",
        "location": "",
        "point_id": "7p0roo05",
        "point_name": "京阪宇治站台",
        "remark": ""
      },
      "type": "Feature"
    },
    {
      "geometry": {
        "coordinates": [
          135.80626,
          34.894809
        ],
        "type": "Point"
      },
      "properties": {
        "bangumi_id": 115908,
        "bangumi_title": "吹响吧！上低音号",
        "ep_cut": 8,
        "image_url": "https://w.junreimap.com/images/points/115908/7p0z85tn.jpg",
        "location": "",
        "point_id": "7p0z85tn",
        "point_name": "京阪宇治站台",
        "remark": ""
      },
      "type": "Feature"
    },
    {
      "geometry": {
        "coordinates": [
          135.806257,
          34.894857
        ],
        "type": "Point"
      },
      "properties": {
        "bangumi_id": 115908,
        "bangumi_title": "吹响吧！上低音号",
        "ep_cut": 8,
        "image_url": "https://w.junreimap.com/images/points/115908/7p0uzgnp.jpg",
        "location": "",
        "point_id": "7p0uzgnp",
        "point_name": "京阪宇治站台",
        "remark": ""
      },
      "type": "Feature"
    },
    {
      "geometry": {
        "coordinates": [
          135.806295,
          34.894795
        ],
        "type": "Point"
      },
      "properties": {
        "bangumi_id": 115908,
        "bangumi_title": "吹响吧！上低音号",
        "ep_cut": 8,
        "image_url": "https://w.junreimap.com/images/points/115908/7p11hq6h.jpg",
        "location": "",
        "point_id": "7p11hq6h",
        "point_name": "京阪宇治站台",
        "remark": ""
      },
      "type": "Feature"
    },
    {
      "geometry": {
        "coordinates": [
          135.806213,
          34.894931
        ],
        "type": "Point"
      },
      "properties": {
        "bangumi_id": 115908,
        "bangumi_title": "吹响吧！上低音号",
        "ep_cut": 1,
        "image_url": "https://w.junreimap.com/images/points/115908/7gj772ap.jpg",
        "location": "",
        "point_id": "7gj772ap",
        "point_name": "电车内",
        "remark": ""
      },
      "type": "Feature"
    },
    {
      "geometry": {
        "coordinates": [
          135.80685,
          34.893411
        ],
        "type": "Point"
      },
      "properties": {
        "bangumi_id": 115908,
        "bangumi_title": "吹响吧！上低音号",
        "ep_cut": 5,
        "image_url": "https://w.junreimap.com/images/points/115908/7jj2ywzo.jpg",
        "location": "",
        "point_id": "7jj2ywzo",
        "point_name": "宇治桥东",
        "remark": ""
      },
      "type": "Feature"
    },
    {
      "geometry": {
        "coordinates": [
          135.806838,
          34.893388
        ],
        "type": "Point"
      },
      "properties": {
        "bangumi_id": 115908,
        "bangumi_title": "吹响吧！上低音号",
        "ep_cut": 5,
        "image_url": "https://w.junreimap.com/images/points/115908/7jji0x4c.jpg",
        "location": "",
        "point_id": "7jji0x4c",
        "point_name": "宇治桥东",
        "remark": ""
      },
      "type": "Feature"
    },
    {
      "geometry": {
        "coordinates": [
          135.806816,
          34.893376
        ],
        "type": "Point"
      },
      "properties": {
        "bangumi_id": 115908,
        "bangumi_title": "吹响吧！上低音号",
        "ep_cut": 5,
        "image_url": "https://w.junreimap.com/images/points/115908/7jjozvi3.jpg",
        "location": "",
        "point_id": "7jjozvi3",
        "point_name": "宇治桥东信号灯 红",
        "remark": ""
      },
      "type": "Feature"
    },
    {
      "geometry": {
        "coordinates": [
          135.80681,
          34.893363
        ],
        "type": "Point"
      },
      "properties": {
        "bangumi_id": 115908,
        "bangumi_title": "吹响吧！上低音号",
        "ep_cut": 5,
        "image_url": "https://w.junreimap.com/images/points/115908/7jk6jjwn.jpg",
        "location": "",
        "point_id": "7jk6jjwn",
        "point_name": "宇治桥东信号灯 绿",
        "remark": ""
      },
      "type": "Feature"
    },
    {
      "geometry": {
        "coordinates": [
          135.806821,
          34.893287
        ],
        "type": "Point"
      },
      "properties": {
        "bangumi_id": 115908,
        "bangumi_title": "吹响吧！上低音号",
        "ep_cut": 5,
        "image_url": "https://w.junreimap.com/images/points/115908/7jkd6mt2.jpg",
        "location": "",
        "point_id": "7jkd6mt2",
        "point_name": "宇治桥东 人行道",
        "remark": ""
      },
      "type": "Feature"
    },
    {
      "geometry": {
        "coordinates": [
          135.806859,
          34.893313
        ],
        "type": "Point"
      },
      "properties": {
        "bangumi_id": 115908,
        "bangumi_title": "吹响吧！上低音号",
        "ep_cut": 5,
        "image_url": "https://w.junreimap.com/images/points/115908/7jkmaxfo.jpg",
        "location": "",
        "point_id": "7jkmaxfo",
        "point_name": "宇治桥东 人行道",
        "remark": ""
      },
      "type": "Feature"
    },
    {
      "geometry": {
        "coordinates": [
          135.80689,
          34.893328
        ],
        "type": "Point"
      },
      "properties": {
        "bangumi_id": 115908,
        "bangumi_title": "吹响吧！上低音号",
        "ep_cut": 5,
        "image_url": "https://w.junreimap.com/images/points/115908/7jkstjk5.jpg",
        "location": "",
        "point_id": "7jkstjk5",
        "point_name": "宇治桥东 人行道",
        "remark": ""
      },
      "type": "Feature"
    },
    {
      "geometry": {
        "coordinates": [
          135.806874,
          34.893295
        ],
        "type": "Point"
      },
      "properties": {
        "bangumi_id": 115908,
        "bangumi_title": "吹响吧！上低音号",
        "ep_cut": 5,
        "image_url": "https://w.junreimap.com/images/points/115908/7jkzpa7a.jpg",
        "location": "",
        "point_id": "7jkzpa7a",
        "point_name": "宇治桥东 人行道",
        "remark": ""
      },
      "type": "Feature"
    },
    {
      "geometry": {
        "coordinates": [
          135.806907,
          34.89331
        ],
        "type": "Point"
      },
      "properties": {
        "bangumi_id": 115908,
        "bangumi_title": "吹响吧！上低音号",
        "ep_cut": 5,
        "image_url": "https://w.junreimap.com/images/points/115908/7jl3zy28.jpg",
        "location": "",
        "point_id": "7jl3zy28",
        "point_name": "宇治桥东 人行道",
        "remark": ""
      },
      "type": "Feature"
    },
    {
      "geometry": {
        "coordinates": [
          135.806928,
          34.893344
        ],
        "type": "Point"
      },
      "properties": {
        "bangumi_id": 115908,
        "bangumi_title": "吹响吧！上低音号",
        "ep_cut": 5,
        "image_url": "https://w.junreimap.com/images/points/115908/7jlfmfnt.jpg",
        "location": "",
        "point_id": "7jlfmfnt",
        "point_name": "宇治桥东 人行道",
        "remark": ""
      },
      "type": "Feature"
    },
    {
      "geometry": {
        "coordinates": [
          135.807037,
          34.893408
        ],
        "type": "Point"
      },
      "properties": {
        "bangumi_id": 115908,
        "bangumi_title": "吹响吧！上低音号",
        "ep_cut": 5,
        "image_url": "https://w.junreimap.com/images/points/115908/7jllz2tb.jpg",
        "location": "",
        "point_id": "7jllz2tb",
        "point_name": "宇治桥东 人行道",
        "remark": ""
      },
      "type": "Feature"
    },
    {
      "geometry": {
        "coordinates": [
          135.806725,
          34.893221
        ],
        "type": "Point"
      },
      "properties": {
        "bangumi_id": 115908,
        "bangumi_title": "吹响吧！上低音号",
        "ep_cut": 5,
        "image_url": "https://w.junreimap.com/images/points/115908/7jlt76r3.jpg",
        "location": "",
        "point_id": "7jlt76r3",
        "point_name": "宇治桥东 人行道",
        "remark": ""
      },
      "type": "Feature"
    },
    {
      "geometry": {
        "coordinates": [
          135.806884,
          34.893631
        ],
        "type": "Point"
      },
      "properties": {
        "bangumi_id": 115908,
        "bangumi_title": "吹响吧！上低音号",
        "ep_cut": 12,
        "image_url": "https://w.junreimap.com/images/points/115908/kq2i3c3fv_1716608350078.jpg",
        "location": "",
        "point_id": "kq2i3c3fv",
        "point_name": "宇治桥东 不甘心",
        "remark": ""
      },
      "type": "Feature"
    },
    {
      "geometry": {
        "coordinates": [
          135.806273,
          34.894643
        ],
        "type": "Point"
      },
      "properties": {
        "bangumi_id": 115908,
        "bangumi_title": "吹响吧！上低音号",
        "ep_cut": 4,
        "image_url": "https://w.junreimap.com/images/points/115908/7ipo0s0t.jpg",
        "location": "",
        "point_id": "7ipo0s0t",
        "point_name": "京阪宇治站台 黄昏",
        "remark": ""
      },
      "type": "Feature"
    },
    {
      "geometry": {
        "coordinates": [
          135.794181,
          34.931533
        ],
        "type": "Point"
      },
      "properties": {
        "bangumi_id": 115908,
        "bangumi_title": "吹响吧！上低音号",
        "ep_cut": 1,
        "image_url": "https://w.junreimap.com/images/points/115908/qys7k0.jpg",
        "location": "",
        "point_id": "qys7k0",
        "point_name": "六地蔵駅付近鉄塔",
        "remark": ""
      },
      "type": "Feature"
    },
    {
      "geometry": {
        "coordinates": [
          136.898886,
          35.131588
        ],
        "type": "Point"
      },
      "properties": {
        "bangumi_id": 115908,
        "bangumi_title": "吹响吧！上低音号",
        "ep_cut": 1,
        "image_url": "https://w.junreimap.com/images/points/115908/qys7jx.jpg",
        "location": "",
        "point_id": "qys7jx",
        "point_name": "名古屋国際会議場センチュリーホール",
        "remark": ""
      },
      "type": "Feature"
    },
    {
      "geometry": {
        "coordinates": [
          135.805778,
          34.892536
        ],
        "type": "Point"
      },
      "properties": {
        "bangumi_id": 115908,
        "bangumi_title": "吹响吧！上低音号",
        "ep_cut": 1,
        "image_url": "https://w.junreimap.com/images/points/115908/7f3s0088.jpg",
        "location": "",
        "point_id": "7f3s0088",
        "point_name": "宇治橋西",
        "remark": ""
      },
      "type": "Feature"
    },
    {
      "geometry": {
        "coordinates": [
          135.805697,
          34.892463
        ],
        "type": "Point"
      },
      "properties": {
        "bangumi_id": 115908,
        "bangumi_title": "吹响吧！上低音号",
        "ep_cut": 2,
        "image_url": "https://w.junreimap.com/images/points/115908/7gu3e7rw.jpg",
        "location": "",
        "point_id": "7gu3e7rw",
        "point_name": "宇治橋西詰",
        "remark": ""
      },
      "type": "Feature"
    },
    {
      "geometry": {
        "coordinates": [
          135.805665,
          34.892427
        ],
        "type": "Point"
      },
      "properties": {
        "bangumi_id": 115908,
        "bangumi_title": "吹响吧！上低音号",
        "ep_cut": 8,
        "image_url": "https://w.junreimap.com/images/points/115908/7p1j4fcv.jpg",
        "location": "",
        "point_id": "7p1j4fcv",
        "point_name": "宇治橋西詰",
        "remark": ""
      },
      "type": "Feature"
    },
    {
      "geometry": {
        "coordinates": [
          135.805357,
          34.892416
        ],
        "type": "Point"
      },
      "properties": {
        "bangumi_id": 115908,
        "bangumi_title": "吹响吧！上低音号",
        "ep_cut": 2,
        "image_url": "https://w.junreimap.com/images/points/115908/7guqr1t0.jpg",
        "location": "",
        "point_id": "7guqr1t0",
        "point_name": "宇治橋西詰 萨莉亚方向",
        "remark": ""
      },
      "type": "Feature"
    },
    {
      "geometry": {
        "coordinates": [
          135.80517,
          34.892543
        ],
        "type": "Point"
      },
      "properties": {
        "bangumi_id": 115908,
        "bangumi_title": "吹响吧！上低音号",
        "ep_cut": 2,
        "image_url": "https://w.junreimap.com/images/points/115908/7gvpv17f.jpg",
        "location": "",
        "point_id": "7gvpv17f",
        "point_name": "宇治橋西詰",
        "remark": ""
      },
      "type": "Feature"
    },
    {
      "geometry": {
        "coordinates": [
          135.806595,
          34.892919
        ],
        "type": "Point"
      },
      "properties": {
        "bangumi_id": 115908,
        "bangumi_title": "吹响吧！上低音号",
        "ep_cut": 2,
        "image_url": "https://w.junreimap.com/images/points/115908/7gs3o1mm.jpg",
        "location": "",
        "point_id": "7gs3o1mm",
        "point_name": "宇治橋",
        "remark": ""
      },
      "type": "Feature"
    },
    {
      "geometry": {
        "coordinates": [
          135.806906,
          34.892498
        ],
        "type": "Point"
      },
      "properties": {
        "bangumi_id": 115908,
        "bangumi_title": "吹响吧！上低音号",
        "ep_cut": 2,
        "image_url": "https://w.junreimap.com/images/points/115908/7gs8jjkx.jpg",
        "location": "",
        "point_id": "7gs8jjkx",
        "point_name": "宇治橋",
        "remark": ""
      },
      "type": "Feature"
    },
    {
      "geometry": {
        "coordinates": [
          135.806299,
          34.892879
        ],
        "type": "Point"
      },
      "properties": {
        "bangumi_id": 115908,
        "bangumi_title": "吹响吧！上低音号",
        "ep_cut": 5,
        "image_url": "https://w.junreimap.com/images/points/115908/7jn2zoll.jpg",
        "location": "",
        "point_id": "7jn2zoll",
        "point_name": "宇治桥 清晨",
        "remark": ""
      },
      "type": "Feature"
    },
    {
      "geometry": {
        "coordinates": [
          135.806805,
          34.893233
        ],
        "type": "Point"
      },
      "properties": {
        "bangumi_id": 115908,
        "bangumi_title": "吹响吧！上低音号",
        "ep_cut": 2,
        "image_url": "https://w.junreimap.com/images/points/115908/qys7jp.jpg",
        "location": "",
        "point_id": "qys7jp",
        "point_name": "JR奈良線鉄橋",
        "remark": ""
      },
      "type": "Feature"
    },
    {
      "geometry": {
        "coordinates": [
          135.80496,
          34.932588
        ],
        "type": "Point"
      },
      "properties": {
        "bangumi_id": 115908,
        "bangumi_title": "吹响吧！上低音号",
        "ep_cut": 2,
        "image_url": "https://w.junreimap.com/images/points/115908/qys7kd.jpg",
        "location": "",
        "point_id": "qys7kd",
        "point_name": "宇治御蔵山郵便局付近坂道",
        "remark": ""
      },
      "type": "Feature"
    },
    {
      "geometry": {
        "coordinates": [
          135.804781,
          34.932587
        ],
        "type": "Point"
      },
      "properties": {
        "bangumi_id": 115908,
        "bangumi_title": "吹响吧！上低音号",
        "ep_cut": 2,
        "image_url": "https://w.junreimap.com/images/points/115908/7gz164ne.jpg",
        "location": "",
        "point_id": "7gz164ne",
        "point_name": "宇治御蔵山郵便局付近坂道",
        "remark": ""
      },
      "type": "Feature"
    },
    {
      "geometry": {
        "coordinates": [
          135.803952,
          34.932586
        ],
        "type": "Point"
      },
      "properties": {
        "bangumi_id": 115908,
        "bangumi_title": "吹响吧！上低音号",
        "ep_cut": 2,
        "image_url": "https://w.junreimap.com/images/points/115908/qys7kj.jpg",
        "location": "",
        "point_id": "qys7kj",
        "point_name": "3D茶田",
        "remark": "宇治御蔵山郵便局付近茶畑"
      },
      "type": "Feature"
    },
    {
      "geometry": {
        "coordinates": [
          135.803741,
          34.932607
        ],
        "type": "Point"
      },
      "properties": {
        "bangumi_id": 115908,
        "bangumi_title": "吹响吧！上低音号",
        "ep_cut": 3,
        "image_url": "https://w.junreimap.com/images/points/115908/7hjiux68.jpg",
        "location": "",
        "point_id": "7hjiux68",
        "point_name": "3D茶田",
        "remark": ""
      },
      "type": "Feature"
    },
    {
      "geometry": {
        "coordinates": [
          135.803592,
          34.932641
        ],
        "type": "Point"
      },
      "properties": {
        "bangumi_id": 115908,
        "bangumi_title": "吹响吧！上低音号",
        "ep_cut": 3,
        "image_url": "https://w.junreimap.com/images/points/115908/7hkd01wk.jpg",
        "location": "",
        "point_id": "7hkd01wk",
        "point_name": "3D茶田",
        "remark": ""
      },
      "type": "Feature"
    },
    {
      "geometry": {
        "coordinates": [
          135.809662,
          34.908269
        ],
        "type": "Point"
      },
      "properties": {
        "bangumi_id": 115908,
        "bangumi_title": "吹响吧！上低音号",
        "ep_cut": 2,
        "image_url": "https://w.junreimap.com/images/points/115908/qys7kc.jpg",
        "location": "",
        "point_id": "qys7kc",
        "point_name": "711宇治黄檗公园店",
        "remark": ""
      },
      "type": "Feature"
    },
    {
      "geometry": {
        "coordinates": [
          135.809405,
          34.908369
        ],
        "type": "Point"
      },
      "properties": {
        "bangumi_id": 115908,
        "bangumi_title": "吹响吧！上低音号",
        "ep_cut": 3,
        "image_url": "https://w.junreimap.com/images/points/115908/7hhmmioa.jpg",
        "location": "",
        "point_id": "7hhmmioa",
        "point_name": "711宇治黄檗公园店 看板特写",
        "remark": ""
      },
      "type": "Feature"
    },
    {
      "geometry": {
        "coordinates": [
          135.809373,
          34.908361
        ],
        "type": "Point"
      },
      "properties": {
        "bangumi_id": 115908,
        "bangumi_title": "吹响吧！上低音号",
        "ep_cut": 4,
        "image_url": "https://w.junreimap.com/images/points/115908/7ioibwlu.jpg",
        "location": "",
        "point_id": "7ioibwlu",
        "point_name": "711宇治黄檗公园店 看板特写",
        "remark": ""
      },
      "type": "Feature"
    },
    {
      "geometry": {
        "coordinates": [
          135.809449,
          34.908245
        ],
        "type": "Point"
      },
      "properties": {
        "bangumi_id": 115908,
        "bangumi_title": "吹响吧！上低音号",
        "ep_cut": 3,
        "image_url": "https://w.junreimap.com/images/points/115908/7ht98dbn.jpg",
        "location": "",
        "point_id": "7ht98dbn",
        "point_name": "711宇治黄檗公园店",
        "remark": ""
      },
      "type": "Feature"
    },
    {
      "geometry": {
        "coordinates": [
          135.809394,
          34.908222
        ],
        "type": "Point"
      },
      "properties": {
        "bangumi_id": 115908,
        "bangumi_title": "吹响吧！上低音号",
        "ep_cut": 4,
        "image_url": "https://w.junreimap.com/images/points/115908/7ip9ueuc.jpg",
        "location": "",
        "point_id": "7ip9ueuc",
        "point_name": "711宇治黄檗公园店",
        "remark": ""
      },
      "type": "Feature"
    },
    {
      "geometry": {
        "coordinates": [
          135.809654,
          34.908232
        ],
        "type": "Point"
      },
      "properties": {
        "bangumi_id": 115908,
        "bangumi_title": "吹响吧！上低音号",
        "ep_cut": 3,
        "image_url": "https://w.junreimap.com/images/points/115908/7hi0jj88.jpg",
        "location": "",
        "point_id": "7hi0jj88",
        "point_name": "711宇治黄檗公园店 黄昏",
        "remark": ""
      },
      "type": "Feature"
    },
    {
      "geometry": {
        "coordinates": [
          135.809604,
          34.908211
        ],
        "type": "Point"
      },
      "properties": {
        "bangumi_id": 115908,
        "bangumi_title": "吹响吧！上低音号",
        "ep_cut": 4,
        "image_url": "https://w.junreimap.com/images/points/115908/7ip00wyg.jpg",
        "location": "",
        "point_id": "7ip00wyg",
        "point_name": "711宇治黄檗公园店 黄昏",
        "remark": ""
      },
      "type": "Feature"
    },
    {
      "geometry": {
        "coordinates": [
          135.809572,
          34.908208
        ],
        "type": "Point"
      },
      "properties": {
        "bangumi_id": 115908,
        "bangumi_title": "吹响吧！上低音号",
        "ep_cut": 4,
        "image_url": "https://w.junreimap.com/images/points/115908/7ioqaug3.jpg",
        "location": "",
        "point_id": "7ioqaug3",
        "point_name": "711宇治黄檗公园店 黄昏",
        "remark": ""
      },
      "type": "Feature"
    },
    {
      "geometry": {
        "coordinates": [
          135.809602,
          34.908252
        ],
        "type": "Point"
      },
      "properties": {
        "bangumi_id": 115908,
        "bangumi_title": "吹响吧！上低音号",
        "ep_cut": 3,
        "image_url": "https://w.junreimap.com/images/points/115908/7hieeza6.jpg",
        "location": "",
        "point_id": "7hieeza6",
        "point_name": "711宇治黄檗公园店 扭蛋机",
        "remark": ""
      },
      "type": "Feature"
    },
    {
      "geometry": {
        "coordinates": [
          135.809547,
          34.908172
        ],
        "type": "Point"
      },
      "properties": {
        "bangumi_id": 115908,
        "bangumi_title": "吹响吧！上低音号",
        "ep_cut": 9,
        "image_url": "https://w.junreimap.com/images/points/115908/4x2ur39_1757717661683.jpg",
        "location": "",
        "point_id": "4x2ur39",
        "point_name": "711宇治黄檗公园店",
        "remark": "（补点）这里原先的地标点似乎不见了"
      },
      "type": "Feature"
    },
    {
      "geometry": {
        "coordinates": [
          135.81149,
          34.906838
        ],
        "type": "Point"
      },
      "properties": {
        "bangumi_id": 115908,
        "bangumi_title": "吹响吧！上低音号",
        "ep_cut": 12,
        "image_url": "https://w.junreimap.com/images/points/115908/kq2xpnyje_1716609353431.jpg",
        "location": "",
        "point_id": "kq2xpnyje",
        "point_name": "羽戸山緑地 附近",
        "remark": ""
      },
      "type": "Feature"
    },
    {
      "geometry": {
        "coordinates": [
          135.810637,
          34.907345
        ],
        "type": "Point"
      },
      "properties": {
        "bangumi_id": 115908,
        "bangumi_title": "吹响吧！上低音号",
        "ep_cut": 9,
        "image_url": "https://w.junreimap.com/images/points/115908/4x2m39g_1757717258979.jpg",
        "location": "",
        "point_id": "4x2m39g",
        "point_name": "羽戸山緑地付近",
        "remark": "（补点）这里原先的地标点似乎不见了"
      },
      "type": "Feature"
    },
    {
      "geometry": {
        "coordinates": [
          135.811159,
          34.907145
        ],
        "type": "Point"
      },
      "properties": {
        "bangumi_id": 115908,
        "bangumi_title": "吹响吧！上低音号",
        "ep_cut": 1,
        "image_url": "https://w.junreimap.com/images/points/115908/qys7jm.jpg",
        "location": "",
        "point_id": "qys7jm",
        "point_name": "羽戸山緑地付近",
        "remark": "OP 跳起 PAN"
      },
      "type": "Feature"
    },
    {
      "geometry": {
        "coordinates": [
          135.8114,
          34.907222
        ],
        "type": "Point"
      },
      "properties": {
        "bangumi_id": 115908,
        "bangumi_title": "吹响吧！上低音号",
        "ep_cut": 2,
        "image_url": "https://w.junreimap.com/images/points/115908/qys7i9.jpg",
        "location": "",
        "point_id": "qys7i9",
        "point_name": "羽戸山緑地付近",
        "remark": ""
      },
      "type": "Feature"
    },
    {
      "geometry": {
        "coordinates": [
          135.81133,
          34.906796
        ],
        "type": "Point"
      },
      "properties": {
        "bangumi_id": 115908,
        "bangumi_title": "吹响吧！上低音号",
        "ep_cut": 12,
        "image_url": "https://w.junreimap.com/images/points/115908/kq2z20rzc_1716609376144.jpg",
        "location": "",
        "point_id": "kq2z20rzc",
        "point_name": "羽戸山緑地 附近",
        "remark": ""
      },
      "type": "Feature"
    },
    {
      "geometry": {
        "coordinates": [
          135.811303,
          34.906793
        ],
        "type": "Point"
      },
      "properties": {
        "bangumi_id": 115908,
        "bangumi_title": "吹响吧！上低音号",
        "ep_cut": 12,
        "image_url": "https://w.junreimap.com/images/points/115908/kq2z806gw_1716609385959.jpg",
        "location": "",
        "point_id": "kq2z806gw",
        "point_name": "羽戸山緑地 附近",
        "remark": ""
      },
      "type": "Feature"
    },
    {
      "geometry": {
        "coordinates": [
          135.811277,
          34.906793
        ],
        "type": "Point"
      },
      "properties": {
        "bangumi_id": 115908,
        "bangumi_title": "吹响吧！上低音号",
        "ep_cut": 14,
        "image_url": "https://w.junreimap.com/images/user/2099/bangumi/115908/points/nzdvi9526-1725801794117.jpg",
        "location": "",
        "point_id": "nzdvi9526",
        "point_name": "羽戸山緑地 附近",
        "remark": ""
      },
      "type": "Feature"
    },
    {
      "geometry": {
        "coordinates": [
          135.811274,
          34.906795
        ],
        "type": "Point"
      },
      "properties": {
        "bangumi_id": 115908,
        "bangumi_title": "吹响吧！上低音号",
        "ep_cut": 14,
        "image_url": "https://w.junreimap.com/images/user/2099/bangumi/115908/points/nzdxcwv9l-1725801831953.jpg",
        "location": "",
        "point_id": "nzdxcwv9l",
        "point_name": "羽戸山緑地 附近",
        "remark": ""
      },
      "type": "Feature"
    },
    {
      "geometry": {
        "coordinates": [
          135.799795,
          34.92643
        ],
        "type": "Point"
      },
      "properties": {
        "bangumi_id": 115908,
        "bangumi_title": "吹响吧！上低音号",
        "ep_cut": 3,
        "image_url": "https://w.junreimap.com/images/points/115908/qys7hz.jpg",
        "location": "",
        "point_id": "qys7hz",
        "point_name": "マクドナルド宇治木幡店",
        "remark": ""
      },
      "type": "Feature"
    },
    {
      "geometry": {
        "coordinates": [
          135.799801,
          34.926428
        ],
        "type": "Point"
      },
      "properties": {
        "bangumi_id": 115908,
        "bangumi_title": "吹响吧！上低音号",
        "ep_cut": 10,
        "image_url": "https://w.junreimap.com/images/points/115908/kq0g9xsl8_1716603892920.jpg",
        "location": "",
        "point_id": "kq0g9xsl8",
        "point_name": "マクドナルド宇治木幡店",
        "remark": ""
      },
      "type": "Feature"
    },
    {
      "geometry": {
        "coordinates": [
          135.799634,
          34.92654
        ],
        "type": "Point"
      },
      "properties": {
        "bangumi_id": 115908,
        "bangumi_title": "吹响吧！上低音号",
        "ep_cut": 7,
        "image_url": "https://w.junreimap.com/images/points/115908/7ogsfwif.jpg",
        "location": "",
        "point_id": "7ogsfwif",
        "point_name": "マクドナルド宇治木幡店",
        "remark": ""
      },
      "type": "Feature"
    },
    {
      "geometry": {
        "coordinates": [
          135.799862,
          34.926567
        ],
        "type": "Point"
      },
      "properties": {
        "bangumi_id": 115908,
        "bangumi_title": "吹响吧！上低音号",
        "ep_cut": 7,
        "image_url": "https://w.junreimap.com/images/points/115908/7ogy9bjh.jpg",
        "location": "",
        "point_id": "7ogy9bjh",
        "point_name": "マクドナルド宇治木幡店",
        "remark": ""
      },
      "type": "Feature"
    },
    {
      "geometry": {
        "coordinates": [
          135.799853,
          34.926587
        ],
        "type": "Point"
      },
      "properties": {
        "bangumi_id": 115908,
        "bangumi_title": "吹响吧！上低音号",
        "ep_cut": 7,
        "image_url": "https://w.junreimap.com/images/points/115908/7oh6r6ak.jpg",
        "location": "",
        "point_id": "7oh6r6ak",
        "point_name": "マクドナルド宇治木幡店",
        "remark": ""
      },
      "type": "Feature"
    },
    {
      "geometry": {
        "coordinates": [
          135.809891,
          34.890634
        ],
        "type": "Point"
      },
      "properties": {
        "bangumi_id": 115908,
        "bangumi_title": "吹响吧！上低音号",
        "ep_cut": 4,
        "image_url": "https://w.junreimap.com/images/points/115908/qys7k7.jpg",
        "location": "",
        "point_id": "qys7k7",
        "point_name": "朝霧橋東詰",
        "remark": ""
      },
      "type": "Feature"
    },
    {
      "geometry": {
        "coordinates": [
          135.794148,
          34.93163
        ],
        "type": "Point"
      },
      "properties": {
        "bangumi_id": 115908,
        "bangumi_title": "吹响吧！上低音号",
        "ep_cut": 5,
        "image_url": "https://w.junreimap.com/images/points/115908/qys7in.jpg",
        "location": "",
        "point_id": "qys7in",
        "point_name": "京阪六地蔵付近鉄橋",
        "remark": ""
      },
      "type": "Feature"
    },
    {
      "geometry": {
        "coordinates": [
          135.793511,
          34.931902
        ],
        "type": "Point"
      },
      "properties": {
        "bangumi_id": 115908,
        "bangumi_title": "吹响吧！上低音号",
        "ep_cut": 1,
        "image_url": "https://w.junreimap.com/images/points/115908/7fue6vtd.jpg",
        "location": "",
        "point_id": "7fue6vtd",
        "point_name": "电车内 我知道了",
        "remark": ""
      },
      "type": "Feature"
    },
    {
      "geometry": {
        "coordinates": [
          135.793521,
          34.931899
        ],
        "type": "Point"
      },
      "properties": {
        "bangumi_id": 115908,
        "bangumi_title": "吹响吧！上低音号",
        "ep_cut": 1,
        "image_url": "https://w.junreimap.com/images/points/115908/7fuovj36.jpg",
        "location": "",
        "point_id": "7fuovj36",
        "point_name": "电车内 很烂你是说的是吹部",
        "remark": ""
      },
      "type": "Feature"
    },
    {
      "geometry": {
        "coordinates": [
          135.793649,
          34.931852
        ],
        "type": "Point"
      },
      "properties": {
        "bangumi_id": 115908,
        "bangumi_title": "吹响吧！上低音号",
        "ep_cut": 2,
        "image_url": "https://w.junreimap.com/images/points/115908/7gzz1850.jpg",
        "location": "",
        "point_id": "7gzz1850",
        "point_name": "电车内 是因为高坂同学那件事",
        "remark": ""
      },
      "type": "Feature"
    },
    {
      "geometry": {
        "coordinates": [
          135.803179,
          34.913535
        ],
        "type": "Point"
      },
      "properties": {
        "bangumi_id": 115908,
        "bangumi_title": "吹响吧！上低音号",
        "ep_cut": 6,
        "image_url": "https://w.junreimap.com/images/points/115908/7ny6cwr8.jpg",
        "location": "",
        "point_id": "7ny6cwr8",
        "point_name": "电车内 感觉不能离开它",
        "remark": ""
      },
      "type": "Feature"
    },
    {
      "geometry": {
        "coordinates": [
          135.802678,
          34.91437
        ],
        "type": "Point"
      },
      "properties": {
        "bangumi_id": 115908,
        "bangumi_title": "吹响吧！上低音号",
        "ep_cut": 5,
        "image_url": "https://w.junreimap.com/images/points/115908/qys7i0.jpg",
        "location": "",
        "point_id": "qys7i0",
        "point_name": "京阪黄檗站",
        "remark": ""
      },
      "type": "Feature"
    },
    {
      "geometry": {
        "coordinates": [
          135.80275,
          34.914357
        ],
        "type": "Point"
      },
      "properties": {
        "bangumi_id": 115908,
        "bangumi_title": "吹响吧！上低音号",
        "ep_cut": 7,
        "image_url": "https://w.junreimap.com/images/points/115908/7oscfauh.jpg",
        "location": "",
        "point_id": "7oscfauh",
        "point_name": "京阪黄檗站",
        "remark": ""
      },
      "type": "Feature"
    },
    {
      "geometry": {
        "coordinates": [
          135.802674,
          34.914411
        ],
        "type": "Point"
      },
      "properties": {
        "bangumi_id": 115908,
        "bangumi_title": "吹响吧！上低音号",
        "ep_cut": 12,
        "image_url": "https://w.junreimap.com/images/points/115908/kq2h0j63f_1716608286041.jpg",
        "location": "",
        "point_id": "kq2h0j63f",
        "point_name": "京阪黄檗站",
        "remark": ""
      },
      "type": "Feature"
    },
    {
      "geometry": {
        "coordinates": [
          135.802777,
          34.914321
        ],
        "type": "Point"
      },
      "properties": {
        "bangumi_id": 115908,
        "bangumi_title": "吹响吧！上低音号",
        "ep_cut": 12,
        "image_url": "https://w.junreimap.com/images/points/115908/kq2h7hgqi_1716608297186.jpg",
        "location": "",
        "point_id": "kq2h7hgqi",
        "point_name": "京阪黄檗站",
        "remark": ""
      },
      "type": "Feature"
    },
    {
      "geometry": {
        "coordinates": [
          135.802772,
          34.914334
        ],
        "type": "Point"
      },
      "properties": {
        "bangumi_id": 115908,
        "bangumi_title": "吹响吧！上低音号",
        "ep_cut": 7,
        "image_url": "https://w.junreimap.com/images/points/115908/7osm7xkk.jpg",
        "location": "",
        "point_id": "7osm7xkk",
        "point_name": "京阪黄檗站",
        "remark": ""
      },
      "type": "Feature"
    },
    {
      "geometry": {
        "coordinates": [
          135.802802,
          34.914305
        ],
        "type": "Point"
      },
      "properties": {
        "bangumi_id": 115908,
        "bangumi_title": "吹响吧！上低音号",
        "ep_cut": 7,
        "image_url": "https://w.junreimap.com/images/points/115908/7ospn484.jpg",
        "location": "",
        "point_id": "7ospn484",
        "point_name": "京阪黄檗駅",
        "remark": ""
      },
      "type": "Feature"
    },
    {
      "geometry": {
        "coordinates": [
          135.802696,
          34.91433
        ],
        "type": "Point"
      },
      "properties": {
        "bangumi_id": 115908,
        "bangumi_title": "吹响吧！上低音号",
        "ep_cut": 5,
        "image_url": "https://w.junreimap.com/images/points/115908/7jelvkrx.jpg",
        "location": "",
        "point_id": "7jelvkrx",
        "point_name": "京阪黄檗站 电车内",
        "remark": ""
      },
      "type": "Feature"
    },
    {
      "geometry": {
        "coordinates": [
          135.802701,
          34.914324
        ],
        "type": "Point"
      },
      "properties": {
        "bangumi_id": 115908,
        "bangumi_title": "吹响吧！上低音号",
        "ep_cut": 5,
        "image_url": "https://w.junreimap.com/images/points/115908/7jeu9nv3.jpg",
        "location": "",
        "point_id": "7jeu9nv3",
        "point_name": "京阪黄檗站 电车内",
        "remark": ""
      },
      "type": "Feature"
    },
    {
      "geometry": {
        "coordinates": [
          135.802709,
          34.91432
        ],
        "type": "Point"
      },
      "properties": {
        "bangumi_id": 115908,
        "bangumi_title": "吹响吧！上低音号",
        "ep_cut": 5,
        "image_url": "https://w.junreimap.com/images/points/115908/7jf09ut4.jpg",
        "location": "",
        "point_id": "7jf09ut4",
        "point_name": "京阪黄檗站 电车内",
        "remark": ""
      },
      "type": "Feature"
    },
    {
      "geometry": {
        "coordinates": [
          135.802715,
          34.914309
        ],
        "type": "Point"
      },
      "properties": {
        "bangumi_id": 115908,
        "bangumi_title": "吹响吧！上低音号",
        "ep_cut": 5,
        "image_url": "https://w.junreimap.com/images/points/115908/7jf7tjm6.jpg",
        "location": "",
        "point_id": "7jf7tjm6",
        "point_name": "京阪黄檗站 电车内",
        "remark": ""
      },
      "type": "Feature"
    },
    {
      "geometry": {
        "coordinates": [
          135.802723,
          34.914298
        ],
        "type": "Point"
      },
      "properties": {
        "bangumi_id": 115908,
        "bangumi_title": "吹响吧！上低音号",
        "ep_cut": 5,
        "image_url": "https://w.junreimap.com/images/points/115908/7jfc4vgq.jpg",
        "location": "",
        "point_id": "7jfc4vgq",
        "point_name": "京阪黄檗站 电车内",
        "remark": ""
      },
      "type": "Feature"
    },
    {
      "geometry": {
        "coordinates": [
          135.802706,
          34.914309
        ],
        "type": "Point"
      },
      "properties": {
        "bangumi_id": 115908,
        "bangumi_title": "吹响吧！上低音号",
        "ep_cut": 5,
        "image_url": "https://w.junreimap.com/images/points/115908/7je0enrl.jpg",
        "location": "",
        "point_id": "7je0enrl",
        "point_name": "京阪黄檗站内",
        "remark": ""
      },
      "type": "Feature"
    },
    {
      "geometry": {
        "coordinates": [
          135.802993,
          34.914089
        ],
        "type": "Point"
      },
      "properties": {
        "bangumi_id": 115908,
        "bangumi_title": "吹响吧！上低音号",
        "ep_cut": 6,
        "image_url": "https://w.junreimap.com/images/points/115908/7nzgyh8g.jpg",
        "location": "",
        "point_id": "7nzgyh8g",
        "point_name": "京阪黄檗駅",
        "remark": "京阪木幡站是直线站台。这里的曲线站台是叶月回家下车的黄檗站。秀一扶住大号的画面也应该是黄檗站才对。"
      },
      "type": "Feature"
    },
    {
      "geometry": {
        "coordinates": [
          135.802708,
          34.914304
        ],
        "type": "Point"
      },
      "properties": {
        "bangumi_id": 115908,
        "bangumi_title": "吹响吧！上低音号",
        "ep_cut": 11,
        "image_url": "https://w.junreimap.com/images/points/115908/kq0uirvw2_1716604752074.jpg",
        "location": "",
        "point_id": "kq0uirvw2",
        "point_name": "京阪黄檗站内",
        "remark": ""
      },
      "type": "Feature"
    },
    {
      "geometry": {
        "coordinates": [
          135.805451,
          34.871467
        ],
        "type": "Point"
      },
      "properties": {
        "bangumi_id": 115908,
        "bangumi_title": "吹响吧！上低音号",
        "ep_cut": 5,
        "image_url": "https://w.junreimap.com/images/points/115908/7jqkh010.jpg",
        "location": "",
        "point_id": "7jqkh010",
        "point_name": "山城総合運動公園・陸上競技場",
        "remark": ""
      },
      "type": "Feature"
    },
    {
      "geometry": {
        "coordinates": [
          135.805401,
          34.870968
        ],
        "type": "Point"
      },
      "properties": {
        "bangumi_id": 115908,
        "bangumi_title": "吹响吧！上低音号",
        "ep_cut": 5,
        "image_url": "https://w.junreimap.com/images/points/115908/7jqym5bh.jpg",
        "location": "",
        "point_id": "7jqym5bh",
        "point_name": "山城総合運動公園・陸上競技場",
        "remark": ""
      },
      "type": "Feature"
    },
    {
      "geometry": {
        "coordinates": [
          135.806485,
          34.87063
        ],
        "type": "Point"
      },
      "properties": {
        "bangumi_id": 115908,
        "bangumi_title": "吹响吧！上低音号",
        "ep_cut": 5,
        "image_url": "https://w.junreimap.com/images/points/115908/7jrkdg38.jpg",
        "location": "",
        "point_id": "7jrkdg38",
        "point_name": "山城総合運動公園・陸上競技場",
        "remark": ""
      },
      "type": "Feature"
    },
    {
      "geometry": {
        "coordinates": [
          135.805416,
          34.870723
        ],
        "type": "Point"
      },
      "properties": {
        "bangumi_id": 115908,
        "bangumi_title": "吹响吧！上低音号",
        "ep_cut": 5,
        "image_url": "https://w.junreimap.com/images/points/115908/7jt8h8a1.jpg",
        "location": "",
        "point_id": "7jt8h8a1",
        "point_name": "山城総合運動公園・陸上競技場",
        "remark": ""
      },
      "type": "Feature"
    },
    {
      "geometry": {
        "coordinates": [
          135.806907,
          34.872569
        ],
        "type": "Point"
      },
      "properties": {
        "bangumi_id": 115908,
        "bangumi_title": "吹响吧！上低音号",
        "ep_cut": 5,
        "image_url": "https://w.junreimap.com/images/points/115908/sfes4be4a_1738342013985.jpg",
        "location": "",
        "point_id": "sfes4be4a",
        "point_name": "山城総合運動公園・陸上競技場",
        "remark": "后方停车场，现实中的路面并非完全一致。"
      },
      "type": "Feature"
    },
    {
      "geometry": {
        "coordinates": [
          135.807004,
          34.872417
        ],
        "type": "Point"
      },
      "properties": {
        "bangumi_id": 115908,
        "bangumi_title": "吹响吧！上低音号",
        "ep_cut": 4,
        "image_url": "https://w.junreimap.com/images/points/115908/sfet9pbh7_1738342026402.jpg",
        "location": "",
        "point_id": "sfet9pbh7",
        "point_name": "山城総合運動公園・陸上競技場",
        "remark": ""
      },
      "type": "Feature"
    },
    {
      "geometry": {
        "coordinates": [
          135.80532,
          34.871181
        ],
        "type": "Point"
      },
      "properties": {
        "bangumi_id": 115908,
        "bangumi_title": "吹响吧！上低音号",
        "ep_cut": 5,
        "image_url": "https://w.junreimap.com/images/points/115908/7jqcj3yo.jpg",
        "location": "",
        "point_id": "7jqcj3yo",
        "point_name": "山城総合運動公園・陸上競技場",
        "remark": ""
      },
      "type": "Feature"
    },
    {
      "geometry": {
        "coordinates": [
          135.799843,
          34.889596
        ],
        "type": "Point"
      },
      "properties": {
        "bangumi_id": 115908,
        "bangumi_title": "吹响吧！上低音号",
        "ep_cut": 1,
        "image_url": "https://w.junreimap.com/images/points/115908/9838c543b1e9e29833de087c61a4a39a.jpeg",
        "location": "",
        "point_id": "qys7ka",
        "point_name": "成基学園・東進衛星予備校",
        "remark": ""
      },
      "type": "Feature"
    },
    {
      "geometry": {
        "coordinates": [
          135.800438,
          34.889871
        ],
        "type": "Point"
      },
      "properties": {
        "bangumi_id": 115908,
        "bangumi_title": "吹响吧！上低音号",
        "ep_cut": 7,
        "image_url": "https://w.junreimap.com/images/points/115908/2f447201b1333025a6fe67f90d761257.png",
        "location": "",
        "point_id": "qys7i8",
        "point_name": "セブンイレブンJR宇治駅前店",
        "remark": ""
      },
      "type": "Feature"
    },
    {
      "geometry": {
        "coordinates": [
          135.804931,
          34.892537
        ],
        "type": "Point"
      },
      "properties": {
        "bangumi_id": 115908,
        "bangumi_title": "吹响吧！上低音号",
        "ep_cut": 7,
        "image_url": "https://w.junreimap.com/images/points/115908/7oun8aol.jpg",
        "location": "",
        "point_id": "7oun8aol",
        "point_name": "萨莉亚宇治里尻店前",
        "remark": ""
      },
      "type": "Feature"
    },
    {
      "geometry": {
        "coordinates": [
          135.804915,
          34.892439
        ],
        "type": "Point"
      },
      "properties": {
        "bangumi_id": 115908,
        "bangumi_title": "吹响吧！上低音号",
        "ep_cut": 7,
        "image_url": "https://w.junreimap.com/images/points/115908/7oura7ci.jpg",
        "location": "",
        "point_id": "7oura7ci",
        "point_name": "萨莉亚宇治里尻店前",
        "remark": ""
      },
      "type": "Feature"
    },
    {
      "geometry": {
        "coordinates": [
          135.80511,
          34.892474
        ],
        "type": "Point"
      },
      "properties": {
        "bangumi_id": 115908,
        "bangumi_title": "吹响吧！上低音号",
        "ep_cut": 7,
        "image_url": "https://w.junreimap.com/images/points/115908/7outjelv.jpg",
        "location": "",
        "point_id": "7outjelv",
        "point_name": "萨莉亚宇治里尻店前",
        "remark": ""
      },
      "type": "Feature"
    },
    {
      "geometry": {
        "coordinates": [
          135.80499,
          34.892437
        ],
        "type": "Point"
      },
      "properties": {
        "bangumi_id": 115908,
        "bangumi_title": "吹响吧！上低音号",
        "ep_cut": 7,
        "image_url": "https://w.junreimap.com/images/points/115908/7ouv2lp6.jpg",
        "location": "",
        "point_id": "7ouv2lp6",
        "point_name": "萨莉亚宇治里尻店前",
        "remark": ""
      },
      "type": "Feature"
    },
    {
      "geometry": {
        "coordinates": [
          135.80487,
          34.892508
        ],
        "type": "Point"
      },
      "properties": {
        "bangumi_id": 115908,
        "bangumi_title": "吹响吧！上低音号",
        "ep_cut": 7,
        "image_url": "https://w.junreimap.com/images/points/115908/7ouww87p.jpg",
        "location": "",
        "point_id": "7ouww87p",
        "point_name": "萨莉亚宇治里尻店",
        "remark": ""
      },
      "type": "Feature"
    },
    {
      "geometry": {
        "coordinates": [
          135.804796,
          34.892484
        ],
        "type": "Point"
      },
      "properties": {
        "bangumi_id": 115908,
        "bangumi_title": "吹响吧！上低音号",
        "ep_cut": 7,
        "image_url": "https://w.junreimap.com/images/points/115908/7ov705xs.jpg",
        "location": "",
        "point_id": "7ov705xs",
        "point_name": "萨莉亚宇治里尻店",
        "remark": ""
      },
      "type": "Feature"
    },
    {
      "geometry": {
        "coordinates": [
          135.805687,
          34.891968
        ],
        "type": "Point"
      },
      "properties": {
        "bangumi_id": 115908,
        "bangumi_title": "吹响吧！上低音号",
        "ep_cut": 8,
        "image_url": "https://w.junreimap.com/images/user/0/bangumi/115908/points/qys7hs-1713076111795.jpg",
        "location": "",
        "point_id": "qys7hs",
        "point_name": "あがた通り鳥居",
        "remark": ""
      },
      "type": "Feature"
    },
    {
      "geometry": {
        "coordinates": [
          135.800607,
          34.890402
        ],
        "type": "Point"
      },
      "properties": {
        "bangumi_id": 115908,
        "bangumi_title": "吹响吧！上低音号",
        "ep_cut": 8,
        "image_url": "https://w.junreimap.com/images/user/0/bangumi/115908/points/qys7il-1720438003834.jpg",
        "location": "",
        "point_id": "qys7il",
        "point_name": "JR宇治駅",
        "remark": ""
      },
      "type": "Feature"
    },
    {
      "geometry": {
        "coordinates": [
          135.809942,
          34.890602
        ],
        "type": "Point"
      },
      "properties": {
        "bangumi_id": 115908,
        "bangumi_title": "吹响吧！上低音号",
        "ep_cut": 8,
        "image_url": "https://w.junreimap.com/images/user/2099/bangumi/115908/points/nze5c9j4f-1725802307756.jpg",
        "location": "",
        "point_id": "nze5c9j4f",
        "point_name": "宇治神社",
        "remark": ""
      },
      "type": "Feature"
    },
    {
      "geometry": {
        "coordinates": [
          135.810419,
          34.89111
        ],
        "type": "Point"
      },
      "properties": {
        "bangumi_id": 115908,
        "bangumi_title": "吹响吧！上低音号",
        "ep_cut": 8,
        "image_url": "https://w.junreimap.com/images/points/115908/81e7047af3f319289f6df5bcdcc6945c.png",
        "location": "大吉山",
        "point_id": "qys7kb",
        "point_name": "さわらびの道",
        "remark": ""
      },
      "type": "Feature"
    },
    {
      "geometry": {
        "coordinates": [
          135.810877,
          34.8926
        ],
        "type": "Point"
      },
      "properties": {
        "bangumi_id": 115908,
        "bangumi_title": "吹响吧！上低音号",
        "ep_cut": 8,
        "image_url": "https://w.junreimap.com/images/user/2099/bangumi/115908/points/nzeab4tc8-1725802610330.jpg",
        "location": "大吉山",
        "point_id": "nzeab4tc8",
        "point_name": "さわらびの道",
        "remark": ""
      },
      "type": "Feature"
    },
    {
      "geometry": {
        "coordinates": [
          135.811012,
          34.891642
        ],
        "type": "Point"
      },
      "properties": {
        "bangumi_id": 115908,
        "bangumi_title": "吹响吧！上低音号",
        "ep_cut": 8,
        "image_url": "https://w.junreimap.com/images/user/0/bangumi/115908/points/qys7k2-1697124629986.jpg",
        "location": "大吉山",
        "point_id": "qys7k2",
        "point_name": "さわらびの道（宇治上神社前）",
        "remark": ""
      },
      "type": "Feature"
    },
    {
      "geometry": {
        "coordinates": [
          135.810794,
          34.892848
        ],
        "type": "Point"
      },
      "properties": {
        "bangumi_id": 115908,
        "bangumi_title": "吹响吧！上低音号",
        "ep_cut": 8,
        "image_url": "https://w.junreimap.com/images/user/0/bangumi/115908/points/qys7ia-1697123425329.jpg",
        "location": "大吉山",
        "point_id": "qys7ia",
        "point_name": "大吉山（仏徳山）登山口",
        "remark": ""
      },
      "type": "Feature"
    },
    {
      "geometry": {
        "coordinates": [
          135.80587,
          34.888488
        ],
        "type": "Point"
      },
      "properties": {
        "bangumi_id": 115908,
        "bangumi_title": "吹响吧！上低音号",
        "ep_cut": 8,
        "image_url": "https://w.junreimap.com/images/points/115908/75cc58c61b40fdd8a8e64bd8b9bacd0c.png",
        "location": "",
        "point_id": "qys7ix",
        "point_name": "縣神社",
        "remark": ""
      },
      "type": "Feature"
    },
    {
      "geometry": {
        "coordinates": [
          135.81259,
          34.892674
        ],
        "type": "Point"
      },
      "properties": {
        "bangumi_id": 115908,
        "bangumi_title": "吹响吧！上低音号",
        "ep_cut": 8,
        "image_url": "https://w.junreimap.com/images/user/0/bangumi/115908/points/qys7k4-1715518655607.jpg",
        "location": "大吉山",
        "point_id": "qys7k4",
        "point_name": "大吉山展望台 蓝调",
        "remark": ""
      },
      "type": "Feature"
    },
    {
      "geometry": {
        "coordinates": [
          135.812268,
          34.892617
        ],
        "type": "Point"
      },
      "properties": {
        "bangumi_id": 115908,
        "bangumi_title": "吹响吧！上低音号",
        "ep_cut": 1,
        "image_url": "https://w.junreimap.com/images/points/115908/7eumiie0.jpg",
        "location": "大吉山",
        "point_id": "7eumiie0",
        "point_name": "大吉山展望台远眺中岛 清晨",
        "remark": ""
      },
      "type": "Feature"
    },
    {
      "geometry": {
        "coordinates": [
          135.802267,
          34.914245
        ],
        "type": "Point"
      },
      "properties": {
        "bangumi_id": 115908,
        "bangumi_title": "吹响吧！上低音号",
        "ep_cut": 9,
        "image_url": "https://w.junreimap.com/images/points/115908/dea46940f39cda9b2297f3ad2eac6812.png",
        "location": "",
        "point_id": "qys7i7",
        "point_name": "中路ベーカリー",
        "remark": ""
      },
      "type": "Feature"
    },
    {
      "geometry": {
        "coordinates": [
          135.802252,
          34.91424
        ],
        "type": "Point"
      },
      "properties": {
        "bangumi_id": 115908,
        "bangumi_title": "吹响吧！上低音号",
        "ep_cut": 9,
        "image_url": "https://w.junreimap.com/images/points/115908/4x2ttwt_1757717628848.jpg",
        "location": "",
        "point_id": "4x2ttwt",
        "point_name": "中路ベーカリー",
        "remark": "（补点）这里原先的地标点似乎不见了"
      },
      "type": "Feature"
    },
    {
      "geometry": {
        "coordinates": [
          135.803991,
          34.87962
        ],
        "type": "Point"
      },
      "properties": {
        "bangumi_id": 115908,
        "bangumi_title": "吹响吧！上低音号",
        "ep_cut": 11,
        "image_url": "https://w.junreimap.com/images/points/115908/qys7hu_1716605169430.jpg",
        "location": "",
        "point_id": "qys7hu",
        "point_name": "宇治文化中心",
        "remark": ""
      },
      "type": "Feature"
    },
    {
      "geometry": {
        "coordinates": [
          135.804548,
          34.879612
        ],
        "type": "Point"
      },
      "properties": {
        "bangumi_id": 115908,
        "bangumi_title": "吹响吧！上低音号",
        "ep_cut": 11,
        "image_url": "https://w.junreimap.com/images/points/115908/kq11wpcnn_1716605196172.jpg",
        "location": "",
        "point_id": "kq11wpcnn",
        "point_name": "宇治文化中心 大厅",
        "remark": ""
      },
      "type": "Feature"
    },
    {
      "geometry": {
        "coordinates": [
          135.804568,
          34.879649
        ],
        "type": "Point"
      },
      "properties": {
        "bangumi_id": 115908,
        "bangumi_title": "吹响吧！上低音号",
        "ep_cut": 11,
        "image_url": "https://w.junreimap.com/images/points/115908/kq194nfkd_1716605631756.jpg",
        "location": "",
        "point_id": "kq194nfkd",
        "point_name": "宇治文化中心 大厅",
        "remark": ""
      },
      "type": "Feature"
    },
    {
      "geometry": {
        "coordinates": [
          135.804582,
          34.879641
        ],
        "type": "Point"
      },
      "properties": {
        "bangumi_id": 115908,
        "bangumi_title": "吹响吧！上低音号",
        "ep_cut": 11,
        "image_url": "https://w.junreimap.com/images/points/115908/kq19tuav6_1716605673754.jpg",
        "location": "",
        "point_id": "kq19tuav6",
        "point_name": "宇治文化中心 大厅",
        "remark": ""
      },
      "type": "Feature"
    },
    {
      "geometry": {
        "coordinates": [
          135.804579,
          34.87962
        ],
        "type": "Point"
      },
      "properties": {
        "bangumi_id": 115908,
        "bangumi_title": "吹响吧！上低音号",
        "ep_cut": 11,
        "image_url": "https://w.junreimap.com/images/points/115908/kq19y0ikz_1716605680839.jpg",
        "location": "",
        "point_id": "kq19y0ikz",
        "point_name": "宇治文化中心 大厅",
        "remark": ""
      },
      "type": "Feature"
    },
    {
      "geometry": {
        "coordinates": [
          135.804646,
          34.879605
        ],
        "type": "Point"
      },
      "properties": {
        "bangumi_id": 115908,
        "bangumi_title": "吹响吧！上低音号",
        "ep_cut": 11,
        "image_url": "https://w.junreimap.com/images/points/115908/kq1a2qcdo_1716605688984.jpg",
        "location": "",
        "point_id": "kq1a2qcdo",
        "point_name": "宇治文化中心 大厅",
        "remark": ""
      },
      "type": "Feature"
    },
    {
      "geometry": {
        "coordinates": [
          135.804568,
          34.879581
        ],
        "type": "Point"
      },
      "properties": {
        "bangumi_id": 115908,
        "bangumi_title": "吹响吧！上低音号",
        "ep_cut": 11,
        "image_url": "https://w.junreimap.com/images/points/115908/kq1a7p5xv_1716605697402.jpg",
        "location": "",
        "point_id": "kq1a7p5xv",
        "point_name": "宇治文化中心 大厅",
        "remark": ""
      },
      "type": "Feature"
    },
    {
      "geometry": {
        "coordinates": [
          135.804525,
          34.879661
        ],
        "type": "Point"
      },
      "properties": {
        "bangumi_id": 115908,
        "bangumi_title": "吹响吧！上低音号",
        "ep_cut": 11,
        "image_url": "https://w.junreimap.com/images/points/115908/kq1aayq1z_1716605702316.jpg",
        "location": "",
        "point_id": "kq1aayq1z",
        "point_name": "宇治文化中心 大厅",
        "remark": ""
      },
      "type": "Feature"
    },
    {
      "geometry": {
        "coordinates": [
          135.804568,
          34.879755
        ],
        "type": "Point"
      },
      "properties": {
        "bangumi_id": 115908,
        "bangumi_title": "吹响吧！上低音号",
        "ep_cut": 11,
        "image_url": "https://w.junreimap.com/images/points/115908/kq124wsec_1716605209846.jpg",
        "location": "",
        "point_id": "kq124wsec",
        "point_name": "宇治文化中心 室内",
        "remark": ""
      },
      "type": "Feature"
    },
    {
      "geometry": {
        "coordinates": [
          135.804282,
          34.879639
        ],
        "type": "Point"
      },
      "properties": {
        "bangumi_id": 115908,
        "bangumi_title": "吹响吧！上低音号",
        "ep_cut": 11,
        "image_url": "https://w.junreimap.com/images/points/115908/kq139nn9m_1716605277475.jpg",
        "location": "",
        "point_id": "kq139nn9m",
        "point_name": "宇治文化中心 走廊",
        "remark": ""
      },
      "type": "Feature"
    },
    {
      "geometry": {
        "coordinates": [
          135.8043,
          34.879626
        ],
        "type": "Point"
      },
      "properties": {
        "bangumi_id": 115908,
        "bangumi_title": "吹响吧！上低音号",
        "ep_cut": 11,
        "image_url": "https://w.junreimap.com/images/points/115908/kq17gzifl_1716605531696.jpg",
        "location": "",
        "point_id": "kq17gzifl",
        "point_name": "宇治文化中心 走廊",
        "remark": ""
      },
      "type": "Feature"
    },
    {
      "geometry": {
        "coordinates": [
          135.804314,
          34.879618
        ],
        "type": "Point"
      },
      "properties": {
        "bangumi_id": 115908,
        "bangumi_title": "吹响吧！上低音号",
        "ep_cut": 11,
        "image_url": "https://w.junreimap.com/images/points/115908/kq17l31dd_1716605539408.jpg",
        "location": "",
        "point_id": "kq17l31dd",
        "point_name": "宇治文化中心 走廊",
        "remark": ""
      },
      "type": "Feature"
    },
    {
      "geometry": {
        "coordinates": [
          135.804323,
          34.879613
        ],
        "type": "Point"
      },
      "properties": {
        "bangumi_id": 115908,
        "bangumi_title": "吹响吧！上低音号",
        "ep_cut": 11,
        "image_url": "https://w.junreimap.com/images/points/115908/kq17odhl1_1716605543959.jpg",
        "location": "",
        "point_id": "kq17odhl1",
        "point_name": "宇治文化中心 走廊",
        "remark": ""
      },
      "type": "Feature"
    },
    {
      "geometry": {
        "coordinates": [
          135.804332,
          34.879607
        ],
        "type": "Point"
      },
      "properties": {
        "bangumi_id": 115908,
        "bangumi_title": "吹响吧！上低音号",
        "ep_cut": 11,
        "image_url": "https://w.junreimap.com/images/points/115908/kq17q59g5_1716605546636.jpg",
        "location": "",
        "point_id": "kq17q59g5",
        "point_name": "宇治文化中心 走廊",
        "remark": ""
      },
      "type": "Feature"
    },
    {
      "geometry": {
        "coordinates": [
          135.804341,
          34.879601
        ],
        "type": "Point"
      },
      "properties": {
        "bangumi_id": 115908,
        "bangumi_title": "吹响吧！上低音号",
        "ep_cut": 11,
        "image_url": "https://w.junreimap.com/images/points/115908/kq17rn34o_1716605549310.jpg",
        "location": "",
        "point_id": "kq17rn34o",
        "point_name": "宇治文化中心 走廊",
        "remark": ""
      },
      "type": "Feature"
    },
    {
      "geometry": {
        "coordinates": [
          135.80435,
          34.879593
        ],
        "type": "Point"
      },
      "properties": {
        "bangumi_id": 115908,
        "bangumi_title": "吹响吧！上低音号",
        "ep_cut": 11,
        "image_url": "https://w.junreimap.com/images/points/115908/kq17tarho_1716605551818.jpg",
        "location": "",
        "point_id": "kq17tarho",
        "point_name": "宇治文化中心 走廊",
        "remark": ""
      },
      "type": "Feature"
    },
    {
      "geometry": {
        "coordinates": [
          135.80436,
          34.879601
        ],
        "type": "Point"
      },
      "properties": {
        "bangumi_id": 115908,
        "bangumi_title": "吹响吧！上低音号",
        "ep_cut": 11,
        "image_url": "https://w.junreimap.com/images/points/115908/kq17v15tu_1716605557908.jpg",
        "location": "",
        "point_id": "kq17v15tu",
        "point_name": "宇治文化中心 走廊",
        "remark": ""
      },
      "type": "Feature"
    },
    {
      "geometry": {
        "coordinates": [
          135.804364,
          34.879581
        ],
        "type": "Point"
      },
      "properties": {
        "bangumi_id": 115908,
        "bangumi_title": "吹响吧！上低音号",
        "ep_cut": 11,
        "image_url": "https://w.junreimap.com/images/points/115908/kq17zkje9_1716605563077.jpg",
        "location": "",
        "point_id": "kq17zkje9",
        "point_name": "宇治文化中心 走廊",
        "remark": ""
      },
      "type": "Feature"
    },
    {
      "geometry": {
        "coordinates": [
          135.804379,
          34.879571
        ],
        "type": "Point"
      },
      "properties": {
        "bangumi_id": 115908,
        "bangumi_title": "吹响吧！上低音号",
        "ep_cut": 11,
        "image_url": "https://w.junreimap.com/images/points/115908/kq182948x_1716605567302.jpg",
        "location": "",
        "point_id": "kq182948x",
        "point_name": "宇治文化中心 走廊",
        "remark": ""
      },
      "type": "Feature"
    },
    {
      "geometry": {
        "coordinates": [
          135.804391,
          34.879563
        ],
        "type": "Point"
      },
      "properties": {
        "bangumi_id": 115908,
        "bangumi_title": "吹响吧！上低音号",
        "ep_cut": 11,
        "image_url": "https://w.junreimap.com/images/points/115908/kq184j1ot_1716605571368.jpg",
        "location": "",
        "point_id": "kq184j1ot",
        "point_name": "宇治文化中心 走廊",
        "remark": ""
      },
      "type": "Feature"
    },
    {
      "geometry": {
        "coordinates": [
          135.804402,
          34.879557
        ],
        "type": "Point"
      },
      "properties": {
        "bangumi_id": 115908,
        "bangumi_title": "吹响吧！上低音号",
        "ep_cut": 11,
        "image_url": "https://w.junreimap.com/images/points/115908/kq186k4nm_1716605574800.jpg",
        "location": "",
        "point_id": "kq186k4nm",
        "point_name": "宇治文化中心 走廊",
        "remark": ""
      },
      "type": "Feature"
    },
    {
      "geometry": {
        "coordinates": [
          135.804391,
          34.879547
        ],
        "type": "Point"
      },
      "properties": {
        "bangumi_id": 115908,
        "bangumi_title": "吹响吧！上低音号",
        "ep_cut": 11,
        "image_url": "https://w.junreimap.com/images/points/115908/kq1897b35_1716605580334.jpg",
        "location": "",
        "point_id": "kq1897b35",
        "point_name": "宇治文化中心 走廊",
        "remark": ""
      },
      "type": "Feature"
    },
    {
      "geometry": {
        "coordinates": [
          135.804423,
          34.879559
        ],
        "type": "Point"
      },
      "properties": {
        "bangumi_id": 115908,
        "bangumi_title": "吹响吧！上低音号",
        "ep_cut": 11,
        "image_url": "https://w.junreimap.com/images/points/115908/kq18el9p6_1716605588784.jpg",
        "location": "",
        "point_id": "kq18el9p6",
        "point_name": "宇治文化中心 走廊",
        "remark": ""
      },
      "type": "Feature"
    },
    {
      "geometry": {
        "coordinates": [
          135.804422,
          34.879545
        ],
        "type": "Point"
      },
      "properties": {
        "bangumi_id": 115908,
        "bangumi_title": "吹响吧！上低音号",
        "ep_cut": 11,
        "image_url": "https://w.junreimap.com/images/points/115908/kq18ilfe3_1716605594873.jpg",
        "location": "",
        "point_id": "kq18ilfe3",
        "point_name": "宇治文化中心 走廊",
        "remark": ""
      },
      "type": "Feature"
    },
    {
      "geometry": {
        "coordinates": [
          135.804443,
          34.879553
        ],
        "type": "Point"
      },
      "properties": {
        "bangumi_id": 115908,
        "bangumi_title": "吹响吧！上低音号",
        "ep_cut": 11,
        "image_url": "https://w.junreimap.com/images/points/115908/kq18ksn9e_1716605598529.jpg",
        "location": "",
        "point_id": "kq18ksn9e",
        "point_name": "宇治文化中心 走廊",
        "remark": ""
      },
      "type": "Feature"
    },
    {
      "geometry": {
        "coordinates": [
          135.804453,
          34.879546
        ],
        "type": "Point"
      },
      "properties": {
        "bangumi_id": 115908,
        "bangumi_title": "吹响吧！上低音号",
        "ep_cut": 11,
        "image_url": "https://w.junreimap.com/images/points/115908/kq18pxad2_1716605607351.jpg",
        "location": "",
        "point_id": "kq18pxad2",
        "point_name": "宇治文化中心 走廊",
        "remark": ""
      },
      "type": "Feature"
    },
    {
      "geometry": {
        "coordinates": [
          135.804466,
          34.879539
        ],
        "type": "Point"
      },
      "properties": {
        "bangumi_id": 115908,
        "bangumi_title": "吹响吧！上低音号",
        "ep_cut": 11,
        "image_url": "https://w.junreimap.com/images/points/115908/kq18tnio7_1716605613081.jpg",
        "location": "",
        "point_id": "kq18tnio7",
        "point_name": "宇治文化中心 走廊",
        "remark": ""
      },
      "type": "Feature"
    },
    {
      "geometry": {
        "coordinates": [
          135.804662,
          34.879939
        ],
        "type": "Point"
      },
      "properties": {
        "bangumi_id": 115908,
        "bangumi_title": "吹响吧！上低音号",
        "ep_cut": 11,
        "image_url": "https://w.junreimap.com/images/points/115908/kq12ro0yo_1716605258706.jpg",
        "location": "",
        "point_id": "kq12ro0yo",
        "point_name": "宇治文化中心 停车场",
        "remark": ""
      },
      "type": "Feature"
    },
    {
      "geometry": {
        "coordinates": [
          135.804671,
          34.879933
        ],
        "type": "Point"
      },
      "properties": {
        "bangumi_id": 115908,
        "bangumi_title": "吹响吧！上低音号",
        "ep_cut": 11,
        "image_url": "https://w.junreimap.com/images/points/115908/kq172jwvc_1716605508320.jpg",
        "location": "",
        "point_id": "kq172jwvc",
        "point_name": "宇治文化中心 停车场",
        "remark": ""
      },
      "type": "Feature"
    },
    {
      "geometry": {
        "coordinates": [
          135.804679,
          34.879929
        ],
        "type": "Point"
      },
      "properties": {
        "bangumi_id": 115908,
        "bangumi_title": "吹响吧！上低音号",
        "ep_cut": 11,
        "image_url": "https://w.junreimap.com/images/points/115908/kq1752jfo_1716605511339.jpg",
        "location": "",
        "point_id": "kq1752jfo",
        "point_name": "宇治文化中心 停车场",
        "remark": ""
      },
      "type": "Feature"
    },
    {
      "geometry": {
        "coordinates": [
          135.804695,
          34.879947
        ],
        "type": "Point"
      },
      "properties": {
        "bangumi_id": 115908,
        "bangumi_title": "吹响吧！上低音号",
        "ep_cut": 11,
        "image_url": "https://w.junreimap.com/images/points/115908/kq176uedm_1716605514043.jpg",
        "location": "",
        "point_id": "kq176uedm",
        "point_name": "宇治文化中心 停车场",
        "remark": ""
      },
      "type": "Feature"
    },
    {
      "geometry": {
        "coordinates": [
          135.804692,
          34.879943
        ],
        "type": "Point"
      },
      "properties": {
        "bangumi_id": 115908,
        "bangumi_title": "吹响吧！上低音号",
        "ep_cut": 11,
        "image_url": "https://w.junreimap.com/images/points/115908/kq178jfm3_1716605517123.jpg",
        "location": "",
        "point_id": "kq178jfm3",
        "point_name": "宇治文化中心 停车场",
        "remark": ""
      },
      "type": "Feature"
    },
    {
      "geometry": {
        "coordinates": [
          135.804689,
          34.879939
        ],
        "type": "Point"
      },
      "properties": {
        "bangumi_id": 115908,
        "bangumi_title": "吹响吧！上低音号",
        "ep_cut": 11,
        "image_url": "https://w.junreimap.com/images/points/115908/kq17alao6_1716605520429.jpg",
        "location": "",
        "point_id": "kq17alao6",
        "point_name": "宇治文化中心 停车场",
        "remark": ""
      },
      "type": "Feature"
    },
    {
      "geometry": {
        "coordinates": [
          135.804651,
          34.879945
        ],
        "type": "Point"
      },
      "properties": {
        "bangumi_id": 115908,
        "bangumi_title": "吹响吧！上低音号",
        "ep_cut": 11,
        "image_url": "https://w.junreimap.com/images/points/115908/kq130h9ch_1716605262472.jpg",
        "location": "",
        "point_id": "kq130h9ch",
        "point_name": "宇治文化中心 停车场",
        "remark": ""
      },
      "type": "Feature"
    },
    {
      "geometry": {
        "coordinates": [
          135.804639,
          34.879953
        ],
        "type": "Point"
      },
      "properties": {
        "bangumi_id": 115908,
        "bangumi_title": "吹响吧！上低音号",
        "ep_cut": 11,
        "image_url": "https://w.junreimap.com/images/points/115908/kq134f5vg_1716605270212.jpg",
        "location": "",
        "point_id": "kq134f5vg",
        "point_name": "宇治文化中心 停车场",
        "remark": ""
      },
      "type": "Feature"
    },
    {
      "geometry": {
        "coordinates": [
          135.769322,
          34.968775
        ],
        "type": "Point"
      },
      "properties": {
        "bangumi_id": 115908,
        "bangumi_title": "吹响吧！上低音号",
        "ep_cut": 13,
        "image_url": "https://w.junreimap.com/images/points/115908/75877ba95f223e54af4e0b48d29f55fc.png",
        "location": "",
        "point_id": "qys7k6",
        "point_name": "京阪伏見稲荷駅",
        "remark": ""
      },
      "type": "Feature"
    },
    {
      "geometry": {
        "coordinates": [
          135.805127,
          34.93254
        ],
        "type": "Point"
      },
      "properties": {
        "bangumi_id": 115908,
        "bangumi_title": "吹响吧！上低音号",
        "ep_cut": 14,
        "image_url": "https://w.junreimap.com/images/points/115908/cd3f7ce69b5af0f9e7429d6870ba81ea.png",
        "location": "上学路",
        "point_id": "qys7jg",
        "point_name": "宇治御蔵山郵便局付近",
        "remark": ""
      },
      "type": "Feature"
    },
    {
      "geometry": {
        "coordinates": [
          135.799529,
          34.933455
        ],
        "type": "Point"
      },
      "properties": {
        "bangumi_id": 115908,
        "bangumi_title": "吹响吧！上低音号",
        "ep_cut": 14,
        "image_url": "https://w.junreimap.com/images/points/115908/a14b5b3abfd7d230bce899b16e5e71ff.png",
        "location": "上学路",
        "point_id": "qys7jl",
        "point_name": "ゆう薬局六地蔵店",
        "remark": ""
      },
      "type": "Feature"
    },
    {
      "geometry": {
        "coordinates": [
          135.804329,
          34.93661
        ],
        "type": "Point"
      },
      "properties": {
        "bangumi_id": 115908,
        "bangumi_title": "吹响吧！上低音号",
        "ep_cut": 14,
        "image_url": "https://w.junreimap.com/images/points/115908/b4780d9e8da0b153376ac269b3df1e1c.png",
        "location": "上学路",
        "point_id": "qys7i6",
        "point_name": "天理教京東分教会付近",
        "remark": ""
      },
      "type": "Feature"
    },
    {
      "geometry": {
        "coordinates": [
          135.802065,
          34.935175
        ],
        "type": "Point"
      },
      "properties": {
        "bangumi_id": 115908,
        "bangumi_title": "吹响吧！上低音号",
        "ep_cut": 14,
        "image_url": "https://w.junreimap.com/images/points/115908/e08701eb8c24a098143b219486fa3402.png",
        "location": "上学路",
        "point_id": "qys7kh",
        "point_name": "東洋パーク付近",
        "remark": ""
      },
      "type": "Feature"
    },
    {
      "geometry": {
        "coordinates": [
          135.810098,
          34.940963
        ],
        "type": "Point"
      },
      "properties": {
        "bangumi_id": 115908,
        "bangumi_title": "吹响吧！上低音号",
        "ep_cut": 14,
        "image_url": "https://w.junreimap.com/images/points/115908/45d88e47c8ac8fd35031e39d2019aa0f.png",
        "location": "上学路",
        "point_id": "qys7jz",
        "point_name": "メンズヘアーサロンスズキ付近",
        "remark": ""
      },
      "type": "Feature"
    },
    {
      "geometry": {
        "coordinates": [
          135.828052,
          34.880897
        ],
        "type": "Point"
      },
      "properties": {
        "bangumi_id": 115908,
        "bangumi_title": "吹响吧！上低音号",
        "ep_cut": "OST",
        "image_url": "https://w.junreimap.com/images/points/115908/b12c5b957b4d9f32d8ec1cfab25bc650.png",
        "location": "",
        "point_id": "qys7j2",
        "point_name": "天ケ瀬ダム",
        "remark": "OST Cover"
      },
      "type": "Feature"
    },
    {
      "geometry": {
        "coordinates": [
          135.795954,
          34.922417
        ],
        "type": "Point"
      },
      "properties": {
        "bangumi_id": 115908,
        "bangumi_title": "吹响吧！上低音号",
        "ep_cut": 7,
        "image_url": "https://w.junreimap.com/images/points/115908/7oiargz2.jpg",
        "location": "",
        "point_id": "7oiargz2",
        "point_name": "みんな​のき​木幡​こども園",
        "remark": ""
      },
      "type": "Feature"
    },
    {
      "geometry": {
        "coordinates": [
          135.806028,
          34.904644
        ],
        "type": "Point"
      },
      "properties": {
        "bangumi_id": 115908,
        "bangumi_title": "吹响吧！上低音号",
        "ep_cut": 7,
        "image_url": "https://w.junreimap.com/images/points/115908/7onw90h5.jpg",
        "location": "",
        "point_id": "7onw90h5",
        "point_name": "电车内 薯条吃太多了",
        "remark": ""
      },
      "type": "Feature"
    },
    {
      "geometry": {
        "coordinates": [
          135.811299,
          34.888923
        ],
        "type": "Point"
      },
      "properties": {
        "bangumi_id": 115908,
        "bangumi_title": "吹响吧！上低音号",
        "ep_cut": 11,
        "image_url": "https://w.junreimap.com/images/points/115908/e6aaf61c11de9ca6ed2ba772c48c1708.png",
        "location": "",
        "point_id": "qys7ih",
        "point_name": "観流橋",
        "remark": ""
      },
      "type": "Feature"
    },
    {
      "geometry": {
        "coordinates": [
          135.811363,
          34.888853
        ],
        "type": "Point"
      },
      "properties": {
        "bangumi_id": 115908,
        "bangumi_title": "吹响吧！上低音号",
        "ep_cut": 11,
        "image_url": "https://w.junreimap.com/images/points/115908/1xj5ycy_1751214708285.jpg",
        "location": "",
        "point_id": "1xj5ycy",
        "point_name": "観流橋",
        "remark": "（补点）这里原先的地标点似乎不见了"
      },
      "type": "Feature"
    },
    {
      "geometry": {
        "coordinates": [
          135.809834,
          34.890485
        ],
        "type": "Point"
      },
      "properties": {
        "bangumi_id": 115908,
        "bangumi_title": "吹响吧！上低音号",
        "ep_cut": 6,
        "image_url": "https://w.junreimap.com/images/points/115908/7neg9gax.jpg",
        "location": "",
        "point_id": "7neg9gax",
        "point_name": "観流橋東",
        "remark": "观流桥是与宇治川平行的，并且桥头没有台阶。这个是连接中之岛与宇治川东岸的朝雾桥。"
      },
      "type": "Feature"
    },
    {
      "geometry": {
        "coordinates": [
          135.809682,
          34.890605
        ],
        "type": "Point"
      },
      "properties": {
        "bangumi_id": 115908,
        "bangumi_title": "吹响吧！上低音号",
        "ep_cut": 4,
        "image_url": "https://w.junreimap.com/images/points/115908/7ir4s726.jpg",
        "location": "",
        "point_id": "7ir4s726",
        "point_name": "観流橋西",
        "remark": ""
      },
      "type": "Feature"
    },
    {
      "geometry": {
        "coordinates": [
          135.809747,
          34.890644
        ],
        "type": "Point"
      },
      "properties": {
        "bangumi_id": 115908,
        "bangumi_title": "吹响吧！上低音号",
        "ep_cut": 4,
        "image_url": "https://w.junreimap.com/images/points/115908/7irdu344.jpg",
        "location": "",
        "point_id": "7irdu344",
        "point_name": "観流橋西",
        "remark": ""
      },
      "type": "Feature"
    },
    {
      "geometry": {
        "coordinates": [
          135.80981,
          34.890599
        ],
        "type": "Point"
      },
      "properties": {
        "bangumi_id": 115908,
        "bangumi_title": "吹响吧！上低音号",
        "ep_cut": 4,
        "image_url": "https://w.junreimap.com/images/points/115908/7it2tujw.jpg",
        "location": "",
        "point_id": "7it2tujw",
        "point_name": "観流橋西",
        "remark": ""
      },
      "type": "Feature"
    },
    {
      "geometry": {
        "coordinates": [
          135.809733,
          34.890576
        ],
        "type": "Point"
      },
      "properties": {
        "bangumi_id": 115908,
        "bangumi_title": "吹响吧！上低音号",
        "ep_cut": 4,
        "image_url": "https://w.junreimap.com/images/points/115908/7it713rf.jpg",
        "location": "",
        "point_id": "7it713rf",
        "point_name": "観流橋西",
        "remark": ""
      },
      "type": "Feature"
    },
    {
      "geometry": {
        "coordinates": [
          135.809771,
          34.890558
        ],
        "type": "Point"
      },
      "properties": {
        "bangumi_id": 115908,
        "bangumi_title": "吹响吧！上低音号",
        "ep_cut": 4,
        "image_url": "https://w.junreimap.com/images/points/115908/7itclses.jpg",
        "location": "",
        "point_id": "7itclses",
        "point_name": "観流橋西",
        "remark": ""
      },
      "type": "Feature"
    },
    {
      "geometry": {
        "coordinates": [
          135.809266,
          34.890496
        ],
        "type": "Point"
      },
      "properties": {
        "bangumi_id": 115908,
        "bangumi_title": "吹响吧！上低音号",
        "ep_cut": 6,
        "image_url": "https://w.junreimap.com/images/points/115908/7nelh88x.jpg",
        "location": "",
        "point_id": "7nelh88x",
        "point_name": "観流橋",
        "remark": "（补点）这里原先的地标点似乎不见了"
      },
      "type": "Feature"
    },
    {
      "geometry": {
        "coordinates": [
          135.811375,
          34.888844
        ],
        "type": "Point"
      },
      "properties": {
        "bangumi_id": 115908,
        "bangumi_title": "吹响吧！上低音号",
        "ep_cut": 11,
        "image_url": "https://w.junreimap.com/images/points/115908/1xj5115_1751214666190.jpg",
        "location": "",
        "point_id": "1xj5115",
        "point_name": "観流橋",
        "remark": "（补点）这里原先的地标点似乎不见了"
      },
      "type": "Feature"
    },
    {
      "geometry": {
        "coordinates": [
          135.811232,
          34.888983
        ],
        "type": "Point"
      },
      "properties": {
        "bangumi_id": 115908,
        "bangumi_title": "吹响吧！上低音号",
        "ep_cut": 11,
        "image_url": "https://w.junreimap.com/images/points/115908/1xj5ouw_1751214695752.jpg",
        "location": "",
        "point_id": "1xj5ouw",
        "point_name": "観流橋",
        "remark": "（补点）这里原先的地标点似乎不见了"
      },
      "type": "Feature"
    },
    {
      "geometry": {
        "coordinates": [
          135.811351,
          34.888865
        ],
        "type": "Point"
      },
      "properties": {
        "bangumi_id": 115908,
        "bangumi_title": "吹响吧！上低音号",
        "ep_cut": 11,
        "image_url": "https://w.junreimap.com/images/points/115908/1xj57pt_1751214673947.jpg",
        "location": "",
        "point_id": "1xj57pt",
        "point_name": "観流橋",
        "remark": "（补点）这里原先的地标点似乎不见了"
      },
      "type": "Feature"
    },
    {
      "geometry": {
        "coordinates": [
          135.809778,
          34.890618
        ],
        "type": "Point"
      },
      "properties": {
        "bangumi_id": 115908,
        "bangumi_title": "吹响吧！上低音号",
        "ep_cut": 4,
        "image_url": "https://w.junreimap.com/images/points/115908/7irjz87k.jpg",
        "location": "",
        "point_id": "7irjz87k",
        "point_name": "観流橋西",
        "remark": ""
      },
      "type": "Feature"
    },
    {
      "geometry": {
        "coordinates": [
          135.809826,
          34.89063
        ],
        "type": "Point"
      },
      "properties": {
        "bangumi_id": 115908,
        "bangumi_title": "吹响吧！上低音号",
        "ep_cut": 4,
        "image_url": "https://w.junreimap.com/images/points/115908/7iry0ahs.jpg",
        "location": "",
        "point_id": "7iry0ahs",
        "point_name": "観流橋西",
        "remark": ""
      },
      "type": "Feature"
    },
    {
      "geometry": {
        "coordinates": [
          135.809775,
          34.890591
        ],
        "type": "Point"
      },
      "properties": {
        "bangumi_id": 115908,
        "bangumi_title": "吹响吧！上低音号",
        "ep_cut": 4,
        "image_url": "https://w.junreimap.com/images/points/115908/7isbul5k.jpg",
        "location": "",
        "point_id": "7isbul5k",
        "point_name": "観流橋西",
        "remark": ""
      },
      "type": "Feature"
    },
    {
      "geometry": {
        "coordinates": [
          135.809608,
          34.890827
        ],
        "type": "Point"
      },
      "properties": {
        "bangumi_id": 115908,
        "bangumi_title": "吹响吧！上低音号",
        "ep_cut": 11,
        "image_url": "https://w.junreimap.com/images/points/115908/kq0w5ii2h_1716604900230.jpg",
        "location": "",
        "point_id": "kq0w5ii2h",
        "point_name": "観流橋西 朝日烧店铺前",
        "remark": "蛾子好多啊"
      },
      "type": "Feature"
    },
    {
      "geometry": {
        "coordinates": [
          135.809861,
          34.890684
        ],
        "type": "Point"
      },
      "properties": {
        "bangumi_id": 115908,
        "bangumi_title": "吹响吧！上低音号",
        "ep_cut": 11,
        "image_url": "https://w.junreimap.com/images/points/115908/kq0xuzm9n_1716604954815.jpg",
        "location": "",
        "point_id": "kq0xuzm9n",
        "point_name": "観流橋西",
        "remark": ""
      },
      "type": "Feature"
    },
    {
      "geometry": {
        "coordinates": [
          135.809895,
          34.890682
        ],
        "type": "Point"
      },
      "properties": {
        "bangumi_id": 115908,
        "bangumi_title": "吹响吧！上低音号",
        "ep_cut": 11,
        "image_url": "https://w.junreimap.com/images/points/115908/kq0y1xw81_1716604962923.jpg",
        "location": "",
        "point_id": "kq0y1xw81",
        "point_name": "観流橋西",
        "remark": ""
      },
      "type": "Feature"
    },
    {
      "geometry": {
        "coordinates": [
          135.80992,
          34.890683
        ],
        "type": "Point"
      },
      "properties": {
        "bangumi_id": 115908,
        "bangumi_title": "吹响吧！上低音号",
        "ep_cut": 11,
        "image_url": "https://w.junreimap.com/images/points/115908/kq0y4hmga_1716604967549.jpg",
        "location": "",
        "point_id": "kq0y4hmga",
        "point_name": "観流橋西",
        "remark": ""
      },
      "type": "Feature"
    },
    {
      "geometry": {
        "coordinates": [
          135.799901,
          34.926554
        ],
        "type": "Point"
      },
      "properties": {
        "bangumi_id": 115908,
        "bangumi_title": "吹响吧！上低音号",
        "ep_cut": 3,
        "image_url": "https://w.junreimap.com/images/points/115908/7hwewb4e.jpg",
        "location": "",
        "point_id": "7hwewb4e",
        "point_name": "マクドナルド\n宇治​木幡​店",
        "remark": ""
      },
      "type": "Feature"
    },
    {
      "geometry": {
        "coordinates": [
          135.79988,
          34.926523
        ],
        "type": "Point"
      },
      "properties": {
        "bangumi_id": 115908,
        "bangumi_title": "吹响吧！上低音号",
        "ep_cut": 10,
        "image_url": "https://w.junreimap.com/images/points/115908/kq0h12994_1716603934812.jpg",
        "location": "",
        "point_id": "kq0h12994",
        "point_name": "マクドナルド\n宇治​木幡​店",
        "remark": ""
      },
      "type": "Feature"
    },
    {
      "geometry": {
        "coordinates": [
          135.799895,
          34.926526
        ],
        "type": "Point"
      },
      "properties": {
        "bangumi_id": 115908,
        "bangumi_title": "吹响吧！上低音号",
        "ep_cut": 10,
        "image_url": "https://w.junreimap.com/images/points/115908/kq0h710wm_1716603943090.jpg",
        "location": "",
        "point_id": "kq0h710wm",
        "point_name": "マクドナルド\n宇治​木幡​店",
        "remark": ""
      },
      "type": "Feature"
    },
    {
      "geometry": {
        "coordinates": [
          135.799896,
          34.926539
        ],
        "type": "Point"
      },
      "properties": {
        "bangumi_id": 115908,
        "bangumi_title": "吹响吧！上低音号",
        "ep_cut": 10,
        "image_url": "https://w.junreimap.com/images/points/115908/kq0hd65wu_1716603952690.jpg",
        "location": "",
        "point_id": "kq0hd65wu",
        "point_name": "マクドナルド\n宇治​木幡​店",
        "remark": ""
      },
      "type": "Feature"
    },
    {
      "geometry": {
        "coordinates": [
          135.799893,
          34.926544
        ],
        "type": "Point"
      },
      "properties": {
        "bangumi_id": 115908,
        "bangumi_title": "吹响吧！上低音号",
        "ep_cut": 10,
        "image_url": "https://w.junreimap.com/images/points/115908/kq0hf9nty_1716603956642.jpg",
        "location": "",
        "point_id": "kq0hf9nty",
        "point_name": "マクドナルド\n宇治​木幡​店",
        "remark": ""
      },
      "type": "Feature"
    },
    {
      "geometry": {
        "coordinates": [
          135.799896,
          34.926552
        ],
        "type": "Point"
      },
      "properties": {
        "bangumi_id": 115908,
        "bangumi_title": "吹响吧！上低音号",
        "ep_cut": 10,
        "image_url": "https://w.junreimap.com/images/points/115908/kq0i6wgb1_1716604004673.jpg",
        "location": "",
        "point_id": "kq0i6wgb1",
        "point_name": "マクドナルド\n宇治​木幡​店",
        "remark": ""
      },
      "type": "Feature"
    },
    {
      "geometry": {
        "coordinates": [
          135.799872,
          34.926514
        ],
        "type": "Point"
      },
      "properties": {
        "bangumi_id": 115908,
        "bangumi_title": "吹响吧！上低音号",
        "ep_cut": 3,
        "image_url": "https://w.junreimap.com/images/points/115908/7hwkzpem.jpg",
        "location": "",
        "point_id": "7hwkzpem",
        "point_name": "マクドナルド\n宇治​木幡​店",
        "remark": ""
      },
      "type": "Feature"
    },
    {
      "geometry": {
        "coordinates": [
          135.802863,
          34.913963
        ],
        "type": "Point"
      },
      "properties": {
        "bangumi_id": 115908,
        "bangumi_title": "吹响吧！上低音号",
        "ep_cut": 6,
        "image_url": "https://w.junreimap.com/images/points/115908/7nzsmxui.jpg",
        "location": "",
        "point_id": "7nzsmxui",
        "point_name": "京坂木幡站",
        "remark": ""
      },
      "type": "Feature"
    },
    {
      "geometry": {
        "coordinates": [
          135.802901,
          34.91422
        ],
        "type": "Point"
      },
      "properties": {
        "bangumi_id": 115908,
        "bangumi_title": "吹响吧！上低音号",
        "ep_cut": 7,
        "image_url": "https://w.junreimap.com/images/points/115908/7o2l8tj8.jpg",
        "location": "",
        "point_id": "7o2l8tj8",
        "point_name": "京阪黄檗駅",
        "remark": ""
      },
      "type": "Feature"
    },
    {
      "geometry": {
        "coordinates": [
          135.814824,
          34.907808
        ],
        "type": "Point"
      },
      "properties": {
        "bangumi_id": 115908,
        "bangumi_title": "吹响吧！上低音号",
        "ep_cut": 3,
        "image_url": "https://w.junreimap.com/images/points/115908/qys7ic.jpg",
        "location": "",
        "point_id": "qys7ic",
        "point_name": "羽戸山第三児童公園",
        "remark": ""
      },
      "type": "Feature"
    },
    {
      "geometry": {
        "coordinates": [
          135.81485,
          34.907837
        ],
        "type": "Point"
      },
      "properties": {
        "bangumi_id": 115908,
        "bangumi_title": "吹响吧！上低音号",
        "ep_cut": 3,
        "image_url": "https://w.junreimap.com/images/points/115908/7hxnqh9t.jpg",
        "location": "",
        "point_id": "7hxnqh9t",
        "point_name": "羽戸山第三児童公園",
        "remark": ""
      },
      "type": "Feature"
    },
    {
      "geometry": {
        "coordinates": [
          135.814804,
          34.907811
        ],
        "type": "Point"
      },
      "properties": {
        "bangumi_id": 115908,
        "bangumi_title": "吹响吧！上低音号",
        "ep_cut": 3,
        "image_url": "https://w.junreimap.com/images/points/115908/7hxwfnh4.jpg",
        "location": "",
        "point_id": "7hxwfnh4",
        "point_name": "羽戸山第三児童公園",
        "remark": ""
      },
      "type": "Feature"
    },
    {
      "geometry": {
        "coordinates": [
          135.814777,
          34.907851
        ],
        "type": "Point"
      },
      "properties": {
        "bangumi_id": 115908,
        "bangumi_title": "吹响吧！上低音号",
        "ep_cut": 3,
        "image_url": "https://w.junreimap.com/images/points/115908/7hyfeeyp.jpg",
        "location": "",
        "point_id": "7hyfeeyp",
        "point_name": "羽戸山第三児童公園 前",
        "remark": ""
      },
      "type": "Feature"
    },
    {
      "geometry": {
        "coordinates": [
          135.814871,
          34.907645
        ],
        "type": "Point"
      },
      "properties": {
        "bangumi_id": 115908,
        "bangumi_title": "吹响吧！上低音号",
        "ep_cut": 9,
        "image_url": "https://w.junreimap.com/images/points/115908/4x2po29_1757717440313.jpg",
        "location": "",
        "point_id": "4x2po29",
        "point_name": "羽戸山第三児童公園 秋千",
        "remark": "（补点）这里原先的地标点似乎不见了"
      },
      "type": "Feature"
    },
    {
      "geometry": {
        "coordinates": [
          135.814879,
          34.907647
        ],
        "type": "Point"
      },
      "properties": {
        "bangumi_id": 115908,
        "bangumi_title": "吹响吧！上低音号",
        "ep_cut": 9,
        "image_url": "https://w.junreimap.com/images/points/115908/4x2q9w1_1757717454241.jpg",
        "location": "",
        "point_id": "4x2q9w1",
        "point_name": "羽戸山第三児童公園 秋千",
        "remark": "（补点）这里原先的地标点似乎不见了"
      },
      "type": "Feature"
    },
    {
      "geometry": {
        "coordinates": [
          135.814888,
          34.907648
        ],
        "type": "Point"
      },
      "properties": {
        "bangumi_id": 115908,
        "bangumi_title": "吹响吧！上低音号",
        "ep_cut": 9,
        "image_url": "https://w.junreimap.com/images/points/115908/4x2qlno_1757717464428.jpg",
        "location": "",
        "point_id": "4x2qlno",
        "point_name": "羽戸山第三児童公園 秋千",
        "remark": "（补点）这里原先的地标点似乎不见了"
      },
      "type": "Feature"
    },
    {
      "geometry": {
        "coordinates": [
          135.814899,
          34.90765
        ],
        "type": "Point"
      },
      "properties": {
        "bangumi_id": 115908,
        "bangumi_title": "吹响吧！上低音号",
        "ep_cut": 9,
        "image_url": "https://w.junreimap.com/images/points/115908/4x2qop7_1757717468436.jpg",
        "location": "",
        "point_id": "4x2qop7",
        "point_name": "羽戸山第三児童公園 秋千",
        "remark": "（补点）这里原先的地标点似乎不见了"
      },
      "type": "Feature"
    },
    {
      "geometry": {
        "coordinates": [
          135.814606,
          34.907821
        ],
        "type": "Point"
      },
      "properties": {
        "bangumi_id": 115908,
        "bangumi_title": "吹响吧！上低音号",
        "ep_cut": 10,
        "image_url": "https://w.junreimap.com/images/points/115908/kq0j44ezf_1716604059898.jpg",
        "location": "",
        "point_id": "kq0j44ezf",
        "point_name": "羽戸山第三児童公園",
        "remark": ""
      },
      "type": "Feature"
    },
    {
      "geometry": {
        "coordinates": [
          135.814705,
          34.907614
        ],
        "type": "Point"
      },
      "properties": {
        "bangumi_id": 115908,
        "bangumi_title": "吹响吧！上低音号",
        "ep_cut": 10,
        "image_url": "https://w.junreimap.com/images/points/115908/5o6ogci47_1716604090041.jpg",
        "location": "",
        "point_id": "5o6ogci47",
        "point_name": "羽戸山第三児童公園",
        "remark": ""
      },
      "type": "Feature"
    },
    {
      "geometry": {
        "coordinates": [
          135.814739,
          34.907645
        ],
        "type": "Point"
      },
      "properties": {
        "bangumi_id": 115908,
        "bangumi_title": "吹响吧！上低音号",
        "ep_cut": 10,
        "image_url": "https://w.junreimap.com/images/points/115908/kq0jqj6bt_1716604096041.jpg",
        "location": "",
        "point_id": "kq0jqj6bt",
        "point_name": "羽戸山第三児童公園",
        "remark": ""
      },
      "type": "Feature"
    },
    {
      "geometry": {
        "coordinates": [
          135.814758,
          34.907648
        ],
        "type": "Point"
      },
      "properties": {
        "bangumi_id": 115908,
        "bangumi_title": "吹响吧！上低音号",
        "ep_cut": 10,
        "image_url": "https://w.junreimap.com/images/points/115908/kq0k17pob_1716604114351.jpg",
        "location": "",
        "point_id": "kq0k17pob",
        "point_name": "羽戸山第三児童公園",
        "remark": ""
      },
      "type": "Feature"
    },
    {
      "geometry": {
        "coordinates": [
          135.814773,
          34.90765
        ],
        "type": "Point"
      },
      "properties": {
        "bangumi_id": 115908,
        "bangumi_title": "吹响吧！上低音号",
        "ep_cut": 10,
        "image_url": "https://w.junreimap.com/images/points/115908/kq0k37lu9_1716604117750.jpg",
        "location": "",
        "point_id": "kq0k37lu9",
        "point_name": "羽戸山第三児童公園",
        "remark": ""
      },
      "type": "Feature"
    },
    {
      "geometry": {
        "coordinates": [
          135.814787,
          34.907707
        ],
        "type": "Point"
      },
      "properties": {
        "bangumi_id": 115908,
        "bangumi_title": "吹响吧！上低音号",
        "ep_cut": 10,
        "image_url": "https://w.junreimap.com/images/points/115908/kq0k6hcs4_1716604123621.jpg",
        "location": "",
        "point_id": "kq0k6hcs4",
        "point_name": "羽戸山第三児童公園",
        "remark": ""
      },
      "type": "Feature"
    },
    {
      "geometry": {
        "coordinates": [
          135.8148,
          34.907707
        ],
        "type": "Point"
      },
      "properties": {
        "bangumi_id": 115908,
        "bangumi_title": "吹响吧！上低音号",
        "ep_cut": 10,
        "image_url": "https://w.junreimap.com/images/points/115908/kq0ka0mq0_1716604130190.jpg",
        "location": "",
        "point_id": "kq0ka0mq0",
        "point_name": "羽戸山第三児童公園",
        "remark": ""
      },
      "type": "Feature"
    },
    {
      "geometry": {
        "coordinates": [
          135.814814,
          34.907708
        ],
        "type": "Point"
      },
      "properties": {
        "bangumi_id": 115908,
        "bangumi_title": "吹响吧！上低音号",
        "ep_cut": 10,
        "image_url": "https://w.junreimap.com/images/points/115908/kq0kceznb_1716604132931.jpg",
        "location": "",
        "point_id": "kq0kceznb",
        "point_name": "羽戸山第三児童公園",
        "remark": ""
      },
      "type": "Feature"
    },
    {
      "geometry": {
        "coordinates": [
          135.814829,
          34.907709
        ],
        "type": "Point"
      },
      "properties": {
        "bangumi_id": 115908,
        "bangumi_title": "吹响吧！上低音号",
        "ep_cut": 10,
        "image_url": "https://w.junreimap.com/images/points/115908/kq0kecz5s_1716604137232.jpg",
        "location": "",
        "point_id": "kq0kecz5s",
        "point_name": "羽戸山第三児童公園",
        "remark": ""
      },
      "type": "Feature"
    },
    {
      "geometry": {
        "coordinates": [
          135.814781,
          34.907593
        ],
        "type": "Point"
      },
      "properties": {
        "bangumi_id": 115908,
        "bangumi_title": "吹响吧！上低音号",
        "ep_cut": 10,
        "image_url": "https://w.junreimap.com/images/points/115908/kq0kjjdg1_1716604144923.jpg",
        "location": "",
        "point_id": "kq0kjjdg1",
        "point_name": "羽戸山第三児童公園",
        "remark": ""
      },
      "type": "Feature"
    },
    {
      "geometry": {
        "coordinates": [
          135.814843,
          34.907709
        ],
        "type": "Point"
      },
      "properties": {
        "bangumi_id": 115908,
        "bangumi_title": "吹响吧！上低音号",
        "ep_cut": 10,
        "image_url": "https://w.junreimap.com/images/points/115908/kq0klr8i4_1716604148694.jpg",
        "location": "",
        "point_id": "kq0klr8i4",
        "point_name": "羽戸山第三児童公園",
        "remark": ""
      },
      "type": "Feature"
    },
    {
      "geometry": {
        "coordinates": [
          135.814859,
          34.907708
        ],
        "type": "Point"
      },
      "properties": {
        "bangumi_id": 115908,
        "bangumi_title": "吹响吧！上低音号",
        "ep_cut": 10,
        "image_url": "https://w.junreimap.com/images/points/115908/kq0kpi2di_1716604154941.jpg",
        "location": "",
        "point_id": "kq0kpi2di",
        "point_name": "羽戸山第三児童公園",
        "remark": ""
      },
      "type": "Feature"
    },
    {
      "geometry": {
        "coordinates": [
          135.814794,
          34.907831
        ],
        "type": "Point"
      },
      "properties": {
        "bangumi_id": 115908,
        "bangumi_title": "吹响吧！上低音号",
        "ep_cut": 9,
        "image_url": "https://w.junreimap.com/images/points/115908/t24t6v4jm_1740122625966.jpg",
        "location": "",
        "point_id": "t24t6v4jm",
        "point_name": "饮水池",
        "remark": ""
      },
      "type": "Feature"
    },
    {
      "geometry": {
        "coordinates": [
          135.806819,
          34.893598
        ],
        "type": "Point"
      },
      "properties": {
        "bangumi_id": 115908,
        "bangumi_title": "吹响吧！上低音号",
        "ep_cut": 12,
        "image_url": "https://w.junreimap.com/images/points/115908/kq2i9iegc_1716608362043.jpg",
        "location": "",
        "point_id": "hsi1kiyqq",
        "point_name": "宇治桥 不甘心",
        "remark": ""
      },
      "type": "Feature"
    },
    {
      "geometry": {
        "coordinates": [
          135.806679,
          34.893154
        ],
        "type": "Point"
      },
      "properties": {
        "bangumi_id": 115908,
        "bangumi_title": "吹响吧！上低音号",
        "ep_cut": 12,
        "image_url": "https://w.junreimap.com/images/points/115908/kq2jbnzye_1716608425344.jpg",
        "location": "",
        "point_id": "kq2jbnzye",
        "point_name": "宇治桥 不甘心",
        "remark": "视点基准"
      },
      "type": "Feature"
    },
    {
      "geometry": {
        "coordinates": [
          135.806485,
          34.893211
        ],
        "type": "Point"
      },
      "properties": {
        "bangumi_id": 115908,
        "bangumi_title": "吹响吧！上低音号",
        "ep_cut": 12,
        "image_url": "https://w.junreimap.com/images/points/115908/kq2jrzmci_1716608452612.jpg",
        "location": "",
        "point_id": "kq2jrzmci",
        "point_name": "宇治桥 不甘心",
        "remark": ""
      },
      "type": "Feature"
    },
    {
      "geometry": {
        "coordinates": [
          135.806529,
          34.893064
        ],
        "type": "Point"
      },
      "properties": {
        "bangumi_id": 115908,
        "bangumi_title": "吹响吧！上低音号",
        "ep_cut": 12,
        "image_url": "https://w.junreimap.com/images/points/115908/kq2jwezi0_1716608459751.jpg",
        "location": "",
        "point_id": "kq2jwezi0",
        "point_name": "宇治桥 不甘心",
        "remark": "视点基准"
      },
      "type": "Feature"
    },
    {
      "geometry": {
        "coordinates": [
          135.80604,
          34.89289
        ],
        "type": "Point"
      },
      "properties": {
        "bangumi_id": 115908,
        "bangumi_title": "吹响吧！上低音号",
        "ep_cut": 12,
        "image_url": "https://w.junreimap.com/images/points/115908/kq2k3zg4n_1716608472261.jpg",
        "location": "",
        "point_id": "kq2k3zg4n",
        "point_name": "宇治桥 不甘心",
        "remark": ""
      },
      "type": "Feature"
    },
    {
      "geometry": {
        "coordinates": [
          135.805934,
          34.892824
        ],
        "type": "Point"
      },
      "properties": {
        "bangumi_id": 115908,
        "bangumi_title": "吹响吧！上低音号",
        "ep_cut": 12,
        "image_url": "https://w.junreimap.com/images/points/115908/kq2k6pz53_1716608476634.jpg",
        "location": "",
        "point_id": "kq2k6pz53",
        "point_name": "宇治桥 不甘心",
        "remark": ""
      },
      "type": "Feature"
    },
    {
      "geometry": {
        "coordinates": [
          135.805953,
          34.892657
        ],
        "type": "Point"
      },
      "properties": {
        "bangumi_id": 115908,
        "bangumi_title": "吹响吧！上低音号",
        "ep_cut": 12,
        "image_url": "https://w.junreimap.com/images/points/115908/kq2kabuws_1716608483175.jpg",
        "location": "",
        "point_id": "kq2kabuws",
        "point_name": "宇治桥 不甘心",
        "remark": ""
      },
      "type": "Feature"
    },
    {
      "geometry": {
        "coordinates": [
          135.805951,
          34.892884
        ],
        "type": "Point"
      },
      "properties": {
        "bangumi_id": 115908,
        "bangumi_title": "吹响吧！上低音号",
        "ep_cut": 12,
        "image_url": "https://w.junreimap.com/images/points/115908/kq2km9va8_1716608503584.jpg",
        "location": "",
        "point_id": "hshual6eu",
        "point_name": "宇治桥 不甘心",
        "remark": ""
      },
      "type": "Feature"
    },
    {
      "geometry": {
        "coordinates": [
          135.80559,
          34.892739
        ],
        "type": "Point"
      },
      "properties": {
        "bangumi_id": 115908,
        "bangumi_title": "吹响吧！上低音号",
        "ep_cut": 12,
        "image_url": "https://w.junreimap.com/images/points/115908/kq2kf8y3p_1716608491668.jpg",
        "location": "",
        "point_id": "kq2kf8y3p",
        "point_name": "宇治桥 不甘心",
        "remark": ""
      },
      "type": "Feature"
    },
    {
      "geometry": {
        "coordinates": [
          135.805655,
          34.892726
        ],
        "type": "Point"
      },
      "properties": {
        "bangumi_id": 115908,
        "bangumi_title": "吹响吧！上低音号",
        "ep_cut": 12,
        "image_url": "https://w.junreimap.com/images/points/115908/kq2lb1lsn_1716608547890.jpg",
        "location": "",
        "point_id": "kq2lb1lsn",
        "point_name": "宇治桥 不甘心",
        "remark": ""
      },
      "type": "Feature"
    },
    {
      "geometry": {
        "coordinates": [
          135.805731,
          34.892587
        ],
        "type": "Point"
      },
      "properties": {
        "bangumi_id": 115908,
        "bangumi_title": "吹响吧！上低音号",
        "ep_cut": 12,
        "image_url": "https://w.junreimap.com/images/points/115908/kq2llfty6_1716608562213.jpg",
        "location": "",
        "point_id": "kq2llfty6",
        "point_name": "宇治桥 不甘心",
        "remark": ""
      },
      "type": "Feature"
    },
    {
      "geometry": {
        "coordinates": [
          135.805683,
          34.892697
        ],
        "type": "Point"
      },
      "properties": {
        "bangumi_id": 115908,
        "bangumi_title": "吹响吧！上低音号",
        "ep_cut": 12,
        "image_url": "https://w.junreimap.com/images/points/115908/kq2ls7rjw_1716608573829.jpg",
        "location": "",
        "point_id": "kq2ls7rjw",
        "point_name": "宇治桥 不甘心",
        "remark": ""
      },
      "type": "Feature"
    },
    {
      "geometry": {
        "coordinates": [
          135.80569,
          34.892691
        ],
        "type": "Point"
      },
      "properties": {
        "bangumi_id": 115908,
        "bangumi_title": "吹响吧！上低音号",
        "ep_cut": 12,
        "image_url": "https://w.junreimap.com/images/points/115908/kq2lz6mk0_1716608585255.jpg",
        "location": "",
        "point_id": "kq2lz6mk0",
        "point_name": "宇治桥 不甘心",
        "remark": ""
      },
      "type": "Feature"
    },
    {
      "geometry": {
        "coordinates": [
          135.805625,
          34.892645
        ],
        "type": "Point"
      },
      "properties": {
        "bangumi_id": 115908,
        "bangumi_title": "吹响吧！上低音号",
        "ep_cut": 12,
        "image_url": "https://w.junreimap.com/images/points/115908/kq2mrgdil_1716608633962.jpg",
        "location": "",
        "point_id": "kq2mrgdil",
        "point_name": "宇治桥 不甘心",
        "remark": ""
      },
      "type": "Feature"
    },
    {
      "geometry": {
        "coordinates": [
          135.805723,
          34.89264
        ],
        "type": "Point"
      },
      "properties": {
        "bangumi_id": 115908,
        "bangumi_title": "吹响吧！上低音号",
        "ep_cut": 12,
        "image_url": "https://w.junreimap.com/images/points/115908/kq2n46rlq_1716608654473.jpg",
        "location": "",
        "point_id": "kq2n46rlq",
        "point_name": "宇治桥 不甘心 全景",
        "remark": ""
      },
      "type": "Feature"
    },
    {
      "geometry": {
        "coordinates": [
          135.805849,
          34.892539
        ],
        "type": "Point"
      },
      "properties": {
        "bangumi_id": 115908,
        "bangumi_title": "吹响吧！上低音号",
        "ep_cut": 12,
        "image_url": "https://w.junreimap.com/images/points/115908/kq2nbifmh_1716608667509.jpg",
        "location": "",
        "point_id": "kq2nbifmh",
        "point_name": "宇治桥 不甘心 全景",
        "remark": ""
      },
      "type": "Feature"
    },
    {
      "geometry": {
        "coordinates": [
          135.807974,
          34.892367
        ],
        "type": "Point"
      },
      "properties": {
        "bangumi_id": 115908,
        "bangumi_title": "吹响吧！上低音号",
        "ep_cut": 12,
        "image_url": "https://w.junreimap.com/images/points/115908/kq2pjf2la_1716608808006.jpg",
        "location": "",
        "point_id": "kq2pjf2la",
        "point_name": "宇治桥 不甘心 全景2",
        "remark": "视点基准"
      },
      "type": "Feature"
    },
    {
      "geometry": {
        "coordinates": [
          135.806679,
          34.893723
        ],
        "type": "Point"
      },
      "properties": {
        "bangumi_id": 115908,
        "bangumi_title": "吹响吧！上低音号",
        "ep_cut": 12,
        "image_url": "https://w.junreimap.com/images/points/115908/kq2hjz2ju_1716608318276.jpg",
        "location": "",
        "point_id": "kq2hjz2ju",
        "point_name": "宇治桥 不甘心",
        "remark": ""
      },
      "type": "Feature"
    },
    {
      "geometry": {
        "coordinates": [
          135.805747,
          34.892545
        ],
        "type": "Point"
      },
      "properties": {
        "bangumi_id": 115908,
        "bangumi_title": "吹响吧！上低音号",
        "ep_cut": 8,
        "image_url": "https://w.junreimap.com/images/points/115908/j2sjku1v4_1737823169775_c16v9.jpg",
        "location": "",
        "point_id": "j2sjku1v4",
        "point_name": "宇治橋西",
        "remark": ""
      },
      "type": "Feature"
    },
    {
      "geometry": {
        "coordinates": [
          135.804083,
          34.89058
        ],
        "type": "Point"
      },
      "properties": {
        "bangumi_id": 115908,
        "bangumi_title": "吹响吧！上低音号",
        "ep_cut": "",
        "image_url": "https://w.junreimap.com/images/user/0/bangumi/115908/points/s8p6o00ko-1746833044431.jpg",
        "location": "飛び出し",
        "point_id": "s8p6o00ko",
        "point_name": "飛び出し注意看板（黄前久美子）",
        "remark": "Kumiko的飛び出し注意看板（黄前久美子）所在地，Bar Kaguya门前小巷内。"
      },
      "type": "Feature"
    },
    {
      "geometry": {
        "coordinates": [
          135.800293,
          34.88902
        ],
        "type": "Point"
      },
      "properties": {
        "bangumi_id": 115908,
        "bangumi_title": "吹响吧！上低音号",
        "ep_cut": "",
        "image_url": "https://w.junreimap.com/images/user/0/bangumi/115908/points/s8pbk9tst-1746832160753.jpg",
        "location": "飛び出し",
        "point_id": "s8pbk9tst",
        "point_name": "飛び出し注意看板（中川夏紀）",
        "remark": "やまべ一楼设置了夏紀的飛び出し注意看板"
      },
      "type": "Feature"
    },
    {
      "geometry": {
        "coordinates": [
          135.802159,
          34.889988
        ],
        "type": "Point"
      },
      "properties": {
        "bangumi_id": 115908,
        "bangumi_title": "吹响吧！上低音号",
        "ep_cut": "",
        "image_url": "https://w.junreimap.com/images/user/0/bangumi/115908/points/s8pg4fqk8-1753927734210.jpg",
        "location": "飛び出し",
        "point_id": "s8pg4fqk8",
        "point_name": "飛び出し注意看板（加藤葉月）",
        "remark": "葉月的飛び出し注意看板原址。"
      },
      "type": "Feature"
    },
    {
      "geometry": {
        "coordinates": [
          135.855867,
          34.933861
        ],
        "type": "Point"
      },
      "properties": {
        "bangumi_id": 115908,
        "bangumi_title": "吹响吧！上低音号",
        "ep_cut": "",
        "image_url": "https://w.junreimap.com/images/user/0/bangumi/115908/points/sffrvo228-1753927805805.jpg",
        "location": "飛び出し",
        "point_id": "sffrvo228",
        "point_name": "飛び出し注意看板（高坂麗奈）",
        "remark": "在京吹的等身人型立牌边，有Reina的飛び出し注意看板。"
      },
      "type": "Feature"
    },
    {
      "geometry": {
        "coordinates": [
          135.759443,
          34.987526
        ],
        "type": "Point"
      },
      "properties": {
        "bangumi_id": 115908,
        "bangumi_title": "吹响吧！上低音号",
        "ep_cut": "",
        "image_url": "",
        "location": "",
        "point_id": "s9ufxv8da",
        "point_name": "ニデック​京都​タワー",
        "remark": "京都塔酒店与京吹有三间联动房间（三香、四人组、青鸟），均为标间配置，入住有A4文件夹特典。空房情况请查看酒店日本官网。"
      },
      "type": "Feature"
    },
    {
      "geometry": {
        "coordinates": [
          135.804057,
          34.891204
        ],
        "type": "Point"
      },
      "properties": {
        "bangumi_id": 115908,
        "bangumi_title": "吹响吧！上低音号",
        "ep_cut": "",
        "image_url": "https://w.junreimap.com/images/user/0/bangumi/115908/points/4euxlo-1747277350257.jpg",
        "location": "",
        "point_id": "4euxlo",
        "point_name": "Arm",
        "remark": ""
      },
      "type": "Feature"
    },
    {
      "geometry": {
        "coordinates": [
          135.805532,
          34.911579
        ],
        "type": "Point"
      },
      "properties": {
        "bangumi_id": 115908,
        "bangumi_title": "吹响吧！上低音号",
        "ep_cut": "",
        "image_url": "https://w.junreimap.com/images/user/0/bangumi/115908/points/4f7oj3-1747277870749.jpg",
        "location": "",
        "point_id": "4f7oj3",
        "point_name": "真柴豆腐店",
        "remark": "这家店的豆腐很好吃！老板娘人也很善良，看我也是因为路牌而进来就指着店内的小绿照片给我拍照，大家多多支持"
      },
      "type": "Feature"
    },
    {
      "geometry": {
        "coordinates": [
          135.811334,
          34.888884
        ],
        "type": "Point"
      },
      "properties": {
        "bangumi_id": 115908,
        "bangumi_title": "吹响吧！上低音号",
        "ep_cut": 11,
        "image_url": "https://w.junreimap.com/images/points/115908/1xj3k9r_1751214602798.jpg",
        "location": "",
        "point_id": "1xj3k9r",
        "point_name": "観流橋",
        "remark": "远处建筑物可以参照花やしき浮舟園酒店"
      },
      "type": "Feature"
    },
    {
      "geometry": {
        "coordinates": [
          135.811379,
          34.906416
        ],
        "type": "Point"
      },
      "properties": {
        "bangumi_id": 115908,
        "bangumi_title": "吹响吧！上低音号",
        "ep_cut": "",
        "image_url": "https://w.junreimap.com/images/user/0/bangumi/115908/points/2pbfrhy-1752894807824.jpg",
        "location": "",
        "point_id": "2pbfrhy",
        "point_name": "羽戸山緑地 附近",
        "remark": "比标注点还要再往南一点 主要参考为后面护栏的变化 但护栏变化处没有这个电线杆也拍不到后面的远景"
      },
      "type": "Feature"
    },
    {
      "geometry": {
        "coordinates": [
          135.769062,
          35.007598
        ],
        "type": "Point"
      },
      "properties": {
        "bangumi_id": 115908,
        "bangumi_title": "吹响吧！上低音号",
        "ep_cut": 14,
        "image_url": "https://w.junreimap.com/images/user/0/bangumi/115908/points/34e10am-1753806211120.jpg",
        "location": "",
        "point_id": "34e10am",
        "point_name": "河原町通",
        "remark": ""
      },
      "type": "Feature"
    },
    {
      "geometry": {
        "coordinates": [
          135.800988,
          34.89037
        ],
        "type": "Point"
      },
      "properties": {
        "bangumi_id": 115908,
        "bangumi_title": "吹响吧！上低音号",
        "ep_cut": 8,
        "image_url": "https://w.junreimap.com/images/user/0/bangumi/115908/points/3plnxvy-1755088794974.jpg",
        "location": "",
        "point_id": "3plnxvy",
        "point_name": "JR宇治駅",
        "remark": ""
      },
      "type": "Feature"
    },
    {
      "geometry": {
        "coordinates": [
          135.806307,
          34.895597
        ],
        "type": "Point"
      },
      "properties": {
        "bangumi_id": 115908,
        "bangumi_title": "吹响吧！上低音号",
        "ep_cut": 9,
        "image_url": "https://w.junreimap.com/images/user/1000/bangumi/115908/points/4qkomh3-1757324347454.jpg",
        "location": "",
        "point_id": "4qkomh3",
        "point_name": "京阪宇治站车辆入站",
        "remark": ""
      },
      "type": "Feature"
    },
    {
      "geometry": {
        "coordinates": [
          135.812061,
          34.892738
        ],
        "type": "Point"
      },
      "properties": {
        "bangumi_id": 115908,
        "bangumi_title": "吹响吧！上低音号",
        "ep_cut": 8,
        "image_url": "https://w.junreimap.com/images/user/0/bangumi/115908/points/7mt52rr-1763627079224.jpg",
        "location": "",
        "point_id": "7mt52rr",
        "point_name": "大吉山展望台",
        "remark": ""
      },
      "type": "Feature"
    },
    {
      "geometry": {
        "coordinates": [
          135.812068,
          34.892724
        ],
        "type": "Point"
      },
      "properties": {
        "bangumi_id": 115908,
        "bangumi_title": "吹响吧！上低音号",
        "ep_cut": 8,
        "image_url": "https://w.junreimap.com/images/user/0/bangumi/115908/points/7mtl0jh-1763627783332.jpg",
        "location": "",
        "point_id": "7mtl0jh",
        "point_name": "大吉山展望台",
        "remark": ""
      },
      "type": "Feature"
    },
    {
      "geometry": {
        "coordinates": [
          135.795588,
          34.934758
        ],
        "type": "Point"
      },
      "properties": {
        "bangumi_id": 115908,
        "bangumi_title": "吹响吧！上低音号",
        "ep_cut": "",
        "image_url": "https://w.junreimap.com/images/points/115908/gk0aqev_1783048706042.webp",
        "location": "",
        "point_id": "gk0aqev",
        "point_name": "京都外環状線",
        "remark": ""
      },
      "type": "Feature"
    },
    {
      "geometry": {
        "coordinates": [
          135.795593,
          34.93472
        ],
        "type": "Point"
      },
      "properties": {
        "bangumi_id": 115908,
        "bangumi_title": "吹响吧！上低音号",
        "ep_cut": "",
        "image_url": "https://w.junreimap.com/images/points/115908/gk0bbyw_1783048731579.webp",
        "location": "",
        "point_id": "gk0bbyw",
        "point_name": "京都外環状線",
        "remark": ""
      },
      "type": "Feature"
    },
    {
      "geometry": {
        "coordinates": [
          135.795632,
          34.934745
        ],
        "type": "Point"
      },
      "properties": {
        "bangumi_id": 115908,
        "bangumi_title": "吹响吧！上低音号",
        "ep_cut": "",
        "image_url": "https://w.junreimap.com/images/points/115908/gk0bnnb_1783048738870.webp",
        "location": "",
        "point_id": "gk0bnnb",
        "point_name": "京都外環状線",
        "remark": ""
      },
      "type": "Feature"
    },
    {
      "geometry": {
        "coordinates": [
          135.795665,
          34.934727
        ],
        "type": "Point"
      },
      "properties": {
        "bangumi_id": 115908,
        "bangumi_title": "吹响吧！上低音号",
        "ep_cut": "",
        "image_url": "https://w.junreimap.com/images/points/115908/gk0busi_1783048772762.webp",
        "location": "",
        "point_id": "gk0busi",
        "point_name": "京都外環状線",
        "remark": ""
      },
      "type": "Feature"
    },
    {
      "geometry": {
        "coordinates": [
          135.808402,
          34.889198
        ],
        "type": "Point"
      },
      "properties": {
        "bangumi_id": 115908,
        "bangumi_title": "吹响吧！上低音号",
        "ep_cut": "1",
        "image_url": "https://w.junreimap.com/images/user/0/bangumi/115908/points/gob9wwd-1783309012849.webp",
        "location": "",
        "point_id": "gob9wwd",
        "point_name": "宇治公園 (よりみち公園)",
        "remark": ""
      },
      "type": "Feature"
    }
  ],
  "type": "FeatureCollection"
}