{
  "features": [
    {
      "geometry": {
        "coordinates": [
          139.736502,
          35.690463
        ],
        "type": "Point"
      },
      "properties": {
        "bangumi_id": 1195,
        "bangumi_title": "棋魂",
        "ep_cut": "",
        "image_url": "https://w.junreimap.com/images/points/1195/pjfswn1rp_1730194306802.jpg",
        "location": "1棋院",
        "point_id": "pjfswn1rp",
        "point_name": "1.1日本棋院会館",
        "remark": "掲載局：　\t第３局　死活の急所（初出）他\n掲載頁：　\tJC ヒカルの碁\t第１巻P.87（初出）他多数\n日本棋院会馆并不是一个原型，而是一个在漫画中被视为真实地点的重要地点，并且可能是出现次数最多的地方。在堀田桑的命名日中已经提到过，在《棋魂》连载期间进行了大规模的改造工作，外观发生了变化。虽然“看起来像真的假鱼缸”和食堂已经消失，但围棋名人堂博物馆于2004年开放，现在可以看到有价值的围棋相关资料（Hikaru的还有与Hikaru相关的展品，围棋原画、小畑先生亲笔签名的彩纸等。"
      },
      "type": "Feature"
    },
    {
      "geometry": {
        "coordinates": [
          136.913479,
          35.17936
        ],
        "type": "Point"
      },
      "properties": {
        "bangumi_id": 1195,
        "bangumi_title": "棋魂",
        "ep_cut": "",
        "image_url": "",
        "location": "1棋院",
        "point_id": "1a8b7e72",
        "point_name": "1.2日本棋院中部総本部",
        "remark": "掲載局：　\t第１２１局　塔矢行洋引退！／第１２２局　ヒカルのばかっ\n掲載頁：　\tJC ヒカルの碁\t第１４巻P.169-174, 179, 186, 第１５巻P.15-17\n在光进入职业棋坛后的第二场比赛当天，亮在名古屋与日本棋院中部总本部的石原先生对弈。恰巧一柳棋圣也因岳父家有事来到名古屋，所以顺便过来观战。\n\n日本棋院中部会館。（14巻P.169）愛知県名古屋市東区橦木町１丁目１９詳細 » (http://maps.google.co.jp/maps?f=q&source=s_q&hl=ja&geocode=&q=%E6%97%A5%E6%9C%AC%E6%A3%8B%E9%99%A2%E4%B8%AD%E9%83%A8%E7%B7%8F%E6%9C%AC%E9%83%A8&jsv=145d&sll=35.179912,136.913466&sspn=0.007822,0.018733&g=%E5%90%8D%E5%8F%A4%E5%B1%8B%E5%B8%82%E6%9D%B1%E5%8C%BA%E6%A9%A6%E6%9C%A8%E7%94%BA%EF%BC%91-19&ie=UTF8&latlng=35179360,136913479,5903421654151600256&ei=HE2YSc7oDpCgoQPizeG3Ag&sig2=dkoLxirtS8QvUtW_CbhB2A&cd=1)"
      },
      "type": "Feature"
    },
    {
      "geometry": {
        "coordinates": [
          135.501201,
          34.704462
        ],
        "type": "Point"
      },
      "properties": {
        "bangumi_id": 1195,
        "bangumi_title": "棋魂",
        "ep_cut": "",
        "image_url": "",
        "location": "1棋院",
        "point_id": "cf0a6e67",
        "point_name": "1.3日本棋院 関西総本部",
        "remark": "掲載局：　\tヒカルの碁　ちょっと一言●中部総本部●／\nヒカルの碁　ちょっと一言●関西棋院●／\n第１６３局　メンバーは誰に？\n掲載頁：　\tJC ヒカルの碁\t第１４巻P.186, 第２０巻P.114, 139\n在佐为篇之前，为了避免故事过于复杂，作品并没有详细描绘大阪日本棋院的组织结构。直到北斗杯选手选拔赛第一轮，和谷的对手、关西总本部所属的秋山初段登场，才间接提到了大阪日本棋院。不过，作品中并没有具体描绘过大阪日本棋院的建筑。除了在“ヒカルの碁 ちょっと一言”的说明中提到过名称外，其他地方几乎没有涉及。\n\n北斗杯選手選抜戦１回戦の和谷の対局相手、秋山初段が所属。名称のみで建物は登場しない。（20巻P.139）"
      },
      "type": "Feature"
    },
    {
      "geometry": {
        "coordinates": [
          135.504158,
          34.692274
        ],
        "type": "Point"
      },
      "properties": {
        "bangumi_id": 1195,
        "bangumi_title": "棋魂",
        "ep_cut": "",
        "image_url": "",
        "location": "1棋院",
        "point_id": "5da09a6d",
        "point_name": "1.4関西棋院",
        "remark": "掲載局：　\t第１５９局　関西棋院／ヒカルの碁　ちょっと一言●関西棋院●\n掲載頁：　\tJC ヒカルの碁\t第２０巻P.52, P.114\n在佐为篇中，为了简化故事，刻意没有详细描绘除了日本棋院之外的其他职业围棋组织。直到北斗杯篇，才首次出现了与日本棋院并存的另一个职业围棋组织。社和他的师父（？）吉川八段就属于这个组织。\n\n社が所属する関西棋院。（20巻P.52）大阪府大阪市中央区北浜２丁目１−２３（株）日本文化会館ビル詳細 » (http://maps.google.co.jp/maps?f=q&source=s_q&hl=ja&geocode=&q=%E9%96%A2%E8%A5%BF%E6%A3%8B%E9%99%A2&jsv=145d&sll=34.694079,135.504148&sspn=0.007428,0.014892&g=%E5%A4%A7%E9%98%AA%E5%B8%82%E4%B8%AD%E5%A4%AE%E5%8C%BA%E5%8C%97%E6%B5%9C%E4%BA%8C%E4%B8%81%E7%9B%AE1%E7%95%AA23%E5%8F%B7&ie=UTF8&latlng=34692274,135504158,832777595987240866&ei=wleYSeuNI4OWoQOq2ri3Ag&sig2=5a6NqSvcPYYD80gUnkz_vg&cd=1)"
      },
      "type": "Feature"
    },
    {
      "geometry": {
        "coordinates": [
          139.665998,
          35.706445
        ],
        "type": "Point"
      },
      "properties": {
        "bangumi_id": 1195,
        "bangumi_title": "棋魂",
        "ep_cut": "",
        "image_url": "",
        "location": "2围棋会所",
        "point_id": "f6fb31de",
        "point_name": "2.1塔矢名人の碁会所",
        "remark": "掲載局：　\t第２局　はるかな高み　他\n掲載頁：　\tJC ヒカルの碁\t第１巻P.65 他\n塔矢名人经营的围棋会所外观的原型建筑。\n光和亮第一次相遇的地方。\n\n塔矢矢名人の碁会所（外観）のモデルとなったビル。 中野区中野5-63-1 サンメイトビル"
      },
      "type": "Feature"
    },
    {
      "geometry": {
        "coordinates": [
          139.697535,
          35.688825
        ],
        "type": "Point"
      },
      "properties": {
        "bangumi_id": 1195,
        "bangumi_title": "棋魂",
        "ep_cut": "",
        "image_url": "",
        "location": "2围棋会所",
        "point_id": "f1dfc4c4",
        "point_name": "2.2修さんの碁会所",
        "remark": "掲載局：　\t第１９局　一局千円／第２２局　本因坊秀策\n掲載頁：　\tJC ヒカルの碁\t第３巻P.61, P.123, P.125, P.137\n三谷经常去的围棋会所的外观参考的建筑。实际上地下并没有围棋会所，但6楼有家“新宿围棋沙龙”。有一次，我正准备拍照时，电梯里走出一位拿着外卖盒的拉面店老板，我情不自禁地想象：“哦，这是给6楼修先生送外卖的吧？”为了确认这家店，我甚至想跟踪他，但觉得太奇怪了，只好作罢。\n\n三谷行きつけの碁会所（外観）のモデルとなったビル。（3巻P.61）　実際には地下に碁会所は無い。 東京都新宿区西新宿1-15-4　第２セイコービル"
      },
      "type": "Feature"
    },
    {
      "geometry": {
        "coordinates": [
          139.696891,
          35.658573
        ],
        "type": "Point"
      },
      "properties": {
        "bangumi_id": 1195,
        "bangumi_title": "棋魂",
        "ep_cut": "",
        "image_url": "",
        "location": "2围棋会所",
        "point_id": "4334b32b",
        "point_name": "2.3囲碁サロン道玄坂",
        "remark": "掲載局：　\t第６９局　チーム結成！／第７０局　特訓！特訓!!／\n第９８局　新初段シリーズ\n掲載頁：　\tJC ヒカルの碁\t第８巻P.184, 196, 第９巻P.7, 第１２巻P.31\n伊角、和谷、光为了备战职业棋士考试，曾到多家围棋会所进行巡回。其中一家就位于道玄坂，他们也曾亲身前往。出租车司机河合是这里的常客。\n\n伊角・和谷・ヒカルが碁会所巡りをしたうちのひとつ。河合さんの行きつけの碁会所。（8巻P.184他） 東京都渋谷区道玄坂２丁目１６−５セントラル共立ビル詳細 » (http://maps.google.co.jp/maps?f=q&source=s_q&hl=ja&geocode=&q=%E6%B8%8B%E8%B0%B7%E5%8C%BA%E9%81%93%E7%8E%84%E5%9D%822-16-15+%E3%82%BB%E3%83%B3%E3%83%88%E3%83%A9%E3%83%AB%E5%85%B1%E7%AB%8B%E3%83%93%E3%83%AB&jsv=143c&sll=35.728215,139.71321&sspn=0.001838,0.007446&ie=UTF8&latlng=35658630,139696850,4239542458518736538&ei=PMWPSfGJFISEogOj3IiICw&sig2=b2opJb-ODkgGww8IA09xsQ&cd=3)"
      },
      "type": "Feature"
    },
    {
      "geometry": {
        "coordinates": [
          139.70425,
          35.667538
        ],
        "type": "Point"
      },
      "properties": {
        "bangumi_id": 1195,
        "bangumi_title": "棋魂",
        "ep_cut": "",
        "image_url": "",
        "location": "2围棋会所",
        "point_id": "fdfea2f8",
        "point_name": "2.4囲碁サロン　クラークソン",
        "remark": "掲載局：　\t第３９局　実力を知りたい／第４０局　始動／\n掲載頁：　\tJC ヒカルの碁\t第５巻P.111-130\n在书店偶然相遇的岸本，曾邀请光前往的一家围棋会所。不仅外观，连内部场景都与漫画中的设定高度一致。\n【追记】\n2017年11月，我终于亲自前往了这家围棋会所，并拍摄了外观照片。不过，早在我开始搜集相关信息的时候，就一直担心这家店可能已经歇业了。果然，当我到达目的地时，这里已经不再是围棋会所，而是一家时尚的理发店。\n虽然无法确定这家围棋会所在何时关闭，以及在这之后是否换过其他租户，但可以肯定的是，在我最初通过网络搜索“围碁サロン クラークソン”时，还能找到不少包含内部照片的详细资料。然而，随着时间的推移，这些信息逐渐消失，现在搜索到的结果大多是已经停止更新的黄页信息。\n考虑到很多建筑物都会随着时间的推移而被拆除重建，这家围棋会所的建筑外观至今保存完好，已经算是非常幸运了。（2017年12月27日）\n\nヒカルが岸本と打った囲碁サロン。（5巻P.111）　外観だけでなく内部もここの模様。東京都渋谷区神宮前６丁目３２−４ 岩崎ビル2F"
      },
      "type": "Feature"
    },
    {
      "geometry": {
        "coordinates": [
          139.712942,
          35.728207
        ],
        "type": "Point"
      },
      "properties": {
        "bangumi_id": 1195,
        "bangumi_title": "棋魂",
        "ep_cut": "",
        "image_url": "",
        "location": "2围棋会所",
        "point_id": "e0f089b0",
        "point_name": "2.5囲碁クラブ　石心",
        "remark": "掲載局：　\t第６７局　プロ試験予選３日目／第７０局　特訓！特訓!!\n掲載頁：　\tJC ヒカルの碁\t第８巻P.148-152, 第９巻P.7\n光参加职业棋手考试预选赛期间，伊角和和谷曾前往的一家围棋会所。正是这家会所的常客——那个留着爆炸头的、曾输给伊角的神宫寺先生，向他们推荐了“柳”棋院，并表示：“你们想跟高手对弈吧？”后来，光就在“柳”棋院遇到了洪秀英。有趣的是，神宫寺提到的那位“认识的职业棋手”的剪影，看起来非常像绪方九段，不知道大家是否也有同样的感觉？\n虽然餐饮店的进进出出是很常见的，但位于六楼的“石心”围棋俱乐部却一直屹立不倒。\n\n伊角と和谷が碁会所巡りをしたところ。（8巻P.141）　韓国系碁会所「柳」を紹介した神宮寺さんがいるのはここ。東京都豊島区南池袋１丁目２０−９"
      },
      "type": "Feature"
    },
    {
      "geometry": {
        "coordinates": [
          139.698908,
          35.660203
        ],
        "type": "Point"
      },
      "properties": {
        "bangumi_id": 1195,
        "bangumi_title": "棋魂",
        "ep_cut": "",
        "image_url": "",
        "location": "2围棋会所",
        "point_id": "b3f04111",
        "point_name": "2.6韓国系碁会所　柳",
        "remark": "掲載局：　\t第７４局　洪秀英／第７６局　オレの名は\n掲載頁：　\tJC ヒカルの碁\t第９巻P.100, 159\n和谷和伊角在寻找高手对弈时，被介绍到了一家棋院。这家棋院的老板是洪秀英的叔叔，大部分顾客都是韩国人。后来，光和秀英就在这里展开了一场精彩的对局。\n根据漫画中同一格画面里的“うたまる”和“21世纪”这两个店铺，我们可以推断出这家棋院所在的具体位置。如果将漫画中的画面与现实中的地图进行比对，可以确定这家棋院应该位于渋谷区宇田川町26-9的太田大楼。不过，太田大楼里现在进驻的是“歌広場”卡拉OK。另一方面，漫画中棋院的外观看起来更像是对面的中心大楼，所以作者可能是将这一带的建筑特征进行了综合性的描绘。\n值得一提的是，“うたまる”和“21世纪”这两家店现在已经不在了，取而代之的是其他的店铺。\n\n\n秀英のおじさんの碁会所「柳」（外観）のモデル。（9巻P.100,159）この辺りの建物や看板を組み合わせて描いている模様。東京都渋谷区宇田川町２６−９　太田ビル東京都渋谷区宇田川町２６−９　メトロビル東京都渋谷区宇田川町２５－５　センタービル"
      },
      "type": "Feature"
    },
    {
      "geometry": {
        "coordinates": [
          139.665417,
          35.702678
        ],
        "type": "Point"
      },
      "properties": {
        "bangumi_id": 1195,
        "bangumi_title": "棋魂",
        "ep_cut": "",
        "image_url": "",
        "location": "2围棋会所",
        "point_id": "673db4f9",
        "point_name": "2.7ふれあいの囲碁サロン天元",
        "remark": "掲載局：　\t第１１９局　力試し\n掲載頁：　\tJC ヒカルの碁\t第１４巻P.134\n光和仓田对弈一色碁的围棋会所，其原型并不与漫画中所描述的地理位置完全一致。漫画中，光和仓田在新宿的拉面店偶遇，而这个围棋会所的原型却位于中野。由此可见，漫画中“顺道去附近的围棋会所”这样的表述，更多的是一种剧情需要，并不完全符合现实中的地理位置关系。换句话说，作者在选择取景地时，主要是为了营造视觉上的效果，而非严格按照实际的地理位置进行设定。至于这个围棋会所的内部场景，目前还没有确切的资料可以证实。\n\n\nヒカルが倉田さんと一色碁を打った碁会所。（14巻P.134） 中野区中野3-31-7"
      },
      "type": "Feature"
    },
    {
      "geometry": {
        "coordinates": [
          133.201045,
          34.407998
        ],
        "type": "Point"
      },
      "properties": {
        "bangumi_id": 1195,
        "bangumi_title": "棋魂",
        "ep_cut": "",
        "image_url": "",
        "location": "2围棋会所",
        "point_id": "9d232718",
        "point_name": "2.8碁会所烏鷺囲碁同好会",
        "remark": "掲載局：　\t第１２６局　佐為をたずねて／第１２７局　広島最強棋士／\n第１２８局　最後の手がかり\n掲載頁：　\tJC ヒカルの碁\t第１５巻P.121, 125-145, 148, 149, 151, 152\n为了寻找佐为，光一行人来到了因岛。在旅途中，河合先生兴致勃勃地说：“既然来了，就去和这边的棋手对弈几局吧。”于是，他们来到了一家当地的围棋会所。在这里，河合先生惨败给了周平。为了替河合先生报仇，光向周平发起了挑战。更重要的是，光从这家棋会的常客那里得到了秀策墓地的信息。\n这家棋会所的具体位置在漫画中也有出现，它位于“尾道绘之町通り”的拱廊内，走进去不远就能看到。虽然有很多《棋魂》的粉丝都会来因岛和尾道寻找佐为的足迹，但真正走进这家棋会所的人却并不多。怀着忐忑的心情，我们小心翼翼地走上狭窄的楼梯，推开了门。虽然周平不在，但棋会所里却坐满了和蔼可亲的当地棋友。当我们说明来意后，他们非常热情地同意让我们拍照。无论是外面的招牌还是室内的摆设，都和漫画中描绘的一模一样（2008年5月）。\n不过，据一位2010年9月来访的朋友说，虽然棋会所所在的建筑物没有变，但棋会所已经搬到了另一间房，内部的布置也发生了一些变化。\n\n周平さんのいる囲碁クラブ。（15巻P.121）　P.129のヒカルの背後のガラス戸に「烏鷺会」の文字が見える。広島県尾道市土堂２丁目６−２詳細 » (http://maps.google.co.jp/maps?f=q&source=s_q&hl=ja&geocode=&q=%E5%9B%B2%E7%A2%81&jsv=145d&sll=34.408317,133.200989&sspn=0.003727,0.007446&ie=UTF8&latlng=34407998,133201045,10566017270596612276&ei=cNmYSdroKYTUoQOp_4SMCw&sig2=oFgn1hmro5BGDcGgDYawJw&cd=1)"
      },
      "type": "Feature"
    },
    {
      "geometry": {
        "coordinates": [
          139.702378,
          35.693025
        ],
        "type": "Point"
      },
      "properties": {
        "bangumi_id": 1195,
        "bangumi_title": "棋魂",
        "ep_cut": "",
        "image_url": "",
        "location": "2围棋会所",
        "point_id": "a237b3e8",
        "point_name": "2.9，2.10囲碁サロン喜楽",
        "remark": "掲載局：　\t番外編第３回　奈瀬明日美\n掲載頁：　\tJC ヒカルの碁\t第１８巻P.87\n在《棋魂》番外篇“第3回 奈濑明日美”中，奈濑得知明日美也会下围棋后，兴奋地对男友说：“我们去看看吧！我想看明日美下棋！”于是他们来到了名为“围碁サロン 道楽”的围棋会所。漫画中描绘了这座大楼的入口处。\n现实中，这栋大楼的七楼确实存在一家名为“围碁サロン 喜楽”的围棋会所。虽然我没有进去过，所以无法确定里面是否真的有漫画中那些看起来很凶的叔叔们。或许，现实中的氛围并没有漫画中描绘得那么凶悍吧？也正是因为这个原因，漫画中才将店名改成了“道楽”。不仅如此，漫画中还将大楼的名字从“东新ビル”改成了“东亲・ビル”。\n大楼内的其他店铺招牌也有些许变化，有些看起来比较新，应该是更换过的。但是，像“PEARL BAR”和“中国料理 新華月”这样的老店似乎一直都在。不过，在漫画中，这些店铺都被改成了更具“成人娱乐”风格的店铺。\n\n奈瀬がオヤジと打った「囲碁サロン道楽」のモデル。（18巻P.87） 東京都新宿区新宿３丁目２１−８東新ビル7F"
      },
      "type": "Feature"
    },
    {
      "geometry": {
        "coordinates": [
          140.020606,
          35.691909
        ],
        "type": "Point"
      },
      "properties": {
        "bangumi_id": 1195,
        "bangumi_title": "棋魂",
        "ep_cut": "",
        "image_url": "",
        "location": "2围棋会所",
        "point_id": "608718f5",
        "point_name": "2.11土屋さんや船橋さんがいる碁会所",
        "remark": "掲載局：　\t第７０局　特訓！特訓!!\n掲載頁：　\tJC ヒカルの碁\t第９巻P.7,19-26\n光、和谷、伊角三人组的第二次围棋会所巡礼，来到了土屋和船桥经常光顾的那家棋院。他们是在参加了道玄坂围棋沙龙的团体赛后的一周，才拜访了这家棋院。\n这家棋院所在的建筑是一栋玻璃电梯非常显眼的津田沼パスタ大楼，位于JR津田沼车站北口的左手边。从《棋魂》第9卷第26页的看板上，我们大致可以推断出这家棋院的原型是日本棋院津田沼支部的“津田沼围棋俱乐部”。不过，现在这家棋院已经搬到了津田沼车站南口的モリ西亚津田沼7楼。\n在漫画中，和谷的脸旁可以看到第一勧银的招牌，但现在已经被みずほ银行取代了。这和市ヶ谷駅前的景象如出一辙。\n\n伊角・和谷・ヒカルが碁会所巡りしたうちのひとつ。（9巻P.7, P.19）　３－０で勝利の後、伊角さんのおごりで回転寿司へ。千葉県船橋市前原西２丁目１４−８津田沼パスタビル"
      },
      "type": "Feature"
    },
    {
      "geometry": {
        "coordinates": [
          139.723327,
          35.661289
        ],
        "type": "Point"
      },
      "properties": {
        "bangumi_id": 1195,
        "bangumi_title": "棋魂",
        "ep_cut": "",
        "image_url": "",
        "location": "3其它围棋关联设施",
        "point_id": "fa367421",
        "point_name": "3.1インターネット・カフェ",
        "remark": "掲載局：　\t第３０局　sai／第３４局　追憶の一局／第３６局　saiの正体／第３７局　２学期\n掲載頁：　\tJC ヒカルの碁\t第４巻P.102, 187, 第５巻P.43, 50, 52, 54, 55,第１３巻P.144\n三谷姐姐打工的网吧，其原型是曾经真实存在的网吧“サイベリア東京”。这个网吧是网络棋手“sai”（也就是光）大显神威的地方。阿光为了职业棋手初考而放弃了一局宝贵对局，与塔矢行洋的命运对局等重要情节，都发生在这个网吧。\n曾经引领潮流的网吧“サイベリア東京”如今已成为过去。它于2000年5月结束了营业。\n\n三谷のお姉さんがバイトしていたインターネット・カフェ。（4巻P.102） 旧サイベリア 。かつては 時代の最先端を行っていたネットカフェも今は昔。東京都港区西麻布１－１４"
      },
      "type": "Feature"
    },
    {
      "geometry": {
        "coordinates": [
          136.915549,
          35.127879
        ],
        "type": "Point"
      },
      "properties": {
        "bangumi_id": 1195,
        "bangumi_title": "棋魂",
        "ep_cut": "",
        "image_url": "",
        "location": "3其它围棋关联设施",
        "point_id": "32793e70",
        "point_name": "3.2あいち社労保険センター",
        "remark": "掲載局：　\t第１局　棋聖降臨／第２局　はるかな高み／第３９局　実力を知りたい\n掲載頁：　\tJC ヒカルの碁\t第１巻P.43, 52, 59, 62, 62, 63第５巻P.98, 100, 101, 102\n被佐为附身的进藤光第一次学习围棋的地方，就是白川七段开设的围棋教室。作品中设定这个教室离光的家很近（第五卷P.194，美津子送光去参加院生考试时提到）。但实际上，这个建筑的原型位于名古屋，也就是堀田老师的家乡。\n【追记】\n这座建筑原为爱知社会保险中心，后来改名为爱知社労士センター。（2011年7月9日）\n\nヒカルが初めて囲碁を習いに行った囲碁教室が開催されている社会保険センターのモデル。（１巻P.43,52,59,62,63,５巻P.98,100,101,102）"
      },
      "type": "Feature"
    },
    {
      "geometry": {
        "coordinates": [
          140.035434,
          35.663555
        ],
        "type": "Point"
      },
      "properties": {
        "bangumi_id": 1195,
        "bangumi_title": "棋魂",
        "ep_cut": "",
        "image_url": "",
        "location": "3其它围棋关联设施",
        "point_id": "8e6919f9",
        "point_name": "3.3日本棋院囲碁研修センター",
        "remark": "掲載局：　\t第３４局　追憶の一局／第３６局　saiの正体／第８０局　身代わり／第８２局　魔の一瞬／第８４局　和谷vs越智／第８７局　この黒は誰？／第８８局　１人目の合格者／第８９局　いつもいっしょ／第９２局　打倒進藤／第９６局　やっと！\n掲載頁：　\tJC ヒカルの碁\t第４巻P.197第５巻P.31　第１０巻P.42, 47, 78, 116, 125, 185　第１１巻P.14, 34, 99, 179　\n在《棋魂》中，这个地方一直作为职业棋手考试会场的真实场所登场。然而，令人震惊的是，它在2005年5月关闭了！Σ（￣□￣∥）现在，原址上已经建起了一栋名为“ライオンズマンション幕張セントパークス”的公寓楼。虽然我知道随着时间的推移，世界会发生巨大的变化，网吧倒闭、棋院翻新都是很正常的事情，但看到建筑物被完全拆除，不留一丝痕迹，我还是感到非常震惊。\n\nプロ試験本戦会場。（4巻P.197他）２００５年５月に閉鎖。取り壊され、現在は跡地にマンションが建っている。（航空写真モードで見ると、ちょうど建設中）千葉県千葉市美浜区幕張西２丁目１０"
      },
      "type": "Feature"
    },
    {
      "geometry": {
        "coordinates": [
          139.821614,
          35.76114
        ],
        "type": "Point"
      },
      "properties": {
        "bangumi_id": 1195,
        "bangumi_title": "棋魂",
        "ep_cut": "",
        "image_url": "",
        "location": "4活动会场",
        "point_id": "63f6f8c6",
        "point_name": "4.1足立区勤労福祉会館",
        "remark": "掲載局：　\t第７３局　完璧な偶然\n掲載頁：　\tJC ヒカルの碁\t第９巻P.87, 88\n进藤光参加四人对局的“第6回ふれあい围碁まつり”的举办地，其内外景在漫画中都出现过，比如都议会议员的秘书在活动结束后和主办方告别时的情景。\n由于建筑物正在进行翻新，大门前搭起了巨大的蓝色遮挡板，实在让人感到遗憾。虽然我确认活动是在二楼的第一大厅举办的，但由于当时大厅正在被用于其他活动，所以没能拍摄到照片。\n在拍摄大门内景时，我向一位男性工作人员打招呼并获得了许可。通过与这位工作人员的交谈，我得知足立区勤労福祉会館每年4月都会举办由椔石会主办的围棋活动。经过查询，我发现这个活动规模很大，得到了足立区和日本棋院足立支部的支持，已经持续了近40年，甚至《棋魂》的监修梅泽（吉原）由香里也曾参加过。由此推测，“ふれあい围碁まつり”的原型就是椔石会的围棋活动。\n此外，漫画中进藤光和伊角浩一在会场大厅对话的场景，其背景似乎并不是这个地方。那个场景中有一个独特的挑高天井中庭，我猜测可能有对应的原型建筑，但目前尚未找到。\n（2012年11月19日补充修正）\n\nアキラが４人持碁をやった「ふれあい囲碁まつり」会場。（9巻P.88）東京都足立区綾瀬１丁目３４−７−１０２ 詳細 » (http://maps.google.co.jp/maps?f=q&source=s_q&hl=ja&geocode=&q=%E8%B6%B3%E7%AB%8B%E5%8C%BA%E5%8B%A4%E5%8A%B4%E7%A6%8F%E7%A5%89%E4%BC%9A%E9%A4%A8&jsv=145d&sll=35.791222,139.773045&sspn=0.05528,0.119133&ie=UTF8&latlng=35761206,139821342,12154412662373473338&ei=mBCSSbn-D6i2ogOWvNGFDQ&sig2=lWYw0k-frU7OqZ0x1e41fQ&cd=1)"
      },
      "type": "Feature"
    },
    {
      "geometry": {
        "coordinates": [
          136.929877,
          35.158634
        ],
        "type": "Point"
      },
      "properties": {
        "bangumi_id": 1195,
        "bangumi_title": "棋魂",
        "ep_cut": "",
        "image_url": "",
        "location": "4活动会场",
        "point_id": "6e77e093",
        "point_name": "4.2吹上ホール",
        "remark": "掲載局：　\t第１０２局　再戦を期して／第１０３局　偽りの署名／第１０４局　倉田六段\n掲載頁：　\tJC ヒカルの碁\t第１２巻P.139, 140, 146, 147, 161, 170, 172, 175,P.180, 185, 189\n进藤光和佐为吵架后，为了让佐为高兴，光带佐为去参加的围棋活动，其举办场地的原型在漫画中出现过。佐为在这里打败了御器曽名人，光也遇到了仓田。\n漫画中，光曾说过“地方人好多啊”，“虽然有点远，但来对了”之类的话。而这个场地的原型竟然在作者堀田裕美的家乡名古屋！但是，考虑到光虽然已经成为职业棋手，但毕竟还是个中学生，而且职业生涯才刚刚开始，从东京周末跑去名古屋，无论路程还是费用都似乎有些过远。或许，作品中这个地方的设定是首都圈内的某个地方，而名古屋的建筑只是作为视觉上的参考吧。\n【追记】（2014年3月31日）\n我特地去了趟名古屋，拜访了那位朋友。虽然碰巧赶上活动准备期间，没能拍到和漫画中一模一样的照片，但通过拍摄了具有特征性的天花板管道，还是可以确定这就是漫画中场地的原型。\n\nアマチュア囲碁フェスティバル会場。（１２巻P.139他）"
      },
      "type": "Feature"
    },
    {
      "geometry": {
        "coordinates": [
          130.29504,
          33.277355
        ],
        "type": "Point"
      },
      "properties": {
        "bangumi_id": 1195,
        "bangumi_title": "棋魂",
        "ep_cut": "",
        "image_url": "",
        "location": "4活动会场",
        "point_id": "cd6e31d1",
        "point_name": "4.3佐賀市文化会館",
        "remark": "掲載局：　\t第２９局　zelda\n掲載頁：　\tJC ヒカルの碁\t第４巻P.81-90\n进藤光和筒井前辈一起观看的职业棋手公开对局“第14期NEC杯围棋トーナメント1回戦第5局”（协办：日本棋院）的举办地，对局双方为加藤纪基九段（执黑）对藤沢喜久夫九段（执白），大盘讲解为村濑九段，听棋人为吉永二段。\n筒井前辈曾对光说：“没想到进藤君会一起来看职业棋手的对局。我还以为你会说看棋很无聊呢。”虽然光是为了佐为，才勉强坚持看完与塔矢的中学围棋大赛，但很快他就坐不住，离开了座位。也正是因为这样，他才在休息区了解到了网络围棋，并因此发现了网络最强棋手sai。\n这个会场的外部特征是宽而浅的阶梯，这种空间布局在东京不太常见。通过对“NEC杯围棋トーナメント战”各个举办场地的图片进行搜索，我发现佐賀市文化会館与漫画中的描述最为吻合。从佐賀市文化会館的官方网站和网络图片来看，其内部的大厅，尤其是舞台两侧的“白瓷墙”以及比一楼中央席高出一层的左右侧席等特征，都与漫画中的场景非常相似。\n值得一提的是，1999年5月22日，佐賀市文化会館曾举办过“第19期NEC杯围棋トーナメント战1回戦第2局·佐賀大会”，当时的大盘讲解听棋人为梅泽由香里二段（当时）。\n\nＮＣＣ杯囲碁トーナメント戦会場外観のモデル。（４巻P.81）"
      },
      "type": "Feature"
    },
    {
      "geometry": {
        "coordinates": [
          141.344965,
          43.066397
        ],
        "type": "Point"
      },
      "properties": {
        "bangumi_id": 1195,
        "bangumi_title": "棋魂",
        "ep_cut": "",
        "image_url": "",
        "location": "5酒店",
        "point_id": "66f31287",
        "point_name": "5.1京王プラザホテル札幌",
        "remark": "掲載局：　\t第６１局　桑原本因坊\n掲載頁：　\tJC ヒカルの碁\t第８巻P.15\n桑原本因坊对阵绪方九段的本因坊战第二局的比赛场地，虽然漫画中没有直接描绘对局的场景，但描绘了桑原和绪方在对局前夜宴上的舌战。通过查看酒店的官方网站，虽然家具等细节有所不同，但我认为对局的房间很可能位于酒店的顶层。\n\n本因坊戦第２局　桑原本因坊vs緒方九段（8巻P.15）北海道札幌市中央区北5条西7丁目2-1詳細 » (http://maps.google.co.jp/maps?f=q&source=s_q&hl=ja&geocode=&q=%E4%BA%AC%E7%8E%8B%E3%83%97%E3%83%A9%E3%82%B6%E3%83%9B%E3%83%86%E3%83%AB%E3%80%80%E6%9C%AD%E5%B9%8C&jsv=145d&sll=35.69113,139.736046&sspn=0,359.997658&ie=UTF8&latlng=43066397,141344965,11760621010884857091&ei=RXqYScODBIGoogO10eS3Ag&sig2=QBixGoiAAkQmeul5OGoVTg&cd=1)"
      },
      "type": "Feature"
    },
    {
      "geometry": {
        "coordinates": [
          140.997972,
          43.195869
        ],
        "type": "Point"
      },
      "properties": {
        "bangumi_id": 1195,
        "bangumi_title": "棋魂",
        "ep_cut": "",
        "image_url": "",
        "location": "5酒店",
        "point_id": "cf731233",
        "point_name": "5.2オーセントホテル小樽",
        "remark": "掲載局：　\t第６３局　ここまで来たぜ\n掲載頁：　\tJC ヒカルの碁\t第８巻P.55, 66\n桑原本因坊对阵绪方九段的本因坊战第七局的比赛场地，漫画中描绘了桑原利用封手设下陷阱，成功让绪方动摇的场景。虽然通过酒店的官方网站，我无法完全确定对局房间是否位于同一酒店。\n顺便一提，我曾经去北海道滑雪，并在该酒店的一楼休息室喝过茶。虽然那是在我接触《棋魂》之前，但现在想想，如果当时能拍张照就好了(--;)。\n\n本因坊戦第７局　桑原本因坊vs緒方九段（8巻P.55,66）北海道小樽市稲穂2-15-1詳細 » (http://maps.google.co.jp/maps?f=q&source=s_q&hl=ja&geocode=&q=%E3%82%AA%E3%83%BC%E3%82%BB%E3%83%B3%E3%83%88%E3%83%9B%E3%83%86%E3%83%AB%E3%80%80%E5%B0%8F%E6%A8%BD&jsv=145d&sll=43.068512,141.347587&sspn=0.007822,0.018733&ie=UTF8&latlng=43195828,140997689,423553681779198871&ei=PX2YSbGDDZyAogPdsuxx&sig2=g8urSf0MXWHnffuHJF1IKQ&cd=1)"
      },
      "type": "Feature"
    },
    {
      "geometry": {
        "coordinates": [
          142.360638,
          43.772535
        ],
        "type": "Point"
      },
      "properties": {
        "bangumi_id": 1195,
        "bangumi_title": "棋魂",
        "ep_cut": "",
        "image_url": "",
        "location": "5酒店",
        "point_id": "51637bb7",
        "point_name": "5.3ロワジールホテル旭川（旧 旭川パレスホテル）",
        "remark": "掲載局：　\t第９７局　待ちうけるプロ達\n掲載頁：　\tJC ヒカルの碁\t第１２巻P.18\n第48期王座战第一局，座间王座对阵塔矢名人的对局场地。漫画中描绘了对局前，座间王座和塔矢名人之间的舌战。这个酒店在2007年3月从旭川パレスホテル更名为ロワジールホテル旭川。除了更换了酒店标志，外观基本保持不变。\n\n第４８期 王座戦第１局　座間王座vs塔矢名人。（12巻P.18）　２００７年３月に旭川パレスホテルからロワジールホテル旭川に変更。北海道旭川市七条通６丁目詳細 » (http://maps.google.co.jp/maps?f=q&source=s_q&hl=ja&geocode=&q=%E6%97%AD%E5%B7%9D%E3%83%91%E3%83%AC%E3%82%B9%E3%83%9B%E3%83%86%E3%83%AB&jsv=145d&sll=43.773031,142.360647&sspn=0.00691,0.018733&g=%E5%8C%97%E6%B5%B7%E9%81%93%E6%97%AD%E5%B7%9D%E5%B8%827%E6%9D%A1%E9%80%9A6%E4%B8%81%E7%9B%AE&ie=UTF8&latlng=43772535,142360638,368339130220473042&ei=No6YSaaQJoSQowPOxPC3Ag&sig2=80yXdMKXkVBQI4rVmzi1kA&cd=1)"
      },
      "type": "Feature"
    },
    {
      "geometry": {
        "coordinates": [
          137.581925,
          36.818193
        ],
        "type": "Point"
      },
      "properties": {
        "bangumi_id": 1195,
        "bangumi_title": "棋魂",
        "ep_cut": "",
        "image_url": "",
        "location": "5酒店",
        "point_id": "1b85dfbc",
        "point_name": "5.4宇奈月温泉　延対寺荘",
        "remark": "掲載局：　\t第１０９局　toya koyo\n掲載頁：　\tJC ヒカルの碁\t第１３巻P.101, 110\n在与佐为对局之前，塔矢名人因病倒而不得不缺席十段战第三局。在夫人明子的陪伴下，他直接从医院赶往十段战第四局的对局地。根据酒店网站的图片对比，不仅外观，内部也与漫画中描绘的旅馆非常相似。2001年1月24日至25日，第25期棋圣战挑战手合七番勝負第2局（王立诚棋圣对挑战者赵善津九段）确实在延对寺荘举行。考虑到漫画第109话“toya koyo”的连载时间是2001年16号，很有可能作者参考了当时棋圣战的资料。\n【追记】\n2017年10月，我在日本横断旅行的途中，冒着台风22号的威胁，特意绕道前往延对寺荘拍摄照片。虽然这次只是路过，没有入住，但我一定会找机会再次前往，拍摄内部的照片。\n\n十段戦第４局　塔矢名人vs緒方九段（13巻P.101,110）。佐為との対局の前に、病身の行洋が明子夫人に付き添われて出向いたタイトル戦会場。黒部峡谷宇奈月温泉　延対寺荘富山県黒部市宇奈月温泉５３詳細 » (http://maps.google.co.jp/maps?f=q&source=s_q&hl=ja&geocode=&q=%E5%BB%B6%E5%AF%BE%E5%AF%BA%E8%8D%98&jsv=145d&sll=39.050223,137.623026&sspn=14.348918,30.498047&ie=UTF8&latlng=36818193,137581925,13539089141955133106&ei=SqicSaLxM4aAogO0r_C7DQ&sig2=RnW1hlXn3DD-gjIcNBaTZg&cd=1)"
      },
      "type": "Feature"
    },
    {
      "geometry": {
        "coordinates": [
          137.795121,
          36.529582
        ],
        "type": "Point"
      },
      "properties": {
        "bangumi_id": 1195,
        "bangumi_title": "棋魂",
        "ep_cut": "",
        "image_url": "",
        "location": "5酒店",
        "point_id": "395c2dcd",
        "point_name": "5.5大町温泉郷 くろよんロイヤルホテル",
        "remark": "掲載局：　\t第１１９局　力試し\n掲載頁：　\tJC ヒカルの碁\t第１４巻P.124\n第39期十段战五番胜负第五局，塔矢名人对阵绪方九段的对局场地，推测是在一家名为“黑耀皇家酒店”的酒店。在一篇报道绪方夺得十段位的新闻文章中，提到了“长野·大町皇家酒店”，但并没有配图。\n实际上，黑耀皇家酒店每年春天都会举办十段战挑战手合五番胜负的一局对局，并且还推出了“观赏围棋十段战住宿套餐”，住客可以在客房的电视上观看对局。\n值得一提的是，现实中的第39期十段战挑战手合五番胜负是在2001年3月至4月期间进行的，而黑耀皇家酒店正是作为第3局的对局场地，于4月5日举办了这场比赛。\n\n十段戦五番勝負第５局　塔矢名人vs緒方九段（14巻124）。「緒方が十段位を奪取」の見出しと共に新聞記事の文中に「長野・大町ロイヤルホテル」として登場。絵は登場しません。"
      },
      "type": "Feature"
    },
    {
      "geometry": {
        "coordinates": [
          137.241007,
          35.805954
        ],
        "type": "Point"
      },
      "properties": {
        "bangumi_id": 1195,
        "bangumi_title": "棋魂",
        "ep_cut": "",
        "image_url": "",
        "location": "5酒店",
        "point_id": "6028d17f",
        "point_name": "5.6下呂温泉 水明館",
        "remark": "掲載局：\t第１２３局　消えたくない!!!第１２４局　さよなら\n掲載頁：\tJC ヒカルの碁\t第１５巻P.36他\n日本棋院举办的为期一天一夜的围棋研习会，其举办地是一家温泉旅馆。佐为消失前夜，就在这里度过。令人悲伤的是，佐为在与醉酒的绪方的一局对弈后，离开了这个世界。\n通过漫画第15卷第36页中段的图示，我们可以确定这家旅馆是“水明馆”。研习会是在“朝阳厅”这个会议厅举办的，而第36页和第67页的风景图应该是从客房的窗户拍摄的。\n【追记】\n2016年10月，我终于有机会入住佐为度过最后一夜的围棋研习会举办地——下吕温泉的“水明馆”。经过事先的调查，我推测绪方九段和芦原先生的房间应该位于“临川阁”。在预订时，我特意要求安排“进门右手边有壁龛的房间”。\n水明馆不仅收藏了众多艺术品，包括一些国家级艺术大师的作品，而且还拥有能舞台和茶室等具有建筑价值的设施。每天下午5点，酒店还会举办免费的馆内导览，由酒店经理亲自带领。我非常幸运地参加了这次导览，不仅欣赏到了珍贵的艺术品，还得以进入“朝阳厅”，实现了我的心愿。\n【关于照片】\n水明馆的入口：由于巴士停放的位置与漫画中的图示略有不同，因此建筑的构图不完全一致。将鼠标悬停在图片上，可以查看一张与漫画中构图更为接近的照片。\n临川阁的走廊：图中左手边本应是绪方先生的房间，但实际上是卫生间。为了展示走廊的氛围，我拍摄了这张与漫画中相似的照片。\n临川阁的客房：我入住的房间符合我的要求，进门右手边确实有一个壁龛。虽然房间的布局和内饰与漫画中的不完全一致，但我还是尽力从相似的角度拍摄了一些照片。\n\n囲碁ゼミナール会場。（15巻P.36）　P.36の風景は水明館の部屋からの眺望。岐阜県下呂市幸田1268水明館詳細 » (http://maps.google.co.jp/maps?f=q&source=s_q&hl=ja&geocode=&q=%E6%B0%B4%E6%98%8E%E9%A4%A8&jsv=145d&sll=35.805946,137.241297&sspn=0.007326,0.014892&g=%E5%B2%90%E9%98%9C%E7%9C%8C%E4%B8%8B%E5%91%82%E5%B8%82%E5%B9%B8%E7%94%B0%EF%BC%91%EF%BC%92%EF%BC%96%EF%BC%98&ie=UTF8&latlng=35805181,137241303,16219217903656865922&ei=AqyYSZj9GoSioQO23cS3Ag&sig2=2yszg_M9K_7g9QNO24McLQ&cd=2)"
      },
      "type": "Feature"
    },
    {
      "geometry": {
        "coordinates": [
          137.241919,
          35.808643
        ],
        "type": "Point"
      },
      "properties": {
        "bangumi_id": 1195,
        "bangumi_title": "棋魂",
        "ep_cut": "",
        "image_url": "",
        "location": "5酒店",
        "point_id": "da6d9407",
        "point_name": "5.7下呂温泉 小川屋",
        "remark": "掲載局：　\t第１２４局　さよなら\n掲載頁：　\tJC ヒカルの碁\t第１５巻P.63\n在一次住宿式的围棋研习会上，佐为与醉酒的绪方进行了一场对局。漫画中，为了表现时间的推移，出现了一个带有夜空和月牙的画面。这个画面中的建筑并非研习会和住宿的场所——水明馆，而是与之斜对岸、隔着飞騨川的小川屋。\n鉴于漫画中对小川屋的描绘主要是外部建筑，我将这个场景归类为“日本棋院 围棋研习会会场2”，并将其归入“酒店”类别。但考虑到这个画面也可能是从房间内向外眺望的风景，或者仅仅是月夜下的温泉街的一角，将其归类为“其他风景”也未尝不可。\n\n佐為と緒方の一局。時間経過を表す夜更けの三日月と共に描かれた宿の外観は、水明館ではなく、対岸の小川屋です。（15巻P63）岐阜県下呂市湯之島５７０小川屋"
      },
      "type": "Feature"
    },
    {
      "geometry": {
        "coordinates": [
          139.726027,
          35.712022
        ],
        "type": "Point"
      },
      "properties": {
        "bangumi_id": 1195,
        "bangumi_title": "棋魂",
        "ep_cut": "",
        "image_url": "",
        "location": "5酒店",
        "point_id": "16b2c857",
        "point_name": "5.8フォーシーズンズホテル椿山荘 東京",
        "remark": "掲載局：　\t第１０６局　プレッシャー\n掲載頁：　\tJC ヒカルの碁\t第１３巻P.33\n十段头衔持有者塔矢行洋名人同时也是十段、天元、王座、碁圣，绪方九段向他发起的十段战五番胜负的第二局的对局场地。\n虽然作品中没有明确地点，但酒店那独特的锯齿状的窗户非常具有辨识度，可以确定就是这家酒店。虽然酒店没有用于清洗窗户的吊车，但非常巧合的是，我拍到了机场大巴停靠在酒店门口的照片，这与漫画中的场景非常相似！一开始我以为漫画中窗户上方的植物是直接生长在屋檐上的，后来才发现是对面树木的枝叶在光滑的墙面上形成了倒影。小畑老师真是太细心了！尽管我查看了酒店的官方网站，但还是无法确认内部的场景。\n\n十段戦五番勝負　第２局　塔矢名人vs緒方九段（13巻P.33）。"
      },
      "type": "Feature"
    },
    {
      "geometry": {
        "coordinates": [
          135.487454,
          34.690259
        ],
        "type": "Point"
      },
      "properties": {
        "bangumi_id": 1195,
        "bangumi_title": "棋魂",
        "ep_cut": "",
        "image_url": "",
        "location": "5酒店",
        "point_id": "6140f9fa",
        "point_name": "5.9，5.10リーガロイヤルホテル（大阪）",
        "remark": "掲載局：\t第１４３局　碁界鳴動\n掲載頁：\tJC ヒカルの碁\t第１７巻P.74\n由于塔矢行洋引退导致碁圣头衔空缺，挑战者决定战的决赛选手绪方十段与乃木职业棋手进行了碁圣战五番胜负的第五局。最终绪方十段取得胜利，成为了双冠王，并在对局后与桑原本因坊进行了精彩的舌战。\n“既然绪方君成为了头衔持有者，我也要认真地挑战碁圣和十段头衔了。”\n“我在上座等着你哦(￣ー￣)。”\n虽然作品中没有明确说明对局场地的内部，但从外观上看，这个酒店应该是没错的。\n顺便一提，北斗杯的举办地七星酒店的原型也是这家酒店。不过，七星酒店被设定在东京，所以虽然借用了同样的视觉元素，但北斗杯的举办地并不等于碁圣战第五局的对局场地。\n\n碁聖戦第５局　緒方十段vs.乃木プロ（17巻P.74）北斗杯会場の外観のモデルでもある。大阪府大阪市北区中之島５丁目３−６８詳細 » (http://maps.google.co.jp/maps?f=q&source=s_q&hl=ja&geocode=&q=%E3%83%AA%E3%83%BC%E3%82%AC%E3%83%AD%E3%82%A4%E3%83%A4%E3%83%AB%E3%83%9B%E3%83%86%E3%83%AB%E5%A4%A7%E9%98%AA&jsv=145d&sll=34.698155,135.496445&sspn=0.029709,0.059566&ie=UTF8&latlng=34690259,135487454,10669271034700304353&ei=e66cSbDzKIWQoQP-ifG5Aw&sig2=PZYXLqSFCzvHMslddndIlg&cd=1)"
      },
      "type": "Feature"
    },
    {
      "geometry": {
        "coordinates": [
          139.770535,
          35.62638
        ],
        "type": "Point"
      },
      "properties": {
        "bangumi_id": 1195,
        "bangumi_title": "棋魂",
        "ep_cut": "",
        "image_url": "",
        "location": "5酒店",
        "point_id": "e8ee0aa7",
        "point_name": "5.11ホテル日航東京",
        "remark": "掲載局：　\t第１７４局　北斗杯会場へ／第１７５局　秀英と永夏／第１７７局　オレを大将にして！\n掲載頁：　\tJC ヒカルの碁\t第２１巻P.185, 187, 第２２巻P.8, 19-25, 53-65\n北斗通信系统主办的日中韩青少年团体赛“北斗杯”的举办地——七星酒店的外观原型是大阪的リーガロイヤル酒店。然而，当光（ヒカル）在比赛当天到达酒店时，他进入的室内场景却是东京日航酒店（但前台区域似乎又有所不同）。虽然我们无法确认戸刈室长和相川先生与酒店工作人员事先商谈过的休息室、接待大厅、对局室和大盘讲解室是否也属于日航酒店，但可以确定的是，剧中出现的客房和走廊的场景确实是在日航酒店拍摄的。\n不过，日航酒店在2006年迎来开业十周年之际，进行了大规模的翻新改造，并于2008年7月重新开业。虽然酒店标志性的弧形结构得以保留，但内部装修和陈设可能已经发生了变化。\n\n北斗杯会場（内部）のモデル。ただし、開業10 周年を迎えた2006 年より、全館の大規模な改装・改修が進められ、2008年7月にリニューアルオープン。港区台場1－9－1詳細 » (http://maps.google.co.jp/maps?f=q&source=s_q&hl=ja&geocode=&q=%E3%83%9B%E3%83%86%E3%83%AB%E6%97%A5%E8%88%AA%E6%9D%B1%E4%BA%AC&jsv=145d&sll=37.926868,137.680664&sspn=13.713873,30.498047&ie=UTF8&latlng=35626380,139770535,9373967683768811736&ei=CTmfSbiiAaaw2gLT_dTpDQ&sig2=oszurWCKARS8BMbMB_zIuA&cd=1)"
      },
      "type": "Feature"
    },
    {
      "geometry": {
        "coordinates": [
          139.697001,
          35.689034
        ],
        "type": "Point"
      },
      "properties": {
        "bangumi_id": 1195,
        "bangumi_title": "棋魂",
        "ep_cut": "",
        "image_url": "",
        "location": "6餐饮店",
        "point_id": "47c39a8c",
        "point_name": "6.1とんこつラーメン多楽",
        "remark": "掲載局：　\t第１９局　一局千円／第１１９局　力試し\n掲載頁：　\tJC ヒカルの碁\t第３巻P.59, P.61第１４巻P.126, P.132, P.133\n光经常去的一家拉面店。当他听说“巷子里有一位棋力很强的中学生”的消息后，尾随送外卖的店员来到了三谷所在的围棋会所。虽然作品中称之为“巷子里的围棋会所”，但作为原型的第二精工大楼，实际上与拉面店位于同一街道的两侧。在作品中，光走出拉面店后向左转，但第二精工大楼却在右前方。此外，光在与一色对弈前偶然遇到了仓田，地点也在这个围棋会所。\n【追记】\n令人惊讶的是，这家拉面店于2010年2月关门了。多乐拉面在2010年6月搬迁到了幡ヶ谷，而原先西新宿的店址在2010年3月19日开设了桂花ラーメン 新宿西口店。\n\nヒカルの行きつけのラーメン屋。東京都新宿区西新宿１丁目１４−２"
      },
      "type": "Feature"
    },
    {
      "geometry": {
        "coordinates": [
          139.752062,
          35.695779
        ],
        "type": "Point"
      },
      "properties": {
        "bangumi_id": 1195,
        "bangumi_title": "棋魂",
        "ep_cut": "",
        "image_url": "",
        "location": "6餐饮店",
        "point_id": "e937c1b1",
        "point_name": "6.2マクドナルド九段下店",
        "remark": "掲載局：　\t第６０局　迫る！プロ試験／第９７局　待ちうけるプロ達／第１３８局　訪問者\n掲載頁：　\tJC ヒカルの碁\t第７巻P.190, P.197第１２巻P.8第１６巻P.154\n光和院生朋友们经常去的那家麦当劳，现在已经完全变样了。不仅二楼窗户上的“客席12席”的显示已经消失，就连店铺招牌也从片假名变成了英文字母，让人不禁感叹时光的流逝。"
      },
      "type": "Feature"
    },
    {
      "geometry": {
        "coordinates": [
          139.753717,
          35.69555
        ],
        "type": "Point"
      },
      "properties": {
        "bangumi_id": 1195,
        "bangumi_title": "棋魂",
        "ep_cut": "",
        "image_url": "",
        "location": "6餐饮店",
        "point_id": "e423dcfa",
        "point_name": "6.3そば処　満留賀　専大前",
        "remark": "掲載局：　\t第６５局　３勝をめざして／第１６４局　社vsヒカル\n掲載頁：　\tJC ヒカルの碁\t第８巻P.97-101第２０巻P.168, 169　\n光在职业考试初试当天，椿将他带到了一家荞麦面店。在北斗杯选手选拔赛期间，关西棋院的社和津坂三段也在那里吃午饭。\n作品中设定这家店是“棋院附近的餐馆”，但实际上，从对局室走到这家店需要花一些时间。店内的装修和菜单都与现实中的店一模一样，只是因为有其他顾客在，所以没能拍照。\n\n椿がヒカルを連れて行ったソバ屋。（8巻P.97）北斗杯選手選抜戦の時には、関西勢の社と津坂三段もここで昼食をとっている。（20巻P.168） 東京都千代田区神田神保町３丁目５"
      },
      "type": "Feature"
    },
    {
      "geometry": {
        "coordinates": [
          139.763582,
          35.672515
        ],
        "type": "Point"
      },
      "properties": {
        "bangumi_id": 1195,
        "bangumi_title": "棋魂",
        "ep_cut": "",
        "image_url": "",
        "location": "6餐饮店",
        "point_id": "894442d0",
        "point_name": "6.4不二家 数寄屋橋店",
        "remark": "掲載局：　\t番外編　おごって♡和谷くん！\n掲載頁：　\tJC ヒカルの碁\t第１４P.189\n在番外篇“请客吧！和谷君！”中，森下九段的长女静子酱在职业考试中合格，和谷请她吃了蛋糕，庆祝她通过考试。他们选择的店是位于银座的不二家。据说森下九段也是在这里向他的妻子求婚的。不二家后面的佳能招牌的那栋建筑已经被拆除了，现在正在建设新的楼房。\n\n番外編「おごって和谷くん！」で和谷がしげ子ちゃんに苺のショートケーキをおごってあげた銀座の不二家。（14巻P.189）東京都中央区銀座４丁目２−１２銀座クリスタルビル詳細 » (http://maps.google.co.jp/maps?f=q&source=s_q&hl=ja&geocode=&q=%E9%8A%80%E5%BA%A7%E3%80%80%E4%B8%8D%E4%BA%8C%E5%AE%B6&jsv=145d&sll=35.682189,139.765534&sspn=0,359.970217&ie=UTF8&latlng=35672526,139763685,5581000717380667252&ei=3VqTSavJLYXg2gK46cXRDA&sig2=r9tU5sWR7RJs0g0u1ArMAQ&cd=6)"
      },
      "type": "Feature"
    },
    {
      "geometry": {
        "coordinates": [
          133.195041,
          34.405911
        ],
        "type": "Point"
      },
      "properties": {
        "bangumi_id": 1195,
        "bangumi_title": "棋魂",
        "ep_cut": "",
        "image_url": "",
        "location": "6餐饮店",
        "point_id": "c836dba0",
        "point_name": "6.5暖談",
        "remark": "掲載局：\t第１２６局　佐為をたずねて\n掲載頁：\tJC ヒカルの碁\t第１５巻P.116, 117, 119, 120\n在前往因岛寻找佐为的旅途中，第二天上午匆匆忙忙地参观了两个地方后，光和河合在一家お好み烧店吃了午饭。虽然店名在店招和对话中没有明确标出，但在河合说“这顿我请客”的漫画分镜中，墙上贴着的菜单上有“暖谈MIX”这道菜，而菜名上标有这家店的名称。\n这家店位于尾道车站步行约3分钟的地方，从正门出来后向左转，过铁路道口后，就在眼前的建筑的二楼。店里有3张桌子和4个吧台座位，氛围非常温馨舒适。店里的老板娘非常热情友好。\n店里除了墙上菜单上方有棋魂粉丝放的佐为和光的钥匙扣外，杂志架上还有连载《棋魂》的《周刊少年Jump》和《棋魂》单行本第15卷等与《棋魂》相关的物品。作品中光吃过的“暖谈MIX”据说是《周刊少年Jump》编辑部在采访时实际点过的菜。\n【追记】\n这家店于2013年5月20日结业了。店主表示，她想做一些自己一直想做的事情。对于我们这些棋魂粉丝，以及当地的老顾客来说，这无疑是一个令人遗憾的消息。但是，我们也衷心祝愿这位积极进取的老板娘能够实现自己的梦想。\n\nヒカルと河合さんが昼メシを食べたお好み焼き屋さん。（15巻P.116,117,119,120）広島県尾道市西土堂町４−７詳細 » (http://maps.google.co.jp/maps?f=q&source=s_q&hl=ja&geocode=&q=%E6%9A%96%E8%AB%87&jsv=145d&sll=34.405861,133.195058&sspn=0.000932,0.001861&ie=UTF8&latlng=34405911,133195041,11968449055789713352&ei=8ciYSdfeAYPOoQPqj9S3Ag&sig2=DNS18laMD2BZ4WW-Q5p6xw&cd=1)"
      },
      "type": "Feature"
    },
    {
      "geometry": {
        "coordinates": [
          139.667323,
          35.654254
        ],
        "type": "Point"
      },
      "properties": {
        "bangumi_id": 1195,
        "bangumi_title": "棋魂",
        "ep_cut": "",
        "image_url": "",
        "location": "7店铺",
        "point_id": "360d8e91",
        "point_name": "7.1マッドマン本店",
        "remark": "掲載局：　\t第６０局　迫る！プロ試験\n掲載頁：　\tJC ヒカルの碁\t第７巻P.200\n绪方九段经常光顾的热带鱼店“マッドマン”是真实存在的。但是，店前的道路非常狭窄，车流量很大，路边停车似乎很难。对面的建筑物也不一样，也没有时尚的（？）街路树，周围的氛围与漫画中有所不同。\n是小畑老师故意改编，还是随着时间的推移发生了变化，店门口的招牌上已经没有“热带鱼”的字样了，只有店标。虽然照片的角度与原作略有差异，但为了更靠近，必须走到车道上，而且不断有汽车经过，甚至还有卡车和巴士等大型车辆频繁通行，非常危险，所以我放弃了。另外，原作中出现了关闭的遮阳棚，如果再靠近店的话，招牌上的字就会被遮住。\n\n緒方さん御用達の熱帯魚ショップ。（7巻P.199） 東京都世田谷区代沢４丁目４２−５"
      },
      "type": "Feature"
    },
    {
      "geometry": {
        "coordinates": [
          140.387464,
          35.772883
        ],
        "type": "Point"
      },
      "properties": {
        "bangumi_id": 1195,
        "bangumi_title": "棋魂",
        "ep_cut": "",
        "image_url": "",
        "location": "7店铺",
        "point_id": "7142413a",
        "point_name": "7.2成田空港第２ビル駅　ＫＩＯＳＫ",
        "remark": "掲載局：　\t第１３７局　最後の大会\n掲載頁：　\tJC ヒカルの碁\t第１６巻P.150\n伊角从中国回来后，在搭乘成田特快前，在车站的报刊亭买了本售价270日元的《周刊碁》。不过，这个报刊亭可能有点不太确定。\n原因是，虽然店名从“LET'S KIOSK”变成了简单的“KIOSK”，但店内的构造、电话的位置、铁轨的方向等与漫画中的描述不太一致。但是，车站内的报刊亭数量有限，而且综合来看，“机场2号楼2号店”是最符合条件的。\n可能的原因有以下几点：\n1.虽然名为2号店，但实际上车站内可能只有一个报刊亭，之前可能存在过一个已经关闭的1号店。\n2.报刊亭进行过装修，内部细节发生了变化。\n3.小畑老师为了画面的效果，对实际的报刊亭进行了适当的改编。\n我从不同角度拍摄了两张照片，感觉就像把这两张照片合在一起一样。\n顺便说一句，在日本，“KIOSK”是车站售货亭的代名词。国铁民营化后，经过一番曲折，只有JR东日本将自己的售货亭改名为“KIOSK”。对了，KIOSK的吉祥物“キヨッピー”也消失了呢。"
      },
      "type": "Feature"
    },
    {
      "geometry": {
        "coordinates": [
          139.919257,
          35.809113
        ],
        "type": "Point"
      },
      "properties": {
        "bangumi_id": 1195,
        "bangumi_title": "棋魂",
        "ep_cut": "",
        "image_url": "",
        "location": "7店铺",
        "point_id": "1150fb9e",
        "point_name": "7.3旧サンクス",
        "remark": "掲載局：　\t第４５局　ブラックコーヒー\n掲載頁：　\tJC ヒカルの碁\t第６巻P.40\n光成为院生第一天，和和谷、伊角一起去买的便当的便利店，现在已经换了租户，不再是便利店了。但是，建筑的外观似乎还保留着原来的样子。从照片中还能看到后面的一栋公寓楼，看起来和以前一样。\n\n院生になったばかりのヒカルが伊角さん・和谷と一緒にお弁当を買いに行ったコンビニの外観モデル。（６巻P.40）背景カタログ９コンビニ・デパート編より。写真ではサンクスだが、現在はテナントが変わってしまっている模様。 千葉県松戸市馬橋１８７７"
      },
      "type": "Feature"
    },
    {
      "geometry": {
        "coordinates": [
          139.757639,
          35.704193
        ],
        "type": "Point"
      },
      "properties": {
        "bangumi_id": 1195,
        "bangumi_title": "棋魂",
        "ep_cut": "",
        "image_url": "",
        "location": "7店铺",
        "point_id": "d7e273b6",
        "point_name": "7.4旧サンクス",
        "remark": "掲載局：　\t第７４局　洪秀英\n掲載頁：　\tJC ヒカルの碁\t第９巻P.100\n和谷、伊角和光一起巡回各种围棋会所时，在进入秀英大叔经营的围棋会所前，光去便利店买了饮料。这家便利店的外部模型现在已经变成了中餐馆。虽然二楼开了一家意大利餐厅，阳台部分经过了改造，但正方形的招牌、通向上层居住区的入口处的砖块、以及因为略微的坡度导致右侧门面比左侧略高一点等特征，仍然保留着原来的痕迹。\n\n韓国系碁会所「柳」の近くのコンビニ外観のモデル。元サンクスだったが、現在は中華料理の北京飯店になっている。（９巻P.100） 東京都文京区本郷１丁目１０−１２"
      },
      "type": "Feature"
    },
    {
      "geometry": {
        "coordinates": [
          139.530331,
          35.353089
        ],
        "type": "Point"
      },
      "properties": {
        "bangumi_id": 1195,
        "bangumi_title": "棋魂",
        "ep_cut": "",
        "image_url": "",
        "location": "7店铺",
        "point_id": "47a72e84",
        "point_name": "7.5旧JC大船店",
        "remark": "掲載局：　\t第７４局　洪秀英\n掲載頁：　\tJC ヒカルの碁\t第９巻P.101\n和谷、伊角和光一起巡回各种围棋会所时，在进入秀英大叔经营的围棋会所前，光去便利店买了饮料。这家便利店的内部（收银台周围）的原型是旧的大船车站的便利店“JC大船店”（这里的“JC”不是“Jump Comics”的意思）。2001年，JR东日本旗下的便利店“JC”和“迷你便利店”合并，形成了现在的“NewDays”。不仅如此，大船车站西口的这家店也已经完全消失了。\n\n韓国系碁会所「柳」近くのコンビニ内部のモデル、JR東日本のコンビニJC大船店があった場所。（９巻P.101） 神奈川県鎌倉市大船１丁目１−１"
      },
      "type": "Feature"
    },
    {
      "geometry": {
        "coordinates": [
          139.698522,
          35.711134
        ],
        "type": "Point"
      },
      "properties": {
        "bangumi_id": 1195,
        "bangumi_title": "棋魂",
        "ep_cut": "",
        "image_url": "",
        "location": "8娱乐设施",
        "point_id": "4c7f98bc",
        "point_name": "8.1シチズンアイススケートリンク",
        "remark": "掲載局：　\t番外編第３回　奈瀬明日美\n掲載頁：　\tJC ヒカルの碁\t第１８巻P.78\n奈濑约会去过的溜冰场。\n奈瀬がデートしたスケート場。（18巻P.78）東京都新宿区高田馬場４丁目２９−２７シチズンプラザＡ館詳細 » (http://maps.google.co.jp/maps?f=q&source=s_q&hl=ja&geocode=&q=%E3%82%B7%E3%83%81%E3%82%BA%E3%83%B3%E3%82%B9%E3%82%B1%E3%83%BC%E3%83%88%E3%83%AA%E3%83%B3%E3%82%AF&jsv=145d&sll=35.694702,139.703355&sspn=0.117385,0.238266&ie=UTF8&latlng=35711279,139698194,7018693611660320264&ei=Ys2QSc3gD6GAowONw8WDCw&sig2=PKkXm_pY6Jru8EbSiSd5rw&cd=1)"
      },
      "type": "Feature"
    },
    {
      "geometry": {
        "coordinates": [
          140.036636,
          35.66556
        ],
        "type": "Point"
      },
      "properties": {
        "bangumi_id": 1195,
        "bangumi_title": "棋魂",
        "ep_cut": "",
        "image_url": "",
        "location": "9交通工具",
        "point_id": "ce9bd6fe",
        "point_name": "9.1幕張西二丁目バス停",
        "remark": "掲載局：　\t第８０局　身代わり\n掲載頁：　\tJC ヒカルの碁\t第１０巻P.42, 43\n京成巴士幕张西二丁目公交站\n\n京成バスの幕張西二丁目バス停。（10巻P.42,43）"
      },
      "type": "Feature"
    },
    {
      "geometry": {
        "coordinates": [
          139.767981,
          35.680446
        ],
        "type": "Point"
      },
      "properties": {
        "bangumi_id": 1195,
        "bangumi_title": "棋魂",
        "ep_cut": "",
        "image_url": "",
        "location": "9交通工具",
        "point_id": "2ca608e8",
        "point_name": "9.2東京駅（東京）",
        "remark": "掲載局：　\t第１２４局　さよなら\n掲載頁：　\tJC ヒカルの碁\t第１５P.68\n东京站八重洲口的正面（第15卷P.68）目前正在进行改修工程，因此搭设了脚手架，看不到“東京駅”的标识\n\n東京駅八重洲口ファサード。（15巻P.68）現在、改修工事のため足場が組んであって「東京駅」の表示は見られない。"
      },
      "type": "Feature"
    },
    {
      "geometry": {
        "coordinates": [
          133.193667,
          34.404832
        ],
        "type": "Point"
      },
      "properties": {
        "bangumi_id": 1195,
        "bangumi_title": "棋魂",
        "ep_cut": "",
        "image_url": "",
        "location": "9交通工具",
        "point_id": "03af1b28",
        "point_name": "9.3尾道駅（広島）",
        "remark": "掲載局：　\t第１２６局　佐為をたずねて\n掲載頁：　\tJC ヒカルの碁\t第１５P.101\n为了寻找佐为而前往因岛的旅行起点。\n\n佐為をたずねて因島ツアーの起点。（15巻P.101）"
      },
      "type": "Feature"
    },
    {
      "geometry": {
        "coordinates": [
          133.194053,
          34.404838
        ],
        "type": "Point"
      },
      "properties": {
        "bangumi_id": 1195,
        "bangumi_title": "棋魂",
        "ep_cut": "",
        "image_url": "",
        "location": "9交通工具",
        "point_id": "c010f28b",
        "point_name": "9.4因島行きバス停",
        "remark": "掲載局：　\t第１２６局　佐為をたずねて\n掲載頁：　\tJC ヒカルの碁\t第１５巻P.101, 102\n公交车站本身并没有出现在漫画中。\n\nバス停自体はコミックスには登場しない。"
      },
      "type": "Feature"
    },
    {
      "geometry": {
        "coordinates": [
          132.910157,
          34.339506
        ],
        "type": "Point"
      },
      "properties": {
        "bangumi_id": 1195,
        "bangumi_title": "棋魂",
        "ep_cut": "",
        "image_url": "",
        "location": "9交通工具",
        "point_id": "77d3baa3",
        "point_name": "9.5竹原駅（広島）",
        "remark": "掲載局：　\t第１２６局　佐為をたずねて\n掲載頁：　\tJC ヒカルの碁\t第１５巻P.113-115\n光在有公用电话的竹原车站给家里打了个电话。（第15卷P.113-115）朝日的自动贩卖机已经没有了。\n\nヒカルが家に電話をかけた公衆電話のある竹原駅。（15巻P.113-115）　アサヒの自販機は既に無い。"
      },
      "type": "Feature"
    },
    {
      "geometry": {
        "coordinates": [
          139.735585,
          35.691008
        ],
        "type": "Point"
      },
      "properties": {
        "bangumi_id": 1195,
        "bangumi_title": "棋魂",
        "ep_cut": "",
        "image_url": "",
        "location": "9交通工具",
        "point_id": "fdbb62dd",
        "point_name": "9.6市ヶ谷駅・ＪＲ／中央本線",
        "remark": "掲載局：　\t第６５局　３勝をめざして／番外編第３回　奈瀬明日美\n掲載頁：　\tJC ヒカルの碁\t第８巻P.110, 111, 第１８巻P.76\nＪＲ市ヶ谷駅。（８巻P.110, 111, １８巻P.76）"
      },
      "type": "Feature"
    },
    {
      "geometry": {
        "coordinates": [
          140.388665,
          35.772553
        ],
        "type": "Point"
      },
      "properties": {
        "bangumi_id": 1195,
        "bangumi_title": "棋魂",
        "ep_cut": "",
        "image_url": "",
        "location": "9交通工具",
        "point_id": "9a7afe4c",
        "point_name": "9.7成田国際空港第２旅客ターミナルビル",
        "remark": "掲載局：　\t第１３７局　最後の大会\n掲載頁：　\tJC ヒカルの碁\t第１６巻P.150\n时隔两个月，结束在中国棋院深造的伊角回国的场景\n\n中国棋院での修行を終えて２ヶ月ぶりに伊角さんが帰国した場面。（１６巻P.150）  千葉県成田市古込１−１"
      },
      "type": "Feature"
    },
    {
      "geometry": {
        "coordinates": [
          139.739238,
          35.733589
        ],
        "type": "Point"
      },
      "properties": {
        "bangumi_id": 1195,
        "bangumi_title": "棋魂",
        "ep_cut": "",
        "image_url": "",
        "location": "9交通工具",
        "point_id": "e8ae9e61",
        "point_name": "9.8巣鴨駅（東京）",
        "remark": "掲載局：　\t第１２８局　最後の手がかり\n掲載頁：　\tJC ヒカルの碁\t第１５巻P.156\n\n本妙寺への最寄り駅。（15巻P.156）"
      },
      "type": "Feature"
    },
    {
      "geometry": {
        "coordinates": [
          139.701105,
          35.657614
        ],
        "type": "Point"
      },
      "properties": {
        "bangumi_id": 1195,
        "bangumi_title": "棋魂",
        "ep_cut": "",
        "image_url": "",
        "location": "9交通工具",
        "point_id": "e9395337",
        "point_name": "9.9駅前のバスターミナル",
        "remark": "掲載局：　\t第６局　一刀両断\n掲載頁：　\tJC ヒカルの碁\t第１巻P.153\n\n塔矢名人の碁会所近くのバスターミナル。佐為がアキラを２度目の対局で一太刀にした後、学校帰りのヒカルが碁会所の建物の前にやってくる場面。（第１巻P.153） 道路とバスターミナルはJR渋谷駅南口だが、街並み（店）は架空と思われる。 東京都渋谷区道玄坂1丁目　JR渋谷駅南口"
      },
      "type": "Feature"
    },
    {
      "geometry": {
        "coordinates": [
          139.738179,
          35.691746
        ],
        "type": "Point"
      },
      "properties": {
        "bangumi_id": 1195,
        "bangumi_title": "棋魂",
        "ep_cut": "",
        "image_url": "",
        "location": "9交通工具",
        "point_id": "33cf2f79",
        "point_name": "9.10，9.11都営新宿線市ヶ谷駅",
        "remark": "9.10\n掲載局：　\t第５局　牙を剝くアキラ\n掲載頁：　\tJC ヒカルの碁\t第１巻P.125\n9.11\n掲載局：　\t第３６局　saiの正体\n掲載頁：　\tJC ヒカルの碁\t第５巻P.42\n\n1巻P.125, 5巻P.42"
      },
      "type": "Feature"
    },
    {
      "geometry": {
        "coordinates": [
          139.711338,
          35.729792
        ],
        "type": "Point"
      },
      "properties": {
        "bangumi_id": 1195,
        "bangumi_title": "棋魂",
        "ep_cut": "",
        "image_url": "",
        "location": "9交通工具",
        "point_id": "c5081f34",
        "point_name": "9.12池袋駅",
        "remark": "掲載局：　\t第１７２局　塔矢邸\n掲載頁：　\tJC ヒカルの碁\t第２１巻P.133\n\nＪＲ池袋駅１・２番ホーム。ヒカルと社が待ち合わせた駅のホームのモデルその１。（２１巻P.133）"
      },
      "type": "Feature"
    },
    {
      "geometry": {
        "coordinates": [
          139.41296,
          35.692578
        ],
        "type": "Point"
      },
      "properties": {
        "bangumi_id": 1195,
        "bangumi_title": "棋魂",
        "ep_cut": "",
        "image_url": "",
        "location": "10其它设施",
        "point_id": "9eb95871",
        "point_name": "10.1東京都立立川高等学校",
        "remark": "掲載局：　\t第１局　棋聖降臨／第６局　一刀両断\n掲載頁：　\tJC ヒカルの碁\t第１巻P.14, 30, 151\n\nヒカルの小学校外観のモデルその１。（1巻P.14, 30,151）"
      },
      "type": "Feature"
    },
    {
      "geometry": {
        "coordinates": [
          139.744195,
          35.653827
        ],
        "type": "Point"
      },
      "properties": {
        "bangumi_id": 1195,
        "bangumi_title": "棋魂",
        "ep_cut": "",
        "image_url": "",
        "location": "10其它设施",
        "point_id": "b22212ed",
        "point_name": "10.2東京都済生会中央病院",
        "remark": "掲載局：　\t第１０７局　告白／第１０９局　toya koyo／第１１４局　sai vs toya koyo③／第１１７局　発覚\n掲載頁：　\tJC ヒカルの碁\t第１３巻P.54, 112第１４巻P.12, 78, 88\n\n塔矢名人が入院した「中央武蔵病院」のモデル。（13巻54、112他）なんと、手前に新棟が建ってしまってます。東京都港区三田１丁目４−１７詳細 » (http://maps.google.co.jp/maps?f=q&source=s_q&hl=ja&geocode=&q=%E6%B8%88%E7%94%9F%E4%BC%9A%E4%B8%AD%E5%A4%AE%E7%97%85%E9%99%A2&jsv=145d&sll=35.761148,139.821775&sspn=0.001959,0.009366&ie=UTF8&latlng=35653414,139743696,11562153627285046676&ei=QBOSSe38JJugoQO-9rSDDQ&sig2=_ORA_6OR-vj_xclOZq_CJA&cd=1)"
      },
      "type": "Feature"
    },
    {
      "geometry": {
        "coordinates": [
          133.1838,
          34.328389
        ],
        "type": "Point"
      },
      "properties": {
        "bangumi_id": 1195,
        "bangumi_title": "棋魂",
        "ep_cut": "",
        "image_url": "",
        "location": "10其它设施",
        "point_id": "12de8bb7",
        "point_name": "10.3因島石切神社",
        "remark": "掲載局：\t第１２６局　佐為をたずねて\n掲載頁：\tJC ヒカルの碁\t第１５巻P.103\n\n秀策記念館のある石切神社。（15巻P.103-106）広島県尾道市因島外浦町６９詳細 » (http://maps.google.co.jp/maps?f=q&source=s_q&hl=ja&geocode=&q=%E5%9B%A0%E5%B3%B6%E7%9F%B3%E5%88%87%E7%A5%9E%E7%A4%BE&jsv=145d&sll=34.328486,133.184257&sspn=0.001865,0.003723&ie=UTF8&latlng=34328330,133183809,10647472071362180582&ei=urqYSa3jPJeAowOx0823Ag&sig2=yWWrOqqGyuuTsfgxDAZ7vw&cd=1)"
      },
      "type": "Feature"
    },
    {
      "geometry": {
        "coordinates": [
          133.185099,
          34.32791
        ],
        "type": "Point"
      },
      "properties": {
        "bangumi_id": 1195,
        "bangumi_title": "棋魂",
        "ep_cut": "",
        "image_url": "",
        "location": "10其它设施",
        "point_id": "6798b792",
        "point_name": "10.4-1墓地遠景",
        "remark": "お墓はあっちにあります。（15巻P.106）　秀策のお墓がある地蔵院の遠景のビューポイントはここらへん。"
      },
      "type": "Feature"
    },
    {
      "geometry": {
        "coordinates": [
          133.185818,
          34.328203
        ],
        "type": "Point"
      },
      "properties": {
        "bangumi_id": 1195,
        "bangumi_title": "棋魂",
        "ep_cut": "",
        "image_url": "",
        "location": "10其它设施",
        "point_id": "d497bbbd",
        "point_name": "10.4-2地蔵院の塀と階段",
        "remark": "河合さんに「おい　あわてんなって！」と言われつつ階段を駆け上がるヒカル。（15巻P.106）"
      },
      "type": "Feature"
    },
    {
      "geometry": {
        "coordinates": [
          133.18596,
          34.328442
        ],
        "type": "Point"
      },
      "properties": {
        "bangumi_id": 1195,
        "bangumi_title": "棋魂",
        "ep_cut": "",
        "image_url": "",
        "location": "10其它设施",
        "point_id": "f2dd66a0",
        "point_name": "10.4-3地蔵院",
        "remark": "掲載局：　\t第１２６局　佐為をたずねて\n掲載頁：　\tJC ヒカルの碁\t第１５巻P.106-109\n\n秀策のお墓があるお寺。（15巻P.107-109）　広島県尾道市因島外浦町７９５詳細 » (http://maps.google.co.jp/maps?f=q&source=s_q&hl=ja&geocode=&q=%E5%9C%B0%E8%94%B5%E9%99%A2&jsv=145d&sll=34.328555,133.185952&sspn=0.000933,0.001861&ie=UTF8&latlng=34328442,133185961,11927563821235676166&ei=1r-YSa6JFISioQO23cS3Ag&sig2=6i1JZSWwUwI4__t1nmZ9cA&cd=1)"
      },
      "type": "Feature"
    },
    {
      "geometry": {
        "coordinates": [
          133.186215,
          34.32865
        ],
        "type": "Point"
      },
      "properties": {
        "bangumi_id": 1195,
        "bangumi_title": "棋魂",
        "ep_cut": "",
        "image_url": "",
        "location": "10其它设施",
        "point_id": "bb226448",
        "point_name": "10.4-4秀策のお墓",
        "remark": "掲載局：　\t第１２６局　佐為をたずねて\n掲載頁：　\tJC ヒカルの碁\t第１５巻P.106-109\n\n秀策のお墓はここらへん。たぶん。（15巻P.108）"
      },
      "type": "Feature"
    },
    {
      "geometry": {
        "coordinates": [
          132.885414,
          34.334005
        ],
        "type": "Point"
      },
      "properties": {
        "bangumi_id": 1195,
        "bangumi_title": "棋魂",
        "ep_cut": "",
        "image_url": "",
        "location": "10其它设施",
        "point_id": "5bf9152c",
        "point_name": "10.5宝泉寺",
        "remark": "掲載局：　\t第１２６局　佐為をたずねて\n掲載頁：　\tJC ヒカルの碁\t第１５巻P.110, 111, 112\n\n「秀策がここで碁を打ったってよ」（解説：河合さん）。秀策が使った碁盤などが保管されています。（15巻P.110-112）広島県竹原市下野町１５６５詳細 » (http://maps.google.co.jp/maps?f=q&source=s_q&hl=ja&geocode=&q=%E5%AE%9D%E6%B3%89%E5%AF%BA&jsv=145d&sll=34.345704,132.894745&sspn=0.119338,0.238266&ie=UTF8&latlng=34334005,132885414,12334677605040041960&ei=FcKYSYz_J4PaoQOAu_TnAg&sig2=DEf00b89-zS0RfsZXk37GA&cd=1)"
      },
      "type": "Feature"
    },
    {
      "geometry": {
        "coordinates": [
          133.11602,
          34.384771
        ],
        "type": "Point"
      },
      "properties": {
        "bangumi_id": 1195,
        "bangumi_title": "棋魂",
        "ep_cut": "",
        "image_url": "",
        "location": "10其它设施",
        "point_id": "835b71ed",
        "point_name": "10.6-1糸碕神社",
        "remark": "掲載局：　\t第１２６局　佐為をたずねて\n掲載頁：　\tJC ヒカルの碁\t第１５巻P.118\n\nヒカ碁では「糸崎八幡宮」になってます。（15巻P.118）　広島県三原市糸崎８丁目１０−１詳細 » (http://maps.google.co.jp/maps?f=q&source=s_q&hl=ja&geocode=&q=%E7%B3%B8%E5%B4%8E%E5%85%AB%E5%B9%A1%E5%AE%AE&jsv=145d&sll=34.400961,133.104172&sspn=0.119259,0.238266&g=%E7%B3%B8%E5%B4%8E&ie=UTF8&latlng=34384771,133116021,11404793716326865154&ei=_8mYSdfTL4_4ogPs4-ClCQ&sig2=WR2w5cfdEaVAeLiQxyITxA&cd=1)"
      },
      "type": "Feature"
    },
    {
      "geometry": {
        "coordinates": [
          133.115826,
          34.384321
        ],
        "type": "Point"
      },
      "properties": {
        "bangumi_id": 1195,
        "bangumi_title": "棋魂",
        "ep_cut": "",
        "image_url": "",
        "location": "10其它设施",
        "point_id": "54987af2",
        "point_name": "10.6-2本因坊秀策師之碑",
        "remark": "掲載局：　\t第１２６局　佐為をたずねて\n掲載頁：　\tJC ヒカルの碁\t第１５巻P.118\n\n糸崎八幡宮の前にある秀策記念碑。（15巻P.118）"
      },
      "type": "Feature"
    },
    {
      "geometry": {
        "coordinates": [
          133.201106,
          34.41124
        ],
        "type": "Point"
      },
      "properties": {
        "bangumi_id": 1195,
        "bangumi_title": "棋魂",
        "ep_cut": "",
        "image_url": "",
        "location": "10其它设施",
        "point_id": "6cadfd81",
        "point_name": "10.7慈観寺",
        "remark": "掲載局：　\t第１２６局　佐為をたずねて\n掲載頁：　\tJC ヒカルの碁\t第１５巻P.118, 119\n\n広島県尾道市長江１丁目４−７詳細 » (http://maps.google.co.jp/maps?f=q&source=s_q&hl=ja&geocode=&q=%E6%85%88%E8%A6%B3%E5%AF%BA&jsv=145d&sll=34.413424,133.193779&sspn=0.119242,0.238266&g=%E5%B0%BE%E9%81%93&ie=UTF8&latlng=34411240,133201106,16855966255766626509&ei=ddiYSfWEAYToogOguKy6Aw&sig2=g45Agn-aRblsFb6sbHw7wA&cd=1)"
      },
      "type": "Feature"
    },
    {
      "geometry": {
        "coordinates": [
          139.736094,
          35.691102
        ],
        "type": "Point"
      },
      "properties": {
        "bangumi_id": 1195,
        "bangumi_title": "棋魂",
        "ep_cut": "",
        "image_url": "",
        "location": "10其它设施",
        "point_id": "2561f397",
        "point_name": "10.8市ヶ谷駅交差点の標識",
        "remark": "掲載局：　\t第４局　許せない暴言\n掲載頁：　\tJC ヒカルの碁\t第１巻P.119\n\nヒカルを追いかけてきたアキラが「今から打とう！」と言った後、雨が降り出す場面。（第1巻P.119）"
      },
      "type": "Feature"
    },
    {
      "geometry": {
        "coordinates": [
          139.734979,
          35.73911
        ],
        "type": "Point"
      },
      "properties": {
        "bangumi_id": 1195,
        "bangumi_title": "棋魂",
        "ep_cut": "",
        "image_url": "",
        "location": "10其它设施",
        "point_id": "039e3e7d",
        "point_name": "10.9-1本妙寺山門",
        "remark": "掲載局：　\t第１２８局　最後の手がかり\n掲載頁：　\tJC ヒカルの碁\t第１５巻P.156-158\n\n秀策のお墓がある本妙寺。（15巻P.156）東京都豊島区巣鴨５丁目３５−６詳細 » (http://maps.google.co.jp/maps?f=q&source=s_q&hl=ja&geocode=&q=%E6%9C%AC%E5%A6%99%E5%AF%BA&jsv=145d&sll=35.733737,139.739238&sspn=0.001559,0.007446&ie=UTF8&latlng=35739568,139735006,16747890863721189435&ei=b5uXScTDHYT4oQPg_LilDQ&sig2=8vcQlOwtQ9HmDYrkX138pw&cd=1)"
      },
      "type": "Feature"
    },
    {
      "geometry": {
        "coordinates": [
          139.735215,
          35.739426
        ],
        "type": "Point"
      },
      "properties": {
        "bangumi_id": 1195,
        "bangumi_title": "棋魂",
        "ep_cut": "",
        "image_url": "",
        "location": "10其它设施",
        "point_id": "cdbb152a",
        "point_name": "10.9-2本妙寺　秀策のお墓",
        "remark": "掲載局：　\t第１２８局　最後の手がかり\n掲載頁：　\tJC ヒカルの碁\t第１５巻P.156-158\n\n歴代本因坊のお墓の一画にある。(15巻P.157)　コミックスには秀策のお墓そのものは描かれていない。"
      },
      "type": "Feature"
    },
    {
      "geometry": {
        "coordinates": [
          139.735201,
          35.677058
        ],
        "type": "Point"
      },
      "properties": {
        "bangumi_id": 1195,
        "bangumi_title": "棋魂",
        "ep_cut": "",
        "image_url": "",
        "location": "10其它设施",
        "point_id": "ff5bc9db",
        "point_name": "10.10北斗通信システム",
        "remark": "掲載局：　\t第１５２局　相手は七段／第１６７局少年達\n掲載頁：　\tJC ヒカルの碁\t第１９巻P.100, 第２１巻P.43\n\n日中韓Jr.団体戦　北斗杯のスポンサー、北斗通信システムの外観のモデルになっているビル。（19巻P.100、21巻P.43）東京都港区赤坂４丁目１−１SHIMA赤坂ビル"
      },
      "type": "Feature"
    },
    {
      "geometry": {
        "coordinates": [
          139.641655,
          35.759698
        ],
        "type": "Point"
      },
      "properties": {
        "bangumi_id": 1195,
        "bangumi_title": "棋魂",
        "ep_cut": "",
        "image_url": "",
        "location": "10其它设施",
        "point_id": "1b5619bc",
        "point_name": "10.11練馬区立田柄中学校",
        "remark": "掲載局：　\t第６局　一刀両断\n掲載頁：　\tJC ヒカルの碁\t第１巻P.151\n\nヒカルの小学校外観のモデルその２。（1巻P.151下段）"
      },
      "type": "Feature"
    },
    {
      "geometry": {
        "coordinates": [
          139.437844,
          35.687688
        ],
        "type": "Point"
      },
      "properties": {
        "bangumi_id": 1195,
        "bangumi_title": "棋魂",
        "ep_cut": "",
        "image_url": "",
        "location": "10其它设施",
        "point_id": "9d72fe38",
        "point_name": "10.12谷保第五公園",
        "remark": "掲載局：　\t第７局　詰碁三題／第１３１局　中国棋院\n掲載頁：　\tJC ヒカルの碁\t第１巻P.173, 175, 176-178, 第１６巻P.14-18\n\nヒカルが佐為と碁石の持ち方を練習した公園。（１巻P.173）東京都国立市富士見台3-12"
      },
      "type": "Feature"
    },
    {
      "geometry": {
        "coordinates": [
          139.667076,
          35.703343
        ],
        "type": "Point"
      },
      "properties": {
        "bangumi_id": 1195,
        "bangumi_title": "棋魂",
        "ep_cut": "",
        "image_url": "",
        "location": "10其它设施",
        "point_id": "b15fff91",
        "point_name": "10.13桃園公園",
        "remark": "掲載局：　\t第７局　詰碁三題\n掲載頁：　\tJC ヒカルの碁\t第１巻P.175\n\nヒカルが佐為と碁石の持ち方を練習した公園の水飲みのモデルがあった公園。（１巻P.175）　ただし、今は別の形状のものに替わっている。また、１６巻では遊具と同じ谷保第五公園にあったものが描かれている。東京都中野区中野二丁目21番"
      },
      "type": "Feature"
    },
    {
      "geometry": {
        "coordinates": [
          139.568236,
          35.704024
        ],
        "type": "Point"
      },
      "properties": {
        "bangumi_id": 1195,
        "bangumi_title": "棋魂",
        "ep_cut": "",
        "image_url": "",
        "location": "10其它设施",
        "point_id": "b0db1fc9",
        "point_name": "10.14武蔵野市立井之頭小学校",
        "remark": "掲載局：\t第９局　大将・副将・三将／第１５局　マネ碁第１８局　アンタさえいなけりゃ／第１３７局　最後の大会\n掲載頁：\tJC ヒカルの碁\t第２巻P.37,　 155, 第３巻P.46-49, 第１６巻P.140\n\n私立海王中学の外観のモデル。"
      },
      "type": "Feature"
    },
    {
      "geometry": {
        "coordinates": [
          139.736599,
          35.691385
        ],
        "type": "Point"
      },
      "properties": {
        "bangumi_id": 1195,
        "bangumi_title": "棋魂",
        "ep_cut": "",
        "image_url": "",
        "location": "11其它风景",
        "point_id": "3f92d9da",
        "point_name": "11.1.1市ヶ谷プラザ",
        "remark": "掲載局：　\t第４局　許せない暴言／第６５局　３勝をめざして\n掲載頁：　\tJC ヒカルの碁\t第１巻P.108 第８巻P.108　\n\nヒカルを追いかけてきたアキラと、子ども囲碁大会で口出しして日本棋院から追い出されたヒカルが出会う場面の繋ぐコマ。（1巻P.108）奈瀬たちと食事休憩に入る前の手番について話している時の挿入風景。（8巻P.108）"
      },
      "type": "Feature"
    },
    {
      "geometry": {
        "coordinates": [
          139.699338,
          35.660253
        ],
        "type": "Point"
      },
      "properties": {
        "bangumi_id": 1195,
        "bangumi_title": "棋魂",
        "ep_cut": "",
        "image_url": "",
        "location": "11其它风景",
        "point_id": "013678ec",
        "point_name": "11.1.2三平酒寮渋谷店",
        "remark": "掲載局：　\t第１９局　一局千円\n掲載頁：　\tJC ヒカルの碁\t第３巻P.59\n\nヒカルが学校の帰りにラーメン屋に行く途中の背景。（3巻P.59）ラーメン屋は新宿ですが。看板など新しくなってしまって、だいぶ感じが違います。東京都渋谷区宇田川町２４−６詳細 » (http://maps.google.co.jp/maps?f=q&source=s_q&hl=ja&geocode=&q=%E4%B8%89%E5%B9%B3%E9%85%92%E5%AF%AE%E3%80%80%E6%B8%8B%E8%B0%B7&jsv=145d&sll=35.671774,139.764268&sspn=0.00156,0.007446&ie=UTF8&latlng=35660253,139699338,10609989277311481146&ei=OGGTSaizA4T2ogOLhJ2hBQ&sig2=3bCW68AdMgay5bEjNuR-SQ&cd=1)"
      },
      "type": "Feature"
    },
    {
      "geometry": {
        "coordinates": [
          139.722539,
          35.661398
        ],
        "type": "Point"
      },
      "properties": {
        "bangumi_id": 1195,
        "bangumi_title": "棋魂",
        "ep_cut": "",
        "image_url": "",
        "location": "11其它风景",
        "point_id": "4c571857",
        "point_name": "11.1.3インターネット・カフェ周辺",
        "remark": "掲載局：　\t第３７局　２学期\n掲載頁：　\tJC ヒカルの碁\t第５巻P.51\n\nインターネット・カフェ周辺の挿入風景。（5巻P.51）"
      },
      "type": "Feature"
    },
    {
      "geometry": {
        "coordinates": [
          139.765427,
          35.671698
        ],
        "type": "Point"
      },
      "properties": {
        "bangumi_id": 1195,
        "bangumi_title": "棋魂",
        "ep_cut": "",
        "image_url": "",
        "location": "11其它风景",
        "point_id": "0ba1fbfd",
        "point_name": "11.1.4銀座　教文館",
        "remark": "掲載局：　\t第１５局　マネ碁\n掲載頁：　\tJC ヒカルの碁\t第２巻P.158\n\n本屋の帰りにヒカルと佐為が電光掲示ニュースに気づく場面の背景。（2巻P.158）"
      },
      "type": "Feature"
    },
    {
      "geometry": {
        "coordinates": [
          139.764698,
          35.67126
        ],
        "type": "Point"
      },
      "properties": {
        "bangumi_id": 1195,
        "bangumi_title": "棋魂",
        "ep_cut": "",
        "image_url": "",
        "location": "11其它风景",
        "point_id": "f2963f0a",
        "point_name": "11.1.5銀座４丁目交差点",
        "remark": "掲載局：　\t第１５局　マネ碁\n掲載頁：　\tJC ヒカルの碁\t第２巻P.159\n\n塔矢名人四冠のニュースを伝える電光掲示ニュースがある場所。実際にはない。（2巻P.159）"
      },
      "type": "Feature"
    },
    {
      "geometry": {
        "coordinates": [
          139.765255,
          35.671278
        ],
        "type": "Point"
      },
      "properties": {
        "bangumi_id": 1195,
        "bangumi_title": "棋魂",
        "ep_cut": "",
        "image_url": "",
        "location": "11其它风景",
        "point_id": "c9f8e4bc",
        "point_name": "11.1.6銀座三越",
        "remark": "掲載局：　\t第１５局　マネ碁\n掲載頁：　\tJC ヒカルの碁\t第２巻p.157, P.159\n\n電光ニュースを読むヒカルと佐為の立ち位置。（2巻P.159）"
      },
      "type": "Feature"
    },
    {
      "geometry": {
        "coordinates": [
          141.00309,
          43.197934
        ],
        "type": "Point"
      },
      "properties": {
        "bangumi_id": 1195,
        "bangumi_title": "棋魂",
        "ep_cut": "",
        "image_url": "",
        "location": "11其它风景",
        "point_id": "7880a2f1",
        "point_name": "11.1.7小樽運河",
        "remark": "掲載局：　\t第６３局　ここまで来たぜ\n掲載頁：　\tJC ヒカルの碁\t第８巻P.66\n\n本因坊戦第７局挿入風景のビューポイント。（8巻P.66）"
      },
      "type": "Feature"
    },
    {
      "geometry": {
        "coordinates": [
          139.705324,
          35.668523
        ],
        "type": "Point"
      },
      "properties": {
        "bangumi_id": 1195,
        "bangumi_title": "棋魂",
        "ep_cut": "",
        "image_url": "",
        "location": "11其它风景",
        "point_id": "042d4644",
        "point_name": "11.1.8原宿　神宮前交差点",
        "remark": "掲載局：　\t第７０局　特訓！特訓!!\n掲載頁：　\tJC ヒカルの碁\t第９巻P.15\n\nヒカル、和谷、伊角で囲碁サロン道玄坂の帰りの挿入風景。（9巻P.15）"
      },
      "type": "Feature"
    },
    {
      "geometry": {
        "coordinates": [
          140.036301,
          35.664731
        ],
        "type": "Point"
      },
      "properties": {
        "bangumi_id": 1195,
        "bangumi_title": "棋魂",
        "ep_cut": "",
        "image_url": "",
        "location": "11其它风景",
        "point_id": "acfd45c6",
        "point_name": "11.1.9幕張西二丁目交差点の電柱",
        "remark": "掲載局：　\t第８０局　身代わり\n掲載頁：　\tJC ヒカルの碁\t第１０巻P.42\n\n囲碁研修センターからバス停へ向かう本田さんの背景の電柱はたぶんコレ。（10巻P.42）"
      },
      "type": "Feature"
    },
    {
      "geometry": {
        "coordinates": [
          140.036395,
          35.666521
        ],
        "type": "Point"
      },
      "properties": {
        "bangumi_id": 1195,
        "bangumi_title": "棋魂",
        "ep_cut": "",
        "image_url": "",
        "location": "11其它风景",
        "point_id": "78eea606",
        "point_name": "11.1.10幕張西二丁目付近の団地",
        "remark": "掲載局：　\t第８０局　身代わり\n掲載頁：　\tJC ヒカルの碁\t第１０巻P.43\n\n幕張西二丁目バス停で本田さんと会話する伊角さんの背景の団地はたぶんコレ。（10巻P.43）千葉県千葉市美浜区幕張西２丁目3-9海浜幕張県営住宅９号棟"
      },
      "type": "Feature"
    },
    {
      "geometry": {
        "coordinates": [
          140.036252,
          35.664961
        ],
        "type": "Point"
      },
      "properties": {
        "bangumi_id": 1195,
        "bangumi_title": "棋魂",
        "ep_cut": "",
        "image_url": "",
        "location": "11其它风景",
        "point_id": "a5f2d8e3",
        "point_name": "11.1.11幕張西二丁目交差点",
        "remark": "掲載局：　\t第８７局　この黒は誰？\n掲載頁：　\tJC ヒカルの碁\t第１０巻P.192\n\n椿がヒカルをバイクに乗せて走る背景。（10巻P.192）"
      },
      "type": "Feature"
    },
    {
      "geometry": {
        "coordinates": [
          140.034893,
          35.663851
        ],
        "type": "Point"
      },
      "properties": {
        "bangumi_id": 1195,
        "bangumi_title": "棋魂",
        "ep_cut": "",
        "image_url": "",
        "location": "11其它风景",
        "point_id": "f0ee5894",
        "point_name": "11.1.12幕張ハイツ６号棟",
        "remark": "掲載局：　\t第９０局　プロへ来い！／第９４局　激戦／第９５局　２人目の合格者\n掲載頁：　\tJC ヒカルの碁\t第１１巻P.58, 140, 154, 170\n\n囲碁研修センター玄関から見える建物。（11巻P.58、140、154、170）千葉県千葉市美浜区幕張西２丁目１１−６"
      },
      "type": "Feature"
    },
    {
      "geometry": {
        "coordinates": [
          139.774321,
          35.697421
        ],
        "type": "Point"
      },
      "properties": {
        "bangumi_id": 1195,
        "bangumi_title": "棋魂",
        "ep_cut": "",
        "image_url": "",
        "location": "11其它风景",
        "point_id": "2ed6c945",
        "point_name": "11.1.13秋葉原の風景のビューポイント",
        "remark": "掲載局：　\t第９８局　新初段シリーズ\n掲載頁：　\tJC ヒカルの碁\t第１２巻P.45\n\n平成１２年と１３年を隔てる場面転換に使われているコマ。（12巻P.45）「アイツー」「ロビン電子」は、店が無くなってるだけでなく、看板自体も撤去されて今はありません。"
      },
      "type": "Feature"
    },
    {
      "geometry": {
        "coordinates": [
          139.70063,
          35.692162
        ],
        "type": "Point"
      },
      "properties": {
        "bangumi_id": 1195,
        "bangumi_title": "棋魂",
        "ep_cut": "",
        "image_url": "",
        "location": "11其它风景",
        "point_id": "b2b1f741",
        "point_name": "11.1.14新宿駅東口",
        "remark": "掲載局：　\t第１１１局　sai再び\n掲載頁：　\tJC ヒカルの碁\t第１３巻P.139\n\nアキラが研究会に出かける場面の挿入風景。（13巻P.139）"
      },
      "type": "Feature"
    },
    {
      "geometry": {
        "coordinates": [
          136.91437,
          35.178414
        ],
        "type": "Point"
      },
      "properties": {
        "bangumi_id": 1195,
        "bangumi_title": "棋魂",
        "ep_cut": "",
        "image_url": "",
        "location": "11其它风景",
        "point_id": "945fbbea",
        "point_name": "11.1.15吉野家・東片端店",
        "remark": "掲載局：　\t第１２２局　ヒカルのばかっ\n掲載頁：　\tJC ヒカルの碁\t第１５巻P.18\n\n日本棋院中部総本部近くの吉野家。（15巻P.18）愛知県名古屋市東区泉２丁目１−３０詳細 » (http://maps.google.co.jp/maps?f=q&source=s_q&hl=ja&geocode=&q=%E5%90%89%E9%87%8E%E5%AE%B6%E6%9D%B1%E7%89%87%E7%AB%AF%E5%BA%97&jsv=145d&sll=35.178485,136.913989&sspn=0.000978,0.002342&ie=UTF8&latlng=35178414,136914370,1598173387909545163&ei=506YSdyCEZKmogPI68m3Ag&sig2=L0htVrIixw29GUt0ChQ5vA&cd=1)"
      },
      "type": "Feature"
    },
    {
      "geometry": {
        "coordinates": [
          136.91362,
          35.179138
        ],
        "type": "Point"
      },
      "properties": {
        "bangumi_id": 1195,
        "bangumi_title": "棋魂",
        "ep_cut": "",
        "image_url": "",
        "location": "11其它风景",
        "point_id": "9b51a22f",
        "point_name": "11.1.16立花寿司",
        "remark": "掲載局：　\t第１２２局　ヒカルのばかっ\n掲載頁：　\tJC ヒカルの碁\t第１５P.18\n\n日本棋院中部総本部を出たアキラの背景の寿司屋の看板はたぶんココ。（15巻P.18）　実物の画像は未確認ながら、14巻P.169の絵を見ても似ている。愛知県名古屋市東区東片端町３９−１詳細 » (http://maps.google.co.jp/maps?f=q&source=s_q&hl=ja&geocode=&q=%E7%AB%8B%E8%8A%B1%E5%AF%BF%E5%8F%B8&jsv=145d&sll=35.179009,136.914102&sspn=0.000978,0.002342&ie=UTF8&latlng=35179138,136913620,17479394402741847321&ei=0U-YSbaHKoOWoQOq2ri3Ag&sig2=wXpq_k-Rr6uRw0XqZlWQ2w&cd=1)"
      },
      "type": "Feature"
    },
    {
      "geometry": {
        "coordinates": [
          133.177257,
          34.355802
        ],
        "type": "Point"
      },
      "properties": {
        "bangumi_id": 1195,
        "bangumi_title": "棋魂",
        "ep_cut": "",
        "image_url": "",
        "location": "11其它风景",
        "point_id": "70803e09",
        "point_name": "11.1.17バスの車窓風景",
        "remark": "掲載局：　\t第１２６局　佐為をたずねて\n掲載頁：　\tJC ヒカルの碁\t第１５巻P.101\n\n因島大橋を渡るバスの車窓からの風景のビューポイント。（15巻P.101）　尾道からなら進行方向右手。"
      },
      "type": "Feature"
    },
    {
      "geometry": {
        "coordinates": [
          132.908943,
          34.339793
        ],
        "type": "Point"
      },
      "properties": {
        "bangumi_id": 1195,
        "bangumi_title": "棋魂",
        "ep_cut": "",
        "image_url": "",
        "location": "11其它风景",
        "point_id": "098fd553",
        "point_name": "11.1.18竹原駅前",
        "remark": "掲載局：　\t第１２６局　佐為をたずねて\n掲載頁：　\tJC ヒカルの碁\t第１５巻P.113, 115\n\nヒカルと河合さんのコマ（15巻P.113中段）と、ヒカルのお父さんとしゃべる河合さんの吹き出し（15巻P.115）のコマの背景に描かれた建物。"
      },
      "type": "Feature"
    },
    {
      "geometry": {
        "coordinates": [
          133.115517,
          34.384273
        ],
        "type": "Point"
      },
      "properties": {
        "bangumi_id": 1195,
        "bangumi_title": "棋魂",
        "ep_cut": "",
        "image_url": "",
        "location": "11其它风景",
        "point_id": "f69f0426",
        "point_name": "11.1.19因島の眺望",
        "remark": "掲載局：　\t第１２６局　佐為をたずねて\n掲載頁：　\tJC ヒカルの碁\t第１５巻P.118\n\nヒカルと河合さんが因島を眺めたビューポイント。（15巻P.118）　海が埋め立てられて景観が変わってしまっていますが。正面に見えるのは小佐木島と佐木島と思われます。"
      },
      "type": "Feature"
    },
    {
      "geometry": {
        "coordinates": [
          133.200678,
          34.407786
        ],
        "type": "Point"
      },
      "properties": {
        "bangumi_id": 1195,
        "bangumi_title": "棋魂",
        "ep_cut": "",
        "image_url": "",
        "location": "11其它风景",
        "point_id": "2bc54c2b",
        "point_name": "11.1.20尾道郵便局",
        "remark": "掲載局：　\t第１２８局　最後の手がかり\n掲載頁：　\tJC ヒカルの碁\t第１５巻P.150\n\n尾道郵便局と尾道絵のまち通りのアーケード。（15巻P.150）広島県尾道市土堂２丁目１−２０‎"
      },
      "type": "Feature"
    },
    {
      "geometry": {
        "coordinates": [
          139.735714,
          35.69015
        ],
        "type": "Point"
      },
      "properties": {
        "bangumi_id": 1195,
        "bangumi_title": "棋魂",
        "ep_cut": "",
        "image_url": "",
        "location": "11其它风景",
        "point_id": "54697f1b",
        "point_name": "11.1.21ワイン＆レストラン 葡萄の木",
        "remark": "掲載局：　\t第１６４局　社vsヒカル\n掲載頁：　\tJC ヒカルの碁\t第２０巻P.166\n\n挿入風景。（20巻P.166）東京都千代田区五番町5-1 第8田中ビルB1詳細 » (http://maps.google.co.jp/maps?f=q&source=s_q&hl=ja&geocode=&q=%E5%8D%83%E4%BB%A3%E7%94%B0%E5%8C%BA%E4%BA%94%E7%95%AA%E7%94%BA5-1%E3%80%80%E8%91%A1%E8%90%84%E3%81%AE%E6%9C%A8&jsv=145d&sll=35.691966,139.735773&sspn=0.007337,0.014892&g=%E5%8D%83%E4%BB%A3%E7%94%B0%E5%8C%BA%E4%BA%94%E7%95%AA%E7%94%BA5-1&ie=UTF8&latlng=35684258,139734299,2167353861121138372&ei=TcuUSdbtC5zaogPI7K2wCQ&sig2=nnGcOr4uSC10NTSTF_db5A&cd=1)"
      },
      "type": "Feature"
    },
    {
      "geometry": {
        "coordinates": [
          139.702151,
          35.693317
        ],
        "type": "Point"
      },
      "properties": {
        "bangumi_id": 1195,
        "bangumi_title": "棋魂",
        "ep_cut": "",
        "image_url": "",
        "location": "11其它风景",
        "point_id": "07fd613a",
        "point_name": "11.1.22新宿繁華街前の横断歩道",
        "remark": "掲載局：　\t番外編第３回　奈瀬明日美\n掲載頁：　\tJC ヒカルの碁\t第１８巻P.84\n\n棋院をサボってデート中の奈瀬が彼氏と渡る横断歩道とその背景。（8巻P.84）"
      },
      "type": "Feature"
    },
    {
      "geometry": {
        "coordinates": [
          139.702653,
          35.694223
        ],
        "type": "Point"
      },
      "properties": {
        "bangumi_id": 1195,
        "bangumi_title": "棋魂",
        "ep_cut": "",
        "image_url": "",
        "location": "11其它风景",
        "point_id": "d1f24bd4",
        "point_name": "11.1.23新宿　繁華街",
        "remark": "掲載局：　\t番外編第３回　奈瀬明日美\n掲載頁：　\tJC ヒカルの碁\t第１８巻P.85, 87\n\n奈瀬デート中場面の挿入風景。（18巻P.87）"
      },
      "type": "Feature"
    },
    {
      "geometry": {
        "coordinates": [
          139.702486,
          35.693051
        ],
        "type": "Point"
      },
      "properties": {
        "bangumi_id": 1195,
        "bangumi_title": "棋魂",
        "ep_cut": "",
        "image_url": "",
        "location": "11其它风景",
        "point_id": "ad6d35ed",
        "point_name": "11.1.24，11.1.25回転すし",
        "remark": "掲載局：　\t番外編第３回　奈瀬明日美\n掲載頁：　\tJC ヒカルの碁\t第１８巻P.86\n\nデート中の奈瀬ちゃんと彼氏の背景。（１８巻P.86）　現在はファミリーマート。東京都新宿区新宿３丁目２１−８東新ビル回転すし　三葉　靖国通り店（閉店）"
      },
      "type": "Feature"
    },
    {
      "geometry": {
        "coordinates": [
          139.698313,
          35.66111
        ],
        "type": "Point"
      },
      "properties": {
        "bangumi_id": 1195,
        "bangumi_title": "棋魂",
        "ep_cut": "",
        "image_url": "",
        "location": "11其它风景",
        "point_id": "2d96117a",
        "point_name": "11.1.26渋谷ＫＮ２",
        "remark": "掲載局：　\t番外編第２回　加賀鉄男\n掲載頁：　\tJC ヒカルの碁\t第１８巻P.41\n\n番外編第２回「加賀鉄男」バイクで葉瀬中へ向かう加賀の背景の一部。（18巻P.41）コミックスではフジビル２４となっているが、ビル所有者が変わった模様。 東京都渋谷区宇田川町１３−９"
      },
      "type": "Feature"
    },
    {
      "geometry": {
        "coordinates": [
          139.698224,
          35.661197
        ],
        "type": "Point"
      },
      "properties": {
        "bangumi_id": 1195,
        "bangumi_title": "棋魂",
        "ep_cut": "",
        "image_url": "",
        "location": "11其它风景",
        "point_id": "3a646e38",
        "point_name": "11.1.27渋谷ＫＮ１",
        "remark": "掲載局：　\t番外編第２回　加賀鉄男\n掲載頁：　\tJC ヒカルの碁\t第１８巻P.41\n\n番外編第２回「加賀鉄男」バイクで葉瀬中へ向かう加賀の背景の一部。（18巻P.41）コミックスではフジビル８となっているが、ビル所有者が変わった模様。東京都渋谷区宇田川町１３－１１"
      },
      "type": "Feature"
    },
    {
      "geometry": {
        "coordinates": [
          139.447554,
          35.699434
        ],
        "type": "Point"
      },
      "properties": {
        "bangumi_id": 1195,
        "bangumi_title": "棋魂",
        "ep_cut": "",
        "image_url": "",
        "location": "11其它风景",
        "point_id": "2a2ee93e",
        "point_name": "11.1.28(株)かめや不動産",
        "remark": "掲載局：　\t番外編第２回　加賀鉄男\n掲載頁：　\tJC ヒカルの碁\t第１８巻P.41-42\n\n番外編第２回「加賀鉄男」バイクで葉瀬中へ向かう加賀の背景の一部。（18巻P.41-42）"
      },
      "type": "Feature"
    },
    {
      "geometry": {
        "coordinates": [
          135.484836,
          34.688619
        ],
        "type": "Point"
      },
      "properties": {
        "bangumi_id": 1195,
        "bangumi_title": "棋魂",
        "ep_cut": "",
        "image_url": "",
        "location": "11其它风景",
        "point_id": "627ea994",
        "point_name": "11.1.29七星ホテル周辺の風景",
        "remark": "掲載局：\t第１５３局　一歩前へ！\n掲載頁：\tJC ヒカルの碁\t第１９巻P.115\n\n北斗杯の打ち合わせを終えた戸苅室長と相川さんが歩いているコマの背景。（19巻P.115）北斗杯会場モデルのリーガロイヤルホテルは、実際には二人が歩いている進行方向にある。"
      },
      "type": "Feature"
    },
    {
      "geometry": {
        "coordinates": [
          139.735979,
          35.690853
        ],
        "type": "Point"
      },
      "properties": {
        "bangumi_id": 1195,
        "bangumi_title": "棋魂",
        "ep_cut": "",
        "image_url": "",
        "location": "11其它风景",
        "point_id": "84bc3e17",
        "point_name": "11.1.30-1三菱東京ＵＦＪ銀行　ATMコーナー　市ヶ谷駅前",
        "remark": "掲載局：　\t第４局　許せない暴言\n掲載頁：　\tJC ヒカルの碁\t第１巻P.120\n\n当時は東京三菱銀行。（1巻P.120）東京都千代田区五番町１"
      },
      "type": "Feature"
    },
    {
      "geometry": {
        "coordinates": [
          139.736593,
          35.691008
        ],
        "type": "Point"
      },
      "properties": {
        "bangumi_id": 1195,
        "bangumi_title": "棋魂",
        "ep_cut": "",
        "image_url": "",
        "location": "11其它风景",
        "point_id": "5c05b781",
        "point_name": "11.1.30-2三菱東京ＵＦＪ銀行 市ヶ谷支店",
        "remark": "掲載局：　\t第４局　許せない暴言\n掲載頁：　\tJC ヒカルの碁\t第１巻P.108\n\n当時は東京三菱銀行。（１巻P.108）東京都千代田区九段南４丁目８−２０"
      },
      "type": "Feature"
    },
    {
      "geometry": {
        "coordinates": [
          139.45217,
          35.694322
        ],
        "type": "Point"
      },
      "properties": {
        "bangumi_id": 1195,
        "bangumi_title": "棋魂",
        "ep_cut": "",
        "image_url": "",
        "location": "11其它风景",
        "point_id": "ae6197d8",
        "point_name": "11.2.1ヒカルの小学校近くの歩行者用信号機",
        "remark": "掲載局：　\t第６局　一刀両断\n掲載頁：　\tJC ヒカルの碁\t第１巻P.153\n\nヒカルの小学校からそう遠くない場所にあると思われる信号機のモデル。（１巻P.153）　もちろん、ヒカルの小学校（のモデル）がこの近くにある訳ではない。 東京都国立市東２丁目９−１"
      },
      "type": "Feature"
    },
    {
      "geometry": {
        "coordinates": [
          139.709852,
          35.732633
        ],
        "type": "Point"
      },
      "properties": {
        "bangumi_id": 1195,
        "bangumi_title": "棋魂",
        "ep_cut": "",
        "image_url": "",
        "location": "11其它风景",
        "point_id": "4b89eb6c",
        "point_name": "11.2.2修さんの碁会所に向かうヒカルの背景",
        "remark": "掲載局：　\t第２０局　３人目のメンバー\n掲載頁：　\tJC ヒカルの碁\t第３巻P.93\n\nイカサマをやめさせるため、三谷を追って修さんの碁会所に走って行くヒカルの背景右側の街並み。（３巻P.93）東京都豊島区西池袋１丁目３９−１"
      },
      "type": "Feature"
    },
    {
      "geometry": {
        "coordinates": [
          139.699177,
          35.66026
        ],
        "type": "Point"
      },
      "properties": {
        "bangumi_id": 1195,
        "bangumi_title": "棋魂",
        "ep_cut": "",
        "image_url": "",
        "location": "11其它风景",
        "point_id": "24808224",
        "point_name": "11.2.3旧ルノアール",
        "remark": "掲載局：　\t第２２局　本因坊秀策\n掲載頁：　\tJC ヒカルの碁\t第３巻P.123\n\nダケさんに負けて碁会所を飛び出した三谷を追いかけて外にでたヒカルの背景。（3巻P.123）現在はルノアールの姉妹店Cafe Miyamaになっていて、面影はまったくない。"
      },
      "type": "Feature"
    },
    {
      "geometry": {
        "coordinates": [
          139.717512,
          35.663054
        ],
        "type": "Point"
      },
      "properties": {
        "bangumi_id": 1195,
        "bangumi_title": "棋魂",
        "ep_cut": "",
        "image_url": "",
        "location": "11其它风景",
        "point_id": "1f2f9484",
        "point_name": "11.2.4インターネット・カフェ前の通りの街並み",
        "remark": "掲載局：　\t第３７局　２学期／第５６局　saiの弟子／第９４局　激戦\n掲載頁：　\tJC ヒカルの碁\t第５巻P.55, 56, 58, 第７巻P.108, 第１１巻P.134, 135\n\n東京都港区南青山４丁目１８−１１"
      },
      "type": "Feature"
    },
    {
      "geometry": {
        "coordinates": [
          139.699075,
          35.66028
        ],
        "type": "Point"
      },
      "properties": {
        "bangumi_id": 1195,
        "bangumi_title": "棋魂",
        "ep_cut": "",
        "image_url": "",
        "location": "11其它风景",
        "point_id": "9f37e59f",
        "point_name": "11.2.5伊藤・小島・奥村の帰宅中の背景",
        "remark": "掲載局：　\t第１６局　雨の中の謀議\n掲載頁：　\tJC ヒカルの碁\t第２巻P.194\n\n伊藤・小島・奥村が学校からの帰りに塔矢アキラに勝つ方法を考えながら歩いている場面の背景。（２巻P.194）ただし、看板だけでなく街灯も新しくなって今は見る影もない。東京都 渋谷区宇田川町２５－４"
      },
      "type": "Feature"
    },
    {
      "geometry": {
        "coordinates": [
          139.698814,
          35.660275
        ],
        "type": "Point"
      },
      "properties": {
        "bangumi_id": 1195,
        "bangumi_title": "棋魂",
        "ep_cut": "",
        "image_url": "",
        "location": "11其它风景",
        "point_id": "b412e02f",
        "point_name": "11.2.6伊藤・小島・奥村の帰宅途中のカラオケ店",
        "remark": "掲載局：　\t第１６局　雨の中の謀議\n掲載頁：　\tJC ヒカルの碁\t第２巻P.194\n\n伊藤・小島・奥村が学校からの帰りに塔矢アキラに勝つ方法を考えながら歩いている場面で、奥村が「じゃ カラオケルームに連れてって対局するんスよ」と言うコマの背景。（２巻P.194）東京都渋谷区宇田川町２６－９ 太田ビル２Ｆカラオケルーム歌広場 渋谷センター街別館"
      },
      "type": "Feature"
    },
    {
      "geometry": {
        "coordinates": [
          139.436092,
          35.697238
        ],
        "type": "Point"
      },
      "properties": {
        "bangumi_id": 1195,
        "bangumi_title": "棋魂",
        "ep_cut": "",
        "image_url": "",
        "location": "11其它风景",
        "point_id": "f60e9831",
        "point_name": "11.2.7ヒカルの小学校近くの交通標識",
        "remark": "掲載局：　\t第６局　一刀両断\n掲載頁：　\tJC ヒカルの碁\t第１巻P.151\n\nヒカルの小学校からそう遠くない場所にあると思われる交通標識のモデル。（１巻P.151）　横断歩道の標識が通学路近く用に変わっている。また、分かりにくいが実は支柱も変わっている。もちろん、ヒカルの小学校（のモデル）が近くにあわる訳ではない。"
      },
      "type": "Feature"
    },
    {
      "geometry": {
        "coordinates": [
          139.44191,
          35.686424
        ],
        "type": "Point"
      },
      "properties": {
        "bangumi_id": 1195,
        "bangumi_title": "棋魂",
        "ep_cut": "",
        "image_url": "",
        "location": "11其它风景",
        "point_id": "1e51daf9",
        "point_name": "11.2.8公園前の街路樹と街灯",
        "remark": "掲載局：　\t第７局　詰碁三題\n掲載頁：　\tJC ヒカルの碁\t第１巻P.178\n\nヒカルが佐為と碁石の持ち方を練習した公園の前の街路樹と街灯のモデルと思しき場所。東京都国立市富士見台２丁目４６"
      },
      "type": "Feature"
    },
    {
      "geometry": {
        "coordinates": [
          139.713931,
          35.729585
        ],
        "type": "Point"
      },
      "properties": {
        "bangumi_id": 1195,
        "bangumi_title": "棋魂",
        "ep_cut": "",
        "image_url": "",
        "location": "11其它风景",
        "point_id": "bd5e623f",
        "point_name": "11.2.9碁会所巡りに向かうヒカル・和谷・伊角の待ち合わせ場所",
        "remark": "掲載局：　\t第７４局　洪秀英\n掲載頁：　\tJC ヒカルの碁\t第９巻P.97\n\n第７４局扉絵。（９巻P.97）池袋グリーン大通り東京都豊島区東池袋１丁目２"
      },
      "type": "Feature"
    },
    {
      "geometry": {
        "coordinates": [
          139.71329,
          35.729918
        ],
        "type": "Point"
      },
      "properties": {
        "bangumi_id": 1195,
        "bangumi_title": "棋魂",
        "ep_cut": "",
        "image_url": "",
        "location": "11其它风景",
        "point_id": "e772dc6b",
        "point_name": "11.2.10東口駅前店の看板",
        "remark": "掲載局：　\t第７４局　洪秀英\n掲載頁：　\tJC ヒカルの碁\t第９巻P.99\n\nヒカル・和谷・伊角さんが碁会所巡りに向かう際、神宮寺さんが書いてくれた地図を和谷が手にしている場面の背景。（９巻P.99）東京都豊島区東池袋１丁目１−３ビックカメラ池袋東口カメラ館"
      },
      "type": "Feature"
    },
    {
      "geometry": {
        "coordinates": [
          139.774418,
          35.711024
        ],
        "type": "Point"
      },
      "properties": {
        "bangumi_id": 1195,
        "bangumi_title": "棋魂",
        "ep_cut": "",
        "image_url": "",
        "location": "11其它风景",
        "point_id": "a773120c",
        "point_name": "11.2.11旧じゅらくビル",
        "remark": "掲載局：　\t第７４局　洪秀英\n掲載頁：　\tJC ヒカルの碁\t第９巻P.99\n\n碁会所めぐりをする伊角さん、和谷、ヒカルが韓国系碁会所「柳」へ向かう際の挿入風景。（９巻P.99）2005年頃に解体され、現在はヨドバシカメラのビルが建っています。 東京都台東区上野４丁目１０"
      },
      "type": "Feature"
    },
    {
      "geometry": {
        "coordinates": [
          139.704272,
          35.6911
        ],
        "type": "Point"
      },
      "properties": {
        "bangumi_id": 1195,
        "bangumi_title": "棋魂",
        "ep_cut": "",
        "image_url": "",
        "location": "11其它风景",
        "point_id": "2fc3947b",
        "point_name": "11.2.12新宿通り",
        "remark": "掲載局：　\t第７６局　オレの名は\n掲載頁：　\tJC ヒカルの碁\t第９巻P.158\n\n〒160-0022 東京都新宿区新宿３丁目３０"
      },
      "type": "Feature"
    },
    {
      "geometry": {
        "coordinates": [
          139.635227,
          35.70408
        ],
        "type": "Point"
      },
      "properties": {
        "bangumi_id": 1195,
        "bangumi_title": "棋魂",
        "ep_cut": "",
        "image_url": "",
        "location": "11其它风景",
        "point_id": "d9a950bb",
        "point_name": "11.2.13ヒカルの家の背景（讀賣新聞）",
        "remark": "掲載局：　\t第１局　棋聖降臨／第３９局　実力を知りたい\n掲載頁：　\tJC ヒカルの碁\t第１巻P.42, 第５巻P.103\n\nヒカルの家の背景に描かれた「讀賣新聞」の文字が掲げられたビル。（５巻P.103）東京都杉並区阿佐谷南３丁目３４−１６讀賣新聞阿佐ヶ谷販売所"
      },
      "type": "Feature"
    },
    {
      "geometry": {
        "coordinates": [
          139.63504,
          35.704077
        ],
        "type": "Point"
      },
      "properties": {
        "bangumi_id": 1195,
        "bangumi_title": "棋魂",
        "ep_cut": "",
        "image_url": "",
        "location": "11其它风景",
        "point_id": "593bf449",
        "point_name": "11.2.14居酒屋　飛騨高山",
        "remark": "掲載局：　\t第１１１局　sai再び\n掲載頁：　\tJC ヒカルの碁\t第１３巻P.142\n\n若手が集まる勉強会へ向かうアキラが乗っている電車の車窓から見える看板。（13巻P.142）東京都杉並区阿佐谷南３丁目３４−１５"
      },
      "type": "Feature"
    },
    {
      "geometry": {
        "coordinates": [
          139.84592,
          36.380087
        ],
        "type": "Point"
      },
      "properties": {
        "bangumi_id": 1195,
        "bangumi_title": "棋魂",
        "ep_cut": "",
        "image_url": "",
        "location": "11其它风景",
        "point_id": "09518f92",
        "point_name": "11.2.15電車と貨物列車",
        "remark": "掲載局：\t第１１１局　sai再び\n掲載頁：\tJC ヒカルの碁\t第１３巻P.140, 143\n\n若手の勉強会に行くため電車で移動中のアキラと、sai vs. toya koyoの対局のためインターネット・カフェに向かうヒカルの場面転換に挿入された風景。（１３巻P.143）栃木県下野市小金井１８付近"
      },
      "type": "Feature"
    },
    {
      "geometry": {
        "coordinates": [
          139.436089,
          35.697142
        ],
        "type": "Point"
      },
      "properties": {
        "bangumi_id": 1195,
        "bangumi_title": "棋魂",
        "ep_cut": "",
        "image_url": "",
        "location": "11其它风景",
        "point_id": "527aa17d",
        "point_name": "11.2.16因島へ向かうヒカルの背景",
        "remark": "掲載局：　\t第１２５局　佐為が消えた？\n掲載頁：　\tJC ヒカルの碁\t第１５巻P.96\n\n因島へ向かって家を出たヒカルの背景（１５巻P.96）東京都国立市西１丁目１４−３６"
      },
      "type": "Feature"
    },
    {
      "geometry": {
        "coordinates": [
          137.579686,
          36.81903
        ],
        "type": "Point"
      },
      "properties": {
        "bangumi_id": 1195,
        "bangumi_title": "棋魂",
        "ep_cut": "",
        "image_url": "",
        "location": "11其它风景",
        "point_id": "pp91pwtsk",
        "point_name": "11.2.17想影展望台",
        "remark": "掲載局：\t第１０９局　toya koyo\n掲載頁：\tJC ヒカルの碁\t第１３巻P.111"
      },
      "type": "Feature"
    },
    {
      "geometry": {
        "coordinates": [
          139.717596,
          35.662829
        ],
        "type": "Point"
      },
      "properties": {
        "bangumi_id": 1195,
        "bangumi_title": "棋魂",
        "ep_cut": "",
        "image_url": "",
        "location": "11其它风景",
        "point_id": "44c5cf62",
        "point_name": "11.2.18熱帯魚ショップ向かいの建物",
        "remark": "掲載局：\t第６０局　迫る！プロ試験\n掲載頁：\tJC ヒカルの碁\t第７巻P.201\n\n緒方に若獅子戦でのヒカルの対局内容をアキラが問いに来た場面で、緒方が車に乗り込む場面の背景。（７巻P.201）東京都港区南青山４丁目２３−１０　ＧｏｌｄＰｅｒｉ"
      },
      "type": "Feature"
    },
    {
      "geometry": {
        "coordinates": [
          139.699321,
          35.659452
        ],
        "type": "Point"
      },
      "properties": {
        "bangumi_id": 1195,
        "bangumi_title": "棋魂",
        "ep_cut": "",
        "image_url": "",
        "location": "11其它风景",
        "point_id": "88112460",
        "point_name": "11.2.19インターネット・カフェに向かうヒカルの背景",
        "remark": "掲載局：\t第１１１局　sai再び\n掲載頁：\tJC ヒカルの碁\t第１３巻P.144\n\nsai vs. toya koyo の対局のため、インターネット・カフェに向かうヒカルの背景。（１３巻P.144）"
      },
      "type": "Feature"
    },
    {
      "geometry": {
        "coordinates": [
          127.033024,
          37.566219
        ],
        "type": "Point"
      },
      "properties": {
        "bangumi_id": 1195,
        "bangumi_title": "棋魂",
        "ep_cut": "",
        "image_url": "",
        "location": "12海外",
        "point_id": "ec6389cb",
        "point_name": "12.1-1韓国棋院",
        "remark": "掲載局：　\t第７５局　勝者は１人／第１６０局　一瞬の気後れ／ネームの日々㊸／第１７０局　韓国棋院\n掲載頁：　\tJC ヒカルの碁\t第９巻P.128, 第１７巻P.112, 第２０巻P.84,第２１巻P.94\n\n洪秀英や高永夏が所属する韓国棋院。（９巻P.128、２０巻P.84、２１巻P.94） ネームの日々４３（１７巻P.112）には、韓国取材の話とともに、ほったさんが描いた韓国棋院の絵が掲載されています。 韓国棋院 ソウル市成童具広益棟315-1 (재단)한국기원 Korea 서울특별시 성동구 홍익동 315-1 02-3407-3800"
      },
      "type": "Feature"
    },
    {
      "geometry": {
        "coordinates": [
          127.030843,
          37.566132
        ],
        "type": "Point"
      },
      "properties": {
        "bangumi_id": 1195,
        "bangumi_title": "棋魂",
        "ep_cut": "",
        "image_url": "",
        "location": "12海外",
        "point_id": "9ca26e2a",
        "point_name": "12.1-2韓国棋院付近の街並み",
        "remark": "掲載局：　\t第７５局　勝者は１人／第１６０局　一瞬の気後れ／ネームの日々㊸／第１７０局　韓国棋院\n掲載頁：　\tJC ヒカルの碁\t第９巻P.128, 第１７巻P.112, 第２０巻P.84,第２１巻P.94\n\n380 Hongik-dong (19-1 Wangsimniro 30(samsip)-gil)Seongdong-gu, Seoul, 大韓民国"
      },
      "type": "Feature"
    },
    {
      "geometry": {
        "coordinates": [
          -74.012224,
          40.711496
        ],
        "type": "Point"
      },
      "properties": {
        "bangumi_id": 1195,
        "bangumi_title": "棋魂",
        "ep_cut": "",
        "image_url": "",
        "location": "12海外",
        "point_id": "38963beb",
        "point_name": "12.2-1 1 ワールド・トレード・センター",
        "remark": "掲載局：\t第３０局　sai\n掲載頁：\tJC ヒカルの碁\t第４巻P.106\n\nワールドトレードセンター跡地。ヒカ碁の連載は1999年から、9.11でツインタワーが崩壊するのは2001年なので、当時はまだツインタワーが健在だったわけです。ニューヨーク, NY 10006, USA"
      },
      "type": "Feature"
    },
    {
      "geometry": {
        "coordinates": [
          -74.027939,
          40.692483
        ],
        "type": "Point"
      },
      "properties": {
        "bangumi_id": 1195,
        "bangumi_title": "棋魂",
        "ep_cut": "",
        "image_url": "",
        "location": "12海外",
        "point_id": "e122ab84",
        "point_name": "12.2-2マンハッタンの眺望",
        "remark": "掲載局：\t第３０局　sai\n掲載頁：\tJC ヒカルの碁\t第４巻P.106\n\nマンハッタンの南からワールドトレードセンター（跡地）を望むビューポイント。（4巻P.106）"
      },
      "type": "Feature"
    },
    {
      "geometry": {
        "coordinates": [
          -73.980765,
          40.753414
        ],
        "type": "Point"
      },
      "properties": {
        "bangumi_id": 1195,
        "bangumi_title": "棋魂",
        "ep_cut": "",
        "image_url": "",
        "location": "12海外",
        "point_id": "9d4362ff",
        "point_name": "12.3-1国際アマチュア囲碁カップ・アメリカ代表の家",
        "remark": "掲載局：　\t第３０局　sai／第１１２局　sai vs toya koyo①\n掲載頁：　\tJC ヒカルの碁\t第４巻P.106, 第１３巻P.170\n\n佐為とヒカルがネット碁で１００人切りしたうちの一人、国際アマチュア囲碁カップ・アメリカ代表の家。（4巻P.106）ニューヨークの5番街と42丁目の南東角の建物。モデルになっているのは外観だけだと思われます。2-18 East, 42nd Street, New York, NY 10017, USA"
      },
      "type": "Feature"
    },
    {
      "geometry": {
        "coordinates": [
          -73.980936,
          40.753645
        ],
        "type": "Point"
      },
      "properties": {
        "bangumi_id": 1195,
        "bangumi_title": "棋魂",
        "ep_cut": "",
        "image_url": "",
        "location": "12海外",
        "point_id": "0a04a05d",
        "point_name": "12.3-2国際アマチュア囲碁カップ・アメリカ代表の家ビューポイント",
        "remark": "ニューヨーク, NY 10018, USA"
      },
      "type": "Feature"
    },
    {
      "geometry": {
        "coordinates": [
          -73.986171,
          40.748716
        ],
        "type": "Point"
      },
      "properties": {
        "bangumi_id": 1195,
        "bangumi_title": "棋魂",
        "ep_cut": "",
        "image_url": "",
        "location": "12海外",
        "point_id": "79c040e8",
        "point_name": "12.4エンパイアステートビル",
        "remark": "掲載局：　\t第１０９局　toya koyo\n掲載頁：　\tJC ヒカルの碁\t第１３巻P.96\n\n国際アマチュア囲碁カップ・アメリカ代表の登場シーンの場面転換に使われているコマ。（13巻P.96 ）"
      },
      "type": "Feature"
    },
    {
      "geometry": {
        "coordinates": [
          4.883536,
          52.37444
        ],
        "type": "Point"
      },
      "properties": {
        "bangumi_id": 1195,
        "bangumi_title": "棋魂",
        "ep_cut": "",
        "image_url": "",
        "location": "12海外",
        "point_id": "72bc8a70",
        "point_name": "12.5-1西教会",
        "remark": "掲載局：　\t第３０局　sai\n掲載頁：　\tJC ヒカルの碁\t第４巻P.109\n\n国際アマチュア囲碁カップ・オランダ代表の初登場シーンの場面転換用風景。（４巻P.109）"
      },
      "type": "Feature"
    },
    {
      "geometry": {
        "coordinates": [
          4.882752,
          52.372422
        ],
        "type": "Point"
      },
      "properties": {
        "bangumi_id": 1195,
        "bangumi_title": "棋魂",
        "ep_cut": "",
        "image_url": "",
        "location": "12海外",
        "point_id": "8194fe5f",
        "point_name": "12.5-2西教会のビューポイント",
        "remark": "掲載局：　\t第３０局　sai\n掲載頁：　\tJC ヒカルの碁\t第４巻P.109\n\n西教会のビューポイント。（４巻　P.109） WesterkerkPrinsengracht 281, 1016 GW Amsterdam, オランダ"
      },
      "type": "Feature"
    },
    {
      "geometry": {
        "coordinates": [
          4.89697,
          52.376151
        ],
        "type": "Point"
      },
      "properties": {
        "bangumi_id": 1195,
        "bangumi_title": "棋魂",
        "ep_cut": "",
        "image_url": "",
        "location": "12海外",
        "point_id": "fe901398",
        "point_name": "12.6-1オランダの街並み",
        "remark": "掲載局：　\t第１０９局　toya koyo／第１１２局　sai vs toya koyo①\n掲載頁：　\tJC ヒカルの碁\t第１３巻P.96, 166"
      },
      "type": "Feature"
    },
    {
      "geometry": {
        "coordinates": [
          4.899078,
          52.376637
        ],
        "type": "Point"
      },
      "properties": {
        "bangumi_id": 1195,
        "bangumi_title": "棋魂",
        "ep_cut": "",
        "image_url": "",
        "location": "12海外",
        "point_id": "b60be802",
        "point_name": "12.6-2Nieuwebrugsteeg",
        "remark": "掲載局：　\t第１０９局　toya koyo／第１１２局　sai vs toya koyo①\n掲載頁：　\tJC ヒカルの碁\t第１３巻P.96, 166\n\nオランダの街並みのビューポイント。Nieuwebrugsteeg1012 Amsterdam, オランダ"
      },
      "type": "Feature"
    },
    {
      "geometry": {
        "coordinates": [
          116.415685,
          39.872417
        ],
        "type": "Point"
      },
      "properties": {
        "bangumi_id": 1195,
        "bangumi_title": "棋魂",
        "ep_cut": "",
        "image_url": "https://w.junreimap.com/images/points/1195/pjfzvo7v5_1730195083155.jpg",
        "location": "12海外",
        "point_id": "pjfzvo7v5",
        "point_name": "12.7中国棋院",
        "remark": "掲載局：　\t第１３１局　中国棋院　他\n掲載頁：　\tJC ヒカルの碁\t第１６巻P.3他\n这里是伊角与九星会的朋友们外出、独自训练的地方。在这里，认识了开朗的杨海和“小和谷”乐平。 《ジャンプコミック》第16卷全部是伊角的中国武者修行篇。\n当然，中国棋院确实存在，并且发表的是堀田的中国报道而不是《ネームの日々》。"
      },
      "type": "Feature"
    },
    {
      "geometry": {
        "coordinates": [
          114.111222,
          22.542984
        ],
        "type": "Point"
      },
      "properties": {
        "bangumi_id": 1195,
        "bangumi_title": "棋魂",
        "ep_cut": "",
        "image_url": "",
        "location": "12海外",
        "point_id": "6b3a9ac2",
        "point_name": "12.8 1941号-1967号 Bao An Nan Lu",
        "remark": "掲載局：　\t第１７０局　韓国棋院\n掲載頁：　\tJC ヒカルの碁\t第２１巻P.90\n\nLuoHuQu, ShenZhenShi, GuangDongSheng, 中華人民共和国, 518008"
      },
      "type": "Feature"
    },
    {
      "geometry": {
        "coordinates": [
          114.104603,
          22.538624
        ],
        "type": "Point"
      },
      "properties": {
        "bangumi_id": 1195,
        "bangumi_title": "棋魂",
        "ep_cut": "21卷第170局",
        "image_url": "https://w.junreimap.com/images/user/0/bangumi/1195/points/a52099ac-1745849043942.jpg",
        "location": "12海外",
        "point_id": "a52099ac",
        "point_name": "12.9木綿花酒店　深圳　Hotel Kapok",
        "remark": "掲載局：　\t第１７０局　韓国棋院\n掲載頁：　\tJC ヒカルの碁\t第２１巻P.90\n根据百度地图街景核实"
      },
      "type": "Feature"
    },
    {
      "geometry": {
        "coordinates": [
          114.114186,
          22.539205
        ],
        "type": "Point"
      },
      "properties": {
        "bangumi_id": 1195,
        "bangumi_title": "棋魂",
        "ep_cut": "",
        "image_url": "https://w.junreimap.com/images/user/0/bangumi/1195/points/90c7f6ad-1745849209987.jpg",
        "location": "12海外",
        "point_id": "90c7f6ad",
        "point_name": "12.10深圳棋院",
        "remark": "掲載局：　\t第１７１局　存在の証\n掲載頁：　\tJC ヒカルの碁\t第２１巻P.110-114, 116-121"
      },
      "type": "Feature"
    },
    {
      "geometry": {
        "coordinates": [
          135.762163,
          35.024113
        ],
        "type": "Point"
      },
      "properties": {
        "bangumi_id": 1195,
        "bangumi_title": "棋魂",
        "ep_cut": "",
        "image_url": "",
        "location": "？未发现对应博文",
        "point_id": "952b06ec",
        "point_name": "?.1京都御所",
        "remark": "平安時代の佐為の勤め先ｗ（１巻P.17）"
      },
      "type": "Feature"
    },
    {
      "geometry": {
        "coordinates": [
          139.696988,
          35.658953
        ],
        "type": "Point"
      },
      "properties": {
        "bangumi_id": 1195,
        "bangumi_title": "棋魂",
        "ep_cut": "",
        "image_url": "",
        "location": "？未发现对应博文",
        "point_id": "72c13e5a",
        "point_name": "?.2スナックみどり",
        "remark": "ダケさんがたいてい居るスナック。（第１８巻P.126）東京都渋谷区道玄坂2丁目16−1"
      },
      "type": "Feature"
    },
    {
      "geometry": {
        "coordinates": [
          139.703102,
          35.689296
        ],
        "type": "Point"
      },
      "properties": {
        "bangumi_id": 1195,
        "bangumi_title": "棋魂",
        "ep_cut": "",
        "image_url": "",
        "location": "？未发现对应博文",
        "point_id": "473fba5c",
        "point_name": "?.3ウインズ新宿",
        "remark": "中学生時代の倉田が通っていたウィンズ。（18巻P.144）東京都新宿区新宿４丁目２−１１詳細 » (http://maps.google.co.jp/maps?f=q&source=s_q&hl=ja&geocode=&q=%E3%82%A6%E3%82%A3%E3%83%B3%E3%82%BA%E3%80%80%E6%96%B0%E5%AE%BF&jsv=145d&sll=35.704117,139.619799&sspn=0.001834,0.003723&ie=UTF8&latlng=35689296,139703102,6498996662124348789&ei=uW6TScWJI4LuogOE0JGfBQ&sig2=Ovdw9fnRLHz9IHfOalGQVQ&cd=1)"
      },
      "type": "Feature"
    },
    {
      "geometry": {
        "coordinates": [
          139.736143,
          35.691041
        ],
        "type": "Point"
      },
      "properties": {
        "bangumi_id": 1195,
        "bangumi_title": "棋魂",
        "ep_cut": "",
        "image_url": "",
        "location": "？未发现对应博文",
        "point_id": "6695abe4",
        "point_name": "?.4走って横断歩道を渡るアキラの背景",
        "remark": "ヒカルが“インターネットとかができるお店”にいたと聞いてすっ飛んで行くアキラ。背景は市ヶ谷駅前ですが、インターネットカフェのモデルは西麻布にあります。作品上は市ヶ谷にある設定、というわけでもない気ががするので、単に風景として使用しただけかも。（５巻P.42）"
      },
      "type": "Feature"
    },
    {
      "geometry": {
        "coordinates": [
          139.697755,
          35.659513
        ],
        "type": "Point"
      },
      "properties": {
        "bangumi_id": 1195,
        "bangumi_title": "棋魂",
        "ep_cut": "",
        "image_url": "",
        "location": "？未发现对应博文",
        "point_id": "7eafc177",
        "point_name": "?.5囲碁教室から帰るヒカルとあかりの背景",
        "remark": "白川先生の囲碁教室で阿古田さんに逆転勝ちした後、並んで歩いているヒカルとあかりの背景（５巻P.103）。当然のことながら、入れ替わりの激しい娯楽・風俗店舗の看板などは見る影もないが、辛うじて質屋の看板横みえる街灯の支柱（！）は健在の模様（2009年11月Googleストリートビュー撮影日現在）。東京都渋谷区道玄坂２丁目２９−１２　吉田ビル質セキネ渋谷店"
      },
      "type": "Feature"
    },
    {
      "geometry": {
        "coordinates": [
          139.710337,
          35.665994
        ],
        "type": "Point"
      },
      "properties": {
        "bangumi_id": 1195,
        "bangumi_title": "棋魂",
        "ep_cut": "",
        "image_url": "",
        "location": "？未发现对应博文",
        "point_id": "3ad4cc01",
        "point_name": "?.6旧シュウ ウエムラ 表参道本店",
        "remark": "緒方さんが塔矢名人の入院している病院から車で自宅に戻る途中の背景。（14巻P.15）　作中設定上は必ずしも表参道を走っているという訳ではなく、実際には隣にボディショップも無い。東京都渋谷区神宮前５丁目１−３シュウ ウエムラ ビューティブティック 表参道本店"
      },
      "type": "Feature"
    },
    {
      "geometry": {
        "coordinates": [
          139.425057,
          35.677732
        ],
        "type": "Point"
      },
      "properties": {
        "bangumi_id": 1195,
        "bangumi_title": "棋魂",
        "ep_cut": "",
        "image_url": "",
        "location": "？未发现对应博文",
        "point_id": "8d611c70",
        "point_name": "?.7ヒカルの家の近所の家並み",
        "remark": "佐為をたずねて因島への旅にヒカルが出かける決意をした翌朝の場面。（15巻P.96）東京都国立市谷保９５４６−２"
      },
      "type": "Feature"
    },
    {
      "geometry": {
        "coordinates": [
          139.709348,
          35.732712
        ],
        "type": "Point"
      },
      "properties": {
        "bangumi_id": 1195,
        "bangumi_title": "棋魂",
        "ep_cut": "",
        "image_url": "",
        "location": "？未发现对应博文",
        "point_id": "fa4aa8d0",
        "point_name": "?.8旧つり舟",
        "remark": "JC第18巻P.181"
      },
      "type": "Feature"
    },
    {
      "geometry": {
        "coordinates": [
          139.594109,
          35.635487
        ],
        "type": "Point"
      },
      "properties": {
        "bangumi_id": 1195,
        "bangumi_title": "棋魂",
        "ep_cut": "",
        "image_url": "",
        "location": "？未发现对应博文",
        "point_id": "cf6b32f1",
        "point_name": "?.9ヒカルの家",
        "remark": "ヒカルの家の外観のモデル。東京都世田谷区成城３丁目２２−９"
      },
      "type": "Feature"
    },
    {
      "geometry": {
        "coordinates": [
          139.600246,
          35.739511
        ],
        "type": "Point"
      },
      "properties": {
        "bangumi_id": 1195,
        "bangumi_title": "棋魂",
        "ep_cut": "",
        "image_url": "",
        "location": "？未发现对应博文",
        "point_id": "6f4e3bcb",
        "point_name": "?.10越智の家",
        "remark": "越智の家の外観のモデル(９巻P.197）東京都練馬区石神井町６丁目２２−１"
      },
      "type": "Feature"
    },
    {
      "geometry": {
        "coordinates": [
          139.506645,
          35.513009
        ],
        "type": "Point"
      },
      "properties": {
        "bangumi_id": 1195,
        "bangumi_title": "棋魂",
        "ep_cut": "",
        "image_url": "",
        "location": "？未发现对应博文",
        "point_id": "3c78e73c",
        "point_name": "?.11和谷の団地",
        "remark": "和谷の住む団地の外観のモデル。（１１巻P.20）神奈川県横浜市緑区霧が丘４丁目２−２霧が丘グリーンタウン第三・２－２号棟"
      },
      "type": "Feature"
    },
    {
      "geometry": {
        "coordinates": [
          139.593484,
          35.633557
        ],
        "type": "Point"
      },
      "properties": {
        "bangumi_id": 1195,
        "bangumi_title": "棋魂",
        "ep_cut": "",
        "image_url": "",
        "location": "？未发现对应博文",
        "point_id": "7d8b1a2d",
        "point_name": "?.12若手棋士の研究会会場のアパート",
        "remark": "佐為vs.塔矢行洋の対局の日に行われた若手棋士の研究会会場のアパート玄関のモデル。アキラも参加していて、皆で観戦することに。（１３巻P.188）東京都世田谷区喜多見７丁目２４−１９ ハイツアルビレオB"
      },
      "type": "Feature"
    },
    {
      "geometry": {
        "coordinates": [
          139.680512,
          35.635996
        ],
        "type": "Point"
      },
      "properties": {
        "bangumi_id": 1195,
        "bangumi_title": "棋魂",
        "ep_cut": "",
        "image_url": "",
        "location": "？未发现对应博文",
        "point_id": "b9fcbed0",
        "point_name": "?.13緒方九段の愛人のマンション（ガレージ）",
        "remark": "緒方九段が“大人の休日”を過ごす愛人？のマンションの地下ガレージのモデル。（１４巻P.9, P.11）マンションの建物外観はこことは別。東京都世田谷区下馬４丁目１５−１５コスモヴェール祐天寺Ⅱ"
      },
      "type": "Feature"
    },
    {
      "geometry": {
        "coordinates": [
          139.604918,
          35.63066
        ],
        "type": "Point"
      },
      "properties": {
        "bangumi_id": 1195,
        "bangumi_title": "棋魂",
        "ep_cut": "",
        "image_url": "",
        "location": "？未发现对应博文",
        "point_id": "fd0ab5ac",
        "point_name": "?.14和谷のアパート",
        "remark": "一人暮らしを始めた和谷のアパートのモデルがあった場所。（１５巻P.207）東京都世田谷区喜多見６丁目１２−３"
      },
      "type": "Feature"
    },
    {
      "geometry": {
        "coordinates": [
          126.849411,
          37.570042
        ],
        "type": "Point"
      },
      "properties": {
        "bangumi_id": 1195,
        "bangumi_title": "棋魂",
        "ep_cut": "",
        "image_url": "",
        "location": "？未发现对应博文",
        "point_id": "be344669",
        "point_name": "?.15高永夏のマンション？",
        "remark": "20巻P.108大韓民国 ソウル特別市 カヤンドン101 중앙하이츠아파트"
      },
      "type": "Feature"
    },
    {
      "geometry": {
        "coordinates": [
          126.976253,
          37.612603
        ],
        "type": "Point"
      },
      "properties": {
        "bangumi_id": 1195,
        "bangumi_title": "棋魂",
        "ep_cut": "",
        "image_url": "",
        "location": "？未发现对应博文",
        "point_id": "31fac472",
        "point_name": "?.16徐彰元の家",
        "remark": "韓国のプロ棋士、徐彰元九段と塔矢行洋の会話中の回想として登場（21巻P.112）大韓民国 Seoul, Jongno-gu, Pyeongchang-dong, 466-17"
      },
      "type": "Feature"
    },
    {
      "geometry": {
        "coordinates": [
          139.723182,
          35.661188
        ],
        "type": "Point"
      },
      "properties": {
        "bangumi_id": 1195,
        "bangumi_title": "棋魂",
        "ep_cut": "",
        "image_url": "",
        "location": "？待整理",
        "point_id": "fcc50979",
        "point_name": "外苑西通り",
        "remark": "〒106-0031"
      },
      "type": "Feature"
    },
    {
      "geometry": {
        "coordinates": [
          4.896791,
          52.376212
        ],
        "type": "Point"
      },
      "properties": {
        "bangumi_id": 1195,
        "bangumi_title": "棋魂",
        "ep_cut": "",
        "image_url": "",
        "location": "？待整理",
        "point_id": "2730f8fa",
        "point_name": "Intertoys Speelgoedwinkel",
        "remark": ""
      },
      "type": "Feature"
    },
    {
      "geometry": {
        "coordinates": [
          4.896466,
          52.375785
        ],
        "type": "Point"
      },
      "properties": {
        "bangumi_id": 1195,
        "bangumi_title": "棋魂",
        "ep_cut": "",
        "image_url": "",
        "location": "？待整理",
        "point_id": "4ae12866",
        "point_name": "ダムラク 28-38",
        "remark": "1012 アムステルダム, オランダ"
      },
      "type": "Feature"
    },
    {
      "geometry": {
        "coordinates": [
          136.898804,
          35.142359
        ],
        "type": "Point"
      },
      "properties": {
        "bangumi_id": 1195,
        "bangumi_title": "棋魂",
        "ep_cut": "",
        "image_url": "",
        "location": "？待整理",
        "point_id": "081e3c07",
        "point_name": "サークルＫ金山南店",
        "remark": ""
      },
      "type": "Feature"
    },
    {
      "geometry": {
        "coordinates": [
          136.937378,
          35.11447
        ],
        "type": "Point"
      },
      "properties": {
        "bangumi_id": 1195,
        "bangumi_title": "棋魂",
        "ep_cut": "",
        "image_url": "",
        "location": "？待整理",
        "point_id": "bbe34fa6",
        "point_name": "愛知県名古屋市南区駈上１丁目１１−３１",
        "remark": ""
      },
      "type": "Feature"
    },
    {
      "geometry": {
        "coordinates": [
          139.700185,
          35.695312
        ],
        "type": "Point"
      },
      "properties": {
        "bangumi_id": 1195,
        "bangumi_title": "棋魂",
        "ep_cut": "",
        "image_url": "",
        "location": "？待整理",
        "point_id": "93ac0a8c",
        "point_name": "35.695312, 139.700185",
        "remark": "+35° 41' 43.12\", +139° 42' 0.67\""
      },
      "type": "Feature"
    }
  ],
  "type": "FeatureCollection"
}