{
  "features": [
    {
      "geometry": {
        "coordinates": [
          -0.124433,
          51.500694
        ],
        "type": "Point"
      },
      "properties": {
        "bangumi_id": 12426,
        "bangumi_title": "轻音少女 剧场版",
        "ep_cut": "",
        "image_url": "https://w.junreimap.com/images/points/12426/cypu9ii_1775230991848.jpg",
        "location": "西敏桥西侧",
        "point_id": "cypu9ii",
        "point_name": "Big Ben",
        "remark": "游客事故高发区，请注意刻意接近的可疑人士及摩托车/自行车。"
      },
      "type": "Feature"
    },
    {
      "geometry": {
        "coordinates": [
          -0.123674,
          51.500973
        ],
        "type": "Point"
      },
      "properties": {
        "bangumi_id": 12426,
        "bangumi_title": "轻音少女 剧场版",
        "ep_cut": "",
        "image_url": "https://w.junreimap.com/images/points/12426/cypud82_1775230996403.jpg",
        "location": "西敏桥西侧",
        "point_id": "cypud82",
        "point_name": "Big Ben",
        "remark": "游客事故高发区，请注意刻意接近的可疑人士及摩托车/自行车。"
      },
      "type": "Feature"
    },
    {
      "geometry": {
        "coordinates": [
          -0.123604,
          51.500976
        ],
        "type": "Point"
      },
      "properties": {
        "bangumi_id": 12426,
        "bangumi_title": "轻音少女 剧场版",
        "ep_cut": "",
        "image_url": "https://w.junreimap.com/images/points/12426/cyvvx5r_1775241150625.jpg",
        "location": "西敏桥西侧",
        "point_id": "cyvvx5r",
        "point_name": "Big Ben",
        "remark": ""
      },
      "type": "Feature"
    },
    {
      "geometry": {
        "coordinates": [
          -0.124508,
          51.5007
        ],
        "type": "Point"
      },
      "properties": {
        "bangumi_id": 12426,
        "bangumi_title": "轻音少女 剧场版",
        "ep_cut": "",
        "image_url": "https://w.junreimap.com/images/points/12426/nna72rnpa_1730170931694_c16v9.jpg",
        "location": "西敏桥西侧",
        "point_id": "nna72rnpa",
        "point_name": "Big Ben",
        "remark": "游客事故高发区，请注意刻意接近的可疑人士及摩托车/自行车。"
      },
      "type": "Feature"
    },
    {
      "geometry": {
        "coordinates": [
          -0.123864,
          51.500776
        ],
        "type": "Point"
      },
      "properties": {
        "bangumi_id": 12426,
        "bangumi_title": "轻音少女 剧场版",
        "ep_cut": "",
        "image_url": "https://w.junreimap.com/images/points/12426/cypuk04_1775231005758.jpg",
        "location": "西敏桥西侧",
        "point_id": "cypuk04",
        "point_name": "Big Ben",
        "remark": "游客事故高发区，请注意刻意接近的可疑人士及摩托车/自行车。"
      },
      "type": "Feature"
    },
    {
      "geometry": {
        "coordinates": [
          -0.122235,
          51.500965
        ],
        "type": "Point"
      },
      "properties": {
        "bangumi_id": 12426,
        "bangumi_title": "轻音少女 剧场版",
        "ep_cut": "",
        "image_url": "https://w.junreimap.com/images/points/12426/cytyvis_1775237929727.jpg",
        "location": "西敏桥西侧",
        "point_id": "cytyvis",
        "point_name": "ウェストミンスター・ブリッジ",
        "remark": ""
      },
      "type": "Feature"
    },
    {
      "geometry": {
        "coordinates": [
          -0.122023,
          51.500956
        ],
        "type": "Point"
      },
      "properties": {
        "bangumi_id": 12426,
        "bangumi_title": "轻音少女 剧场版",
        "ep_cut": "",
        "image_url": "https://w.junreimap.com/images/points/12426/cytz1lf_1775237933326.jpg",
        "location": "西敏桥西侧",
        "point_id": "cytz1lf",
        "point_name": "ウェストミンスター・ブリッジ",
        "remark": ""
      },
      "type": "Feature"
    },
    {
      "geometry": {
        "coordinates": [
          -0.121818,
          51.500951
        ],
        "type": "Point"
      },
      "properties": {
        "bangumi_id": 12426,
        "bangumi_title": "轻音少女 剧场版",
        "ep_cut": "",
        "image_url": "https://w.junreimap.com/images/points/12426/cytz43o_1775237936417.jpg",
        "location": "西敏桥西侧",
        "point_id": "cytz43o",
        "point_name": "ウェストミンスター・ブリッジ",
        "remark": ""
      },
      "type": "Feature"
    },
    {
      "geometry": {
        "coordinates": [
          -0.121525,
          51.500928
        ],
        "type": "Point"
      },
      "properties": {
        "bangumi_id": 12426,
        "bangumi_title": "轻音少女 剧场版",
        "ep_cut": "",
        "image_url": "https://w.junreimap.com/images/points/12426/cyu0ib7_1775238004051.jpg",
        "location": "西敏桥西侧",
        "point_id": "cyu0ib7",
        "point_name": "ウェストミンスター・ブリッジ",
        "remark": ""
      },
      "type": "Feature"
    },
    {
      "geometry": {
        "coordinates": [
          -0.1198,
          51.500927
        ],
        "type": "Point"
      },
      "properties": {
        "bangumi_id": 12426,
        "bangumi_title": "轻音少女 剧场版",
        "ep_cut": "",
        "image_url": "https://w.junreimap.com/images/user/0/bangumi/12426/points/a2yif1-1747620011387.jpg",
        "location": "西敏桥东侧",
        "point_id": "a2yif1",
        "point_name": "South Bank Lion",
        "remark": "西敏桥东侧朝北"
      },
      "type": "Feature"
    },
    {
      "geometry": {
        "coordinates": [
          -0.11993,
          51.500935
        ],
        "type": "Point"
      },
      "properties": {
        "bangumi_id": 12426,
        "bangumi_title": "轻音少女 剧场版",
        "ep_cut": "",
        "image_url": "https://w.junreimap.com/images/user/0/bangumi/12426/points/a1ql73-1747617946855.jpg",
        "location": "西敏桥东侧",
        "point_id": "a1ql73",
        "point_name": "South Bank Lion",
        "remark": "从狮子像旁的台阶向下走（游客事故高发区，请注意刻意接近的可疑人士及摩托车/自行车。）"
      },
      "type": "Feature"
    },
    {
      "geometry": {
        "coordinates": [
          -0.119923,
          51.500965
        ],
        "type": "Point"
      },
      "properties": {
        "bangumi_id": 12426,
        "bangumi_title": "轻音少女 剧场版",
        "ep_cut": "",
        "image_url": "https://w.junreimap.com/images/points/12426/cyv1ksa_1775239731455.jpg",
        "location": "西敏桥东侧",
        "point_id": "cyv1ksa",
        "point_name": "South Bank Lion",
        "remark": ""
      },
      "type": "Feature"
    },
    {
      "geometry": {
        "coordinates": [
          -0.119915,
          51.500994
        ],
        "type": "Point"
      },
      "properties": {
        "bangumi_id": 12426,
        "bangumi_title": "轻音少女 剧场版",
        "ep_cut": "",
        "image_url": "https://w.junreimap.com/images/points/12426/cyv1ps3_1775239737459.jpg",
        "location": "西敏桥东侧",
        "point_id": "cyv1ps3",
        "point_name": "South Bank Lion",
        "remark": ""
      },
      "type": "Feature"
    },
    {
      "geometry": {
        "coordinates": [
          -0.119842,
          51.50108
        ],
        "type": "Point"
      },
      "properties": {
        "bangumi_id": 12426,
        "bangumi_title": "轻音少女 剧场版",
        "ep_cut": "",
        "image_url": "https://w.junreimap.com/images/points/12426/cyv1mx9_1775239733857.jpg",
        "location": "西敏桥东侧",
        "point_id": "cyv1mx9",
        "point_name": "South Bank Lion",
        "remark": ""
      },
      "type": "Feature"
    },
    {
      "geometry": {
        "coordinates": [
          -0.119849,
          51.501355
        ],
        "type": "Point"
      },
      "properties": {
        "bangumi_id": 12426,
        "bangumi_title": "轻音少女 剧场版",
        "ep_cut": "",
        "image_url": "https://w.junreimap.com/images/points/12426/cyuysls_1775239603762.jpg",
        "location": "西敏桥东侧",
        "point_id": "cyuysls",
        "point_name": "South Bank Lion",
        "remark": "此处西望"
      },
      "type": "Feature"
    },
    {
      "geometry": {
        "coordinates": [
          -0.119784,
          51.501543
        ],
        "type": "Point"
      },
      "properties": {
        "bangumi_id": 12426,
        "bangumi_title": "轻音少女 剧场版",
        "ep_cut": "",
        "image_url": "https://w.junreimap.com/images/points/12426/cyuz3xg_1775239616205.jpg",
        "location": "西敏桥东侧",
        "point_id": "cyuz3xg",
        "point_name": "South Bank Lion",
        "remark": "此处西望"
      },
      "type": "Feature"
    },
    {
      "geometry": {
        "coordinates": [
          -0.119471,
          51.502722
        ],
        "type": "Point"
      },
      "properties": {
        "bangumi_id": 12426,
        "bangumi_title": "轻音少女 剧场版",
        "ep_cut": "",
        "image_url": "https://w.junreimap.com/images/points/12426/cyv2210_1775239754661.jpg",
        "location": "伦敦眼",
        "point_id": "cyv2210",
        "point_name": "伦敦眼 南侧",
        "remark": ""
      },
      "type": "Feature"
    },
    {
      "geometry": {
        "coordinates": [
          -0.119472,
          51.502778
        ],
        "type": "Point"
      },
      "properties": {
        "bangumi_id": 12426,
        "bangumi_title": "轻音少女 剧场版",
        "ep_cut": "",
        "image_url": "https://w.junreimap.com/images/points/12426/cyv2gls_1775239772761.jpg",
        "location": "伦敦眼",
        "point_id": "cyv2gls",
        "point_name": "伦敦眼 南侧",
        "remark": ""
      },
      "type": "Feature"
    },
    {
      "geometry": {
        "coordinates": [
          -0.119435,
          51.502884
        ],
        "type": "Point"
      },
      "properties": {
        "bangumi_id": 12426,
        "bangumi_title": "轻音少女 剧场版",
        "ep_cut": "",
        "image_url": "https://w.junreimap.com/images/points/12426/cypm5nr_1775230613612.jpg",
        "location": "伦敦眼",
        "point_id": "cypm5nr",
        "point_name": "伦敦眼 南侧",
        "remark": ""
      },
      "type": "Feature"
    },
    {
      "geometry": {
        "coordinates": [
          -0.11974,
          51.502227
        ],
        "type": "Point"
      },
      "properties": {
        "bangumi_id": 12426,
        "bangumi_title": "轻音少女 剧场版",
        "ep_cut": "",
        "image_url": "https://w.junreimap.com/images/points/12426/cyppf0z_1775230765604.jpg",
        "location": "伦敦眼",
        "point_id": "cyppf0z",
        "point_name": "伦敦眼 南侧",
        "remark": ""
      },
      "type": "Feature"
    },
    {
      "geometry": {
        "coordinates": [
          -0.119454,
          51.502813
        ],
        "type": "Point"
      },
      "properties": {
        "bangumi_id": 12426,
        "bangumi_title": "轻音少女 剧场版",
        "ep_cut": "",
        "image_url": "https://w.junreimap.com/images/points/12426/cypm2bx_1775230609421.jpg",
        "location": "伦敦眼",
        "point_id": "cypm2bx",
        "point_name": "伦敦眼 南侧",
        "remark": ""
      },
      "type": "Feature"
    },
    {
      "geometry": {
        "coordinates": [
          -0.119419,
          51.502988
        ],
        "type": "Point"
      },
      "properties": {
        "bangumi_id": 12426,
        "bangumi_title": "轻音少女 剧场版",
        "ep_cut": "",
        "image_url": "https://w.junreimap.com/images/points/12426/cypqofu_1775230825751.jpg",
        "location": "伦敦眼",
        "point_id": "cypqofu",
        "point_name": "伦敦眼 南侧",
        "remark": ""
      },
      "type": "Feature"
    },
    {
      "geometry": {
        "coordinates": [
          -0.119067,
          51.50399
        ],
        "type": "Point"
      },
      "properties": {
        "bangumi_id": 12426,
        "bangumi_title": "轻音少女 剧场版",
        "ep_cut": "",
        "image_url": "https://w.junreimap.com/images/points/12426/cyu249i_1775238079554.jpg",
        "location": "伦敦眼",
        "point_id": "cyu249i",
        "point_name": "伦敦眼 北侧",
        "remark": ""
      },
      "type": "Feature"
    },
    {
      "geometry": {
        "coordinates": [
          -0.119235,
          51.504015
        ],
        "type": "Point"
      },
      "properties": {
        "bangumi_id": 12426,
        "bangumi_title": "轻音少女 剧场版",
        "ep_cut": "",
        "image_url": "https://w.junreimap.com/images/points/12426/cyv5jon_1775239916473.jpg",
        "location": "伦敦眼",
        "point_id": "cyv5jon",
        "point_name": "伦敦眼 北侧",
        "remark": "此处刚需超长焦"
      },
      "type": "Feature"
    },
    {
      "geometry": {
        "coordinates": [
          -0.118979,
          51.504176
        ],
        "type": "Point"
      },
      "properties": {
        "bangumi_id": 12426,
        "bangumi_title": "轻音少女 剧场版",
        "ep_cut": "",
        "image_url": "https://w.junreimap.com/images/points/12426/cyv7qig_1775240019004.jpg",
        "location": "伦敦眼",
        "point_id": "cyv7qig",
        "point_name": "伦敦眼 北侧",
        "remark": ""
      },
      "type": "Feature"
    },
    {
      "geometry": {
        "coordinates": [
          -0.119728,
          51.502992
        ],
        "type": "Point"
      },
      "properties": {
        "bangumi_id": 12426,
        "bangumi_title": "轻音少女 剧场版",
        "ep_cut": "",
        "image_url": "https://w.junreimap.com/images/points/12426/cypm8l0_1775230617429.jpg",
        "location": "伦敦眼",
        "point_id": "cypm8l0",
        "point_name": "伦敦眼 内",
        "remark": ""
      },
      "type": "Feature"
    },
    {
      "geometry": {
        "coordinates": [
          -0.119707,
          51.503117
        ],
        "type": "Point"
      },
      "properties": {
        "bangumi_id": 12426,
        "bangumi_title": "轻音少女 剧场版",
        "ep_cut": "",
        "image_url": "https://w.junreimap.com/images/points/12426/cyplltm_1775230588379.jpg",
        "location": "伦敦眼",
        "point_id": "cyplltm",
        "point_name": "伦敦眼 内",
        "remark": ""
      },
      "type": "Feature"
    },
    {
      "geometry": {
        "coordinates": [
          -0.119736,
          51.50292
        ],
        "type": "Point"
      },
      "properties": {
        "bangumi_id": 12426,
        "bangumi_title": "轻音少女 剧场版",
        "ep_cut": "",
        "image_url": "https://w.junreimap.com/images/points/12426/cyppk2f_1775230772098.jpg",
        "location": "伦敦眼",
        "point_id": "cyppk2f",
        "point_name": "伦敦眼 内",
        "remark": ""
      },
      "type": "Feature"
    },
    {
      "geometry": {
        "coordinates": [
          -0.119806,
          51.502891
        ],
        "type": "Point"
      },
      "properties": {
        "bangumi_id": 12426,
        "bangumi_title": "轻音少女 剧场版",
        "ep_cut": "",
        "image_url": "https://w.junreimap.com/images/points/12426/cyu2pbe_1775238104111.jpg",
        "location": "伦敦眼",
        "point_id": "cyu2pbe",
        "point_name": "伦敦眼 内",
        "remark": ""
      },
      "type": "Feature"
    },
    {
      "geometry": {
        "coordinates": [
          -0.119755,
          51.502834
        ],
        "type": "Point"
      },
      "properties": {
        "bangumi_id": 12426,
        "bangumi_title": "轻音少女 剧场版",
        "ep_cut": "",
        "image_url": "https://w.junreimap.com/images/points/12426/cyu2c7t_1775238088327.jpg",
        "location": "伦敦眼",
        "point_id": "cyu2c7t",
        "point_name": "伦敦眼 内",
        "remark": ""
      },
      "type": "Feature"
    },
    {
      "geometry": {
        "coordinates": [
          -0.11976,
          51.502772
        ],
        "type": "Point"
      },
      "properties": {
        "bangumi_id": 12426,
        "bangumi_title": "轻音少女 剧场版",
        "ep_cut": "",
        "image_url": "https://w.junreimap.com/images/points/12426/cyu2f0t_1775238090844.jpg",
        "location": "伦敦眼",
        "point_id": "cyu2f0t",
        "point_name": "伦敦眼 内",
        "remark": ""
      },
      "type": "Feature"
    },
    {
      "geometry": {
        "coordinates": [
          -0.119828,
          51.502774
        ],
        "type": "Point"
      },
      "properties": {
        "bangumi_id": 12426,
        "bangumi_title": "轻音少女 剧场版",
        "ep_cut": "",
        "image_url": "https://w.junreimap.com/images/points/12426/cyu2h7s_1775238093341.jpg",
        "location": "伦敦眼",
        "point_id": "cyu2h7s",
        "point_name": "伦敦眼 内",
        "remark": ""
      },
      "type": "Feature"
    },
    {
      "geometry": {
        "coordinates": [
          -0.119776,
          51.502967
        ],
        "type": "Point"
      },
      "properties": {
        "bangumi_id": 12426,
        "bangumi_title": "轻音少女 剧场版",
        "ep_cut": "",
        "image_url": "https://w.junreimap.com/images/points/12426/cyv0uye_1775239698370.jpg",
        "location": "伦敦眼",
        "point_id": "cyv0uye",
        "point_name": "伦敦眼 内",
        "remark": ""
      },
      "type": "Feature"
    },
    {
      "geometry": {
        "coordinates": [
          -0.119714,
          51.503051
        ],
        "type": "Point"
      },
      "properties": {
        "bangumi_id": 12426,
        "bangumi_title": "轻音少女 剧场版",
        "ep_cut": "",
        "image_url": "https://w.junreimap.com/images/points/12426/cyv0yvi_1775239702818.jpg",
        "location": "伦敦眼",
        "point_id": "cyv0yvi",
        "point_name": "伦敦眼 内",
        "remark": ""
      },
      "type": "Feature"
    },
    {
      "geometry": {
        "coordinates": [
          -0.119821,
          51.502836
        ],
        "type": "Point"
      },
      "properties": {
        "bangumi_id": 12426,
        "bangumi_title": "轻音少女 剧场版",
        "ep_cut": "",
        "image_url": "https://w.junreimap.com/images/points/12426/cyu2ir3_1775238095348.jpg",
        "location": "伦敦眼",
        "point_id": "cyu2ir3",
        "point_name": "伦敦眼 内",
        "remark": ""
      },
      "type": "Feature"
    },
    {
      "geometry": {
        "coordinates": [
          -0.119709,
          51.503183
        ],
        "type": "Point"
      },
      "properties": {
        "bangumi_id": 12426,
        "bangumi_title": "轻音少女 剧场版",
        "ep_cut": "",
        "image_url": "https://w.junreimap.com/images/points/12426/cyvtonm_1775241044184.jpg",
        "location": "伦敦眼",
        "point_id": "cyvtonm",
        "point_name": "伦敦眼 内",
        "remark": ""
      },
      "type": "Feature"
    },
    {
      "geometry": {
        "coordinates": [
          -0.119319,
          51.503289
        ],
        "type": "Point"
      },
      "properties": {
        "bangumi_id": 12426,
        "bangumi_title": "轻音少女 剧场版",
        "ep_cut": "",
        "image_url": "https://w.junreimap.com/images/points/12426/cyv322c_1775239807447.jpg",
        "location": "伦敦眼",
        "point_id": "cyv322c",
        "point_name": "Jubilee Gardens 南侧",
        "remark": "虽然没有章鱼烧，但是这里长期有流动摊位"
      },
      "type": "Feature"
    },
    {
      "geometry": {
        "coordinates": [
          -0.118029,
          51.503229
        ],
        "type": "Point"
      },
      "properties": {
        "bangumi_id": 12426,
        "bangumi_title": "轻音少女 剧场版",
        "ep_cut": "",
        "image_url": "https://w.junreimap.com/images/user/0/bangumi/12426/points/fuicexe3l-1702850810623.jpg",
        "location": "伦敦眼",
        "point_id": "fuicexe3l",
        "point_name": "Jubilee Gardens 南侧",
        "remark": ""
      },
      "type": "Feature"
    },
    {
      "geometry": {
        "coordinates": [
          -0.118039,
          51.503191
        ],
        "type": "Point"
      },
      "properties": {
        "bangumi_id": 12426,
        "bangumi_title": "轻音少女 剧场版",
        "ep_cut": "",
        "image_url": "https://w.junreimap.com/images/points/12426/cyu19bx_1775238037337.jpg",
        "location": "伦敦眼",
        "point_id": "cyu19bx",
        "point_name": "Jubilee Gardens 南侧",
        "remark": ""
      },
      "type": "Feature"
    },
    {
      "geometry": {
        "coordinates": [
          -0.118177,
          51.50321
        ],
        "type": "Point"
      },
      "properties": {
        "bangumi_id": 12426,
        "bangumi_title": "轻音少女 剧场版",
        "ep_cut": "",
        "image_url": "https://w.junreimap.com/images/points/12426/cyu1cuv_1775238041288.jpg",
        "location": "伦敦眼",
        "point_id": "cyu1cuv",
        "point_name": "Jubilee Gardens 南侧",
        "remark": ""
      },
      "type": "Feature"
    },
    {
      "geometry": {
        "coordinates": [
          -0.118375,
          51.503234
        ],
        "type": "Point"
      },
      "properties": {
        "bangumi_id": 12426,
        "bangumi_title": "轻音少女 剧场版",
        "ep_cut": "",
        "image_url": "https://w.junreimap.com/images/points/12426/cyu1f7c_1775238044084.jpg",
        "location": "伦敦眼",
        "point_id": "cyu1f7c",
        "point_name": "Jubilee Gardens 南侧",
        "remark": ""
      },
      "type": "Feature"
    },
    {
      "geometry": {
        "coordinates": [
          -0.118196,
          51.503156
        ],
        "type": "Point"
      },
      "properties": {
        "bangumi_id": 12426,
        "bangumi_title": "轻音少女 剧场版",
        "ep_cut": "",
        "image_url": "https://w.junreimap.com/images/points/12426/cyu1i03_1775238047773.jpg",
        "location": "伦敦眼",
        "point_id": "cyu1i03",
        "point_name": "Jubilee Gardens 南侧",
        "remark": ""
      },
      "type": "Feature"
    },
    {
      "geometry": {
        "coordinates": [
          -0.118176,
          51.503254
        ],
        "type": "Point"
      },
      "properties": {
        "bangumi_id": 12426,
        "bangumi_title": "轻音少女 剧场版",
        "ep_cut": "",
        "image_url": "https://w.junreimap.com/images/points/12426/cyu1joo_1775238050018.jpg",
        "location": "伦敦眼",
        "point_id": "cyu1joo",
        "point_name": "Jubilee Gardens 南侧",
        "remark": ""
      },
      "type": "Feature"
    },
    {
      "geometry": {
        "coordinates": [
          -0.118284,
          51.503249
        ],
        "type": "Point"
      },
      "properties": {
        "bangumi_id": 12426,
        "bangumi_title": "轻音少女 剧场版",
        "ep_cut": "",
        "image_url": "https://w.junreimap.com/images/points/12426/cyu1l94_1775238052133.jpg",
        "location": "伦敦眼",
        "point_id": "cyu1l94",
        "point_name": "Jubilee Gardens 南侧",
        "remark": ""
      },
      "type": "Feature"
    },
    {
      "geometry": {
        "coordinates": [
          -0.118601,
          51.503623
        ],
        "type": "Point"
      },
      "properties": {
        "bangumi_id": 12426,
        "bangumi_title": "轻音少女 剧场版",
        "ep_cut": "",
        "image_url": "https://w.junreimap.com/images/points/12426/cypppad_1775230779442.jpg",
        "location": "伦敦眼",
        "point_id": "cypppad",
        "point_name": "Jubilee Gardens 南侧",
        "remark": ""
      },
      "type": "Feature"
    },
    {
      "geometry": {
        "coordinates": [
          -0.119115,
          51.503452
        ],
        "type": "Point"
      },
      "properties": {
        "bangumi_id": 12426,
        "bangumi_title": "轻音少女 剧场版",
        "ep_cut": "",
        "image_url": "https://w.junreimap.com/images/points/12426/cyv2pzq_1775239784729.jpg",
        "location": "伦敦眼",
        "point_id": "cyv2pzq",
        "point_name": "Jubilee Gardens 南侧",
        "remark": ""
      },
      "type": "Feature"
    },
    {
      "geometry": {
        "coordinates": [
          -0.118286,
          51.503728
        ],
        "type": "Point"
      },
      "properties": {
        "bangumi_id": 12426,
        "bangumi_title": "轻音少女 剧场版",
        "ep_cut": "",
        "image_url": "https://w.junreimap.com/images/points/12426/cyuzx69_1775239654323.jpg",
        "location": "伦敦眼",
        "point_id": "cyuzx69",
        "point_name": "Jubilee Gardens 南侧",
        "remark": ""
      },
      "type": "Feature"
    },
    {
      "geometry": {
        "coordinates": [
          -0.117717,
          51.503688
        ],
        "type": "Point"
      },
      "properties": {
        "bangumi_id": 12426,
        "bangumi_title": "轻音少女 剧场版",
        "ep_cut": "",
        "image_url": "https://w.junreimap.com/images/points/12426/cyvrnai_1775240948776.jpg",
        "location": "伦敦眼",
        "point_id": "cyvrnai",
        "point_name": "Jubilee Gardens 南侧",
        "remark": ""
      },
      "type": "Feature"
    },
    {
      "geometry": {
        "coordinates": [
          -0.117805,
          51.503698
        ],
        "type": "Point"
      },
      "properties": {
        "bangumi_id": 12426,
        "bangumi_title": "轻音少女 剧场版",
        "ep_cut": "",
        "image_url": "https://w.junreimap.com/images/points/12426/cyvrskc_1775240955308.jpg",
        "location": "伦敦眼",
        "point_id": "cyvrskc",
        "point_name": "Jubilee Gardens 南侧",
        "remark": ""
      },
      "type": "Feature"
    },
    {
      "geometry": {
        "coordinates": [
          -0.118812,
          51.504027
        ],
        "type": "Point"
      },
      "properties": {
        "bangumi_id": 12426,
        "bangumi_title": "轻音少女 剧场版",
        "ep_cut": "",
        "image_url": "https://w.junreimap.com/images/user/0/bangumi/12426/points/fuidygpwh-1702850846177.jpg",
        "location": "伦敦眼",
        "point_id": "fuidygpwh",
        "point_name": "Jubilee Gardens 北侧",
        "remark": ""
      },
      "type": "Feature"
    },
    {
      "geometry": {
        "coordinates": [
          -0.118876,
          51.504258
        ],
        "type": "Point"
      },
      "properties": {
        "bangumi_id": 12426,
        "bangumi_title": "轻音少女 剧场版",
        "ep_cut": "",
        "image_url": "https://w.junreimap.com/images/points/12426/cyv43yl_1775239853430.jpg",
        "location": "伦敦眼",
        "point_id": "cyv43yl",
        "point_name": "Jubilee Gardens 北侧",
        "remark": ""
      },
      "type": "Feature"
    },
    {
      "geometry": {
        "coordinates": [
          -0.118639,
          51.504372
        ],
        "type": "Point"
      },
      "properties": {
        "bangumi_id": 12426,
        "bangumi_title": "轻音少女 剧场版",
        "ep_cut": "",
        "image_url": "https://w.junreimap.com/images/points/12426/cyv4av7_1775239858879.jpg",
        "location": "伦敦眼",
        "point_id": "cyv4av7",
        "point_name": "Jubilee Gardens 北侧",
        "remark": ""
      },
      "type": "Feature"
    },
    {
      "geometry": {
        "coordinates": [
          -0.118414,
          51.503982
        ],
        "type": "Point"
      },
      "properties": {
        "bangumi_id": 12426,
        "bangumi_title": "轻音少女 剧场版",
        "ep_cut": "",
        "image_url": "https://w.junreimap.com/images/points/12426/cyv3zd2_1775239843647.jpg",
        "location": "伦敦眼",
        "point_id": "cyv3zd2",
        "point_name": "Jubilee Gardens 北侧",
        "remark": ""
      },
      "type": "Feature"
    },
    {
      "geometry": {
        "coordinates": [
          -0.118126,
          51.504031
        ],
        "type": "Point"
      },
      "properties": {
        "bangumi_id": 12426,
        "bangumi_title": "轻音少女 剧场版",
        "ep_cut": "",
        "image_url": "https://w.junreimap.com/images/user/0/bangumi/12426/points/nqot0fgw5-1725120311971.jpg",
        "location": "伦敦眼",
        "point_id": "nqot0fgw5",
        "point_name": "Jubilee Gardens北侧",
        "remark": ""
      },
      "type": "Feature"
    },
    {
      "geometry": {
        "coordinates": [
          -0.118338,
          51.504086
        ],
        "type": "Point"
      },
      "properties": {
        "bangumi_id": 12426,
        "bangumi_title": "轻音少女 剧场版",
        "ep_cut": "",
        "image_url": "https://w.junreimap.com/images/points/12426/cypqwsg_1775230837609.jpg",
        "location": "伦敦眼",
        "point_id": "cypqwsg",
        "point_name": "Jubilee Gardens北侧",
        "remark": ""
      },
      "type": "Feature"
    },
    {
      "geometry": {
        "coordinates": [
          -0.118232,
          51.504054
        ],
        "type": "Point"
      },
      "properties": {
        "bangumi_id": 12426,
        "bangumi_title": "轻音少女 剧场版",
        "ep_cut": "",
        "image_url": "https://w.junreimap.com/images/points/12426/cypqcim_1775230809602.jpg",
        "location": "伦敦眼",
        "point_id": "cypqcim",
        "point_name": "Jubilee Gardens北侧",
        "remark": ""
      },
      "type": "Feature"
    },
    {
      "geometry": {
        "coordinates": [
          -0.117656,
          51.503837
        ],
        "type": "Point"
      },
      "properties": {
        "bangumi_id": 12426,
        "bangumi_title": "轻音少女 剧场版",
        "ep_cut": "",
        "image_url": "https://w.junreimap.com/images/points/12426/cyprgxs_1775230862592.jpg",
        "location": "伦敦眼",
        "point_id": "cyprgxs",
        "point_name": "Jubilee Gardens 东侧",
        "remark": ""
      },
      "type": "Feature"
    },
    {
      "geometry": {
        "coordinates": [
          -0.117612,
          51.503905
        ],
        "type": "Point"
      },
      "properties": {
        "bangumi_id": 12426,
        "bangumi_title": "轻音少女 剧场版",
        "ep_cut": "",
        "image_url": "https://w.junreimap.com/images/points/12426/cyprohw_1775230871123.jpg",
        "location": "伦敦眼",
        "point_id": "cyprohw",
        "point_name": "Jubilee Gardens 东侧",
        "remark": ""
      },
      "type": "Feature"
    },
    {
      "geometry": {
        "coordinates": [
          -0.117692,
          51.503761
        ],
        "type": "Point"
      },
      "properties": {
        "bangumi_id": 12426,
        "bangumi_title": "轻音少女 剧场版",
        "ep_cut": "",
        "image_url": "https://w.junreimap.com/images/points/12426/cyprt27_1775230876917.jpg",
        "location": "伦敦眼",
        "point_id": "cyprt27",
        "point_name": "Jubilee Gardens 东侧",
        "remark": ""
      },
      "type": "Feature"
    },
    {
      "geometry": {
        "coordinates": [
          -0.119004,
          51.504424
        ],
        "type": "Point"
      },
      "properties": {
        "bangumi_id": 12426,
        "bangumi_title": "轻音少女 剧场版",
        "ep_cut": "",
        "image_url": "https://w.junreimap.com/images/points/12426/cypmdq9_1775230626416.jpg",
        "location": "伦敦眼",
        "point_id": "cypmdq9",
        "point_name": "伦敦眼 北侧",
        "remark": ""
      },
      "type": "Feature"
    },
    {
      "geometry": {
        "coordinates": [
          -0.119151,
          51.504118
        ],
        "type": "Point"
      },
      "properties": {
        "bangumi_id": 12426,
        "bangumi_title": "轻音少女 剧场版",
        "ep_cut": "",
        "image_url": "https://w.junreimap.com/images/points/12426/cyvqqfz_1775240905251.jpg",
        "location": "伦敦眼",
        "point_id": "cyvqqfz",
        "point_name": "伦敦眼 北侧",
        "remark": ""
      },
      "type": "Feature"
    },
    {
      "geometry": {
        "coordinates": [
          -0.119018,
          51.504322
        ],
        "type": "Point"
      },
      "properties": {
        "bangumi_id": 12426,
        "bangumi_title": "轻音少女 剧场版",
        "ep_cut": "",
        "image_url": "https://w.junreimap.com/images/points/12426/cyv4jet_1775239870558.jpg",
        "location": "伦敦眼",
        "point_id": "cyv4jet",
        "point_name": "伦敦眼 北侧",
        "remark": ""
      },
      "type": "Feature"
    },
    {
      "geometry": {
        "coordinates": [
          -0.119089,
          51.504276
        ],
        "type": "Point"
      },
      "properties": {
        "bangumi_id": 12426,
        "bangumi_title": "轻音少女 剧场版",
        "ep_cut": "",
        "image_url": "https://w.junreimap.com/images/points/12426/cyvs03w_1775240964459.jpg",
        "location": "伦敦眼",
        "point_id": "cyvs03w",
        "point_name": "伦敦眼 北侧",
        "remark": ""
      },
      "type": "Feature"
    },
    {
      "geometry": {
        "coordinates": [
          -0.11911,
          51.504201
        ],
        "type": "Point"
      },
      "properties": {
        "bangumi_id": 12426,
        "bangumi_title": "轻音少女 剧场版",
        "ep_cut": "",
        "image_url": "https://w.junreimap.com/images/points/12426/cyv4m5q_1775239873428.jpg",
        "location": "伦敦眼",
        "point_id": "cyv4m5q",
        "point_name": "伦敦眼 北侧",
        "remark": ""
      },
      "type": "Feature"
    },
    {
      "geometry": {
        "coordinates": [
          -0.118218,
          51.505857
        ],
        "type": "Point"
      },
      "properties": {
        "bangumi_id": 12426,
        "bangumi_title": "轻音少女 剧场版",
        "ep_cut": "",
        "image_url": "https://w.junreimap.com/images/points/12426/cyv9da8_1775240105383.jpg",
        "location": "Southbank Centre",
        "point_id": "cyv9da8",
        "point_name": "Golden Jubilee Bridge 南望",
        "remark": ""
      },
      "type": "Feature"
    },
    {
      "geometry": {
        "coordinates": [
          -0.116123,
          51.506072
        ],
        "type": "Point"
      },
      "properties": {
        "bangumi_id": 12426,
        "bangumi_title": "轻音少女 剧场版",
        "ep_cut": "",
        "image_url": "https://w.junreimap.com/images/points/12426/cyvcrly_1775240763058.jpg",
        "location": "Southbank Centre",
        "point_id": "cyvcrly",
        "point_name": "Southbank Centre",
        "remark": ""
      },
      "type": "Feature"
    },
    {
      "geometry": {
        "coordinates": [
          -0.116281,
          51.506103
        ],
        "type": "Point"
      },
      "properties": {
        "bangumi_id": 12426,
        "bangumi_title": "轻音少女 剧场版",
        "ep_cut": "",
        "image_url": "https://w.junreimap.com/images/points/12426/cyvonp6_1775240812401.jpg",
        "location": "Southbank Centre",
        "point_id": "cyvonp6",
        "point_name": "Southbank Centre",
        "remark": ""
      },
      "type": "Feature"
    },
    {
      "geometry": {
        "coordinates": [
          -0.116416,
          51.506145
        ],
        "type": "Point"
      },
      "properties": {
        "bangumi_id": 12426,
        "bangumi_title": "轻音少女 剧场版",
        "ep_cut": "",
        "image_url": "https://w.junreimap.com/images/points/12426/cyvotl5_1775240816049.jpg",
        "location": "Southbank Centre",
        "point_id": "cyvotl5",
        "point_name": "Southbank Centre",
        "remark": ""
      },
      "type": "Feature"
    },
    {
      "geometry": {
        "coordinates": [
          -0.116803,
          51.50843
        ],
        "type": "Point"
      },
      "properties": {
        "bangumi_id": 12426,
        "bangumi_title": "轻音少女 剧场版",
        "ep_cut": "",
        "image_url": "https://w.junreimap.com/images/points/12426/cyv8d6m_1775240048535.jpg",
        "location": "Waterloo Bridge",
        "point_id": "cyv8d6m",
        "point_name": "Waterloo Bridge 南望",
        "remark": ""
      },
      "type": "Feature"
    },
    {
      "geometry": {
        "coordinates": [
          -0.072187,
          51.515759
        ],
        "type": "Point"
      },
      "properties": {
        "bangumi_id": 12426,
        "bangumi_title": "轻音少女 剧场版",
        "ep_cut": "",
        "image_url": "https://w.junreimap.com/images/user/0/bangumi/12426/points/a.jpg",
        "location": "Aldgate East（白教堂西）",
        "point_id": "50l2y6jba",
        "point_name": "Ibis London City 前",
        "remark": "此处向西隔马路相望"
      },
      "type": "Feature"
    },
    {
      "geometry": {
        "coordinates": [
          -0.072398,
          51.515714
        ],
        "type": "Point"
      },
      "properties": {
        "bangumi_id": 12426,
        "bangumi_title": "轻音少女 剧场版",
        "ep_cut": "",
        "image_url": "https://w.junreimap.com/images/points/12426/cyr6jcn_1775233244290.jpg",
        "location": "Aldgate East（白教堂西）",
        "point_id": "cyr6jcn",
        "point_name": "Ibis London City 前",
        "remark": ""
      },
      "type": "Feature"
    },
    {
      "geometry": {
        "coordinates": [
          -0.072352,
          51.515759
        ],
        "type": "Point"
      },
      "properties": {
        "bangumi_id": 12426,
        "bangumi_title": "轻音少女 剧场版",
        "ep_cut": "",
        "image_url": "https://w.junreimap.com/images/points/12426/cyre7lg_1775233602129.jpg",
        "location": "Aldgate East（白教堂西）",
        "point_id": "cyre7lg",
        "point_name": "Ibis London City 前",
        "remark": ""
      },
      "type": "Feature"
    },
    {
      "geometry": {
        "coordinates": [
          -0.072334,
          51.515732
        ],
        "type": "Point"
      },
      "properties": {
        "bangumi_id": 12426,
        "bangumi_title": "轻音少女 剧场版",
        "ep_cut": "",
        "image_url": "https://w.junreimap.com/images/points/12426/cyrebf2_1775233606894.jpg",
        "location": "Aldgate East（白教堂西）",
        "point_id": "cyrebf2",
        "point_name": "Ibis London City 前",
        "remark": ""
      },
      "type": "Feature"
    },
    {
      "geometry": {
        "coordinates": [
          -0.07231,
          51.515705
        ],
        "type": "Point"
      },
      "properties": {
        "bangumi_id": 12426,
        "bangumi_title": "轻音少女 剧场版",
        "ep_cut": "",
        "image_url": "https://w.junreimap.com/images/points/12426/cyreeri_1775233611120.jpg",
        "location": "Aldgate East（白教堂西）",
        "point_id": "cyreeri",
        "point_name": "Ibis London City 前",
        "remark": ""
      },
      "type": "Feature"
    },
    {
      "geometry": {
        "coordinates": [
          -0.072446,
          51.515702
        ],
        "type": "Point"
      },
      "properties": {
        "bangumi_id": 12426,
        "bangumi_title": "轻音少女 剧场版",
        "ep_cut": "",
        "image_url": "https://w.junreimap.com/images/points/12426/cyr6msi_1775233248328.jpg",
        "location": "Aldgate East（白教堂西）",
        "point_id": "cyr6msi",
        "point_name": "Ibis London City",
        "remark": "自拍杆视角"
      },
      "type": "Feature"
    },
    {
      "geometry": {
        "coordinates": [
          -0.072496,
          51.515717
        ],
        "type": "Point"
      },
      "properties": {
        "bangumi_id": 12426,
        "bangumi_title": "轻音少女 剧场版",
        "ep_cut": "",
        "image_url": "https://w.junreimap.com/images/points/12426/cyr6pgk_1775233251795.jpg",
        "location": "Aldgate East（白教堂西）",
        "point_id": "cyr6pgk",
        "point_name": "Ibis London City",
        "remark": "室内拍摄请不要打扰到他人，建议事先获得拍摄许可。"
      },
      "type": "Feature"
    },
    {
      "geometry": {
        "coordinates": [
          -0.072486,
          51.515677
        ],
        "type": "Point"
      },
      "properties": {
        "bangumi_id": 12426,
        "bangumi_title": "轻音少女 剧场版",
        "ep_cut": "",
        "image_url": "https://w.junreimap.com/images/points/12426/cyr7eoj_1775233284768.jpg",
        "location": "Aldgate East（白教堂西）",
        "point_id": "cyr7eoj",
        "point_name": "Ibis London City",
        "remark": "室内拍摄请不要打扰到他人，建议事先获得拍摄许可。"
      },
      "type": "Feature"
    },
    {
      "geometry": {
        "coordinates": [
          -0.072519,
          51.515711
        ],
        "type": "Point"
      },
      "properties": {
        "bangumi_id": 12426,
        "bangumi_title": "轻音少女 剧场版",
        "ep_cut": "",
        "image_url": "https://w.junreimap.com/images/points/12426/cyr6uau_1775233258170.jpg",
        "location": "Aldgate East（白教堂西）",
        "point_id": "cyr6uau",
        "point_name": "Ibis London City",
        "remark": "室内拍摄请不要打扰到他人，建议事先获得拍摄许可。"
      },
      "type": "Feature"
    },
    {
      "geometry": {
        "coordinates": [
          -0.072534,
          51.515656
        ],
        "type": "Point"
      },
      "properties": {
        "bangumi_id": 12426,
        "bangumi_title": "轻音少女 剧场版",
        "ep_cut": "",
        "image_url": "https://w.junreimap.com/images/points/12426/cyr6wmh_1775233261071.jpg",
        "location": "Aldgate East（白教堂西）",
        "point_id": "cyr6wmh",
        "point_name": "Ibis London City",
        "remark": "室内拍摄请不要打扰到他人，建议事先获得拍摄许可。"
      },
      "type": "Feature"
    },
    {
      "geometry": {
        "coordinates": [
          -0.072522,
          51.515691
        ],
        "type": "Point"
      },
      "properties": {
        "bangumi_id": 12426,
        "bangumi_title": "轻音少女 剧场版",
        "ep_cut": "",
        "image_url": "https://w.junreimap.com/images/points/12426/cyr6zn9_1775233265277.jpg",
        "location": "Aldgate East（白教堂西）",
        "point_id": "cyr6zn9",
        "point_name": "Ibis London City",
        "remark": "室内拍摄请不要打扰到他人，建议事先获得拍摄许可。"
      },
      "type": "Feature"
    },
    {
      "geometry": {
        "coordinates": [
          -0.072508,
          51.515662
        ],
        "type": "Point"
      },
      "properties": {
        "bangumi_id": 12426,
        "bangumi_title": "轻音少女 剧场版",
        "ep_cut": "",
        "image_url": "https://w.junreimap.com/images/points/12426/cyr75az_1775233272449.jpg",
        "location": "Aldgate East（白教堂西）",
        "point_id": "cyr75az",
        "point_name": "Ibis London City",
        "remark": "室内拍摄请不要打扰到他人，建议事先获得拍摄许可。"
      },
      "type": "Feature"
    },
    {
      "geometry": {
        "coordinates": [
          -0.072521,
          51.515674
        ],
        "type": "Point"
      },
      "properties": {
        "bangumi_id": 12426,
        "bangumi_title": "轻音少女 剧场版",
        "ep_cut": "",
        "image_url": "https://w.junreimap.com/images/points/12426/cyr77qr_1775233275517.jpg",
        "location": "Aldgate East（白教堂西）",
        "point_id": "cyr77qr",
        "point_name": "Ibis London City",
        "remark": "室内拍摄请不要打扰到他人，建议事先获得拍摄许可。"
      },
      "type": "Feature"
    },
    {
      "geometry": {
        "coordinates": [
          -0.071821,
          51.515102
        ],
        "type": "Point"
      },
      "properties": {
        "bangumi_id": 12426,
        "bangumi_title": "轻音少女 剧场版",
        "ep_cut": "",
        "image_url": "https://w.junreimap.com/images/user/0/bangumi/12426/points/p.jpg",
        "location": "Aldgate East（白教堂西）",
        "point_id": "50kz8n0ep",
        "point_name": "Aldgate East地铁站",
        "remark": "过闸机后有左右两条站台，虽然五人所处的站台在左侧，但建议前往右侧从站台对面拍摄。建议挑选非上班高峰期。"
      },
      "type": "Feature"
    },
    {
      "geometry": {
        "coordinates": [
          -0.071837,
          51.51512
        ],
        "type": "Point"
      },
      "properties": {
        "bangumi_id": 12426,
        "bangumi_title": "轻音少女 剧场版",
        "ep_cut": "",
        "image_url": "https://w.junreimap.com/images/user/0/bangumi/12426/points/idv6b6ddv-1710010052944.jpg",
        "location": "Aldgate East（白教堂西）",
        "point_id": "idv6b6ddv",
        "point_name": "Aldgate East underground station",
        "remark": "过闸机后有左右两条站台，虽然五人所处的站台在左侧，但建议前往右侧从站台对面拍摄。建议挑选非上班高峰期。"
      },
      "type": "Feature"
    },
    {
      "geometry": {
        "coordinates": [
          -0.071815,
          51.515125
        ],
        "type": "Point"
      },
      "properties": {
        "bangumi_id": 12426,
        "bangumi_title": "轻音少女 剧场版",
        "ep_cut": "",
        "image_url": "https://w.junreimap.com/images/points/12426/cyqzoz4_1775232925589.jpg",
        "location": "Aldgate East（白教堂西）",
        "point_id": "cyqzoz4",
        "point_name": "Aldgate East underground station",
        "remark": "过闸机后有左右两条站台，这个需要去左侧拍。"
      },
      "type": "Feature"
    },
    {
      "geometry": {
        "coordinates": [
          -0.071777,
          51.515138
        ],
        "type": "Point"
      },
      "properties": {
        "bangumi_id": 12426,
        "bangumi_title": "轻音少女 剧场版",
        "ep_cut": "",
        "image_url": "https://w.junreimap.com/images/points/12426/cysdu1x_1775235264997.jpg",
        "location": "Aldgate East（白教堂西）",
        "point_id": "cysdu1x",
        "point_name": "Aldgate East underground station",
        "remark": ""
      },
      "type": "Feature"
    },
    {
      "geometry": {
        "coordinates": [
          -0.071801,
          51.515109
        ],
        "type": "Point"
      },
      "properties": {
        "bangumi_id": 12426,
        "bangumi_title": "轻音少女 剧场版",
        "ep_cut": "",
        "image_url": "https://w.junreimap.com/images/points/12426/cyqzrux_1775232933291.jpg",
        "location": "Aldgate East（白教堂西）",
        "point_id": "cyqzrux",
        "point_name": "Aldgate East underground station",
        "remark": "过闸机后有左右两条站台，虽然五人所处的站台在左侧，但建议前往右侧从站台对面拍摄。建议挑选非上班高峰期。"
      },
      "type": "Feature"
    },
    {
      "geometry": {
        "coordinates": [
          -0.071793,
          51.515132
        ],
        "type": "Point"
      },
      "properties": {
        "bangumi_id": 12426,
        "bangumi_title": "轻音少女 剧场版",
        "ep_cut": "",
        "image_url": "https://w.junreimap.com/images/points/12426/cyqzxo9_1775232936399.jpg",
        "location": "Aldgate East（白教堂西）",
        "point_id": "cyqzxo9",
        "point_name": "Aldgate East underground station",
        "remark": "过闸机后有左右两条站台，这个需要去左侧拍。"
      },
      "type": "Feature"
    },
    {
      "geometry": {
        "coordinates": [
          -0.142726,
          51.539425
        ],
        "type": "Point"
      },
      "properties": {
        "bangumi_id": 12426,
        "bangumi_title": "轻音少女 剧场版",
        "ep_cut": "",
        "image_url": "https://w.junreimap.com/images/points/12426/cyqzzmk_1775232944214.jpg",
        "location": "Aldgate East（白教堂西）",
        "point_id": "cyqzzmk",
        "point_name": "Aldgate East underground station",
        "remark": "过闸机后有左右两条站台，虽然五人所处的站台在左侧，但建议前往右侧从站台对面拍摄。建议挑选非上班高峰期。\n这是另一个地铁站，看后面写了camden town 现实中也是一个潮流小镇子"
      },
      "type": "Feature"
    },
    {
      "geometry": {
        "coordinates": [
          -0.078181,
          51.508982
        ],
        "type": "Point"
      },
      "properties": {
        "bangumi_id": 12426,
        "bangumi_title": "轻音少女 剧场版",
        "ep_cut": "",
        "image_url": "https://w.junreimap.com/images/user/0/bangumi/12426/points/j6pqexmtt-1712270601943.jpg",
        "location": "伦敦塔",
        "point_id": "j6pqexmtt",
        "point_name": "Tower of London ticket office",
        "remark": ""
      },
      "type": "Feature"
    },
    {
      "geometry": {
        "coordinates": [
          -0.078239,
          51.508894
        ],
        "type": "Point"
      },
      "properties": {
        "bangumi_id": 12426,
        "bangumi_title": "轻音少女 剧场版",
        "ep_cut": "",
        "image_url": "https://w.junreimap.com/images/points/12426/cyuqey9_1775239210959.jpg",
        "location": "伦敦塔",
        "point_id": "cyuqey9",
        "point_name": "Tower of London ticket office",
        "remark": ""
      },
      "type": "Feature"
    },
    {
      "geometry": {
        "coordinates": [
          -0.07809,
          51.508853
        ],
        "type": "Point"
      },
      "properties": {
        "bangumi_id": 12426,
        "bangumi_title": "轻音少女 剧场版",
        "ep_cut": "",
        "image_url": "https://w.junreimap.com/images/points/12426/cyuqhgl_1775239213375.jpg",
        "location": "伦敦塔",
        "point_id": "cyuqhgl",
        "point_name": "Tower of London ticket office",
        "remark": ""
      },
      "type": "Feature"
    },
    {
      "geometry": {
        "coordinates": [
          -0.078265,
          51.508811
        ],
        "type": "Point"
      },
      "properties": {
        "bangumi_id": 12426,
        "bangumi_title": "轻音少女 剧场版",
        "ep_cut": "",
        "image_url": "https://w.junreimap.com/images/points/12426/cyuqj1u_1775239215671.jpg",
        "location": "伦敦塔",
        "point_id": "cyuqj1u",
        "point_name": "Tower of London ticket office",
        "remark": ""
      },
      "type": "Feature"
    },
    {
      "geometry": {
        "coordinates": [
          -0.078135,
          51.508774
        ],
        "type": "Point"
      },
      "properties": {
        "bangumi_id": 12426,
        "bangumi_title": "轻音少女 剧场版",
        "ep_cut": "",
        "image_url": "https://w.junreimap.com/images/points/12426/cyuqmj1_1775239219784.jpg",
        "location": "伦敦塔",
        "point_id": "cyuqmj1",
        "point_name": "Tower of London ticket office",
        "remark": ""
      },
      "type": "Feature"
    },
    {
      "geometry": {
        "coordinates": [
          -0.078329,
          51.50873
        ],
        "type": "Point"
      },
      "properties": {
        "bangumi_id": 12426,
        "bangumi_title": "轻音少女 剧场版",
        "ep_cut": "",
        "image_url": "https://w.junreimap.com/images/points/12426/cyuqodc_1775239222263.jpg",
        "location": "伦敦塔",
        "point_id": "cyuqodc",
        "point_name": "Tower of London ticket office",
        "remark": ""
      },
      "type": "Feature"
    },
    {
      "geometry": {
        "coordinates": [
          -0.078172,
          51.508704
        ],
        "type": "Point"
      },
      "properties": {
        "bangumi_id": 12426,
        "bangumi_title": "轻音少女 剧场版",
        "ep_cut": "",
        "image_url": "https://w.junreimap.com/images/points/12426/cyuqr29_1775239226892.jpg",
        "location": "伦敦塔",
        "point_id": "cyuqr29",
        "point_name": "Tower of London ticket office",
        "remark": ""
      },
      "type": "Feature"
    },
    {
      "geometry": {
        "coordinates": [
          -0.078088,
          51.507536
        ],
        "type": "Point"
      },
      "properties": {
        "bangumi_id": 12426,
        "bangumi_title": "轻音少女 剧场版",
        "ep_cut": "",
        "image_url": "https://w.junreimap.com/images/points/12426/cyuqtmi_1775239242956.jpg",
        "location": "伦敦塔",
        "point_id": "cyuqtmi",
        "point_name": "Tower of London ticket office",
        "remark": ""
      },
      "type": "Feature"
    },
    {
      "geometry": {
        "coordinates": [
          -0.078378,
          51.50759
        ],
        "type": "Point"
      },
      "properties": {
        "bangumi_id": 12426,
        "bangumi_title": "轻音少女 剧场版",
        "ep_cut": "",
        "image_url": "https://w.junreimap.com/images/points/12426/cyurgxy_1775239259755.jpg",
        "location": "伦敦塔",
        "point_id": "cyurgxy",
        "point_name": "Tower of London ticket office",
        "remark": ""
      },
      "type": "Feature"
    },
    {
      "geometry": {
        "coordinates": [
          -0.078371,
          51.508627
        ],
        "type": "Point"
      },
      "properties": {
        "bangumi_id": 12426,
        "bangumi_title": "轻音少女 剧场版",
        "ep_cut": "",
        "image_url": "https://w.junreimap.com/images/points/12426/cyurjvx_1775239263839.jpg",
        "location": "伦敦塔",
        "point_id": "cyurjvx",
        "point_name": "Tower of London ticket office",
        "remark": ""
      },
      "type": "Feature"
    },
    {
      "geometry": {
        "coordinates": [
          -0.078217,
          51.507559
        ],
        "type": "Point"
      },
      "properties": {
        "bangumi_id": 12426,
        "bangumi_title": "轻音少女 剧场版",
        "ep_cut": "",
        "image_url": "https://w.junreimap.com/images/points/12426/cyur67g_1775239245845.jpg",
        "location": "伦敦塔",
        "point_id": "cyur67g",
        "point_name": "Tower of London ticket office",
        "remark": ""
      },
      "type": "Feature"
    },
    {
      "geometry": {
        "coordinates": [
          -0.113684,
          51.511244
        ],
        "type": "Point"
      },
      "properties": {
        "bangumi_id": 12426,
        "bangumi_title": "轻音少女 剧场版",
        "ep_cut": "",
        "image_url": "https://w.junreimap.com/images/points/12426/cytuqhc_1775237732208.jpg",
        "location": "Temple Station(KCL东南侧)",
        "point_id": "cytuqhc",
        "point_name": "Temple Station",
        "remark": ""
      },
      "type": "Feature"
    },
    {
      "geometry": {
        "coordinates": [
          -0.113715,
          51.511277
        ],
        "type": "Point"
      },
      "properties": {
        "bangumi_id": 12426,
        "bangumi_title": "轻音少女 剧场版",
        "ep_cut": "",
        "image_url": "https://w.junreimap.com/images/user/0/bangumi/12426/points/ruelwozdw-1736695939649.jpg",
        "location": "Temple Station(KCL东南侧)",
        "point_id": "ruelwozdw",
        "point_name": "Temple Station",
        "remark": ""
      },
      "type": "Feature"
    },
    {
      "geometry": {
        "coordinates": [
          -0.113634,
          51.51121
        ],
        "type": "Point"
      },
      "properties": {
        "bangumi_id": 12426,
        "bangumi_title": "轻音少女 剧场版",
        "ep_cut": "",
        "image_url": "https://w.junreimap.com/images/points/12426/cytusgv_1775237734857.jpg",
        "location": "Temple Station(KCL东南侧)",
        "point_id": "cytusgv",
        "point_name": "Temple Station",
        "remark": ""
      },
      "type": "Feature"
    },
    {
      "geometry": {
        "coordinates": [
          -0.113624,
          51.511273
        ],
        "type": "Point"
      },
      "properties": {
        "bangumi_id": 12426,
        "bangumi_title": "轻音少女 剧场版",
        "ep_cut": "",
        "image_url": "https://w.junreimap.com/images/points/12426/cytuukh_1775237737386.jpg",
        "location": "Temple Station(KCL东南侧)",
        "point_id": "cytuukh",
        "point_name": "Temple Station",
        "remark": ""
      },
      "type": "Feature"
    },
    {
      "geometry": {
        "coordinates": [
          -0.114374,
          51.512481
        ],
        "type": "Point"
      },
      "properties": {
        "bangumi_id": 12426,
        "bangumi_title": "轻音少女 剧场版",
        "ep_cut": "",
        "image_url": "https://w.junreimap.com/images/points/12426/cyvyvqq_1775241295753.jpg",
        "location": "Temple Station(KCL东南侧)",
        "point_id": "cyvyvqq",
        "point_name": "William Gladstone 南侧",
        "remark": ""
      },
      "type": "Feature"
    },
    {
      "geometry": {
        "coordinates": [
          -0.086889,
          51.506001
        ],
        "type": "Point"
      },
      "properties": {
        "bangumi_id": 12426,
        "bangumi_title": "轻音少女 剧场版",
        "ep_cut": "",
        "image_url": "https://w.junreimap.com/images/points/12426/cyupigk_1775239168519.jpg",
        "location": "伦敦桥南侧",
        "point_id": "cyupigk",
        "point_name": "London Bridge station",
        "remark": ""
      },
      "type": "Feature"
    },
    {
      "geometry": {
        "coordinates": [
          -0.08684,
          51.505994
        ],
        "type": "Point"
      },
      "properties": {
        "bangumi_id": 12426,
        "bangumi_title": "轻音少女 剧场版",
        "ep_cut": "",
        "image_url": "https://w.junreimap.com/images/user/0/bangumi/12426/points/j6pu4z8eu-1712270791916.jpg",
        "location": "伦敦桥南侧",
        "point_id": "j6pu4z8eu",
        "point_name": "London Bridge station",
        "remark": ""
      },
      "type": "Feature"
    },
    {
      "geometry": {
        "coordinates": [
          -0.086894,
          51.505975
        ],
        "type": "Point"
      },
      "properties": {
        "bangumi_id": 12426,
        "bangumi_title": "轻音少女 剧场版",
        "ep_cut": "",
        "image_url": "https://w.junreimap.com/images/points/12426/cyuplvw_1775239173285.jpg",
        "location": "伦敦桥南侧",
        "point_id": "cyuplvw",
        "point_name": "London Bridge station",
        "remark": ""
      },
      "type": "Feature"
    },
    {
      "geometry": {
        "coordinates": [
          -0.09035,
          51.505588
        ],
        "type": "Point"
      },
      "properties": {
        "bangumi_id": 12426,
        "bangumi_title": "轻音少女 剧场版",
        "ep_cut": "",
        "image_url": "https://w.junreimap.com/images/user/0/bangumi/12426/points/rtmg29cyu-1736634628093.jpg",
        "location": "伦敦桥南侧",
        "point_id": "rtmg29cyu",
        "point_name": "Borough Market",
        "remark": ""
      },
      "type": "Feature"
    },
    {
      "geometry": {
        "coordinates": [
          -0.090354,
          51.505432
        ],
        "type": "Point"
      },
      "properties": {
        "bangumi_id": 12426,
        "bangumi_title": "轻音少女 剧场版",
        "ep_cut": "",
        "image_url": "https://w.junreimap.com/images/user/0/bangumi/12426/points/ruby5wcsh-1736690163014.jpg",
        "location": "伦敦桥南侧",
        "point_id": "ruby5wcsh",
        "point_name": "Borough Market",
        "remark": ""
      },
      "type": "Feature"
    },
    {
      "geometry": {
        "coordinates": [
          -0.090706,
          51.504673
        ],
        "type": "Point"
      },
      "properties": {
        "bangumi_id": 12426,
        "bangumi_title": "轻音少女 剧场版",
        "ep_cut": "",
        "image_url": "https://w.junreimap.com/images/user/0/bangumi/12426/points/9g1r0j-1747581534897.jpg",
        "location": "伦敦桥南侧",
        "point_id": "9g1r0j",
        "point_name": "Costa Coffee",
        "remark": ""
      },
      "type": "Feature"
    },
    {
      "geometry": {
        "coordinates": [
          -0.126888,
          51.519705
        ],
        "type": "Point"
      },
      "properties": {
        "bangumi_id": 12426,
        "bangumi_title": "轻音少女 剧场版",
        "ep_cut": "",
        "image_url": "https://w.junreimap.com/images/user/0/bangumi/12426/points/gvsuxy2ie-1705773191107.jpg",
        "location": "大英博物馆",
        "point_id": "gvsuxy2ie",
        "point_name": "British Museum",
        "remark": "中庭上楼向下看"
      },
      "type": "Feature"
    },
    {
      "geometry": {
        "coordinates": [
          -0.12651,
          51.519615
        ],
        "type": "Point"
      },
      "properties": {
        "bangumi_id": 12426,
        "bangumi_title": "轻音少女 剧场版",
        "ep_cut": "",
        "image_url": "https://w.junreimap.com/images/user/0/bangumi/12426/points/lrn3uj2v4-1719552786093.jpg",
        "location": "大英博物馆",
        "point_id": "lrn3uj2v4",
        "point_name": "British Museum The Rosetta Stone",
        "remark": "罗塞塔石碑的复制品，可以触摸。展馆内还有真品，放在展示柜内，不能触摸"
      },
      "type": "Feature"
    },
    {
      "geometry": {
        "coordinates": [
          -0.126509,
          51.519643
        ],
        "type": "Point"
      },
      "properties": {
        "bangumi_id": 12426,
        "bangumi_title": "轻音少女 剧场版",
        "ep_cut": "",
        "image_url": "https://w.junreimap.com/images/user/0/bangumi/12426/points/gmpatl9-1783211693746.webp",
        "location": "大英博物馆",
        "point_id": "gmpatl9",
        "point_name": "The British Museum The Rosetta Stone",
        "remark": "大英博物馆1号展馆中部入口的门口"
      },
      "type": "Feature"
    },
    {
      "geometry": {
        "coordinates": [
          -0.126509,
          51.519629
        ],
        "type": "Point"
      },
      "properties": {
        "bangumi_id": 12426,
        "bangumi_title": "轻音少女 剧场版",
        "ep_cut": "",
        "image_url": "https://w.junreimap.com/images/points/12426/cyqu4a8_1775232664855.jpg",
        "location": "大英博物馆",
        "point_id": "cyqu4a8",
        "point_name": "British Museum The Rosetta Stone",
        "remark": ""
      },
      "type": "Feature"
    },
    {
      "geometry": {
        "coordinates": [
          -0.1269,
          51.519433
        ],
        "type": "Point"
      },
      "properties": {
        "bangumi_id": 12426,
        "bangumi_title": "轻音少女 剧场版",
        "ep_cut": "",
        "image_url": "https://w.junreimap.com/images/points/12426/cyqtoy2_1775232648810.jpg",
        "location": "大英博物馆",
        "point_id": "cyqtoy2",
        "point_name": "British Museum",
        "remark": "大概是楼下那个？"
      },
      "type": "Feature"
    },
    {
      "geometry": {
        "coordinates": [
          -0.12715,
          51.518648
        ],
        "type": "Point"
      },
      "properties": {
        "bangumi_id": 12426,
        "bangumi_title": "轻音少女 剧场版",
        "ep_cut": "",
        "image_url": "https://w.junreimap.com/images/user/0/bangumi/12426/points/gmpey0n-1783211841760.webp",
        "location": "大英博物馆",
        "point_id": "gmpey0n",
        "point_name": "The British Museum",
        "remark": "大英博物馆主入口进入后左转The Pizzeria门口的厕所"
      },
      "type": "Feature"
    },
    {
      "geometry": {
        "coordinates": [
          -0.129279,
          51.515305
        ],
        "type": "Point"
      },
      "properties": {
        "bangumi_id": 12426,
        "bangumi_title": "轻音少女 剧场版",
        "ep_cut": "",
        "image_url": "https://w.junreimap.com/images/user/0/bangumi/12426/points/rueklxrus-1736695874357.jpg",
        "location": "SOHO",
        "point_id": "rueklxrus",
        "point_name": "Wunjo Guitars",
        "remark": ""
      },
      "type": "Feature"
    },
    {
      "geometry": {
        "coordinates": [
          -0.129292,
          51.515298
        ],
        "type": "Point"
      },
      "properties": {
        "bangumi_id": 12426,
        "bangumi_title": "轻音少女 剧场版",
        "ep_cut": "",
        "image_url": "https://w.junreimap.com/images/points/12426/cyumtle_1775239043712.jpg",
        "location": "SOHO",
        "point_id": "cyumtle",
        "point_name": "Wunjo Guitars",
        "remark": ""
      },
      "type": "Feature"
    },
    {
      "geometry": {
        "coordinates": [
          -0.129256,
          51.515266
        ],
        "type": "Point"
      },
      "properties": {
        "bangumi_id": 12426,
        "bangumi_title": "轻音少女 剧场版",
        "ep_cut": "",
        "image_url": "https://w.junreimap.com/images/points/12426/cyumw3h_1775239046349.jpg",
        "location": "SOHO",
        "point_id": "cyumw3h",
        "point_name": "Wunjo Guitars",
        "remark": ""
      },
      "type": "Feature"
    },
    {
      "geometry": {
        "coordinates": [
          -0.129242,
          51.515271
        ],
        "type": "Point"
      },
      "properties": {
        "bangumi_id": 12426,
        "bangumi_title": "轻音少女 剧场版",
        "ep_cut": "",
        "image_url": "https://w.junreimap.com/images/points/12426/cyumzqn_1775239051220.jpg",
        "location": "SOHO",
        "point_id": "cyumzqn",
        "point_name": "Wunjo Guitars",
        "remark": ""
      },
      "type": "Feature"
    },
    {
      "geometry": {
        "coordinates": [
          -0.129244,
          51.515256
        ],
        "type": "Point"
      },
      "properties": {
        "bangumi_id": 12426,
        "bangumi_title": "轻音少女 剧场版",
        "ep_cut": "",
        "image_url": "https://w.junreimap.com/images/points/12426/cyun3jp_1775239055507.jpg",
        "location": "SOHO",
        "point_id": "cyun3jp",
        "point_name": "Wunjo Guitars",
        "remark": ""
      },
      "type": "Feature"
    },
    {
      "geometry": {
        "coordinates": [
          -0.129232,
          51.515261
        ],
        "type": "Point"
      },
      "properties": {
        "bangumi_id": 12426,
        "bangumi_title": "轻音少女 剧场版",
        "ep_cut": "",
        "image_url": "https://w.junreimap.com/images/points/12426/cyun57l_1775239060379.jpg",
        "location": "SOHO",
        "point_id": "cyun57l",
        "point_name": "Wunjo Guitars",
        "remark": ""
      },
      "type": "Feature"
    },
    {
      "geometry": {
        "coordinates": [
          -0.179373,
          51.518
        ],
        "type": "Point"
      },
      "properties": {
        "bangumi_id": 12426,
        "bangumi_title": "轻音少女 剧场版",
        "ep_cut": "",
        "image_url": "https://w.junreimap.com/images/points/12426/cytwfs5_1775237820421.jpg",
        "location": "Circle Line",
        "point_id": "cytwfs5",
        "point_name": "Circle Line",
        "remark": "不一定得在帕丁顿坐，标帕丁顿单纯是因为这里线路多"
      },
      "type": "Feature"
    },
    {
      "geometry": {
        "coordinates": [
          -0.170607,
          51.507353
        ],
        "type": "Point"
      },
      "properties": {
        "bangumi_id": 12426,
        "bangumi_title": "轻音少女 剧场版",
        "ep_cut": "",
        "image_url": "https://w.junreimap.com/images/points/12426/cyt4b8w_1775236510130.jpg",
        "location": "海德公园",
        "point_id": "cyt4b8w",
        "point_name": "Hyde Park",
        "remark": "非准确位置，在海德公园的某处，但这个宠物粪便箱已经移除。"
      },
      "type": "Feature"
    },
    {
      "geometry": {
        "coordinates": [
          -0.17041,
          51.507317
        ],
        "type": "Point"
      },
      "properties": {
        "bangumi_id": 12426,
        "bangumi_title": "轻音少女 剧场版",
        "ep_cut": "",
        "image_url": "https://w.junreimap.com/images/points/12426/cyt4m29_1775236513378.jpg",
        "location": "海德公园",
        "point_id": "cyt4m29",
        "point_name": "Hyde Park",
        "remark": "非准确位置，在海德公园的某处，但这个宠物粪便箱已经移除。"
      },
      "type": "Feature"
    },
    {
      "geometry": {
        "coordinates": [
          -0.170179,
          51.507236
        ],
        "type": "Point"
      },
      "properties": {
        "bangumi_id": 12426,
        "bangumi_title": "轻音少女 剧场版",
        "ep_cut": "",
        "image_url": "https://w.junreimap.com/images/points/12426/cyt4oo0_1775236518461.jpg",
        "location": "海德公园",
        "point_id": "cyt4oo0",
        "point_name": "Hyde Park",
        "remark": "非准确位置，在海德公园的某处，但这个宠物粪便箱已经移除。"
      },
      "type": "Feature"
    },
    {
      "geometry": {
        "coordinates": [
          -0.170673,
          51.507231
        ],
        "type": "Point"
      },
      "properties": {
        "bangumi_id": 12426,
        "bangumi_title": "轻音少女 剧场版",
        "ep_cut": "",
        "image_url": "https://w.junreimap.com/images/points/12426/cyt0qoq_1775236355384.jpg",
        "location": "海德公园",
        "point_id": "cyt0qoq",
        "point_name": "Hyde Park",
        "remark": "非准确位置，在海德公园的某处，但这个宠物粪便箱已经移除。"
      },
      "type": "Feature"
    },
    {
      "geometry": {
        "coordinates": [
          -0.170479,
          51.507172
        ],
        "type": "Point"
      },
      "properties": {
        "bangumi_id": 12426,
        "bangumi_title": "轻音少女 剧场版",
        "ep_cut": "",
        "image_url": "https://w.junreimap.com/images/points/12426/cyt1l9o_1775236372710.jpg",
        "location": "海德公园",
        "point_id": "cyt1l9o",
        "point_name": "Hyde Park",
        "remark": "非准确位置，在海德公园的某处，但这个宠物粪便箱已经移除。"
      },
      "type": "Feature"
    },
    {
      "geometry": {
        "coordinates": [
          -0.170218,
          51.507097
        ],
        "type": "Point"
      },
      "properties": {
        "bangumi_id": 12426,
        "bangumi_title": "轻音少女 剧场版",
        "ep_cut": "",
        "image_url": "https://w.junreimap.com/images/points/12426/cyt1okv_1775236376931.jpg",
        "location": "海德公园",
        "point_id": "cyt1okv",
        "point_name": "Hyde Park",
        "remark": "非准确位置，在海德公园的某处，但这个宠物粪便箱已经移除。"
      },
      "type": "Feature"
    },
    {
      "geometry": {
        "coordinates": [
          -0.170765,
          51.507081
        ],
        "type": "Point"
      },
      "properties": {
        "bangumi_id": 12426,
        "bangumi_title": "轻音少女 剧场版",
        "ep_cut": "",
        "image_url": "https://w.junreimap.com/images/points/12426/cyt1r9f_1775236379989.jpg",
        "location": "海德公园",
        "point_id": "cyt1r9f",
        "point_name": "Hyde Park",
        "remark": "非准确位置，在海德公园的某处，但这个宠物粪便箱已经移除。"
      },
      "type": "Feature"
    },
    {
      "geometry": {
        "coordinates": [
          -0.1708,
          51.506992
        ],
        "type": "Point"
      },
      "properties": {
        "bangumi_id": 12426,
        "bangumi_title": "轻音少女 剧场版",
        "ep_cut": "",
        "image_url": "https://w.junreimap.com/images/points/12426/cyu7tr3_1775238343598.jpg",
        "location": "海德公园",
        "point_id": "cyu7tr3",
        "point_name": "Hyde Park",
        "remark": ""
      },
      "type": "Feature"
    },
    {
      "geometry": {
        "coordinates": [
          -0.170345,
          51.506991
        ],
        "type": "Point"
      },
      "properties": {
        "bangumi_id": 12426,
        "bangumi_title": "轻音少女 剧场版",
        "ep_cut": "",
        "image_url": "https://w.junreimap.com/images/points/12426/cyt1z0y_1775236390113.jpg",
        "location": "海德公园",
        "point_id": "cyt1z0y",
        "point_name": "Hyde Park",
        "remark": "非准确位置，在海德公园的某处，但这个宠物粪便箱已经移除。"
      },
      "type": "Feature"
    },
    {
      "geometry": {
        "coordinates": [
          -0.160775,
          51.503326
        ],
        "type": "Point"
      },
      "properties": {
        "bangumi_id": 12426,
        "bangumi_title": "轻音少女 剧场版",
        "ep_cut": "",
        "image_url": "https://w.junreimap.com/images/user/0/bangumi/12426/points/gmp3oqr-1783211345756.webp",
        "location": "海德公园",
        "point_id": "gmp3oqr",
        "point_name": "Hyde Park",
        "remark": "站在标点位置向东拍摄，就是这颗在路中间的树"
      },
      "type": "Feature"
    },
    {
      "geometry": {
        "coordinates": [
          -0.177447,
          51.483199
        ],
        "type": "Point"
      },
      "properties": {
        "bangumi_id": 12426,
        "bangumi_title": "轻音少女 剧场版",
        "ep_cut": "",
        "image_url": "https://w.junreimap.com/images/points/12426/cysxlqu_1775236187678.jpg",
        "location": "Worlds End",
        "point_id": "cysxlqu",
        "point_name": " Vivienne Westwood Worlds End",
        "remark": ""
      },
      "type": "Feature"
    },
    {
      "geometry": {
        "coordinates": [
          -0.177463,
          51.483192
        ],
        "type": "Point"
      },
      "properties": {
        "bangumi_id": 12426,
        "bangumi_title": "轻音少女 剧场版",
        "ep_cut": "",
        "image_url": "https://w.junreimap.com/images/user/0/bangumi/12426/points/fui97a3ex-1702850565504.jpg",
        "location": "Worlds End",
        "point_id": "fui97a3ex",
        "point_name": " Vivienne Westwood Worlds End",
        "remark": ""
      },
      "type": "Feature"
    },
    {
      "geometry": {
        "coordinates": [
          -0.177069,
          51.48353
        ],
        "type": "Point"
      },
      "properties": {
        "bangumi_id": 12426,
        "bangumi_title": "轻音少女 剧场版",
        "ep_cut": "",
        "image_url": "https://w.junreimap.com/images/points/12426/cysx2ew_1775236167365.jpg",
        "location": "Worlds End",
        "point_id": "cysx2ew",
        "point_name": " Box Galleries",
        "remark": "向南拍摄"
      },
      "type": "Feature"
    },
    {
      "geometry": {
        "coordinates": [
          -0.177197,
          51.483646
        ],
        "type": "Point"
      },
      "properties": {
        "bangumi_id": 12426,
        "bangumi_title": "轻音少女 剧场版",
        "ep_cut": "",
        "image_url": "https://w.junreimap.com/images/user/0/bangumi/12426/points/fui9qcss0-1702850601491.jpg",
        "location": "Worlds End",
        "point_id": "fui9qcss0",
        "point_name": " Box Galleries",
        "remark": ""
      },
      "type": "Feature"
    },
    {
      "geometry": {
        "coordinates": [
          -0.177263,
          51.483855
        ],
        "type": "Point"
      },
      "properties": {
        "bangumi_id": 12426,
        "bangumi_title": "轻音少女 剧场版",
        "ep_cut": 1,
        "image_url": "https://w.junreimap.com/images/user/1115/bangumi/12426/points/25idmhh-1741439903823.jpg",
        "location": "Worlds End",
        "point_id": "25idmhh",
        "point_name": "劇場版けいおん！キービジュアル",
        "remark": "剧场版 K-ON！电影中主视觉图中出现的部分。位于伦敦国王路的 Eight Over Eight 门前。\n\n劇場版けいおん！のキービジュアルに映っている箇所。ロンドン、キングスロードのEight Over Eightの前。"
      },
      "type": "Feature"
    },
    {
      "geometry": {
        "coordinates": [
          -0.177055,
          51.483711
        ],
        "type": "Point"
      },
      "properties": {
        "bangumi_id": 12426,
        "bangumi_title": "轻音少女 剧场版",
        "ep_cut": "",
        "image_url": "https://w.junreimap.com/images/user/0/bangumi/12426/points/fuiae4k7l-1702850691750.jpg",
        "location": "Worlds End",
        "point_id": "fuiae4k7l",
        "point_name": "Chelsea Health Food Store",
        "remark": ""
      },
      "type": "Feature"
    },
    {
      "geometry": {
        "coordinates": [
          -0.168856,
          51.485879
        ],
        "type": "Point"
      },
      "properties": {
        "bangumi_id": 12426,
        "bangumi_title": "轻音少女 剧场版",
        "ep_cut": "",
        "image_url": "https://w.junreimap.com/images/user/0/bangumi/12426/points/rueqznjul-1736696295021.jpg",
        "location": "切尔西",
        "point_id": "rueqznjul",
        "point_name": "32 Oakley St",
        "remark": ""
      },
      "type": "Feature"
    },
    {
      "geometry": {
        "coordinates": [
          -0.169154,
          51.484955
        ],
        "type": "Point"
      },
      "properties": {
        "bangumi_id": 12426,
        "bangumi_title": "轻音少女 剧场版",
        "ep_cut": "",
        "image_url": "https://w.junreimap.com/images/user/0/bangumi/12426/points/ruetj5p3k-1736696394678.jpg",
        "location": "切尔西",
        "point_id": "ruetj5p3k",
        "point_name": "Chelsea Ballet School",
        "remark": ""
      },
      "type": "Feature"
    },
    {
      "geometry": {
        "coordinates": [
          -0.191966,
          51.481678
        ],
        "type": "Point"
      },
      "properties": {
        "bangumi_id": 12426,
        "bangumi_title": "轻音少女 剧场版",
        "ep_cut": "",
        "image_url": "https://w.junreimap.com/images/user/1073/bangumi/12426/points/pir0pzrad-1730140381582.jpg",
        "location": "切尔西",
        "point_id": "pir0pzrad",
        "point_name": "Stamford Bridge Stadium",
        "remark": "远景"
      },
      "type": "Feature"
    },
    {
      "geometry": {
        "coordinates": [
          -0.193657,
          51.492014
        ],
        "type": "Point"
      },
      "properties": {
        "bangumi_id": 12426,
        "bangumi_title": "轻音少女 剧场版",
        "ep_cut": "",
        "image_url": "https://w.junreimap.com/images/points/12426/cyrvyv3_1775234435552.jpg",
        "location": "伯爵宫",
        "point_id": "cyrvyv3",
        "point_name": "Earls Court Station",
        "remark": ""
      },
      "type": "Feature"
    },
    {
      "geometry": {
        "coordinates": [
          -0.190371,
          51.489487
        ],
        "type": "Point"
      },
      "properties": {
        "bangumi_id": 12426,
        "bangumi_title": "轻音少女 剧场版",
        "ep_cut": "",
        "image_url": "https://w.junreimap.com/images/points/12426/cysk48u_1775235559584.jpg",
        "location": "伯爵宫",
        "point_id": "cysk48u",
        "point_name": "Brompton Medical Centre 西北侧",
        "remark": ""
      },
      "type": "Feature"
    },
    {
      "geometry": {
        "coordinates": [
          -0.190342,
          51.489496
        ],
        "type": "Point"
      },
      "properties": {
        "bangumi_id": 12426,
        "bangumi_title": "轻音少女 剧场版",
        "ep_cut": "",
        "image_url": "https://w.junreimap.com/images/user/0/bangumi/12426/points/fui5n6qwy-1702850394265.jpg",
        "location": "伯爵宫",
        "point_id": "fui5n6qwy",
        "point_name": "Brompton Medical Centre 西北侧",
        "remark": ""
      },
      "type": "Feature"
    },
    {
      "geometry": {
        "coordinates": [
          -0.190255,
          51.489464
        ],
        "type": "Point"
      },
      "properties": {
        "bangumi_id": 12426,
        "bangumi_title": "轻音少女 剧场版",
        "ep_cut": "",
        "image_url": "https://w.junreimap.com/images/user/0/bangumi/12426/points/fui704pyx-1702850492854.jpg",
        "location": "伯爵宫",
        "point_id": "fui704pyx",
        "point_name": "Brompton Medical Centre 西北侧",
        "remark": ""
      },
      "type": "Feature"
    },
    {
      "geometry": {
        "coordinates": [
          -0.191655,
          51.488855
        ],
        "type": "Point"
      },
      "properties": {
        "bangumi_id": 12426,
        "bangumi_title": "轻音少女 剧场版",
        "ep_cut": "",
        "image_url": "https://w.junreimap.com/images/points/12426/cysoo13_1775235770440.jpg",
        "location": "伯爵宫",
        "point_id": "cysoo13",
        "point_name": " Troubadour",
        "remark": ""
      },
      "type": "Feature"
    },
    {
      "geometry": {
        "coordinates": [
          -0.191748,
          51.488876
        ],
        "type": "Point"
      },
      "properties": {
        "bangumi_id": 12426,
        "bangumi_title": "轻音少女 剧场版",
        "ep_cut": "",
        "image_url": "https://w.junreimap.com/images/points/12426/cysozxp_1775235785703.jpg",
        "location": "伯爵宫",
        "point_id": "cysozxp",
        "point_name": " Troubadour",
        "remark": ""
      },
      "type": "Feature"
    },
    {
      "geometry": {
        "coordinates": [
          -0.191688,
          51.488897
        ],
        "type": "Point"
      },
      "properties": {
        "bangumi_id": 12426,
        "bangumi_title": "轻音少女 剧场版",
        "ep_cut": "",
        "image_url": "https://w.junreimap.com/images/user/0/bangumi/12426/points/fui46bn6i-1702850266958.jpg",
        "location": "伯爵宫",
        "point_id": "fui46bn6i",
        "point_name": " Troubadour",
        "remark": ""
      },
      "type": "Feature"
    },
    {
      "geometry": {
        "coordinates": [
          -0.191686,
          51.488841
        ],
        "type": "Point"
      },
      "properties": {
        "bangumi_id": 12426,
        "bangumi_title": "轻音少女 剧场版",
        "ep_cut": "",
        "image_url": "https://w.junreimap.com/images/points/12426/cysr7gw_1775235891094.jpg",
        "location": "伯爵宫",
        "point_id": "cysr7gw",
        "point_name": " Troubadour",
        "remark": "Eggs Royale 14.75镑一份"
      },
      "type": "Feature"
    },
    {
      "geometry": {
        "coordinates": [
          -0.19173,
          51.488827
        ],
        "type": "Point"
      },
      "properties": {
        "bangumi_id": 12426,
        "bangumi_title": "轻音少女 剧场版",
        "ep_cut": "",
        "image_url": "https://w.junreimap.com/images/points/12426/cysuxvo_1775236063252.jpg",
        "location": "伯爵宫",
        "point_id": "cysuxvo",
        "point_name": " Troubadour",
        "remark": ""
      },
      "type": "Feature"
    },
    {
      "geometry": {
        "coordinates": [
          -0.194294,
          51.487909
        ],
        "type": "Point"
      },
      "properties": {
        "bangumi_id": 12426,
        "bangumi_title": "轻音少女 剧场版",
        "ep_cut": "",
        "image_url": "https://w.junreimap.com/images/user/0/bangumi/12426/points/fui2hnsp3-1702850212285.jpg",
        "location": "伯爵宫",
        "point_id": "fui2hnsp3",
        "point_name": "Brompton Cemetery",
        "remark": ""
      },
      "type": "Feature"
    },
    {
      "geometry": {
        "coordinates": [
          -0.194501,
          51.487866
        ],
        "type": "Point"
      },
      "properties": {
        "bangumi_id": 12426,
        "bangumi_title": "轻音少女 剧场版",
        "ep_cut": "",
        "image_url": "https://w.junreimap.com/images/points/12426/cyujv1y_1775238904357.jpg",
        "location": "伯爵宫",
        "point_id": "cyujv1y",
        "point_name": "Brompton Cemetery",
        "remark": ""
      },
      "type": "Feature"
    },
    {
      "geometry": {
        "coordinates": [
          -0.194424,
          51.487906
        ],
        "type": "Point"
      },
      "properties": {
        "bangumi_id": 12426,
        "bangumi_title": "轻音少女 剧场版",
        "ep_cut": "",
        "image_url": "https://w.junreimap.com/images/points/12426/cyujxq4_1775238907840.jpg",
        "location": "伯爵宫",
        "point_id": "cyujxq4",
        "point_name": "Brompton Cemetery",
        "remark": ""
      },
      "type": "Feature"
    },
    {
      "geometry": {
        "coordinates": [
          -0.194317,
          51.487925
        ],
        "type": "Point"
      },
      "properties": {
        "bangumi_id": 12426,
        "bangumi_title": "轻音少女 剧场版",
        "ep_cut": "",
        "image_url": "https://w.junreimap.com/images/points/12426/cyuk16u_1775238912303.jpg",
        "location": "伯爵宫",
        "point_id": "cyuk16u",
        "point_name": "Brompton Cemetery",
        "remark": ""
      },
      "type": "Feature"
    },
    {
      "geometry": {
        "coordinates": [
          -0.194248,
          51.487933
        ],
        "type": "Point"
      },
      "properties": {
        "bangumi_id": 12426,
        "bangumi_title": "轻音少女 剧场版",
        "ep_cut": "",
        "image_url": "https://w.junreimap.com/images/points/12426/cyuk304_1775238916006.jpg",
        "location": "伯爵宫",
        "point_id": "cyuk304",
        "point_name": "Brompton Cemetery",
        "remark": ""
      },
      "type": "Feature"
    },
    {
      "geometry": {
        "coordinates": [
          -0.194186,
          51.487886
        ],
        "type": "Point"
      },
      "properties": {
        "bangumi_id": 12426,
        "bangumi_title": "轻音少女 剧场版",
        "ep_cut": "",
        "image_url": "https://w.junreimap.com/images/points/12426/cyuk5m4_1775238918737.jpg",
        "location": "伯爵宫",
        "point_id": "cyuk5m4",
        "point_name": "Brompton Cemetery",
        "remark": ""
      },
      "type": "Feature"
    },
    {
      "geometry": {
        "coordinates": [
          -0.194222,
          51.487873
        ],
        "type": "Point"
      },
      "properties": {
        "bangumi_id": 12426,
        "bangumi_title": "轻音少女 剧场版",
        "ep_cut": "",
        "image_url": "https://w.junreimap.com/images/points/12426/cyuk7pt_1775238921092.jpg",
        "location": "伯爵宫",
        "point_id": "cyuk7pt",
        "point_name": "Brompton Cemetery",
        "remark": ""
      },
      "type": "Feature"
    },
    {
      "geometry": {
        "coordinates": [
          -0.194246,
          51.488
        ],
        "type": "Point"
      },
      "properties": {
        "bangumi_id": 12426,
        "bangumi_title": "轻音少女 剧场版",
        "ep_cut": "",
        "image_url": "https://w.junreimap.com/images/points/12426/cyukr4e_1775238946484.jpg",
        "location": "伯爵宫",
        "point_id": "cyukr4e",
        "point_name": "Brompton Cemetery",
        "remark": ""
      },
      "type": "Feature"
    },
    {
      "geometry": {
        "coordinates": [
          -0.194214,
          51.487941
        ],
        "type": "Point"
      },
      "properties": {
        "bangumi_id": 12426,
        "bangumi_title": "轻音少女 剧场版",
        "ep_cut": "",
        "image_url": "https://w.junreimap.com/images/points/12426/cyukw4g_1775238953164.jpg",
        "location": "伯爵宫",
        "point_id": "cyukw4g",
        "point_name": "Brompton Cemetery",
        "remark": ""
      },
      "type": "Feature"
    },
    {
      "geometry": {
        "coordinates": [
          -0.194259,
          51.487952
        ],
        "type": "Point"
      },
      "properties": {
        "bangumi_id": 12426,
        "bangumi_title": "轻音少女 剧场版",
        "ep_cut": "",
        "image_url": "https://w.junreimap.com/images/points/12426/cyukybz_1775238955515.jpg",
        "location": "伯爵宫",
        "point_id": "cyukybz",
        "point_name": "Brompton Cemetery",
        "remark": ""
      },
      "type": "Feature"
    },
    {
      "geometry": {
        "coordinates": [
          -0.194218,
          51.487958
        ],
        "type": "Point"
      },
      "properties": {
        "bangumi_id": 12426,
        "bangumi_title": "轻音少女 剧场版",
        "ep_cut": "",
        "image_url": "https://w.junreimap.com/images/points/12426/cyukzz4_1775238957362.jpg",
        "location": "伯爵宫",
        "point_id": "cyukzz4",
        "point_name": "Brompton Cemetery",
        "remark": ""
      },
      "type": "Feature"
    },
    {
      "geometry": {
        "coordinates": [
          -0.194188,
          51.487969
        ],
        "type": "Point"
      },
      "properties": {
        "bangumi_id": 12426,
        "bangumi_title": "轻音少女 剧场版",
        "ep_cut": "",
        "image_url": "https://w.junreimap.com/images/points/12426/cyul2mh_1775238961196.jpg",
        "location": "伯爵宫",
        "point_id": "cyul2mh",
        "point_name": "Brompton Cemetery",
        "remark": ""
      },
      "type": "Feature"
    },
    {
      "geometry": {
        "coordinates": [
          -0.19566,
          51.487424
        ],
        "type": "Point"
      },
      "properties": {
        "bangumi_id": 12426,
        "bangumi_title": "轻音少女 剧场版",
        "ep_cut": "",
        "image_url": "https://w.junreimap.com/images/user/0/bangumi/12426/points/fuhzcpkjg-1702850066758.jpg",
        "location": "伯爵宫",
        "point_id": "fuhzcpkjg",
        "point_name": "West Brompton",
        "remark": ""
      },
      "type": "Feature"
    },
    {
      "geometry": {
        "coordinates": [
          -0.20215,
          51.485608
        ],
        "type": "Point"
      },
      "properties": {
        "bangumi_id": 12426,
        "bangumi_title": "轻音少女 剧场版",
        "ep_cut": "",
        "image_url": "https://w.junreimap.com/images/user/0/bangumi/12426/points/ruev1ju4r-1736696507561.jpg",
        "location": "伯爵宫",
        "point_id": "ruev1ju4r",
        "point_name": "Lillie Rd",
        "remark": ""
      },
      "type": "Feature"
    },
    {
      "geometry": {
        "coordinates": [
          -0.202498,
          51.485808
        ],
        "type": "Point"
      },
      "properties": {
        "bangumi_id": 12426,
        "bangumi_title": "轻音少女 剧场版",
        "ep_cut": "",
        "image_url": "https://w.junreimap.com/images/user/0/bangumi/12426/points/rueo37w4d-1736696072535.jpg",
        "location": "伯爵宫",
        "point_id": "rueo37w4d",
        "point_name": "Ayubi Carpets Ltd",
        "remark": ""
      },
      "type": "Feature"
    },
    {
      "geometry": {
        "coordinates": [
          -0.206456,
          51.490729
        ],
        "type": "Point"
      },
      "properties": {
        "bangumi_id": 12426,
        "bangumi_title": "轻音少女 剧场版",
        "ep_cut": "",
        "image_url": "https://w.junreimap.com/images/user/0/bangumi/12426/points/ruf07m5ev-1736696928810.jpg",
        "location": "伯爵宫",
        "point_id": "ruf07m5ev",
        "point_name": "Famous 3 Kings",
        "remark": ""
      },
      "type": "Feature"
    },
    {
      "geometry": {
        "coordinates": [
          -0.201669,
          51.484335
        ],
        "type": "Point"
      },
      "properties": {
        "bangumi_id": 12426,
        "bangumi_title": "轻音少女 剧场版",
        "ep_cut": "",
        "image_url": "https://w.junreimap.com/images/user/0/bangumi/12426/points/gmomrr3-1783210507346.webp",
        "location": "伯爵宫",
        "point_id": "gmomrr3",
        "point_name": "North End Rd",
        "remark": "水果摊"
      },
      "type": "Feature"
    },
    {
      "geometry": {
        "coordinates": [
          -0.199712,
          51.485949
        ],
        "type": "Point"
      },
      "properties": {
        "bangumi_id": 12426,
        "bangumi_title": "轻音少女 剧场版",
        "ep_cut": "",
        "image_url": "https://w.junreimap.com/images/user/0/bangumi/12426/points/mkfyk4l27-1721809795490.jpg",
        "location": "伦敦EARLS COURT宜必思酒店",
        "point_id": "mkfyk4l27",
        "point_name": "Hotel Ibis London Earls Court  外",
        "remark": ""
      },
      "type": "Feature"
    },
    {
      "geometry": {
        "coordinates": [
          -0.199277,
          51.486076
        ],
        "type": "Point"
      },
      "properties": {
        "bangumi_id": 12426,
        "bangumi_title": "轻音少女 剧场版",
        "ep_cut": "",
        "image_url": "https://w.junreimap.com/images/points/12426/cyuv72h_1775239433391.jpg",
        "location": "伦敦EARLS COURT宜必思酒店",
        "point_id": "cyuv72h",
        "point_name": "Hotel Ibis London Earls Court  外",
        "remark": ""
      },
      "type": "Feature"
    },
    {
      "geometry": {
        "coordinates": [
          -0.199342,
          51.485989
        ],
        "type": "Point"
      },
      "properties": {
        "bangumi_id": 12426,
        "bangumi_title": "轻音少女 剧场版",
        "ep_cut": "",
        "image_url": "https://w.junreimap.com/images/points/12426/cyuwxaa_1775239517485.jpg",
        "location": "伦敦EARLS COURT宜必思酒店",
        "point_id": "cyuwxaa",
        "point_name": "Hotel Ibis London Earls Court",
        "remark": ""
      },
      "type": "Feature"
    },
    {
      "geometry": {
        "coordinates": [
          -0.199344,
          51.485996
        ],
        "type": "Point"
      },
      "properties": {
        "bangumi_id": 12426,
        "bangumi_title": "轻音少女 剧场版",
        "ep_cut": "",
        "image_url": "https://w.junreimap.com/images/points/12426/cyux2rs_1775239521195.jpg",
        "location": "伦敦EARLS COURT宜必思酒店",
        "point_id": "cyux2rs",
        "point_name": "Hotel Ibis London Earls Court",
        "remark": ""
      },
      "type": "Feature"
    },
    {
      "geometry": {
        "coordinates": [
          -0.199331,
          51.485991
        ],
        "type": "Point"
      },
      "properties": {
        "bangumi_id": 12426,
        "bangumi_title": "轻音少女 剧场版",
        "ep_cut": "",
        "image_url": "https://w.junreimap.com/images/points/12426/cyux4rl_1775239523637.jpg",
        "location": "伦敦EARLS COURT宜必思酒店",
        "point_id": "cyux4rl",
        "point_name": "Hotel Ibis London Earls Court",
        "remark": ""
      },
      "type": "Feature"
    },
    {
      "geometry": {
        "coordinates": [
          -0.199385,
          51.485939
        ],
        "type": "Point"
      },
      "properties": {
        "bangumi_id": 12426,
        "bangumi_title": "轻音少女 剧场版",
        "ep_cut": "",
        "image_url": "https://w.junreimap.com/images/points/12426/cyux7ni_1775239527238.jpg",
        "location": "伦敦EARLS COURT宜必思酒店",
        "point_id": "cyux7ni",
        "point_name": "Hotel Ibis London Earls Court",
        "remark": ""
      },
      "type": "Feature"
    },
    {
      "geometry": {
        "coordinates": [
          -0.199378,
          51.485932
        ],
        "type": "Point"
      },
      "properties": {
        "bangumi_id": 12426,
        "bangumi_title": "轻音少女 剧场版",
        "ep_cut": "",
        "image_url": "https://w.junreimap.com/images/points/12426/cyuxb25_1775239531849.jpg",
        "location": "伦敦EARLS COURT宜必思酒店",
        "point_id": "cyuxb25",
        "point_name": "Hotel Ibis London Earls Court",
        "remark": ""
      },
      "type": "Feature"
    },
    {
      "geometry": {
        "coordinates": [
          -0.199369,
          51.485922
        ],
        "type": "Point"
      },
      "properties": {
        "bangumi_id": 12426,
        "bangumi_title": "轻音少女 剧场版",
        "ep_cut": "",
        "image_url": "https://w.junreimap.com/images/points/12426/cyuxcps_1775239536363.jpg",
        "location": "伦敦EARLS COURT宜必思酒店",
        "point_id": "cyuxcps",
        "point_name": "Hotel Ibis London Earls Court",
        "remark": ""
      },
      "type": "Feature"
    },
    {
      "geometry": {
        "coordinates": [
          -0.199254,
          51.485943
        ],
        "type": "Point"
      },
      "properties": {
        "bangumi_id": 12426,
        "bangumi_title": "轻音少女 剧场版",
        "ep_cut": "",
        "image_url": "https://w.junreimap.com/images/points/12426/cys2739_1775234721065.jpg",
        "location": "伦敦EARLS COURT宜必思酒店",
        "point_id": "cys2739",
        "point_name": "Hotel Ibis London Earls Court",
        "remark": "房间已翻修，装修与剧场版不一致。"
      },
      "type": "Feature"
    },
    {
      "geometry": {
        "coordinates": [
          -0.199212,
          51.48595
        ],
        "type": "Point"
      },
      "properties": {
        "bangumi_id": 12426,
        "bangumi_title": "轻音少女 剧场版",
        "ep_cut": "",
        "image_url": "https://w.junreimap.com/images/points/12426/cys5asq_1775234868188.jpg",
        "location": "伦敦EARLS COURT宜必思酒店",
        "point_id": "cys5asq",
        "point_name": "Hotel Ibis London Earls Court",
        "remark": "房间已翻修，装修与剧场版不一致。"
      },
      "type": "Feature"
    },
    {
      "geometry": {
        "coordinates": [
          -0.19923,
          51.485903
        ],
        "type": "Point"
      },
      "properties": {
        "bangumi_id": 12426,
        "bangumi_title": "轻音少女 剧场版",
        "ep_cut": "",
        "image_url": "https://w.junreimap.com/images/points/12426/cyu5oo0_1775238257980.jpg",
        "location": "伦敦EARLS COURT宜必思酒店",
        "point_id": "cyu5oo0",
        "point_name": "Hotel Ibis London Earls Court",
        "remark": ""
      },
      "type": "Feature"
    },
    {
      "geometry": {
        "coordinates": [
          -0.199192,
          51.485908
        ],
        "type": "Point"
      },
      "properties": {
        "bangumi_id": 12426,
        "bangumi_title": "轻音少女 剧场版",
        "ep_cut": "",
        "image_url": "https://w.junreimap.com/images/points/12426/cyu63q8_1775238262712.jpg",
        "location": "伦敦EARLS COURT宜必思酒店",
        "point_id": "cyu63q8",
        "point_name": "Hotel Ibis London Earls Court",
        "remark": ""
      },
      "type": "Feature"
    },
    {
      "geometry": {
        "coordinates": [
          -0.199154,
          51.485916
        ],
        "type": "Point"
      },
      "properties": {
        "bangumi_id": 12426,
        "bangumi_title": "轻音少女 剧场版",
        "ep_cut": "",
        "image_url": "https://w.junreimap.com/images/points/12426/cyu665g_1775238265461.jpg",
        "location": "伦敦EARLS COURT宜必思酒店",
        "point_id": "cyu665g",
        "point_name": "Hotel Ibis London Earls Court",
        "remark": ""
      },
      "type": "Feature"
    },
    {
      "geometry": {
        "coordinates": [
          -0.199118,
          51.485922
        ],
        "type": "Point"
      },
      "properties": {
        "bangumi_id": 12426,
        "bangumi_title": "轻音少女 剧场版",
        "ep_cut": "",
        "image_url": "https://w.junreimap.com/images/points/12426/cyu67lt_1775238267410.jpg",
        "location": "伦敦EARLS COURT宜必思酒店",
        "point_id": "cyu67lt",
        "point_name": "Hotel Ibis London Earls Court",
        "remark": ""
      },
      "type": "Feature"
    },
    {
      "geometry": {
        "coordinates": [
          -0.199066,
          51.48593
        ],
        "type": "Point"
      },
      "properties": {
        "bangumi_id": 12426,
        "bangumi_title": "轻音少女 剧场版",
        "ep_cut": "",
        "image_url": "https://w.junreimap.com/images/points/12426/cyu6953_1775238269563.jpg",
        "location": "伦敦EARLS COURT宜必思酒店",
        "point_id": "cyu6953",
        "point_name": "Hotel Ibis London Earls Court",
        "remark": ""
      },
      "type": "Feature"
    },
    {
      "geometry": {
        "coordinates": [
          -0.199216,
          51.485885
        ],
        "type": "Point"
      },
      "properties": {
        "bangumi_id": 12426,
        "bangumi_title": "轻音少女 剧场版",
        "ep_cut": "",
        "image_url": "https://w.junreimap.com/images/points/12426/cyu6cua_1775238274165.jpg",
        "location": "伦敦EARLS COURT宜必思酒店",
        "point_id": "cyu6cua",
        "point_name": "Hotel Ibis London Earls Court",
        "remark": ""
      },
      "type": "Feature"
    },
    {
      "geometry": {
        "coordinates": [
          -0.199179,
          51.485892
        ],
        "type": "Point"
      },
      "properties": {
        "bangumi_id": 12426,
        "bangumi_title": "轻音少女 剧场版",
        "ep_cut": "",
        "image_url": "https://w.junreimap.com/images/points/12426/cyu6foq_1775238278010.jpg",
        "location": "伦敦EARLS COURT宜必思酒店",
        "point_id": "cyu6foq",
        "point_name": "Hotel Ibis London Earls Court",
        "remark": ""
      },
      "type": "Feature"
    },
    {
      "geometry": {
        "coordinates": [
          -0.199141,
          51.4859
        ],
        "type": "Point"
      },
      "properties": {
        "bangumi_id": 12426,
        "bangumi_title": "轻音少女 剧场版",
        "ep_cut": "",
        "image_url": "https://w.junreimap.com/images/points/12426/cyu6hb6_1775238280696.jpg",
        "location": "伦敦EARLS COURT宜必思酒店",
        "point_id": "cyu6hb6",
        "point_name": "Hotel Ibis London Earls Court",
        "remark": ""
      },
      "type": "Feature"
    },
    {
      "geometry": {
        "coordinates": [
          -0.199102,
          51.485905
        ],
        "type": "Point"
      },
      "properties": {
        "bangumi_id": 12426,
        "bangumi_title": "轻音少女 剧场版",
        "ep_cut": "",
        "image_url": "https://w.junreimap.com/images/points/12426/cyu6j8m_1775238284588.jpg",
        "location": "伦敦EARLS COURT宜必思酒店",
        "point_id": "cyu6j8m",
        "point_name": "Hotel Ibis London Earls Court",
        "remark": ""
      },
      "type": "Feature"
    },
    {
      "geometry": {
        "coordinates": [
          -0.199056,
          51.485912
        ],
        "type": "Point"
      },
      "properties": {
        "bangumi_id": 12426,
        "bangumi_title": "轻音少女 剧场版",
        "ep_cut": "",
        "image_url": "https://w.junreimap.com/images/points/12426/cyu6m9y_1775238287258.jpg",
        "location": "伦敦EARLS COURT宜必思酒店",
        "point_id": "cyu6m9y",
        "point_name": "Hotel Ibis London Earls Court",
        "remark": ""
      },
      "type": "Feature"
    },
    {
      "geometry": {
        "coordinates": [
          -0.199196,
          51.485864
        ],
        "type": "Point"
      },
      "properties": {
        "bangumi_id": 12426,
        "bangumi_title": "轻音少女 剧场版",
        "ep_cut": "",
        "image_url": "https://w.junreimap.com/images/points/12426/cyu6r3u_1775238293276.jpg",
        "location": "伦敦EARLS COURT宜必思酒店",
        "point_id": "cyu6r3u",
        "point_name": "Hotel Ibis London Earls Court",
        "remark": ""
      },
      "type": "Feature"
    },
    {
      "geometry": {
        "coordinates": [
          -0.199167,
          51.48596
        ],
        "type": "Point"
      },
      "properties": {
        "bangumi_id": 12426,
        "bangumi_title": "轻音少女 剧场版",
        "ep_cut": "",
        "image_url": "https://w.junreimap.com/images/points/12426/cys5i71_1775234876471.jpg",
        "location": "伦敦EARLS COURT宜必思酒店",
        "point_id": "cys5i71",
        "point_name": "Hotel Ibis London Earls Court",
        "remark": "房间已翻修，装修与剧场版不一致。"
      },
      "type": "Feature"
    },
    {
      "geometry": {
        "coordinates": [
          -0.199161,
          51.485938
        ],
        "type": "Point"
      },
      "properties": {
        "bangumi_id": 12426,
        "bangumi_title": "轻音少女 剧场版",
        "ep_cut": "",
        "image_url": "https://w.junreimap.com/images/points/12426/cys5ugs_1775234893098.jpg",
        "location": "伦敦EARLS COURT宜必思酒店",
        "point_id": "cys5ugs",
        "point_name": "Hotel Ibis London Earls Court",
        "remark": "房间已翻修，装修与剧场版不一致。"
      },
      "type": "Feature"
    },
    {
      "geometry": {
        "coordinates": [
          -0.199114,
          51.485944
        ],
        "type": "Point"
      },
      "properties": {
        "bangumi_id": 12426,
        "bangumi_title": "轻音少女 剧场版",
        "ep_cut": "",
        "image_url": "https://w.junreimap.com/images/points/12426/cys5yci_1775234896243.jpg",
        "location": "伦敦EARLS COURT宜必思酒店",
        "point_id": "cys5yci",
        "point_name": "Hotel Ibis London Earls Court",
        "remark": "房间已翻修，装修与剧场版不一致。"
      },
      "type": "Feature"
    },
    {
      "geometry": {
        "coordinates": [
          -0.199129,
          51.485967
        ],
        "type": "Point"
      },
      "properties": {
        "bangumi_id": 12426,
        "bangumi_title": "轻音少女 剧场版",
        "ep_cut": "",
        "image_url": "https://w.junreimap.com/images/points/12426/cys65cu_1775234905746.jpg",
        "location": "伦敦EARLS COURT宜必思酒店",
        "point_id": "cys65cu",
        "point_name": "Hotel Ibis London Earls Court",
        "remark": "房间已翻修，装修与剧场版不一致。"
      },
      "type": "Feature"
    },
    {
      "geometry": {
        "coordinates": [
          -0.199083,
          51.485977
        ],
        "type": "Point"
      },
      "properties": {
        "bangumi_id": 12426,
        "bangumi_title": "轻音少女 剧场版",
        "ep_cut": "",
        "image_url": "https://w.junreimap.com/images/points/12426/cys6ay8_1775234912503.jpg",
        "location": "伦敦EARLS COURT宜必思酒店",
        "point_id": "cys6ay8",
        "point_name": "Hotel Ibis London Earls Court",
        "remark": "房间已翻修，装修与剧场版不一致。"
      },
      "type": "Feature"
    },
    {
      "geometry": {
        "coordinates": [
          -0.199238,
          51.48592
        ],
        "type": "Point"
      },
      "properties": {
        "bangumi_id": 12426,
        "bangumi_title": "轻音少女 剧场版",
        "ep_cut": "",
        "image_url": "https://w.junreimap.com/images/points/12426/cys5ld9_1775234879923.jpg",
        "location": "伦敦EARLS COURT宜必思酒店",
        "point_id": "cys5ld9",
        "point_name": "Hotel Ibis London Earls Court",
        "remark": "房间已翻修，装修与剧场版不一致。"
      },
      "type": "Feature"
    },
    {
      "geometry": {
        "coordinates": [
          -0.199202,
          51.485928
        ],
        "type": "Point"
      },
      "properties": {
        "bangumi_id": 12426,
        "bangumi_title": "轻音少女 剧场版",
        "ep_cut": "",
        "image_url": "https://w.junreimap.com/images/points/12426/cys5om5_1775234883926.jpg",
        "location": "伦敦EARLS COURT宜必思酒店",
        "point_id": "cys5om5",
        "point_name": "Hotel Ibis London Earls Court",
        "remark": "房间已翻修，装修与剧场版不一致。"
      },
      "type": "Feature"
    },
    {
      "geometry": {
        "coordinates": [
          -0.19907,
          51.485948
        ],
        "type": "Point"
      },
      "properties": {
        "bangumi_id": 12426,
        "bangumi_title": "轻音少女 剧场版",
        "ep_cut": "",
        "image_url": "https://w.junreimap.com/images/points/12426/cys6qpl_1775234933033.jpg",
        "location": "伦敦EARLS COURT宜必思酒店",
        "point_id": "cys6qpl",
        "point_name": "Hotel Ibis London Earls Court",
        "remark": "房间已翻修，装修与剧场版不一致。"
      },
      "type": "Feature"
    },
    {
      "geometry": {
        "coordinates": [
          -0.199166,
          51.48587
        ],
        "type": "Point"
      },
      "properties": {
        "bangumi_id": 12426,
        "bangumi_title": "轻音少女 剧场版",
        "ep_cut": "",
        "image_url": "https://w.junreimap.com/images/points/12426/cyub4uk_1775238501667.jpg",
        "location": "伦敦EARLS COURT宜必思酒店",
        "point_id": "cyub4uk",
        "point_name": "Hotel Ibis London Earls Court",
        "remark": ""
      },
      "type": "Feature"
    },
    {
      "geometry": {
        "coordinates": [
          -0.199128,
          51.48588
        ],
        "type": "Point"
      },
      "properties": {
        "bangumi_id": 12426,
        "bangumi_title": "轻音少女 剧场版",
        "ep_cut": "",
        "image_url": "https://w.junreimap.com/images/points/12426/cyubal1_1775238506113.jpg",
        "location": "伦敦EARLS COURT宜必思酒店",
        "point_id": "cyubal1",
        "point_name": "Hotel Ibis London Earls Court",
        "remark": ""
      },
      "type": "Feature"
    },
    {
      "geometry": {
        "coordinates": [
          -0.199095,
          51.485884
        ],
        "type": "Point"
      },
      "properties": {
        "bangumi_id": 12426,
        "bangumi_title": "轻音少女 剧场版",
        "ep_cut": "",
        "image_url": "https://w.junreimap.com/images/points/12426/cyubd7m_1775238508012.jpg",
        "location": "伦敦EARLS COURT宜必思酒店",
        "point_id": "cyubd7m",
        "point_name": "Hotel Ibis London Earls Court",
        "remark": ""
      },
      "type": "Feature"
    },
    {
      "geometry": {
        "coordinates": [
          -0.199049,
          51.485891
        ],
        "type": "Point"
      },
      "properties": {
        "bangumi_id": 12426,
        "bangumi_title": "轻音少女 剧场版",
        "ep_cut": "",
        "image_url": "https://w.junreimap.com/images/points/12426/cyubesg_1775238510868.jpg",
        "location": "伦敦EARLS COURT宜必思酒店",
        "point_id": "cyubesg",
        "point_name": "Hotel Ibis London Earls Court",
        "remark": ""
      },
      "type": "Feature"
    },
    {
      "geometry": {
        "coordinates": [
          -0.199151,
          51.485848
        ],
        "type": "Point"
      },
      "properties": {
        "bangumi_id": 12426,
        "bangumi_title": "轻音少女 剧场版",
        "ep_cut": "",
        "image_url": "https://w.junreimap.com/images/points/12426/cyubgzd_1775238514074.jpg",
        "location": "伦敦EARLS COURT宜必思酒店",
        "point_id": "cyubgzd",
        "point_name": "Hotel Ibis London Earls Court",
        "remark": ""
      },
      "type": "Feature"
    },
    {
      "geometry": {
        "coordinates": [
          -0.199123,
          51.485859
        ],
        "type": "Point"
      },
      "properties": {
        "bangumi_id": 12426,
        "bangumi_title": "轻音少女 剧场版",
        "ep_cut": "",
        "image_url": "https://w.junreimap.com/images/points/12426/cyud5y9_1775238593989.jpg",
        "location": "伦敦EARLS COURT宜必思酒店",
        "point_id": "cyud5y9",
        "point_name": "Hotel Ibis London Earls Court",
        "remark": ""
      },
      "type": "Feature"
    },
    {
      "geometry": {
        "coordinates": [
          -0.199089,
          51.485861
        ],
        "type": "Point"
      },
      "properties": {
        "bangumi_id": 12426,
        "bangumi_title": "轻音少女 剧场版",
        "ep_cut": "",
        "image_url": "https://w.junreimap.com/images/points/12426/cyud9k3_1775238596782.jpg",
        "location": "伦敦EARLS COURT宜必思酒店",
        "point_id": "cyud9k3",
        "point_name": "Hotel Ibis London Earls Court",
        "remark": ""
      },
      "type": "Feature"
    },
    {
      "geometry": {
        "coordinates": [
          -0.199049,
          51.485871
        ],
        "type": "Point"
      },
      "properties": {
        "bangumi_id": 12426,
        "bangumi_title": "轻音少女 剧场版",
        "ep_cut": "",
        "image_url": "https://w.junreimap.com/images/points/12426/cyudbqi_1775238599405.jpg",
        "location": "伦敦EARLS COURT宜必思酒店",
        "point_id": "cyudbqi",
        "point_name": "Hotel Ibis London Earls Court",
        "remark": ""
      },
      "type": "Feature"
    },
    {
      "geometry": {
        "coordinates": [
          -0.199142,
          51.485831
        ],
        "type": "Point"
      },
      "properties": {
        "bangumi_id": 12426,
        "bangumi_title": "轻音少女 剧场版",
        "ep_cut": "",
        "image_url": "https://w.junreimap.com/images/points/12426/cyude6t_1775238602731.jpg",
        "location": "伦敦EARLS COURT宜必思酒店",
        "point_id": "cyude6t",
        "point_name": "Hotel Ibis London Earls Court",
        "remark": ""
      },
      "type": "Feature"
    },
    {
      "geometry": {
        "coordinates": [
          -0.199111,
          51.485835
        ],
        "type": "Point"
      },
      "properties": {
        "bangumi_id": 12426,
        "bangumi_title": "轻音少女 剧场版",
        "ep_cut": "",
        "image_url": "https://w.junreimap.com/images/points/12426/cyudhgm_1775238607271.jpg",
        "location": "伦敦EARLS COURT宜必思酒店",
        "point_id": "cyudhgm",
        "point_name": "Hotel Ibis London Earls Court",
        "remark": ""
      },
      "type": "Feature"
    },
    {
      "geometry": {
        "coordinates": [
          -0.199081,
          51.485842
        ],
        "type": "Point"
      },
      "properties": {
        "bangumi_id": 12426,
        "bangumi_title": "轻音少女 剧场版",
        "ep_cut": "",
        "image_url": "https://w.junreimap.com/images/points/12426/cyudjpv_1775238611025.jpg",
        "location": "伦敦EARLS COURT宜必思酒店",
        "point_id": "cyudjpv",
        "point_name": "Hotel Ibis London Earls Court",
        "remark": ""
      },
      "type": "Feature"
    },
    {
      "geometry": {
        "coordinates": [
          -0.199046,
          51.485849
        ],
        "type": "Point"
      },
      "properties": {
        "bangumi_id": 12426,
        "bangumi_title": "轻音少女 剧场版",
        "ep_cut": "",
        "image_url": "https://w.junreimap.com/images/points/12426/cyudmd8_1775238613971.jpg",
        "location": "伦敦EARLS COURT宜必思酒店",
        "point_id": "cyudmd8",
        "point_name": "Hotel Ibis London Earls Court",
        "remark": ""
      },
      "type": "Feature"
    },
    {
      "geometry": {
        "coordinates": [
          -0.199134,
          51.485816
        ],
        "type": "Point"
      },
      "properties": {
        "bangumi_id": 12426,
        "bangumi_title": "轻音少女 剧场版",
        "ep_cut": "",
        "image_url": "https://w.junreimap.com/images/points/12426/cyudpnm_1775238620112.jpg",
        "location": "伦敦EARLS COURT宜必思酒店",
        "point_id": "cyudpnm",
        "point_name": "Hotel Ibis London Earls Court",
        "remark": ""
      },
      "type": "Feature"
    },
    {
      "geometry": {
        "coordinates": [
          -0.199101,
          51.48582
        ],
        "type": "Point"
      },
      "properties": {
        "bangumi_id": 12426,
        "bangumi_title": "轻音少女 剧场版",
        "ep_cut": "",
        "image_url": "https://w.junreimap.com/images/points/12426/cyudth6_1775238622416.jpg",
        "location": "伦敦EARLS COURT宜必思酒店",
        "point_id": "cyudth6",
        "point_name": "Hotel Ibis London Earls Court",
        "remark": ""
      },
      "type": "Feature"
    },
    {
      "geometry": {
        "coordinates": [
          -0.199485,
          51.485866
        ],
        "type": "Point"
      },
      "properties": {
        "bangumi_id": 12426,
        "bangumi_title": "轻音少女 剧场版",
        "ep_cut": "",
        "image_url": "https://w.junreimap.com/images/points/12426/cyufk71_1775238704677.jpg",
        "location": "伦敦EARLS COURT宜必思酒店",
        "point_id": "cyufk71",
        "point_name": "Hotel Ibis London Earls Court",
        "remark": ""
      },
      "type": "Feature"
    },
    {
      "geometry": {
        "coordinates": [
          -0.199495,
          51.485881
        ],
        "type": "Point"
      },
      "properties": {
        "bangumi_id": 12426,
        "bangumi_title": "轻音少女 剧场版",
        "ep_cut": "",
        "image_url": "https://w.junreimap.com/images/points/12426/cyufmzo_1775238707313.jpg",
        "location": "伦敦EARLS COURT宜必思酒店",
        "point_id": "cyufmzo",
        "point_name": "Hotel Ibis London Earls Court",
        "remark": ""
      },
      "type": "Feature"
    },
    {
      "geometry": {
        "coordinates": [
          -0.199508,
          51.485892
        ],
        "type": "Point"
      },
      "properties": {
        "bangumi_id": 12426,
        "bangumi_title": "轻音少女 剧场版",
        "ep_cut": "",
        "image_url": "https://w.junreimap.com/images/points/12426/cyufoor_1775238709522.jpg",
        "location": "伦敦EARLS COURT宜必思酒店",
        "point_id": "cyufoor",
        "point_name": "Hotel Ibis London Earls Court",
        "remark": ""
      },
      "type": "Feature"
    },
    {
      "geometry": {
        "coordinates": [
          -0.199518,
          51.485908
        ],
        "type": "Point"
      },
      "properties": {
        "bangumi_id": 12426,
        "bangumi_title": "轻音少女 剧场版",
        "ep_cut": "",
        "image_url": "https://w.junreimap.com/images/points/12426/cyufq8a_1775238711659.jpg",
        "location": "伦敦EARLS COURT宜必思酒店",
        "point_id": "cyufq8a",
        "point_name": "Hotel Ibis London Earls Court",
        "remark": ""
      },
      "type": "Feature"
    },
    {
      "geometry": {
        "coordinates": [
          -0.199455,
          51.485871
        ],
        "type": "Point"
      },
      "properties": {
        "bangumi_id": 12426,
        "bangumi_title": "轻音少女 剧场版",
        "ep_cut": "",
        "image_url": "https://w.junreimap.com/images/points/12426/cyufrtk_1775238713560.jpg",
        "location": "伦敦EARLS COURT宜必思酒店",
        "point_id": "cyufrtk",
        "point_name": "Hotel Ibis London Earls Court",
        "remark": ""
      },
      "type": "Feature"
    },
    {
      "geometry": {
        "coordinates": [
          -0.199465,
          51.485886
        ],
        "type": "Point"
      },
      "properties": {
        "bangumi_id": 12426,
        "bangumi_title": "轻音少女 剧场版",
        "ep_cut": "",
        "image_url": "https://w.junreimap.com/images/points/12426/cyufte7_1775238719416.jpg",
        "location": "伦敦EARLS COURT宜必思酒店",
        "point_id": "cyufte7",
        "point_name": "Hotel Ibis London Earls Court",
        "remark": ""
      },
      "type": "Feature"
    },
    {
      "geometry": {
        "coordinates": [
          -0.183899,
          51.494594
        ],
        "type": "Point"
      },
      "properties": {
        "bangumi_id": 12426,
        "bangumi_title": "轻音少女 剧场版",
        "ep_cut": "",
        "image_url": "https://w.junreimap.com/images/user/0/bangumi/12426/points/rtmmy4ltx-1736635131322.jpg",
        "location": "南肯辛顿",
        "point_id": "rtmmy4ltx",
        "point_name": "Waitrose",
        "remark": ""
      },
      "type": "Feature"
    },
    {
      "geometry": {
        "coordinates": [
          -0.183964,
          51.494633
        ],
        "type": "Point"
      },
      "properties": {
        "bangumi_id": 12426,
        "bangumi_title": "轻音少女 剧场版",
        "ep_cut": "",
        "image_url": "https://w.junreimap.com/images/points/12426/cyuspsf_1775239317723.jpg",
        "location": "南肯辛顿",
        "point_id": "cyuspsf",
        "point_name": "Waitrose",
        "remark": ""
      },
      "type": "Feature"
    },
    {
      "geometry": {
        "coordinates": [
          -0.183928,
          51.494664
        ],
        "type": "Point"
      },
      "properties": {
        "bangumi_id": 12426,
        "bangumi_title": "轻音少女 剧场版",
        "ep_cut": "",
        "image_url": "https://w.junreimap.com/images/points/12426/cyustcu_1775239336008.jpg",
        "location": "南肯辛顿",
        "point_id": "cyustcu",
        "point_name": "Waitrose",
        "remark": ""
      },
      "type": "Feature"
    },
    {
      "geometry": {
        "coordinates": [
          -0.183872,
          51.494642
        ],
        "type": "Point"
      },
      "properties": {
        "bangumi_id": 12426,
        "bangumi_title": "轻音少女 剧场版",
        "ep_cut": "",
        "image_url": "https://w.junreimap.com/images/points/12426/cyusurh_1775239323900.jpg",
        "location": "南肯辛顿",
        "point_id": "cyusurh",
        "point_name": "Waitrose",
        "remark": ""
      },
      "type": "Feature"
    },
    {
      "geometry": {
        "coordinates": [
          -0.183801,
          51.494621
        ],
        "type": "Point"
      },
      "properties": {
        "bangumi_id": 12426,
        "bangumi_title": "轻音少女 剧场版",
        "ep_cut": "",
        "image_url": "https://w.junreimap.com/images/points/12426/cyuswar_1775239325808.jpg",
        "location": "南肯辛顿",
        "point_id": "cyuswar",
        "point_name": "Waitrose",
        "remark": ""
      },
      "type": "Feature"
    },
    {
      "geometry": {
        "coordinates": [
          -0.183772,
          51.494655
        ],
        "type": "Point"
      },
      "properties": {
        "bangumi_id": 12426,
        "bangumi_title": "轻音少女 剧场版",
        "ep_cut": "",
        "image_url": "https://w.junreimap.com/images/points/12426/cyuszwf_1775239343124.jpg",
        "location": "南肯辛顿",
        "point_id": "cyuszwf",
        "point_name": "Waitrose",
        "remark": ""
      },
      "type": "Feature"
    },
    {
      "geometry": {
        "coordinates": [
          -0.183831,
          51.494677
        ],
        "type": "Point"
      },
      "properties": {
        "bangumi_id": 12426,
        "bangumi_title": "轻音少女 剧场版",
        "ep_cut": "",
        "image_url": "https://w.junreimap.com/images/points/12426/cyutb6z_1775239347015.jpg",
        "location": "南肯辛顿",
        "point_id": "cyutb6z",
        "point_name": "Waitrose",
        "remark": ""
      },
      "type": "Feature"
    },
    {
      "geometry": {
        "coordinates": [
          -0.183903,
          51.494692
        ],
        "type": "Point"
      },
      "properties": {
        "bangumi_id": 12426,
        "bangumi_title": "轻音少女 剧场版",
        "ep_cut": "",
        "image_url": "https://w.junreimap.com/images/points/12426/cyuu051_1775239386169.jpg",
        "location": "南肯辛顿",
        "point_id": "cyuu051",
        "point_name": "Waitrose",
        "remark": ""
      },
      "type": "Feature"
    },
    {
      "geometry": {
        "coordinates": [
          -0.184003,
          51.494604
        ],
        "type": "Point"
      },
      "properties": {
        "bangumi_id": 12426,
        "bangumi_title": "轻音少女 剧场版",
        "ep_cut": "",
        "image_url": "https://w.junreimap.com/images/user/0/bangumi/12426/points/rubze447g-1736690219514.jpg",
        "location": "南肯辛顿",
        "point_id": "rubze447g",
        "point_name": "Waitrose",
        "remark": ""
      },
      "type": "Feature"
    },
    {
      "geometry": {
        "coordinates": [
          -0.183946,
          51.494561
        ],
        "type": "Point"
      },
      "properties": {
        "bangumi_id": 12426,
        "bangumi_title": "轻音少女 剧场版",
        "ep_cut": "",
        "image_url": "https://w.junreimap.com/images/points/12426/cyusbft_1775239299486.jpg",
        "location": "南肯辛顿",
        "point_id": "cyusbft",
        "point_name": "Waitrose",
        "remark": ""
      },
      "type": "Feature"
    },
    {
      "geometry": {
        "coordinates": [
          -0.18401,
          51.494569
        ],
        "type": "Point"
      },
      "properties": {
        "bangumi_id": 12426,
        "bangumi_title": "轻音少女 剧场版",
        "ep_cut": "",
        "image_url": "https://w.junreimap.com/images/points/12426/cyusdex_1775239302367.jpg",
        "location": "南肯辛顿",
        "point_id": "cyusdex",
        "point_name": "Waitrose",
        "remark": ""
      },
      "type": "Feature"
    },
    {
      "geometry": {
        "coordinates": [
          -0.183898,
          51.494546
        ],
        "type": "Point"
      },
      "properties": {
        "bangumi_id": 12426,
        "bangumi_title": "轻音少女 剧场版",
        "ep_cut": "",
        "image_url": "https://w.junreimap.com/images/points/12426/cyusfod_1775239304446.jpg",
        "location": "南肯辛顿",
        "point_id": "cyusfod",
        "point_name": "Waitrose",
        "remark": ""
      },
      "type": "Feature"
    },
    {
      "geometry": {
        "coordinates": [
          -0.183836,
          51.494532
        ],
        "type": "Point"
      },
      "properties": {
        "bangumi_id": 12426,
        "bangumi_title": "轻音少女 剧场版",
        "ep_cut": "",
        "image_url": "https://w.junreimap.com/images/points/12426/cyush5d_1775239306309.jpg",
        "location": "南肯辛顿",
        "point_id": "cyush5d",
        "point_name": "Waitrose",
        "remark": ""
      },
      "type": "Feature"
    },
    {
      "geometry": {
        "coordinates": [
          -0.183827,
          51.494576
        ],
        "type": "Point"
      },
      "properties": {
        "bangumi_id": 12426,
        "bangumi_title": "轻音少女 剧场版",
        "ep_cut": "",
        "image_url": "https://w.junreimap.com/images/points/12426/cyuskcb_1775239310565.jpg",
        "location": "南肯辛顿",
        "point_id": "cyuskcb",
        "point_name": "Waitrose",
        "remark": ""
      },
      "type": "Feature"
    },
    {
      "geometry": {
        "coordinates": [
          -0.177312,
          51.531944
        ],
        "type": "Point"
      },
      "properties": {
        "bangumi_id": 12426,
        "bangumi_title": "轻音少女 剧场版",
        "ep_cut": "",
        "image_url": "https://w.junreimap.com/images/points/12426/cytxe8z_1775237859552.jpg",
        "location": "艾比路",
        "point_id": "cytxe8z",
        "point_name": "アビー・ロード#2",
        "remark": ""
      },
      "type": "Feature"
    },
    {
      "geometry": {
        "coordinates": [
          -0.177348,
          51.532055
        ],
        "type": "Point"
      },
      "properties": {
        "bangumi_id": 12426,
        "bangumi_title": "轻音少女 剧场版",
        "ep_cut": "",
        "image_url": "https://w.junreimap.com/images/user/0/bangumi/1424/points/25idmhd-1715881057438.jpg",
        "location": "艾比路",
        "point_id": "25idmhd",
        "point_name": "アビー・ロード#2",
        "remark": "2期27話「計画！」で澪が行きたがっていたのはイギリス、ロンドンのアビー・ロード（のアビー・ロードスタジオのすぐそばの横断歩道）。ビートルズのアルバム「アビー・ロード」のジャケットに写っている横断歩道が元ネタ。また、現在公開中の劇場版トレーラーを見る限り、映画にアビーロードの登場は確定のようだ。"
      },
      "type": "Feature"
    },
    {
      "geometry": {
        "coordinates": [
          -0.158335,
          51.523748
        ],
        "type": "Point"
      },
      "properties": {
        "bangumi_id": 12426,
        "bangumi_title": "轻音少女 剧场版",
        "ep_cut": "",
        "image_url": "https://w.junreimap.com/images/user/0/bangumi/12426/points/lrmilvr8f-1719552120303.jpg",
        "location": "福尔摩斯博物馆",
        "point_id": "lrmilvr8f",
        "point_name": "Sherlock Holmes Museum",
        "remark": "福尔摩斯博物馆门口，会有一名和截图中穿着一致的门卫"
      },
      "type": "Feature"
    },
    {
      "geometry": {
        "coordinates": [
          -0.158387,
          51.523734
        ],
        "type": "Point"
      },
      "properties": {
        "bangumi_id": 12426,
        "bangumi_title": "轻音少女 剧场版",
        "ep_cut": "",
        "image_url": "https://w.junreimap.com/images/points/12426/cytxqly_1775237872302.jpg",
        "location": "福尔摩斯博物馆",
        "point_id": "cytxqly",
        "point_name": "Sherlock Holmes Museum",
        "remark": ""
      },
      "type": "Feature"
    },
    {
      "geometry": {
        "coordinates": [
          -0.142828,
          51.539322
        ],
        "type": "Point"
      },
      "properties": {
        "bangumi_id": 12426,
        "bangumi_title": "轻音少女 剧场版",
        "ep_cut": "",
        "image_url": "https://w.junreimap.com/images/points/12426/cyrg1qm_1775233687892.jpg",
        "location": "CAMDEN-伦敦",
        "point_id": "cyrg1qm",
        "point_name": "Camden Town Station",
        "remark": ""
      },
      "type": "Feature"
    },
    {
      "geometry": {
        "coordinates": [
          -0.142791,
          51.539346
        ],
        "type": "Point"
      },
      "properties": {
        "bangumi_id": 12426,
        "bangumi_title": "轻音少女 剧场版",
        "ep_cut": "",
        "image_url": "https://w.junreimap.com/images/user/0/bangumi/12426/points/3.jpg",
        "location": "CAMDEN-伦敦",
        "point_id": "50kvftia3",
        "point_name": "Camden Town Station",
        "remark": ""
      },
      "type": "Feature"
    },
    {
      "geometry": {
        "coordinates": [
          -0.142883,
          51.539316
        ],
        "type": "Point"
      },
      "properties": {
        "bangumi_id": 12426,
        "bangumi_title": "轻音少女 剧场版",
        "ep_cut": "",
        "image_url": "https://w.junreimap.com/images/user/0/bangumi/12426/points/ruez76e5j-1736696738512.jpg",
        "location": "CAMDEN-伦敦",
        "point_id": "ruez76e5j",
        "point_name": "Camden Town Station",
        "remark": ""
      },
      "type": "Feature"
    },
    {
      "geometry": {
        "coordinates": [
          -0.142855,
          51.539344
        ],
        "type": "Point"
      },
      "properties": {
        "bangumi_id": 12426,
        "bangumi_title": "轻音少女 剧场版",
        "ep_cut": "",
        "image_url": "https://w.junreimap.com/images/points/12426/cyrfz5h_1775233684569.jpg",
        "location": "CAMDEN-伦敦",
        "point_id": "cyrfz5h",
        "point_name": "Camden Town Station",
        "remark": ""
      },
      "type": "Feature"
    },
    {
      "geometry": {
        "coordinates": [
          -0.143377,
          51.539804
        ],
        "type": "Point"
      },
      "properties": {
        "bangumi_id": 12426,
        "bangumi_title": "轻音少女 剧场版",
        "ep_cut": "",
        "image_url": "https://w.junreimap.com/images/points/12426/cyroqom_1775234097387.jpg",
        "location": "CAMDEN-伦敦",
        "point_id": "cyroqom",
        "point_name": "Camden High St.",
        "remark": ""
      },
      "type": "Feature"
    },
    {
      "geometry": {
        "coordinates": [
          -0.143522,
          51.539903
        ],
        "type": "Point"
      },
      "properties": {
        "bangumi_id": 12426,
        "bangumi_title": "轻音少女 剧场版",
        "ep_cut": "",
        "image_url": "https://w.junreimap.com/images/user/0/bangumi/12426/points/fuieywwhq-1702850931853.jpg",
        "location": "CAMDEN-伦敦",
        "point_id": "fuieywwhq",
        "point_name": "Camden High St.",
        "remark": ""
      },
      "type": "Feature"
    },
    {
      "geometry": {
        "coordinates": [
          -0.145439,
          51.541623
        ],
        "type": "Point"
      },
      "properties": {
        "bangumi_id": 12426,
        "bangumi_title": "轻音少女 剧场版",
        "ep_cut": "",
        "image_url": "https://w.junreimap.com/images/user/0/bangumi/12426/points/28bitbk-1751867020804.jpg",
        "location": "CAMDEN-伦敦",
        "point_id": "28bitbk",
        "point_name": "CAMDEN LOCK",
        "remark": "映画原聲帶CD的封面"
      },
      "type": "Feature"
    },
    {
      "geometry": {
        "coordinates": [
          -0.145767,
          51.541741
        ],
        "type": "Point"
      },
      "properties": {
        "bangumi_id": 12426,
        "bangumi_title": "轻音少女 剧场版",
        "ep_cut": "",
        "image_url": "https://w.junreimap.com/images/points/12426/cyrsfn2_1775234268899.jpg",
        "location": "CAMDEN-伦敦",
        "point_id": "cyrsfn2",
        "point_name": "CAMDEN LOCK",
        "remark": "（未验证）理论位置，距离前后分镜最近的集市就是沿路上的CAMDEN LOCK MARKETPLACE。可以在附近找找有没有类似的位置。"
      },
      "type": "Feature"
    },
    {
      "geometry": {
        "coordinates": [
          -0.148652,
          51.542627
        ],
        "type": "Point"
      },
      "properties": {
        "bangumi_id": 12426,
        "bangumi_title": "轻音少女 剧场版",
        "ep_cut": "",
        "image_url": "https://w.junreimap.com/images/points/12426/cyrxote_1775234519361.jpg",
        "location": "CAMDEN-伦敦",
        "point_id": "cyrxote",
        "point_name": "Proud Camden",
        "remark": "这里没有寿司店，但有原型舞台。现已永久停业。"
      },
      "type": "Feature"
    },
    {
      "geometry": {
        "coordinates": [
          -0.148615,
          51.542622
        ],
        "type": "Point"
      },
      "properties": {
        "bangumi_id": 12426,
        "bangumi_title": "轻音少女 剧场版",
        "ep_cut": "",
        "image_url": "https://w.junreimap.com/images/points/12426/cyrxxr9_1775234524895.jpg",
        "location": "CAMDEN-伦敦",
        "point_id": "cyrxxr9",
        "point_name": "Proud Camden",
        "remark": "这里没有寿司店，但有原型舞台。现已永久停业。"
      },
      "type": "Feature"
    },
    {
      "geometry": {
        "coordinates": [
          -0.148607,
          51.542689
        ],
        "type": "Point"
      },
      "properties": {
        "bangumi_id": 12426,
        "bangumi_title": "轻音少女 剧场版",
        "ep_cut": "",
        "image_url": "https://w.junreimap.com/images/user/0/bangumi/12426/points/gmoqzsw-1783210818322.webp",
        "location": "CAMDEN-伦敦",
        "point_id": "gmoqzsw",
        "point_name": "Proud Camden",
        "remark": "寿司店的大门实际上如今是后门的位置，需要从旁边的一条窄巷子里进去，机位已极难还原"
      },
      "type": "Feature"
    },
    {
      "geometry": {
        "coordinates": [
          -0.458168,
          51.469511
        ],
        "type": "Point"
      },
      "properties": {
        "bangumi_id": 12426,
        "bangumi_title": "轻音少女 剧场版",
        "ep_cut": "",
        "image_url": "https://w.junreimap.com/images/points/12426/cypwla3_1775231100124.jpg",
        "location": "希斯罗机场",
        "point_id": "cypwla3",
        "point_name": "Heathrow Airport（LHR/EGLL)",
        "remark": ""
      },
      "type": "Feature"
    },
    {
      "geometry": {
        "coordinates": [
          -0.458206,
          51.469555
        ],
        "type": "Point"
      },
      "properties": {
        "bangumi_id": 12426,
        "bangumi_title": "轻音少女 剧场版",
        "ep_cut": "",
        "image_url": "https://w.junreimap.com/images/points/12426/cypwmsz_1775231102013.jpg",
        "location": "希斯罗机场",
        "point_id": "cypwmsz",
        "point_name": "Heathrow Airport（LHR/EGLL)",
        "remark": ""
      },
      "type": "Feature"
    },
    {
      "geometry": {
        "coordinates": [
          -0.458125,
          51.46947
        ],
        "type": "Point"
      },
      "properties": {
        "bangumi_id": 12426,
        "bangumi_title": "轻音少女 剧场版",
        "ep_cut": "",
        "image_url": "https://w.junreimap.com/images/user/0/bangumi/12426/points/6d6z14a2s-1676103883968.jpg",
        "location": "希斯罗机场",
        "point_id": "6d6z14a2s",
        "point_name": "Heathrow Airport（LHR/EGLL)",
        "remark": ""
      },
      "type": "Feature"
    },
    {
      "geometry": {
        "coordinates": [
          -0.458142,
          51.469569
        ],
        "type": "Point"
      },
      "properties": {
        "bangumi_id": 12426,
        "bangumi_title": "轻音少女 剧场版",
        "ep_cut": "",
        "image_url": "https://w.junreimap.com/images/points/12426/cypwq50_1775231107481.jpg",
        "location": "希斯罗机场",
        "point_id": "cypwq50",
        "point_name": "Heathrow Airport（LHR/EGLL)",
        "remark": ""
      },
      "type": "Feature"
    },
    {
      "geometry": {
        "coordinates": [
          -0.458091,
          51.469523
        ],
        "type": "Point"
      },
      "properties": {
        "bangumi_id": 12426,
        "bangumi_title": "轻音少女 剧场版",
        "ep_cut": "",
        "image_url": "https://w.junreimap.com/images/points/12426/cypwt41_1775231110181.jpg",
        "location": "希斯罗机场",
        "point_id": "cypwt41",
        "point_name": "Heathrow Airport（LHR/EGLL)",
        "remark": ""
      },
      "type": "Feature"
    },
    {
      "geometry": {
        "coordinates": [
          -0.458053,
          51.469477
        ],
        "type": "Point"
      },
      "properties": {
        "bangumi_id": 12426,
        "bangumi_title": "轻音少女 剧场版",
        "ep_cut": "",
        "image_url": "https://w.junreimap.com/images/points/12426/cypww87_1775231114521.jpg",
        "location": "希斯罗机场",
        "point_id": "cypww87",
        "point_name": "Heathrow Airport（LHR/EGLL)",
        "remark": ""
      },
      "type": "Feature"
    },
    {
      "geometry": {
        "coordinates": [
          -0.457967,
          51.469505
        ],
        "type": "Point"
      },
      "properties": {
        "bangumi_id": 12426,
        "bangumi_title": "轻音少女 剧场版",
        "ep_cut": "",
        "image_url": "https://w.junreimap.com/images/points/12426/cypwye4_1775231117104.jpg",
        "location": "希斯罗机场",
        "point_id": "cypwye4",
        "point_name": "Heathrow Airport（LHR/EGLL)",
        "remark": ""
      },
      "type": "Feature"
    },
    {
      "geometry": {
        "coordinates": [
          -0.458008,
          51.469547
        ],
        "type": "Point"
      },
      "properties": {
        "bangumi_id": 12426,
        "bangumi_title": "轻音少女 剧场版",
        "ep_cut": "",
        "image_url": "https://w.junreimap.com/images/points/12426/cypx0cg_1775231126467.jpg",
        "location": "希斯罗机场",
        "point_id": "cypx0cg",
        "point_name": "Heathrow Airport（LHR/EGLL)",
        "remark": ""
      },
      "type": "Feature"
    },
    {
      "geometry": {
        "coordinates": [
          -0.45788,
          51.469531
        ],
        "type": "Point"
      },
      "properties": {
        "bangumi_id": 12426,
        "bangumi_title": "轻音少女 剧场版",
        "ep_cut": "",
        "image_url": "https://w.junreimap.com/images/points/12426/cypx8rl_1775231130780.jpg",
        "location": "希斯罗机场",
        "point_id": "cypx8rl",
        "point_name": "Heathrow Airport（LHR/EGLL)",
        "remark": ""
      },
      "type": "Feature"
    },
    {
      "geometry": {
        "coordinates": [
          -0.457931,
          51.469573
        ],
        "type": "Point"
      },
      "properties": {
        "bangumi_id": 12426,
        "bangumi_title": "轻音少女 剧场版",
        "ep_cut": "",
        "image_url": "https://w.junreimap.com/images/points/12426/cypxago_1775231132700.jpg",
        "location": "希斯罗机场",
        "point_id": "cypxago",
        "point_name": "Heathrow Airport（LHR/EGLL)",
        "remark": ""
      },
      "type": "Feature"
    },
    {
      "geometry": {
        "coordinates": [
          -0.457976,
          51.469613
        ],
        "type": "Point"
      },
      "properties": {
        "bangumi_id": 12426,
        "bangumi_title": "轻音少女 剧场版",
        "ep_cut": "",
        "image_url": "https://w.junreimap.com/images/points/12426/cypxctv_1775231136433.jpg",
        "location": "希斯罗机场",
        "point_id": "cypxctv",
        "point_name": "Heathrow Airport（LHR/EGLL)",
        "remark": ""
      },
      "type": "Feature"
    },
    {
      "geometry": {
        "coordinates": [
          -0.45781,
          51.469549
        ],
        "type": "Point"
      },
      "properties": {
        "bangumi_id": 12426,
        "bangumi_title": "轻音少女 剧场版",
        "ep_cut": "",
        "image_url": "https://w.junreimap.com/images/points/12426/cypxet9_1775231138379.jpg",
        "location": "希斯罗机场",
        "point_id": "cypxet9",
        "point_name": "Heathrow Airport（LHR/EGLL)",
        "remark": ""
      },
      "type": "Feature"
    },
    {
      "geometry": {
        "coordinates": [
          -0.457845,
          51.469597
        ],
        "type": "Point"
      },
      "properties": {
        "bangumi_id": 12426,
        "bangumi_title": "轻音少女 剧场版",
        "ep_cut": "",
        "image_url": "https://w.junreimap.com/images/points/12426/cypxhbs_1775231142082.jpg",
        "location": "希斯罗机场",
        "point_id": "cypxhbs",
        "point_name": "Heathrow Airport（LHR/EGLL)",
        "remark": ""
      },
      "type": "Feature"
    },
    {
      "geometry": {
        "coordinates": [
          -0.456471,
          51.472077
        ],
        "type": "Point"
      },
      "properties": {
        "bangumi_id": 12426,
        "bangumi_title": "轻音少女 剧场版",
        "ep_cut": "",
        "image_url": "https://w.junreimap.com/images/points/12426/cypxxmk_1775231163306.jpg",
        "location": "希斯罗机场",
        "point_id": "cypxxmk",
        "point_name": "Heathrow Airport（LHR/EGLL)",
        "remark": "希思罗机场T3航站楼的出租车站。这个角度是从出租车站拍摄电梯出口的地方。"
      },
      "type": "Feature"
    },
    {
      "geometry": {
        "coordinates": [
          -0.456838,
          51.472116
        ],
        "type": "Point"
      },
      "properties": {
        "bangumi_id": 12426,
        "bangumi_title": "轻音少女 剧场版",
        "ep_cut": "",
        "image_url": "https://w.junreimap.com/images/points/12426/cypy0aw_1775231166245.jpg",
        "location": "希斯罗机场",
        "point_id": "cypy0aw",
        "point_name": "Heathrow Airport（LHR/EGLL)",
        "remark": "希思罗机场T3航站楼的出租车站。"
      },
      "type": "Feature"
    },
    {
      "geometry": {
        "coordinates": [
          -0.456772,
          51.472123
        ],
        "type": "Point"
      },
      "properties": {
        "bangumi_id": 12426,
        "bangumi_title": "轻音少女 剧场版",
        "ep_cut": "",
        "image_url": "https://w.junreimap.com/images/points/12426/cypy2s4_1775231169814.jpg",
        "location": "希斯罗机场",
        "point_id": "cypy2s4",
        "point_name": "Heathrow Airport（LHR/EGLL)",
        "remark": "希思罗机场T3航站楼的出租车站雨棚"
      },
      "type": "Feature"
    },
    {
      "geometry": {
        "coordinates": [
          -0.456572,
          51.472196
        ],
        "type": "Point"
      },
      "properties": {
        "bangumi_id": 12426,
        "bangumi_title": "轻音少女 剧场版",
        "ep_cut": "",
        "image_url": "https://w.junreimap.com/images/points/12426/cypy58i_1775231172661.jpg",
        "location": "希斯罗机场",
        "point_id": "cypy58i",
        "point_name": "Heathrow Airport（LHR/EGLL)",
        "remark": "希思罗机场T3航站楼的出租车站，可以从到达层沿着出租车指示牌前往。"
      },
      "type": "Feature"
    },
    {
      "geometry": {
        "coordinates": [
          -0.45638,
          51.472127
        ],
        "type": "Point"
      },
      "properties": {
        "bangumi_id": 12426,
        "bangumi_title": "轻音少女 剧场版",
        "ep_cut": "",
        "image_url": "https://w.junreimap.com/images/points/12426/cypy768_1775231175155.jpg",
        "location": "希斯罗机场",
        "point_id": "cypy768",
        "point_name": "Heathrow Airport（LHR/EGLL)",
        "remark": "这个路口在T3出租车站，实际从右侧拍摄要更靠西一点。"
      },
      "type": "Feature"
    },
    {
      "geometry": {
        "coordinates": [
          -0.456921,
          51.472082
        ],
        "type": "Point"
      },
      "properties": {
        "bangumi_id": 12426,
        "bangumi_title": "轻音少女 剧场版",
        "ep_cut": "",
        "image_url": "https://w.junreimap.com/images/points/12426/cypy8uy_1775231177792.jpg",
        "location": "希斯罗机场",
        "point_id": "cypy8uy",
        "point_name": "Heathrow Airport（LHR/EGLL)",
        "remark": "图中的指示牌和实际有区别。"
      },
      "type": "Feature"
    },
    {
      "geometry": {
        "coordinates": [
          -0.456598,
          51.472087
        ],
        "type": "Point"
      },
      "properties": {
        "bangumi_id": 12426,
        "bangumi_title": "轻音少女 剧场版",
        "ep_cut": "",
        "image_url": "https://w.junreimap.com/images/points/12426/cypyatn_1775231185112.jpg",
        "location": "希斯罗机场",
        "point_id": "cypyatn",
        "point_name": "Heathrow Airport（LHR/EGLL)",
        "remark": "希思罗机场T3航站楼的出租车站"
      },
      "type": "Feature"
    },
    {
      "geometry": {
        "coordinates": [
          -0.456449,
          51.472063
        ],
        "type": "Point"
      },
      "properties": {
        "bangumi_id": 12426,
        "bangumi_title": "轻音少女 剧场版",
        "ep_cut": "",
        "image_url": "https://w.junreimap.com/images/points/12426/cypydd0_1775231187503.jpg",
        "location": "希斯罗机场",
        "point_id": "cypydd0",
        "point_name": "Heathrow Airport（LHR/EGLL)",
        "remark": "希思罗机场T3航站楼的出租车站。"
      },
      "type": "Feature"
    },
    {
      "geometry": {
        "coordinates": [
          -0.456456,
          51.472105
        ],
        "type": "Point"
      },
      "properties": {
        "bangumi_id": 12426,
        "bangumi_title": "轻音少女 剧场版",
        "ep_cut": "",
        "image_url": "https://w.junreimap.com/images/points/12426/cypyj25_1775231190618.jpg",
        "location": "希斯罗机场",
        "point_id": "cypyj25",
        "point_name": "希斯罗机场",
        "remark": "希思罗机场T3航站楼的出租车站。"
      },
      "type": "Feature"
    },
    {
      "geometry": {
        "coordinates": [
          -0.456432,
          51.472099
        ],
        "type": "Point"
      },
      "properties": {
        "bangumi_id": 12426,
        "bangumi_title": "轻音少女 剧场版",
        "ep_cut": "",
        "image_url": "https://w.junreimap.com/images/points/12426/cypykw6_1775231192850.jpg",
        "location": "希斯罗机场",
        "point_id": "cypykw6",
        "point_name": "希斯罗机场",
        "remark": "希思罗机场T3航站楼的出租车站。"
      },
      "type": "Feature"
    },
    {
      "geometry": {
        "coordinates": [
          -0.456398,
          51.472132
        ],
        "type": "Point"
      },
      "properties": {
        "bangumi_id": 12426,
        "bangumi_title": "轻音少女 剧场版",
        "ep_cut": "",
        "image_url": "https://w.junreimap.com/images/points/12426/cypymw9_1775231195535.jpg",
        "location": "希斯罗机场",
        "point_id": "cypymw9",
        "point_name": "希斯罗机场",
        "remark": "希思罗机场T3航站楼的出租车站。"
      },
      "type": "Feature"
    },
    {
      "geometry": {
        "coordinates": [
          -0.456416,
          51.472125
        ],
        "type": "Point"
      },
      "properties": {
        "bangumi_id": 12426,
        "bangumi_title": "轻音少女 剧场版",
        "ep_cut": "",
        "image_url": "https://w.junreimap.com/images/points/12426/cypyq1q_1775231199739.jpg",
        "location": "希斯罗机场",
        "point_id": "cypyq1q",
        "point_name": "希斯罗机场",
        "remark": "希思罗机场T3航站楼的出租车站。"
      },
      "type": "Feature"
    },
    {
      "geometry": {
        "coordinates": [
          -0.45642,
          51.47211
        ],
        "type": "Point"
      },
      "properties": {
        "bangumi_id": 12426,
        "bangumi_title": "轻音少女 剧场版",
        "ep_cut": "",
        "image_url": "https://w.junreimap.com/images/points/12426/cypyscr_1775231204553.jpg",
        "location": "希斯罗机场",
        "point_id": "cypyscr",
        "point_name": "希斯罗机场",
        "remark": "希思罗机场T3航站楼的出租车站。"
      },
      "type": "Feature"
    },
    {
      "geometry": {
        "coordinates": [
          -0.458053,
          51.469595
        ],
        "type": "Point"
      },
      "properties": {
        "bangumi_id": 12426,
        "bangumi_title": "轻音少女 剧场版",
        "ep_cut": "",
        "image_url": "https://w.junreimap.com/images/points/12426/cypx2rr_1775231123805.jpg",
        "location": "希斯罗机场",
        "point_id": "cypx2rr",
        "point_name": "Heathrow Airport（LHR/EGLL)",
        "remark": ""
      },
      "type": "Feature"
    },
    {
      "geometry": {
        "coordinates": [
          -0.452761,
          51.479462
        ],
        "type": "Point"
      },
      "properties": {
        "bangumi_id": 12426,
        "bangumi_title": "轻音少女 剧场版",
        "ep_cut": "",
        "image_url": "https://w.junreimap.com/images/points/12426/cyq19kj_1775231320523.jpg",
        "location": "伦敦出租车内",
        "point_id": "cyq19kj",
        "point_name": "伦敦出租车",
        "remark": ""
      },
      "type": "Feature"
    },
    {
      "geometry": {
        "coordinates": [
          -0.45227,
          51.479422
        ],
        "type": "Point"
      },
      "properties": {
        "bangumi_id": 12426,
        "bangumi_title": "轻音少女 剧场版",
        "ep_cut": "",
        "image_url": "https://w.junreimap.com/images/points/12426/cyq1duj_1775231323878.jpg",
        "location": "伦敦出租车内",
        "point_id": "cyq1duj",
        "point_name": "伦敦出租车",
        "remark": ""
      },
      "type": "Feature"
    },
    {
      "geometry": {
        "coordinates": [
          -0.451995,
          51.479398
        ],
        "type": "Point"
      },
      "properties": {
        "bangumi_id": 12426,
        "bangumi_title": "轻音少女 剧场版",
        "ep_cut": "",
        "image_url": "https://w.junreimap.com/images/points/12426/cyq28y1_1775231365531.jpg",
        "location": "伦敦出租车内",
        "point_id": "cyq28y1",
        "point_name": "伦敦出租车",
        "remark": ""
      },
      "type": "Feature"
    },
    {
      "geometry": {
        "coordinates": [
          -0.451749,
          51.479381
        ],
        "type": "Point"
      },
      "properties": {
        "bangumi_id": 12426,
        "bangumi_title": "轻音少女 剧场版",
        "ep_cut": "",
        "image_url": "https://w.junreimap.com/images/points/12426/cyq2bou_1775231367656.jpg",
        "location": "伦敦出租车内",
        "point_id": "cyq2bou",
        "point_name": "伦敦出租车",
        "remark": ""
      },
      "type": "Feature"
    },
    {
      "geometry": {
        "coordinates": [
          -0.451544,
          51.479383
        ],
        "type": "Point"
      },
      "properties": {
        "bangumi_id": 12426,
        "bangumi_title": "轻音少女 剧场版",
        "ep_cut": "",
        "image_url": "https://w.junreimap.com/images/points/12426/cyq2db3_1775231369725.jpg",
        "location": "伦敦出租车内",
        "point_id": "cyq2db3",
        "point_name": "伦敦出租车",
        "remark": ""
      },
      "type": "Feature"
    },
    {
      "geometry": {
        "coordinates": [
          -0.137566,
          50.815504
        ],
        "type": "Point"
      },
      "properties": {
        "bangumi_id": 12426,
        "bangumi_title": "轻音少女 剧场版",
        "ep_cut": "",
        "image_url": "https://w.junreimap.com/images/user/0/bangumi/12426/points/6u3rnne-1761891413972.jpg",
        "location": "布莱顿",
        "point_id": "6u3rnne",
        "point_name": "Horror Hotel",
        "remark": ""
      },
      "type": "Feature"
    },
    {
      "geometry": {
        "coordinates": [
          -0.144757,
          50.819905
        ],
        "type": "Point"
      },
      "properties": {
        "bangumi_id": 12426,
        "bangumi_title": "轻音少女 剧场版",
        "ep_cut": "",
        "image_url": "https://w.junreimap.com/images/user/0/bangumi/12426/points/6u3z9mw-1761891763990.jpg",
        "location": "布莱顿",
        "point_id": "6u3z9mw",
        "point_name": "Brighton Beach",
        "remark": ""
      },
      "type": "Feature"
    },
    {
      "geometry": {
        "coordinates": [
          -0.137358,
          50.815557
        ],
        "type": "Point"
      },
      "properties": {
        "bangumi_id": 12426,
        "bangumi_title": "轻音少女 剧场版",
        "ep_cut": "",
        "image_url": "https://w.junreimap.com/images/user/0/bangumi/12426/points/6u455dv-1761891997146.jpg",
        "location": "布莱顿",
        "point_id": "6u455dv",
        "point_name": "Brighton Palace Pier",
        "remark": ""
      },
      "type": "Feature"
    },
    {
      "geometry": {
        "coordinates": [
          0.196735,
          50.746027
        ],
        "type": "Point"
      },
      "properties": {
        "bangumi_id": 12426,
        "bangumi_title": "轻音少女 剧场版",
        "ep_cut": "",
        "image_url": "https://w.junreimap.com/images/user/0/bangumi/12426/points/nnyakvtml-1724905909538.jpg",
        "location": "七姐妹崖",
        "point_id": "nnyakvtml",
        "point_name": "Seven Sister Cliffs",
        "remark": "ED"
      },
      "type": "Feature"
    },
    {
      "geometry": {
        "coordinates": [
          135.790566,
          35.050694
        ],
        "type": "Point"
      },
      "properties": {
        "bangumi_id": 12426,
        "bangumi_title": "轻音少女 剧场版",
        "ep_cut": "",
        "image_url": "https://w.junreimap.com/images/user/0/bangumi/1424/points/25idmhe-1720633134062.jpg",
        "location": "京都",
        "point_id": "25idmhe",
        "point_name": "修学院踏切手前#劇場版",
        "remark": "劇場版でイギリスへ出発する朝の集合場所である修学院駅の手前。梓が現れる場所。"
      },
      "type": "Feature"
    },
    {
      "geometry": {
        "coordinates": [
          135.790524,
          35.050562
        ],
        "type": "Point"
      },
      "properties": {
        "bangumi_id": 12426,
        "bangumi_title": "轻音少女 剧场版",
        "ep_cut": "",
        "image_url": "https://w.junreimap.com/images/user/0/bangumi/12426/points/fi24tn8-1780754100256.jpg",
        "location": "京都",
        "point_id": "fi24tn8",
        "point_name": "修学院駅",
        "remark": ""
      },
      "type": "Feature"
    },
    {
      "geometry": {
        "coordinates": [
          135.784836,
          35.044008
        ],
        "type": "Point"
      },
      "properties": {
        "bangumi_id": 12426,
        "bangumi_title": "轻音少女 剧场版",
        "ep_cut": "",
        "image_url": "https://w.junreimap.com/images/user/0/bangumi/1424/points/25idmhn-1720634404456.jpg",
        "location": "京都",
        "point_id": "25idmhn",
        "point_name": "さくら堂#劇場版",
        "remark": "映画で梓と憂がイギリスに関する本を買いあさっていた本屋のモデルは一乗寺の「恵文社」。"
      },
      "type": "Feature"
    },
    {
      "geometry": {
        "coordinates": [
          135.773246,
          35.030489
        ],
        "type": "Point"
      },
      "properties": {
        "bangumi_id": 12426,
        "bangumi_title": "轻音少女 剧场版",
        "ep_cut": "",
        "image_url": "https://w.junreimap.com/images/user/0/bangumi/1424/points/25idmis-1720633526479.jpg",
        "location": "京都",
        "point_id": "25idmis",
        "point_name": "出町柳駅改札#劇場版",
        "remark": "劇場版でイギリスへ出発する朝、ムギちゃんが唯たち4人を待っていたのは出町柳駅の改札。"
      },
      "type": "Feature"
    },
    {
      "geometry": {
        "coordinates": [
          140.386175,
          35.763189
        ],
        "type": "Point"
      },
      "properties": {
        "bangumi_id": 12426,
        "bangumi_title": "轻音少女 剧场版",
        "ep_cut": "",
        "image_url": "https://w.junreimap.com/images/user/0/bangumi/1424/points/25idmhs-1684754443872.jpg",
        "location": "成田空港",
        "point_id": "25idmhs",
        "point_name": "成田国際空港#劇場版",
        "remark": "劇場版でHTTがイギリスへ行く際に利用した空港。\n四樓南側國際線出發口"
      },
      "type": "Feature"
    },
    {
      "geometry": {
        "coordinates": [
          136.232829,
          35.203325
        ],
        "type": "Point"
      },
      "properties": {
        "bangumi_id": 12426,
        "bangumi_title": "轻音少女 剧场版",
        "ep_cut": "",
        "image_url": "https://w.junreimap.com/images/points/1424/s9c6or1tt_1737866124593.jpg",
        "location": "豐鄉小学校3F",
        "point_id": "s9c6or1tt",
        "point_name": "豊郷小学校3F",
        "remark": "天台常态关闭。"
      },
      "type": "Feature"
    },
    {
      "geometry": {
        "coordinates": [
          136.232864,
          35.203371
        ],
        "type": "Point"
      },
      "properties": {
        "bangumi_id": 12426,
        "bangumi_title": "轻音少女 剧场版",
        "ep_cut": "",
        "image_url": "https://w.junreimap.com/images/points/1424/s9c8aeriu_1737866213505.jpg",
        "location": "豐鄉小学校3F",
        "point_id": "s9c8aeriu",
        "point_name": "豊郷小学校3F",
        "remark": "活动室/音乐室门前"
      },
      "type": "Feature"
    },
    {
      "geometry": {
        "coordinates": [
          -0.144493,
          50.819773
        ],
        "type": "Point"
      },
      "properties": {
        "bangumi_id": 12426,
        "bangumi_title": "轻音少女 剧场版",
        "ep_cut": "剧场版ed",
        "image_url": "https://w.junreimap.com/images/user/0/bangumi/12426/points/hg8d9vn-1784997482658.webp",
        "location": "",
        "point_id": "hg8d9vn",
        "point_name": "布莱顿海滩",
        "remark": ""
      },
      "type": "Feature"
    }
  ],
  "type": "FeatureCollection"
}