{
  "features": [
    {
      "geometry": {
        "coordinates": [
          136.232961,
          35.203346
        ],
        "type": "Point"
      },
      "properties": {
        "bangumi_id": 1424,
        "bangumi_title": "轻音少女",
        "ep_cut": "",
        "image_url": "https://w.junreimap.com/images/points/1424/s9mdb1bik_1737888286009.jpg",
        "location": "豐鄉小学校3F",
        "point_id": "s9mdb1bik",
        "point_name": "豊郷小学校3F",
        "remark": "音乐室"
      },
      "type": "Feature"
    },
    {
      "geometry": {
        "coordinates": [
          136.232579,
          35.203868
        ],
        "type": "Point"
      },
      "properties": {
        "bangumi_id": 1424,
        "bangumi_title": "轻音少女",
        "ep_cut": "",
        "image_url": "https://w.junreimap.com/images/points/1424/s9ndvf6xi_1737890495747.jpg",
        "location": "豐鄉小学校（室外）",
        "point_id": "s9ndvf6xi",
        "point_name": "豊郷小学校（室外）",
        "remark": ""
      },
      "type": "Feature"
    },
    {
      "geometry": {
        "coordinates": [
          136.233084,
          35.20355
        ],
        "type": "Point"
      },
      "properties": {
        "bangumi_id": 1424,
        "bangumi_title": "轻音少女",
        "ep_cut": "",
        "image_url": "https://w.junreimap.com/images/points/1424/s9mfm68ka_1737888424410.jpg",
        "location": "豐鄉小学校2F",
        "point_id": "s9mfm68ka",
        "point_name": "豊郷小学校2F",
        "remark": "2楼不定期会有一些教室的窗户开放，可以透过窗户拍摄教室内。布置和比例与作品中并非完全一致。"
      },
      "type": "Feature"
    },
    {
      "geometry": {
        "coordinates": [
          136.232798,
          35.203352
        ],
        "type": "Point"
      },
      "properties": {
        "bangumi_id": 1424,
        "bangumi_title": "轻音少女",
        "ep_cut": "",
        "image_url": "https://w.junreimap.com/images/points/1424/s9mhqnjmk_1737888553109.jpg",
        "location": "豐鄉小学校2F",
        "point_id": "s9mhqnjmk",
        "point_name": "豊郷小学校2F",
        "remark": "2F台阶处"
      },
      "type": "Feature"
    },
    {
      "geometry": {
        "coordinates": [
          136.232749,
          35.203231
        ],
        "type": "Point"
      },
      "properties": {
        "bangumi_id": 1424,
        "bangumi_title": "轻音少女",
        "ep_cut": "",
        "image_url": "https://w.junreimap.com/images/points/1424/s9mh9ecnm_1737888523868.jpg",
        "location": "豐鄉小学校2F",
        "point_id": "s9mh9ecnm",
        "point_name": "豊郷小学校2F",
        "remark": "2F南侧走廊"
      },
      "type": "Feature"
    },
    {
      "geometry": {
        "coordinates": [
          136.232989,
          35.20338
        ],
        "type": "Point"
      },
      "properties": {
        "bangumi_id": 1424,
        "bangumi_title": "轻音少女",
        "ep_cut": "",
        "image_url": "https://w.junreimap.com/images/points/1424/s9mdnzoyt_1737888308382.jpg",
        "location": "豐鄉小学校3F",
        "point_id": "s9mdnzoyt",
        "point_name": "豊郷小学校3F",
        "remark": "音乐室舞台。此处紬紬和小和站的位置摆放有乐器。"
      },
      "type": "Feature"
    },
    {
      "geometry": {
        "coordinates": [
          136.232974,
          35.203361
        ],
        "type": "Point"
      },
      "properties": {
        "bangumi_id": 1424,
        "bangumi_title": "轻音少女",
        "ep_cut": "",
        "image_url": "https://w.junreimap.com/images/points/1424/s9mf2ruco_1737888392385.jpg",
        "location": "豐鄉小学校3F",
        "point_id": "s9mf2ruco",
        "point_name": "豊郷小学校3F",
        "remark": ""
      },
      "type": "Feature"
    },
    {
      "geometry": {
        "coordinates": [
          136.23293,
          35.203419
        ],
        "type": "Point"
      },
      "properties": {
        "bangumi_id": 1424,
        "bangumi_title": "轻音少女",
        "ep_cut": "",
        "image_url": "https://w.junreimap.com/images/points/1424/s9cgpkdha_1737866722615.jpg",
        "location": "豐鄉小学校3F",
        "point_id": "s9cgpkdha",
        "point_name": "豊郷小学校3F",
        "remark": "轻音部活动室——白板位置与作品中相同。"
      },
      "type": "Feature"
    },
    {
      "geometry": {
        "coordinates": [
          136.232925,
          35.203413
        ],
        "type": "Point"
      },
      "properties": {
        "bangumi_id": 1424,
        "bangumi_title": "轻音少女",
        "ep_cut": "",
        "image_url": "https://w.junreimap.com/images/points/1424/s9chgmyds_1737866768439.jpg",
        "location": "豐鄉小学校3F",
        "point_id": "s9chgmyds",
        "point_name": "豊郷小学校3F",
        "remark": "青蛙先生在现实中被设置在白板边上，而非门前或者钢琴边。"
      },
      "type": "Feature"
    },
    {
      "geometry": {
        "coordinates": [
          136.232949,
          35.203407
        ],
        "type": "Point"
      },
      "properties": {
        "bangumi_id": 1424,
        "bangumi_title": "轻音少女",
        "ep_cut": "",
        "image_url": "https://w.junreimap.com/images/points/1424/s9chx18my_1737866795653.jpg",
        "location": "豐鄉小学校3F",
        "point_id": "s9chx18my",
        "point_name": "豊郷小学校3F",
        "remark": "现实中的杂物间结构与作品中完全不同，现实中的杂物间是连接音乐室舞台和活动室的隔间，房间内摆设有茶具、服装等。"
      },
      "type": "Feature"
    },
    {
      "geometry": {
        "coordinates": [
          136.232891,
          35.203409
        ],
        "type": "Point"
      },
      "properties": {
        "bangumi_id": 1424,
        "bangumi_title": "轻音少女",
        "ep_cut": "",
        "image_url": "https://w.junreimap.com/images/points/1424/s9cjcd1q9_1737866941344.jpg",
        "location": "豐鄉小学校3F",
        "point_id": "s9cjcd1q9",
        "point_name": "豊郷小学校3F",
        "remark": "轻音部活动室——黑板方向的布置与作品中大致相同，但黑板的实际长度比作品中要长得多，在复现拍摄时可能需要一定的技巧。"
      },
      "type": "Feature"
    },
    {
      "geometry": {
        "coordinates": [
          136.232885,
          35.203415
        ],
        "type": "Point"
      },
      "properties": {
        "bangumi_id": 1424,
        "bangumi_title": "轻音少女",
        "ep_cut": "",
        "image_url": "https://w.junreimap.com/images/points/1424/s9cmilnob_1737867097597.jpg",
        "location": "豐鄉小学校3F",
        "point_id": "s9cmilnob",
        "point_name": "豊郷小学校3F",
        "remark": "轻音部活动室——黑板方向的布置与作品中大致相同，但黑板的实际长度比作品中要长得多，在复现拍摄时可能需要一定的技巧。"
      },
      "type": "Feature"
    },
    {
      "geometry": {
        "coordinates": [
          136.232924,
          35.203437
        ],
        "type": "Point"
      },
      "properties": {
        "bangumi_id": 1424,
        "bangumi_title": "轻音少女",
        "ep_cut": "",
        "image_url": "https://w.junreimap.com/images/points/1424/s9cqh2evi_1737867313293.jpg",
        "location": "豐鄉小学校3F",
        "point_id": "s9cqh2evi",
        "point_name": "豊郷小学校3F",
        "remark": "轻音部活动室——北侧窗的结构与作品中有所出入。"
      },
      "type": "Feature"
    },
    {
      "geometry": {
        "coordinates": [
          136.232761,
          35.203392
        ],
        "type": "Point"
      },
      "properties": {
        "bangumi_id": 1424,
        "bangumi_title": "轻音少女",
        "ep_cut": "",
        "image_url": "https://w.junreimap.com/images/points/1424/s9cnfzwmy_1737888593713.jpg",
        "location": "豐鄉小学校3F",
        "point_id": "s9cnfzwmy",
        "point_name": "豊郷小学校3F",
        "remark": "2F至3F台阶转角处。"
      },
      "type": "Feature"
    },
    {
      "geometry": {
        "coordinates": [
          136.232806,
          35.203364
        ],
        "type": "Point"
      },
      "properties": {
        "bangumi_id": 1424,
        "bangumi_title": "轻音少女",
        "ep_cut": "",
        "image_url": "https://w.junreimap.com/images/points/1424/s9mioud81_1737888611715.jpg",
        "location": "豐鄉小学校2F",
        "point_id": "s9mioud81",
        "point_name": "豊郷小学校2F",
        "remark": "2F台阶前"
      },
      "type": "Feature"
    },
    {
      "geometry": {
        "coordinates": [
          136.232799,
          35.20339
        ],
        "type": "Point"
      },
      "properties": {
        "bangumi_id": 1424,
        "bangumi_title": "轻音少女",
        "ep_cut": "",
        "image_url": "https://w.junreimap.com/images/points/1424/s9mj03im0_1737888629795.jpg",
        "location": "豐鄉小学校2F",
        "point_id": "s9mj03im0",
        "point_name": "豊郷小学校2F",
        "remark": "2F台阶"
      },
      "type": "Feature"
    },
    {
      "geometry": {
        "coordinates": [
          136.232806,
          35.203335
        ],
        "type": "Point"
      },
      "properties": {
        "bangumi_id": 1424,
        "bangumi_title": "轻音少女",
        "ep_cut": "",
        "image_url": "https://w.junreimap.com/images/points/1424/s9mnsrxg6_1737888919896.jpg",
        "location": "豐鄉小学校2F",
        "point_id": "s9mnsrxg6",
        "point_name": "豊郷小学校2F",
        "remark": ""
      },
      "type": "Feature"
    },
    {
      "geometry": {
        "coordinates": [
          136.23277,
          35.203464
        ],
        "type": "Point"
      },
      "properties": {
        "bangumi_id": 1424,
        "bangumi_title": "轻音少女",
        "ep_cut": "",
        "image_url": "https://w.junreimap.com/images/points/1424/s9mp0exu4_1737888993733.jpg",
        "location": "豐鄉小学校1F",
        "point_id": "s9mp0exu4",
        "point_name": "豊郷小学校1F",
        "remark": "换鞋处"
      },
      "type": "Feature"
    },
    {
      "geometry": {
        "coordinates": [
          136.232786,
          35.203456
        ],
        "type": "Point"
      },
      "properties": {
        "bangumi_id": 1424,
        "bangumi_title": "轻音少女",
        "ep_cut": "",
        "image_url": "https://w.junreimap.com/images/points/1424/s9mp7zjhx_1737889005664.jpg",
        "location": "豐鄉小学校1F",
        "point_id": "s9mp7zjhx",
        "point_name": "豊郷小学校1F",
        "remark": ""
      },
      "type": "Feature"
    },
    {
      "geometry": {
        "coordinates": [
          136.232927,
          35.203318
        ],
        "type": "Point"
      },
      "properties": {
        "bangumi_id": 1424,
        "bangumi_title": "轻音少女",
        "ep_cut": "",
        "image_url": "https://w.junreimap.com/images/points/1424/s9mpnljg7_1737889031616.jpg",
        "location": "豐鄉小学校1F",
        "point_id": "s9mpnljg7",
        "point_name": "豊郷小学校1F",
        "remark": "教职员室，现为展览室。"
      },
      "type": "Feature"
    },
    {
      "geometry": {
        "coordinates": [
          136.23292,
          35.203311
        ],
        "type": "Point"
      },
      "properties": {
        "bangumi_id": 1424,
        "bangumi_title": "轻音少女",
        "ep_cut": "",
        "image_url": "https://w.junreimap.com/images/points/1424/s9mpxqfal_1737889048549.jpg",
        "location": "豐鄉小学校1F",
        "point_id": "s9mpxqfal",
        "point_name": "豊郷小学校1F",
        "remark": "教职员室，现为展览室。"
      },
      "type": "Feature"
    },
    {
      "geometry": {
        "coordinates": [
          136.232929,
          35.203311
        ],
        "type": "Point"
      },
      "properties": {
        "bangumi_id": 1424,
        "bangumi_title": "轻音少女",
        "ep_cut": "",
        "image_url": "https://w.junreimap.com/images/points/1424/s9mq4xmzn_1737889062293.jpg",
        "location": "豐鄉小学校1F",
        "point_id": "s9mq4xmzn",
        "point_name": "豊郷小学校1F",
        "remark": "教职员室，现为展览室。"
      },
      "type": "Feature"
    },
    {
      "geometry": {
        "coordinates": [
          136.232431,
          35.203029
        ],
        "type": "Point"
      },
      "properties": {
        "bangumi_id": 1424,
        "bangumi_title": "轻音少女",
        "ep_cut": "",
        "image_url": "https://w.junreimap.com/images/points/1424/s9mqcf36e_1737889075402.jpg",
        "location": "豐鄉小学校1F",
        "point_id": "s9mqcf36e",
        "point_name": "豊郷小学校1F",
        "remark": "这里保留了少量鞋柜，但是样式与比例都与作品不同。"
      },
      "type": "Feature"
    },
    {
      "geometry": {
        "coordinates": [
          136.232803,
          35.203373
        ],
        "type": "Point"
      },
      "properties": {
        "bangumi_id": 1424,
        "bangumi_title": "轻音少女",
        "ep_cut": "",
        "image_url": "https://w.junreimap.com/images/points/1424/s9mr42rlm_1737889120829.jpg",
        "location": "豐鄉小学校1F",
        "point_id": "s9mr42rlm",
        "point_name": "豊郷小学校1F",
        "remark": ""
      },
      "type": "Feature"
    },
    {
      "geometry": {
        "coordinates": [
          136.233118,
          35.203708
        ],
        "type": "Point"
      },
      "properties": {
        "bangumi_id": 1424,
        "bangumi_title": "轻音少女",
        "ep_cut": "",
        "image_url": "https://w.junreimap.com/images/points/1424/s9ms0vdlr_1737889174986.jpg",
        "location": "豐鄉小学校1F",
        "point_id": "s9ms0vdlr",
        "point_name": "豊郷小学校1F",
        "remark": ""
      },
      "type": "Feature"
    },
    {
      "geometry": {
        "coordinates": [
          136.233075,
          35.203682
        ],
        "type": "Point"
      },
      "properties": {
        "bangumi_id": 1424,
        "bangumi_title": "轻音少女",
        "ep_cut": "",
        "image_url": "https://w.junreimap.com/images/points/1424/s9msd1fdu_1737889199289.jpg",
        "location": "豐鄉小学校1F",
        "point_id": "s9msd1fdu",
        "point_name": "豊郷小学校1F",
        "remark": ""
      },
      "type": "Feature"
    },
    {
      "geometry": {
        "coordinates": [
          136.233034,
          35.203632
        ],
        "type": "Point"
      },
      "properties": {
        "bangumi_id": 1424,
        "bangumi_title": "轻音少女",
        "ep_cut": "",
        "image_url": "https://w.junreimap.com/images/points/1424/s9msl3oqd_1737889209726.jpg",
        "location": "豐鄉小学校1F",
        "point_id": "s9msl3oqd",
        "point_name": "豊郷小学校1F",
        "remark": ""
      },
      "type": "Feature"
    },
    {
      "geometry": {
        "coordinates": [
          136.232721,
          35.203254
        ],
        "type": "Point"
      },
      "properties": {
        "bangumi_id": 1424,
        "bangumi_title": "轻音少女",
        "ep_cut": "",
        "image_url": "https://w.junreimap.com/images/points/1424/s9msvew7r_1737889226521.jpg",
        "location": "豐鄉小学校1F",
        "point_id": "s9msvew7r",
        "point_name": "豊郷小学校1F",
        "remark": ""
      },
      "type": "Feature"
    },
    {
      "geometry": {
        "coordinates": [
          136.232527,
          35.202961
        ],
        "type": "Point"
      },
      "properties": {
        "bangumi_id": 1424,
        "bangumi_title": "轻音少女",
        "ep_cut": "",
        "image_url": "https://w.junreimap.com/images/points/1424/s9mt69n6i_1737889244673.jpg",
        "location": "豐鄉小学校1F",
        "point_id": "s9mt69n6i",
        "point_name": "豊郷小学校1F",
        "remark": "2楼南侧走廊尽头有一个与学生会室的桌椅摆放相似的教室。教室常态上锁，只能通过教室门上的小窗拍摄。"
      },
      "type": "Feature"
    },
    {
      "geometry": {
        "coordinates": [
          136.232799,
          35.203425
        ],
        "type": "Point"
      },
      "properties": {
        "bangumi_id": 1424,
        "bangumi_title": "轻音少女",
        "ep_cut": "",
        "image_url": "https://w.junreimap.com/images/points/1424/s9mpevz1x_1737889016998.jpg",
        "location": "豐鄉小学校1F",
        "point_id": "s9mpevz1x",
        "point_name": "豊郷小学校1F",
        "remark": ""
      },
      "type": "Feature"
    },
    {
      "geometry": {
        "coordinates": [
          136.232527,
          35.203134
        ],
        "type": "Point"
      },
      "properties": {
        "bangumi_id": 1424,
        "bangumi_title": "轻音少女",
        "ep_cut": "",
        "image_url": "https://w.junreimap.com/images/points/1424/s9mjygta8_1737888687288.jpg",
        "location": "豐鄉小学校2F",
        "point_id": "s9mjygta8",
        "point_name": "豊郷小学校2F",
        "remark": "1F至2F台阶（南侧）"
      },
      "type": "Feature"
    },
    {
      "geometry": {
        "coordinates": [
          136.232582,
          35.203087
        ],
        "type": "Point"
      },
      "properties": {
        "bangumi_id": 1424,
        "bangumi_title": "轻音少女",
        "ep_cut": "",
        "image_url": "https://w.junreimap.com/images/points/1424/s9mkdjsrb_1737888713646.jpg",
        "location": "豐鄉小学校2F",
        "point_id": "s9mkdjsrb",
        "point_name": "豊郷小学校2F",
        "remark": ""
      },
      "type": "Feature"
    },
    {
      "geometry": {
        "coordinates": [
          136.232518,
          35.203122
        ],
        "type": "Point"
      },
      "properties": {
        "bangumi_id": 1424,
        "bangumi_title": "轻音少女",
        "ep_cut": "",
        "image_url": "https://w.junreimap.com/images/points/1424/s9mks0q8t_1737888736795.jpg",
        "location": "豐鄉小学校2F",
        "point_id": "s9mks0q8t",
        "point_name": "豊郷小学校2F",
        "remark": "理论位置应该在活动室前的那段台阶上，但是实际上那段台阶的窗户样式和作品中不一致。如果要拍摄相同样式的长窗，应前往南侧或北侧的1F至2F台阶。"
      },
      "type": "Feature"
    },
    {
      "geometry": {
        "coordinates": [
          136.233106,
          35.203715
        ],
        "type": "Point"
      },
      "properties": {
        "bangumi_id": 1424,
        "bangumi_title": "轻音少女",
        "ep_cut": "",
        "image_url": "https://w.junreimap.com/images/points/1424/s9mmlk5qy_1737888846887.jpg",
        "location": "豐鄉小学校2F",
        "point_id": "s9mmlk5qy",
        "point_name": "豊郷小学校2F",
        "remark": ""
      },
      "type": "Feature"
    },
    {
      "geometry": {
        "coordinates": [
          136.232895,
          35.203429
        ],
        "type": "Point"
      },
      "properties": {
        "bangumi_id": 1424,
        "bangumi_title": "轻音少女",
        "ep_cut": 20,
        "image_url": "https://w.junreimap.com/images/points/1424/s9cnrj5kf_1737867150212.jpg",
        "location": "豐鄉小学校3F",
        "point_id": "s9cnrj5kf",
        "point_name": "豊郷小学校3F",
        "remark": "轻音部活动室——西侧窗的布置与作品中大致相同，但窗台下设置有贴墙长椅，且部室中间的蓝色长椅的实际大小与作品有出入，构图时需要额外技巧。"
      },
      "type": "Feature"
    },
    {
      "geometry": {
        "coordinates": [
          136.232918,
          35.20343
        ],
        "type": "Point"
      },
      "properties": {
        "bangumi_id": 1424,
        "bangumi_title": "轻音少女",
        "ep_cut": "",
        "image_url": "https://w.junreimap.com/images/points/1424/s9crahyef_1737867368483.jpg",
        "location": "豐鄉小学校3F",
        "point_id": "s9crahyef",
        "point_name": "豊郷小学校3F",
        "remark": "轻音部活动室——茶桌的实际长度比作品中要长，桌上常备观赏用茶具和甜品。"
      },
      "type": "Feature"
    },
    {
      "geometry": {
        "coordinates": [
          136.232903,
          35.203436
        ],
        "type": "Point"
      },
      "properties": {
        "bangumi_id": 1424,
        "bangumi_title": "轻音少女",
        "ep_cut": "",
        "image_url": "https://w.junreimap.com/images/points/1424/s9cpwl2zx_1737867278911.jpg",
        "location": "豐鄉小学校3F",
        "point_id": "s9cpwl2zx",
        "point_name": "豊郷小学校3F",
        "remark": "钢琴上有琴谱。"
      },
      "type": "Feature"
    },
    {
      "geometry": {
        "coordinates": [
          136.232535,
          35.203353
        ],
        "type": "Point"
      },
      "properties": {
        "bangumi_id": 1424,
        "bangumi_title": "轻音少女",
        "ep_cut": "",
        "image_url": "https://w.junreimap.com/images/points/1424/s9ckzpysi_1737866983896.jpg",
        "location": "豐鄉小学校（室外）",
        "point_id": "s9ckzpysi",
        "point_name": "豊郷小学校（室外）",
        "remark": ""
      },
      "type": "Feature"
    },
    {
      "geometry": {
        "coordinates": [
          135.789463,
          35.051188
        ],
        "type": "Point"
      },
      "properties": {
        "bangumi_id": 1424,
        "bangumi_title": "轻音少女",
        "ep_cut": 10,
        "image_url": "https://w.junreimap.com/images/points/1424/25idmdc.jpg",
        "location": "松ヶ﨑橋",
        "point_id": "25idmdc",
        "point_name": "第10話アバン(1)",
        "remark": "1期10話のアバンに出てくる信号機はここの信号機を松ヶ崎橋側から撮ったもの。"
      },
      "type": "Feature"
    },
    {
      "geometry": {
        "coordinates": [
          135.789112,
          35.05113
        ],
        "type": "Point"
      },
      "properties": {
        "bangumi_id": 1424,
        "bangumi_title": "轻音少女",
        "ep_cut": 1,
        "image_url": "https://w.junreimap.com/images/user/0/bangumi/1424/points/25idmct-1719141617825.jpg",
        "location": "松ヶ﨑橋",
        "point_id": "25idmct",
        "point_name": "松ヶ﨑橋",
        "remark": "1話アバンの平八茶屋の看板。唯がここで信号待ちをしているがこれでは逆走。"
      },
      "type": "Feature"
    },
    {
      "geometry": {
        "coordinates": [
          135.789126,
          35.051396
        ],
        "type": "Point"
      },
      "properties": {
        "bangumi_id": 1424,
        "bangumi_title": "轻音少女",
        "ep_cut": "",
        "image_url": "https://w.junreimap.com/images/user/0/bangumi/1424/points/l2odnjbhi-1717596634383.jpg",
        "location": "松ヶ﨑橋",
        "point_id": "l2odnjbhi",
        "point_name": "松ヶ﨑橋",
        "remark": ""
      },
      "type": "Feature"
    },
    {
      "geometry": {
        "coordinates": [
          135.788483,
          35.051597
        ],
        "type": "Point"
      },
      "properties": {
        "bangumi_id": 1424,
        "bangumi_title": "轻音少女",
        "ep_cut": 10,
        "image_url": "https://w.junreimap.com/images/points/1424/s9svq5mtv_1737902459516.jpg",
        "location": "松ヶ﨑橋",
        "point_id": "s9svq5mtv",
        "point_name": "松ヶ﨑橋",
        "remark": ""
      },
      "type": "Feature"
    },
    {
      "geometry": {
        "coordinates": [
          135.789191,
          35.051263
        ],
        "type": "Point"
      },
      "properties": {
        "bangumi_id": 1424,
        "bangumi_title": "轻音少女",
        "ep_cut": 1,
        "image_url": "https://w.junreimap.com/images/points/1424/s9sv4p9xp_1737902423232.jpg",
        "location": "松ヶ﨑橋",
        "point_id": "s9sv4p9xp",
        "point_name": "松ヶ﨑橋",
        "remark": ""
      },
      "type": "Feature"
    },
    {
      "geometry": {
        "coordinates": [
          135.79036,
          35.050575
        ],
        "type": "Point"
      },
      "properties": {
        "bangumi_id": 1424,
        "bangumi_title": "轻音少女",
        "ep_cut": "",
        "image_url": "https://w.junreimap.com/images/points/1424/25idmc2.jpg",
        "location": "北山通-修学院站附近",
        "point_id": "25idmc2",
        "point_name": "フレスコ修学院店",
        "remark": "3話で唯と和が帰宅してるあたり。"
      },
      "type": "Feature"
    },
    {
      "geometry": {
        "coordinates": [
          135.790768,
          35.050379
        ],
        "type": "Point"
      },
      "properties": {
        "bangumi_id": 1424,
        "bangumi_title": "轻音少女",
        "ep_cut": 10,
        "image_url": "https://w.junreimap.com/images/user/0/bangumi/1424/points/25idmeo-1747572891665.jpg",
        "location": "北山通-修学院站附近",
        "point_id": "25idmeo",
        "point_name": "セブンイレブン修学院前2",
        "remark": "ここの右手が、なぜか第10話で憂と梓が出会う場所。"
      },
      "type": "Feature"
    },
    {
      "geometry": {
        "coordinates": [
          135.790495,
          35.050516
        ],
        "type": "Point"
      },
      "properties": {
        "bangumi_id": 1424,
        "bangumi_title": "轻音少女",
        "ep_cut": 1,
        "image_url": "https://w.junreimap.com/images/points/1424/4yfwf2soj.jpg",
        "location": "北山通-修学院站附近",
        "point_id": "4yfwf2soj",
        "point_name": "修学院駅",
        "remark": ""
      },
      "type": "Feature"
    },
    {
      "geometry": {
        "coordinates": [
          135.790512,
          35.050513
        ],
        "type": "Point"
      },
      "properties": {
        "bangumi_id": 1424,
        "bangumi_title": "轻音少女",
        "ep_cut": 1,
        "image_url": "https://w.junreimap.com/images/points/1424/4yfwq1836.jpg",
        "location": "北山通-修学院站附近",
        "point_id": "4yfwq1836",
        "point_name": "修学院駅",
        "remark": ""
      },
      "type": "Feature"
    },
    {
      "geometry": {
        "coordinates": [
          135.790538,
          35.050477
        ],
        "type": "Point"
      },
      "properties": {
        "bangumi_id": 1424,
        "bangumi_title": "轻音少女",
        "ep_cut": 3,
        "image_url": "https://w.junreimap.com/images/points/1424/25idme2.jpg",
        "location": "北山通-修学院站附近",
        "point_id": "25idme2",
        "point_name": "修学院駅",
        "remark": "線路上。3話で唯と和が渡っている。"
      },
      "type": "Feature"
    },
    {
      "geometry": {
        "coordinates": [
          135.790219,
          35.050022
        ],
        "type": "Point"
      },
      "properties": {
        "bangumi_id": 1424,
        "bangumi_title": "轻音少女",
        "ep_cut": 10,
        "image_url": "https://w.junreimap.com/images/points/1424/25idmdl.jpg",
        "location": "北山通-修学院站附近",
        "point_id": "25idmdl",
        "point_name": "修学院駅",
        "remark": "第10話アバンから。宝ヶ池・鞍馬方面のホーム端から出町柳のほうを撮影。"
      },
      "type": "Feature"
    },
    {
      "geometry": {
        "coordinates": [
          135.790637,
          35.050526
        ],
        "type": "Point"
      },
      "properties": {
        "bangumi_id": 1424,
        "bangumi_title": "轻音少女",
        "ep_cut": 9,
        "image_url": "https://w.junreimap.com/images/points/1424/4yfxrn4d1.jpg",
        "location": "北山通-修学院站附近",
        "point_id": "4yfxrn4d1",
        "point_name": "修学院駅",
        "remark": ""
      },
      "type": "Feature"
    },
    {
      "geometry": {
        "coordinates": [
          135.790547,
          35.050541
        ],
        "type": "Point"
      },
      "properties": {
        "bangumi_id": 1424,
        "bangumi_title": "轻音少女",
        "ep_cut": 1,
        "image_url": "https://w.junreimap.com/images/points/1424/4yfxvmci4.jpg",
        "location": "北山通-修学院站附近",
        "point_id": "4yfxvmci4",
        "point_name": "修学院駅",
        "remark": ""
      },
      "type": "Feature"
    },
    {
      "geometry": {
        "coordinates": [
          135.790947,
          35.050299
        ],
        "type": "Point"
      },
      "properties": {
        "bangumi_id": 1424,
        "bangumi_title": "轻音少女",
        "ep_cut": 3,
        "image_url": "https://w.junreimap.com/images/user/0/bangumi/1424/points/25idmg2-1751863725579.jpg",
        "location": "北山通-修学院站附近",
        "point_id": "25idmg2",
        "point_name": "修学院站附近",
        "remark": "4人が唯の家に向かう途中で歩いているあたり。後ろにバス停があるのでここらへん。また、2期3話では唯と梓が学校からの帰りにここを歩きながら会話している。"
      },
      "type": "Feature"
    },
    {
      "geometry": {
        "coordinates": [
          135.791112,
          35.050225
        ],
        "type": "Point"
      },
      "properties": {
        "bangumi_id": 1424,
        "bangumi_title": "轻音少女",
        "ep_cut": 19,
        "image_url": "https://w.junreimap.com/images/points/1424/25idmen.jpg",
        "location": "北山通-修学院站附近",
        "point_id": "25idmen",
        "point_name": "白川通北山路口附近",
        "remark": "後ろが駐輪場なので自転車が見える。"
      },
      "type": "Feature"
    },
    {
      "geometry": {
        "coordinates": [
          135.791285,
          35.050337
        ],
        "type": "Point"
      },
      "properties": {
        "bangumi_id": 1424,
        "bangumi_title": "轻音少女",
        "ep_cut": 3,
        "image_url": "https://w.junreimap.com/images/user/0/bangumi/1424/points/25idmft-1747573247608.jpg",
        "location": "北山通-修学院站附近",
        "point_id": "25idmft",
        "point_name": "白川通北山路口附近",
        "remark": "このあたりから向かいの歩道を撮影する。コードの練習をしながら帰宅する唯に和が追いつくあたり。"
      },
      "type": "Feature"
    },
    {
      "geometry": {
        "coordinates": [
          135.791623,
          35.049959
        ],
        "type": "Point"
      },
      "properties": {
        "bangumi_id": 1424,
        "bangumi_title": "轻音少女",
        "ep_cut": 12,
        "image_url": "https://w.junreimap.com/images/points/1424/25idmfn.jpg",
        "location": "北山通-修学院站附近",
        "point_id": "25idmfn",
        "point_name": "白川通北山路口附近",
        "remark": "京菓匠游月の前。"
      },
      "type": "Feature"
    },
    {
      "geometry": {
        "coordinates": [
          135.791728,
          35.050123
        ],
        "type": "Point"
      },
      "properties": {
        "bangumi_id": 1424,
        "bangumi_title": "轻音少女",
        "ep_cut": 1,
        "image_url": "https://w.junreimap.com/images/points/1424/25idmfy.jpg",
        "location": "北山通-修学院站附近",
        "point_id": "25idmfy",
        "point_name": "白川通北山路口附近",
        "remark": "第1話アバンで走る唯が通り過ぎる暖簾のかかったお店「京菓匠游月」の向かい側。このとき後ろ姿の澪と律が確認できる。なお、実際の暖簾は白い。また、暖簾はかかっていないこともあるので注意。"
      },
      "type": "Feature"
    },
    {
      "geometry": {
        "coordinates": [
          135.791042,
          35.050472
        ],
        "type": "Point"
      },
      "properties": {
        "bangumi_id": 1424,
        "bangumi_title": "轻音少女",
        "ep_cut": "",
        "image_url": "https://w.junreimap.com/images/points/1424/25idmfm.jpg",
        "location": "北山通-修学院站附近",
        "point_id": "25idmfm",
        "point_name": "プラザ修学院",
        "remark": "第7話で唯たちがクリスマス会用の買い物に来るアーケードの商店街はここ？形はやや違うが似ている。"
      },
      "type": "Feature"
    },
    {
      "geometry": {
        "coordinates": [
          135.791867,
          35.050473
        ],
        "type": "Point"
      },
      "properties": {
        "bangumi_id": 1424,
        "bangumi_title": "轻音少女",
        "ep_cut": "",
        "image_url": "https://w.junreimap.com/images/points/1424/25idmfh.jpg",
        "location": "北山通-修学院站附近",
        "point_id": "25idmfh",
        "point_name": "プラザ修学院2#2",
        "remark": "第7話で福引してるのはここらへんかな？2期9話「期末試験！」でも登場。"
      },
      "type": "Feature"
    },
    {
      "geometry": {
        "coordinates": [
          135.791796,
          35.049858
        ],
        "type": "Point"
      },
      "properties": {
        "bangumi_id": 1424,
        "bangumi_title": "轻音少女",
        "ep_cut": "",
        "image_url": "https://w.junreimap.com/images/points/1424/25idmgt.jpg",
        "location": "北山通-修学院站附近",
        "point_id": "25idmgt",
        "point_name": "白川通北山路口附近",
        "remark": "OPの紬のカットで紬が走ってくる交差点。"
      },
      "type": "Feature"
    },
    {
      "geometry": {
        "coordinates": [
          135.7916,
          35.051421
        ],
        "type": "Point"
      },
      "properties": {
        "bangumi_id": 1424,
        "bangumi_title": "轻音少女",
        "ep_cut": "",
        "image_url": "",
        "location": "北山通-修学院站附近",
        "point_id": "25idmf7",
        "point_name": "第2話アバン",
        "remark": "2話のアバンに出てくる鉄棒はこの公園のもの？"
      },
      "type": "Feature"
    },
    {
      "geometry": {
        "coordinates": [
          135.791917,
          35.049311
        ],
        "type": "Point"
      },
      "properties": {
        "bangumi_id": 1424,
        "bangumi_title": "轻音少女",
        "ep_cut": "",
        "image_url": "https://w.junreimap.com/images/points/1424/25idmeq.jpg",
        "location": "白川通",
        "point_id": "25idmeq",
        "point_name": "京都中央信用金庫修学院店",
        "remark": "10話アバン。"
      },
      "type": "Feature"
    },
    {
      "geometry": {
        "coordinates": [
          135.792022,
          35.049814
        ],
        "type": "Point"
      },
      "properties": {
        "bangumi_id": 1424,
        "bangumi_title": "轻音少女",
        "ep_cut": "",
        "image_url": "https://w.junreimap.com/images/points/1424/s9sqjybqq_1737902146935.jpg",
        "location": "白川通",
        "point_id": "s9sqjybqq",
        "point_name": "白川通",
        "remark": ""
      },
      "type": "Feature"
    },
    {
      "geometry": {
        "coordinates": [
          135.79202,
          35.047665
        ],
        "type": "Point"
      },
      "properties": {
        "bangumi_id": 1424,
        "bangumi_title": "轻音少女",
        "ep_cut": "",
        "image_url": "https://w.junreimap.com/images/points/1424/s9sk55hrv_1737901759855.jpg",
        "location": "白川通",
        "point_id": "s9sk55hrv",
        "point_name": "石垣",
        "remark": ""
      },
      "type": "Feature"
    },
    {
      "geometry": {
        "coordinates": [
          135.791871,
          35.043656
        ],
        "type": "Point"
      },
      "properties": {
        "bangumi_id": 1424,
        "bangumi_title": "轻音少女",
        "ep_cut": "",
        "image_url": "https://w.junreimap.com/images/points/1424/25idmf6.jpg",
        "location": "白川通",
        "point_id": "25idmf6",
        "point_name": "白川曼朱院道交差点",
        "remark": "OPのラストあたりで4人が渡る交差点。向かいの横断歩道中央あたりから撮影。"
      },
      "type": "Feature"
    },
    {
      "geometry": {
        "coordinates": [
          135.791848,
          35.040881
        ],
        "type": "Point"
      },
      "properties": {
        "bangumi_id": 1424,
        "bangumi_title": "轻音少女",
        "ep_cut": 13,
        "image_url": "https://w.junreimap.com/images/points/1424/s9sluhn3d_1737901919728.jpg",
        "location": "白川通",
        "point_id": "s9sluhn3d",
        "point_name": "OBJ京都本店",
        "remark": ""
      },
      "type": "Feature"
    },
    {
      "geometry": {
        "coordinates": [
          135.792019,
          35.047708
        ],
        "type": "Point"
      },
      "properties": {
        "bangumi_id": 1424,
        "bangumi_title": "轻音少女",
        "ep_cut": 13,
        "image_url": "https://w.junreimap.com/images/points/1424/s9skh5d28_1737901779986.jpg",
        "location": "白川通",
        "point_id": "s9skh5d28",
        "point_name": "石垣",
        "remark": ""
      },
      "type": "Feature"
    },
    {
      "geometry": {
        "coordinates": [
          135.792063,
          35.049699
        ],
        "type": "Point"
      },
      "properties": {
        "bangumi_id": 1424,
        "bangumi_title": "轻音少女",
        "ep_cut": 13,
        "image_url": "https://w.junreimap.com/images/points/1424/s9soypxoe_1737902108112.jpg",
        "location": "白川通",
        "point_id": "s9soypxoe",
        "point_name": "白川通",
        "remark": ""
      },
      "type": "Feature"
    },
    {
      "geometry": {
        "coordinates": [
          135.791745,
          35.043672
        ],
        "type": "Point"
      },
      "properties": {
        "bangumi_id": 1424,
        "bangumi_title": "轻音少女",
        "ep_cut": "",
        "image_url": "https://w.junreimap.com/images/points/1424/25idmh3.jpg",
        "location": "白川通",
        "point_id": "25idmh3",
        "point_name": "第12話走る唯(4)",
        "remark": "12話で唯が信号待ちをしているのがこのパチンコ屋の前。独特のオレンジ色の模様だが、以外と目立たない…。もともと目立っていなかったが、パチンコ屋の改装で現在は模様自体が無くなっている。"
      },
      "type": "Feature"
    },
    {
      "geometry": {
        "coordinates": [
          135.792016,
          35.047739
        ],
        "type": "Point"
      },
      "properties": {
        "bangumi_id": 1424,
        "bangumi_title": "轻音少女",
        "ep_cut": 13,
        "image_url": "https://w.junreimap.com/images/points/1424/s9sknwfcy_1737901790718.jpg",
        "location": "白川通",
        "point_id": "s9sknwfcy",
        "point_name": "石垣",
        "remark": ""
      },
      "type": "Feature"
    },
    {
      "geometry": {
        "coordinates": [
          135.791958,
          35.043658
        ],
        "type": "Point"
      },
      "properties": {
        "bangumi_id": 1424,
        "bangumi_title": "轻音少女",
        "ep_cut": "",
        "image_url": "https://w.junreimap.com/images/points/1424/25idmh4.jpg",
        "location": "白川通",
        "point_id": "25idmh4",
        "point_name": "12話走る唯(5)",
        "remark": "12話で唯が青に変わるのを待っていた信号。後ろの建物の屋根の形も合致。"
      },
      "type": "Feature"
    },
    {
      "geometry": {
        "coordinates": [
          135.791952,
          35.043017
        ],
        "type": "Point"
      },
      "properties": {
        "bangumi_id": 1424,
        "bangumi_title": "轻音少女",
        "ep_cut": "",
        "image_url": "https://w.junreimap.com/images/points/1424/25idmgo.jpg",
        "location": "白川通",
        "point_id": "25idmgo",
        "point_name": "一乗寺下り松町バス停#2",
        "remark": "2話の交通量調査後に4人が解散するバス停に似てる？その際のバス停の名前が一乗寺下り松町に見えないこともない。しかし、背景は合致せず、近隣に交通量調査をしたと思われる個所も見当たらない…。 なお2期5話「お留守番！」で純がバスに乗ったバス停は背景から見ても間違い無くここ。"
      },
      "type": "Feature"
    },
    {
      "geometry": {
        "coordinates": [
          135.791719,
          35.036832
        ],
        "type": "Point"
      },
      "properties": {
        "bangumi_id": 1424,
        "bangumi_title": "轻音少女",
        "ep_cut": "第一季的op",
        "image_url": "https://w.junreimap.com/images/points/1424/s9shq0drv_1737901613716.jpg",
        "location": "白川通",
        "point_id": "s9shq0drv",
        "point_name": "京都造形芸術大学",
        "remark": ""
      },
      "type": "Feature"
    },
    {
      "geometry": {
        "coordinates": [
          135.791916,
          35.041792
        ],
        "type": "Point"
      },
      "properties": {
        "bangumi_id": 1424,
        "bangumi_title": "轻音少女",
        "ep_cut": 13,
        "image_url": "https://w.junreimap.com/images/user/0/bangumi/1424/points/25idmfv-1729326170762.jpg",
        "location": "白川通",
        "point_id": "25idmfv",
        "point_name": "第13話Aパート(2)",
        "remark": "1期13話で紬がマクドナルドのほうへ走っていくところ。実際には横断歩道はない。また、2期1話のアバンでこのあたりから北側を写したカットが登場。"
      },
      "type": "Feature"
    },
    {
      "geometry": {
        "coordinates": [
          135.791999,
          35.045091
        ],
        "type": "Point"
      },
      "properties": {
        "bangumi_id": 1424,
        "bangumi_title": "轻音少女",
        "ep_cut": "",
        "image_url": "https://w.junreimap.com/images/user/0/bangumi/1424/points/25idmhq-1720634180238.jpg",
        "location": "白川通",
        "point_id": "25idmhq",
        "point_name": "白川通（ローソン付近）#劇場版",
        "remark": "劇場版で「天使にふれたよ」のメロディ完成後の律と澪の帰り道。左手にローソンの看板が見えるのでこのあたり。"
      },
      "type": "Feature"
    },
    {
      "geometry": {
        "coordinates": [
          135.791637,
          35.04192
        ],
        "type": "Point"
      },
      "properties": {
        "bangumi_id": 1424,
        "bangumi_title": "轻音少女",
        "ep_cut": "",
        "image_url": "https://w.junreimap.com/images/points/1424/25idmgx.jpg",
        "location": "マクドナルド北白川台店",
        "point_id": "25idmgx",
        "point_name": "マクドナルド北白川台店",
        "remark": "1期、2期ともにちょくちょく出てくるマクドナルド。店内は改装したのかもともとなのか、アニメと内装（テーブル及び椅子の形）がやや異なる。基本的に2階右奥（道路側）の席が唯達の定位置のようだが、1期13話のみ1階の道路側の席を使用している。"
      },
      "type": "Feature"
    },
    {
      "geometry": {
        "coordinates": [
          135.791757,
          35.041937
        ],
        "type": "Point"
      },
      "properties": {
        "bangumi_id": 1424,
        "bangumi_title": "轻音少女",
        "ep_cut": "",
        "image_url": "https://w.junreimap.com/images/points/1424/s9siskpzk_1737901677307.jpg",
        "location": "マクドナルド北白川台店",
        "point_id": "s9siskpzk",
        "point_name": "マクドナルド北白川台店",
        "remark": ""
      },
      "type": "Feature"
    },
    {
      "geometry": {
        "coordinates": [
          135.79176,
          35.041899
        ],
        "type": "Point"
      },
      "properties": {
        "bangumi_id": 1424,
        "bangumi_title": "轻音少女",
        "ep_cut": "",
        "image_url": "https://w.junreimap.com/images/points/1424/s9siz0rxg_1737901688055.jpg",
        "location": "マクドナルド北白川台店",
        "point_id": "s9siz0rxg",
        "point_name": "マクドナルド北白川台店",
        "remark": ""
      },
      "type": "Feature"
    },
    {
      "geometry": {
        "coordinates": [
          135.791739,
          35.042072
        ],
        "type": "Point"
      },
      "properties": {
        "bangumi_id": 1424,
        "bangumi_title": "轻音少女",
        "ep_cut": "",
        "image_url": "https://w.junreimap.com/images/points/1424/s9so4tenw_1737902000528.jpg",
        "location": "マクドナルド北白川台店",
        "point_id": "s9so4tenw",
        "point_name": "マクドナルド北白川台店",
        "remark": ""
      },
      "type": "Feature"
    },
    {
      "geometry": {
        "coordinates": [
          135.791675,
          35.041929
        ],
        "type": "Point"
      },
      "properties": {
        "bangumi_id": 1424,
        "bangumi_title": "轻音少女",
        "ep_cut": "",
        "image_url": "https://w.junreimap.com/images/points/1424/s9so7qb8q_1737902005268.jpg",
        "location": "マクドナルド北白川台店",
        "point_id": "s9so7qb8q",
        "point_name": "マクドナルド北白川台店",
        "remark": ""
      },
      "type": "Feature"
    },
    {
      "geometry": {
        "coordinates": [
          135.791673,
          35.0419
        ],
        "type": "Point"
      },
      "properties": {
        "bangumi_id": 1424,
        "bangumi_title": "轻音少女",
        "ep_cut": "",
        "image_url": "https://w.junreimap.com/images/points/1424/s9sob3tk8_1737902011229.jpg",
        "location": "マクドナルド北白川台店",
        "point_id": "s9sob3tk8",
        "point_name": "マクドナルド北白川台店",
        "remark": ""
      },
      "type": "Feature"
    },
    {
      "geometry": {
        "coordinates": [
          135.791674,
          35.041914
        ],
        "type": "Point"
      },
      "properties": {
        "bangumi_id": 1424,
        "bangumi_title": "轻音少女",
        "ep_cut": "",
        "image_url": "https://w.junreimap.com/images/points/1424/s9soegzot_1737902016452.jpg",
        "location": "マクドナルド北白川台店",
        "point_id": "s9soegzot",
        "point_name": "マクドナルド北白川台店",
        "remark": ""
      },
      "type": "Feature"
    },
    {
      "geometry": {
        "coordinates": [
          135.791802,
          35.04198
        ],
        "type": "Point"
      },
      "properties": {
        "bangumi_id": 1424,
        "bangumi_title": "轻音少女",
        "ep_cut": "",
        "image_url": "https://w.junreimap.com/images/points/1424/s9sj5096d_1737901698359.jpg",
        "location": "マクドナルド北白川台店",
        "point_id": "s9sj5096d",
        "point_name": "マクドナルド北白川台店",
        "remark": ""
      },
      "type": "Feature"
    },
    {
      "geometry": {
        "coordinates": [
          135.78633,
          35.061988
        ],
        "type": "Point"
      },
      "properties": {
        "bangumi_id": 1424,
        "bangumi_title": "轻音少女",
        "ep_cut": "",
        "image_url": "https://w.junreimap.com/images/points/1424/25idmg4.jpg",
        "location": "宝池公园",
        "point_id": "25idmg4",
        "point_name": "田井中家周辺",
        "remark": "1期11話「ピンチ！」に出てきた田井中家の周辺。"
      },
      "type": "Feature"
    },
    {
      "geometry": {
        "coordinates": [
          135.778011,
          35.05789
        ],
        "type": "Point"
      },
      "properties": {
        "bangumi_id": 1424,
        "bangumi_title": "轻音少女",
        "ep_cut": 9,
        "image_url": "https://w.junreimap.com/images/points/1424/s9nzg7sl6_1737891800736.jpg",
        "location": "宝池公园",
        "point_id": "s9nzg7sl6",
        "point_name": "宝ヶ池",
        "remark": ""
      },
      "type": "Feature"
    },
    {
      "geometry": {
        "coordinates": [
          135.778525,
          35.057422
        ],
        "type": "Point"
      },
      "properties": {
        "bangumi_id": 1424,
        "bangumi_title": "轻音少女",
        "ep_cut": 9,
        "image_url": "https://w.junreimap.com/images/points/1424/s9nzzaa68_1737891832516.jpg",
        "location": "宝池公园",
        "point_id": "s9nzzaa68",
        "point_name": "宝ヶ池",
        "remark": "可以以石亭为参照物"
      },
      "type": "Feature"
    },
    {
      "geometry": {
        "coordinates": [
          135.778937,
          35.058371
        ],
        "type": "Point"
      },
      "properties": {
        "bangumi_id": 1424,
        "bangumi_title": "轻音少女",
        "ep_cut": 9,
        "image_url": "https://w.junreimap.com/images/points/1424/s9o0xjq7x_1737891889997.jpg",
        "location": "宝池公园",
        "point_id": "s9o0xjq7x",
        "point_name": "宝池観光(株)",
        "remark": ""
      },
      "type": "Feature"
    },
    {
      "geometry": {
        "coordinates": [
          135.778573,
          35.058128
        ],
        "type": "Point"
      },
      "properties": {
        "bangumi_id": 1424,
        "bangumi_title": "轻音少女",
        "ep_cut": 9,
        "image_url": "https://w.junreimap.com/images/user/1083/bangumi/1424/points/kvb5nqb2s-1717019155584.jpg",
        "location": "宝池公园",
        "point_id": "kvb5nqb2s",
        "point_name": "宝ヶ池",
        "remark": "从此位置附近朝东侧拍摄"
      },
      "type": "Feature"
    },
    {
      "geometry": {
        "coordinates": [
          135.778064,
          35.057823
        ],
        "type": "Point"
      },
      "properties": {
        "bangumi_id": 1424,
        "bangumi_title": "轻音少女",
        "ep_cut": 9,
        "image_url": "https://w.junreimap.com/images/points/1424/s9nzrnxy0_1737891820086.jpg",
        "location": "宝池公园",
        "point_id": "s9nzrnxy0",
        "point_name": "宝ヶ池",
        "remark": ""
      },
      "type": "Feature"
    },
    {
      "geometry": {
        "coordinates": [
          135.741707,
          35.039242
        ],
        "type": "Point"
      },
      "properties": {
        "bangumi_id": 1424,
        "bangumi_title": "轻音少女",
        "ep_cut": 14,
        "image_url": "https://w.junreimap.com/images/points/1424/s9nwatcwn_1737891611070.jpg",
        "location": "船岡山公園",
        "point_id": "s9nwatcwn",
        "point_name": "船岡山公園",
        "remark": "从任意入口都能爬到这个山顶，山顶改修后增设了长椅。"
      },
      "type": "Feature"
    },
    {
      "geometry": {
        "coordinates": [
          135.741639,
          35.039264
        ],
        "type": "Point"
      },
      "properties": {
        "bangumi_id": 1424,
        "bangumi_title": "轻音少女",
        "ep_cut": 14,
        "image_url": "https://w.junreimap.com/images/points/1424/s9nxfyav7_1737891679993.jpg",
        "location": "船岡山公園",
        "point_id": "s9nxfyav7",
        "point_name": "船岡山公園",
        "remark": "从任意入口都能爬到这个山顶，山顶改修后增设了长椅。"
      },
      "type": "Feature"
    },
    {
      "geometry": {
        "coordinates": [
          135.710249,
          34.882411
        ],
        "type": "Point"
      },
      "properties": {
        "bangumi_id": 1424,
        "bangumi_title": "轻音少女",
        "ep_cut": "",
        "image_url": "https://w.junreimap.com/images/user/1073/bangumi/1424/points/25idmhj-1720708999820.jpg",
        "location": "八幡市",
        "point_id": "25idmhj",
        "point_name": "木津川サイクリングロード",
        "remark": "1期OP「Cagayake GIRLS!」で4人が自転車で走ってるあたり。京阪の八幡市駅付近。"
      },
      "type": "Feature"
    },
    {
      "geometry": {
        "coordinates": [
          135.78603,
          35.052171
        ],
        "type": "Point"
      },
      "properties": {
        "bangumi_id": 1424,
        "bangumi_title": "轻音少女",
        "ep_cut": 7,
        "image_url": "https://w.junreimap.com/images/points/1424/s9u124tdt_1737904961259.jpg",
        "location": "北山通（松ヶ﨑橋桥以西）",
        "point_id": "s9u124tdt",
        "point_name": "北山通",
        "remark": ""
      },
      "type": "Feature"
    },
    {
      "geometry": {
        "coordinates": [
          135.78619,
          35.052141
        ],
        "type": "Point"
      },
      "properties": {
        "bangumi_id": 1424,
        "bangumi_title": "轻音少女",
        "ep_cut": 1,
        "image_url": "https://w.junreimap.com/images/user/1029/bangumi/1424/points/dsb0ih5on-1697035863601.jpg",
        "location": "北山通（松ヶ﨑橋桥以西）",
        "point_id": "dsb0ih5on",
        "point_name": "平沢邸",
        "remark": ""
      },
      "type": "Feature"
    },
    {
      "geometry": {
        "coordinates": [
          135.786306,
          35.052135
        ],
        "type": "Point"
      },
      "properties": {
        "bangumi_id": 1424,
        "bangumi_title": "轻音少女",
        "ep_cut": 15,
        "image_url": "https://w.junreimap.com/images/points/1424/25idmds.jpg",
        "location": "北山通（松ヶ﨑橋桥以西）",
        "point_id": "25idmds",
        "point_name": "北山通",
        "remark": "平沢家のとなりの一文字さんの家。"
      },
      "type": "Feature"
    },
    {
      "geometry": {
        "coordinates": [
          135.788045,
          35.051825
        ],
        "type": "Point"
      },
      "properties": {
        "bangumi_id": 1424,
        "bangumi_title": "轻音少女",
        "ep_cut": 7,
        "image_url": "https://w.junreimap.com/images/points/1424/25idmby.jpg",
        "location": "北山通（松ヶ﨑橋桥以西）",
        "point_id": "25idmby",
        "point_name": "北山通（レトロビーバー）",
        "remark": "アニメでは「リトルビーバー」。1話や12話で唯がここの前を走る。OPの律のカットの背景もここの看板。"
      },
      "type": "Feature"
    },
    {
      "geometry": {
        "coordinates": [
          135.786056,
          35.052165
        ],
        "type": "Point"
      },
      "properties": {
        "bangumi_id": 1424,
        "bangumi_title": "轻音少女",
        "ep_cut": 7,
        "image_url": "https://w.junreimap.com/images/points/1424/s9u19lzx7_1737904971037.jpg",
        "location": "北山通（松ヶ﨑橋桥以西）",
        "point_id": "s9u19lzx7",
        "point_name": "北山通",
        "remark": ""
      },
      "type": "Feature"
    },
    {
      "geometry": {
        "coordinates": [
          135.786205,
          35.052226
        ],
        "type": "Point"
      },
      "properties": {
        "bangumi_id": 1424,
        "bangumi_title": "轻音少女",
        "ep_cut": "",
        "image_url": "https://w.junreimap.com/images/points/1424/s9u1gloj0_1737904982970.jpg",
        "location": "北山通（松ヶ﨑橋桥以西）",
        "point_id": "s9u1gloj0",
        "point_name": "松ヶ崎大黒天（鸟居）",
        "remark": ""
      },
      "type": "Feature"
    },
    {
      "geometry": {
        "coordinates": [
          135.770314,
          35.008149
        ],
        "type": "Point"
      },
      "properties": {
        "bangumi_id": 1424,
        "bangumi_title": "轻音少女",
        "ep_cut": 14,
        "image_url": "https://w.junreimap.com/images/user/1083/bangumi/1424/points/kvbg27gdv-1717019671718.jpg",
        "location": "西木屋町通",
        "point_id": "kvbg27gdv",
        "point_name": "西木屋町通",
        "remark": "优等人前往Livehouse的路上"
      },
      "type": "Feature"
    },
    {
      "geometry": {
        "coordinates": [
          135.769568,
          35.008018
        ],
        "type": "Point"
      },
      "properties": {
        "bangumi_id": 1424,
        "bangumi_title": "轻音少女",
        "ep_cut": "",
        "image_url": "https://w.junreimap.com/images/points/1424/s9o82b03e_1737892322481.jpg",
        "location": "西木屋町通",
        "point_id": "s9o82b03e",
        "point_name": "西木屋町通",
        "remark": "Livehouse理论位置，此处经过多年改造，与作品中的场景大有出入。"
      },
      "type": "Feature"
    },
    {
      "geometry": {
        "coordinates": [
          135.769623,
          35.008022
        ],
        "type": "Point"
      },
      "properties": {
        "bangumi_id": 1424,
        "bangumi_title": "轻音少女",
        "ep_cut": "",
        "image_url": "https://w.junreimap.com/images/points/1424/s9o8nbfb9_1737892357048.jpg",
        "location": "西木屋町通",
        "point_id": "s9o8nbfb9",
        "point_name": "西木屋町通",
        "remark": "Livehouse理论位置，此处经过多年改造，与作品中的场景大有出入。"
      },
      "type": "Feature"
    },
    {
      "geometry": {
        "coordinates": [
          136.230393,
          35.197719
        ],
        "type": "Point"
      },
      "properties": {
        "bangumi_id": 1424,
        "bangumi_title": "轻音少女",
        "ep_cut": "",
        "image_url": "https://w.junreimap.com/images/user/0/bangumi/1424/points/s8qkqvyqv-1782270045115.webp",
        "location": "丰乡站周边",
        "point_id": "s8qkqvyqv",
        "point_name": "とよせ",
        "remark": "轻音厨经营的面包店，店内展示有大量轻音周边及吉太。店门口有紬紬的飛び出し看板。"
      },
      "type": "Feature"
    },
    {
      "geometry": {
        "coordinates": [
          136.230554,
          35.197683
        ],
        "type": "Point"
      },
      "properties": {
        "bangumi_id": 1424,
        "bangumi_title": "轻音少女",
        "ep_cut": "",
        "image_url": "https://w.junreimap.com/images/user/0/bangumi/1424/points/s8qpjgquv-1758700886827.jpg",
        "location": "丰乡站周边",
        "point_id": "s8qpjgquv",
        "point_name": "飛び出し注意看板（中野梓）",
        "remark": "此处设置有梓喵的飛び出し看板。后面的餐厅ルーチェ・カルマ也是由轻音厨所有，内有大量周边，目前经营状况不明。"
      },
      "type": "Feature"
    },
    {
      "geometry": {
        "coordinates": [
          135.793923,
          35.027457
        ],
        "type": "Point"
      },
      "properties": {
        "bangumi_id": 1424,
        "bangumi_title": "轻音少女",
        "ep_cut": "",
        "image_url": "https://w.junreimap.com/images/points/1424/25idmgr.jpg",
        "location": "哲学之道",
        "point_id": "25idmgr",
        "point_name": "哲学の道",
        "remark": "5話のさわ子先生の過去に出てくるのはここらへん？バス停なら銀閣寺道の近くかな？"
      },
      "type": "Feature"
    },
    {
      "geometry": {
        "coordinates": [
          135.793769,
          35.027543
        ],
        "type": "Point"
      },
      "properties": {
        "bangumi_id": 1424,
        "bangumi_title": "轻音少女",
        "ep_cut": "",
        "image_url": "https://w.junreimap.com/images/points/1424/s8tqyqp5l_1737825985898.jpg",
        "location": "哲学之道",
        "point_id": "s8tqyqp5l",
        "point_name": "白川疏水通（南侧）",
        "remark": "从点位向东北方向拍摄对岸"
      },
      "type": "Feature"
    },
    {
      "geometry": {
        "coordinates": [
          135.793926,
          35.02763
        ],
        "type": "Point"
      },
      "properties": {
        "bangumi_id": 1424,
        "bangumi_title": "轻音少女",
        "ep_cut": "",
        "image_url": "https://w.junreimap.com/images/points/1424/s8tq98eyy_1737825943780.jpg",
        "location": "哲学之道",
        "point_id": "s8tq98eyy",
        "point_name": "白川疏水通（北侧）",
        "remark": ""
      },
      "type": "Feature"
    },
    {
      "geometry": {
        "coordinates": [
          135.742049,
          35.045874
        ],
        "type": "Point"
      },
      "properties": {
        "bangumi_id": 1424,
        "bangumi_title": "轻音少女",
        "ep_cut": "",
        "image_url": "https://w.junreimap.com/images/points/1424/s8u3tu8lm_1737826791498.jpg",
        "location": "今宫神社",
        "point_id": "s8u3tu8lm",
        "point_name": "今宮神社",
        "remark": ""
      },
      "type": "Feature"
    },
    {
      "geometry": {
        "coordinates": [
          135.742198,
          35.045876
        ],
        "type": "Point"
      },
      "properties": {
        "bangumi_id": 1424,
        "bangumi_title": "轻音少女",
        "ep_cut": "",
        "image_url": "https://w.junreimap.com/images/points/1424/s8u561lsn_1737826843763.jpg",
        "location": "今宫神社",
        "point_id": "s8u561lsn",
        "point_name": "今宮神社",
        "remark": ""
      },
      "type": "Feature"
    },
    {
      "geometry": {
        "coordinates": [
          135.742237,
          35.045872
        ],
        "type": "Point"
      },
      "properties": {
        "bangumi_id": 1424,
        "bangumi_title": "轻音少女",
        "ep_cut": "",
        "image_url": "https://w.junreimap.com/images/points/1424/s8u5aumfr_1737826851132.jpg",
        "location": "今宫神社",
        "point_id": "s8u5aumfr",
        "point_name": "今宮神社",
        "remark": ""
      },
      "type": "Feature"
    },
    {
      "geometry": {
        "coordinates": [
          135.74197,
          35.045784
        ],
        "type": "Point"
      },
      "properties": {
        "bangumi_id": 1424,
        "bangumi_title": "轻音少女",
        "ep_cut": "",
        "image_url": "https://w.junreimap.com/images/points/1424/s8u5gfmci_1737826861049.jpg",
        "location": "今宫神社",
        "point_id": "s8u5gfmci",
        "point_name": "今宮神社",
        "remark": ""
      },
      "type": "Feature"
    },
    {
      "geometry": {
        "coordinates": [
          135.742038,
          35.045894
        ],
        "type": "Point"
      },
      "properties": {
        "bangumi_id": 1424,
        "bangumi_title": "轻音少女",
        "ep_cut": "",
        "image_url": "https://w.junreimap.com/images/points/1424/s8u5pkxjh_1737826876135.jpg",
        "location": "今宫神社",
        "point_id": "s8u5pkxjh",
        "point_name": "今宮神社",
        "remark": ""
      },
      "type": "Feature"
    },
    {
      "geometry": {
        "coordinates": [
          135.742105,
          35.045873
        ],
        "type": "Point"
      },
      "properties": {
        "bangumi_id": 1424,
        "bangumi_title": "轻音少女",
        "ep_cut": "",
        "image_url": "https://w.junreimap.com/images/points/1424/s8u5tmrsg_1737826886031.jpg",
        "location": "今宫神社",
        "point_id": "s8u5tmrsg",
        "point_name": "今宮神社",
        "remark": ""
      },
      "type": "Feature"
    },
    {
      "geometry": {
        "coordinates": [
          135.742164,
          35.045839
        ],
        "type": "Point"
      },
      "properties": {
        "bangumi_id": 1424,
        "bangumi_title": "轻音少女",
        "ep_cut": "",
        "image_url": "https://w.junreimap.com/images/points/1424/s8u61goxe_1737826896017.jpg",
        "location": "今宫神社",
        "point_id": "s8u61goxe",
        "point_name": "今宮神社",
        "remark": ""
      },
      "type": "Feature"
    },
    {
      "geometry": {
        "coordinates": [
          136.232829,
          35.203325
        ],
        "type": "Point"
      },
      "properties": {
        "bangumi_id": 1424,
        "bangumi_title": "轻音少女",
        "ep_cut": "",
        "image_url": "https://w.junreimap.com/images/points/1424/s9c6or1tt_1737866124593.jpg",
        "location": "豐鄉小学校3F",
        "point_id": "106ft7lefb",
        "point_name": "豊郷小学校3F",
        "remark": "天台常态关闭。"
      },
      "type": "Feature"
    },
    {
      "geometry": {
        "coordinates": [
          136.232804,
          35.20322
        ],
        "type": "Point"
      },
      "properties": {
        "bangumi_id": 1424,
        "bangumi_title": "轻音少女",
        "ep_cut": "",
        "image_url": "https://w.junreimap.com/images/points/1424/s9c7v1of4_1737866194238.jpg",
        "location": "豐鄉小学校3F",
        "point_id": "s9c7v1of4",
        "point_name": "豊郷小学校3F",
        "remark": ""
      },
      "type": "Feature"
    },
    {
      "geometry": {
        "coordinates": [
          136.232864,
          35.203371
        ],
        "type": "Point"
      },
      "properties": {
        "bangumi_id": 1424,
        "bangumi_title": "轻音少女",
        "ep_cut": "",
        "image_url": "https://w.junreimap.com/images/points/1424/s9c8aeriu_1737866213505.jpg",
        "location": "豐鄉小学校3F",
        "point_id": "106ft7ldz0",
        "point_name": "豊郷小学校3F",
        "remark": "活动室/音乐室门前"
      },
      "type": "Feature"
    },
    {
      "geometry": {
        "coordinates": [
          136.232877,
          35.203357
        ],
        "type": "Point"
      },
      "properties": {
        "bangumi_id": 1424,
        "bangumi_title": "轻音少女",
        "ep_cut": "",
        "image_url": "https://w.junreimap.com/images/points/1424/s9cfgtxmv_1737866648471.jpg",
        "location": "豐鄉小学校3F",
        "point_id": "s9cfgtxmv",
        "point_name": "豊郷小学校3F",
        "remark": "音乐室门前。"
      },
      "type": "Feature"
    },
    {
      "geometry": {
        "coordinates": [
          136.232869,
          35.203379
        ],
        "type": "Point"
      },
      "properties": {
        "bangumi_id": 1424,
        "bangumi_title": "轻音少女",
        "ep_cut": "",
        "image_url": "https://w.junreimap.com/images/points/1424/s9cfqfp4y_1737866663954.jpg",
        "location": "豐鄉小学校3F",
        "point_id": "s9cfqfp4y",
        "point_name": "豊郷小学校3F",
        "remark": "活动室门前。"
      },
      "type": "Feature"
    },
    {
      "geometry": {
        "coordinates": [
          136.232818,
          35.203372
        ],
        "type": "Point"
      },
      "properties": {
        "bangumi_id": 1424,
        "bangumi_title": "轻音少女",
        "ep_cut": "",
        "image_url": "https://w.junreimap.com/images/points/1424/s9ce4438z_1737866565978.jpg",
        "location": "豐鄉小学校3F",
        "point_id": "s9ce4438z",
        "point_name": "豊郷小学校3F",
        "remark": "2F至3F台阶转角处。现实中此处的窗户样式和作品中不一样，但和南北两侧台阶的窗户外形一致。但南北台阶的两侧开了采光窗，很难还原原作结构。"
      },
      "type": "Feature"
    },
    {
      "geometry": {
        "coordinates": [
          136.232818,
          35.203365
        ],
        "type": "Point"
      },
      "properties": {
        "bangumi_id": 1424,
        "bangumi_title": "轻音少女",
        "ep_cut": "",
        "image_url": "https://w.junreimap.com/images/points/1424/s9cljsgez_1737867015612.jpg",
        "location": "豐鄉小学校3F",
        "point_id": "s9cljsgez",
        "point_name": "豊郷小学校3F",
        "remark": ""
      },
      "type": "Feature"
    },
    {
      "geometry": {
        "coordinates": [
          136.232845,
          35.203387
        ],
        "type": "Point"
      },
      "properties": {
        "bangumi_id": 1424,
        "bangumi_title": "轻音少女",
        "ep_cut": "",
        "image_url": "https://w.junreimap.com/images/points/1424/s9mreb6hc_1737889139487.jpg",
        "location": "豐鄉小学校3F",
        "point_id": "s9mreb6hc",
        "point_name": "豊郷小学校3F",
        "remark": ""
      },
      "type": "Feature"
    },
    {
      "geometry": {
        "coordinates": [
          136.232792,
          35.203344
        ],
        "type": "Point"
      },
      "properties": {
        "bangumi_id": 1424,
        "bangumi_title": "轻音少女",
        "ep_cut": "",
        "image_url": "https://w.junreimap.com/images/points/1424/s9mrjxfvv_1737889146534.jpg",
        "location": "豐鄉小学校3F",
        "point_id": "s9mrjxfvv",
        "point_name": "豊郷小学校3F",
        "remark": ""
      },
      "type": "Feature"
    },
    {
      "geometry": {
        "coordinates": [
          136.232824,
          35.203371
        ],
        "type": "Point"
      },
      "properties": {
        "bangumi_id": 1424,
        "bangumi_title": "轻音少女",
        "ep_cut": "",
        "image_url": "https://w.junreimap.com/images/points/1424/s9clnuu3j_1737867029303.jpg",
        "location": "豐鄉小学校3F",
        "point_id": "s9clnuu3j",
        "point_name": "豊郷小学校3F",
        "remark": ""
      },
      "type": "Feature"
    },
    {
      "geometry": {
        "coordinates": [
          136.232775,
          35.203397
        ],
        "type": "Point"
      },
      "properties": {
        "bangumi_id": 1424,
        "bangumi_title": "轻音少女",
        "ep_cut": "",
        "image_url": "https://w.junreimap.com/images/points/1424/s9cf140i3_1737866633484.jpg",
        "location": "豐鄉小学校3F",
        "point_id": "s9cf140i3",
        "point_name": "豊郷小学校3F",
        "remark": "2F至3F台阶转角处。现实中此处的窗户样式和作品中不一样，但和南北两侧台阶的窗户外形一致。但南北台阶的两侧开了采光窗，很难还原原作结构。"
      },
      "type": "Feature"
    },
    {
      "geometry": {
        "coordinates": [
          136.232771,
          35.203402
        ],
        "type": "Point"
      },
      "properties": {
        "bangumi_id": 1424,
        "bangumi_title": "轻音少女",
        "ep_cut": "",
        "image_url": "https://w.junreimap.com/images/points/1424/s9cep1r89_1737866603930.jpg",
        "location": "豐鄉小学校3F",
        "point_id": "s9cep1r89",
        "point_name": "豊郷小学校3F",
        "remark": "2F至3F台阶转角处。"
      },
      "type": "Feature"
    },
    {
      "geometry": {
        "coordinates": [
          136.232767,
          35.203397
        ],
        "type": "Point"
      },
      "properties": {
        "bangumi_id": 1424,
        "bangumi_title": "轻音少女",
        "ep_cut": "",
        "image_url": "https://w.junreimap.com/images/points/1424/s9c8nvjpa_1737866236177.jpg",
        "location": "豐鄉小学校3F",
        "point_id": "s9c8nvjpa",
        "point_name": "豊郷小学校3F",
        "remark": "2F至3F台阶转角处。现实中此处的窗户样式和作品中不一样，但和南北两侧台阶的窗户外形一致。但南北台阶的两侧开了采光窗，很难还原原作结构。"
      },
      "type": "Feature"
    },
    {
      "geometry": {
        "coordinates": [
          136.233082,
          35.203732
        ],
        "type": "Point"
      },
      "properties": {
        "bangumi_id": 1424,
        "bangumi_title": "轻音少女",
        "ep_cut": "",
        "image_url": "https://w.junreimap.com/images/points/1424/s9mvs7lh8_1737889402870.jpg",
        "location": "豐鄉小学校2F",
        "point_id": "s9mvs7lh8",
        "point_name": "豊郷小学校2F",
        "remark": "2F北侧台阶边的洗手池"
      },
      "type": "Feature"
    },
    {
      "geometry": {
        "coordinates": [
          136.233222,
          35.203116
        ],
        "type": "Point"
      },
      "properties": {
        "bangumi_id": 1424,
        "bangumi_title": "轻音少女",
        "ep_cut": "",
        "image_url": "https://w.junreimap.com/images/points/1424/s9mwh98te_1737889444498.jpg",
        "location": "豐鄉小学校（室外）",
        "point_id": "s9mwh98te",
        "point_name": "豊郷小学校",
        "remark": "该操场现隶属于新建的丰乡小，请勿进入。"
      },
      "type": "Feature"
    },
    {
      "geometry": {
        "coordinates": [
          136.232168,
          35.203152
        ],
        "type": "Point"
      },
      "properties": {
        "bangumi_id": 1424,
        "bangumi_title": "轻音少女",
        "ep_cut": "",
        "image_url": "https://w.junreimap.com/images/points/1424/s9mxenmbz_1737889500139.jpg",
        "location": "豐鄉小学校（礼堂）",
        "point_id": "s9mxenmbz",
        "point_name": "豊郷小学校1F",
        "remark": "礼堂现为町民用设施，有概率因各种原因关闭。我一共跑了四趟丰乡，每次都因为活动/整备关闭 :("
      },
      "type": "Feature"
    },
    {
      "geometry": {
        "coordinates": [
          136.232131,
          35.203109
        ],
        "type": "Point"
      },
      "properties": {
        "bangumi_id": 1424,
        "bangumi_title": "轻音少女",
        "ep_cut": "",
        "image_url": "https://w.junreimap.com/images/points/1424/s9n1o04d8_1737889758126.jpg",
        "location": "豐鄉小学校（礼堂）",
        "point_id": "s9n1o04d8",
        "point_name": "豊郷小学校1F",
        "remark": "礼堂现为町民用设施，有概率因各种原因关闭。我一共跑了四趟丰乡，每次都因为活动/整备关闭 :("
      },
      "type": "Feature"
    },
    {
      "geometry": {
        "coordinates": [
          136.232127,
          35.203022
        ],
        "type": "Point"
      },
      "properties": {
        "bangumi_id": 1424,
        "bangumi_title": "轻音少女",
        "ep_cut": "",
        "image_url": "https://w.junreimap.com/images/points/1424/s9mxsxyyn_1737889528070.jpg",
        "location": "豐鄉小学校（礼堂）",
        "point_id": "s9mxsxyyn",
        "point_name": "豊郷小学校1F",
        "remark": "礼堂舞台"
      },
      "type": "Feature"
    },
    {
      "geometry": {
        "coordinates": [
          136.232164,
          35.203084
        ],
        "type": "Point"
      },
      "properties": {
        "bangumi_id": 1424,
        "bangumi_title": "轻音少女",
        "ep_cut": "",
        "image_url": "https://w.junreimap.com/images/points/1424/s9n2hk0as_1737889810362.jpg",
        "location": "豐鄉小学校（礼堂）",
        "point_id": "s9n2hk0as",
        "point_name": "豊郷小学校1F",
        "remark": "礼堂现为町民用设施，有概率因各种原因关闭。我一共跑了四趟丰乡，每次都因为活动/整备关闭 :("
      },
      "type": "Feature"
    },
    {
      "geometry": {
        "coordinates": [
          136.232406,
          35.20313
        ],
        "type": "Point"
      },
      "properties": {
        "bangumi_id": 1424,
        "bangumi_title": "轻音少女",
        "ep_cut": "",
        "image_url": "https://w.junreimap.com/images/points/1424/s9n2sakw4_1737889825309.jpg",
        "location": "豐鄉小学校（礼堂）",
        "point_id": "s9n2sakw4",
        "point_name": "豊郷小学校",
        "remark": "走廊两侧有自动门，有时不开放"
      },
      "type": "Feature"
    },
    {
      "geometry": {
        "coordinates": [
          136.23237,
          35.203085
        ],
        "type": "Point"
      },
      "properties": {
        "bangumi_id": 1424,
        "bangumi_title": "轻音少女",
        "ep_cut": "",
        "image_url": "https://w.junreimap.com/images/points/1424/s9n3zvvrm_1737889899353.jpg",
        "location": "豐鄉小学校（礼堂）",
        "point_id": "s9n3zvvrm",
        "point_name": "豊郷小学校",
        "remark": ""
      },
      "type": "Feature"
    },
    {
      "geometry": {
        "coordinates": [
          136.232378,
          35.203096
        ],
        "type": "Point"
      },
      "properties": {
        "bangumi_id": 1424,
        "bangumi_title": "轻音少女",
        "ep_cut": "",
        "image_url": "https://w.junreimap.com/images/points/1424/s9n45o4g1_1737889908816.jpg",
        "location": "豐鄉小学校（礼堂）",
        "point_id": "s9n45o4g1",
        "point_name": "豊郷小学校",
        "remark": ""
      },
      "type": "Feature"
    },
    {
      "geometry": {
        "coordinates": [
          136.232435,
          35.203106
        ],
        "type": "Point"
      },
      "properties": {
        "bangumi_id": 1424,
        "bangumi_title": "轻音少女",
        "ep_cut": "",
        "image_url": "https://w.junreimap.com/images/points/1424/s9n48f2gl_1737889915595.jpg",
        "location": "豐鄉小学校（礼堂）",
        "point_id": "s9n48f2gl",
        "point_name": "豊郷小学校",
        "remark": ""
      },
      "type": "Feature"
    },
    {
      "geometry": {
        "coordinates": [
          136.232395,
          35.203117
        ],
        "type": "Point"
      },
      "properties": {
        "bangumi_id": 1424,
        "bangumi_title": "轻音少女",
        "ep_cut": "",
        "image_url": "https://w.junreimap.com/images/points/1424/s9n38r4jb_1737889853089.jpg",
        "location": "豐鄉小学校（礼堂）",
        "point_id": "s9n38r4jb",
        "point_name": "豊郷小学校",
        "remark": "走廊两侧有自动门，有时不开放"
      },
      "type": "Feature"
    },
    {
      "geometry": {
        "coordinates": [
          136.232431,
          35.203058
        ],
        "type": "Point"
      },
      "properties": {
        "bangumi_id": 1424,
        "bangumi_title": "轻音少女",
        "ep_cut": "",
        "image_url": "https://w.junreimap.com/images/points/1424/s9n3ebr5b_1737889864329.jpg",
        "location": "豐鄉小学校（礼堂）",
        "point_id": "s9n3ebr5b",
        "point_name": "豊郷小学校",
        "remark": "走廊门有时会上锁"
      },
      "type": "Feature"
    },
    {
      "geometry": {
        "coordinates": [
          136.232904,
          35.203951
        ],
        "type": "Point"
      },
      "properties": {
        "bangumi_id": 1424,
        "bangumi_title": "轻音少女",
        "ep_cut": "",
        "image_url": "https://w.junreimap.com/images/points/1424/s9n50zvht_1737889962657.jpg",
        "location": "豊郷小学校商店",
        "point_id": "s9n50zvht",
        "point_name": "豊郷小学校商店",
        "remark": "作品中图书馆的现实位置，现为豊郷小学校商店及轻音周边展览馆。商店可购买轻音的木制杯垫、铁制挂件、文件夹等周边商品，消费达标有丰乡登校证。亦设有以维持运营为目的的捐款箱。"
      },
      "type": "Feature"
    },
    {
      "geometry": {
        "coordinates": [
          136.233004,
          35.203991
        ],
        "type": "Point"
      },
      "properties": {
        "bangumi_id": 1424,
        "bangumi_title": "轻音少女",
        "ep_cut": "",
        "image_url": "https://w.junreimap.com/images/points/1424/s9n9443oi_1737890207969.jpg",
        "location": "豊郷小学校商店",
        "point_id": "s9n9443oi",
        "point_name": "豊郷小学校商店",
        "remark": ""
      },
      "type": "Feature"
    },
    {
      "geometry": {
        "coordinates": [
          136.233026,
          35.204038
        ],
        "type": "Point"
      },
      "properties": {
        "bangumi_id": 1424,
        "bangumi_title": "轻音少女",
        "ep_cut": "",
        "image_url": "https://w.junreimap.com/images/points/1424/s9n9aodcn_1737890219349.jpg",
        "location": "豊郷小学校商店",
        "point_id": "s9n9aodcn",
        "point_name": "豊郷小学校商店",
        "remark": ""
      },
      "type": "Feature"
    },
    {
      "geometry": {
        "coordinates": [
          136.232995,
          35.204084
        ],
        "type": "Point"
      },
      "properties": {
        "bangumi_id": 1424,
        "bangumi_title": "轻音少女",
        "ep_cut": "",
        "image_url": "https://w.junreimap.com/images/user/0/bangumi/1424/points/s9n7yk9s5-1749735522107.jpg",
        "location": "豊郷小学校商店",
        "point_id": "s9n7yk9s5",
        "point_name": "豊郷小学校商店",
        "remark": "商店1F/2F均有大量轻音相关周边长期展出。"
      },
      "type": "Feature"
    },
    {
      "geometry": {
        "coordinates": [
          136.233097,
          35.203745
        ],
        "type": "Point"
      },
      "properties": {
        "bangumi_id": 1424,
        "bangumi_title": "轻音少女",
        "ep_cut": "",
        "image_url": "https://w.junreimap.com/images/points/1424/s9n9pge27_1737890243982.jpg",
        "location": "豐鄉小学校2F",
        "point_id": "s9n9pge27",
        "point_name": "豊郷小学校2F",
        "remark": "2F北侧台阶边的洗手池"
      },
      "type": "Feature"
    },
    {
      "geometry": {
        "coordinates": [
          136.2327,
          35.203374
        ],
        "type": "Point"
      },
      "properties": {
        "bangumi_id": 1424,
        "bangumi_title": "轻音少女",
        "ep_cut": "",
        "image_url": "https://w.junreimap.com/images/points/1424/s9na0mpiz_1737890264871.jpg",
        "location": "豐鄉小学校（室外）",
        "point_id": "s9na0mpiz",
        "point_name": "豊郷小学校（室外）",
        "remark": ""
      },
      "type": "Feature"
    },
    {
      "geometry": {
        "coordinates": [
          136.232728,
          35.203378
        ],
        "type": "Point"
      },
      "properties": {
        "bangumi_id": 1424,
        "bangumi_title": "轻音少女",
        "ep_cut": "",
        "image_url": "https://w.junreimap.com/images/points/1424/s9naea5f3_1737890285795.jpg",
        "location": "豐鄉小学校（室外）",
        "point_id": "s9naea5f3",
        "point_name": "豊郷小学校（室外）",
        "remark": ""
      },
      "type": "Feature"
    },
    {
      "geometry": {
        "coordinates": [
          136.232729,
          35.203342
        ],
        "type": "Point"
      },
      "properties": {
        "bangumi_id": 1424,
        "bangumi_title": "轻音少女",
        "ep_cut": "",
        "image_url": "https://w.junreimap.com/images/points/1424/s9nahsybk_1737890291582.jpg",
        "location": "豐鄉小学校（室外）",
        "point_id": "s9nahsybk",
        "point_name": "豊郷小学校（室外）",
        "remark": ""
      },
      "type": "Feature"
    },
    {
      "geometry": {
        "coordinates": [
          136.232674,
          35.203386
        ],
        "type": "Point"
      },
      "properties": {
        "bangumi_id": 1424,
        "bangumi_title": "轻音少女",
        "ep_cut": "",
        "image_url": "https://w.junreimap.com/images/points/1424/s9nal5t6b_1737890297858.jpg",
        "location": "豐鄉小学校（室外）",
        "point_id": "s9nal5t6b",
        "point_name": "豊郷小学校（室外）",
        "remark": ""
      },
      "type": "Feature"
    },
    {
      "geometry": {
        "coordinates": [
          136.232308,
          35.203246
        ],
        "type": "Point"
      },
      "properties": {
        "bangumi_id": 1424,
        "bangumi_title": "轻音少女",
        "ep_cut": "",
        "image_url": "https://w.junreimap.com/images/points/1424/s9naput6c_1737890305346.jpg",
        "location": "豐鄉小学校（室外）",
        "point_id": "s9naput6c",
        "point_name": "豊郷小学校（室外）",
        "remark": ""
      },
      "type": "Feature"
    },
    {
      "geometry": {
        "coordinates": [
          136.232193,
          35.203327
        ],
        "type": "Point"
      },
      "properties": {
        "bangumi_id": 1424,
        "bangumi_title": "轻音少女",
        "ep_cut": "",
        "image_url": "https://w.junreimap.com/images/points/1424/s9narzic2_1737890308716.jpg",
        "location": "豐鄉小学校（室外）",
        "point_id": "s9narzic2",
        "point_name": "豊郷小学校（室外）",
        "remark": ""
      },
      "type": "Feature"
    },
    {
      "geometry": {
        "coordinates": [
          136.232216,
          35.20324
        ],
        "type": "Point"
      },
      "properties": {
        "bangumi_id": 1424,
        "bangumi_title": "轻音少女",
        "ep_cut": "",
        "image_url": "https://w.junreimap.com/images/points/1424/s9nawjb8q_1737890317391.jpg",
        "location": "豐鄉小学校（室外）",
        "point_id": "s9nawjb8q",
        "point_name": "豊郷小学校（室外）",
        "remark": ""
      },
      "type": "Feature"
    },
    {
      "geometry": {
        "coordinates": [
          136.232298,
          35.203332
        ],
        "type": "Point"
      },
      "properties": {
        "bangumi_id": 1424,
        "bangumi_title": "轻音少女",
        "ep_cut": "",
        "image_url": "https://w.junreimap.com/images/points/1424/s9nb38pp6_1737890327994.jpg",
        "location": "豐鄉小学校（室外）",
        "point_id": "s9nb38pp6",
        "point_name": "豊郷小学校（室外）",
        "remark": "从点位向商店方向拍摄"
      },
      "type": "Feature"
    },
    {
      "geometry": {
        "coordinates": [
          136.23228,
          35.203209
        ],
        "type": "Point"
      },
      "properties": {
        "bangumi_id": 1424,
        "bangumi_title": "轻音少女",
        "ep_cut": "",
        "image_url": "https://w.junreimap.com/images/points/1424/s9nbdaes6_1737890344452.jpg",
        "location": "豐鄉小学校（室外）",
        "point_id": "s9nbdaes6",
        "point_name": "豊郷小学校（室外）",
        "remark": ""
      },
      "type": "Feature"
    },
    {
      "geometry": {
        "coordinates": [
          136.232439,
          35.203235
        ],
        "type": "Point"
      },
      "properties": {
        "bangumi_id": 1424,
        "bangumi_title": "轻音少女",
        "ep_cut": "",
        "image_url": "https://w.junreimap.com/images/points/1424/s9nbgisbe_1737890520839.jpg",
        "location": "豐鄉小学校（室外）",
        "point_id": "s9nbgisbe",
        "point_name": "豊郷小学校（室外）",
        "remark": ""
      },
      "type": "Feature"
    },
    {
      "geometry": {
        "coordinates": [
          136.232649,
          35.203508
        ],
        "type": "Point"
      },
      "properties": {
        "bangumi_id": 1424,
        "bangumi_title": "轻音少女",
        "ep_cut": "",
        "image_url": "https://w.junreimap.com/images/points/1424/s9ney1ebi_1737890560485.jpg",
        "location": "豐鄉小学校（室外）",
        "point_id": "s9ney1ebi",
        "point_name": "豊郷小学校（室外）",
        "remark": ""
      },
      "type": "Feature"
    },
    {
      "geometry": {
        "coordinates": [
          136.232589,
          35.203535
        ],
        "type": "Point"
      },
      "properties": {
        "bangumi_id": 1424,
        "bangumi_title": "轻音少女",
        "ep_cut": "",
        "image_url": "https://w.junreimap.com/images/points/1424/s9nf4uykb_1737890578131.jpg",
        "location": "豐鄉小学校（室外）",
        "point_id": "s9nf4uykb",
        "point_name": "豊郷小学校（室外）",
        "remark": ""
      },
      "type": "Feature"
    },
    {
      "geometry": {
        "coordinates": [
          136.232565,
          35.203546
        ],
        "type": "Point"
      },
      "properties": {
        "bangumi_id": 1424,
        "bangumi_title": "轻音少女",
        "ep_cut": "",
        "image_url": "https://w.junreimap.com/images/points/1424/s9nfdgn55_1737890586989.jpg",
        "location": "豐鄉小学校（室外）",
        "point_id": "s9nfdgn55",
        "point_name": "豊郷小学校（室外）",
        "remark": ""
      },
      "type": "Feature"
    },
    {
      "geometry": {
        "coordinates": [
          136.232733,
          35.203634
        ],
        "type": "Point"
      },
      "properties": {
        "bangumi_id": 1424,
        "bangumi_title": "轻音少女",
        "ep_cut": "",
        "image_url": "https://w.junreimap.com/images/points/1424/s9nfhrbg9_1737890593817.jpg",
        "location": "豐鄉小学校（室外）",
        "point_id": "s9nfhrbg9",
        "point_name": "豊郷小学校（室外）",
        "remark": ""
      },
      "type": "Feature"
    },
    {
      "geometry": {
        "coordinates": [
          136.23277,
          35.203617
        ],
        "type": "Point"
      },
      "properties": {
        "bangumi_id": 1424,
        "bangumi_title": "轻音少女",
        "ep_cut": "",
        "image_url": "https://w.junreimap.com/images/points/1424/s9nfkdofo_1737890598482.jpg",
        "location": "豐鄉小学校（室外）",
        "point_id": "s9nfkdofo",
        "point_name": "豊郷小学校（室外）",
        "remark": ""
      },
      "type": "Feature"
    },
    {
      "geometry": {
        "coordinates": [
          136.232673,
          35.203674
        ],
        "type": "Point"
      },
      "properties": {
        "bangumi_id": 1424,
        "bangumi_title": "轻音少女",
        "ep_cut": "",
        "image_url": "https://w.junreimap.com/images/points/1424/s9nfq1pjp_1737890608046.jpg",
        "location": "豐鄉小学校（室外）",
        "point_id": "s9nfq1pjp",
        "point_name": "豊郷小学校（室外）",
        "remark": ""
      },
      "type": "Feature"
    },
    {
      "geometry": {
        "coordinates": [
          136.232689,
          35.203702
        ],
        "type": "Point"
      },
      "properties": {
        "bangumi_id": 1424,
        "bangumi_title": "轻音少女",
        "ep_cut": "",
        "image_url": "https://w.junreimap.com/images/points/1424/s9nfrwuka_1737890611000.jpg",
        "location": "豐鄉小学校（室外）",
        "point_id": "s9nfrwuka",
        "point_name": "豊郷小学校（室外）",
        "remark": ""
      },
      "type": "Feature"
    },
    {
      "geometry": {
        "coordinates": [
          136.23248,
          35.203591
        ],
        "type": "Point"
      },
      "properties": {
        "bangumi_id": 1424,
        "bangumi_title": "轻音少女",
        "ep_cut": "",
        "image_url": "https://w.junreimap.com/images/points/1424/s9nfw3j69_1737890618354.jpg",
        "location": "豐鄉小学校（室外）",
        "point_id": "s9nfw3j69",
        "point_name": "豊郷小学校（室外）",
        "remark": ""
      },
      "type": "Feature"
    },
    {
      "geometry": {
        "coordinates": [
          136.232485,
          35.203371
        ],
        "type": "Point"
      },
      "properties": {
        "bangumi_id": 1424,
        "bangumi_title": "轻音少女",
        "ep_cut": "",
        "image_url": "https://w.junreimap.com/images/points/1424/s9ng95i3g_1737890640180.jpg",
        "location": "豐鄉小学校（室外）",
        "point_id": "s9ng95i3g",
        "point_name": "豊郷小学校（室外）",
        "remark": ""
      },
      "type": "Feature"
    },
    {
      "geometry": {
        "coordinates": [
          136.232525,
          35.203568
        ],
        "type": "Point"
      },
      "properties": {
        "bangumi_id": 1424,
        "bangumi_title": "轻音少女",
        "ep_cut": "",
        "image_url": "https://w.junreimap.com/images/points/1424/s9ngdidwl_1737890650033.jpg",
        "location": "豐鄉小学校（室外）",
        "point_id": "s9ngdidwl",
        "point_name": "豊郷小学校（室外）",
        "remark": ""
      },
      "type": "Feature"
    },
    {
      "geometry": {
        "coordinates": [
          136.232525,
          35.203266
        ],
        "type": "Point"
      },
      "properties": {
        "bangumi_id": 1424,
        "bangumi_title": "轻音少女",
        "ep_cut": "",
        "image_url": "https://w.junreimap.com/images/points/1424/s9nglumpp_1737890662543.jpg",
        "location": "豐鄉小学校（室外）",
        "point_id": "s9nglumpp",
        "point_name": "豊郷小学校（室外）",
        "remark": "为避免踩踏草坪，此处建议携带长焦镜头从走廊附近的人行道拍摄。"
      },
      "type": "Feature"
    },
    {
      "geometry": {
        "coordinates": [
          136.2325,
          35.203494
        ],
        "type": "Point"
      },
      "properties": {
        "bangumi_id": 1424,
        "bangumi_title": "轻音少女",
        "ep_cut": "",
        "image_url": "https://w.junreimap.com/images/points/1424/s9nhc3wtg_1737890705873.jpg",
        "location": "豐鄉小学校（室外）",
        "point_id": "s9nhc3wtg",
        "point_name": "豊郷小学校（室外）",
        "remark": ""
      },
      "type": "Feature"
    },
    {
      "geometry": {
        "coordinates": [
          136.232616,
          35.203523
        ],
        "type": "Point"
      },
      "properties": {
        "bangumi_id": 1424,
        "bangumi_title": "轻音少女",
        "ep_cut": "",
        "image_url": "https://w.junreimap.com/images/points/1424/s9nhih0on_1737890718839.jpg",
        "location": "豐鄉小学校（室外）",
        "point_id": "s9nhih0on",
        "point_name": "豊郷小学校（室外）",
        "remark": ""
      },
      "type": "Feature"
    },
    {
      "geometry": {
        "coordinates": [
          136.232887,
          35.203739
        ],
        "type": "Point"
      },
      "properties": {
        "bangumi_id": 1424,
        "bangumi_title": "轻音少女",
        "ep_cut": "",
        "image_url": "https://w.junreimap.com/images/points/1424/s9nhmokcq_1737890723162.jpg",
        "location": "豐鄉小学校（室外）",
        "point_id": "s9nhmokcq",
        "point_name": "豊郷小学校（室外）",
        "remark": "为避免踩踏草坪，此处建议携带长焦镜头从走廊附近的人行道拍摄，后期再进行畸变处理。"
      },
      "type": "Feature"
    },
    {
      "geometry": {
        "coordinates": [
          136.232634,
          35.203431
        ],
        "type": "Point"
      },
      "properties": {
        "bangumi_id": 1424,
        "bangumi_title": "轻音少女",
        "ep_cut": "",
        "image_url": "https://w.junreimap.com/images/points/1424/s9ni6b22h_1737890756509.jpg",
        "location": "豐鄉小学校（室外）",
        "point_id": "s9ni6b22h",
        "point_name": "豊郷小学校（室外）",
        "remark": ""
      },
      "type": "Feature"
    },
    {
      "geometry": {
        "coordinates": [
          136.232094,
          35.203815
        ],
        "type": "Point"
      },
      "properties": {
        "bangumi_id": 1424,
        "bangumi_title": "轻音少女",
        "ep_cut": 1,
        "image_url": "https://w.junreimap.com/images/points/1424/s9nijut9a_1737890780649.jpg",
        "location": "豐鄉小学校（室外）",
        "point_id": "s9nijut9a",
        "point_name": "豊郷小学校（室外）",
        "remark": ""
      },
      "type": "Feature"
    },
    {
      "geometry": {
        "coordinates": [
          136.232008,
          35.20386
        ],
        "type": "Point"
      },
      "properties": {
        "bangumi_id": 1424,
        "bangumi_title": "轻音少女",
        "ep_cut": "",
        "image_url": "https://w.junreimap.com/images/points/1424/s9nis39wy_1737890792952.jpg",
        "location": "豐鄉小学校（室外）",
        "point_id": "s9nis39wy",
        "point_name": "豊郷小学校（室外）",
        "remark": ""
      },
      "type": "Feature"
    },
    {
      "geometry": {
        "coordinates": [
          136.232055,
          35.203749
        ],
        "type": "Point"
      },
      "properties": {
        "bangumi_id": 1424,
        "bangumi_title": "轻音少女",
        "ep_cut": "",
        "image_url": "https://w.junreimap.com/images/points/1424/s9niw9oe9_1737890799583.jpg",
        "location": "豐鄉小学校（室外）",
        "point_id": "s9niw9oe9",
        "point_name": "豊郷小学校（室外）",
        "remark": ""
      },
      "type": "Feature"
    },
    {
      "geometry": {
        "coordinates": [
          136.232125,
          35.203795
        ],
        "type": "Point"
      },
      "properties": {
        "bangumi_id": 1424,
        "bangumi_title": "轻音少女",
        "ep_cut": "",
        "image_url": "https://w.junreimap.com/images/points/1424/s9nj1f1ti_1737890808479.jpg",
        "location": "豐鄉小学校（室外）",
        "point_id": "s9nj1f1ti",
        "point_name": "豊郷小学校（室外）",
        "remark": ""
      },
      "type": "Feature"
    },
    {
      "geometry": {
        "coordinates": [
          136.232496,
          35.203749
        ],
        "type": "Point"
      },
      "properties": {
        "bangumi_id": 1424,
        "bangumi_title": "轻音少女",
        "ep_cut": "",
        "image_url": "https://w.junreimap.com/images/points/1424/s9nj513cx_1737890814795.jpg",
        "location": "豐鄉小学校（室外）",
        "point_id": "s9nj513cx",
        "point_name": "豊郷小学校（室外）",
        "remark": ""
      },
      "type": "Feature"
    },
    {
      "geometry": {
        "coordinates": [
          136.232082,
          35.203734
        ],
        "type": "Point"
      },
      "properties": {
        "bangumi_id": 1424,
        "bangumi_title": "轻音少女",
        "ep_cut": "",
        "image_url": "https://w.junreimap.com/images/points/1424/s9nj9bwnz_1737890821676.jpg",
        "location": "豐鄉小学校（室外）",
        "point_id": "s9nj9bwnz",
        "point_name": "豊郷小学校（室外）",
        "remark": ""
      },
      "type": "Feature"
    },
    {
      "geometry": {
        "coordinates": [
          136.232031,
          35.20372
        ],
        "type": "Point"
      },
      "properties": {
        "bangumi_id": 1424,
        "bangumi_title": "轻音少女",
        "ep_cut": "",
        "image_url": "https://w.junreimap.com/images/points/1424/s9njc67dp_1737890826657.jpg",
        "location": "豐鄉小学校（室外）",
        "point_id": "s9njc67dp",
        "point_name": "豊郷小学校（室外）",
        "remark": ""
      },
      "type": "Feature"
    },
    {
      "geometry": {
        "coordinates": [
          136.232196,
          35.203908
        ],
        "type": "Point"
      },
      "properties": {
        "bangumi_id": 1424,
        "bangumi_title": "轻音少女",
        "ep_cut": "",
        "image_url": "https://w.junreimap.com/images/points/1424/s9njgxogq_1737890834501.jpg",
        "location": "豐鄉小学校（室外）",
        "point_id": "s9njgxogq",
        "point_name": "豊郷小学校（室外）",
        "remark": ""
      },
      "type": "Feature"
    },
    {
      "geometry": {
        "coordinates": [
          136.232167,
          35.203769
        ],
        "type": "Point"
      },
      "properties": {
        "bangumi_id": 1424,
        "bangumi_title": "轻音少女",
        "ep_cut": "",
        "image_url": "https://w.junreimap.com/images/points/1424/s9njlgdoa_1737890842309.jpg",
        "location": "豐鄉小学校（室外）",
        "point_id": "s9njlgdoa",
        "point_name": "豊郷小学校（室外）",
        "remark": ""
      },
      "type": "Feature"
    },
    {
      "geometry": {
        "coordinates": [
          136.232039,
          35.203847
        ],
        "type": "Point"
      },
      "properties": {
        "bangumi_id": 1424,
        "bangumi_title": "轻音少女",
        "ep_cut": "",
        "image_url": "https://w.junreimap.com/images/points/1424/s9njpotxu_1737890849618.jpg",
        "location": "豐鄉小学校（室外）",
        "point_id": "s9njpotxu",
        "point_name": "豊郷小学校（室外）",
        "remark": ""
      },
      "type": "Feature"
    },
    {
      "geometry": {
        "coordinates": [
          136.232438,
          35.203612
        ],
        "type": "Point"
      },
      "properties": {
        "bangumi_id": 1424,
        "bangumi_title": "轻音少女",
        "ep_cut": "",
        "image_url": "https://w.junreimap.com/images/points/1424/s9nfyqwxs_1737890625258.jpg",
        "location": "豐鄉小学校（室外）",
        "point_id": "s9nfyqwxs",
        "point_name": "豊郷小学校（室外）",
        "remark": ""
      },
      "type": "Feature"
    },
    {
      "geometry": {
        "coordinates": [
          135.746849,
          35.037589
        ],
        "type": "Point"
      },
      "properties": {
        "bangumi_id": 1424,
        "bangumi_title": "轻音少女",
        "ep_cut": 11,
        "image_url": "https://w.junreimap.com/images/points/1424/s9nxzig8j_1737891718097.jpg",
        "location": "カフェ さらさ西陣",
        "point_id": "s9nxzig8j",
        "point_name": "カフェ さらさ西陣",
        "remark": ""
      },
      "type": "Feature"
    },
    {
      "geometry": {
        "coordinates": [
          135.746888,
          35.037596
        ],
        "type": "Point"
      },
      "properties": {
        "bangumi_id": 1424,
        "bangumi_title": "轻音少女",
        "ep_cut": 11,
        "image_url": "https://w.junreimap.com/images/points/1424/s9ny7kewe_1737891726730.jpg",
        "location": "カフェ さらさ西陣",
        "point_id": "s9ny7kewe",
        "point_name": "カフェ さらさ西陣",
        "remark": ""
      },
      "type": "Feature"
    },
    {
      "geometry": {
        "coordinates": [
          135.74688,
          35.037614
        ],
        "type": "Point"
      },
      "properties": {
        "bangumi_id": 1424,
        "bangumi_title": "轻音少女",
        "ep_cut": 11,
        "image_url": "https://w.junreimap.com/images/points/1424/s9nyq49qm_1737891756943.jpg",
        "location": "カフェ さらさ西陣",
        "point_id": "s9nyq49qm",
        "point_name": "カフェ さらさ西陣",
        "remark": ""
      },
      "type": "Feature"
    },
    {
      "geometry": {
        "coordinates": [
          135.773239,
          35.030665
        ],
        "type": "Point"
      },
      "properties": {
        "bangumi_id": 1424,
        "bangumi_title": "轻音少女",
        "ep_cut": "EP13",
        "image_url": "https://w.junreimap.com/images/points/1424/s9o20elk5_1737891955295.jpg",
        "location": "鸭川三角洲周边",
        "point_id": "s9o20elk5",
        "point_name": "叡山電鉄出町柳駅",
        "remark": "进站后，最左侧的站台便是紬紬所站的位置"
      },
      "type": "Feature"
    },
    {
      "geometry": {
        "coordinates": [
          135.773242,
          35.03055
        ],
        "type": "Point"
      },
      "properties": {
        "bangumi_id": 1424,
        "bangumi_title": "轻音少女",
        "ep_cut": "EP13",
        "image_url": "https://w.junreimap.com/images/points/1424/s9o35xdj4_1737892024983.jpg",
        "location": "鸭川三角洲周边",
        "point_id": "s9o35xdj4",
        "point_name": "叡山電鉄出町柳駅",
        "remark": ""
      },
      "type": "Feature"
    },
    {
      "geometry": {
        "coordinates": [
          135.77176,
          35.029455
        ],
        "type": "Point"
      },
      "properties": {
        "bangumi_id": 1424,
        "bangumi_title": "轻音少女",
        "ep_cut": "",
        "image_url": "https://w.junreimap.com/images/points/1424/s9o3rs5zv_1737892062850.jpg",
        "location": "鸭川三角洲周边",
        "point_id": "s9o3rs5zv",
        "point_name": "鸭川三角洲",
        "remark": "鸭川三角洲两侧都有石头构成的通路，只有一侧的石头形状和背景台阶与原作一致，在点位处仔细观察即可。"
      },
      "type": "Feature"
    },
    {
      "geometry": {
        "coordinates": [
          135.770313,
          35.008054
        ],
        "type": "Point"
      },
      "properties": {
        "bangumi_id": 1424,
        "bangumi_title": "轻音少女",
        "ep_cut": 14,
        "image_url": "https://w.junreimap.com/images/points/1424/s9o7bk8tj_1737892281099.jpg",
        "location": "西木屋町通",
        "point_id": "s9o7bk8tj",
        "point_name": "西木屋町通",
        "remark": ""
      },
      "type": "Feature"
    },
    {
      "geometry": {
        "coordinates": [
          135.770142,
          35.008046
        ],
        "type": "Point"
      },
      "properties": {
        "bangumi_id": 1424,
        "bangumi_title": "轻音少女",
        "ep_cut": 14,
        "image_url": "https://w.junreimap.com/images/points/1424/s9o7nrxv3_1737892296842.jpg",
        "location": "西木屋町通",
        "point_id": "s9o7nrxv3",
        "point_name": "西木屋町通",
        "remark": ""
      },
      "type": "Feature"
    },
    {
      "geometry": {
        "coordinates": [
          135.767743,
          35.008717
        ],
        "type": "Point"
      },
      "properties": {
        "bangumi_id": 1424,
        "bangumi_title": "轻音少女",
        "ep_cut": 2,
        "image_url": "https://w.junreimap.com/images/points/1424/s9o99xc7u_1737892396531.jpg",
        "location": "新京極商店街",
        "point_id": "s9o99xc7u",
        "point_name": "JEUGIA三条本店",
        "remark": "除音像制品和乐器外，店内还有京阿尼周边出售。"
      },
      "type": "Feature"
    },
    {
      "geometry": {
        "coordinates": [
          135.767444,
          35.008707
        ],
        "type": "Point"
      },
      "properties": {
        "bangumi_id": 1424,
        "bangumi_title": "轻音少女",
        "ep_cut": 10,
        "image_url": "https://w.junreimap.com/images/points/1424/s9oa99ttk_1737892454017.jpg",
        "location": "新京極商店街",
        "point_id": "s9oa99ttk",
        "point_name": "时钟（三条通）",
        "remark": ""
      },
      "type": "Feature"
    },
    {
      "geometry": {
        "coordinates": [
          135.768374,
          35.005875
        ],
        "type": "Point"
      },
      "properties": {
        "bangumi_id": 1424,
        "bangumi_title": "轻音少女",
        "ep_cut": "",
        "image_url": "https://w.junreimap.com/images/points/1424/s9odkihkv_1737892655961.jpg",
        "location": "新京極商店街",
        "point_id": "s9odkihkv",
        "point_name": "牛カツ京都勝牛 河原町店前",
        "remark": ""
      },
      "type": "Feature"
    },
    {
      "geometry": {
        "coordinates": [
          135.766798,
          35.003754
        ],
        "type": "Point"
      },
      "properties": {
        "bangumi_id": 1424,
        "bangumi_title": "轻音少女",
        "ep_cut": 2,
        "image_url": "https://w.junreimap.com/images/points/1424/s9sd540bs_1737901335695.jpg",
        "location": "新京極商店街",
        "point_id": "s9sd540bs",
        "point_name": "新京極商店街",
        "remark": ""
      },
      "type": "Feature"
    },
    {
      "geometry": {
        "coordinates": [
          135.766809,
          35.003781
        ],
        "type": "Point"
      },
      "properties": {
        "bangumi_id": 1424,
        "bangumi_title": "轻音少女",
        "ep_cut": 2,
        "image_url": "https://w.junreimap.com/images/points/1424/s9sdusecv_1737901378925.jpg",
        "location": "新京極商店街",
        "point_id": "s9sdusecv",
        "point_name": "新京極商店街",
        "remark": ""
      },
      "type": "Feature"
    },
    {
      "geometry": {
        "coordinates": [
          135.766845,
          35.003788
        ],
        "type": "Point"
      },
      "properties": {
        "bangumi_id": 1424,
        "bangumi_title": "轻音少女",
        "ep_cut": 2,
        "image_url": "https://w.junreimap.com/images/points/1424/s9sdg3sd6_1737901354047.jpg",
        "location": "新京極商店街",
        "point_id": "s9sdg3sd6",
        "point_name": "新京極商店街",
        "remark": "第一集第二话7:38"
      },
      "type": "Feature"
    },
    {
      "geometry": {
        "coordinates": [
          135.767186,
          35.003692
        ],
        "type": "Point"
      },
      "properties": {
        "bangumi_id": 1424,
        "bangumi_title": "轻音少女",
        "ep_cut": 2,
        "image_url": "https://w.junreimap.com/images/points/1424/s9sdli13j_1737901363179.jpg",
        "location": "新京極商店街",
        "point_id": "s9sdli13j",
        "point_name": "新京極商店街",
        "remark": "轻音在此处的坐标整体偏移到了西侧的寺町京极。"
      },
      "type": "Feature"
    },
    {
      "geometry": {
        "coordinates": [
          135.769299,
          35.003784
        ],
        "type": "Point"
      },
      "properties": {
        "bangumi_id": 1424,
        "bangumi_title": "轻音少女",
        "ep_cut": 2,
        "image_url": "https://w.junreimap.com/images/points/1424/s9seqyz21_1737901435993.jpg",
        "location": "新京極商店街",
        "point_id": "s9seqyz21",
        "point_name": "河原町通",
        "remark": ""
      },
      "type": "Feature"
    },
    {
      "geometry": {
        "coordinates": [
          135.756902,
          35.00381
        ],
        "type": "Point"
      },
      "properties": {
        "bangumi_id": 1424,
        "bangumi_title": "轻音少女",
        "ep_cut": 9,
        "image_url": "https://w.junreimap.com/images/points/1424/s9sbviwgz_1737901260598.jpg",
        "location": "Kyoto MOJO",
        "point_id": "s9sbviwgz",
        "point_name": "Kyoto MOJO",
        "remark": ""
      },
      "type": "Feature"
    },
    {
      "geometry": {
        "coordinates": [
          135.756884,
          35.003732
        ],
        "type": "Point"
      },
      "properties": {
        "bangumi_id": 1424,
        "bangumi_title": "轻音少女",
        "ep_cut": 9,
        "image_url": "https://w.junreimap.com/images/points/1424/s9sbqlmnq_1737901250985.jpg",
        "location": "Kyoto MOJO",
        "point_id": "s9sbqlmnq",
        "point_name": "Kyoto MOJO",
        "remark": ""
      },
      "type": "Feature"
    },
    {
      "geometry": {
        "coordinates": [
          135.756883,
          35.003788
        ],
        "type": "Point"
      },
      "properties": {
        "bangumi_id": 1424,
        "bangumi_title": "轻音少女",
        "ep_cut": 9,
        "image_url": "https://w.junreimap.com/images/points/1424/s9sb0i8z2_1737901207521.jpg",
        "location": "Kyoto MOJO",
        "point_id": "s9sb0i8z2",
        "point_name": "Kyoto MOJO",
        "remark": ""
      },
      "type": "Feature"
    },
    {
      "geometry": {
        "coordinates": [
          135.786194,
          35.052179
        ],
        "type": "Point"
      },
      "properties": {
        "bangumi_id": 1424,
        "bangumi_title": "轻音少女",
        "ep_cut": "",
        "image_url": "https://w.junreimap.com/images/points/1424/s9stmf7p2_1737902332734.jpg",
        "location": "北山通（松ヶ﨑橋桥以西）",
        "point_id": "s9stmf7p2",
        "point_name": "松ヶ崎大黒天（鸟居）",
        "remark": ""
      },
      "type": "Feature"
    },
    {
      "geometry": {
        "coordinates": [
          135.786783,
          35.052966
        ],
        "type": "Point"
      },
      "properties": {
        "bangumi_id": 1424,
        "bangumi_title": "轻音少女",
        "ep_cut": 12,
        "image_url": "https://w.junreimap.com/images/points/1424/s9ss96mqg_1737902252938.jpg",
        "location": "北山通（松ヶ﨑橋桥以西）",
        "point_id": "s9ss96mqg",
        "point_name": "北山通",
        "remark": "在去松ヶ崎大黒天的路上有一条向东的小路，到点位附近后向南方向拍摄"
      },
      "type": "Feature"
    },
    {
      "geometry": {
        "coordinates": [
          135.791381,
          35.050075
        ],
        "type": "Point"
      },
      "properties": {
        "bangumi_id": 1424,
        "bangumi_title": "轻音少女",
        "ep_cut": 12,
        "image_url": "https://w.junreimap.com/images/points/1424/s9sx93tbb_1737902553331.jpg",
        "location": "北山通-修学院站附近",
        "point_id": "s9sx93tbb",
        "point_name": "白川通北山路口附近",
        "remark": ""
      },
      "type": "Feature"
    },
    {
      "geometry": {
        "coordinates": [
          135.791275,
          35.050143
        ],
        "type": "Point"
      },
      "properties": {
        "bangumi_id": 1424,
        "bangumi_title": "轻音少女",
        "ep_cut": 12,
        "image_url": "https://w.junreimap.com/images/points/1424/s9sxldp8o_1737902572971.jpg",
        "location": "北山通-修学院站附近",
        "point_id": "s9sxldp8o",
        "point_name": "白川通北山路口附近",
        "remark": ""
      },
      "type": "Feature"
    },
    {
      "geometry": {
        "coordinates": [
          135.784265,
          35.05207
        ],
        "type": "Point"
      },
      "properties": {
        "bangumi_id": 1424,
        "bangumi_title": "轻音少女",
        "ep_cut": 1,
        "image_url": "https://w.junreimap.com/images/points/1424/s9tzy1ua9_1737904891552.jpg",
        "location": "北山通（松ヶ﨑橋桥以西）",
        "point_id": "s9tzy1ua9",
        "point_name": "北山通",
        "remark": ""
      },
      "type": "Feature"
    },
    {
      "geometry": {
        "coordinates": [
          135.787191,
          35.051847
        ],
        "type": "Point"
      },
      "properties": {
        "bangumi_id": 1424,
        "bangumi_title": "轻音少女",
        "ep_cut": "",
        "image_url": "https://w.junreimap.com/images/points/1424/s9u2hxyu8_1737905045997.jpg",
        "location": "北山通（松ヶ﨑橋桥以西）",
        "point_id": "s9u2hxyu8",
        "point_name": "北山通",
        "remark": ""
      },
      "type": "Feature"
    },
    {
      "geometry": {
        "coordinates": [
          135.790663,
          35.050599
        ],
        "type": "Point"
      },
      "properties": {
        "bangumi_id": 1424,
        "bangumi_title": "轻音少女",
        "ep_cut": 10,
        "image_url": "https://w.junreimap.com/images/points/1424/sadz54ff1_1737948381453.jpg",
        "location": "北山通-修学院站附近",
        "point_id": "sadz54ff1",
        "point_name": "修学院駅",
        "remark": "修学院站马路对面"
      },
      "type": "Feature"
    },
    {
      "geometry": {
        "coordinates": [
          135.790653,
          35.050431
        ],
        "type": "Point"
      },
      "properties": {
        "bangumi_id": 1424,
        "bangumi_title": "轻音少女",
        "ep_cut": 10,
        "image_url": "https://w.junreimap.com/images/points/1424/sae18g3tk_1737948507786.jpg",
        "location": "北山通-修学院站附近",
        "point_id": "sae18g3tk",
        "point_name": "修学院駅",
        "remark": "修学院站东侧"
      },
      "type": "Feature"
    },
    {
      "geometry": {
        "coordinates": [
          135.790586,
          35.050448
        ],
        "type": "Point"
      },
      "properties": {
        "bangumi_id": 1424,
        "bangumi_title": "轻音少女",
        "ep_cut": 1,
        "image_url": "https://w.junreimap.com/images/points/1424/sae300ncn_1737948615085.jpg",
        "location": "北山通-修学院站附近",
        "point_id": "sae300ncn",
        "point_name": "修学院駅",
        "remark": "第一话呆唯跑过修学院站出入口前"
      },
      "type": "Feature"
    },
    {
      "geometry": {
        "coordinates": [
          135.793985,
          35.010934
        ],
        "type": "Point"
      },
      "properties": {
        "bangumi_id": 1424,
        "bangumi_title": "轻音少女",
        "ep_cut": "OP1",
        "image_url": "https://w.junreimap.com/images/points/1424/s9sg1nfnr_1737901512094.jpg",
        "location": "南禅寺",
        "point_id": "s9sg1nfnr",
        "point_name": "南禅寺水路阁",
        "remark": ""
      },
      "type": "Feature"
    },
    {
      "geometry": {
        "coordinates": [
          13.37814,
          52.516234
        ],
        "type": "Point"
      },
      "properties": {
        "bangumi_id": 1424,
        "bangumi_title": "轻音少女",
        "ep_cut": 7,
        "image_url": "https://w.junreimap.com/images/user/0/bangumi/1424/points/25idmig-1720632231036.jpg",
        "location": "海外",
        "point_id": "25idmig",
        "point_name": "ブランデンブルク門",
        "remark": "ドイツのブランデンブルク門（Brandenburuger Tor　ブランデンブルカー・トーア）。第7話で唯の両親が旅行に行った先。ブランデンブルク門はドイツの観光名所。"
      },
      "type": "Feature"
    },
    {
      "geometry": {
        "coordinates": [
          135.790625,
          35.05044
        ],
        "type": "Point"
      },
      "properties": {
        "bangumi_id": 1424,
        "bangumi_title": "轻音少女",
        "ep_cut": 9,
        "image_url": "https://w.junreimap.com/images/user/0/bangumi/3774/points/28bsith-1751867613702.jpg",
        "location": "修学院駅",
        "point_id": "28bsith",
        "point_name": "セブン-イレブン 京都修学院駅前店",
        "remark": "2期op"
      },
      "type": "Feature"
    },
    {
      "geometry": {
        "coordinates": [
          135.788971,
          35.051278
        ],
        "type": "Point"
      },
      "properties": {
        "bangumi_id": 1424,
        "bangumi_title": "轻音少女",
        "ep_cut": 3,
        "image_url": "https://w.junreimap.com/images/points/3774/s9tijzj57_1737903841686.jpg",
        "location": "松ヶ﨑橋",
        "point_id": "s9tijzj57",
        "point_name": "松ヶ﨑橋",
        "remark": ""
      },
      "type": "Feature"
    },
    {
      "geometry": {
        "coordinates": [
          135.788921,
          35.051303
        ],
        "type": "Point"
      },
      "properties": {
        "bangumi_id": 1424,
        "bangumi_title": "轻音少女",
        "ep_cut": 3,
        "image_url": "https://w.junreimap.com/images/user/0/bangumi/1424/points/s9tie70hj-1751862957037.jpg",
        "location": "松ヶ﨑橋",
        "point_id": "s9tie70hj",
        "point_name": "松ヶ﨑橋",
        "remark": ""
      },
      "type": "Feature"
    },
    {
      "geometry": {
        "coordinates": [
          135.791932,
          35.044041
        ],
        "type": "Point"
      },
      "properties": {
        "bangumi_id": 1424,
        "bangumi_title": "轻音少女",
        "ep_cut": 9,
        "image_url": "https://w.junreimap.com/images/user/0/bangumi/1424/points/5d9wjqb-1758696965066.jpg",
        "location": "白川通",
        "point_id": "5d9wjqb",
        "point_name": "ノースコート",
        "remark": "二期op"
      },
      "type": "Feature"
    },
    {
      "geometry": {
        "coordinates": [
          135.770467,
          35.008603
        ],
        "type": "Point"
      },
      "properties": {
        "bangumi_id": 1424,
        "bangumi_title": "轻音少女",
        "ep_cut": 14,
        "image_url": "https://w.junreimap.com/images/user/0/bangumi/1424/points/5p6aalz-1759416526321.jpg",
        "location": "西木屋町通",
        "point_id": "5p6aalz",
        "point_name": "木屋町長浜ラーメン前",
        "remark": ""
      },
      "type": "Feature"
    },
    {
      "geometry": {
        "coordinates": [
          135.288095,
          35.510848
        ],
        "type": "Point"
      },
      "properties": {
        "bangumi_id": 1424,
        "bangumi_title": "轻音少女",
        "ep_cut": 4,
        "image_url": "https://w.junreimap.com/images/user/0/bangumi/1424/points/auicpi3-1770623101014.jpg",
        "location": "丹後",
        "point_id": "auicpi3",
        "point_name": "京都丹後鉄道 由良川橋",
        "remark": "剧中第一次合宿乘搭的跨海电车原型：京都丹後鐵道KTR700型，颜色有些许差异。位置在由良川入海口附近的铁道桥上"
      },
      "type": "Feature"
    }
  ],
  "type": "FeatureCollection"
}