{
  "features": [
    {
      "geometry": {
        "coordinates": [
          136.924202,
          35.150189
        ],
        "type": "Point"
      },
      "properties": {
        "bangumi_id": 208146,
        "bangumi_title": "五等分的新娘",
        "ep_cut": "",
        "image_url": "https://w.junreimap.com/images/points/208146/p47bce868_1751877178234.jpg",
        "location": "爱知县名古屋市 グラストニア",
        "point_id": "p47bce868",
        "point_name": "グラストニア",
        "remark": ""
      },
      "type": "Feature"
    },
    {
      "geometry": {
        "coordinates": [
          135.202776,
          34.669142
        ],
        "type": "Point"
      },
      "properties": {
        "bangumi_id": 208146,
        "bangumi_title": "五等分的新娘",
        "ep_cut": "",
        "image_url": "https://w.junreimap.com/images/points/208146/p47g5nrmu_1751877219176.jpg",
        "location": "兵库县神户市",
        "point_id": "p47g5nrmu",
        "point_name": "Cafeteria BREATH",
        "remark": ""
      },
      "type": "Feature"
    },
    {
      "geometry": {
        "coordinates": [
          135.202793,
          34.66914
        ],
        "type": "Point"
      },
      "properties": {
        "bangumi_id": 208146,
        "bangumi_title": "五等分的新娘",
        "ep_cut": "",
        "image_url": "https://w.junreimap.com/images/points/208146/p47hzbo8a_1751877250652.jpg",
        "location": "兵库县神户市",
        "point_id": "p47hzbo8a",
        "point_name": "Cafeteria BREATH",
        "remark": ""
      },
      "type": "Feature"
    },
    {
      "geometry": {
        "coordinates": [
          136.893518,
          35.019677
        ],
        "type": "Point"
      },
      "properties": {
        "bangumi_id": 208146,
        "bangumi_title": "五等分的新娘",
        "ep_cut": "",
        "image_url": "https://w.junreimap.com/images/points/208146/p47tx9vlv_1751877318694.jpg",
        "location": "爱知县东海市 太田川站",
        "point_id": "p47tx9vlv",
        "point_name": "ソラト太田川",
        "remark": ""
      },
      "type": "Feature"
    },
    {
      "geometry": {
        "coordinates": [
          136.90447,
          35.043838
        ],
        "type": "Point"
      },
      "properties": {
        "bangumi_id": 208146,
        "bangumi_title": "五等分的新娘",
        "ep_cut": "",
        "image_url": "https://w.junreimap.com/images/user/2090/bangumi/208146/points/p47xr2cxy-1729001725822.jpg",
        "location": "爱知县东海市 聚乐园大佛",
        "point_id": "p47xr2cxy",
        "point_name": "聚楽園大仏",
        "remark": ""
      },
      "type": "Feature"
    },
    {
      "geometry": {
        "coordinates": [
          136.909813,
          35.134943
        ],
        "type": "Point"
      },
      "properties": {
        "bangumi_id": 208146,
        "bangumi_title": "五等分的新娘",
        "ep_cut": "",
        "image_url": "https://w.junreimap.com/images/user/2090/bangumi/208146/points/p47yfqknn-1729001776819.jpg",
        "location": "爱知县名古屋市 狮子中京大厦",
        "point_id": "p47yfqknn",
        "point_name": "ザ・​ライオンズミッドキャピタルタワー",
        "remark": ""
      },
      "type": "Feature"
    },
    {
      "geometry": {
        "coordinates": [
          136.92421,
          35.150191
        ],
        "type": "Point"
      },
      "properties": {
        "bangumi_id": 208146,
        "bangumi_title": "五等分的新娘",
        "ep_cut": "",
        "image_url": "https://w.junreimap.com/images/points/208146/p481zxj8b_1751877378505.jpg",
        "location": "爱知县名古屋市 グラストニア",
        "point_id": "p481zxj8b",
        "point_name": "グラストニア",
        "remark": ""
      },
      "type": "Feature"
    },
    {
      "geometry": {
        "coordinates": [
          136.924201,
          35.150191
        ],
        "type": "Point"
      },
      "properties": {
        "bangumi_id": 208146,
        "bangumi_title": "五等分的新娘",
        "ep_cut": 1,
        "image_url": "https://w.junreimap.com/images/user/2090/bangumi/208146/points/tn9h36-1748802965401.jpg",
        "location": "爱知县名古屋市 グラストニア",
        "point_id": "tn9h36",
        "point_name": "グラストニア",
        "remark": ""
      },
      "type": "Feature"
    },
    {
      "geometry": {
        "coordinates": [
          135.202778,
          34.669141
        ],
        "type": "Point"
      },
      "properties": {
        "bangumi_id": 208146,
        "bangumi_title": "五等分的新娘",
        "ep_cut": 1,
        "image_url": "https://w.junreimap.com/images/user/2090/bangumi/208146/points/tneytn-1748803230188.jpg",
        "location": "兵库县神户市",
        "point_id": "tneytn",
        "point_name": "Cafeteria BREATH",
        "remark": ""
      },
      "type": "Feature"
    },
    {
      "geometry": {
        "coordinates": [
          136.889198,
          35.022278
        ],
        "type": "Point"
      },
      "properties": {
        "bangumi_id": 208146,
        "bangumi_title": "五等分的新娘",
        "ep_cut": 1,
        "image_url": "https://w.junreimap.com/images/user/2090/bangumi/208146/points/p464k5dt1-1728997786456.jpg",
        "location": "爱知县东海市 日本​福祉​大学",
        "point_id": "p464k5dt1",
        "point_name": "日本​福祉​大​東海​キャンパス",
        "remark": ""
      },
      "type": "Feature"
    },
    {
      "geometry": {
        "coordinates": [
          135.202783,
          34.66914
        ],
        "type": "Point"
      },
      "properties": {
        "bangumi_id": 208146,
        "bangumi_title": "五等分的新娘",
        "ep_cut": 1,
        "image_url": "https://w.junreimap.com/images/user/2090/bangumi/208146/points/tniob2-1748803438989.jpg",
        "location": "兵库县神户市",
        "point_id": "tniob2",
        "point_name": "Cafeteria BREATH",
        "remark": ""
      },
      "type": "Feature"
    },
    {
      "geometry": {
        "coordinates": [
          136.893516,
          35.019685
        ],
        "type": "Point"
      },
      "properties": {
        "bangumi_id": 208146,
        "bangumi_title": "五等分的新娘",
        "ep_cut": 1,
        "image_url": "https://w.junreimap.com/images/user/2090/bangumi/208146/points/tnouiq-1748803665766.jpg",
        "location": "爱知县东海市 太田川站",
        "point_id": "tnouiq",
        "point_name": "ソラト太田川",
        "remark": ""
      },
      "type": "Feature"
    },
    {
      "geometry": {
        "coordinates": [
          136.904473,
          35.043831
        ],
        "type": "Point"
      },
      "properties": {
        "bangumi_id": 208146,
        "bangumi_title": "五等分的新娘",
        "ep_cut": 1,
        "image_url": "https://w.junreimap.com/images/user/2090/bangumi/208146/points/tnq66d-1748803731864.jpg",
        "location": "爱知县东海市 聚乐园大佛",
        "point_id": "tnq66d",
        "point_name": "聚楽園大仏",
        "remark": ""
      },
      "type": "Feature"
    },
    {
      "geometry": {
        "coordinates": [
          136.893103,
          35.01912
        ],
        "type": "Point"
      },
      "properties": {
        "bangumi_id": 208146,
        "bangumi_title": "五等分的新娘",
        "ep_cut": 1,
        "image_url": "https://w.junreimap.com/images/user/2090/bangumi/208146/points/nxoab8anw-1725667656481.jpg",
        "location": "爱知县东海市 太田川站",
        "point_id": "nxoab8anw",
        "point_name": "バンベール太田川",
        "remark": ""
      },
      "type": "Feature"
    },
    {
      "geometry": {
        "coordinates": [
          136.90981,
          35.135038
        ],
        "type": "Point"
      },
      "properties": {
        "bangumi_id": 208146,
        "bangumi_title": "五等分的新娘",
        "ep_cut": 1,
        "image_url": "https://w.junreimap.com/images/user/2090/bangumi/208146/points/nsl6nai2j-1725269081218.jpg",
        "location": "爱知县名古屋市 狮子中京大厦",
        "point_id": "nsl6nai2j",
        "point_name": "ザ・​ライオンズミッドキャピタルタワー",
        "remark": ""
      },
      "type": "Feature"
    },
    {
      "geometry": {
        "coordinates": [
          136.892652,
          35.01993
        ],
        "type": "Point"
      },
      "properties": {
        "bangumi_id": 208146,
        "bangumi_title": "五等分的新娘",
        "ep_cut": 1,
        "image_url": "https://w.junreimap.com/images/user/2090/bangumi/208146/points/nxnx29ho3-1725666896396.jpg",
        "location": "爱知县东海市 太田川站",
        "point_id": "nxnx29ho3",
        "point_name": "太田川駅前タクシー乗り場",
        "remark": ""
      },
      "type": "Feature"
    },
    {
      "geometry": {
        "coordinates": [
          136.924199,
          35.150194
        ],
        "type": "Point"
      },
      "properties": {
        "bangumi_id": 208146,
        "bangumi_title": "五等分的新娘",
        "ep_cut": 1,
        "image_url": "https://w.junreimap.com/images/user/2090/bangumi/208146/points/ovkogjnch-1728324507814.jpg",
        "location": "爱知县名古屋市 グラストニア",
        "point_id": "ovkogjnch",
        "point_name": "グラストニア",
        "remark": ""
      },
      "type": "Feature"
    },
    {
      "geometry": {
        "coordinates": [
          136.909817,
          35.135025
        ],
        "type": "Point"
      },
      "properties": {
        "bangumi_id": 208146,
        "bangumi_title": "五等分的新娘",
        "ep_cut": 2,
        "image_url": "https://w.junreimap.com/images/user/2090/bangumi/208146/points/p469bsd5m-1728998076319.jpg",
        "location": "爱知县名古屋市 狮子中京大厦",
        "point_id": "p469bsd5m",
        "point_name": "ザ・​ライオンズミッドキャピタルタワー",
        "remark": ""
      },
      "type": "Feature"
    },
    {
      "geometry": {
        "coordinates": [
          136.909813,
          35.135021
        ],
        "type": "Point"
      },
      "properties": {
        "bangumi_id": 208146,
        "bangumi_title": "五等分的新娘",
        "ep_cut": 2,
        "image_url": "https://w.junreimap.com/images/user/2090/bangumi/208146/points/p46f5vinu-1728998425442.jpg",
        "location": "爱知县名古屋市 狮子中京大厦",
        "point_id": "p46f5vinu",
        "point_name": "ザ・​ライオンズミッドキャピタルタワー",
        "remark": ""
      },
      "type": "Feature"
    },
    {
      "geometry": {
        "coordinates": [
          136.888949,
          35.02188
        ],
        "type": "Point"
      },
      "properties": {
        "bangumi_id": 208146,
        "bangumi_title": "五等分的新娘",
        "ep_cut": 3,
        "image_url": "https://w.junreimap.com/images/user/2090/bangumi/208146/points/to6tgz-1748804534712.jpg",
        "location": "爱知县东海市 日本​福祉​大学",
        "point_id": "to6tgz",
        "point_name": "日本福祉大東海キャンパス 右侧入口",
        "remark": ""
      },
      "type": "Feature"
    },
    {
      "geometry": {
        "coordinates": [
          136.889633,
          35.021784
        ],
        "type": "Point"
      },
      "properties": {
        "bangumi_id": 208146,
        "bangumi_title": "五等分的新娘",
        "ep_cut": 3,
        "image_url": "https://w.junreimap.com/images/user/2090/bangumi/208146/points/oo0b8fzvf-1727731395477.jpg",
        "location": "爱知县东海市 日本​福祉​大学",
        "point_id": "oo0b8fzvf",
        "point_name": "大同特殊鋼さつき館 西北侧",
        "remark": ""
      },
      "type": "Feature"
    },
    {
      "geometry": {
        "coordinates": [
          136.888859,
          35.021902
        ],
        "type": "Point"
      },
      "properties": {
        "bangumi_id": 208146,
        "bangumi_title": "五等分的新娘",
        "ep_cut": 3,
        "image_url": "https://w.junreimap.com/images/points/208146/1x067jn_1751182819404.jpg",
        "location": "爱知县东海市 日本​福祉​大学",
        "point_id": "1x067jn",
        "point_name": "日本​福祉​大​東海​キャンパス",
        "remark": ""
      },
      "type": "Feature"
    },
    {
      "geometry": {
        "coordinates": [
          136.888956,
          35.021934
        ],
        "type": "Point"
      },
      "properties": {
        "bangumi_id": 208146,
        "bangumi_title": "五等分的新娘",
        "ep_cut": 3,
        "image_url": "https://w.junreimap.com/images/user/2090/bangumi/208146/points/p46jsg1c4-1728998704769.jpg",
        "location": "爱知县东海市 日本​福祉​大学",
        "point_id": "p46jsg1c4",
        "point_name": "日本​福祉​大​東海​キャンパス",
        "remark": ""
      },
      "type": "Feature"
    },
    {
      "geometry": {
        "coordinates": [
          136.889008,
          35.022125
        ],
        "type": "Point"
      },
      "properties": {
        "bangumi_id": 208146,
        "bangumi_title": "五等分的新娘",
        "ep_cut": 3,
        "image_url": "https://w.junreimap.com/images/user/2090/bangumi/208146/points/to9s95-1748804650036.jpg",
        "location": "爱知县东海市 日本​福祉​大学",
        "point_id": "to9s95",
        "point_name": "日本福祉大東海キャンパス 天台",
        "remark": ""
      },
      "type": "Feature"
    },
    {
      "geometry": {
        "coordinates": [
          136.888955,
          35.021883
        ],
        "type": "Point"
      },
      "properties": {
        "bangumi_id": 208146,
        "bangumi_title": "五等分的新娘",
        "ep_cut": 3,
        "image_url": "https://w.junreimap.com/images/user/2090/bangumi/208146/points/tock5i-1748804772178.jpg",
        "location": "爱知县东海市 日本​福祉​大学",
        "point_id": "tock5i",
        "point_name": "日本福祉大東海キャンパス 右侧入口",
        "remark": ""
      },
      "type": "Feature"
    },
    {
      "geometry": {
        "coordinates": [
          136.888309,
          35.021176
        ],
        "type": "Point"
      },
      "properties": {
        "bangumi_id": 208146,
        "bangumi_title": "五等分的新娘",
        "ep_cut": 3,
        "image_url": "https://w.junreimap.com/images/user/2090/bangumi/208146/points/tohi73-1748805002527.jpg",
        "location": "爱知县东海市 日本​福祉​大学",
        "point_id": "tohi73",
        "point_name": "日本​福祉​大​東海​キャンパス 西南侧楼梯口",
        "remark": ""
      },
      "type": "Feature"
    },
    {
      "geometry": {
        "coordinates": [
          136.888778,
          35.021558
        ],
        "type": "Point"
      },
      "properties": {
        "bangumi_id": 208146,
        "bangumi_title": "五等分的新娘",
        "ep_cut": 4,
        "image_url": "https://w.junreimap.com/images/user/2090/bangumi/208146/points/p46nhfp4n-1728998929156.jpg",
        "location": "爱知县东海市 日本​福祉​大学",
        "point_id": "p46nhfp4n",
        "point_name": "日本​福祉​大​東海​キャンパス 左侧入口",
        "remark": ""
      },
      "type": "Feature"
    },
    {
      "geometry": {
        "coordinates": [
          136.889241,
          35.021742
        ],
        "type": "Point"
      },
      "properties": {
        "bangumi_id": 208146,
        "bangumi_title": "五等分的新娘",
        "ep_cut": 4,
        "image_url": "https://w.junreimap.com/images/user/2090/bangumi/208146/points/nxoi2hfq5-1725668161793.jpg",
        "location": "爱知县东海市 日本​福祉​大学",
        "point_id": "nxoi2hfq5",
        "point_name": "日本福祉大学 门口的楼梯 ",
        "remark": "这个栏杆我去的时候摸了一下，感觉有点粗糙，这真的能滑么。。。？"
      },
      "type": "Feature"
    },
    {
      "geometry": {
        "coordinates": [
          136.888873,
          35.02272
        ],
        "type": "Point"
      },
      "properties": {
        "bangumi_id": 208146,
        "bangumi_title": "五等分的新娘",
        "ep_cut": 4,
        "image_url": "https://w.junreimap.com/images/user/2090/bangumi/208146/points/nxooykwjd-1725668554103.jpg",
        "location": "爱知县东海市 日本​福祉​大学",
        "point_id": "nxooykwjd",
        "point_name": "後浜新田",
        "remark": ""
      },
      "type": "Feature"
    },
    {
      "geometry": {
        "coordinates": [
          136.889396,
          35.022413
        ],
        "type": "Point"
      },
      "properties": {
        "bangumi_id": 208146,
        "bangumi_title": "五等分的新娘",
        "ep_cut": 4,
        "image_url": "https://w.junreimap.com/images/user/2090/bangumi/208146/points/nxols8pbq-1725668388688.jpg",
        "location": "爱知县东海市 日本​福祉​大学",
        "point_id": "nxols8pbq",
        "point_name": "日本福祉大学东北侧的楼梯",
        "remark": ""
      },
      "type": "Feature"
    },
    {
      "geometry": {
        "coordinates": [
          136.889327,
          35.02231
        ],
        "type": "Point"
      },
      "properties": {
        "bangumi_id": 208146,
        "bangumi_title": "五等分的新娘",
        "ep_cut": 4,
        "image_url": "https://w.junreimap.com/images/user/2090/bangumi/208146/points/p46p8mf62-1728999034636.jpg",
        "location": "爱知县东海市 日本​福祉​大学",
        "point_id": "p46p8mf62",
        "point_name": "日本福祉大学东北侧的楼梯",
        "remark": ""
      },
      "type": "Feature"
    },
    {
      "geometry": {
        "coordinates": [
          136.888873,
          35.021726
        ],
        "type": "Point"
      },
      "properties": {
        "bangumi_id": 208146,
        "bangumi_title": "五等分的新娘",
        "ep_cut": 4,
        "image_url": "https://w.junreimap.com/images/user/2090/bangumi/208146/points/p46rjzwi0-1728999172341.jpg",
        "location": "爱知县东海市 日本​福祉​大学",
        "point_id": "p46rjzwi0",
        "point_name": "日本福祉大東海キャンパス",
        "remark": ""
      },
      "type": "Feature"
    },
    {
      "geometry": {
        "coordinates": [
          136.888959,
          35.021886
        ],
        "type": "Point"
      },
      "properties": {
        "bangumi_id": 208146,
        "bangumi_title": "五等分的新娘",
        "ep_cut": 4,
        "image_url": "https://w.junreimap.com/images/user/2090/bangumi/208146/points/nxox3cslt-1725669065510.jpg",
        "location": "爱知县东海市 日本​福祉​大学",
        "point_id": "nxox3cslt",
        "point_name": "日本福祉大東海キャンパス 右侧入口",
        "remark": ""
      },
      "type": "Feature"
    },
    {
      "geometry": {
        "coordinates": [
          136.888676,
          35.021394
        ],
        "type": "Point"
      },
      "properties": {
        "bangumi_id": 208146,
        "bangumi_title": "五等分的新娘",
        "ep_cut": 4,
        "image_url": "https://w.junreimap.com/images/user/2090/bangumi/208146/points/u6bv49-1748835038416.jpg",
        "location": "爱知县东海市 日本​福祉​大学",
        "point_id": "u6bv49",
        "point_name": "日本福祉大東海キャンパス 前的椅子",
        "remark": ""
      },
      "type": "Feature"
    },
    {
      "geometry": {
        "coordinates": [
          136.888282,
          35.021184
        ],
        "type": "Point"
      },
      "properties": {
        "bangumi_id": 208146,
        "bangumi_title": "五等分的新娘",
        "ep_cut": 4,
        "image_url": "https://w.junreimap.com/images/user/2090/bangumi/208146/points/ovqyogrlg-1728337892410.jpg",
        "location": "爱知县东海市 日本​福祉​大学",
        "point_id": "ovqyogrlg",
        "point_name": "日本​福祉​大​東海​キャンパス 西南侧楼梯口",
        "remark": ""
      },
      "type": "Feature"
    },
    {
      "geometry": {
        "coordinates": [
          136.888732,
          35.021333
        ],
        "type": "Point"
      },
      "properties": {
        "bangumi_id": 208146,
        "bangumi_title": "五等分的新娘",
        "ep_cut": 4,
        "image_url": "https://w.junreimap.com/images/user/2090/bangumi/208146/points/oaub6taik-1726699528318.jpg",
        "location": "爱知县东海市 日本​福祉​大学",
        "point_id": "oaub6taik",
        "point_name": "日本福祉大東海キャンパス 前的椅子的西南方向",
        "remark": ""
      },
      "type": "Feature"
    },
    {
      "geometry": {
        "coordinates": [
          136.909811,
          35.13493
        ],
        "type": "Point"
      },
      "properties": {
        "bangumi_id": 208146,
        "bangumi_title": "五等分的新娘",
        "ep_cut": 5,
        "image_url": "https://w.junreimap.com/images/user/2090/bangumi/208146/points/p4724ntbw-1728999814014.jpg",
        "location": "爱知县名古屋市 狮子中京大厦",
        "point_id": "p4724ntbw",
        "point_name": "ザ・​ライオンズミッドキャピタルタワー",
        "remark": ""
      },
      "type": "Feature"
    },
    {
      "geometry": {
        "coordinates": [
          136.909795,
          35.13494
        ],
        "type": "Point"
      },
      "properties": {
        "bangumi_id": 208146,
        "bangumi_title": "五等分的新娘",
        "ep_cut": 5,
        "image_url": "https://w.junreimap.com/images/user/2090/bangumi/208146/points/p4747bwmt-1728999940297.jpg",
        "location": "爱知县名古屋市 狮子中京大厦",
        "point_id": "p4747bwmt",
        "point_name": "ザ・​ライオンズミッドキャピタルタワー",
        "remark": ""
      },
      "type": "Feature"
    },
    {
      "geometry": {
        "coordinates": [
          136.909794,
          35.13495
        ],
        "type": "Point"
      },
      "properties": {
        "bangumi_id": 208146,
        "bangumi_title": "五等分的新娘",
        "ep_cut": 5,
        "image_url": "https://w.junreimap.com/images/user/2090/bangumi/208146/points/p475ct1ki-1729000011449.jpg",
        "location": "爱知县名古屋市 狮子中京大厦",
        "point_id": "p475ct1ki",
        "point_name": "ザ・​ライオンズミッドキャピタルタワー",
        "remark": ""
      },
      "type": "Feature"
    },
    {
      "geometry": {
        "coordinates": [
          136.888471,
          35.021432
        ],
        "type": "Point"
      },
      "properties": {
        "bangumi_id": 208146,
        "bangumi_title": "五等分的新娘",
        "ep_cut": 5,
        "image_url": "https://w.junreimap.com/images/user/2090/bangumi/208146/points/u6jk49-1748835355075.jpg",
        "location": "爱知县东海市 日本​福祉​大学",
        "point_id": "u6jk49",
        "point_name": "日本福祉大東海キャンパス 体育馆",
        "remark": ""
      },
      "type": "Feature"
    },
    {
      "geometry": {
        "coordinates": [
          136.909819,
          35.134912
        ],
        "type": "Point"
      },
      "properties": {
        "bangumi_id": 208146,
        "bangumi_title": "五等分的新娘",
        "ep_cut": 6,
        "image_url": "https://w.junreimap.com/images/user/2090/bangumi/208146/points/p48qi77pn-1729003474459.jpg",
        "location": "爱知县名古屋市 狮子中京大厦",
        "point_id": "p48qi77pn",
        "point_name": "ザ・​ライオンズミッドキャピタルタワー",
        "remark": ""
      },
      "type": "Feature"
    },
    {
      "geometry": {
        "coordinates": [
          139.715262,
          36.123153
        ],
        "type": "Point"
      },
      "properties": {
        "bangumi_id": 208146,
        "bangumi_title": "五等分的新娘",
        "ep_cut": 7,
        "image_url": "https://w.junreimap.com/images/user/2090/bangumi/208146/points/u6owtb-1748835585040.jpg",
        "location": "埼玉县久喜市",
        "point_id": "u6owtb",
        "point_name": "ラウンドワンスタジアム",
        "remark": ""
      },
      "type": "Feature"
    },
    {
      "geometry": {
        "coordinates": [
          136.892443,
          35.020529
        ],
        "type": "Point"
      },
      "properties": {
        "bangumi_id": 208146,
        "bangumi_title": "五等分的新娘",
        "ep_cut": 7,
        "image_url": "https://w.junreimap.com/images/user/2090/bangumi/208146/points/nu8nss6po-1725398723765.jpg",
        "location": "爱知县东海市 太田川站",
        "point_id": "nu8nss6po",
        "point_name": "太田川站 西出口外",
        "remark": ""
      },
      "type": "Feature"
    },
    {
      "geometry": {
        "coordinates": [
          136.892013,
          35.020595
        ],
        "type": "Point"
      },
      "properties": {
        "bangumi_id": 208146,
        "bangumi_title": "五等分的新娘",
        "ep_cut": 7,
        "image_url": "https://w.junreimap.com/images/user/2090/bangumi/208146/points/nxgkzv2p7-1725650909407.jpg",
        "location": "爱知县东海市 太田川站",
        "point_id": "nxgkzv2p7",
        "point_name": "太田川駅西広場（大屋根広場）",
        "remark": ""
      },
      "type": "Feature"
    },
    {
      "geometry": {
        "coordinates": [
          136.891035,
          35.020921
        ],
        "type": "Point"
      },
      "properties": {
        "bangumi_id": 208146,
        "bangumi_title": "五等分的新娘",
        "ep_cut": 9,
        "image_url": "https://w.junreimap.com/images/user/2090/bangumi/208146/points/ovr2bd7yi-1728338110072.jpg",
        "location": "爱知县东海市 太田川站",
        "point_id": "ovr2bd7yi",
        "point_name": "沖縄広場",
        "remark": ""
      },
      "type": "Feature"
    },
    {
      "geometry": {
        "coordinates": [
          135.75986,
          34.986107
        ],
        "type": "Point"
      },
      "properties": {
        "bangumi_id": 208146,
        "bangumi_title": "五等分的新娘",
        "ep_cut": 10,
        "image_url": "https://w.junreimap.com/images/user/2090/bangumi/208146/points/ovmwl9zut-1728329130162.jpg",
        "location": "京都府京都市 京都站",
        "point_id": "ovmwl9zut",
        "point_name": "京都站东侧的钟处向西望的景色",
        "remark": ""
      },
      "type": "Feature"
    },
    {
      "geometry": {
        "coordinates": [
          136.892732,
          35.020059
        ],
        "type": "Point"
      },
      "properties": {
        "bangumi_id": 208146,
        "bangumi_title": "五等分的新娘",
        "ep_cut": 11,
        "image_url": "https://w.junreimap.com/images/user/2090/bangumi/208146/points/oat07llh0-1726696674418.jpg",
        "location": "爱知县东海市 太田川站",
        "point_id": "oat07llh0",
        "point_name": "太田川駅前タクシー乗り場",
        "remark": ""
      },
      "type": "Feature"
    },
    {
      "geometry": {
        "coordinates": [
          136.893818,
          35.019552
        ],
        "type": "Point"
      },
      "properties": {
        "bangumi_id": 208146,
        "bangumi_title": "五等分的新娘",
        "ep_cut": 11,
        "image_url": "https://w.junreimap.com/images/user/2090/bangumi/208146/points/o6spxikzx-1726382715098.jpg",
        "location": "爱知县东海市 太田川站",
        "point_id": "o6spxikzx",
        "point_name": "Sorato太田川",
        "remark": ""
      },
      "type": "Feature"
    },
    {
      "geometry": {
        "coordinates": [
          136.892474,
          35.020581
        ],
        "type": "Point"
      },
      "properties": {
        "bangumi_id": 208146,
        "bangumi_title": "五等分的新娘",
        "ep_cut": 13,
        "image_url": "https://w.junreimap.com/images/user/2090/bangumi/208146/points/u79zm2-1748836568379.jpg",
        "location": "爱知县东海市 太田川站",
        "point_id": "u79zm2",
        "point_name": "スターバックスコーヒー ラスパ太田川店",
        "remark": ""
      },
      "type": "Feature"
    },
    {
      "geometry": {
        "coordinates": [
          135.202783,
          34.669135
        ],
        "type": "Point"
      },
      "properties": {
        "bangumi_id": 208146,
        "bangumi_title": "五等分的新娘",
        "ep_cut": 13,
        "image_url": "https://w.junreimap.com/images/user/2090/bangumi/208146/points/u7ispz-1748836979860.jpg",
        "location": "兵库县神户市",
        "point_id": "u7ispz",
        "point_name": "Cafeteria BREATH",
        "remark": ""
      },
      "type": "Feature"
    },
    {
      "geometry": {
        "coordinates": [
          136.909803,
          35.134944
        ],
        "type": "Point"
      },
      "properties": {
        "bangumi_id": 208146,
        "bangumi_title": "五等分的新娘",
        "ep_cut": 13,
        "image_url": "https://w.junreimap.com/images/user/2090/bangumi/208146/points/p49a4dy33-1729004680902.jpg",
        "location": "爱知县名古屋市 狮子中京大厦",
        "point_id": "p49a4dy33",
        "point_name": "ザ・​ライオンズミッドキャピタルタワー",
        "remark": ""
      },
      "type": "Feature"
    },
    {
      "geometry": {
        "coordinates": [
          136.909801,
          35.13494
        ],
        "type": "Point"
      },
      "properties": {
        "bangumi_id": 208146,
        "bangumi_title": "五等分的新娘",
        "ep_cut": 14,
        "image_url": "https://w.junreimap.com/images/user/2090/bangumi/208146/points/p49cbrdd1-1729004787530.jpg",
        "location": "爱知县名古屋市 狮子中京大厦",
        "point_id": "p49cbrdd1",
        "point_name": "ザ・​ライオンズミッドキャピタルタワー",
        "remark": ""
      },
      "type": "Feature"
    },
    {
      "geometry": {
        "coordinates": [
          135.435291,
          34.668025
        ],
        "type": "Point"
      },
      "properties": {
        "bangumi_id": 208146,
        "bangumi_title": "五等分的新娘",
        "ep_cut": 14,
        "image_url": "https://w.junreimap.com/images/user/2090/bangumi/208146/points/p49tz8shd-1729005873890.jpg",
        "location": "大阪府大阪市",
        "point_id": "p49tz8shd",
        "point_name": "日本环球影城 门口的球",
        "remark": ""
      },
      "type": "Feature"
    },
    {
      "geometry": {
        "coordinates": [
          135.728437,
          35.0395
        ],
        "type": "Point"
      },
      "properties": {
        "bangumi_id": 208146,
        "bangumi_title": "五等分的新娘",
        "ep_cut": 14,
        "image_url": "https://w.junreimap.com/images/user/2090/bangumi/208146/points/p4a893sf8-1729006803131.jpg",
        "location": "京都府京都市 鹿苑寺",
        "point_id": "p4a893sf8",
        "point_name": "鹿苑寺金阁",
        "remark": ""
      },
      "type": "Feature"
    },
    {
      "geometry": {
        "coordinates": [
          135.785121,
          34.994634
        ],
        "type": "Point"
      },
      "properties": {
        "bangumi_id": 208146,
        "bangumi_title": "五等分的新娘",
        "ep_cut": 14,
        "image_url": "https://w.junreimap.com/images/user/2090/bangumi/208146/points/u7o7ob-1748837241094.jpg",
        "location": "京都府京都市 清水寺",
        "point_id": "u7o7ob",
        "point_name": "清水の舞台 东南角 南侧的景色",
        "remark": ""
      },
      "type": "Feature"
    },
    {
      "geometry": {
        "coordinates": [
          135.437609,
          34.668023
        ],
        "type": "Point"
      },
      "properties": {
        "bangumi_id": 208146,
        "bangumi_title": "五等分的新娘",
        "ep_cut": 14,
        "image_url": "https://w.junreimap.com/images/user/2090/bangumi/208146/points/u7puo4-1748837317311.jpg",
        "location": "大阪府大阪市",
        "point_id": "u7puo4",
        "point_name": "日本环球影城公园大酒店",
        "remark": ""
      },
      "type": "Feature"
    },
    {
      "geometry": {
        "coordinates": [
          136.891986,
          35.020604
        ],
        "type": "Point"
      },
      "properties": {
        "bangumi_id": 208146,
        "bangumi_title": "五等分的新娘",
        "ep_cut": 15,
        "image_url": "https://w.junreimap.com/images/user/2090/bangumi/208146/points/p4bhhtt0t-1729009453528.jpg",
        "location": "爱知县东海市 太田川站",
        "point_id": "p4bhhtt0t",
        "point_name": "太田川駅西広場（大屋根広場）",
        "remark": ""
      },
      "type": "Feature"
    },
    {
      "geometry": {
        "coordinates": [
          136.888901,
          35.021794
        ],
        "type": "Point"
      },
      "properties": {
        "bangumi_id": 208146,
        "bangumi_title": "五等分的新娘",
        "ep_cut": 15,
        "image_url": "https://w.junreimap.com/images/user/2090/bangumi/208146/points/u7um4b-1748837530430.jpg",
        "location": "爱知县东海市 日本​福祉​大学",
        "point_id": "u7um4b",
        "point_name": "日本福祉大東海キャンパス",
        "remark": ""
      },
      "type": "Feature"
    },
    {
      "geometry": {
        "coordinates": [
          136.88895,
          35.021886
        ],
        "type": "Point"
      },
      "properties": {
        "bangumi_id": 208146,
        "bangumi_title": "五等分的新娘",
        "ep_cut": 15,
        "image_url": "https://w.junreimap.com/images/user/2090/bangumi/208146/points/u7we8y-1748837638311.jpg",
        "location": "爱知县东海市 日本​福祉​大学",
        "point_id": "u7we8y",
        "point_name": "日本福祉大東海キャンパス 右侧入口",
        "remark": ""
      },
      "type": "Feature"
    },
    {
      "geometry": {
        "coordinates": [
          136.892244,
          35.020544
        ],
        "type": "Point"
      },
      "properties": {
        "bangumi_id": 208146,
        "bangumi_title": "五等分的新娘",
        "ep_cut": 15,
        "image_url": "https://w.junreimap.com/images/user/2090/bangumi/208146/points/u89ra8-1748838233413.jpg",
        "location": "爱知县东海市 太田川站",
        "point_id": "u89ra8",
        "point_name": "太田川站 西侧的天桥",
        "remark": ""
      },
      "type": "Feature"
    },
    {
      "geometry": {
        "coordinates": [
          136.891897,
          35.020802
        ],
        "type": "Point"
      },
      "properties": {
        "bangumi_id": 208146,
        "bangumi_title": "五等分的新娘",
        "ep_cut": 15,
        "image_url": "https://w.junreimap.com/images/user/2090/bangumi/208146/points/u8jn98-1748838732575.jpg",
        "location": "爱知县东海市 太田川站",
        "point_id": "u8jn98",
        "point_name": "ラスパ太田川",
        "remark": ""
      },
      "type": "Feature"
    },
    {
      "geometry": {
        "coordinates": [
          136.892166,
          35.020384
        ],
        "type": "Point"
      },
      "properties": {
        "bangumi_id": 208146,
        "bangumi_title": "五等分的新娘",
        "ep_cut": 16,
        "image_url": "https://w.junreimap.com/images/user/2090/bangumi/208146/points/uknfpv-1748859047906.jpg",
        "location": "爱知县东海市 太田川站",
        "point_id": "uknfpv",
        "point_name": "東海市芸術劇場 2楼北侧走廊与东侧走廊交汇处",
        "remark": ""
      },
      "type": "Feature"
    },
    {
      "geometry": {
        "coordinates": [
          136.892047,
          35.020377
        ],
        "type": "Point"
      },
      "properties": {
        "bangumi_id": 208146,
        "bangumi_title": "五等分的新娘",
        "ep_cut": 16,
        "image_url": "https://w.junreimap.com/images/user/2090/bangumi/208146/points/ukzbr3-1748859581722.jpg",
        "location": "爱知县东海市 太田川站",
        "point_id": "ukzbr3",
        "point_name": "東海市芸術劇場",
        "remark": ""
      },
      "type": "Feature"
    },
    {
      "geometry": {
        "coordinates": [
          136.909798,
          35.134928
        ],
        "type": "Point"
      },
      "properties": {
        "bangumi_id": 208146,
        "bangumi_title": "五等分的新娘",
        "ep_cut": 16,
        "image_url": "https://w.junreimap.com/images/user/2090/bangumi/208146/points/p4bqfpf1d-1729009996925.jpg",
        "location": "爱知县名古屋市 狮子中京大厦",
        "point_id": "p4bqfpf1d",
        "point_name": "ザ・​ライオンズミッドキャピタルタワー",
        "remark": ""
      },
      "type": "Feature"
    },
    {
      "geometry": {
        "coordinates": [
          136.909823,
          35.134937
        ],
        "type": "Point"
      },
      "properties": {
        "bangumi_id": 208146,
        "bangumi_title": "五等分的新娘",
        "ep_cut": 17,
        "image_url": "https://w.junreimap.com/images/user/2090/bangumi/208146/points/p4byqlhsu-1729010494734.jpg",
        "location": "爱知县名古屋市 狮子中京大厦",
        "point_id": "p4byqlhsu",
        "point_name": "ザ・​ライオンズミッドキャピタルタワー",
        "remark": ""
      },
      "type": "Feature"
    },
    {
      "geometry": {
        "coordinates": [
          136.908181,
          35.0262
        ],
        "type": "Point"
      },
      "properties": {
        "bangumi_id": 208146,
        "bangumi_title": "五等分的新娘",
        "ep_cut": 18,
        "image_url": "https://w.junreimap.com/images/user/2090/bangumi/208146/points/nuapew8od-1725403007306.jpg",
        "location": "爱知县东海市 东海市立中央图书馆",
        "point_id": "nuapew8od",
        "point_name": "東海市立中央図書館 门口",
        "remark": ""
      },
      "type": "Feature"
    },
    {
      "geometry": {
        "coordinates": [
          136.909807,
          35.134914
        ],
        "type": "Point"
      },
      "properties": {
        "bangumi_id": 208146,
        "bangumi_title": "五等分的新娘",
        "ep_cut": 18,
        "image_url": "https://w.junreimap.com/images/user/2090/bangumi/208146/points/p4c1h1lv6-1729010658845.jpg",
        "location": "爱知县名古屋市 狮子中京大厦",
        "point_id": "p4c1h1lv6",
        "point_name": "ザ・​ライオンズミッドキャピタルタワー",
        "remark": ""
      },
      "type": "Feature"
    },
    {
      "geometry": {
        "coordinates": [
          136.891745,
          35.019796
        ],
        "type": "Point"
      },
      "properties": {
        "bangumi_id": 208146,
        "bangumi_title": "五等分的新娘",
        "ep_cut": 19,
        "image_url": "https://w.junreimap.com/images/user/2090/bangumi/208146/points/ulf9mb-1748860325680.jpg",
        "location": "爱知县东海市 太田川站",
        "point_id": "ulf9mb",
        "point_name": "ローレルタワー太田川駅前",
        "remark": ""
      },
      "type": "Feature"
    },
    {
      "geometry": {
        "coordinates": [
          136.893269,
          35.020295
        ],
        "type": "Point"
      },
      "properties": {
        "bangumi_id": 208146,
        "bangumi_title": "五等分的新娘",
        "ep_cut": 19,
        "image_url": "https://w.junreimap.com/images/user/2090/bangumi/208146/points/ullig4-1748860635876.jpg",
        "location": "爱知县东海市 太田川站",
        "point_id": "ullig4",
        "point_name": "駅東ビル",
        "remark": ""
      },
      "type": "Feature"
    },
    {
      "geometry": {
        "coordinates": [
          136.893522,
          35.019668
        ],
        "type": "Point"
      },
      "properties": {
        "bangumi_id": 208146,
        "bangumi_title": "五等分的新娘",
        "ep_cut": 19,
        "image_url": "https://w.junreimap.com/images/user/2090/bangumi/208146/points/oasulqbbd-1726696363761.jpg",
        "location": "爱知县东海市 太田川站",
        "point_id": "oasulqbbd",
        "point_name": "ソラト太田川",
        "remark": ""
      },
      "type": "Feature"
    },
    {
      "geometry": {
        "coordinates": [
          136.89344,
          35.019983
        ],
        "type": "Point"
      },
      "properties": {
        "bangumi_id": 208146,
        "bangumi_title": "五等分的新娘",
        "ep_cut": 19,
        "image_url": "https://w.junreimap.com/images/user/2090/bangumi/208146/points/nxo2qz5v6-1725667235887.jpg",
        "location": "爱知县东海市 太田川站",
        "point_id": "nxo2qz5v6",
        "point_name": "太田川站 东出口外的喷泉",
        "remark": ""
      },
      "type": "Feature"
    },
    {
      "geometry": {
        "coordinates": [
          136.893079,
          35.020441
        ],
        "type": "Point"
      },
      "properties": {
        "bangumi_id": 208146,
        "bangumi_title": "五等分的新娘",
        "ep_cut": 19,
        "image_url": "https://w.junreimap.com/images/user/2090/bangumi/208146/points/ovmb16zm8-1728327755186.jpg",
        "location": "爱知县东海市 太田川站",
        "point_id": "ovmb16zm8",
        "point_name": "大田交番",
        "remark": ""
      },
      "type": "Feature"
    },
    {
      "geometry": {
        "coordinates": [
          136.898769,
          34.999405
        ],
        "type": "Point"
      },
      "properties": {
        "bangumi_id": 208146,
        "bangumi_title": "五等分的新娘",
        "ep_cut": 19,
        "image_url": "https://w.junreimap.com/images/user/2090/bangumi/208146/points/ovmdhzew8-1728327917186.jpg",
        "location": "爱知县东海市 西知多综合病院",
        "point_id": "ovmdhzew8",
        "point_name": "西知多総合病院",
        "remark": ""
      },
      "type": "Feature"
    },
    {
      "geometry": {
        "coordinates": [
          136.888748,
          35.021581
        ],
        "type": "Point"
      },
      "properties": {
        "bangumi_id": 208146,
        "bangumi_title": "五等分的新娘",
        "ep_cut": 19,
        "image_url": "https://w.junreimap.com/images/user/2090/bangumi/208146/points/ulpjih-1748860806084.jpg",
        "location": "爱知县东海市 日本​福祉​大学",
        "point_id": "ulpjih",
        "point_name": "日本​福祉​大​東海​キャンパス 左侧入口",
        "remark": ""
      },
      "type": "Feature"
    },
    {
      "geometry": {
        "coordinates": [
          136.888858,
          35.021902
        ],
        "type": "Point"
      },
      "properties": {
        "bangumi_id": 208146,
        "bangumi_title": "五等分的新娘",
        "ep_cut": 19,
        "image_url": "https://w.junreimap.com/images/points/208146/1x0ewyw_1751183221569.jpg",
        "location": "爱知县东海市 日本​福祉​大学",
        "point_id": "1x0ewyw",
        "point_name": "日本​福祉​大​東海​キャンパス",
        "remark": ""
      },
      "type": "Feature"
    },
    {
      "geometry": {
        "coordinates": [
          136.888858,
          35.021901
        ],
        "type": "Point"
      },
      "properties": {
        "bangumi_id": 208146,
        "bangumi_title": "五等分的新娘",
        "ep_cut": 19,
        "image_url": "https://w.junreimap.com/images/points/208146/1x0gjwp_1751183293036.jpg",
        "location": "爱知县东海市 日本​福祉​大学",
        "point_id": "1x0gjwp",
        "point_name": "日本​福祉​大​東海​キャンパス",
        "remark": ""
      },
      "type": "Feature"
    },
    {
      "geometry": {
        "coordinates": [
          136.888857,
          35.021901
        ],
        "type": "Point"
      },
      "properties": {
        "bangumi_id": 208146,
        "bangumi_title": "五等分的新娘",
        "ep_cut": 19,
        "image_url": "https://w.junreimap.com/images/points/208146/1x0jl08_1751183435256.jpg",
        "location": "爱知县东海市 日本​福祉​大学",
        "point_id": "1x0jl08",
        "point_name": "日本​福祉​大​東海​キャンパス",
        "remark": ""
      },
      "type": "Feature"
    },
    {
      "geometry": {
        "coordinates": [
          136.888974,
          35.021962
        ],
        "type": "Point"
      },
      "properties": {
        "bangumi_id": 208146,
        "bangumi_title": "五等分的新娘",
        "ep_cut": 19,
        "image_url": "https://w.junreimap.com/images/user/2090/bangumi/208146/points/p4caigwdr-1729011206514.jpg",
        "location": "爱知县东海市 日本​福祉​大学",
        "point_id": "p4caigwdr",
        "point_name": "日本福祉大東海キャンパス",
        "remark": ""
      },
      "type": "Feature"
    },
    {
      "geometry": {
        "coordinates": [
          136.89128,
          35.020807
        ],
        "type": "Point"
      },
      "properties": {
        "bangumi_id": 208146,
        "bangumi_title": "五等分的新娘",
        "ep_cut": 20,
        "image_url": "https://w.junreimap.com/images/user/2090/bangumi/208146/points/uyrw17-1748882748754.jpg",
        "location": "爱知县东海市 太田川站",
        "point_id": "uyrw17",
        "point_name": "东海市艺术剧场附近的天桥",
        "remark": ""
      },
      "type": "Feature"
    },
    {
      "geometry": {
        "coordinates": [
          136.888243,
          35.021366
        ],
        "type": "Point"
      },
      "properties": {
        "bangumi_id": 208146,
        "bangumi_title": "五等分的新娘",
        "ep_cut": 22,
        "image_url": "https://w.junreimap.com/images/points/208146/uz5l82_1748883509763.jpg",
        "location": "爱知县东海市 日本​福祉​大学",
        "point_id": "uz5l82",
        "point_name": "日本福祉大東海キャンパス 后侧",
        "remark": ""
      },
      "type": "Feature"
    },
    {
      "geometry": {
        "coordinates": [
          136.908391,
          35.137672
        ],
        "type": "Point"
      },
      "properties": {
        "bangumi_id": 208146,
        "bangumi_title": "五等分的新娘",
        "ep_cut": 23,
        "image_url": "https://w.junreimap.com/images/points/208146/uzgsks_1748883953493.jpg",
        "location": "爱知县名古屋市 永旺梦乐城热田店",
        "point_id": "uzgsks",
        "point_name": "イオンモール熱田",
        "remark": ""
      },
      "type": "Feature"
    },
    {
      "geometry": {
        "coordinates": [
          136.908832,
          35.137597
        ],
        "type": "Point"
      },
      "properties": {
        "bangumi_id": 208146,
        "bangumi_title": "五等分的新娘",
        "ep_cut": 23,
        "image_url": "https://w.junreimap.com/images/user/2090/bangumi/208146/points/nsku67350-1725268426539.jpg",
        "location": "爱知县名古屋市 永旺梦乐城热田店",
        "point_id": "nsku67350",
        "point_name": "イオンモール熱田 北侧3楼的天桥",
        "remark": ""
      },
      "type": "Feature"
    },
    {
      "geometry": {
        "coordinates": [
          136.890808,
          35.021532
        ],
        "type": "Point"
      },
      "properties": {
        "bangumi_id": 208146,
        "bangumi_title": "五等分的新娘",
        "ep_cut": 23,
        "image_url": "https://w.junreimap.com/images/points/208146/uzmfwi_1748884230565.jpg",
        "location": "爱知县东海市 日本​福祉​大学",
        "point_id": "uzmfwi",
        "point_name": "ライオンズ​太田川​ステーション​レジデンス",
        "remark": ""
      },
      "type": "Feature"
    },
    {
      "geometry": {
        "coordinates": [
          136.893384,
          35.021119
        ],
        "type": "Point"
      },
      "properties": {
        "bangumi_id": 208146,
        "bangumi_title": "五等分的新娘",
        "ep_cut": 23,
        "image_url": "https://w.junreimap.com/images/user/2090/bangumi/208146/points/nu9qbdxrb-1725400901112.jpg",
        "location": "爱知县东海市 太田川站",
        "point_id": "nu9qbdxrb",
        "point_name": "寺田ビル",
        "remark": ""
      },
      "type": "Feature"
    },
    {
      "geometry": {
        "coordinates": [
          136.889006,
          35.021856
        ],
        "type": "Point"
      },
      "properties": {
        "bangumi_id": 208146,
        "bangumi_title": "五等分的新娘",
        "ep_cut": 24,
        "image_url": "https://w.junreimap.com/images/user/2090/bangumi/208146/points/p4cryyf6t-1729012267717.jpg",
        "location": "爱知县东海市 日本​福祉​大学",
        "point_id": "p4cryyf6t",
        "point_name": "日本​福祉​大​東海​キャンパス 右侧入口",
        "remark": ""
      },
      "type": "Feature"
    },
    {
      "geometry": {
        "coordinates": [
          136.900011,
          35.027818
        ],
        "type": "Point"
      },
      "properties": {
        "bangumi_id": 208146,
        "bangumi_title": "五等分的新娘",
        "ep_cut": 25,
        "image_url": "https://w.junreimap.com/images/user/2090/bangumi/208146/points/nuakoq4y0-1725402760044.jpg",
        "location": "爱知县东海市 大洼公园",
        "point_id": "nuakoq4y0",
        "point_name": "大窪公園 キャンプ場",
        "remark": ""
      },
      "type": "Feature"
    },
    {
      "geometry": {
        "coordinates": [
          135.785123,
          34.99463
        ],
        "type": "Point"
      },
      "properties": {
        "bangumi_id": 208146,
        "bangumi_title": "五等分的新娘",
        "ep_cut": 25,
        "image_url": "https://w.junreimap.com/images/points/208146/uzw3he_1748884636415.jpg",
        "location": "京都府京都市 清水寺",
        "point_id": "uzw3he",
        "point_name": "清水の舞台 东南角 南侧的景色",
        "remark": ""
      },
      "type": "Feature"
    },
    {
      "geometry": {
        "coordinates": [
          136.924203,
          35.150187
        ],
        "type": "Point"
      },
      "properties": {
        "bangumi_id": 208146,
        "bangumi_title": "五等分的新娘",
        "ep_cut": 32,
        "image_url": "https://w.junreimap.com/images/user/2090/bangumi/208146/points/ovkutgy39-1728324591576.jpg",
        "location": "爱知县名古屋市 グラストニア",
        "point_id": "ovkutgy39",
        "point_name": "グラストニア",
        "remark": ""
      },
      "type": "Feature"
    },
    {
      "geometry": {
        "coordinates": [
          136.924226,
          35.150037
        ],
        "type": "Point"
      },
      "properties": {
        "bangumi_id": 208146,
        "bangumi_title": "五等分的新娘",
        "ep_cut": 32,
        "image_url": "https://w.junreimap.com/images/user/2090/bangumi/208146/points/nxq04tp54-1725671415986.jpg",
        "location": "爱知县名古屋市 グラストニア",
        "point_id": "nxq04tp54",
        "point_name": "グラストニア",
        "remark": ""
      },
      "type": "Feature"
    },
    {
      "geometry": {
        "coordinates": [
          136.924205,
          35.150185
        ],
        "type": "Point"
      },
      "properties": {
        "bangumi_id": 208146,
        "bangumi_title": "五等分的新娘",
        "ep_cut": 32,
        "image_url": "https://w.junreimap.com/images/points/208146/v0meei_1748885856182.jpg",
        "location": "爱知县名古屋市 グラストニア",
        "point_id": "v0meei",
        "point_name": "グラストニア",
        "remark": ""
      },
      "type": "Feature"
    },
    {
      "geometry": {
        "coordinates": [
          136.899264,
          34.999191
        ],
        "type": "Point"
      },
      "properties": {
        "bangumi_id": 208146,
        "bangumi_title": "五等分的新娘",
        "ep_cut": 33,
        "image_url": "https://w.junreimap.com/images/points/208146/25pguew_1751709045971.jpg",
        "location": "爱知县东海市 西知多综合病院",
        "point_id": "25pguew",
        "point_name": "西知多総合病院 病房",
        "remark": ""
      },
      "type": "Feature"
    },
    {
      "geometry": {
        "coordinates": [
          136.898788,
          34.998892
        ],
        "type": "Point"
      },
      "properties": {
        "bangumi_id": 208146,
        "bangumi_title": "五等分的新娘",
        "ep_cut": 33,
        "image_url": "https://w.junreimap.com/images/user/2090/bangumi/208146/points/ovmfr65u8-1728328032371.jpg",
        "location": "爱知县东海市 西知多综合病院",
        "point_id": "ovmfr65u8",
        "point_name": "西知多総合病院",
        "remark": ""
      },
      "type": "Feature"
    },
    {
      "geometry": {
        "coordinates": [
          136.898808,
          34.998856
        ],
        "type": "Point"
      },
      "properties": {
        "bangumi_id": 208146,
        "bangumi_title": "五等分的新娘",
        "ep_cut": 33,
        "image_url": "https://w.junreimap.com/images/user/2090/bangumi/208146/points/p4dnxc0e9-1729014193917.jpg",
        "location": "爱知县东海市 西知多综合病院",
        "point_id": "p4dnxc0e9",
        "point_name": "西知多総合病院",
        "remark": ""
      },
      "type": "Feature"
    },
    {
      "geometry": {
        "coordinates": [
          136.89927,
          34.999188
        ],
        "type": "Point"
      },
      "properties": {
        "bangumi_id": 208146,
        "bangumi_title": "五等分的新娘",
        "ep_cut": 33,
        "image_url": "https://w.junreimap.com/images/points/208146/25pl2bz_1751709230465.jpg",
        "location": "爱知县东海市 西知多综合病院",
        "point_id": "25pl2bz",
        "point_name": "西知多総合病院 走廊",
        "remark": ""
      },
      "type": "Feature"
    },
    {
      "geometry": {
        "coordinates": [
          136.89927,
          34.999192
        ],
        "type": "Point"
      },
      "properties": {
        "bangumi_id": 208146,
        "bangumi_title": "五等分的新娘",
        "ep_cut": 33,
        "image_url": "https://w.junreimap.com/images/points/208146/25pn0a6_1751709317986.jpg",
        "location": "爱知县东海市 西知多综合病院",
        "point_id": "25pn0a6",
        "point_name": "西知多総合病院 病房",
        "remark": ""
      },
      "type": "Feature"
    },
    {
      "geometry": {
        "coordinates": [
          135.758715,
          34.985711
        ],
        "type": "Point"
      },
      "properties": {
        "bangumi_id": 208146,
        "bangumi_title": "五等分的新娘",
        "ep_cut": 33,
        "image_url": "https://w.junreimap.com/images/user/2090/bangumi/208146/points/o1yme8m1t-1726003708222.jpg",
        "location": "京都府京都市 京都站",
        "point_id": "o1yme8m1t",
        "point_name": "室町小路広場",
        "remark": ""
      },
      "type": "Feature"
    },
    {
      "geometry": {
        "coordinates": [
          135.806889,
          34.913583
        ],
        "type": "Point"
      },
      "properties": {
        "bangumi_id": 208146,
        "bangumi_title": "五等分的新娘",
        "ep_cut": 33,
        "image_url": "https://w.junreimap.com/images/user/2090/bangumi/208146/points/nwbtivujd-1725562266349.jpg",
        "location": "京都府宇治市 万福寺",
        "point_id": "nwbtivujd",
        "point_name": "萬福寺天王殿 南侧走廊",
        "remark": ""
      },
      "type": "Feature"
    },
    {
      "geometry": {
        "coordinates": [
          135.76303,
          35.046938
        ],
        "type": "Point"
      },
      "properties": {
        "bangumi_id": 208146,
        "bangumi_title": "五等分的新娘",
        "ep_cut": 33,
        "image_url": "https://w.junreimap.com/images/user/2090/bangumi/208146/points/nwbo7twhj-1725561959453.jpg",
        "location": "京都府京都市 京都府立植物园",
        "point_id": "nwbo7twhj",
        "point_name": "京都府立植物園 的郁金香",
        "remark": ""
      },
      "type": "Feature"
    },
    {
      "geometry": {
        "coordinates": [
          136.899275,
          34.999192
        ],
        "type": "Point"
      },
      "properties": {
        "bangumi_id": 208146,
        "bangumi_title": "五等分的新娘",
        "ep_cut": 34,
        "image_url": "https://w.junreimap.com/images/points/208146/25poppc_1751709398337.jpg",
        "location": "爱知县东海市 西知多综合病院",
        "point_id": "25poppc",
        "point_name": "西知多総合病院 病房",
        "remark": ""
      },
      "type": "Feature"
    },
    {
      "geometry": {
        "coordinates": [
          135.758818,
          34.984522
        ],
        "type": "Point"
      },
      "properties": {
        "bangumi_id": 208146,
        "bangumi_title": "五等分的新娘",
        "ep_cut": 34,
        "image_url": "https://w.junreimap.com/images/user/2090/bangumi/208146/points/o1xwbpyw0-1726002114775.jpg",
        "location": "京都府京都市 京都站",
        "point_id": "o1xwbpyw0",
        "point_name": "京都駅 13/14号站台的标牌",
        "remark": ""
      },
      "type": "Feature"
    },
    {
      "geometry": {
        "coordinates": [
          135.759942,
          34.986385
        ],
        "type": "Point"
      },
      "properties": {
        "bangumi_id": 208146,
        "bangumi_title": "五等分的新娘",
        "ep_cut": 34,
        "image_url": "https://w.junreimap.com/images/user/2090/bangumi/208146/points/nw3yo1hf3-1725545124353.jpg",
        "location": "京都府京都市 京都站",
        "point_id": "nw3yo1hf3",
        "point_name": "京都駅烏丸口一般タクシー乗り場",
        "remark": ""
      },
      "type": "Feature"
    },
    {
      "geometry": {
        "coordinates": [
          135.757904,
          34.985726
        ],
        "type": "Point"
      },
      "properties": {
        "bangumi_id": 208146,
        "bangumi_title": "五等分的新娘",
        "ep_cut": 34,
        "image_url": "https://w.junreimap.com/images/points/208146/v0ttrv_1748886201766.jpg",
        "location": "京都府京都市 京都站",
        "point_id": "v0ttrv",
        "point_name": "京都站大楼梯",
        "remark": ""
      },
      "type": "Feature"
    },
    {
      "geometry": {
        "coordinates": [
          136.899265,
          34.999187
        ],
        "type": "Point"
      },
      "properties": {
        "bangumi_id": 208146,
        "bangumi_title": "五等分的新娘",
        "ep_cut": 34,
        "image_url": "https://w.junreimap.com/images/points/208146/25pr7oo_1751709518538.jpg",
        "location": "爱知县东海市 西知多综合病院",
        "point_id": "25pr7oo",
        "point_name": "西知多総合病院 病房",
        "remark": ""
      },
      "type": "Feature"
    },
    {
      "geometry": {
        "coordinates": [
          135.785077,
          34.994741
        ],
        "type": "Point"
      },
      "properties": {
        "bangumi_id": 208146,
        "bangumi_title": "五等分的新娘",
        "ep_cut": 34,
        "image_url": "https://w.junreimap.com/images/points/208146/v0y5df_1748886401463.jpg",
        "location": "京都府京都市 清水寺",
        "point_id": "v0y5df",
        "point_name": "清水寺本堂",
        "remark": "卖护身符的地方"
      },
      "type": "Feature"
    },
    {
      "geometry": {
        "coordinates": [
          135.785092,
          34.994742
        ],
        "type": "Point"
      },
      "properties": {
        "bangumi_id": 208146,
        "bangumi_title": "五等分的新娘",
        "ep_cut": 34,
        "image_url": "https://w.junreimap.com/images/user/2090/bangumi/208146/points/p4dzc6chm-1729014885781.jpg",
        "location": "京都府京都市 清水寺",
        "point_id": "p4dzc6chm",
        "point_name": "清水寺本堂",
        "remark": ""
      },
      "type": "Feature"
    },
    {
      "geometry": {
        "coordinates": [
          135.785222,
          34.994697
        ],
        "type": "Point"
      },
      "properties": {
        "bangumi_id": 208146,
        "bangumi_title": "五等分的新娘",
        "ep_cut": 34,
        "image_url": "https://w.junreimap.com/images/points/208146/v0zvfn_1748886481138.jpg",
        "location": "京都府京都市 清水寺",
        "point_id": "v0zvfn",
        "point_name": "清水寺本堂",
        "remark": ""
      },
      "type": "Feature"
    },
    {
      "geometry": {
        "coordinates": [
          136.899264,
          34.999195
        ],
        "type": "Point"
      },
      "properties": {
        "bangumi_id": 208146,
        "bangumi_title": "五等分的新娘",
        "ep_cut": 34,
        "image_url": "https://w.junreimap.com/images/points/208146/25pstqv_1751709585866.jpg",
        "location": "爱知县东海市 西知多综合病院",
        "point_id": "25pstqv",
        "point_name": "西知多総合病院 病房",
        "remark": ""
      },
      "type": "Feature"
    },
    {
      "geometry": {
        "coordinates": [
          136.909808,
          35.134948
        ],
        "type": "Point"
      },
      "properties": {
        "bangumi_id": 208146,
        "bangumi_title": "五等分的新娘",
        "ep_cut": 35,
        "image_url": "https://w.junreimap.com/images/points/208146/v11mmy_1748886562284.jpg",
        "location": "爱知县名古屋市 狮子中京大厦",
        "point_id": "v11mmy",
        "point_name": "ザ・​ライオンズミッドキャピタルタワー",
        "remark": ""
      },
      "type": "Feature"
    },
    {
      "geometry": {
        "coordinates": [
          136.909811,
          35.134934
        ],
        "type": "Point"
      },
      "properties": {
        "bangumi_id": 208146,
        "bangumi_title": "五等分的新娘",
        "ep_cut": 36,
        "image_url": "https://w.junreimap.com/images/user/2090/bangumi/208146/points/p4e4wvttl-1729015231343.jpg",
        "location": "爱知县名古屋市 狮子中京大厦",
        "point_id": "p4e4wvttl",
        "point_name": "ザ・​ライオンズミッドキャピタルタワー",
        "remark": ""
      },
      "type": "Feature"
    },
    {
      "geometry": {
        "coordinates": [
          139.762768,
          35.671294
        ],
        "type": "Point"
      },
      "properties": {
        "bangumi_id": 208146,
        "bangumi_title": "五等分的新娘",
        "ep_cut": 36,
        "image_url": "https://w.junreimap.com/images/user/2090/bangumi/208146/points/np8trav4b-1725007310700.jpg",
        "location": "东京都中央区",
        "point_id": "np8trav4b",
        "point_name": "ドルチェ＆ガッバーナ 銀座",
        "remark": ""
      },
      "type": "Feature"
    },
    {
      "geometry": {
        "coordinates": [
          139.762769,
          35.671292
        ],
        "type": "Point"
      },
      "properties": {
        "bangumi_id": 208146,
        "bangumi_title": "五等分的新娘",
        "ep_cut": 37,
        "image_url": "https://w.junreimap.com/images/points/208146/v1693v_1748886794159.jpg",
        "location": "东京都中央区",
        "point_id": "v1693v",
        "point_name": "ドルチェ＆ガッバーナ 銀座",
        "remark": ""
      },
      "type": "Feature"
    },
    {
      "geometry": {
        "coordinates": [
          136.898627,
          35.002787
        ],
        "type": "Point"
      },
      "properties": {
        "bangumi_id": 208146,
        "bangumi_title": "五等分的新娘",
        "ep_cut": 37,
        "image_url": "https://w.junreimap.com/images/points/208146/v1cvt8_1748887140264.jpg",
        "location": "爱知县东海市 汐见丘公园",
        "point_id": "v1cvt8",
        "point_name": "汐見が丘公園",
        "remark": ""
      },
      "type": "Feature"
    },
    {
      "geometry": {
        "coordinates": [
          136.909811,
          35.134909
        ],
        "type": "Point"
      },
      "properties": {
        "bangumi_id": 208146,
        "bangumi_title": "五等分的新娘",
        "ep_cut": 40,
        "image_url": "https://w.junreimap.com/images/points/208146/v1iobe_1748887359619.jpg",
        "location": "爱知县名古屋市 狮子中京大厦",
        "point_id": "v1iobe",
        "point_name": "ザ・​ライオンズミッドキャピタルタワー",
        "remark": ""
      },
      "type": "Feature"
    },
    {
      "geometry": {
        "coordinates": [
          136.891556,
          35.020648
        ],
        "type": "Point"
      },
      "properties": {
        "bangumi_id": 208146,
        "bangumi_title": "五等分的新娘",
        "ep_cut": 40,
        "image_url": "https://w.junreimap.com/images/user/2090/bangumi/208146/points/p4ek2ynx8-1729016142265.jpg",
        "location": "爱知县东海市 太田川站",
        "point_id": "p4ek2ynx8",
        "point_name": "东海市艺术剧场附近的天桥",
        "remark": ""
      },
      "type": "Feature"
    },
    {
      "geometry": {
        "coordinates": [
          136.892333,
          35.020541
        ],
        "type": "Point"
      },
      "properties": {
        "bangumi_id": 208146,
        "bangumi_title": "五等分的新娘",
        "ep_cut": 40,
        "image_url": "https://w.junreimap.com/images/user/2090/bangumi/208146/points/p4eh2yws7-1729015959076.jpg",
        "location": "爱知县东海市 太田川站",
        "point_id": "p4eh2yws7",
        "point_name": "太田川站 西侧的天桥的北侧楼梯口",
        "remark": ""
      },
      "type": "Feature"
    },
    {
      "geometry": {
        "coordinates": [
          136.892867,
          35.020318
        ],
        "type": "Point"
      },
      "properties": {
        "bangumi_id": 208146,
        "bangumi_title": "五等分的新娘",
        "ep_cut": 40,
        "image_url": "https://w.junreimap.com/images/user/2090/bangumi/208146/points/p4elvr8rl-1729016245501.jpg",
        "location": "爱知县东海市 太田川站",
        "point_id": "p4elvr8rl",
        "point_name": "太田川駅 东出口",
        "remark": ""
      },
      "type": "Feature"
    },
    {
      "geometry": {
        "coordinates": [
          139.760699,
          35.674665
        ],
        "type": "Point"
      },
      "properties": {
        "bangumi_id": 208146,
        "bangumi_title": "五等分的新娘",
        "ep_cut": 40,
        "image_url": "https://w.junreimap.com/images/points/208146/v1mryj_1748887551476.jpg",
        "location": "东京都千代田区",
        "point_id": "v1mryj",
        "point_name": "ThePeninsula东京",
        "remark": ""
      },
      "type": "Feature"
    },
    {
      "geometry": {
        "coordinates": [
          139.76068,
          35.674672
        ],
        "type": "Point"
      },
      "properties": {
        "bangumi_id": 208146,
        "bangumi_title": "五等分的新娘",
        "ep_cut": 41,
        "image_url": "https://w.junreimap.com/images/user/2090/bangumi/208146/points/p4fmf4k9h-1730935460501.jpg",
        "location": "东京都千代田区",
        "point_id": "p4fmf4k9h",
        "point_name": "ThePeninsula东京",
        "remark": ""
      },
      "type": "Feature"
    },
    {
      "geometry": {
        "coordinates": [
          136.894333,
          35.002129
        ],
        "type": "Point"
      },
      "properties": {
        "bangumi_id": 208146,
        "bangumi_title": "五等分的新娘",
        "ep_cut": 41,
        "image_url": "https://w.junreimap.com/images/points/208146/w0n4ju_1748946376003.jpg",
        "location": "爱知县东海市 中之池公园",
        "point_id": "w0n4ju",
        "point_name": "中ノ池公園",
        "remark": ""
      },
      "type": "Feature"
    },
    {
      "geometry": {
        "coordinates": [
          136.894323,
          35.002113
        ],
        "type": "Point"
      },
      "properties": {
        "bangumi_id": 208146,
        "bangumi_title": "五等分的新娘",
        "ep_cut": 41,
        "image_url": "https://w.junreimap.com/images/points/208146/v1rn36_1748887797939.jpg",
        "location": "爱知县东海市 中之池公园",
        "point_id": "v1rn36",
        "point_name": "中ノ池公園",
        "remark": ""
      },
      "type": "Feature"
    },
    {
      "geometry": {
        "coordinates": [
          136.894406,
          35.002109
        ],
        "type": "Point"
      },
      "properties": {
        "bangumi_id": 208146,
        "bangumi_title": "五等分的新娘",
        "ep_cut": 41,
        "image_url": "https://w.junreimap.com/images/points/208146/w0qhqm_1748946509750.jpg",
        "location": "爱知县东海市 中之池公园",
        "point_id": "w0qhqm",
        "point_name": "中ノ池公園",
        "remark": ""
      },
      "type": "Feature"
    },
    {
      "geometry": {
        "coordinates": [
          136.895804,
          35.001747
        ],
        "type": "Point"
      },
      "properties": {
        "bangumi_id": 208146,
        "bangumi_title": "五等分的新娘",
        "ep_cut": 41,
        "image_url": "https://w.junreimap.com/images/user/2090/bangumi/208146/points/ovjtwgunx-1728322385481.jpg",
        "location": "爱知县东海市 中之池公园",
        "point_id": "ovjtwgunx",
        "point_name": "中ノ池公園",
        "remark": "栏杆和梯子应该是取自这里"
      },
      "type": "Feature"
    },
    {
      "geometry": {
        "coordinates": [
          136.894326,
          35.002118
        ],
        "type": "Point"
      },
      "properties": {
        "bangumi_id": 208146,
        "bangumi_title": "五等分的新娘",
        "ep_cut": 42,
        "image_url": "https://w.junreimap.com/images/points/208146/w150dj_1748947188016.jpg",
        "location": "爱知县东海市 中之池公园",
        "point_id": "w150dj",
        "point_name": "中ノ池公園",
        "remark": ""
      },
      "type": "Feature"
    },
    {
      "geometry": {
        "coordinates": [
          135.785122,
          34.994633
        ],
        "type": "Point"
      },
      "properties": {
        "bangumi_id": 208146,
        "bangumi_title": "五等分的新娘",
        "ep_cut": 42,
        "image_url": "https://w.junreimap.com/images/points/208146/w16v0f_1748947272397.jpg",
        "location": "京都府京都市 清水寺",
        "point_id": "w16v0f",
        "point_name": "清水の舞台 东南角 南侧的景色",
        "remark": ""
      },
      "type": "Feature"
    },
    {
      "geometry": {
        "coordinates": [
          135.785122,
          34.994632
        ],
        "type": "Point"
      },
      "properties": {
        "bangumi_id": 208146,
        "bangumi_title": "五等分的新娘",
        "ep_cut": 42,
        "image_url": "https://w.junreimap.com/images/points/208146/w1c2ly_1748947516744.jpg",
        "location": "京都府京都市 清水寺",
        "point_id": "w1c2ly",
        "point_name": "清水の舞台 东南角 南侧的景色",
        "remark": ""
      },
      "type": "Feature"
    },
    {
      "geometry": {
        "coordinates": [
          136.894331,
          35.002127
        ],
        "type": "Point"
      },
      "properties": {
        "bangumi_id": 208146,
        "bangumi_title": "五等分的新娘",
        "ep_cut": 42,
        "image_url": "https://w.junreimap.com/images/points/208146/w1dlav_1748947588336.jpg",
        "location": "爱知县东海市 中之池公园",
        "point_id": "w1dlav",
        "point_name": "中ノ池公園",
        "remark": ""
      },
      "type": "Feature"
    },
    {
      "geometry": {
        "coordinates": [
          136.894316,
          35.002133
        ],
        "type": "Point"
      },
      "properties": {
        "bangumi_id": 208146,
        "bangumi_title": "五等分的新娘",
        "ep_cut": 42,
        "image_url": "https://w.junreimap.com/images/points/208146/w1g8zi_1748947710763.jpg",
        "location": "爱知县东海市 中之池公园",
        "point_id": "w1g8zi",
        "point_name": "中ノ池公園",
        "remark": ""
      },
      "type": "Feature"
    },
    {
      "geometry": {
        "coordinates": [
          139.760752,
          35.674668
        ],
        "type": "Point"
      },
      "properties": {
        "bangumi_id": 208146,
        "bangumi_title": "五等分的新娘",
        "ep_cut": 42,
        "image_url": "https://w.junreimap.com/images/user/2090/bangumi/208146/points/ovr6csrre-1728338355187.jpg",
        "location": "东京都千代田区",
        "point_id": "ovr6csrre",
        "point_name": "ThePeninsula东京",
        "remark": ""
      },
      "type": "Feature"
    },
    {
      "geometry": {
        "coordinates": [
          136.921912,
          34.918615
        ],
        "type": "Point"
      },
      "properties": {
        "bangumi_id": 208146,
        "bangumi_title": "五等分的新娘",
        "ep_cut": 43,
        "image_url": "https://w.junreimap.com/images/points/208146/w1mu6n_1748948018919.jpg",
        "location": "爱知县阿久比町",
        "point_id": "w1mu6n",
        "point_name": "ユナイテッド・​シネマ​阿久比",
        "remark": ""
      },
      "type": "Feature"
    },
    {
      "geometry": {
        "coordinates": [
          136.922167,
          34.918608
        ],
        "type": "Point"
      },
      "properties": {
        "bangumi_id": 208146,
        "bangumi_title": "五等分的新娘",
        "ep_cut": 43,
        "image_url": "https://w.junreimap.com/images/points/208146/w1ocx3_1748948098702.jpg",
        "location": "爱知县阿久比町",
        "point_id": "w1ocx3",
        "point_name": "ユナイテッド・​シネマ​阿久比 门口",
        "remark": ""
      },
      "type": "Feature"
    },
    {
      "geometry": {
        "coordinates": [
          139.760693,
          35.674667
        ],
        "type": "Point"
      },
      "properties": {
        "bangumi_id": 208146,
        "bangumi_title": "五等分的新娘",
        "ep_cut": 43,
        "image_url": "https://w.junreimap.com/images/points/208146/w1qhe1_1748948190967.jpg",
        "location": "东京都千代田区",
        "point_id": "w1qhe1",
        "point_name": "ThePeninsula东京",
        "remark": ""
      },
      "type": "Feature"
    },
    {
      "geometry": {
        "coordinates": [
          136.909809,
          35.135002
        ],
        "type": "Point"
      },
      "properties": {
        "bangumi_id": 208146,
        "bangumi_title": "五等分的新娘",
        "ep_cut": 45,
        "image_url": "https://w.junreimap.com/images/user/2090/bangumi/208146/points/p4gcxe5eh-1729020068795.jpg",
        "location": "爱知县名古屋市 狮子中京大厦",
        "point_id": "p4gcxe5eh",
        "point_name": "ザ・​ライオンズミッドキャピタルタワー",
        "remark": ""
      },
      "type": "Feature"
    },
    {
      "geometry": {
        "coordinates": [
          136.88921,
          35.022297
        ],
        "type": "Point"
      },
      "properties": {
        "bangumi_id": 208146,
        "bangumi_title": "五等分的新娘",
        "ep_cut": 45,
        "image_url": "https://w.junreimap.com/images/points/208146/w1ysh2_1748948605582.jpg",
        "location": "爱知县东海市 日本​福祉​大学",
        "point_id": "w1ysh2",
        "point_name": "日本​福祉​大​東海​キャンパス",
        "remark": ""
      },
      "type": "Feature"
    },
    {
      "geometry": {
        "coordinates": [
          121.549472,
          25.026242
        ],
        "type": "Point"
      },
      "properties": {
        "bangumi_id": 208146,
        "bangumi_title": "五等分的新娘",
        "ep_cut": 45,
        "image_url": "https://w.junreimap.com/images/points/208146/w232ns_1748948832304.jpg",
        "location": "中国台湾省台北市",
        "point_id": "w232ns",
        "point_name": "遠東國際大飯店",
        "remark": ""
      },
      "type": "Feature"
    },
    {
      "geometry": {
        "coordinates": [
          121.54947,
          25.02624
        ],
        "type": "Point"
      },
      "properties": {
        "bangumi_id": 208146,
        "bangumi_title": "五等分的新娘",
        "ep_cut": 45,
        "image_url": "https://w.junreimap.com/images/points/208146/w24h40_1748948841043.jpg",
        "location": "中国台湾省台北市",
        "point_id": "w24h40",
        "point_name": "遠東國際大飯店",
        "remark": ""
      },
      "type": "Feature"
    },
    {
      "geometry": {
        "coordinates": [
          121.549471,
          25.026241
        ],
        "type": "Point"
      },
      "properties": {
        "bangumi_id": 208146,
        "bangumi_title": "五等分的新娘",
        "ep_cut": 46,
        "image_url": "https://w.junreimap.com/images/points/208146/y2qvaq_1749070819598.jpg",
        "location": "中国台湾省台北市",
        "point_id": "y2qvaq",
        "point_name": "遠東國際大飯店",
        "remark": ""
      },
      "type": "Feature"
    },
    {
      "geometry": {
        "coordinates": [
          139.760694,
          35.67467
        ],
        "type": "Point"
      },
      "properties": {
        "bangumi_id": 208146,
        "bangumi_title": "五等分的新娘",
        "ep_cut": 46,
        "image_url": "https://w.junreimap.com/images/points/208146/y2t45x_1749070926367.jpg",
        "location": "东京都千代田区",
        "point_id": "y2t45x",
        "point_name": "ThePeninsula东京",
        "remark": ""
      },
      "type": "Feature"
    },
    {
      "geometry": {
        "coordinates": [
          136.892353,
          35.020604
        ],
        "type": "Point"
      },
      "properties": {
        "bangumi_id": 208146,
        "bangumi_title": "五等分的新娘",
        "ep_cut": 46,
        "image_url": "https://w.junreimap.com/images/user/2090/bangumi/208146/points/nxfzym82k-1725649659733.jpg",
        "location": "爱知县东海市 太田川站",
        "point_id": "nxfzym82k",
        "point_name": "太田川站 西侧的天桥北口东侧的台子",
        "remark": ""
      },
      "type": "Feature"
    },
    {
      "geometry": {
        "coordinates": [
          136.892257,
          35.02032
        ],
        "type": "Point"
      },
      "properties": {
        "bangumi_id": 208146,
        "bangumi_title": "五等分的新娘",
        "ep_cut": 46,
        "image_url": "https://w.junreimap.com/images/user/2090/bangumi/208146/points/oat4dr4ss-1726697057237.jpg",
        "location": "爱知县东海市 太田川站",
        "point_id": "oat4dr4ss",
        "point_name": "西口広場",
        "remark": ""
      },
      "type": "Feature"
    },
    {
      "geometry": {
        "coordinates": [
          136.892898,
          35.020468
        ],
        "type": "Point"
      },
      "properties": {
        "bangumi_id": 208146,
        "bangumi_title": "五等分的新娘",
        "ep_cut": 47,
        "image_url": "https://w.junreimap.com/images/user/2090/bangumi/208146/points/nxo08ckjo-1725667068364.jpg",
        "location": "爱知县东海市 太田川站",
        "point_id": "nxo08ckjo",
        "point_name": "ファミリーマート 太田川駅店",
        "remark": ""
      },
      "type": "Feature"
    },
    {
      "geometry": {
        "coordinates": [
          136.892138,
          35.020395
        ],
        "type": "Point"
      },
      "properties": {
        "bangumi_id": 208146,
        "bangumi_title": "五等分的新娘",
        "ep_cut": 47,
        "image_url": "https://w.junreimap.com/images/user/2090/bangumi/208146/points/p4gsmjlyd-1729021050827.jpg",
        "location": "爱知县东海市 太田川站",
        "point_id": "p4gsmjlyd",
        "point_name": "東海市芸術劇場 2楼北侧走廊与东侧走廊交汇处",
        "remark": ""
      },
      "type": "Feature"
    },
    {
      "geometry": {
        "coordinates": [
          136.892442,
          35.020508
        ],
        "type": "Point"
      },
      "properties": {
        "bangumi_id": 208146,
        "bangumi_title": "五等分的新娘",
        "ep_cut": 47,
        "image_url": "https://w.junreimap.com/images/user/2090/bangumi/208146/points/p4gzlc8jd-1729021429078.jpg",
        "location": "爱知县东海市 太田川站",
        "point_id": "p4gzlc8jd",
        "point_name": "太田川站 西出口外",
        "remark": ""
      },
      "type": "Feature"
    },
    {
      "geometry": {
        "coordinates": [
          136.892259,
          35.020094
        ],
        "type": "Point"
      },
      "properties": {
        "bangumi_id": 208146,
        "bangumi_title": "五等分的新娘",
        "ep_cut": 47,
        "image_url": "https://w.junreimap.com/images/user/2090/bangumi/208146/points/oat88eiop-1726697173188.jpg",
        "location": "爱知县东海市 太田川站",
        "point_id": "oat88eiop",
        "point_name": "西口広場",
        "remark": ""
      },
      "type": "Feature"
    },
    {
      "geometry": {
        "coordinates": [
          136.891961,
          35.020062
        ],
        "type": "Point"
      },
      "properties": {
        "bangumi_id": 208146,
        "bangumi_title": "五等分的新娘",
        "ep_cut": 47,
        "image_url": "https://w.junreimap.com/images/user/2090/bangumi/208146/points/p4h2030ko-1729021575117.jpg",
        "location": "爱知县东海市 太田川站",
        "point_id": "p4h2030ko",
        "point_name": "東海市芸術劇場 东侧",
        "remark": ""
      },
      "type": "Feature"
    },
    {
      "geometry": {
        "coordinates": [
          136.892035,
          35.020172
        ],
        "type": "Point"
      },
      "properties": {
        "bangumi_id": 208146,
        "bangumi_title": "五等分的新娘",
        "ep_cut": 47,
        "image_url": "https://w.junreimap.com/images/user/2090/bangumi/208146/points/p4h3eewg1-1729021660517.jpg",
        "location": "爱知县东海市 太田川站",
        "point_id": "p4h3eewg1",
        "point_name": "東海市芸術劇場 东侧",
        "remark": ""
      },
      "type": "Feature"
    },
    {
      "geometry": {
        "coordinates": [
          136.891735,
          35.020854
        ],
        "type": "Point"
      },
      "properties": {
        "bangumi_id": 208146,
        "bangumi_title": "五等分的新娘",
        "ep_cut": 47,
        "image_url": "https://w.junreimap.com/images/points/208146/13qrjiu_1749413503344.jpg",
        "location": "爱知县东海市 太田川站",
        "point_id": "13qrjiu",
        "point_name": "ラスパ太田川",
        "remark": ""
      },
      "type": "Feature"
    },
    {
      "geometry": {
        "coordinates": [
          136.892221,
          35.02023
        ],
        "type": "Point"
      },
      "properties": {
        "bangumi_id": 208146,
        "bangumi_title": "五等分的新娘",
        "ep_cut": 47,
        "image_url": "https://w.junreimap.com/images/points/208146/13qtgv7_1749413586621.jpg",
        "location": "爱知县东海市 太田川站",
        "point_id": "13qtgv7",
        "point_name": "西口広場",
        "remark": ""
      },
      "type": "Feature"
    },
    {
      "geometry": {
        "coordinates": [
          136.891991,
          35.020122
        ],
        "type": "Point"
      },
      "properties": {
        "bangumi_id": 208146,
        "bangumi_title": "五等分的新娘",
        "ep_cut": 47,
        "image_url": "https://w.junreimap.com/images/user/2090/bangumi/208146/points/ovrm36ydz-1728339346902.jpg",
        "location": "爱知县东海市 太田川站",
        "point_id": "ovrm36ydz",
        "point_name": "東海市芸術劇場 东侧",
        "remark": ""
      },
      "type": "Feature"
    },
    {
      "geometry": {
        "coordinates": [
          136.89228,
          35.020568
        ],
        "type": "Point"
      },
      "properties": {
        "bangumi_id": 208146,
        "bangumi_title": "五等分的新娘",
        "ep_cut": 47,
        "image_url": "https://w.junreimap.com/images/user/2090/bangumi/208146/points/nxgv9mfet-1725651522943.jpg",
        "location": "爱知县东海市 太田川站",
        "point_id": "nxgv9mfet",
        "point_name": "太田川站 西侧的天桥的北侧楼梯口",
        "remark": ""
      },
      "type": "Feature"
    },
    {
      "geometry": {
        "coordinates": [
          121.549471,
          25.02624
        ],
        "type": "Point"
      },
      "properties": {
        "bangumi_id": 208146,
        "bangumi_title": "五等分的新娘",
        "ep_cut": 47,
        "image_url": "https://w.junreimap.com/images/points/208146/13qxj57_1749413780130.jpg",
        "location": "中国台湾省台北市",
        "point_id": "13qxj57",
        "point_name": "遠東國際大飯店",
        "remark": ""
      },
      "type": "Feature"
    },
    {
      "geometry": {
        "coordinates": [
          136.892236,
          35.020533
        ],
        "type": "Point"
      },
      "properties": {
        "bangumi_id": 208146,
        "bangumi_title": "五等分的新娘",
        "ep_cut": 47,
        "image_url": "https://w.junreimap.com/images/points/208146/13r03b6_1749413892164.jpg",
        "location": "爱知县东海市 太田川站",
        "point_id": "13r03b6",
        "point_name": "太田川站 西侧的天桥",
        "remark": ""
      },
      "type": "Feature"
    },
    {
      "geometry": {
        "coordinates": [
          136.892066,
          35.020412
        ],
        "type": "Point"
      },
      "properties": {
        "bangumi_id": 208146,
        "bangumi_title": "五等分的新娘",
        "ep_cut": 47,
        "image_url": "https://w.junreimap.com/images/points/208146/13r2dky_1749414023031.jpg",
        "location": "爱知县东海市 太田川站",
        "point_id": "13r2dky",
        "point_name": "東海市芸術劇場 2楼东侧走廊",
        "remark": ""
      },
      "type": "Feature"
    },
    {
      "geometry": {
        "coordinates": [
          136.892276,
          35.020605
        ],
        "type": "Point"
      },
      "properties": {
        "bangumi_id": 208146,
        "bangumi_title": "五等分的新娘",
        "ep_cut": 47,
        "image_url": "https://w.junreimap.com/images/user/2090/bangumi/208146/points/nxgs14h6r-1725651348171.jpg",
        "location": "爱知县东海市 太田川站",
        "point_id": "nxgs14h6r",
        "point_name": "ラスパ2F入り口 前方",
        "remark": ""
      },
      "type": "Feature"
    },
    {
      "geometry": {
        "coordinates": [
          136.892226,
          35.020064
        ],
        "type": "Point"
      },
      "properties": {
        "bangumi_id": 208146,
        "bangumi_title": "五等分的新娘",
        "ep_cut": 47,
        "image_url": "https://w.junreimap.com/images/user/2090/bangumi/208146/points/ovlas2ntr-1728325583872.jpg",
        "location": "爱知县东海市 太田川站",
        "point_id": "ovlas2ntr",
        "point_name": "西口広場",
        "remark": ""
      },
      "type": "Feature"
    },
    {
      "geometry": {
        "coordinates": [
          136.891239,
          35.020995
        ],
        "type": "Point"
      },
      "properties": {
        "bangumi_id": 208146,
        "bangumi_title": "五等分的新娘",
        "ep_cut": 47,
        "image_url": "https://w.junreimap.com/images/user/2090/bangumi/208146/points/p4h7lccrb-1729021912223.jpg",
        "location": "爱知县东海市 太田川站",
        "point_id": "p4h7lccrb",
        "point_name": "ニッチェル​大田川",
        "remark": ""
      },
      "type": "Feature"
    },
    {
      "geometry": {
        "coordinates": [
          136.892226,
          35.020519
        ],
        "type": "Point"
      },
      "properties": {
        "bangumi_id": 208146,
        "bangumi_title": "五等分的新娘",
        "ep_cut": 47,
        "image_url": "https://w.junreimap.com/images/points/208146/13r5wrt_1749414174669.jpg",
        "location": "爱知县东海市 太田川站",
        "point_id": "13r5wrt",
        "point_name": "太田川站 西侧的天桥",
        "remark": ""
      },
      "type": "Feature"
    },
    {
      "geometry": {
        "coordinates": [
          136.892162,
          35.020361
        ],
        "type": "Point"
      },
      "properties": {
        "bangumi_id": 208146,
        "bangumi_title": "五等分的新娘",
        "ep_cut": 47,
        "image_url": "https://w.junreimap.com/images/user/2090/bangumi/208146/points/ovlegg7u8-1728325804256.jpg",
        "location": "爱知县东海市 太田川站",
        "point_id": "ovlegg7u8",
        "point_name": "東海市芸術劇場 2楼北侧走廊与东侧走廊交汇处",
        "remark": ""
      },
      "type": "Feature"
    },
    {
      "geometry": {
        "coordinates": [
          136.909799,
          35.134975
        ],
        "type": "Point"
      },
      "properties": {
        "bangumi_id": 208146,
        "bangumi_title": "五等分的新娘",
        "ep_cut": 48,
        "image_url": "https://w.junreimap.com/images/user/2090/bangumi/208146/points/p4hbsfru0-1729022170151.jpg",
        "location": "爱知县名古屋市 狮子中京大厦",
        "point_id": "p4hbsfru0",
        "point_name": "ザ・​ライオンズミッドキャピタルタワー",
        "remark": ""
      },
      "type": "Feature"
    },
    {
      "geometry": {
        "coordinates": [
          136.888875,
          35.021926
        ],
        "type": "Point"
      },
      "properties": {
        "bangumi_id": 208146,
        "bangumi_title": "五等分的新娘",
        "ep_cut": 48,
        "image_url": "https://w.junreimap.com/images/user/2090/bangumi/208146/points/p4hedjwiv-1729022329816.jpg",
        "location": "爱知县东海市 日本​福祉​大学",
        "point_id": "p4hedjwiv",
        "point_name": "日本​福祉​大​東海​キャンパス",
        "remark": ""
      },
      "type": "Feature"
    },
    {
      "geometry": {
        "coordinates": [
          136.888966,
          35.02195
        ],
        "type": "Point"
      },
      "properties": {
        "bangumi_id": 208146,
        "bangumi_title": "五等分的新娘",
        "ep_cut": 48,
        "image_url": "https://w.junreimap.com/images/user/2090/bangumi/208146/points/p4hgnamfg-1729022463357.jpg",
        "location": "爱知县东海市 日本​福祉​大学",
        "point_id": "p4hgnamfg",
        "point_name": "日本福祉大東海キャンパス",
        "remark": ""
      },
      "type": "Feature"
    },
    {
      "geometry": {
        "coordinates": [
          136.888998,
          35.02212
        ],
        "type": "Point"
      },
      "properties": {
        "bangumi_id": 208146,
        "bangumi_title": "五等分的新娘",
        "ep_cut": 48,
        "image_url": "https://w.junreimap.com/images/points/208146/13rbaaz_1749414414646.jpg",
        "location": "爱知县东海市 日本​福祉​大学",
        "point_id": "13rbaaz",
        "point_name": "日本福祉大東海キャンパス 天台",
        "remark": ""
      },
      "type": "Feature"
    },
    {
      "geometry": {
        "coordinates": [
          136.90981,
          35.135033
        ],
        "type": "Point"
      },
      "properties": {
        "bangumi_id": 208146,
        "bangumi_title": "五等分的新娘",
        "ep_cut": 49,
        "image_url": "https://w.junreimap.com/images/points/208146/13rhjn6_1749414706268.jpg",
        "location": "爱知县名古屋市 狮子中京大厦",
        "point_id": "13rhjn6",
        "point_name": "ザ・​ライオンズミッドキャピタルタワー",
        "remark": ""
      },
      "type": "Feature"
    },
    {
      "geometry": {
        "coordinates": [
          136.9098,
          35.134955
        ],
        "type": "Point"
      },
      "properties": {
        "bangumi_id": 208146,
        "bangumi_title": "五等分的新娘",
        "ep_cut": 49,
        "image_url": "https://w.junreimap.com/images/user/2090/bangumi/208146/points/p4hkr1slq-1729022716374.jpg",
        "location": "爱知县名古屋市 狮子中京大厦",
        "point_id": "p4hkr1slq",
        "point_name": "ザ・​ライオンズミッドキャピタルタワー",
        "remark": ""
      },
      "type": "Feature"
    },
    {
      "geometry": {
        "coordinates": [
          136.891526,
          35.020788
        ],
        "type": "Point"
      },
      "properties": {
        "bangumi_id": 208146,
        "bangumi_title": "五等分的新娘",
        "ep_cut": 53,
        "image_url": "https://w.junreimap.com/images/user/2090/bangumi/208146/points/nxh9jxnhh-1725652413557.jpg",
        "location": "爱知县东海市 太田川站",
        "point_id": "nxh9jxnhh",
        "point_name": "太田川駅西広場（大屋根広場） 外侧",
        "remark": ""
      },
      "type": "Feature"
    },
    {
      "geometry": {
        "coordinates": [
          136.892459,
          35.020622
        ],
        "type": "Point"
      },
      "properties": {
        "bangumi_id": 208146,
        "bangumi_title": "五等分的新娘",
        "ep_cut": 54,
        "image_url": "https://w.junreimap.com/images/points/208146/13s577i_1749415818709.jpg",
        "location": "爱知县东海市 太田川站",
        "point_id": "13s577i",
        "point_name": "スターバックスコーヒー ラスパ太田川店",
        "remark": ""
      },
      "type": "Feature"
    },
    {
      "geometry": {
        "coordinates": [
          136.892456,
          35.020622
        ],
        "type": "Point"
      },
      "properties": {
        "bangumi_id": 208146,
        "bangumi_title": "五等分的新娘",
        "ep_cut": 54,
        "image_url": "https://w.junreimap.com/images/points/208146/13s82j6_1749415944554.jpg",
        "location": "爱知县东海市 太田川站",
        "point_id": "13s82j6",
        "point_name": "スターバックスコーヒー ラスパ太田川店",
        "remark": ""
      },
      "type": "Feature"
    },
    {
      "geometry": {
        "coordinates": [
          136.892429,
          35.020628
        ],
        "type": "Point"
      },
      "properties": {
        "bangumi_id": 208146,
        "bangumi_title": "五等分的新娘",
        "ep_cut": 54,
        "image_url": "https://w.junreimap.com/images/user/2090/bangumi/208146/points/o6q3rjmy7-1726376944986.jpg",
        "location": "爱知县东海市 太田川站",
        "point_id": "o6q3rjmy7",
        "point_name": "スターバックスコーヒー ラスパ太田川店 柜台右边贴的图片",
        "remark": ""
      },
      "type": "Feature"
    },
    {
      "geometry": {
        "coordinates": [
          136.888895,
          35.021787
        ],
        "type": "Point"
      },
      "properties": {
        "bangumi_id": 208146,
        "bangumi_title": "五等分的新娘",
        "ep_cut": 54,
        "image_url": "https://w.junreimap.com/images/user/2090/bangumi/208146/points/ovroxf7yr-1728339486363.jpg",
        "location": "爱知县东海市 日本​福祉​大学",
        "point_id": "ovroxf7yr",
        "point_name": "日本福祉大東海キャンパス",
        "remark": ""
      },
      "type": "Feature"
    },
    {
      "geometry": {
        "coordinates": [
          136.888731,
          35.021598
        ],
        "type": "Point"
      },
      "properties": {
        "bangumi_id": 208146,
        "bangumi_title": "五等分的新娘",
        "ep_cut": 55,
        "image_url": "https://w.junreimap.com/images/user/2090/bangumi/208146/points/p4il4clak-1729024908915.jpg",
        "location": "爱知县东海市 日本​福祉​大学",
        "point_id": "p4il4clak",
        "point_name": "日本​福祉​大​東海​キャンパス",
        "remark": ""
      },
      "type": "Feature"
    },
    {
      "geometry": {
        "coordinates": [
          136.683053,
          35.06705
        ],
        "type": "Point"
      },
      "properties": {
        "bangumi_id": 208146,
        "bangumi_title": "五等分的新娘",
        "ep_cut": 56,
        "image_url": "https://w.junreimap.com/images/user/2090/bangumi/208146/points/nru8jxs8w-1725210727421.jpg",
        "location": "三重县桑名市",
        "point_id": "nru8jxs8w",
        "point_name": "桑名站",
        "remark": ""
      },
      "type": "Feature"
    },
    {
      "geometry": {
        "coordinates": [
          136.683834,
          35.066711
        ],
        "type": "Point"
      },
      "properties": {
        "bangumi_id": 208146,
        "bangumi_title": "五等分的新娘",
        "ep_cut": 56,
        "image_url": "https://w.junreimap.com/images/user/2090/bangumi/208146/points/ovmp3v231-1728328624244.jpg",
        "location": "三重县桑名市",
        "point_id": "ovmp3v231",
        "point_name": "桑名站 JR检票口",
        "remark": ""
      },
      "type": "Feature"
    },
    {
      "geometry": {
        "coordinates": [
          136.733769,
          35.029918
        ],
        "type": "Point"
      },
      "properties": {
        "bangumi_id": 208146,
        "bangumi_title": "五等分的新娘",
        "ep_cut": 56,
        "image_url": "https://w.junreimap.com/images/user/2090/bangumi/208146/points/p4inhp6rx-1729025089982.jpg",
        "location": "三重县桑名市",
        "point_id": "p4inhp6rx",
        "point_name": "大観覧車オーロラ",
        "remark": ""
      },
      "type": "Feature"
    },
    {
      "geometry": {
        "coordinates": [
          136.731858,
          35.030899
        ],
        "type": "Point"
      },
      "properties": {
        "bangumi_id": 208146,
        "bangumi_title": "五等分的新娘",
        "ep_cut": 56,
        "image_url": "https://w.junreimap.com/images/points/208146/13skug6_1749416545508.jpg",
        "location": "三重县桑名市",
        "point_id": "13skug6",
        "point_name": "お化け屋敷",
        "remark": ""
      },
      "type": "Feature"
    },
    {
      "geometry": {
        "coordinates": [
          136.731193,
          35.028545
        ],
        "type": "Point"
      },
      "properties": {
        "bangumi_id": 208146,
        "bangumi_title": "五等分的新娘",
        "ep_cut": 56,
        "image_url": "https://w.junreimap.com/images/points/208146/13smq1m_1749416641636.jpg",
        "location": "三重县桑名市",
        "point_id": "13smq1m",
        "point_name": "旋转木马",
        "remark": ""
      },
      "type": "Feature"
    },
    {
      "geometry": {
        "coordinates": [
          136.733818,
          35.029837
        ],
        "type": "Point"
      },
      "properties": {
        "bangumi_id": 208146,
        "bangumi_title": "五等分的新娘",
        "ep_cut": 56,
        "image_url": "https://w.junreimap.com/images/user/2090/bangumi/208146/points/p4ipit1rv-1729025174919.jpg",
        "location": "三重县桑名市",
        "point_id": "p4ipit1rv",
        "point_name": "大観覧車オーロラ",
        "remark": ""
      },
      "type": "Feature"
    },
    {
      "geometry": {
        "coordinates": [
          136.733458,
          35.030391
        ],
        "type": "Point"
      },
      "properties": {
        "bangumi_id": 208146,
        "bangumi_title": "五等分的新娘",
        "ep_cut": 56,
        "image_url": "https://w.junreimap.com/images/user/2090/bangumi/208146/points/o0vqgiq4l-1725919048132.jpg",
        "location": "三重县桑名市",
        "point_id": "o0vqgiq4l",
        "point_name": "スイングアラウンド",
        "remark": ""
      },
      "type": "Feature"
    },
    {
      "geometry": {
        "coordinates": [
          136.733789,
          35.029876
        ],
        "type": "Point"
      },
      "properties": {
        "bangumi_id": 208146,
        "bangumi_title": "五等分的新娘",
        "ep_cut": 56,
        "image_url": "https://w.junreimap.com/images/points/208146/13sro0r_1749416878453.jpg",
        "location": "三重县桑名市",
        "point_id": "13sro0r",
        "point_name": "大観覧車オーロラ",
        "remark": ""
      },
      "type": "Feature"
    },
    {
      "geometry": {
        "coordinates": [
          135.202636,
          34.67017
        ],
        "type": "Point"
      },
      "properties": {
        "bangumi_id": 208146,
        "bangumi_title": "五等分的新娘",
        "ep_cut": 56,
        "image_url": "https://w.junreimap.com/images/points/208146/13stmpu_1749416987932.jpg",
        "location": "兵库县神户市",
        "point_id": "13stmpu",
        "point_name": "神戸​学院​大学​ポートアイランド​第1​キャンパス​B​号館",
        "remark": ""
      },
      "type": "Feature"
    },
    {
      "geometry": {
        "coordinates": [
          136.734866,
          35.030466
        ],
        "type": "Point"
      },
      "properties": {
        "bangumi_id": 208146,
        "bangumi_title": "五等分的新娘",
        "ep_cut": 56,
        "image_url": "https://w.junreimap.com/images/user/2090/bangumi/208146/points/o0vft1gox-1725918378592.jpg",
        "location": "三重县桑名市",
        "point_id": "o0vft1gox",
        "point_name": "白鯨",
        "remark": ""
      },
      "type": "Feature"
    },
    {
      "geometry": {
        "coordinates": [
          136.892515,
          35.020809
        ],
        "type": "Point"
      },
      "properties": {
        "bangumi_id": 208146,
        "bangumi_title": "五等分的新娘",
        "ep_cut": 58,
        "image_url": "https://w.junreimap.com/images/points/208146/13t2097_1749417348198.jpg",
        "location": "爱知县东海市 太田川站",
        "point_id": "13t2097",
        "point_name": "BOOKSえみたす ラスパ太田川店",
        "remark": ""
      },
      "type": "Feature"
    },
    {
      "geometry": {
        "coordinates": [
          136.892301,
          35.020642
        ],
        "type": "Point"
      },
      "properties": {
        "bangumi_id": 208146,
        "bangumi_title": "五等分的新娘",
        "ep_cut": 58,
        "image_url": "https://w.junreimap.com/images/points/208146/13t4lnf_1749417498034.jpg",
        "location": "爱知县东海市 太田川站",
        "point_id": "13t4lnf",
        "point_name": "ラスパ1F入り口",
        "remark": ""
      },
      "type": "Feature"
    },
    {
      "geometry": {
        "coordinates": [
          136.731839,
          35.030911
        ],
        "type": "Point"
      },
      "properties": {
        "bangumi_id": 208146,
        "bangumi_title": "五等分的新娘",
        "ep_cut": 59,
        "image_url": "https://w.junreimap.com/images/points/208146/13ta72q_1749417724645.jpg",
        "location": "三重县桑名市",
        "point_id": "13ta72q",
        "point_name": "お化け屋敷",
        "remark": ""
      },
      "type": "Feature"
    },
    {
      "geometry": {
        "coordinates": [
          136.888734,
          35.021594
        ],
        "type": "Point"
      },
      "properties": {
        "bangumi_id": 208146,
        "bangumi_title": "五等分的新娘",
        "ep_cut": 59,
        "image_url": "https://w.junreimap.com/images/user/2090/bangumi/208146/points/p4iypvsti-1729025732396.jpg",
        "location": "爱知县东海市 日本​福祉​大学",
        "point_id": "p4iypvsti",
        "point_name": "日本​福祉​大​東海​キャンパス",
        "remark": ""
      },
      "type": "Feature"
    },
    {
      "geometry": {
        "coordinates": [
          136.909803,
          35.134988
        ],
        "type": "Point"
      },
      "properties": {
        "bangumi_id": 208146,
        "bangumi_title": "五等分的新娘",
        "ep_cut": 59,
        "image_url": "https://w.junreimap.com/images/points/208146/13td3ka_1749417861309.jpg",
        "location": "爱知县名古屋市 狮子中京大厦",
        "point_id": "13td3ka",
        "point_name": "ザ・​ライオンズミッドキャピタルタワー",
        "remark": ""
      },
      "type": "Feature"
    },
    {
      "geometry": {
        "coordinates": [
          136.924202,
          35.15019
        ],
        "type": "Point"
      },
      "properties": {
        "bangumi_id": 208146,
        "bangumi_title": "五等分的新娘",
        "ep_cut": 61,
        "image_url": "https://w.junreimap.com/images/user/2090/bangumi/208146/points/p4jc2qi03-1729026540248.jpg",
        "location": "爱知县名古屋市 グラストニア",
        "point_id": "p4jc2qi03",
        "point_name": "グラストニア",
        "remark": ""
      },
      "type": "Feature"
    },
    {
      "geometry": {
        "coordinates": [
          136.997597,
          34.703642
        ],
        "type": "Point"
      },
      "properties": {
        "bangumi_id": 208146,
        "bangumi_title": "五等分的新娘",
        "ep_cut": 61,
        "image_url": "https://w.junreimap.com/images/user/2090/bangumi/208146/points/ntmvfso29-1725351148941.jpg",
        "location": "爱知县南知多町",
        "point_id": "ntmvfso29",
        "point_name": "西港のにっしー",
        "remark": ""
      },
      "type": "Feature"
    },
    {
      "geometry": {
        "coordinates": [
          136.997497,
          34.703929
        ],
        "type": "Point"
      },
      "properties": {
        "bangumi_id": 208146,
        "bangumi_title": "五等分的新娘",
        "ep_cut": 61,
        "image_url": "https://w.junreimap.com/images/user/2090/bangumi/208146/points/ntmxrqqey-1725351284848.jpg",
        "location": "爱知县南知多町",
        "point_id": "ntmxrqqey",
        "point_name": "日間賀島サンセットビーチ",
        "remark": "漫画里作了镜像处理"
      },
      "type": "Feature"
    },
    {
      "geometry": {
        "coordinates": [
          134.155733,
          34.625697
        ],
        "type": "Point"
      },
      "properties": {
        "bangumi_id": 208146,
        "bangumi_title": "五等分的新娘",
        "ep_cut": 61,
        "image_url": "https://w.junreimap.com/images/points/208146/1e03afy_1750033820919.jpg",
        "location": "冈山县濑户内市",
        "point_id": "1e03afy",
        "point_name": "牛窓オリーブ園幸福の鐘",
        "remark": ""
      },
      "type": "Feature"
    },
    {
      "geometry": {
        "coordinates": [
          134.155734,
          34.625697
        ],
        "type": "Point"
      },
      "properties": {
        "bangumi_id": 208146,
        "bangumi_title": "五等分的新娘",
        "ep_cut": 62,
        "image_url": "https://w.junreimap.com/images/points/208146/1e07fef_1750034012942.jpg",
        "location": "冈山县濑户内市",
        "point_id": "1e07fef",
        "point_name": "牛窓オリーブ園幸福の鐘",
        "remark": ""
      },
      "type": "Feature"
    },
    {
      "geometry": {
        "coordinates": [
          137.868408,
          35.477779
        ],
        "type": "Point"
      },
      "properties": {
        "bangumi_id": 208146,
        "bangumi_title": "五等分的新娘",
        "ep_cut": 62,
        "image_url": "https://w.junreimap.com/images/points/208146/1e0crrb_1750034262751.jpg",
        "location": "长野县饭田市",
        "point_id": "1e0crrb",
        "point_name": "虎岩​交流​センター",
        "remark": ""
      },
      "type": "Feature"
    },
    {
      "geometry": {
        "coordinates": [
          137.868366,
          35.477755
        ],
        "type": "Point"
      },
      "properties": {
        "bangumi_id": 208146,
        "bangumi_title": "五等分的新娘",
        "ep_cut": 62,
        "image_url": "https://w.junreimap.com/images/user/2090/bangumi/208146/points/p4judep63-1729027644886.jpg",
        "location": "长野县饭田市",
        "point_id": "p4judep63",
        "point_name": "虎岩​交流​センター",
        "remark": ""
      },
      "type": "Feature"
    },
    {
      "geometry": {
        "coordinates": [
          137.868338,
          35.477736
        ],
        "type": "Point"
      },
      "properties": {
        "bangumi_id": 208146,
        "bangumi_title": "五等分的新娘",
        "ep_cut": 63,
        "image_url": "https://w.junreimap.com/images/user/2090/bangumi/208146/points/p4jve0j1m-1729027704753.jpg",
        "location": "长野县饭田市",
        "point_id": "p4jve0j1m",
        "point_name": "虎岩​交流​センター",
        "remark": ""
      },
      "type": "Feature"
    },
    {
      "geometry": {
        "coordinates": [
          137.86824,
          35.477859
        ],
        "type": "Point"
      },
      "properties": {
        "bangumi_id": 208146,
        "bangumi_title": "五等分的新娘",
        "ep_cut": 63,
        "image_url": "https://w.junreimap.com/images/user/2090/bangumi/208146/points/p4jwmtmeb-1729027782328.jpg",
        "location": "长野县饭田市",
        "point_id": "p4jwmtmeb",
        "point_name": "虎岩​交流​センター",
        "remark": ""
      },
      "type": "Feature"
    },
    {
      "geometry": {
        "coordinates": [
          137.868401,
          35.477786
        ],
        "type": "Point"
      },
      "properties": {
        "bangumi_id": 208146,
        "bangumi_title": "五等分的新娘",
        "ep_cut": 64,
        "image_url": "https://w.junreimap.com/images/user/2090/bangumi/208146/points/p4jxxmz5z-1729027861545.jpg",
        "location": "长野县饭田市",
        "point_id": "p4jxxmz5z",
        "point_name": "虎岩​交流​センター",
        "remark": ""
      },
      "type": "Feature"
    },
    {
      "geometry": {
        "coordinates": [
          136.99734,
          34.703769
        ],
        "type": "Point"
      },
      "properties": {
        "bangumi_id": 208146,
        "bangumi_title": "五等分的新娘",
        "ep_cut": 65,
        "image_url": "https://w.junreimap.com/images/user/2090/bangumi/208146/points/p4jp3bmao-1729027358849.jpg",
        "location": "爱知县南知多町",
        "point_id": "p4jp3bmao",
        "point_name": "日間賀島サンセットビーチ",
        "remark": ""
      },
      "type": "Feature"
    },
    {
      "geometry": {
        "coordinates": [
          136.996689,
          34.703352
        ],
        "type": "Point"
      },
      "properties": {
        "bangumi_id": 208146,
        "bangumi_title": "五等分的新娘",
        "ep_cut": 65,
        "image_url": "https://w.junreimap.com/images/user/2090/bangumi/208146/points/p4jqvo1xx-1729027431521.jpg",
        "location": "爱知县南知多町",
        "point_id": "p4jqvo1xx",
        "point_name": "日间贺岛西港的防波堤",
        "remark": ""
      },
      "type": "Feature"
    },
    {
      "geometry": {
        "coordinates": [
          136.996881,
          34.70336
        ],
        "type": "Point"
      },
      "properties": {
        "bangumi_id": 208146,
        "bangumi_title": "五等分的新娘",
        "ep_cut": 65,
        "image_url": "https://w.junreimap.com/images/user/2090/bangumi/208146/points/ntn0ow1xk-1725351460710.jpg",
        "location": "爱知县南知多町",
        "point_id": "ntn0ow1xk",
        "point_name": "大海老",
        "remark": ""
      },
      "type": "Feature"
    },
    {
      "geometry": {
        "coordinates": [
          137.868403,
          35.477805
        ],
        "type": "Point"
      },
      "properties": {
        "bangumi_id": 208146,
        "bangumi_title": "五等分的新娘",
        "ep_cut": 65,
        "image_url": "https://w.junreimap.com/images/user/2090/bangumi/208146/points/p4jzn7z5z-1729027963860.jpg",
        "location": "长野县饭田市",
        "point_id": "p4jzn7z5z",
        "point_name": "虎岩​交流​センター",
        "remark": ""
      },
      "type": "Feature"
    },
    {
      "geometry": {
        "coordinates": [
          134.155732,
          34.625698
        ],
        "type": "Point"
      },
      "properties": {
        "bangumi_id": 208146,
        "bangumi_title": "五等分的新娘",
        "ep_cut": 65,
        "image_url": "https://w.junreimap.com/images/user/2090/bangumi/208146/points/p4k0k3rzv-1729028017533.jpg",
        "location": "冈山县濑户内市",
        "point_id": "p4k0k3rzv",
        "point_name": "牛窓オリーブ園幸福の鐘",
        "remark": ""
      },
      "type": "Feature"
    },
    {
      "geometry": {
        "coordinates": [
          134.155733,
          34.625698
        ],
        "type": "Point"
      },
      "properties": {
        "bangumi_id": 208146,
        "bangumi_title": "五等分的新娘",
        "ep_cut": 65,
        "image_url": "https://w.junreimap.com/images/points/208146/1gwlm95_1750209362657.jpg",
        "location": "冈山县濑户内市",
        "point_id": "1gwlm95",
        "point_name": "牛窓オリーブ園幸福の鐘",
        "remark": ""
      },
      "type": "Feature"
    },
    {
      "geometry": {
        "coordinates": [
          137.868234,
          35.477854
        ],
        "type": "Point"
      },
      "properties": {
        "bangumi_id": 208146,
        "bangumi_title": "五等分的新娘",
        "ep_cut": 66,
        "image_url": "https://w.junreimap.com/images/user/2090/bangumi/208146/points/p4k1stlcs-1729028095605.jpg",
        "location": "长野县饭田市",
        "point_id": "p4k1stlcs",
        "point_name": "虎岩​交流​センター",
        "remark": ""
      },
      "type": "Feature"
    },
    {
      "geometry": {
        "coordinates": [
          136.997339,
          34.703764
        ],
        "type": "Point"
      },
      "properties": {
        "bangumi_id": 208146,
        "bangumi_title": "五等分的新娘",
        "ep_cut": 66,
        "image_url": "https://w.junreimap.com/images/points/208146/1gwpiwq_1750209545996.jpg",
        "location": "爱知县南知多町",
        "point_id": "1gwpiwq",
        "point_name": "日間賀島サンセットビーチ",
        "remark": ""
      },
      "type": "Feature"
    },
    {
      "geometry": {
        "coordinates": [
          137.868393,
          35.477801
        ],
        "type": "Point"
      },
      "properties": {
        "bangumi_id": 208146,
        "bangumi_title": "五等分的新娘",
        "ep_cut": 66,
        "image_url": "https://w.junreimap.com/images/user/2090/bangumi/208146/points/p4k3zv8nf-1729028228791.jpg",
        "location": "长野县饭田市",
        "point_id": "p4k3zv8nf",
        "point_name": "虎岩​交流​センター",
        "remark": ""
      },
      "type": "Feature"
    },
    {
      "geometry": {
        "coordinates": [
          137.868403,
          35.477775
        ],
        "type": "Point"
      },
      "properties": {
        "bangumi_id": 208146,
        "bangumi_title": "五等分的新娘",
        "ep_cut": 67,
        "image_url": "https://w.junreimap.com/images/user/2090/bangumi/208146/points/p4k6y88q6-1729028405638.jpg",
        "location": "长野县饭田市",
        "point_id": "p4k6y88q6",
        "point_name": "虎岩​交流​センター",
        "remark": ""
      },
      "type": "Feature"
    },
    {
      "geometry": {
        "coordinates": [
          137.868246,
          35.477858
        ],
        "type": "Point"
      },
      "properties": {
        "bangumi_id": 208146,
        "bangumi_title": "五等分的新娘",
        "ep_cut": 67,
        "image_url": "https://w.junreimap.com/images/user/2090/bangumi/208146/points/p4k8wxn8g-1729028526869.jpg",
        "location": "长野县饭田市",
        "point_id": "p4k8wxn8g",
        "point_name": "虎岩​交流​センター",
        "remark": ""
      },
      "type": "Feature"
    },
    {
      "geometry": {
        "coordinates": [
          136.924261,
          35.150046
        ],
        "type": "Point"
      },
      "properties": {
        "bangumi_id": 208146,
        "bangumi_title": "五等分的新娘",
        "ep_cut": 68,
        "image_url": "https://w.junreimap.com/images/user/2090/bangumi/208146/points/nxpxyxjz9-1725671304865.jpg",
        "location": "爱知县名古屋市 グラストニア",
        "point_id": "nxpxyxjz9",
        "point_name": "グラストニア",
        "remark": ""
      },
      "type": "Feature"
    },
    {
      "geometry": {
        "coordinates": [
          137.012605,
          34.706985
        ],
        "type": "Point"
      },
      "properties": {
        "bangumi_id": 208146,
        "bangumi_title": "五等分的新娘",
        "ep_cut": 68,
        "image_url": "https://w.junreimap.com/images/user/2090/bangumi/208146/points/ntn2jg9u8-1725351650956.jpg",
        "location": "爱知县南知多町",
        "point_id": "ntn2jg9u8",
        "point_name": "恋人ブランコ（ハイジのブランコ）",
        "remark": ""
      },
      "type": "Feature"
    },
    {
      "geometry": {
        "coordinates": [
          137.868418,
          35.477777
        ],
        "type": "Point"
      },
      "properties": {
        "bangumi_id": 208146,
        "bangumi_title": "五等分的新娘",
        "ep_cut": 68,
        "image_url": "https://w.junreimap.com/images/user/2090/bangumi/208146/points/p4kbtvt90-1729028700253.jpg",
        "location": "长野县饭田市",
        "point_id": "p4kbtvt90",
        "point_name": "虎岩​交流​センター",
        "remark": ""
      },
      "type": "Feature"
    },
    {
      "geometry": {
        "coordinates": [
          134.155736,
          34.625693
        ],
        "type": "Point"
      },
      "properties": {
        "bangumi_id": 208146,
        "bangumi_title": "五等分的新娘",
        "ep_cut": 68,
        "image_url": "https://w.junreimap.com/images/user/2090/bangumi/208146/points/p4kcxkc7y-1729028768564.jpg",
        "location": "冈山县濑户内市",
        "point_id": "p4kcxkc7y",
        "point_name": "牛窓オリーブ園幸福の鐘",
        "remark": ""
      },
      "type": "Feature"
    },
    {
      "geometry": {
        "coordinates": [
          134.155738,
          34.625695
        ],
        "type": "Point"
      },
      "properties": {
        "bangumi_id": 208146,
        "bangumi_title": "五等分的新娘",
        "ep_cut": 68,
        "image_url": "https://w.junreimap.com/images/user/2090/bangumi/208146/points/p4keqg28m-1729028877169.jpg",
        "location": "冈山县濑户内市",
        "point_id": "p4keqg28m",
        "point_name": "牛窓オリーブ園幸福の鐘",
        "remark": ""
      },
      "type": "Feature"
    },
    {
      "geometry": {
        "coordinates": [
          136.9242,
          35.150186
        ],
        "type": "Point"
      },
      "properties": {
        "bangumi_id": 208146,
        "bangumi_title": "五等分的新娘",
        "ep_cut": 68,
        "image_url": "https://w.junreimap.com/images/user/2090/bangumi/208146/points/ovkws8xvv-1728324712916.jpg",
        "location": "爱知县名古屋市 グラストニア",
        "point_id": "ovkws8xvv",
        "point_name": "グラストニア",
        "remark": ""
      },
      "type": "Feature"
    },
    {
      "geometry": {
        "coordinates": [
          134.155734,
          34.625696
        ],
        "type": "Point"
      },
      "properties": {
        "bangumi_id": 208146,
        "bangumi_title": "五等分的新娘",
        "ep_cut": 68,
        "image_url": "https://w.junreimap.com/images/points/208146/1gx6sst_1750210345803.jpg",
        "location": "冈山县濑户内市",
        "point_id": "1gx6sst",
        "point_name": "牛窓オリーブ園幸福の鐘",
        "remark": ""
      },
      "type": "Feature"
    },
    {
      "geometry": {
        "coordinates": [
          136.924202,
          35.150185
        ],
        "type": "Point"
      },
      "properties": {
        "bangumi_id": 208146,
        "bangumi_title": "五等分的新娘",
        "ep_cut": 68,
        "image_url": "https://w.junreimap.com/images/user/2090/bangumi/208146/points/ovkz96wtf-1728324837948.jpg",
        "location": "爱知县名古屋市 グラストニア",
        "point_id": "ovkz96wtf",
        "point_name": "グラストニア",
        "remark": ""
      },
      "type": "Feature"
    },
    {
      "geometry": {
        "coordinates": [
          134.155735,
          34.625696
        ],
        "type": "Point"
      },
      "properties": {
        "bangumi_id": 208146,
        "bangumi_title": "五等分的新娘",
        "ep_cut": 68,
        "image_url": "https://w.junreimap.com/images/points/208146/1gx7zwy_1750210397316.jpg",
        "location": "冈山县濑户内市",
        "point_id": "1gx7zwy",
        "point_name": "牛窓オリーブ園幸福の鐘",
        "remark": ""
      },
      "type": "Feature"
    },
    {
      "geometry": {
        "coordinates": [
          137.02237,
          34.580846
        ],
        "type": "Point"
      },
      "properties": {
        "bangumi_id": 208146,
        "bangumi_title": "五等分的新娘",
        "ep_cut": 68,
        "image_url": "https://w.junreimap.com/images/user/2090/bangumi/208146/points/o6u14c2mw-1726385826653.jpg",
        "location": "爱知县田原市",
        "point_id": "o6u14c2mw",
        "point_name": "幸せの鐘 （恋人の聖地）",
        "remark": "誓约之钟的另一个原型地，“幸福四叶草”传说的发源地，也是距离日间贺岛最近的一个钟。但是五等分没有用这个钟的外形而是用了冈山县濑户内市牛窗橄榄园的那个钟。"
      },
      "type": "Feature"
    },
    {
      "geometry": {
        "coordinates": [
          135.202783,
          34.669137
        ],
        "type": "Point"
      },
      "properties": {
        "bangumi_id": 208146,
        "bangumi_title": "五等分的新娘",
        "ep_cut": 69,
        "image_url": "https://w.junreimap.com/images/user/2090/bangumi/208146/points/p5hgqq36v-1729100831057.jpg",
        "location": "兵库县神户市",
        "point_id": "p5hgqq36v",
        "point_name": "Cafeteria BREATH",
        "remark": ""
      },
      "type": "Feature"
    },
    {
      "geometry": {
        "coordinates": [
          136.909819,
          35.134948
        ],
        "type": "Point"
      },
      "properties": {
        "bangumi_id": 208146,
        "bangumi_title": "五等分的新娘",
        "ep_cut": 69,
        "image_url": "https://w.junreimap.com/images/user/2090/bangumi/208146/points/p5hiqik8i-1729100952859.jpg",
        "location": "爱知县名古屋市 狮子中京大厦",
        "point_id": "p5hiqik8i",
        "point_name": "ザ・​ライオンズミッドキャピタルタワー",
        "remark": ""
      },
      "type": "Feature"
    },
    {
      "geometry": {
        "coordinates": [
          136.891466,
          35.020916
        ],
        "type": "Point"
      },
      "properties": {
        "bangumi_id": 208146,
        "bangumi_title": "五等分的新娘",
        "ep_cut": 69,
        "image_url": "https://w.junreimap.com/images/user/2090/bangumi/208146/points/nu9h01kvh-1725400451295.jpg",
        "location": "爱知县东海市 太田川站",
        "point_id": "nu9h01kvh",
        "point_name": "ニッチェル大田川 对面",
        "remark": ""
      },
      "type": "Feature"
    },
    {
      "geometry": {
        "coordinates": [
          136.891257,
          35.020816
        ],
        "type": "Point"
      },
      "properties": {
        "bangumi_id": 208146,
        "bangumi_title": "五等分的新娘",
        "ep_cut": 69,
        "image_url": "https://w.junreimap.com/images/points/208146/1gxnav1_1750211132966.jpg",
        "location": "爱知县东海市 太田川站",
        "point_id": "1gxnav1",
        "point_name": "东海市艺术剧场附近的天桥",
        "remark": ""
      },
      "type": "Feature"
    },
    {
      "geometry": {
        "coordinates": [
          136.891019,
          35.020926
        ],
        "type": "Point"
      },
      "properties": {
        "bangumi_id": 208146,
        "bangumi_title": "五等分的新娘",
        "ep_cut": 69,
        "image_url": "https://w.junreimap.com/images/points/208146/1gxpnxo_1750211232738.jpg",
        "location": "爱知县东海市 太田川站",
        "point_id": "1gxpnxo",
        "point_name": "沖縄広場",
        "remark": ""
      },
      "type": "Feature"
    },
    {
      "geometry": {
        "coordinates": [
          136.890597,
          35.021638
        ],
        "type": "Point"
      },
      "properties": {
        "bangumi_id": 208146,
        "bangumi_title": "五等分的新娘",
        "ep_cut": 69,
        "image_url": "https://w.junreimap.com/images/user/2090/bangumi/208146/points/nu9m7vtqo-1725400652086.jpg",
        "location": "爱知县东海市 日本​福祉​大学",
        "point_id": "nu9m7vtqo",
        "point_name": "ライオンズ​太田川​ステーション​レジデンス",
        "remark": ""
      },
      "type": "Feature"
    },
    {
      "geometry": {
        "coordinates": [
          136.889226,
          35.022304
        ],
        "type": "Point"
      },
      "properties": {
        "bangumi_id": 208146,
        "bangumi_title": "五等分的新娘",
        "ep_cut": 69,
        "image_url": "https://w.junreimap.com/images/user/2090/bangumi/208146/points/ovs7rppb2-1728340612280.jpg",
        "location": "爱知县东海市 日本​福祉​大学",
        "point_id": "ovs7rppb2",
        "point_name": "日本​福祉​大​東海​キャンパス",
        "remark": ""
      },
      "type": "Feature"
    },
    {
      "geometry": {
        "coordinates": [
          136.898817,
          34.998856
        ],
        "type": "Point"
      },
      "properties": {
        "bangumi_id": 208146,
        "bangumi_title": "五等分的新娘",
        "ep_cut": 70,
        "image_url": "https://w.junreimap.com/images/user/2090/bangumi/208146/points/ovk6i0dr2-1728323107903.jpg",
        "location": "爱知县东海市 西知多综合病院",
        "point_id": "ovk6i0dr2",
        "point_name": "西知多総合病院",
        "remark": ""
      },
      "type": "Feature"
    },
    {
      "geometry": {
        "coordinates": [
          136.889219,
          35.022308
        ],
        "type": "Point"
      },
      "properties": {
        "bangumi_id": 208146,
        "bangumi_title": "五等分的新娘",
        "ep_cut": 70,
        "image_url": "https://w.junreimap.com/images/user/2090/bangumi/208146/points/p5hm9k1cq-1729101178203.jpg",
        "location": "爱知县东海市 日本​福祉​大学",
        "point_id": "p5hm9k1cq",
        "point_name": "日本​福祉​大​東海​キャンパス",
        "remark": ""
      },
      "type": "Feature"
    },
    {
      "geometry": {
        "coordinates": [
          136.888727,
          35.021593
        ],
        "type": "Point"
      },
      "properties": {
        "bangumi_id": 208146,
        "bangumi_title": "五等分的新娘",
        "ep_cut": 70,
        "image_url": "https://w.junreimap.com/images/user/2090/bangumi/208146/points/p5hogh1q2-1729101297203.jpg",
        "location": "爱知县东海市 日本​福祉​大学",
        "point_id": "p5hogh1q2",
        "point_name": "日本​福祉​大​東海​キャンパス",
        "remark": ""
      },
      "type": "Feature"
    },
    {
      "geometry": {
        "coordinates": [
          136.892426,
          35.01982
        ],
        "type": "Point"
      },
      "properties": {
        "bangumi_id": 208146,
        "bangumi_title": "五等分的新娘",
        "ep_cut": 71,
        "image_url": "https://w.junreimap.com/images/user/2090/bangumi/208146/points/ntjus85o2-1725344575721.jpg",
        "location": "爱知县东海市 太田川站",
        "point_id": "ntjus85o2",
        "point_name": "東海市​中心​市街地​活性化​事務所",
        "remark": ""
      },
      "type": "Feature"
    },
    {
      "geometry": {
        "coordinates": [
          136.89133,
          35.020785
        ],
        "type": "Point"
      },
      "properties": {
        "bangumi_id": 208146,
        "bangumi_title": "五等分的新娘",
        "ep_cut": 72,
        "image_url": "https://w.junreimap.com/images/user/2090/bangumi/208146/points/nxnnhzbum-1725666326035.jpg",
        "location": "爱知县东海市 太田川站",
        "point_id": "nxnnhzbum",
        "point_name": "东海市艺术剧场附近的天桥",
        "remark": ""
      },
      "type": "Feature"
    },
    {
      "geometry": {
        "coordinates": [
          136.889233,
          35.021751
        ],
        "type": "Point"
      },
      "properties": {
        "bangumi_id": 208146,
        "bangumi_title": "五等分的新娘",
        "ep_cut": 72,
        "image_url": "https://w.junreimap.com/images/user/2090/bangumi/208146/points/p5hux2l8s-1729101688045.jpg",
        "location": "爱知县东海市 日本​福祉​大学",
        "point_id": "p5hux2l8s",
        "point_name": "日本福祉大学 门口的楼梯 ",
        "remark": ""
      },
      "type": "Feature"
    },
    {
      "geometry": {
        "coordinates": [
          136.889255,
          35.021742
        ],
        "type": "Point"
      },
      "properties": {
        "bangumi_id": 208146,
        "bangumi_title": "五等分的新娘",
        "ep_cut": 72,
        "image_url": "https://w.junreimap.com/images/user/2090/bangumi/208146/points/p5hvu19sq-1729101744677.jpg",
        "location": "爱知县东海市 日本​福祉​大学",
        "point_id": "p5hvu19sq",
        "point_name": "日本福祉大学 门口的楼梯 ",
        "remark": ""
      },
      "type": "Feature"
    },
    {
      "geometry": {
        "coordinates": [
          135.20279,
          34.669134
        ],
        "type": "Point"
      },
      "properties": {
        "bangumi_id": 208146,
        "bangumi_title": "五等分的新娘",
        "ep_cut": 72,
        "image_url": "https://w.junreimap.com/images/user/2090/bangumi/208146/points/p5i42xmem-1729102242534.jpg",
        "location": "兵库县神户市",
        "point_id": "p5i42xmem",
        "point_name": "Cafeteria BREATH",
        "remark": ""
      },
      "type": "Feature"
    },
    {
      "geometry": {
        "coordinates": [
          136.909814,
          35.134982
        ],
        "type": "Point"
      },
      "properties": {
        "bangumi_id": 208146,
        "bangumi_title": "五等分的新娘",
        "ep_cut": 73,
        "image_url": "https://w.junreimap.com/images/points/208146/1gydkh0_1750212350253.jpg",
        "location": "爱知县名古屋市 狮子中京大厦",
        "point_id": "1gydkh0",
        "point_name": "ザ・​ライオンズミッドキャピタルタワー",
        "remark": ""
      },
      "type": "Feature"
    },
    {
      "geometry": {
        "coordinates": [
          135.202786,
          34.669141
        ],
        "type": "Point"
      },
      "properties": {
        "bangumi_id": 208146,
        "bangumi_title": "五等分的新娘",
        "ep_cut": 73,
        "image_url": "https://w.junreimap.com/images/user/2090/bangumi/208146/points/p5i7luf4x-1729102459790.jpg",
        "location": "兵库县神户市",
        "point_id": "p5i7luf4x",
        "point_name": "Cafeteria BREATH",
        "remark": ""
      },
      "type": "Feature"
    },
    {
      "geometry": {
        "coordinates": [
          136.891714,
          35.019811
        ],
        "type": "Point"
      },
      "properties": {
        "bangumi_id": 208146,
        "bangumi_title": "五等分的新娘",
        "ep_cut": 74,
        "image_url": "https://w.junreimap.com/images/user/2090/bangumi/208146/points/nu8t2qja2-1725398921836.jpg",
        "location": "爱知县东海市 太田川站",
        "point_id": "nu8t2qja2",
        "point_name": "ローレルタワー太田川駅前",
        "remark": ""
      },
      "type": "Feature"
    },
    {
      "geometry": {
        "coordinates": [
          136.892502,
          35.020481
        ],
        "type": "Point"
      },
      "properties": {
        "bangumi_id": 208146,
        "bangumi_title": "五等分的新娘",
        "ep_cut": 74,
        "image_url": "https://w.junreimap.com/images/user/2090/bangumi/208146/points/oara16lfu-1726692966973.jpg",
        "location": "爱知县东海市 太田川站",
        "point_id": "oara16lfu",
        "point_name": "太田川站 西出口",
        "remark": ""
      },
      "type": "Feature"
    },
    {
      "geometry": {
        "coordinates": [
          136.89251,
          35.020589
        ],
        "type": "Point"
      },
      "properties": {
        "bangumi_id": 208146,
        "bangumi_title": "五等分的新娘",
        "ep_cut": 74,
        "image_url": "https://w.junreimap.com/images/user/2090/bangumi/208146/points/o6gmhcjm4-1726356322453.jpg",
        "location": "爱知县东海市 太田川站",
        "point_id": "o6gmhcjm4",
        "point_name": "スターバックスコーヒー ラスパ太田川店",
        "remark": ""
      },
      "type": "Feature"
    },
    {
      "geometry": {
        "coordinates": [
          136.892288,
          35.0206
        ],
        "type": "Point"
      },
      "properties": {
        "bangumi_id": 208146,
        "bangumi_title": "五等分的新娘",
        "ep_cut": 74,
        "image_url": "https://w.junreimap.com/images/user/2090/bangumi/208146/points/oatgzmrmb-1726697709426.jpg",
        "location": "爱知县东海市 太田川站",
        "point_id": "oatgzmrmb",
        "point_name": "ラスパ2F入り口 前方",
        "remark": ""
      },
      "type": "Feature"
    },
    {
      "geometry": {
        "coordinates": [
          136.891319,
          35.02076
        ],
        "type": "Point"
      },
      "properties": {
        "bangumi_id": 208146,
        "bangumi_title": "五等分的新娘",
        "ep_cut": 74,
        "image_url": "https://w.junreimap.com/images/user/2090/bangumi/208146/points/ovsaoyrtb-1728340805670.jpg",
        "location": "爱知县东海市 太田川站",
        "point_id": "ovsaoyrtb",
        "point_name": "东海市艺术剧场附近的天桥下方西南侧道路",
        "remark": ""
      },
      "type": "Feature"
    },
    {
      "geometry": {
        "coordinates": [
          136.892225,
          35.020508
        ],
        "type": "Point"
      },
      "properties": {
        "bangumi_id": 208146,
        "bangumi_title": "五等分的新娘",
        "ep_cut": 74,
        "image_url": "https://w.junreimap.com/images/points/208146/1gykv87_1750212681639.jpg",
        "location": "爱知县东海市 太田川站",
        "point_id": "1gykv87",
        "point_name": "太田川站 西侧的天桥",
        "remark": ""
      },
      "type": "Feature"
    },
    {
      "geometry": {
        "coordinates": [
          136.891778,
          35.020501
        ],
        "type": "Point"
      },
      "properties": {
        "bangumi_id": 208146,
        "bangumi_title": "五等分的新娘",
        "ep_cut": 74,
        "image_url": "https://w.junreimap.com/images/user/2090/bangumi/208146/points/nxh7h3ms6-1725652284635.jpg",
        "location": "爱知县东海市 太田川站",
        "point_id": "nxh7h3ms6",
        "point_name": "サイゼリヤ 太田川駅前店 北侧外",
        "remark": ""
      },
      "type": "Feature"
    },
    {
      "geometry": {
        "coordinates": [
          136.89125,
          35.020821
        ],
        "type": "Point"
      },
      "properties": {
        "bangumi_id": 208146,
        "bangumi_title": "五等分的新娘",
        "ep_cut": 74,
        "image_url": "https://w.junreimap.com/images/user/2090/bangumi/208146/points/oatlhzftt-1726697986692.jpg",
        "location": "爱知县东海市 太田川站",
        "point_id": "oatlhzftt",
        "point_name": "东海市艺术剧场附近的天桥",
        "remark": ""
      },
      "type": "Feature"
    },
    {
      "geometry": {
        "coordinates": [
          136.891007,
          35.020932
        ],
        "type": "Point"
      },
      "properties": {
        "bangumi_id": 208146,
        "bangumi_title": "五等分的新娘",
        "ep_cut": 74,
        "image_url": "https://w.junreimap.com/images/user/2090/bangumi/208146/points/oatns6zvh-1726698110435.jpg",
        "location": "爱知县东海市 太田川站",
        "point_id": "oatns6zvh",
        "point_name": "沖縄広場",
        "remark": ""
      },
      "type": "Feature"
    },
    {
      "geometry": {
        "coordinates": [
          136.891267,
          35.020813
        ],
        "type": "Point"
      },
      "properties": {
        "bangumi_id": 208146,
        "bangumi_title": "五等分的新娘",
        "ep_cut": 74,
        "image_url": "https://w.junreimap.com/images/user/2090/bangumi/208146/points/oats1zpxg-1726698353602.jpg",
        "location": "爱知县东海市 太田川站",
        "point_id": "oats1zpxg",
        "point_name": "东海市艺术剧场附近的天桥",
        "remark": ""
      },
      "type": "Feature"
    },
    {
      "geometry": {
        "coordinates": [
          136.888856,
          35.0219
        ],
        "type": "Point"
      },
      "properties": {
        "bangumi_id": 208146,
        "bangumi_title": "五等分的新娘",
        "ep_cut": 74,
        "image_url": "https://w.junreimap.com/images/points/208146/1x15r3r_1751184500255.jpg",
        "location": "爱知县东海市 日本​福祉​大学",
        "point_id": "1x15r3r",
        "point_name": "日本​福祉​大​東海​キャンパス",
        "remark": ""
      },
      "type": "Feature"
    },
    {
      "geometry": {
        "coordinates": [
          134.155735,
          34.625695
        ],
        "type": "Point"
      },
      "properties": {
        "bangumi_id": 208146,
        "bangumi_title": "五等分的新娘",
        "ep_cut": 75,
        "image_url": "https://w.junreimap.com/images/points/208146/1gypsoc_1750212913541.jpg",
        "location": "冈山县濑户内市",
        "point_id": "1gypsoc",
        "point_name": "牛窓オリーブ園幸福の鐘",
        "remark": ""
      },
      "type": "Feature"
    },
    {
      "geometry": {
        "coordinates": [
          136.888973,
          35.021981
        ],
        "type": "Point"
      },
      "properties": {
        "bangumi_id": 208146,
        "bangumi_title": "五等分的新娘",
        "ep_cut": 75,
        "image_url": "https://w.junreimap.com/images/user/2090/bangumi/208146/points/p5idoch5i-1729102823940.jpg",
        "location": "爱知县东海市 日本​福祉​大学",
        "point_id": "p5idoch5i",
        "point_name": "日本​福祉​大​東海​キャンパス",
        "remark": ""
      },
      "type": "Feature"
    },
    {
      "geometry": {
        "coordinates": [
          136.890584,
          35.021582
        ],
        "type": "Point"
      },
      "properties": {
        "bangumi_id": 208146,
        "bangumi_title": "五等分的新娘",
        "ep_cut": 76,
        "image_url": "https://w.junreimap.com/images/user/2090/bangumi/208146/points/p5if2cth4-1729102907992.jpg",
        "location": "爱知县东海市 日本​福祉​大学",
        "point_id": "p5if2cth4",
        "point_name": "ライオンズ​太田川​ステーション​レジデンス",
        "remark": ""
      },
      "type": "Feature"
    },
    {
      "geometry": {
        "coordinates": [
          136.890695,
          35.021259
        ],
        "type": "Point"
      },
      "properties": {
        "bangumi_id": 208146,
        "bangumi_title": "五等分的新娘",
        "ep_cut": 76,
        "image_url": "https://w.junreimap.com/images/user/2090/bangumi/208146/points/nxnril0um-1725666592586.jpg",
        "location": "爱知县东海市 日本​福祉​大学",
        "point_id": "nxnril0um",
        "point_name": "ライオンズ太田川ステーションレジデンス 南侧的停车场",
        "remark": ""
      },
      "type": "Feature"
    },
    {
      "geometry": {
        "coordinates": [
          136.889264,
          35.021736
        ],
        "type": "Point"
      },
      "properties": {
        "bangumi_id": 208146,
        "bangumi_title": "五等分的新娘",
        "ep_cut": 76,
        "image_url": "https://w.junreimap.com/images/user/2090/bangumi/208146/points/ovseoxshd-1728341036555.jpg",
        "location": "爱知县东海市 日本​福祉​大学",
        "point_id": "ovseoxshd",
        "point_name": "日本福祉大学 门口的楼梯 ",
        "remark": ""
      },
      "type": "Feature"
    },
    {
      "geometry": {
        "coordinates": [
          135.202786,
          34.669141
        ],
        "type": "Point"
      },
      "properties": {
        "bangumi_id": 208146,
        "bangumi_title": "五等分的新娘",
        "ep_cut": 76,
        "image_url": "https://w.junreimap.com/images/user/2090/bangumi/208146/points/p5ih0g69x-1729103026699.jpg",
        "location": "兵库县神户市",
        "point_id": "p5ih0g69x",
        "point_name": "Cafeteria BREATH",
        "remark": ""
      },
      "type": "Feature"
    },
    {
      "geometry": {
        "coordinates": [
          136.888559,
          35.02138
        ],
        "type": "Point"
      },
      "properties": {
        "bangumi_id": 208146,
        "bangumi_title": "五等分的新娘",
        "ep_cut": 76,
        "image_url": "https://w.junreimap.com/images/user/2090/bangumi/208146/points/p5iixbcr2-1729103139271.jpg",
        "location": "爱知县东海市 日本​福祉​大学",
        "point_id": "p5iixbcr2",
        "point_name": "日本福祉大学 東海キャンパス",
        "remark": ""
      },
      "type": "Feature"
    },
    {
      "geometry": {
        "coordinates": [
          136.898612,
          35.002789
        ],
        "type": "Point"
      },
      "properties": {
        "bangumi_id": 208146,
        "bangumi_title": "五等分的新娘",
        "ep_cut": 77,
        "image_url": "https://w.junreimap.com/images/user/2090/bangumi/208146/points/ovjzavds6-1728322671557.jpg",
        "location": "爱知县东海市 汐见丘公园",
        "point_id": "ovjzavds6",
        "point_name": "汐見が丘公園",
        "remark": ""
      },
      "type": "Feature"
    },
    {
      "geometry": {
        "coordinates": [
          135.785121,
          34.994633
        ],
        "type": "Point"
      },
      "properties": {
        "bangumi_id": 208146,
        "bangumi_title": "五等分的新娘",
        "ep_cut": 77,
        "image_url": "https://w.junreimap.com/images/points/208146/1gz70fb_1750213784365.jpg",
        "location": "京都府京都市 清水寺",
        "point_id": "1gz70fb",
        "point_name": "清水の舞台 东南角 南侧的景色",
        "remark": ""
      },
      "type": "Feature"
    },
    {
      "geometry": {
        "coordinates": [
          135.785214,
          34.994701
        ],
        "type": "Point"
      },
      "properties": {
        "bangumi_id": 208146,
        "bangumi_title": "五等分的新娘",
        "ep_cut": 77,
        "image_url": "https://w.junreimap.com/images/user/2090/bangumi/208146/points/p5io5vbkl-1729103455865.jpg",
        "location": "京都府京都市 清水寺",
        "point_id": "p5io5vbkl",
        "point_name": "清水寺本堂",
        "remark": ""
      },
      "type": "Feature"
    },
    {
      "geometry": {
        "coordinates": [
          136.892155,
          35.02035
        ],
        "type": "Point"
      },
      "properties": {
        "bangumi_id": 208146,
        "bangumi_title": "五等分的新娘",
        "ep_cut": 77,
        "image_url": "https://w.junreimap.com/images/user/2090/bangumi/208146/points/ovsg6kpr1-1728341129999.jpg",
        "location": "爱知县东海市 太田川站",
        "point_id": "ovsg6kpr1",
        "point_name": "東海市芸術劇場 2楼北侧走廊与东侧走廊交汇处",
        "remark": ""
      },
      "type": "Feature"
    },
    {
      "geometry": {
        "coordinates": [
          136.889197,
          35.022303
        ],
        "type": "Point"
      },
      "properties": {
        "bangumi_id": 208146,
        "bangumi_title": "五等分的新娘",
        "ep_cut": 78,
        "image_url": "https://w.junreimap.com/images/user/2090/bangumi/208146/points/p5jdj6p7t-1729104990874.jpg",
        "location": "爱知县东海市 日本​福祉​大学",
        "point_id": "p5jdj6p7t",
        "point_name": "日本​福祉​大​東海​キャンパス",
        "remark": ""
      },
      "type": "Feature"
    },
    {
      "geometry": {
        "coordinates": [
          136.908806,
          35.137687
        ],
        "type": "Point"
      },
      "properties": {
        "bangumi_id": 208146,
        "bangumi_title": "五等分的新娘",
        "ep_cut": 79,
        "image_url": "https://w.junreimap.com/images/user/2090/bangumi/208146/points/nsksl5ukq-1725268258980.jpg",
        "location": "爱知县名古屋市 永旺梦乐城热田店",
        "point_id": "nsksl5ukq",
        "point_name": "イオンモール熱田 北侧的电梯",
        "remark": ""
      },
      "type": "Feature"
    },
    {
      "geometry": {
        "coordinates": [
          136.908767,
          35.137724
        ],
        "type": "Point"
      },
      "properties": {
        "bangumi_id": 208146,
        "bangumi_title": "五等分的新娘",
        "ep_cut": 79,
        "image_url": "https://w.junreimap.com/images/user/2090/bangumi/208146/points/p5jldsq1e-1729105472922.jpg",
        "location": "爱知县名古屋市 永旺梦乐城热田店",
        "point_id": "p5jldsq1e",
        "point_name": "イオンモール熱田 北侧3楼电梯对面",
        "remark": ""
      },
      "type": "Feature"
    },
    {
      "geometry": {
        "coordinates": [
          136.908766,
          35.137731
        ],
        "type": "Point"
      },
      "properties": {
        "bangumi_id": 208146,
        "bangumi_title": "五等分的新娘",
        "ep_cut": 79,
        "image_url": "https://w.junreimap.com/images/user/2090/bangumi/208146/points/nsl00w36v-1725268747569.jpg",
        "location": "爱知县名古屋市 永旺梦乐城热田店",
        "point_id": "nsl00w36v",
        "point_name": "イオンモール熱田 北侧3楼电梯对面",
        "remark": ""
      },
      "type": "Feature"
    },
    {
      "geometry": {
        "coordinates": [
          136.882875,
          35.171253
        ],
        "type": "Point"
      },
      "properties": {
        "bangumi_id": 208146,
        "bangumi_title": "五等分的新娘",
        "ep_cut": 79,
        "image_url": "https://w.junreimap.com/images/user/2090/bangumi/208146/points/nrtn2ay9k-1725209144202.jpg",
        "location": "爱知县名古屋市 名古屋站",
        "point_id": "nrtn2ay9k",
        "point_name": "JR​セントラル​タワーズ",
        "remark": ""
      },
      "type": "Feature"
    },
    {
      "geometry": {
        "coordinates": [
          136.882864,
          35.170831
        ],
        "type": "Point"
      },
      "properties": {
        "bangumi_id": 208146,
        "bangumi_title": "五等分的新娘",
        "ep_cut": 79,
        "image_url": "https://w.junreimap.com/images/user/2090/bangumi/208146/points/nrtqnwrka-1725209384198.jpg",
        "location": "爱知县名古屋市 名古屋站",
        "point_id": "nrtqnwrka",
        "point_name": "金时钟",
        "remark": ""
      },
      "type": "Feature"
    },
    {
      "geometry": {
        "coordinates": [
          136.881117,
          35.170095
        ],
        "type": "Point"
      },
      "properties": {
        "bangumi_id": 208146,
        "bangumi_title": "五等分的新娘",
        "ep_cut": 79,
        "image_url": "https://w.junreimap.com/images/user/2090/bangumi/208146/points/oascfdba7-1726695234863.jpg",
        "location": "爱知县名古屋市 名古屋站",
        "point_id": "oascfdba7",
        "point_name": "名古屋站新干线南检票口 的显示屏",
        "remark": ""
      },
      "type": "Feature"
    },
    {
      "geometry": {
        "coordinates": [
          136.881107,
          35.170112
        ],
        "type": "Point"
      },
      "properties": {
        "bangumi_id": 208146,
        "bangumi_title": "五等分的新娘",
        "ep_cut": 79,
        "image_url": "https://w.junreimap.com/images/user/2090/bangumi/208146/points/nrtyk8i1j-1725209895565.jpg",
        "location": "爱知县名古屋市 名古屋站",
        "point_id": "nrtyk8i1j",
        "point_name": "名古屋站新干线南检票口",
        "remark": ""
      },
      "type": "Feature"
    },
    {
      "geometry": {
        "coordinates": [
          135.758803,
          34.986133
        ],
        "type": "Point"
      },
      "properties": {
        "bangumi_id": 208146,
        "bangumi_title": "五等分的新娘",
        "ep_cut": 80,
        "image_url": "https://w.junreimap.com/images/user/2090/bangumi/208146/points/o35hj16f0-1726097009796.jpg",
        "location": "京都府京都市 京都站",
        "point_id": "o35hj16f0",
        "point_name": "京都駅ビル 空中径路 外侧的风景",
        "remark": ""
      },
      "type": "Feature"
    },
    {
      "geometry": {
        "coordinates": [
          135.757813,
          34.985753
        ],
        "type": "Point"
      },
      "properties": {
        "bangumi_id": 208146,
        "bangumi_title": "五等分的新娘",
        "ep_cut": 80,
        "image_url": "https://w.junreimap.com/images/user/2090/bangumi/208146/points/p5jpmxkkp-1729105738321.jpg",
        "location": "京都府京都市 京都站",
        "point_id": "p5jpmxkkp",
        "point_name": "京都站 大楼梯",
        "remark": ""
      },
      "type": "Feature"
    },
    {
      "geometry": {
        "coordinates": [
          135.772835,
          34.966748
        ],
        "type": "Point"
      },
      "properties": {
        "bangumi_id": 208146,
        "bangumi_title": "五等分的新娘",
        "ep_cut": 80,
        "image_url": "https://w.junreimap.com/images/user/2090/bangumi/208146/points/nwbiliot5-1725561594959.jpg",
        "location": "京都府京都市 伏见稻荷大社",
        "point_id": "nwbiliot5",
        "point_name": "東丸神社",
        "remark": ""
      },
      "type": "Feature"
    },
    {
      "geometry": {
        "coordinates": [
          135.772928,
          34.966959
        ],
        "type": "Point"
      },
      "properties": {
        "bangumi_id": 208146,
        "bangumi_title": "五等分的新娘",
        "ep_cut": 80,
        "image_url": "https://w.junreimap.com/images/user/2090/bangumi/208146/points/ovsk8y9xi-1728341409261.jpg",
        "location": "京都府京都市 伏见稻荷大社",
        "point_id": "ovsk8y9xi",
        "point_name": "东丸神社东北侧路口",
        "remark": ""
      },
      "type": "Feature"
    },
    {
      "geometry": {
        "coordinates": [
          135.773963,
          34.967177
        ],
        "type": "Point"
      },
      "properties": {
        "bangumi_id": 208146,
        "bangumi_title": "五等分的新娘",
        "ep_cut": 80,
        "image_url": "https://w.junreimap.com/images/user/2090/bangumi/208146/points/ovn6ac9z5-1728329728588.jpg",
        "location": "京都府京都市 伏见稻荷大社",
        "point_id": "ovn6ac9z5",
        "point_name": "千本鸟居入口",
        "remark": ""
      },
      "type": "Feature"
    },
    {
      "geometry": {
        "coordinates": [
          135.774667,
          34.967038
        ],
        "type": "Point"
      },
      "properties": {
        "bangumi_id": 208146,
        "bangumi_title": "五等分的新娘",
        "ep_cut": 80,
        "image_url": "https://w.junreimap.com/images/points/208146/1gztyr4_1750214867863.jpg",
        "location": "京都府京都市 伏见稻荷大社",
        "point_id": "1gztyr4",
        "point_name": "伏見稲荷大社千本鳥居",
        "remark": ""
      },
      "type": "Feature"
    },
    {
      "geometry": {
        "coordinates": [
          135.7814,
          34.969104
        ],
        "type": "Point"
      },
      "properties": {
        "bangumi_id": 208146,
        "bangumi_title": "五等分的新娘",
        "ep_cut": 80,
        "image_url": "https://w.junreimap.com/images/user/2090/bangumi/208146/points/nwb0vilgd-1725560557427.jpg",
        "location": "京都府京都市 伏见稻荷大社",
        "point_id": "nwb0vilgd",
        "point_name": "四つ辻 标牌",
        "remark": ""
      },
      "type": "Feature"
    },
    {
      "geometry": {
        "coordinates": [
          135.781503,
          34.969038
        ],
        "type": "Point"
      },
      "properties": {
        "bangumi_id": 208146,
        "bangumi_title": "五等分的新娘",
        "ep_cut": 80,
        "image_url": "https://w.junreimap.com/images/points/208146/1h0cjww_1750215660429.jpg",
        "location": "京都府京都市 伏见稻荷大社",
        "point_id": "1h0cjww",
        "point_name": "四ツ辻​茶屋​にしむら​亭",
        "remark": ""
      },
      "type": "Feature"
    },
    {
      "geometry": {
        "coordinates": [
          135.778874,
          34.970034
        ],
        "type": "Point"
      },
      "properties": {
        "bangumi_id": 208146,
        "bangumi_title": "五等分的新娘",
        "ep_cut": 80,
        "image_url": "https://w.junreimap.com/images/user/2090/bangumi/282000/points/nwb4y6q16-1725560665405.jpg",
        "location": "京都府京都市 伏见稻荷大社",
        "point_id": "nwb4y6q16",
        "point_name": "三ツ辻三玉亭",
        "remark": ""
      },
      "type": "Feature"
    },
    {
      "geometry": {
        "coordinates": [
          135.783526,
          34.969389
        ],
        "type": "Point"
      },
      "properties": {
        "bangumi_id": 208146,
        "bangumi_title": "五等分的新娘",
        "ep_cut": 80,
        "image_url": "https://w.junreimap.com/images/user/2090/bangumi/208146/points/o67r2hrzr-1726336968322.jpg",
        "location": "京都府京都市 伏见稻荷大社",
        "point_id": "o67r2hrzr",
        "point_name": "伏见稻荷大社御膳谷奉拜所 西南侧的鸟居",
        "remark": ""
      },
      "type": "Feature"
    },
    {
      "geometry": {
        "coordinates": [
          135.783525,
          34.969452
        ],
        "type": "Point"
      },
      "properties": {
        "bangumi_id": 208146,
        "bangumi_title": "五等分的新娘",
        "ep_cut": 80,
        "image_url": "https://w.junreimap.com/images/points/208146/1h0dbcv_1750215686673.jpg",
        "location": "京都府京都市 伏见稻荷大社",
        "point_id": "1h0dbcv",
        "point_name": "伏见稻荷大社御膳谷奉拜所",
        "remark": ""
      },
      "type": "Feature"
    },
    {
      "geometry": {
        "coordinates": [
          135.78179,
          34.968261
        ],
        "type": "Point"
      },
      "properties": {
        "bangumi_id": 208146,
        "bangumi_title": "五等分的新娘",
        "ep_cut": 80,
        "image_url": "https://w.junreimap.com/images/points/208146/1h0f8o8_1750215803528.jpg",
        "location": "京都府京都市 伏见稻荷大社",
        "point_id": "1h0f8o8",
        "point_name": "四つ辻与三ノ峰之间的鸟居",
        "remark": ""
      },
      "type": "Feature"
    },
    {
      "geometry": {
        "coordinates": [
          135.783531,
          34.969457
        ],
        "type": "Point"
      },
      "properties": {
        "bangumi_id": 208146,
        "bangumi_title": "五等分的新娘",
        "ep_cut": 80,
        "image_url": "https://w.junreimap.com/images/points/208146/1h0gu15_1750215849586.jpg",
        "location": "京都府京都市 伏见稻荷大社",
        "point_id": "1h0gu15",
        "point_name": "伏见稻荷大社御膳谷奉拜所",
        "remark": ""
      },
      "type": "Feature"
    },
    {
      "geometry": {
        "coordinates": [
          135.786119,
          34.966734
        ],
        "type": "Point"
      },
      "properties": {
        "bangumi_id": 208146,
        "bangumi_title": "五等分的新娘",
        "ep_cut": 80,
        "image_url": "https://w.junreimap.com/images/user/2090/bangumi/208146/points/o6utpccu5-1726387258066.jpg",
        "location": "京都府京都市 伏见稻荷大社",
        "point_id": "o6utpccu5",
        "point_name": "一ノ峰 东南侧的鸟居拐角处",
        "remark": ""
      },
      "type": "Feature"
    },
    {
      "geometry": {
        "coordinates": [
          135.785503,
          34.966998
        ],
        "type": "Point"
      },
      "properties": {
        "bangumi_id": 208146,
        "bangumi_title": "五等分的新娘",
        "ep_cut": 80,
        "image_url": "https://w.junreimap.com/images/user/2090/bangumi/208146/points/ovnfx14ah-1728330208652.jpg",
        "location": "京都府京都市 伏见稻荷大社",
        "point_id": "ovnfx14ah",
        "point_name": "一ノ峰 标牌",
        "remark": ""
      },
      "type": "Feature"
    },
    {
      "geometry": {
        "coordinates": [
          135.782334,
          34.967796
        ],
        "type": "Point"
      },
      "properties": {
        "bangumi_id": 208146,
        "bangumi_title": "五等分的新娘",
        "ep_cut": 80,
        "image_url": "https://w.junreimap.com/images/user/2090/bangumi/282000/points/nwbcjbeb0-1725561125431.jpg",
        "location": "京都府京都市 伏见稻荷大社",
        "point_id": "nwbcjbeb0",
        "point_name": "三ノ峰",
        "remark": ""
      },
      "type": "Feature"
    },
    {
      "geometry": {
        "coordinates": [
          135.785366,
          34.966976
        ],
        "type": "Point"
      },
      "properties": {
        "bangumi_id": 208146,
        "bangumi_title": "五等分的新娘",
        "ep_cut": 80,
        "image_url": "https://w.junreimap.com/images/points/208146/1h0ifkp_1750215992723.jpg",
        "location": "京都府京都市 伏见稻荷大社",
        "point_id": "1h0ifkp",
        "point_name": "一ノ峰 西侧的鸟居",
        "remark": ""
      },
      "type": "Feature"
    },
    {
      "geometry": {
        "coordinates": [
          135.782277,
          34.967802
        ],
        "type": "Point"
      },
      "properties": {
        "bangumi_id": 208146,
        "bangumi_title": "五等分的新娘",
        "ep_cut": 80,
        "image_url": "https://w.junreimap.com/images/points/208146/1h0moaq_1750216162336.jpg",
        "location": "京都府京都市 伏见稻荷大社",
        "point_id": "1h0moaq",
        "point_name": "三ノ峰",
        "remark": ""
      },
      "type": "Feature"
    },
    {
      "geometry": {
        "coordinates": [
          135.785372,
          34.966977
        ],
        "type": "Point"
      },
      "properties": {
        "bangumi_id": 208146,
        "bangumi_title": "五等分的新娘",
        "ep_cut": 80,
        "image_url": "https://w.junreimap.com/images/points/208146/1h0ohhy_1750216207140.jpg",
        "location": "京都府京都市 伏见稻荷大社",
        "point_id": "1h0ohhy",
        "point_name": "一ノ峰 西侧的鸟居",
        "remark": ""
      },
      "type": "Feature"
    },
    {
      "geometry": {
        "coordinates": [
          135.78537,
          34.966977
        ],
        "type": "Point"
      },
      "properties": {
        "bangumi_id": 208146,
        "bangumi_title": "五等分的新娘",
        "ep_cut": 81,
        "image_url": "https://w.junreimap.com/images/points/208146/1qrf7ej_1750805318347.jpg",
        "location": "京都府京都市 伏见稻荷大社",
        "point_id": "1qrf7ej",
        "point_name": "一ノ峰 西侧的鸟居",
        "remark": ""
      },
      "type": "Feature"
    },
    {
      "geometry": {
        "coordinates": [
          135.782278,
          34.967801
        ],
        "type": "Point"
      },
      "properties": {
        "bangumi_id": 208146,
        "bangumi_title": "五等分的新娘",
        "ep_cut": 81,
        "image_url": "https://w.junreimap.com/images/points/208146/1qrh3tg_1750805490980.jpg",
        "location": "京都府京都市 伏见稻荷大社",
        "point_id": "1qrh3tg",
        "point_name": "三ノ峰",
        "remark": ""
      },
      "type": "Feature"
    },
    {
      "geometry": {
        "coordinates": [
          135.772838,
          34.967143
        ],
        "type": "Point"
      },
      "properties": {
        "bangumi_id": 208146,
        "bangumi_title": "五等分的新娘",
        "ep_cut": 81,
        "image_url": "https://w.junreimap.com/images/points/208146/1qrs0c5_1750806003026.jpg",
        "location": "京都府京都市 伏见稻荷大社",
        "point_id": "1qrs0c5",
        "point_name": "伏見稻荷大社外拝殿",
        "remark": ""
      },
      "type": "Feature"
    },
    {
      "geometry": {
        "coordinates": [
          135.768502,
          34.968701
        ],
        "type": "Point"
      },
      "properties": {
        "bangumi_id": 208146,
        "bangumi_title": "五等分的新娘",
        "ep_cut": 81,
        "image_url": "https://w.junreimap.com/images/points/208146/1qrw2hy_1750806166892.jpg",
        "location": "京都府京都市 伏见稻荷大社",
        "point_id": "1qrw2hy",
        "point_name": "稻荷大社前",
        "remark": "最上面那个红牌子无了.avi"
      },
      "type": "Feature"
    },
    {
      "geometry": {
        "coordinates": [
          135.752687,
          34.98649
        ],
        "type": "Point"
      },
      "properties": {
        "bangumi_id": 208146,
        "bangumi_title": "五等分的新娘",
        "ep_cut": 81,
        "image_url": "https://w.junreimap.com/images/user/2090/bangumi/208146/points/o6ub9lqpa-1726386107594.jpg",
        "location": "京都府京都市 京都丽嘉皇家酒店",
        "point_id": "o6ub9lqpa",
        "point_name": "京都丽嘉皇家酒店",
        "remark": ""
      },
      "type": "Feature"
    },
    {
      "geometry": {
        "coordinates": [
          135.752412,
          34.986496
        ],
        "type": "Point"
      },
      "properties": {
        "bangumi_id": 208146,
        "bangumi_title": "五等分的新娘",
        "ep_cut": 81,
        "image_url": "https://w.junreimap.com/images/points/208146/1qs1h79_1750806453513.jpg",
        "location": "京都府京都市 京都丽嘉皇家酒店",
        "point_id": "1qs1h79",
        "point_name": "ALL DAY DINING KAZA",
        "remark": ""
      },
      "type": "Feature"
    },
    {
      "geometry": {
        "coordinates": [
          135.758793,
          34.986193
        ],
        "type": "Point"
      },
      "properties": {
        "bangumi_id": 208146,
        "bangumi_title": "五等分的新娘",
        "ep_cut": 81,
        "image_url": "https://w.junreimap.com/images/points/208146/1qs5x8l_1750806589799.jpg",
        "location": "京都府京都市 京都站",
        "point_id": "1qs5x8l",
        "point_name": "JR京都站 中央口",
        "remark": ""
      },
      "type": "Feature"
    },
    {
      "geometry": {
        "coordinates": [
          135.752495,
          34.986388
        ],
        "type": "Point"
      },
      "properties": {
        "bangumi_id": 208146,
        "bangumi_title": "五等分的新娘",
        "ep_cut": 81,
        "image_url": "https://w.junreimap.com/images/points/208146/1qs8s1i_1750806705344.jpg",
        "location": "京都府京都市 京都丽嘉皇家酒店",
        "point_id": "1qs8s1i",
        "point_name": "京都丽嘉皇家酒店 客房",
        "remark": ""
      },
      "type": "Feature"
    },
    {
      "geometry": {
        "coordinates": [
          135.752502,
          34.986388
        ],
        "type": "Point"
      },
      "properties": {
        "bangumi_id": 208146,
        "bangumi_title": "五等分的新娘",
        "ep_cut": 81,
        "image_url": "https://w.junreimap.com/images/points/208146/1qsamxo_1750806790856.jpg",
        "location": "京都府京都市 京都丽嘉皇家酒店",
        "point_id": "1qsamxo",
        "point_name": "京都丽嘉皇家酒店 客房走廊",
        "remark": ""
      },
      "type": "Feature"
    },
    {
      "geometry": {
        "coordinates": [
          135.752497,
          34.986384
        ],
        "type": "Point"
      },
      "properties": {
        "bangumi_id": 208146,
        "bangumi_title": "五等分的新娘",
        "ep_cut": 82,
        "image_url": "https://w.junreimap.com/images/points/208146/1qsdnfw_1750806924457.jpg",
        "location": "京都府京都市 京都丽嘉皇家酒店",
        "point_id": "1qsdnfw",
        "point_name": "京都丽嘉皇家酒店 客房",
        "remark": ""
      },
      "type": "Feature"
    },
    {
      "geometry": {
        "coordinates": [
          135.783841,
          34.995054
        ],
        "type": "Point"
      },
      "properties": {
        "bangumi_id": 208146,
        "bangumi_title": "五等分的新娘",
        "ep_cut": 82,
        "image_url": "https://w.junreimap.com/images/user/2090/bangumi/208146/points/o67zlbv2z-1726337483593.jpg",
        "location": "京都府京都市 清水寺",
        "point_id": "o67zlbv2z",
        "point_name": "三重塔",
        "remark": ""
      },
      "type": "Feature"
    },
    {
      "geometry": {
        "coordinates": [
          135.785216,
          34.994702
        ],
        "type": "Point"
      },
      "properties": {
        "bangumi_id": 208146,
        "bangumi_title": "五等分的新娘",
        "ep_cut": 82,
        "image_url": "https://w.junreimap.com/images/points/208146/1qsfo5n_1750807040163.jpg",
        "location": "京都府京都市 清水寺",
        "point_id": "1qsfo5n",
        "point_name": "清水寺本堂",
        "remark": ""
      },
      "type": "Feature"
    },
    {
      "geometry": {
        "coordinates": [
          135.785122,
          34.994634
        ],
        "type": "Point"
      },
      "properties": {
        "bangumi_id": 208146,
        "bangumi_title": "五等分的新娘",
        "ep_cut": 82,
        "image_url": "https://w.junreimap.com/images/points/208146/1qsjz2s_1750807227524.jpg",
        "location": "京都府京都市 清水寺",
        "point_id": "1qsjz2s",
        "point_name": "清水の舞台 东南角",
        "remark": ""
      },
      "type": "Feature"
    },
    {
      "geometry": {
        "coordinates": [
          135.785261,
          34.994451
        ],
        "type": "Point"
      },
      "properties": {
        "bangumi_id": 208146,
        "bangumi_title": "五等分的新娘",
        "ep_cut": 82,
        "image_url": "https://w.junreimap.com/images/user/2090/bangumi/208146/points/o681hc9nj-1726337601714.jpg",
        "location": "京都府京都市 清水寺",
        "point_id": "o681hc9nj",
        "point_name": "音羽の滝",
        "remark": "从 清水の舞台 往下拍"
      },
      "type": "Feature"
    },
    {
      "geometry": {
        "coordinates": [
          135.752503,
          34.986383
        ],
        "type": "Point"
      },
      "properties": {
        "bangumi_id": 208146,
        "bangumi_title": "五等分的新娘",
        "ep_cut": 82,
        "image_url": "https://w.junreimap.com/images/points/208146/1qslkpb_1750807297702.jpg",
        "location": "京都府京都市 京都丽嘉皇家酒店",
        "point_id": "1qslkpb",
        "point_name": "京都丽嘉皇家酒店 客房走廊",
        "remark": ""
      },
      "type": "Feature"
    },
    {
      "geometry": {
        "coordinates": [
          135.785123,
          34.994634
        ],
        "type": "Point"
      },
      "properties": {
        "bangumi_id": 208146,
        "bangumi_title": "五等分的新娘",
        "ep_cut": 82,
        "image_url": "https://w.junreimap.com/images/points/208146/1qsngrh_1750807384820.jpg",
        "location": "京都府京都市 清水寺",
        "point_id": "1qsngrh",
        "point_name": "清水の舞台 东南角",
        "remark": ""
      },
      "type": "Feature"
    },
    {
      "geometry": {
        "coordinates": [
          135.78508,
          34.994741
        ],
        "type": "Point"
      },
      "properties": {
        "bangumi_id": 208146,
        "bangumi_title": "五等分的新娘",
        "ep_cut": 82,
        "image_url": "https://w.junreimap.com/images/points/208146/1qspep0_1750807506675.jpg",
        "location": "京都府京都市 清水寺",
        "point_id": "1qspep0",
        "point_name": "清水寺本堂",
        "remark": ""
      },
      "type": "Feature"
    },
    {
      "geometry": {
        "coordinates": [
          135.752678,
          34.986574
        ],
        "type": "Point"
      },
      "properties": {
        "bangumi_id": 208146,
        "bangumi_title": "五等分的新娘",
        "ep_cut": 82,
        "image_url": "https://w.junreimap.com/images/user/2090/bangumi/208146/points/ovn19q3gr-1728329335520.jpg",
        "location": "京都府京都市 京都丽嘉皇家酒店",
        "point_id": "ovn19q3gr",
        "point_name": "京都丽嘉皇家酒店",
        "remark": ""
      },
      "type": "Feature"
    },
    {
      "geometry": {
        "coordinates": [
          135.752499,
          34.986386
        ],
        "type": "Point"
      },
      "properties": {
        "bangumi_id": 208146,
        "bangumi_title": "五等分的新娘",
        "ep_cut": 82,
        "image_url": "https://w.junreimap.com/images/points/208146/1qtwx26_1750809504405.jpg",
        "location": "京都府京都市 京都丽嘉皇家酒店",
        "point_id": "1qtwx26",
        "point_name": "京都丽嘉皇家酒店 客房走廊",
        "remark": ""
      },
      "type": "Feature"
    },
    {
      "geometry": {
        "coordinates": [
          135.752499,
          34.986388
        ],
        "type": "Point"
      },
      "properties": {
        "bangumi_id": 208146,
        "bangumi_title": "五等分的新娘",
        "ep_cut": 82,
        "image_url": "https://w.junreimap.com/images/points/208146/1qtz9v6_1750809616652.jpg",
        "location": "京都府京都市 京都丽嘉皇家酒店",
        "point_id": "1qtz9v6",
        "point_name": "京都丽嘉皇家酒店 客房",
        "remark": ""
      },
      "type": "Feature"
    },
    {
      "geometry": {
        "coordinates": [
          135.784971,
          34.99521
        ],
        "type": "Point"
      },
      "properties": {
        "bangumi_id": 208146,
        "bangumi_title": "五等分的新娘",
        "ep_cut": 82,
        "image_url": "https://w.junreimap.com/images/user/2090/bangumi/208146/points/nw9gfajc9-1725557022526.jpg",
        "location": "京都府京都市 清水寺",
        "point_id": "nw9gfajc9",
        "point_name": "地主神社",
        "remark": ""
      },
      "type": "Feature"
    },
    {
      "geometry": {
        "coordinates": [
          135.7525,
          34.986384
        ],
        "type": "Point"
      },
      "properties": {
        "bangumi_id": 208146,
        "bangumi_title": "五等分的新娘",
        "ep_cut": 82,
        "image_url": "https://w.junreimap.com/images/points/208146/1qu25to_1750809747767.jpg",
        "location": "京都府京都市 京都丽嘉皇家酒店",
        "point_id": "1qu25to",
        "point_name": "京都丽嘉皇家酒店 客房走廊",
        "remark": ""
      },
      "type": "Feature"
    },
    {
      "geometry": {
        "coordinates": [
          135.785301,
          34.99274
        ],
        "type": "Point"
      },
      "properties": {
        "bangumi_id": 208146,
        "bangumi_title": "五等分的新娘",
        "ep_cut": 83,
        "image_url": "https://w.junreimap.com/images/points/208146/1stgapt_1750929706692.jpg",
        "location": "京都府京都市 清水寺",
        "point_id": "1stgapt",
        "point_name": "子安塔 东南方向的三岔路口",
        "remark": ""
      },
      "type": "Feature"
    },
    {
      "geometry": {
        "coordinates": [
          135.785341,
          34.992748
        ],
        "type": "Point"
      },
      "properties": {
        "bangumi_id": 208146,
        "bangumi_title": "五等分的新娘",
        "ep_cut": 83,
        "image_url": "https://w.junreimap.com/images/points/208146/1stjyfb_1750929860312.jpg",
        "location": "京都府京都市 清水寺",
        "point_id": "1stjyfb",
        "point_name": "子安塔 东南方向的三岔路口",
        "remark": ""
      },
      "type": "Feature"
    },
    {
      "geometry": {
        "coordinates": [
          135.752754,
          34.98598
        ],
        "type": "Point"
      },
      "properties": {
        "bangumi_id": 208146,
        "bangumi_title": "五等分的新娘",
        "ep_cut": 83,
        "image_url": "https://w.junreimap.com/images/points/208146/1stmaxc_1750929985841.jpg",
        "location": "京都府京都市 京都丽嘉皇家酒店",
        "point_id": "1stmaxc",
        "point_name": "京都丽嘉皇家酒店",
        "remark": ""
      },
      "type": "Feature"
    },
    {
      "geometry": {
        "coordinates": [
          135.752502,
          34.986385
        ],
        "type": "Point"
      },
      "properties": {
        "bangumi_id": 208146,
        "bangumi_title": "五等分的新娘",
        "ep_cut": 83,
        "image_url": "https://w.junreimap.com/images/points/208146/1stpxwn_1750930111728.jpg",
        "location": "京都府京都市 京都丽嘉皇家酒店",
        "point_id": "1stpxwn",
        "point_name": "京都丽嘉皇家酒店 客房走廊",
        "remark": ""
      },
      "type": "Feature"
    },
    {
      "geometry": {
        "coordinates": [
          135.752497,
          34.986386
        ],
        "type": "Point"
      },
      "properties": {
        "bangumi_id": 208146,
        "bangumi_title": "五等分的新娘",
        "ep_cut": 83,
        "image_url": "https://w.junreimap.com/images/points/208146/1stqx8e_1750930158681.jpg",
        "location": "京都府京都市 京都丽嘉皇家酒店",
        "point_id": "1stqx8e",
        "point_name": "京都丽嘉皇家酒店 客房",
        "remark": ""
      },
      "type": "Feature"
    },
    {
      "geometry": {
        "coordinates": [
          135.7525,
          34.986382
        ],
        "type": "Point"
      },
      "properties": {
        "bangumi_id": 208146,
        "bangumi_title": "五等分的新娘",
        "ep_cut": 83,
        "image_url": "https://w.junreimap.com/images/points/208146/1stt39i_1750930265031.jpg",
        "location": "京都府京都市 京都丽嘉皇家酒店",
        "point_id": "1stt39i",
        "point_name": "京都丽嘉皇家酒店 客房走廊",
        "remark": ""
      },
      "type": "Feature"
    },
    {
      "geometry": {
        "coordinates": [
          135.75281,
          34.986063
        ],
        "type": "Point"
      },
      "properties": {
        "bangumi_id": 208146,
        "bangumi_title": "五等分的新娘",
        "ep_cut": 83,
        "image_url": "https://w.junreimap.com/images/points/208146/1su1bgm_1750930644195.jpg",
        "location": "京都府京都市 京都丽嘉皇家酒店",
        "point_id": "1su1bgm",
        "point_name": "京都丽嘉皇家酒店 门口",
        "remark": ""
      },
      "type": "Feature"
    },
    {
      "geometry": {
        "coordinates": [
          135.708116,
          35.015743
        ],
        "type": "Point"
      },
      "properties": {
        "bangumi_id": 208146,
        "bangumi_title": "五等分的新娘",
        "ep_cut": 84,
        "image_url": "https://w.junreimap.com/images/points/208146/1suma6e_1750931654471.jpg",
        "location": "京都府京都市 东映太秦映画村",
        "point_id": "1suma6e",
        "point_name": "江户屋 门口的道路",
        "remark": ""
      },
      "type": "Feature"
    },
    {
      "geometry": {
        "coordinates": [
          135.707488,
          35.016337
        ],
        "type": "Point"
      },
      "properties": {
        "bangumi_id": 208146,
        "bangumi_title": "五等分的新娘",
        "ep_cut": 84,
        "image_url": "https://w.junreimap.com/images/points/208146/1suryt9_1750931890728.jpg",
        "location": "京都府京都市 东映太秦映画村",
        "point_id": "1suryt9",
        "point_name": "中村座隣の建物",
        "remark": ""
      },
      "type": "Feature"
    },
    {
      "geometry": {
        "coordinates": [
          135.708539,
          35.016651
        ],
        "type": "Point"
      },
      "properties": {
        "bangumi_id": 208146,
        "bangumi_title": "五等分的新娘",
        "ep_cut": 84,
        "image_url": "https://w.junreimap.com/images/user/2090/bangumi/208146/points/nwgd8tdny-1725572082744.jpg",
        "location": "京都府京都市 东映太秦映画村",
        "point_id": "nwgd8tdny",
        "point_name": "時代劇 扮装の館",
        "remark": ""
      },
      "type": "Feature"
    },
    {
      "geometry": {
        "coordinates": [
          135.707582,
          35.0162
        ],
        "type": "Point"
      },
      "properties": {
        "bangumi_id": 208146,
        "bangumi_title": "五等分的新娘",
        "ep_cut": 84,
        "image_url": "https://w.junreimap.com/images/user/2090/bangumi/208146/points/p5k6qr7nv-1729106771091.jpg",
        "location": "京都府京都市 东映太秦映画村",
        "point_id": "p5k6qr7nv",
        "point_name": "扮装写真館",
        "remark": ""
      },
      "type": "Feature"
    },
    {
      "geometry": {
        "coordinates": [
          135.708321,
          35.015704
        ],
        "type": "Point"
      },
      "properties": {
        "bangumi_id": 208146,
        "bangumi_title": "五等分的新娘",
        "ep_cut": 84,
        "image_url": "https://w.junreimap.com/images/user/2090/bangumi/208146/points/o6ru0f5o6-1726380672885.jpg",
        "location": "京都府京都市 东映太秦映画村",
        "point_id": "o6ru0f5o6",
        "point_name": "花見茶屋",
        "remark": ""
      },
      "type": "Feature"
    },
    {
      "geometry": {
        "coordinates": [
          135.707587,
          35.0162
        ],
        "type": "Point"
      },
      "properties": {
        "bangumi_id": 208146,
        "bangumi_title": "五等分的新娘",
        "ep_cut": 84,
        "image_url": "https://w.junreimap.com/images/points/208146/1suwk2r_1750932117698.jpg",
        "location": "京都府京都市 东映太秦映画村",
        "point_id": "1suwk2r",
        "point_name": "扮装写真館",
        "remark": ""
      },
      "type": "Feature"
    },
    {
      "geometry": {
        "coordinates": [
          135.708115,
          35.015708
        ],
        "type": "Point"
      },
      "properties": {
        "bangumi_id": 208146,
        "bangumi_title": "五等分的新娘",
        "ep_cut": 84,
        "image_url": "https://w.junreimap.com/images/points/208146/1suyna0_1750932199486.jpg",
        "location": "京都府京都市 东映太秦映画村",
        "point_id": "1suyna0",
        "point_name": "江户屋",
        "remark": ""
      },
      "type": "Feature"
    },
    {
      "geometry": {
        "coordinates": [
          135.708886,
          35.015554
        ],
        "type": "Point"
      },
      "properties": {
        "bangumi_id": 208146,
        "bangumi_title": "五等分的新娘",
        "ep_cut": 84,
        "image_url": "https://w.junreimap.com/images/points/208146/1sv01al_1750932433841.jpg",
        "location": "京都府京都市 东映太秦映画村",
        "point_id": "1sv01al",
        "point_name": "射箭游乐场",
        "remark": ""
      },
      "type": "Feature"
    },
    {
      "geometry": {
        "coordinates": [
          135.707518,
          35.016846
        ],
        "type": "Point"
      },
      "properties": {
        "bangumi_id": 208146,
        "bangumi_title": "五等分的新娘",
        "ep_cut": 84,
        "image_url": "https://w.junreimap.com/images/points/208146/1sv6ut0_1750932585189.jpg",
        "location": "京都府京都市 东映太秦映画村",
        "point_id": "1sv6ut0",
        "point_name": "怪獣の池",
        "remark": ""
      },
      "type": "Feature"
    },
    {
      "geometry": {
        "coordinates": [
          135.707781,
          35.016789
        ],
        "type": "Point"
      },
      "properties": {
        "bangumi_id": 208146,
        "bangumi_title": "五等分的新娘",
        "ep_cut": 84,
        "image_url": "https://w.junreimap.com/images/points/208146/1sv8a28_1750932677099.jpg",
        "location": "京都府京都市 东映太秦映画村",
        "point_id": "1sv8a28",
        "point_name": "长屋门对面的座位",
        "remark": ""
      },
      "type": "Feature"
    },
    {
      "geometry": {
        "coordinates": [
          135.70781,
          35.016855
        ],
        "type": "Point"
      },
      "properties": {
        "bangumi_id": 208146,
        "bangumi_title": "五等分的新娘",
        "ep_cut": 84,
        "image_url": "https://w.junreimap.com/images/user/2090/bangumi/208146/points/o6r3te6ag-1726379095881.jpg",
        "location": "京都府京都市 东映太秦映画村",
        "point_id": "o6r3te6ag",
        "point_name": "長屋門",
        "remark": ""
      },
      "type": "Feature"
    },
    {
      "geometry": {
        "coordinates": [
          135.707743,
          35.015737
        ],
        "type": "Point"
      },
      "properties": {
        "bangumi_id": 208146,
        "bangumi_title": "五等分的新娘",
        "ep_cut": 84,
        "image_url": "https://w.junreimap.com/images/points/208146/1svb9r0_1750932790261.jpg",
        "location": "京都府京都市 东映太秦映画村",
        "point_id": "1svb9r0",
        "point_name": "日本橋",
        "remark": ""
      },
      "type": "Feature"
    },
    {
      "geometry": {
        "coordinates": [
          135.707679,
          35.016553
        ],
        "type": "Point"
      },
      "properties": {
        "bangumi_id": 208146,
        "bangumi_title": "五等分的新娘",
        "ep_cut": 84,
        "image_url": "https://w.junreimap.com/images/points/208146/1svenmi_1750932949992.jpg",
        "location": "京都府京都市 东映太秦映画村",
        "point_id": "1svenmi",
        "point_name": "中村座",
        "remark": ""
      },
      "type": "Feature"
    },
    {
      "geometry": {
        "coordinates": [
          135.707895,
          35.016548
        ],
        "type": "Point"
      },
      "properties": {
        "bangumi_id": 208146,
        "bangumi_title": "五等分的新娘",
        "ep_cut": 84,
        "image_url": "https://w.junreimap.com/images/points/208146/1svfcg0_1750932980732.jpg",
        "location": "京都府京都市 东映太秦映画村",
        "point_id": "1svfcg0",
        "point_name": "分铜屋",
        "remark": ""
      },
      "type": "Feature"
    },
    {
      "geometry": {
        "coordinates": [
          135.707777,
          35.016787
        ],
        "type": "Point"
      },
      "properties": {
        "bangumi_id": 208146,
        "bangumi_title": "五等分的新娘",
        "ep_cut": 84,
        "image_url": "https://w.junreimap.com/images/points/208146/1svgk82_1750933040802.jpg",
        "location": "京都府京都市 东映太秦映画村",
        "point_id": "1svgk82",
        "point_name": "长屋门对面的座位",
        "remark": ""
      },
      "type": "Feature"
    },
    {
      "geometry": {
        "coordinates": [
          135.708294,
          35.015705
        ],
        "type": "Point"
      },
      "properties": {
        "bangumi_id": 208146,
        "bangumi_title": "五等分的新娘",
        "ep_cut": 85,
        "image_url": "https://w.junreimap.com/images/user/2090/bangumi/208146/points/ovpd0emmu-1728334384315.jpg",
        "location": "京都府京都市 东映太秦映画村",
        "point_id": "ovpd0emmu",
        "point_name": "花見茶屋",
        "remark": ""
      },
      "type": "Feature"
    },
    {
      "geometry": {
        "coordinates": [
          135.70852,
          35.016652
        ],
        "type": "Point"
      },
      "properties": {
        "bangumi_id": 208146,
        "bangumi_title": "五等分的新娘",
        "ep_cut": 85,
        "image_url": "https://w.junreimap.com/images/user/2090/bangumi/208146/points/ovpdxep24-1728334458017.jpg",
        "location": "京都府京都市 东映太秦映画村",
        "point_id": "ovpdxep24",
        "point_name": "時代劇 扮装の館",
        "remark": "这个地方用了 時代劇 扮装の館 的牌匾但是实际取景是在 扮装写真館"
      },
      "type": "Feature"
    },
    {
      "geometry": {
        "coordinates": [
          135.707582,
          35.016173
        ],
        "type": "Point"
      },
      "properties": {
        "bangumi_id": 208146,
        "bangumi_title": "五等分的新娘",
        "ep_cut": 85,
        "image_url": "https://w.junreimap.com/images/user/2090/bangumi/208146/points/p5kcguvou-1729107107810.jpg",
        "location": "京都府京都市 东映太秦映画村",
        "point_id": "p5kcguvou",
        "point_name": "扮装写真館",
        "remark": "这个地方用了 時代劇 扮装の館 的牌匾但是实际取景是在 扮装写真館"
      },
      "type": "Feature"
    },
    {
      "geometry": {
        "coordinates": [
          135.707584,
          35.01617
        ],
        "type": "Point"
      },
      "properties": {
        "bangumi_id": 208146,
        "bangumi_title": "五等分的新娘",
        "ep_cut": 85,
        "image_url": "https://w.junreimap.com/images/user/2090/bangumi/256114/points/ovsrahcvd-1728341780961.jpg",
        "location": "京都府京都市 东映太秦映画村",
        "point_id": "ovsrahcvd",
        "point_name": "扮装写真館",
        "remark": ""
      },
      "type": "Feature"
    },
    {
      "geometry": {
        "coordinates": [
          135.70711,
          35.016761
        ],
        "type": "Point"
      },
      "properties": {
        "bangumi_id": 208146,
        "bangumi_title": "五等分的新娘",
        "ep_cut": 85,
        "image_url": "https://w.junreimap.com/images/points/208146/1svwj1y_1750933785442.jpg",
        "location": "京都府京都市 东映太秦映画村",
        "point_id": "1svwj1y",
        "point_name": "史上最恐のお化け屋敷",
        "remark": ""
      },
      "type": "Feature"
    },
    {
      "geometry": {
        "coordinates": [
          135.708244,
          35.016529
        ],
        "type": "Point"
      },
      "properties": {
        "bangumi_id": 208146,
        "bangumi_title": "五等分的新娘",
        "ep_cut": 85,
        "image_url": "https://w.junreimap.com/images/user/2090/bangumi/208146/points/o6qybus5j-1726378815022.jpg",
        "location": "京都府京都市 东映太秦映画村",
        "point_id": "o6qybus5j",
        "point_name": "明治通与吉原通之间的桥",
        "remark": ""
      },
      "type": "Feature"
    },
    {
      "geometry": {
        "coordinates": [
          135.707526,
          35.016842
        ],
        "type": "Point"
      },
      "properties": {
        "bangumi_id": 208146,
        "bangumi_title": "五等分的新娘",
        "ep_cut": 85,
        "image_url": "https://w.junreimap.com/images/user/2090/bangumi/208146/points/ovq2o8z0c-1728335952716.jpg",
        "location": "京都府京都市 东映太秦映画村",
        "point_id": "ovq2o8z0c",
        "point_name": "怪獣の池",
        "remark": ""
      },
      "type": "Feature"
    },
    {
      "geometry": {
        "coordinates": [
          135.70777,
          35.016776
        ],
        "type": "Point"
      },
      "properties": {
        "bangumi_id": 208146,
        "bangumi_title": "五等分的新娘",
        "ep_cut": 85,
        "image_url": "https://w.junreimap.com/images/points/208146/1sw0gsv_1750934049345.jpg",
        "location": "京都府京都市 东映太秦映画村",
        "point_id": "1sw0gsv",
        "point_name": "长屋门对面的座位西南侧",
        "remark": ""
      },
      "type": "Feature"
    },
    {
      "geometry": {
        "coordinates": [
          135.70778,
          35.016787
        ],
        "type": "Point"
      },
      "properties": {
        "bangumi_id": 208146,
        "bangumi_title": "五等分的新娘",
        "ep_cut": 85,
        "image_url": "https://w.junreimap.com/images/points/208146/1sw4evl_1750934149497.jpg",
        "location": "京都府京都市 东映太秦映画村",
        "point_id": "1sw4evl",
        "point_name": "长屋门对面的座位",
        "remark": ""
      },
      "type": "Feature"
    },
    {
      "geometry": {
        "coordinates": [
          135.785328,
          34.992737
        ],
        "type": "Point"
      },
      "properties": {
        "bangumi_id": 208146,
        "bangumi_title": "五等分的新娘",
        "ep_cut": 85,
        "image_url": "https://w.junreimap.com/images/points/208146/1sw720u_1750934273808.jpg",
        "location": "京都府京都市 清水寺",
        "point_id": "1sw720u",
        "point_name": "子安塔 东南方向的三岔路口",
        "remark": ""
      },
      "type": "Feature"
    },
    {
      "geometry": {
        "coordinates": [
          135.707779,
          35.016788
        ],
        "type": "Point"
      },
      "properties": {
        "bangumi_id": 208146,
        "bangumi_title": "五等分的新娘",
        "ep_cut": 85,
        "image_url": "https://w.junreimap.com/images/points/208146/1sw8q3k_1750934347540.jpg",
        "location": "京都府京都市 东映太秦映画村",
        "point_id": "1sw8q3k",
        "point_name": "长屋门对面的座位",
        "remark": ""
      },
      "type": "Feature"
    },
    {
      "geometry": {
        "coordinates": [
          135.752498,
          34.986387
        ],
        "type": "Point"
      },
      "properties": {
        "bangumi_id": 208146,
        "bangumi_title": "五等分的新娘",
        "ep_cut": 85,
        "image_url": "https://w.junreimap.com/images/points/208146/1swa1sv_1750934418816.jpg",
        "location": "京都府京都市 京都丽嘉皇家酒店",
        "point_id": "1swa1sv",
        "point_name": "京都丽嘉皇家酒店 客房",
        "remark": ""
      },
      "type": "Feature"
    },
    {
      "geometry": {
        "coordinates": [
          135.707778,
          35.016786
        ],
        "type": "Point"
      },
      "properties": {
        "bangumi_id": 208146,
        "bangumi_title": "五等分的新娘",
        "ep_cut": 86,
        "image_url": "https://w.junreimap.com/images/points/208146/1swm8vz_1750934978502.jpg",
        "location": "京都府京都市 东映太秦映画村",
        "point_id": "1swm8vz",
        "point_name": "长屋门对面的座位",
        "remark": ""
      },
      "type": "Feature"
    },
    {
      "geometry": {
        "coordinates": [
          135.707781,
          35.016787
        ],
        "type": "Point"
      },
      "properties": {
        "bangumi_id": 208146,
        "bangumi_title": "五等分的新娘",
        "ep_cut": 86,
        "image_url": "https://w.junreimap.com/images/points/208146/1swpwqw_1750935147292.jpg",
        "location": "京都府京都市 东映太秦映画村",
        "point_id": "1swpwqw",
        "point_name": "长屋门对面的座位",
        "remark": ""
      },
      "type": "Feature"
    },
    {
      "geometry": {
        "coordinates": [
          135.708523,
          35.016651
        ],
        "type": "Point"
      },
      "properties": {
        "bangumi_id": 208146,
        "bangumi_title": "五等分的新娘",
        "ep_cut": 86,
        "image_url": "https://w.junreimap.com/images/points/208146/1swrlrr_1750935229524.jpg",
        "location": "京都府京都市 东映太秦映画村",
        "point_id": "1swrlrr",
        "point_name": "時代劇 扮装の館",
        "remark": "这个地方用了 時代劇 扮装の館 的牌匾但是实际取景是在 扮装写真館"
      },
      "type": "Feature"
    },
    {
      "geometry": {
        "coordinates": [
          135.707586,
          35.016174
        ],
        "type": "Point"
      },
      "properties": {
        "bangumi_id": 208146,
        "bangumi_title": "五等分的新娘",
        "ep_cut": 86,
        "image_url": "https://w.junreimap.com/images/points/208146/1swrbsc_1750935252005.jpg",
        "location": "京都府京都市 东映太秦映画村",
        "point_id": "1swrbsc",
        "point_name": "扮装写真館",
        "remark": "这个地方用了 時代劇 扮装の館 的牌匾但是实际取景是在 扮装写真館"
      },
      "type": "Feature"
    },
    {
      "geometry": {
        "coordinates": [
          135.708125,
          35.015702
        ],
        "type": "Point"
      },
      "properties": {
        "bangumi_id": 208146,
        "bangumi_title": "五等分的新娘",
        "ep_cut": 86,
        "image_url": "https://w.junreimap.com/images/user/2090/bangumi/208146/points/ovnyuh3rr-1728331377273.jpg",
        "location": "京都府京都市 东映太秦映画村",
        "point_id": "ovnyuh3rr",
        "point_name": "江户屋",
        "remark": ""
      },
      "type": "Feature"
    },
    {
      "geometry": {
        "coordinates": [
          135.785323,
          34.992737
        ],
        "type": "Point"
      },
      "properties": {
        "bangumi_id": 208146,
        "bangumi_title": "五等分的新娘",
        "ep_cut": 86,
        "image_url": "https://w.junreimap.com/images/points/208146/1swxj92_1750935517131.jpg",
        "location": "京都府京都市 清水寺",
        "point_id": "1swxj92",
        "point_name": "子安塔 东南方向的三岔路口",
        "remark": ""
      },
      "type": "Feature"
    },
    {
      "geometry": {
        "coordinates": [
          135.707989,
          35.016353
        ],
        "type": "Point"
      },
      "properties": {
        "bangumi_id": 208146,
        "bangumi_title": "五等分的新娘",
        "ep_cut": 86,
        "image_url": "https://w.junreimap.com/images/user/2090/bangumi/208146/points/ovp7xn5wg-1728334208840.jpg",
        "location": "京都府京都市 东映太秦映画村",
        "point_id": "ovp7xn5wg",
        "point_name": "海产物屋",
        "remark": ""
      },
      "type": "Feature"
    },
    {
      "geometry": {
        "coordinates": [
          135.752498,
          34.986382
        ],
        "type": "Point"
      },
      "properties": {
        "bangumi_id": 208146,
        "bangumi_title": "五等分的新娘",
        "ep_cut": 86,
        "image_url": "https://w.junreimap.com/images/points/208146/1swzg2s_1750935597629.jpg",
        "location": "京都府京都市 京都丽嘉皇家酒店",
        "point_id": "1swzg2s",
        "point_name": "京都丽嘉皇家酒店 客房走廊",
        "remark": ""
      },
      "type": "Feature"
    },
    {
      "geometry": {
        "coordinates": [
          136.894603,
          35.002968
        ],
        "type": "Point"
      },
      "properties": {
        "bangumi_id": 208146,
        "bangumi_title": "五等分的新娘",
        "ep_cut": 86,
        "image_url": "https://w.junreimap.com/images/user/2090/bangumi/208146/points/p5kqwip0d-1729108004825.jpg",
        "location": "爱知县东海市 中之池公园",
        "point_id": "p5kqwip0d",
        "point_name": "中ノ池公園",
        "remark": ""
      },
      "type": "Feature"
    },
    {
      "geometry": {
        "coordinates": [
          135.757832,
          34.985745
        ],
        "type": "Point"
      },
      "properties": {
        "bangumi_id": 208146,
        "bangumi_title": "五等分的新娘",
        "ep_cut": 86,
        "image_url": "https://w.junreimap.com/images/user/2090/bangumi/208146/points/nw5vhx5hp-1725549242386.jpg",
        "location": "京都府京都市 京都站",
        "point_id": "nw5vhx5hp",
        "point_name": "京都站 大楼梯",
        "remark": ""
      },
      "type": "Feature"
    },
    {
      "geometry": {
        "coordinates": [
          135.785123,
          34.994632
        ],
        "type": "Point"
      },
      "properties": {
        "bangumi_id": 208146,
        "bangumi_title": "五等分的新娘",
        "ep_cut": 86,
        "image_url": "https://w.junreimap.com/images/points/208146/1sx4k85_1750935831866.jpg",
        "location": "京都府京都市 清水寺",
        "point_id": "1sx4k85",
        "point_name": "清水の舞台 东南角 南侧的景色",
        "remark": ""
      },
      "type": "Feature"
    },
    {
      "geometry": {
        "coordinates": [
          136.894317,
          35.002118
        ],
        "type": "Point"
      },
      "properties": {
        "bangumi_id": 208146,
        "bangumi_title": "五等分的新娘",
        "ep_cut": 86,
        "image_url": "https://w.junreimap.com/images/user/2090/bangumi/208146/points/nxpdwnnx2-1725670084254.jpg",
        "location": "爱知县东海市 中之池公园",
        "point_id": "nxpdwnnx2",
        "point_name": "中ノ池公園",
        "remark": ""
      },
      "type": "Feature"
    },
    {
      "geometry": {
        "coordinates": [
          139.696844,
          35.690646
        ],
        "type": "Point"
      },
      "properties": {
        "bangumi_id": 208146,
        "bangumi_title": "五等分的新娘",
        "ep_cut": 87,
        "image_url": "https://w.junreimap.com/images/user/2090/bangumi/256114/points/np9k3rggo-1725008700958.jpg",
        "location": "东京都新宿区",
        "point_id": "np9k3rggo",
        "point_name": "小田急・​明治​安田​生命​ビル",
        "remark": ""
      },
      "type": "Feature"
    },
    {
      "geometry": {
        "coordinates": [
          138.725057,
          35.150693
        ],
        "type": "Point"
      },
      "properties": {
        "bangumi_id": 208146,
        "bangumi_title": "五等分的新娘",
        "ep_cut": 87,
        "image_url": "https://w.junreimap.com/images/points/208146/1wgszs0_1751150299110.jpg",
        "location": "静冈县富士市",
        "point_id": "1wgszs0",
        "point_name": "富士山",
        "remark": "背景 \n//\n2025.9.16纠偏备注：很显然这图不是在富士山顶火山口拍的。作为火车迷，我认为这张图的拍摄地点是东海道新干线新富士-三岛区间内有名的拍车点，这里可以拍摄新干线和富士山同框的壮丽画面，与漫画这一页相符合。（实景图为网图，非本人拍摄）——by纠偏提交者@末日晴空SR"
      },
      "type": "Feature"
    },
    {
      "geometry": {
        "coordinates": [
          135.759437,
          34.987532
        ],
        "type": "Point"
      },
      "properties": {
        "bangumi_id": 208146,
        "bangumi_title": "五等分的新娘",
        "ep_cut": 87,
        "image_url": "https://w.junreimap.com/images/user/2090/bangumi/208146/points/nw2f72e2w-1725541722793.jpg",
        "location": "京都府京都市 京都站",
        "point_id": "nw2f72e2w",
        "point_name": "京都タワー",
        "remark": ""
      },
      "type": "Feature"
    },
    {
      "geometry": {
        "coordinates": [
          135.759141,
          34.986718
        ],
        "type": "Point"
      },
      "properties": {
        "bangumi_id": 208146,
        "bangumi_title": "五等分的新娘",
        "ep_cut": 87,
        "image_url": "https://w.junreimap.com/images/user/2090/bangumi/208146/points/o1yfebnnm-1726003236117.jpg",
        "location": "京都府京都市 京都站",
        "point_id": "o1yfebnnm",
        "point_name": "京都站 公交车站 D2站台",
        "remark": ""
      },
      "type": "Feature"
    },
    {
      "geometry": {
        "coordinates": [
          135.757877,
          34.985731
        ],
        "type": "Point"
      },
      "properties": {
        "bangumi_id": 208146,
        "bangumi_title": "五等分的新娘",
        "ep_cut": 87,
        "image_url": "https://w.junreimap.com/images/user/2090/bangumi/208146/points/p5ly3agty-1729110586517.jpg",
        "location": "京都府京都市 京都站",
        "point_id": "p5ly3agty",
        "point_name": "京都站大楼梯",
        "remark": ""
      },
      "type": "Feature"
    },
    {
      "geometry": {
        "coordinates": [
          135.757207,
          34.985804
        ],
        "type": "Point"
      },
      "properties": {
        "bangumi_id": 208146,
        "bangumi_title": "五等分的新娘",
        "ep_cut": 87,
        "image_url": "https://w.junreimap.com/images/user/2090/bangumi/208146/points/nw3l0ukuw-1725544363259.jpg",
        "location": "京都府京都市 京都站",
        "point_id": "nw3l0ukuw",
        "point_name": "京都站大楼梯 10楼护栏",
        "remark": ""
      },
      "type": "Feature"
    },
    {
      "geometry": {
        "coordinates": [
          135.758786,
          34.986194
        ],
        "type": "Point"
      },
      "properties": {
        "bangumi_id": 208146,
        "bangumi_title": "五等分的新娘",
        "ep_cut": 88,
        "image_url": "https://w.junreimap.com/images/user/2090/bangumi/208146/points/oargyueoy-1726693326067.jpg",
        "location": "京都府京都市 京都站",
        "point_id": "oargyueoy",
        "point_name": "JR京都站 中央口",
        "remark": ""
      },
      "type": "Feature"
    },
    {
      "geometry": {
        "coordinates": [
          135.774668,
          34.967037
        ],
        "type": "Point"
      },
      "properties": {
        "bangumi_id": 208146,
        "bangumi_title": "五等分的新娘",
        "ep_cut": 88,
        "image_url": "https://w.junreimap.com/images/user/2090/bangumi/208146/points/oarib655a-1726693402808.jpg",
        "location": "京都府京都市 伏见稻荷大社",
        "point_id": "oarib655a",
        "point_name": "伏見稲荷大社千本鳥居",
        "remark": ""
      },
      "type": "Feature"
    },
    {
      "geometry": {
        "coordinates": [
          135.768318,
          34.99598
        ],
        "type": "Point"
      },
      "properties": {
        "bangumi_id": 208146,
        "bangumi_title": "五等分的新娘",
        "ep_cut": 88,
        "image_url": "https://w.junreimap.com/images/user/2090/bangumi/208146/points/nwhjl771l-1725574670934.jpg",
        "location": "京都府京都市 五条大桥",
        "point_id": "nwhjl771l",
        "point_name": "五条大桥东北侧",
        "remark": ""
      },
      "type": "Feature"
    },
    {
      "geometry": {
        "coordinates": [
          135.783824,
          34.995058
        ],
        "type": "Point"
      },
      "properties": {
        "bangumi_id": 208146,
        "bangumi_title": "五等分的新娘",
        "ep_cut": 88,
        "image_url": "https://w.junreimap.com/images/user/2090/bangumi/208146/points/oarjgrmy7-1726693477441.jpg",
        "location": "京都府京都市 清水寺",
        "point_id": "oarjgrmy7",
        "point_name": "三重塔",
        "remark": ""
      },
      "type": "Feature"
    },
    {
      "geometry": {
        "coordinates": [
          135.785215,
          34.994695
        ],
        "type": "Point"
      },
      "properties": {
        "bangumi_id": 208146,
        "bangumi_title": "五等分的新娘",
        "ep_cut": 88,
        "image_url": "https://w.junreimap.com/images/user/2090/bangumi/208146/points/oarkjfo5z-1726693537884.jpg",
        "location": "京都府京都市 清水寺",
        "point_id": "oarkjfo5z",
        "point_name": "清水寺本堂",
        "remark": ""
      },
      "type": "Feature"
    },
    {
      "geometry": {
        "coordinates": [
          135.78495,
          34.994619
        ],
        "type": "Point"
      },
      "properties": {
        "bangumi_id": 208146,
        "bangumi_title": "五等分的新娘",
        "ep_cut": 88,
        "image_url": "https://w.junreimap.com/images/user/2090/bangumi/208146/points/ovsu7ln74-1728341973441.jpg",
        "location": "京都府京都市 清水寺",
        "point_id": "ovsu7ln74",
        "point_name": "清水の舞台",
        "remark": ""
      },
      "type": "Feature"
    },
    {
      "geometry": {
        "coordinates": [
          135.784938,
          34.994617
        ],
        "type": "Point"
      },
      "properties": {
        "bangumi_id": 208146,
        "bangumi_title": "五等分的新娘",
        "ep_cut": 88,
        "image_url": "https://w.junreimap.com/images/points/208146/1whhbdo_1751151603778.jpg",
        "location": "京都府京都市 清水寺",
        "point_id": "1whhbdo",
        "point_name": "清水の舞台 西侧的景色",
        "remark": "背景"
      },
      "type": "Feature"
    },
    {
      "geometry": {
        "coordinates": [
          135.784958,
          34.99465
        ],
        "type": "Point"
      },
      "properties": {
        "bangumi_id": 208146,
        "bangumi_title": "五等分的新娘",
        "ep_cut": 88,
        "image_url": "https://w.junreimap.com/images/user/2090/bangumi/208146/points/p5m138pp0-1729110773400.jpg",
        "location": "京都府京都市 清水寺",
        "point_id": "p5m138pp0",
        "point_name": "清水寺本堂 屋檐",
        "remark": ""
      },
      "type": "Feature"
    },
    {
      "geometry": {
        "coordinates": [
          135.778511,
          35.00349
        ],
        "type": "Point"
      },
      "properties": {
        "bangumi_id": 208146,
        "bangumi_title": "五等分的新娘",
        "ep_cut": 88,
        "image_url": "https://w.junreimap.com/images/points/208146/1whe8qt_1751151346756.jpg",
        "location": "京都府京都市 八坂神社",
        "point_id": "1whe8qt",
        "point_name": "八坂神社",
        "remark": ""
      },
      "type": "Feature"
    },
    {
      "geometry": {
        "coordinates": [
          136.996895,
          34.703687
        ],
        "type": "Point"
      },
      "properties": {
        "bangumi_id": 208146,
        "bangumi_title": "五等分的新娘",
        "ep_cut": 88,
        "image_url": "https://w.junreimap.com/images/user/2090/bangumi/208146/points/p5mdutw4t-1729111540126.jpg",
        "location": "爱知县南知多町",
        "point_id": "p5mdutw4t",
        "point_name": "日间贺岛西港",
        "remark": ""
      },
      "type": "Feature"
    },
    {
      "geometry": {
        "coordinates": [
          137.868381,
          35.477774
        ],
        "type": "Point"
      },
      "properties": {
        "bangumi_id": 208146,
        "bangumi_title": "五等分的新娘",
        "ep_cut": 88,
        "image_url": "https://w.junreimap.com/images/user/2090/bangumi/208146/points/p5meu5xpb-1729111601731.jpg",
        "location": "长野县饭田市",
        "point_id": "p5meu5xpb",
        "point_name": "虎岩​交流​センター",
        "remark": ""
      },
      "type": "Feature"
    },
    {
      "geometry": {
        "coordinates": [
          136.909807,
          35.134975
        ],
        "type": "Point"
      },
      "properties": {
        "bangumi_id": 208146,
        "bangumi_title": "五等分的新娘",
        "ep_cut": 88,
        "image_url": "https://w.junreimap.com/images/user/2090/bangumi/208146/points/p5mhq236u-1729111772519.jpg",
        "location": "爱知县名古屋市 狮子中京大厦",
        "point_id": "p5mhq236u",
        "point_name": "ザ・​ライオンズミッドキャピタルタワー",
        "remark": ""
      },
      "type": "Feature"
    },
    {
      "geometry": {
        "coordinates": [
          135.202636,
          34.670182
        ],
        "type": "Point"
      },
      "properties": {
        "bangumi_id": 208146,
        "bangumi_title": "五等分的新娘",
        "ep_cut": 89,
        "image_url": "https://w.junreimap.com/images/points/208146/1wvvive_1751175595372.jpg",
        "location": "兵库县神户市",
        "point_id": "1wvvive",
        "point_name": "神戸​学院​大学​ポートアイランド​第1​キャンパス​B​号館",
        "remark": ""
      },
      "type": "Feature"
    },
    {
      "geometry": {
        "coordinates": [
          135.202636,
          34.670178
        ],
        "type": "Point"
      },
      "properties": {
        "bangumi_id": 208146,
        "bangumi_title": "五等分的新娘",
        "ep_cut": 89,
        "image_url": "https://w.junreimap.com/images/points/208146/1wvyjo7_1751175738620.jpg",
        "location": "兵库县神户市",
        "point_id": "1wvyjo7",
        "point_name": "神戸​学院​大学​ポートアイランド​第1​キャンパス​B​号館",
        "remark": ""
      },
      "type": "Feature"
    },
    {
      "geometry": {
        "coordinates": [
          136.888887,
          35.021797
        ],
        "type": "Point"
      },
      "properties": {
        "bangumi_id": 208146,
        "bangumi_title": "五等分的新娘",
        "ep_cut": 89,
        "image_url": "https://w.junreimap.com/images/points/208146/1ww2jqp_1751175932975.jpg",
        "location": "爱知县东海市 日本​福祉​大学",
        "point_id": "1ww2jqp",
        "point_name": "日本福祉大東海キャンパス",
        "remark": ""
      },
      "type": "Feature"
    },
    {
      "geometry": {
        "coordinates": [
          136.888984,
          35.021971
        ],
        "type": "Point"
      },
      "properties": {
        "bangumi_id": 208146,
        "bangumi_title": "五等分的新娘",
        "ep_cut": 89,
        "image_url": "https://w.junreimap.com/images/points/208146/1ww5i5c_1751176059372.jpg",
        "location": "爱知县东海市 日本​福祉​大学",
        "point_id": "1ww5i5c",
        "point_name": "日本福祉大東海キャンパス",
        "remark": ""
      },
      "type": "Feature"
    },
    {
      "geometry": {
        "coordinates": [
          135.202785,
          34.669138
        ],
        "type": "Point"
      },
      "properties": {
        "bangumi_id": 208146,
        "bangumi_title": "五等分的新娘",
        "ep_cut": 89,
        "image_url": "https://w.junreimap.com/images/points/208146/1ww73aw_1751176143478.jpg",
        "location": "兵库县神户市",
        "point_id": "1ww73aw",
        "point_name": "Cafeteria BREATH",
        "remark": ""
      },
      "type": "Feature"
    },
    {
      "geometry": {
        "coordinates": [
          135.202786,
          34.669138
        ],
        "type": "Point"
      },
      "properties": {
        "bangumi_id": 208146,
        "bangumi_title": "五等分的新娘",
        "ep_cut": 90,
        "image_url": "https://w.junreimap.com/images/points/208146/1ww9lm1_1751176250861.jpg",
        "location": "兵库县神户市",
        "point_id": "1ww9lm1",
        "point_name": "Cafeteria BREATH",
        "remark": ""
      },
      "type": "Feature"
    },
    {
      "geometry": {
        "coordinates": [
          136.909797,
          35.135003
        ],
        "type": "Point"
      },
      "properties": {
        "bangumi_id": 208146,
        "bangumi_title": "五等分的新娘",
        "ep_cut": 90,
        "image_url": "https://w.junreimap.com/images/user/2090/bangumi/208146/points/p5n49bjr8-1729113137145.jpg",
        "location": "爱知县名古屋市 狮子中京大厦",
        "point_id": "p5n49bjr8",
        "point_name": "ザ・​ライオンズミッドキャピタルタワー",
        "remark": ""
      },
      "type": "Feature"
    },
    {
      "geometry": {
        "coordinates": [
          136.898365,
          35.002768
        ],
        "type": "Point"
      },
      "properties": {
        "bangumi_id": 208146,
        "bangumi_title": "五等分的新娘",
        "ep_cut": 90,
        "image_url": "https://w.junreimap.com/images/points/208146/1wwcko8_1751176396871.jpg",
        "location": "爱知县东海市 汐见丘公园",
        "point_id": "1wwcko8",
        "point_name": "汐見が丘公園 秋千",
        "remark": ""
      },
      "type": "Feature"
    },
    {
      "geometry": {
        "coordinates": [
          136.898365,
          35.002769
        ],
        "type": "Point"
      },
      "properties": {
        "bangumi_id": 208146,
        "bangumi_title": "五等分的新娘",
        "ep_cut": 90,
        "image_url": "https://w.junreimap.com/images/points/208146/1wwegyf_1751176481188.jpg",
        "location": "爱知县东海市 汐见丘公园",
        "point_id": "1wwegyf",
        "point_name": "汐見が丘公園 秋千",
        "remark": ""
      },
      "type": "Feature"
    },
    {
      "geometry": {
        "coordinates": [
          136.898825,
          34.998845
        ],
        "type": "Point"
      },
      "properties": {
        "bangumi_id": 208146,
        "bangumi_title": "五等分的新娘",
        "ep_cut": 90,
        "image_url": "https://w.junreimap.com/images/user/2090/bangumi/208146/points/p5ndtcdpm-1729113716923.jpg",
        "location": "爱知县东海市 西知多综合病院",
        "point_id": "p5ndtcdpm",
        "point_name": "西知多総合病院",
        "remark": ""
      },
      "type": "Feature"
    },
    {
      "geometry": {
        "coordinates": [
          136.899269,
          34.999195
        ],
        "type": "Point"
      },
      "properties": {
        "bangumi_id": 208146,
        "bangumi_title": "五等分的新娘",
        "ep_cut": 90,
        "image_url": "https://w.junreimap.com/images/points/208146/25q6h7r_1751710226121.jpg",
        "location": "爱知县东海市 西知多综合病院",
        "point_id": "25q6h7r",
        "point_name": "西知多総合病院 走廊",
        "remark": ""
      },
      "type": "Feature"
    },
    {
      "geometry": {
        "coordinates": [
          136.899274,
          34.999195
        ],
        "type": "Point"
      },
      "properties": {
        "bangumi_id": 208146,
        "bangumi_title": "五等分的新娘",
        "ep_cut": 90,
        "image_url": "https://w.junreimap.com/images/points/208146/25q7arv_1751710263861.jpg",
        "location": "爱知县东海市 西知多综合病院",
        "point_id": "25q7arv",
        "point_name": "西知多総合病院 病房",
        "remark": ""
      },
      "type": "Feature"
    },
    {
      "geometry": {
        "coordinates": [
          136.8948,
          35.002113
        ],
        "type": "Point"
      },
      "properties": {
        "bangumi_id": 208146,
        "bangumi_title": "五等分的新娘",
        "ep_cut": 90,
        "image_url": "https://w.junreimap.com/images/points/208146/1wwh8ox_1751176647055.jpg",
        "location": "爱知县东海市 中之池公园",
        "point_id": "1wwh8ox",
        "point_name": "中ノ池公園",
        "remark": ""
      },
      "type": "Feature"
    },
    {
      "geometry": {
        "coordinates": [
          136.894413,
          35.002105
        ],
        "type": "Point"
      },
      "properties": {
        "bangumi_id": 208146,
        "bangumi_title": "五等分的新娘",
        "ep_cut": 90,
        "image_url": "https://w.junreimap.com/images/points/208146/1wwjieo_1751176715903.jpg",
        "location": "爱知县东海市 中之池公园",
        "point_id": "1wwjieo",
        "point_name": "中ノ池公園",
        "remark": ""
      },
      "type": "Feature"
    },
    {
      "geometry": {
        "coordinates": [
          136.894412,
          35.00211
        ],
        "type": "Point"
      },
      "properties": {
        "bangumi_id": 208146,
        "bangumi_title": "五等分的新娘",
        "ep_cut": 90,
        "image_url": "https://w.junreimap.com/images/points/208146/1wwkwo0_1751176777291.jpg",
        "location": "爱知县东海市 中之池公园",
        "point_id": "1wwkwo0",
        "point_name": "中ノ池公園",
        "remark": ""
      },
      "type": "Feature"
    },
    {
      "geometry": {
        "coordinates": [
          136.894327,
          35.00213
        ],
        "type": "Point"
      },
      "properties": {
        "bangumi_id": 208146,
        "bangumi_title": "五等分的新娘",
        "ep_cut": 90,
        "image_url": "https://w.junreimap.com/images/points/208146/1wwmzx3_1751176899988.jpg",
        "location": "爱知县东海市 中之池公园",
        "point_id": "1wwmzx3",
        "point_name": "中ノ池公園",
        "remark": ""
      },
      "type": "Feature"
    },
    {
      "geometry": {
        "coordinates": [
          137.868392,
          35.477774
        ],
        "type": "Point"
      },
      "properties": {
        "bangumi_id": 208146,
        "bangumi_title": "五等分的新娘",
        "ep_cut": 90,
        "image_url": "https://w.junreimap.com/images/user/2090/bangumi/208146/points/p5nkpup94-1729114132709.jpg",
        "location": "长野县饭田市",
        "point_id": "p5nkpup94",
        "point_name": "虎岩​交流​センター",
        "remark": ""
      },
      "type": "Feature"
    },
    {
      "geometry": {
        "coordinates": [
          136.889372,
          35.022376
        ],
        "type": "Point"
      },
      "properties": {
        "bangumi_id": 208146,
        "bangumi_title": "五等分的新娘",
        "ep_cut": 90,
        "image_url": "https://w.junreimap.com/images/user/2090/bangumi/208146/points/p5nlwzszi-1729114206480.jpg",
        "location": "爱知县东海市 日本​福祉​大学",
        "point_id": "p5nlwzszi",
        "point_name": "日本福祉大学东北侧的楼梯",
        "remark": ""
      },
      "type": "Feature"
    },
    {
      "geometry": {
        "coordinates": [
          136.898365,
          35.002767
        ],
        "type": "Point"
      },
      "properties": {
        "bangumi_id": 208146,
        "bangumi_title": "五等分的新娘",
        "ep_cut": 90,
        "image_url": "https://w.junreimap.com/images/points/208146/1wws388_1751177118332.jpg",
        "location": "爱知县东海市 汐见丘公园",
        "point_id": "1wws388",
        "point_name": "汐見が丘公園 秋千",
        "remark": ""
      },
      "type": "Feature"
    },
    {
      "geometry": {
        "coordinates": [
          136.899265,
          34.999197
        ],
        "type": "Point"
      },
      "properties": {
        "bangumi_id": 208146,
        "bangumi_title": "五等分的新娘",
        "ep_cut": 91,
        "image_url": "https://w.junreimap.com/images/points/208146/25qatvz_1751710432231.jpg",
        "location": "爱知县东海市 西知多综合病院",
        "point_id": "25qatvz",
        "point_name": "西知多総合病院 病房",
        "remark": ""
      },
      "type": "Feature"
    },
    {
      "geometry": {
        "coordinates": [
          136.891571,
          35.02092
        ],
        "type": "Point"
      },
      "properties": {
        "bangumi_id": 208146,
        "bangumi_title": "五等分的新娘",
        "ep_cut": 91,
        "image_url": "https://w.junreimap.com/images/user/2090/bangumi/208146/points/nu9z09fqr-1725401442769.jpg",
        "location": "爱知县东海市 太田川站",
        "point_id": "nu9z09fqr",
        "point_name": "ニッチェル大田川 对面",
        "remark": ""
      },
      "type": "Feature"
    },
    {
      "geometry": {
        "coordinates": [
          136.909805,
          35.135018
        ],
        "type": "Point"
      },
      "properties": {
        "bangumi_id": 208146,
        "bangumi_title": "五等分的新娘",
        "ep_cut": 91,
        "image_url": "https://w.junreimap.com/images/points/208146/1wwwl8t_1751177324250.jpg",
        "location": "爱知县名古屋市 狮子中京大厦",
        "point_id": "1wwwl8t",
        "point_name": "ザ・​ライオンズミッドキャピタルタワー",
        "remark": ""
      },
      "type": "Feature"
    },
    {
      "geometry": {
        "coordinates": [
          136.730573,
          35.02898
        ],
        "type": "Point"
      },
      "properties": {
        "bangumi_id": 208146,
        "bangumi_title": "五等分的新娘",
        "ep_cut": 92,
        "image_url": "https://w.junreimap.com/images/points/208146/1wx2ewd_1751177602685.jpg",
        "location": "三重县桑名市",
        "point_id": "1wx2ewd",
        "point_name": "ジャンボ海水プール 入口",
        "remark": ""
      },
      "type": "Feature"
    },
    {
      "geometry": {
        "coordinates": [
          136.730569,
          35.029069
        ],
        "type": "Point"
      },
      "properties": {
        "bangumi_id": 208146,
        "bangumi_title": "五等分的新娘",
        "ep_cut": 92,
        "image_url": "https://w.junreimap.com/images/points/208146/1wx3uml_1751177667301.jpg",
        "location": "三重县桑名市",
        "point_id": "1wx3uml",
        "point_name": "ジャンボ海水プール 入口处的标牌",
        "remark": ""
      },
      "type": "Feature"
    },
    {
      "geometry": {
        "coordinates": [
          136.727886,
          35.02861
        ],
        "type": "Point"
      },
      "properties": {
        "bangumi_id": 208146,
        "bangumi_title": "五等分的新娘",
        "ep_cut": 92,
        "image_url": "https://w.junreimap.com/images/user/2090/bangumi/208146/points/o5lu0cwju-1726289232754.jpg",
        "location": "三重县桑名市",
        "point_id": "o5lu0cwju",
        "point_name": "冲浪池",
        "remark": ""
      },
      "type": "Feature"
    },
    {
      "geometry": {
        "coordinates": [
          136.728551,
          35.02905
        ],
        "type": "Point"
      },
      "properties": {
        "bangumi_id": 208146,
        "bangumi_title": "五等分的新娘",
        "ep_cut": 92,
        "image_url": "https://w.junreimap.com/images/points/208146/1wxai5f_1751177979833.jpg",
        "location": "三重县桑名市",
        "point_id": "1wxai5f",
        "point_name": "Family Restaurant",
        "remark": ""
      },
      "type": "Feature"
    },
    {
      "geometry": {
        "coordinates": [
          136.727227,
          35.028874
        ],
        "type": "Point"
      },
      "properties": {
        "bangumi_id": 208146,
        "bangumi_title": "五等分的新娘",
        "ep_cut": 92,
        "image_url": "https://w.junreimap.com/images/user/2090/bangumi/208146/points/o5lxic748-1726289443104.jpg",
        "location": "三重县桑名市",
        "point_id": "o5lxic748",
        "point_name": "Free Fall Slider",
        "remark": ""
      },
      "type": "Feature"
    },
    {
      "geometry": {
        "coordinates": [
          136.728461,
          35.028817
        ],
        "type": "Point"
      },
      "properties": {
        "bangumi_id": 208146,
        "bangumi_title": "五等分的新娘",
        "ep_cut": 92,
        "image_url": "https://w.junreimap.com/images/user/2090/bangumi/208146/points/o5m1cd1vb-1726289753987.jpg",
        "location": "三重县桑名市",
        "point_id": "o5m1cd1vb",
        "point_name": "Japaaaan 的这个水池的北侧岸边",
        "remark": ""
      },
      "type": "Feature"
    },
    {
      "geometry": {
        "coordinates": [
          136.726927,
          35.028978
        ],
        "type": "Point"
      },
      "properties": {
        "bangumi_id": 208146,
        "bangumi_title": "五等分的新娘",
        "ep_cut": 92,
        "image_url": "https://w.junreimap.com/images/user/2090/bangumi/208146/points/o5mgis82l-1726290601400.jpg",
        "location": "三重县桑名市",
        "point_id": "o5mgis82l",
        "point_name": "Free Fall Slider",
        "remark": ""
      },
      "type": "Feature"
    },
    {
      "geometry": {
        "coordinates": [
          136.726971,
          35.028926
        ],
        "type": "Point"
      },
      "properties": {
        "bangumi_id": 208146,
        "bangumi_title": "五等分的新娘",
        "ep_cut": 92,
        "image_url": "https://w.junreimap.com/images/points/208146/1wxgy04_1751178291145.jpg",
        "location": "三重县桑名市",
        "point_id": "1wxgy04",
        "point_name": "Free Fall Slider",
        "remark": ""
      },
      "type": "Feature"
    },
    {
      "geometry": {
        "coordinates": [
          136.730613,
          35.028991
        ],
        "type": "Point"
      },
      "properties": {
        "bangumi_id": 208146,
        "bangumi_title": "五等分的新娘",
        "ep_cut": 92,
        "image_url": "https://w.junreimap.com/images/points/208146/1wxklhv_1751178444740.jpg",
        "location": "三重县桑名市",
        "point_id": "1wxklhv",
        "point_name": "ジャンボ海水プール 入口",
        "remark": ""
      },
      "type": "Feature"
    },
    {
      "geometry": {
        "coordinates": [
          136.728694,
          35.027792
        ],
        "type": "Point"
      },
      "properties": {
        "bangumi_id": 208146,
        "bangumi_title": "五等分的新娘",
        "ep_cut": 92,
        "image_url": "https://w.junreimap.com/images/points/208146/1wxmmud_1751178554560.jpg",
        "location": "三重县桑名市",
        "point_id": "1wxmmud",
        "point_name": "Family Pool 南侧的道路",
        "remark": ""
      },
      "type": "Feature"
    },
    {
      "geometry": {
        "coordinates": [
          136.909795,
          35.135007
        ],
        "type": "Point"
      },
      "properties": {
        "bangumi_id": 208146,
        "bangumi_title": "五等分的新娘",
        "ep_cut": 93,
        "image_url": "https://w.junreimap.com/images/user/2090/bangumi/208146/points/p5nqx25jv-1729114507465.jpg",
        "location": "爱知县名古屋市 狮子中京大厦",
        "point_id": "p5nqx25jv",
        "point_name": "ザ・​ライオンズミッドキャピタルタワー",
        "remark": ""
      },
      "type": "Feature"
    },
    {
      "geometry": {
        "coordinates": [
          136.898575,
          34.999131
        ],
        "type": "Point"
      },
      "properties": {
        "bangumi_id": 208146,
        "bangumi_title": "五等分的新娘",
        "ep_cut": 93,
        "image_url": "https://w.junreimap.com/images/points/208146/1wxs1rw_1751178797912.jpg",
        "location": "爱知县东海市 西知多综合病院",
        "point_id": "1wxs1rw",
        "point_name": "西知多総合病院 门口",
        "remark": ""
      },
      "type": "Feature"
    },
    {
      "geometry": {
        "coordinates": [
          136.899269,
          34.999197
        ],
        "type": "Point"
      },
      "properties": {
        "bangumi_id": 208146,
        "bangumi_title": "五等分的新娘",
        "ep_cut": 93,
        "image_url": "https://w.junreimap.com/images/points/208146/25qdorz_1751710563502.jpg",
        "location": "爱知县东海市 西知多综合病院",
        "point_id": "25qdorz",
        "point_name": "西知多総合病院 病房",
        "remark": ""
      },
      "type": "Feature"
    },
    {
      "geometry": {
        "coordinates": [
          136.898892,
          34.999145
        ],
        "type": "Point"
      },
      "properties": {
        "bangumi_id": 208146,
        "bangumi_title": "五等分的新娘",
        "ep_cut": 93,
        "image_url": "https://w.junreimap.com/images/points/208146/1wxuak9_1751178901180.jpg",
        "location": "爱知县东海市 西知多综合病院",
        "point_id": "1wxuak9",
        "point_name": "西知多総合病院 大厅",
        "remark": ""
      },
      "type": "Feature"
    },
    {
      "geometry": {
        "coordinates": [
          136.898889,
          34.999159
        ],
        "type": "Point"
      },
      "properties": {
        "bangumi_id": 208146,
        "bangumi_title": "五等分的新娘",
        "ep_cut": 93,
        "image_url": "https://w.junreimap.com/images/points/208146/1wxxoaq_1751179052809.jpg",
        "location": "爱知县东海市 西知多综合病院",
        "point_id": "1wxxoaq",
        "point_name": "西知多総合病院 大厅电梯",
        "remark": ""
      },
      "type": "Feature"
    },
    {
      "geometry": {
        "coordinates": [
          136.898877,
          34.999138
        ],
        "type": "Point"
      },
      "properties": {
        "bangumi_id": 208146,
        "bangumi_title": "五等分的新娘",
        "ep_cut": 93,
        "image_url": "https://w.junreimap.com/images/points/208146/1wy0bua_1751179213257.jpg",
        "location": "爱知县东海市 西知多综合病院",
        "point_id": "1wy0bua",
        "point_name": "西知多総合病院 大厅侧面的门",
        "remark": ""
      },
      "type": "Feature"
    },
    {
      "geometry": {
        "coordinates": [
          136.888724,
          35.021601
        ],
        "type": "Point"
      },
      "properties": {
        "bangumi_id": 208146,
        "bangumi_title": "五等分的新娘",
        "ep_cut": 93,
        "image_url": "https://w.junreimap.com/images/user/2090/bangumi/208146/points/p5nt3soqn-1729114637413.jpg",
        "location": "爱知县东海市 日本​福祉​大学",
        "point_id": "p5nt3soqn",
        "point_name": "日本​福祉​大​東海​キャンパス",
        "remark": ""
      },
      "type": "Feature"
    },
    {
      "geometry": {
        "coordinates": [
          135.202789,
          34.669131
        ],
        "type": "Point"
      },
      "properties": {
        "bangumi_id": 208146,
        "bangumi_title": "五等分的新娘",
        "ep_cut": 94,
        "image_url": "https://w.junreimap.com/images/user/2090/bangumi/208146/points/p5nuzbxd8-1729114755151.jpg",
        "location": "兵库县神户市",
        "point_id": "p5nuzbxd8",
        "point_name": "Cafeteria BREATH",
        "remark": ""
      },
      "type": "Feature"
    },
    {
      "geometry": {
        "coordinates": [
          136.88885,
          35.02189
        ],
        "type": "Point"
      },
      "properties": {
        "bangumi_id": 208146,
        "bangumi_title": "五等分的新娘",
        "ep_cut": 94,
        "image_url": "https://w.junreimap.com/images/user/2090/bangumi/208146/points/p5nyuf599-1729114984519.jpg",
        "location": "爱知县东海市 日本​福祉​大学",
        "point_id": "p5nyuf599",
        "point_name": "日本​福祉​大​東海​キャンパス",
        "remark": ""
      },
      "type": "Feature"
    },
    {
      "geometry": {
        "coordinates": [
          136.888841,
          35.021875
        ],
        "type": "Point"
      },
      "properties": {
        "bangumi_id": 208146,
        "bangumi_title": "五等分的新娘",
        "ep_cut": 94,
        "image_url": "https://w.junreimap.com/images/points/208146/1wy7pdl_1751179540203.jpg",
        "location": "爱知县东海市 日本​福祉​大学",
        "point_id": "1wy7pdl",
        "point_name": "日本​福祉​大​東海​キャンパス",
        "remark": ""
      },
      "type": "Feature"
    },
    {
      "geometry": {
        "coordinates": [
          136.890591,
          35.021642
        ],
        "type": "Point"
      },
      "properties": {
        "bangumi_id": 208146,
        "bangumi_title": "五等分的新娘",
        "ep_cut": 94,
        "image_url": "https://w.junreimap.com/images/points/208146/1wy9ycj_1751179648350.jpg",
        "location": "爱知县东海市 日本​福祉​大学",
        "point_id": "1wy9ycj",
        "point_name": "ライオンズ​太田川​ステーション​レジデンス",
        "remark": "背景"
      },
      "type": "Feature"
    },
    {
      "geometry": {
        "coordinates": [
          136.888843,
          35.021878
        ],
        "type": "Point"
      },
      "properties": {
        "bangumi_id": 208146,
        "bangumi_title": "五等分的新娘",
        "ep_cut": 94,
        "image_url": "https://w.junreimap.com/images/user/2090/bangumi/208146/points/p5o0wjmeg-1729115114322.jpg",
        "location": "爱知县东海市 日本​福祉​大学",
        "point_id": "p5o0wjmeg",
        "point_name": "日本​福祉​大​東海​キャンパス",
        "remark": ""
      },
      "type": "Feature"
    },
    {
      "geometry": {
        "coordinates": [
          136.88888,
          35.021923
        ],
        "type": "Point"
      },
      "properties": {
        "bangumi_id": 208146,
        "bangumi_title": "五等分的新娘",
        "ep_cut": 94,
        "image_url": "https://w.junreimap.com/images/user/2090/bangumi/208146/points/p5o1vjwbc-1729115171232.jpg",
        "location": "爱知县东海市 日本​福祉​大学",
        "point_id": "p5o1vjwbc",
        "point_name": "日本​福祉​大​東海​キャンパス",
        "remark": ""
      },
      "type": "Feature"
    },
    {
      "geometry": {
        "coordinates": [
          136.898364,
          35.002771
        ],
        "type": "Point"
      },
      "properties": {
        "bangumi_id": 208146,
        "bangumi_title": "五等分的新娘",
        "ep_cut": 94,
        "image_url": "https://w.junreimap.com/images/user/2090/bangumi/208146/points/p5o3ka29d-1729115270202.jpg",
        "location": "爱知县东海市 汐见丘公园",
        "point_id": "p5o3ka29d",
        "point_name": "汐見が丘公園 秋千",
        "remark": ""
      },
      "type": "Feature"
    },
    {
      "geometry": {
        "coordinates": [
          136.898365,
          35.002765
        ],
        "type": "Point"
      },
      "properties": {
        "bangumi_id": 208146,
        "bangumi_title": "五等分的新娘",
        "ep_cut": 95,
        "image_url": "https://w.junreimap.com/images/user/2090/bangumi/208146/points/p5o4v46sk-1729115352822.jpg",
        "location": "爱知县东海市 汐见丘公园",
        "point_id": "p5o4v46sk",
        "point_name": "汐見が丘公園 秋千",
        "remark": ""
      },
      "type": "Feature"
    },
    {
      "geometry": {
        "coordinates": [
          137.868412,
          35.477783
        ],
        "type": "Point"
      },
      "properties": {
        "bangumi_id": 208146,
        "bangumi_title": "五等分的新娘",
        "ep_cut": 95,
        "image_url": "https://w.junreimap.com/images/user/2090/bangumi/208146/points/p5o6dyv0m-1729115444660.jpg",
        "location": "长野县饭田市",
        "point_id": "p5o6dyv0m",
        "point_name": "虎岩​交流​センター",
        "remark": ""
      },
      "type": "Feature"
    },
    {
      "geometry": {
        "coordinates": [
          136.893084,
          35.020442
        ],
        "type": "Point"
      },
      "properties": {
        "bangumi_id": 208146,
        "bangumi_title": "五等分的新娘",
        "ep_cut": 95,
        "image_url": "https://w.junreimap.com/images/user/2090/bangumi/208146/points/ntxr88f4p-1725374839495.jpg",
        "location": "爱知县东海市 太田川站",
        "point_id": "ntxr88f4p",
        "point_name": "大田交番",
        "remark": ""
      },
      "type": "Feature"
    },
    {
      "geometry": {
        "coordinates": [
          136.892816,
          35.020477
        ],
        "type": "Point"
      },
      "properties": {
        "bangumi_id": 208146,
        "bangumi_title": "五等分的新娘",
        "ep_cut": 95,
        "image_url": "https://w.junreimap.com/images/user/2090/bangumi/208146/points/ovt34fva3-1728342531713.jpg",
        "location": "爱知县东海市 太田川站",
        "point_id": "ovt34fva3",
        "point_name": "太田川站 南检票口 右边的壁画",
        "remark": ""
      },
      "type": "Feature"
    },
    {
      "geometry": {
        "coordinates": [
          136.892722,
          35.020486
        ],
        "type": "Point"
      },
      "properties": {
        "bangumi_id": 208146,
        "bangumi_title": "五等分的新娘",
        "ep_cut": 95,
        "image_url": "https://w.junreimap.com/images/user/2090/bangumi/208146/points/nu3sw0e1u-1725388279191.jpg",
        "location": "爱知县东海市 太田川站",
        "point_id": "nu3sw0e1u",
        "point_name": "太田川站 南检票口",
        "remark": ""
      },
      "type": "Feature"
    },
    {
      "geometry": {
        "coordinates": [
          136.888894,
          35.021745
        ],
        "type": "Point"
      },
      "properties": {
        "bangumi_id": 208146,
        "bangumi_title": "五等分的新娘",
        "ep_cut": 96,
        "image_url": "https://w.junreimap.com/images/user/2090/bangumi/208146/points/p5ogmovj0-1729116065585.jpg",
        "location": "爱知县东海市 日本​福祉​大学",
        "point_id": "p5ogmovj0",
        "point_name": "日本​福祉​大​東海キャンパス",
        "remark": ""
      },
      "type": "Feature"
    },
    {
      "geometry": {
        "coordinates": [
          136.888997,
          35.021861
        ],
        "type": "Point"
      },
      "properties": {
        "bangumi_id": 208146,
        "bangumi_title": "五等分的新娘",
        "ep_cut": 96,
        "image_url": "https://w.junreimap.com/images/points/208146/ntk0omsmr_1751232070000.jpg",
        "location": "爱知县东海市 日本​福祉​大学",
        "point_id": "ntk0omsmr",
        "point_name": "日本福祉大東海キャンパス 门口",
        "remark": ""
      },
      "type": "Feature"
    },
    {
      "geometry": {
        "coordinates": [
          136.888857,
          35.0219
        ],
        "type": "Point"
      },
      "properties": {
        "bangumi_id": 208146,
        "bangumi_title": "五等分的新娘",
        "ep_cut": 96,
        "image_url": "https://w.junreimap.com/images/points/208146/1wyn0uo_1751180258344.jpg",
        "location": "爱知县东海市 日本​福祉​大学",
        "point_id": "1wyn0uo",
        "point_name": "日本​福祉​大​東海​キャンパス",
        "remark": ""
      },
      "type": "Feature"
    },
    {
      "geometry": {
        "coordinates": [
          136.898365,
          35.00277
        ],
        "type": "Point"
      },
      "properties": {
        "bangumi_id": 208146,
        "bangumi_title": "五等分的新娘",
        "ep_cut": 96,
        "image_url": "https://w.junreimap.com/images/points/208146/1wyothm_1751180321734.jpg",
        "location": "爱知县东海市 汐见丘公园",
        "point_id": "1wyothm",
        "point_name": "汐見が丘公園 秋千",
        "remark": ""
      },
      "type": "Feature"
    },
    {
      "geometry": {
        "coordinates": [
          137.015268,
          35.273837
        ],
        "type": "Point"
      },
      "properties": {
        "bangumi_id": 208146,
        "bangumi_title": "五等分的新娘",
        "ep_cut": 96,
        "image_url": "https://w.junreimap.com/images/user/2090/bangumi/208146/points/npklo7utm-1725032745979.jpg",
        "location": "爱知县春日井市",
        "point_id": "npklo7utm",
        "point_name": "中部大学３号館",
        "remark": ""
      },
      "type": "Feature"
    },
    {
      "geometry": {
        "coordinates": [
          136.888885,
          35.021789
        ],
        "type": "Point"
      },
      "properties": {
        "bangumi_id": 208146,
        "bangumi_title": "五等分的新娘",
        "ep_cut": 96,
        "image_url": "https://w.junreimap.com/images/points/208146/1wyv46o_1751180620709.jpg",
        "location": "爱知县东海市 日本​福祉​大学",
        "point_id": "1wyv46o",
        "point_name": "日本福祉大東海キャンパス",
        "remark": ""
      },
      "type": "Feature"
    },
    {
      "geometry": {
        "coordinates": [
          137.015266,
          35.273796
        ],
        "type": "Point"
      },
      "properties": {
        "bangumi_id": 208146,
        "bangumi_title": "五等分的新娘",
        "ep_cut": 96,
        "image_url": "https://w.junreimap.com/images/user/2090/bangumi/208146/points/oapimq3mq-1726689072384.jpg",
        "location": "爱知县春日井市",
        "point_id": "oapimq3mq",
        "point_name": "中部大学３号館",
        "remark": ""
      },
      "type": "Feature"
    },
    {
      "geometry": {
        "coordinates": [
          136.891333,
          35.020784
        ],
        "type": "Point"
      },
      "properties": {
        "bangumi_id": 208146,
        "bangumi_title": "五等分的新娘",
        "ep_cut": 96,
        "image_url": "https://w.junreimap.com/images/points/208146/1wyxrs1_1751180747460.jpg",
        "location": "爱知县东海市 太田川站",
        "point_id": "1wyxrs1",
        "point_name": "东海市艺术剧场附近的天桥",
        "remark": ""
      },
      "type": "Feature"
    },
    {
      "geometry": {
        "coordinates": [
          137.011202,
          35.274046
        ],
        "type": "Point"
      },
      "properties": {
        "bangumi_id": 208146,
        "bangumi_title": "五等分的新娘",
        "ep_cut": 97,
        "image_url": "https://w.junreimap.com/images/points/208146/1wz9ist_1751181331783.jpg",
        "location": "爱知县春日井市",
        "point_id": "1wz9ist",
        "point_name": "中部大学春日井キャンパスメイングラウンド",
        "remark": ""
      },
      "type": "Feature"
    },
    {
      "geometry": {
        "coordinates": [
          136.888859,
          35.021903
        ],
        "type": "Point"
      },
      "properties": {
        "bangumi_id": 208146,
        "bangumi_title": "五等分的新娘",
        "ep_cut": 97,
        "image_url": "https://w.junreimap.com/images/points/208146/1wzsrh9_1751182185790.jpg",
        "location": "爱知县东海市 日本​福祉​大学",
        "point_id": "1wzsrh9",
        "point_name": "日本​福祉​大​東海​キャンパス",
        "remark": ""
      },
      "type": "Feature"
    },
    {
      "geometry": {
        "coordinates": [
          136.888674,
          35.021394
        ],
        "type": "Point"
      },
      "properties": {
        "bangumi_id": 208146,
        "bangumi_title": "五等分的新娘",
        "ep_cut": 97,
        "image_url": "https://w.junreimap.com/images/points/208146/1wzunvp_1751182293023.jpg",
        "location": "爱知县东海市 日本​福祉​大学",
        "point_id": "1wzunvp",
        "point_name": "日本​福祉​大​東海​キャンパス",
        "remark": ""
      },
      "type": "Feature"
    },
    {
      "geometry": {
        "coordinates": [
          136.88847,
          35.021432
        ],
        "type": "Point"
      },
      "properties": {
        "bangumi_id": 208146,
        "bangumi_title": "五等分的新娘",
        "ep_cut": 97,
        "image_url": "https://w.junreimap.com/images/points/208146/1wzy032_1751182427364.jpg",
        "location": "爱知县东海市 日本​福祉​大学",
        "point_id": "1wzy032",
        "point_name": "日本​福祉​大​東海​キャンパス",
        "remark": ""
      },
      "type": "Feature"
    },
    {
      "geometry": {
        "coordinates": [
          136.909822,
          35.134928
        ],
        "type": "Point"
      },
      "properties": {
        "bangumi_id": 208146,
        "bangumi_title": "五等分的新娘",
        "ep_cut": 97,
        "image_url": "https://w.junreimap.com/images/user/2090/bangumi/208146/points/p5oqhhswm-1729116658314.jpg",
        "location": "爱知县名古屋市 狮子中京大厦",
        "point_id": "p5oqhhswm",
        "point_name": "ザ・​ライオンズミッドキャピタルタワー",
        "remark": ""
      },
      "type": "Feature"
    },
    {
      "geometry": {
        "coordinates": [
          137.011203,
          35.274046
        ],
        "type": "Point"
      },
      "properties": {
        "bangumi_id": 208146,
        "bangumi_title": "五等分的新娘",
        "ep_cut": 98,
        "image_url": "https://w.junreimap.com/images/points/208146/1x1tpct_1751185590389.jpg",
        "location": "爱知县春日井市",
        "point_id": "1x1tpct",
        "point_name": "中部大学春日井キャンパスメイングラウンド",
        "remark": ""
      },
      "type": "Feature"
    },
    {
      "geometry": {
        "coordinates": [
          136.878175,
          35.090939
        ],
        "type": "Point"
      },
      "properties": {
        "bangumi_id": 208146,
        "bangumi_title": "五等分的新娘",
        "ep_cut": 98,
        "image_url": "https://w.junreimap.com/images/user/2090/bangumi/208146/points/nxpqrf9wl-1725670953171.jpg",
        "location": "爱知县名古屋市 名古屋港水族馆",
        "point_id": "nxpqrf9wl",
        "point_name": "名古屋港水族館 南馆2楼 黑潮大水槽",
        "remark": ""
      },
      "type": "Feature"
    },
    {
      "geometry": {
        "coordinates": [
          136.878293,
          35.090326
        ],
        "type": "Point"
      },
      "properties": {
        "bangumi_id": 208146,
        "bangumi_title": "五等分的新娘",
        "ep_cut": 98,
        "image_url": "https://w.junreimap.com/images/user/2090/bangumi/208146/points/oas62v34q-1726694884514.jpg",
        "location": "爱知县名古屋市 名古屋港水族馆",
        "point_id": "oas62v34q",
        "point_name": "名古屋港水族館 南馆1楼 チンアナゴ",
        "remark": ""
      },
      "type": "Feature"
    },
    {
      "geometry": {
        "coordinates": [
          136.878172,
          35.091848
        ],
        "type": "Point"
      },
      "properties": {
        "bangumi_id": 208146,
        "bangumi_title": "五等分的新娘",
        "ep_cut": 98,
        "image_url": "https://w.junreimap.com/images/user/2090/bangumi/208146/points/oas7zeiyt-1726694996171.jpg",
        "location": "爱知县名古屋市 名古屋港水族馆",
        "point_id": "oas7zeiyt",
        "point_name": "名古屋港水族館 北馆3楼 シャチ",
        "remark": ""
      },
      "type": "Feature"
    },
    {
      "geometry": {
        "coordinates": [
          136.878144,
          35.090341
        ],
        "type": "Point"
      },
      "properties": {
        "bangumi_id": 208146,
        "bangumi_title": "五等分的新娘",
        "ep_cut": 98,
        "image_url": "https://w.junreimap.com/images/user/2090/bangumi/208146/points/oas42n2on-1726694793276.jpg",
        "location": "爱知县名古屋市 名古屋港水族馆",
        "point_id": "oas42n2on",
        "point_name": "名古屋港水族館 南馆1楼 小さい魚",
        "remark": ""
      },
      "type": "Feature"
    },
    {
      "geometry": {
        "coordinates": [
          136.87804,
          35.090738
        ],
        "type": "Point"
      },
      "properties": {
        "bangumi_id": 208146,
        "bangumi_title": "五等分的新娘",
        "ep_cut": 98,
        "image_url": "https://w.junreimap.com/images/points/208146/1x1y5fp_1751185801677.jpg",
        "location": "爱知县名古屋市 名古屋港水族馆",
        "point_id": "1x1y5fp",
        "point_name": "名古屋港水族館 南馆3楼 南极的海",
        "remark": ""
      },
      "type": "Feature"
    },
    {
      "geometry": {
        "coordinates": [
          136.892027,
          35.019461
        ],
        "type": "Point"
      },
      "properties": {
        "bangumi_id": 208146,
        "bangumi_title": "五等分的新娘",
        "ep_cut": 98,
        "image_url": "https://w.junreimap.com/images/user/2090/bangumi/208146/points/nua2450d5-1725401592846.jpg",
        "location": "爱知县东海市 太田川站",
        "point_id": "nua2450d5",
        "point_name": "ヘヴンズドア 斜对面的铁路桥下方",
        "remark": ""
      },
      "type": "Feature"
    },
    {
      "geometry": {
        "coordinates": [
          136.889335,
          35.021704
        ],
        "type": "Point"
      },
      "properties": {
        "bangumi_id": 208146,
        "bangumi_title": "五等分的新娘",
        "ep_cut": 98,
        "image_url": "https://w.junreimap.com/images/points/208146/1x214to_1751185936834.jpg",
        "location": "爱知县东海市 日本​福祉​大学",
        "point_id": "1x214to",
        "point_name": "日本​福祉​大​東海​キャンパス 门口前方",
        "remark": ""
      },
      "type": "Feature"
    },
    {
      "geometry": {
        "coordinates": [
          136.889337,
          35.021703
        ],
        "type": "Point"
      },
      "properties": {
        "bangumi_id": 208146,
        "bangumi_title": "五等分的新娘",
        "ep_cut": 99,
        "image_url": "https://w.junreimap.com/images/points/208146/1xtezbk_1751231930196.jpg",
        "location": "爱知县东海市 日本​福祉​大学",
        "point_id": "1xtezbk",
        "point_name": "日本​福祉​大​東海​キャンパス 门口前方",
        "remark": ""
      },
      "type": "Feature"
    },
    {
      "geometry": {
        "coordinates": [
          137.014298,
          35.274006
        ],
        "type": "Point"
      },
      "properties": {
        "bangumi_id": 208146,
        "bangumi_title": "五等分的新娘",
        "ep_cut": 99,
        "image_url": "https://w.junreimap.com/images/points/208146/npltc78yk_1751231970983.jpg",
        "location": "爱知县春日井市",
        "point_id": "npltc78yk",
        "point_name": "中部大学不言実行館前通路",
        "remark": ""
      },
      "type": "Feature"
    },
    {
      "geometry": {
        "coordinates": [
          136.888471,
          35.021433
        ],
        "type": "Point"
      },
      "properties": {
        "bangumi_id": 208146,
        "bangumi_title": "五等分的新娘",
        "ep_cut": 99,
        "image_url": "https://w.junreimap.com/images/points/208146/1xtka9b_1751232187152.jpg",
        "location": "爱知县东海市 日本​福祉​大学",
        "point_id": "1xtka9b",
        "point_name": "日本​福祉​大​東海​キャンパス 体育馆",
        "remark": ""
      },
      "type": "Feature"
    },
    {
      "geometry": {
        "coordinates": [
          136.888555,
          35.021565
        ],
        "type": "Point"
      },
      "properties": {
        "bangumi_id": 208146,
        "bangumi_title": "五等分的新娘",
        "ep_cut": 99,
        "image_url": "https://w.junreimap.com/images/points/208146/1xtsf8u_1751232556048.jpg",
        "location": "爱知县东海市 日本​福祉​大学",
        "point_id": "1xtsf8u",
        "point_name": "日本​福祉​大​東海​キャンパス 体育馆",
        "remark": ""
      },
      "type": "Feature"
    },
    {
      "geometry": {
        "coordinates": [
          136.88876,
          35.021604
        ],
        "type": "Point"
      },
      "properties": {
        "bangumi_id": 208146,
        "bangumi_title": "五等分的新娘",
        "ep_cut": 99,
        "image_url": "https://w.junreimap.com/images/points/208146/1xw3p1a_1751236452406.jpg",
        "location": "爱知县东海市 日本​福祉​大学",
        "point_id": "1xw3p1a",
        "point_name": "日本​福祉​大​東海​キャンパス 左侧入口",
        "remark": ""
      },
      "type": "Feature"
    },
    {
      "geometry": {
        "coordinates": [
          135.202789,
          34.669136
        ],
        "type": "Point"
      },
      "properties": {
        "bangumi_id": 208146,
        "bangumi_title": "五等分的新娘",
        "ep_cut": 99,
        "image_url": "https://w.junreimap.com/images/points/208146/1xu0cr1_1751232927957.jpg",
        "location": "兵库县神户市",
        "point_id": "1xu0cr1",
        "point_name": "Cafeteria BREATH",
        "remark": ""
      },
      "type": "Feature"
    },
    {
      "geometry": {
        "coordinates": [
          137.013865,
          35.275558
        ],
        "type": "Point"
      },
      "properties": {
        "bangumi_id": 208146,
        "bangumi_title": "五等分的新娘",
        "ep_cut": 99,
        "image_url": "https://w.junreimap.com/images/user/2090/bangumi/208146/points/oapsvcwk5-1726689694268.jpg",
        "location": "爱知县春日井市",
        "point_id": "oapsvcwk5",
        "point_name": "中部大学25号館",
        "remark": ""
      },
      "type": "Feature"
    },
    {
      "geometry": {
        "coordinates": [
          135.202787,
          34.669136
        ],
        "type": "Point"
      },
      "properties": {
        "bangumi_id": 208146,
        "bangumi_title": "五等分的新娘",
        "ep_cut": 99,
        "image_url": "https://w.junreimap.com/images/user/2090/bangumi/208146/points/p5p0k1mdr-1729117271027.jpg",
        "location": "兵库县神户市",
        "point_id": "p5p0k1mdr",
        "point_name": "Cafeteria BREATH",
        "remark": ""
      },
      "type": "Feature"
    },
    {
      "geometry": {
        "coordinates": [
          136.889203,
          35.021762
        ],
        "type": "Point"
      },
      "properties": {
        "bangumi_id": 208146,
        "bangumi_title": "五等分的新娘",
        "ep_cut": 100,
        "image_url": "https://w.junreimap.com/images/user/2090/bangumi/208146/points/oapvz9dpn-1726689964118.jpg",
        "location": "爱知县东海市 日本​福祉​大学",
        "point_id": "oapvz9dpn",
        "point_name": "日本福祉大東海キャンパス 门口前方",
        "remark": ""
      },
      "type": "Feature"
    },
    {
      "geometry": {
        "coordinates": [
          136.888842,
          35.021684
        ],
        "type": "Point"
      },
      "properties": {
        "bangumi_id": 208146,
        "bangumi_title": "五等分的新娘",
        "ep_cut": 100,
        "image_url": "https://w.junreimap.com/images/points/208146/1xuboti_1751233459906.jpg",
        "location": "爱知县东海市 日本​福祉​大学",
        "point_id": "1xuboti",
        "point_name": "日本福祉大東海キャンパス 前",
        "remark": ""
      },
      "type": "Feature"
    },
    {
      "geometry": {
        "coordinates": [
          137.014966,
          35.274926
        ],
        "type": "Point"
      },
      "properties": {
        "bangumi_id": 208146,
        "bangumi_title": "五等分的新娘",
        "ep_cut": 100,
        "image_url": "https://w.junreimap.com/images/user/2090/bangumi/208146/points/nppgrwyla-1725043366089.jpg",
        "location": "爱知县春日井市",
        "point_id": "nppgrwyla",
        "point_name": "中部大学18号馆门口的楼梯",
        "remark": ""
      },
      "type": "Feature"
    },
    {
      "geometry": {
        "coordinates": [
          136.889339,
          35.021702
        ],
        "type": "Point"
      },
      "properties": {
        "bangumi_id": 208146,
        "bangumi_title": "五等分的新娘",
        "ep_cut": 100,
        "image_url": "https://w.junreimap.com/images/points/208146/1xuex7g_1751233609377.jpg",
        "location": "爱知县东海市 日本​福祉​大学",
        "point_id": "1xuex7g",
        "point_name": "日本​福祉​大​東海​キャンパス 门口前方",
        "remark": ""
      },
      "type": "Feature"
    },
    {
      "geometry": {
        "coordinates": [
          136.888723,
          35.021576
        ],
        "type": "Point"
      },
      "properties": {
        "bangumi_id": 208146,
        "bangumi_title": "五等分的新娘",
        "ep_cut": 100,
        "image_url": "https://w.junreimap.com/images/points/208146/1xvuni0_1751236032483.jpg",
        "location": "爱知县东海市 日本​福祉​大学",
        "point_id": "1xvuni0",
        "point_name": "日本​福祉​大​東海​キャンパス 左侧入口",
        "remark": ""
      },
      "type": "Feature"
    },
    {
      "geometry": {
        "coordinates": [
          136.88872,
          35.021577
        ],
        "type": "Point"
      },
      "properties": {
        "bangumi_id": 208146,
        "bangumi_title": "五等分的新娘",
        "ep_cut": 100,
        "image_url": "https://w.junreimap.com/images/points/208146/1xvvxw7_1751236079138.jpg",
        "location": "爱知县东海市 日本​福祉​大学",
        "point_id": "1xvvxw7",
        "point_name": "日本​福祉​大​東海​キャンパス 左侧入口",
        "remark": ""
      },
      "type": "Feature"
    },
    {
      "geometry": {
        "coordinates": [
          136.888721,
          35.021574
        ],
        "type": "Point"
      },
      "properties": {
        "bangumi_id": 208146,
        "bangumi_title": "五等分的新娘",
        "ep_cut": 100,
        "image_url": "https://w.junreimap.com/images/points/208146/1xvx1ef_1751236131145.jpg",
        "location": "爱知县东海市 日本​福祉​大学",
        "point_id": "1xvx1ef",
        "point_name": "日本​福祉​大​東海​キャンパス 左侧入口",
        "remark": ""
      },
      "type": "Feature"
    },
    {
      "geometry": {
        "coordinates": [
          136.889087,
          35.022128
        ],
        "type": "Point"
      },
      "properties": {
        "bangumi_id": 208146,
        "bangumi_title": "五等分的新娘",
        "ep_cut": 100,
        "image_url": "https://w.junreimap.com/images/user/2090/bangumi/208146/points/p5p8lntxb-1729117759315.jpg",
        "location": "爱知县东海市 日本​福祉​大学",
        "point_id": "p5p8lntxb",
        "point_name": "日本​福祉​大​東海​キャンパス",
        "remark": ""
      },
      "type": "Feature"
    },
    {
      "geometry": {
        "coordinates": [
          136.889078,
          35.021961
        ],
        "type": "Point"
      },
      "properties": {
        "bangumi_id": 208146,
        "bangumi_title": "五等分的新娘",
        "ep_cut": 100,
        "image_url": "https://w.junreimap.com/images/user/2090/bangumi/208146/points/oatx39bfw-1726698651225.jpg",
        "location": "爱知县东海市 日本​福祉​大学",
        "point_id": "oatx39bfw",
        "point_name": "日本​福祉​大​東海​キャンパス",
        "remark": ""
      },
      "type": "Feature"
    },
    {
      "geometry": {
        "coordinates": [
          136.888828,
          35.021752
        ],
        "type": "Point"
      },
      "properties": {
        "bangumi_id": 208146,
        "bangumi_title": "五等分的新娘",
        "ep_cut": 101,
        "image_url": "https://w.junreimap.com/images/user/2090/bangumi/208146/points/p5pbcsjri-1729117926233.jpg",
        "location": "爱知县东海市 日本​福祉​大学",
        "point_id": "p5pbcsjri",
        "point_name": "日本福祉大東海キャンパス",
        "remark": ""
      },
      "type": "Feature"
    },
    {
      "geometry": {
        "coordinates": [
          136.889343,
          35.0217
        ],
        "type": "Point"
      },
      "properties": {
        "bangumi_id": 208146,
        "bangumi_title": "五等分的新娘",
        "ep_cut": 101,
        "image_url": "https://w.junreimap.com/images/user/2090/bangumi/208146/points/p5phm6o2u-1729118299899.jpg",
        "location": "爱知县东海市 日本​福祉​大学",
        "point_id": "p5phm6o2u",
        "point_name": "日本​福祉​大​東海​キャンパス 门口前方",
        "remark": ""
      },
      "type": "Feature"
    },
    {
      "geometry": {
        "coordinates": [
          137.013806,
          35.275504
        ],
        "type": "Point"
      },
      "properties": {
        "bangumi_id": 208146,
        "bangumi_title": "五等分的新娘",
        "ep_cut": 101,
        "image_url": "https://w.junreimap.com/images/user/2090/bangumi/208146/points/ovg3gabro-1728314273058.jpg",
        "location": "爱知县春日井市",
        "point_id": "ovg3gabro",
        "point_name": "中部大学25号館",
        "remark": "画面左边可以看见喷泉"
      },
      "type": "Feature"
    },
    {
      "geometry": {
        "coordinates": [
          136.889341,
          35.021701
        ],
        "type": "Point"
      },
      "properties": {
        "bangumi_id": 208146,
        "bangumi_title": "五等分的新娘",
        "ep_cut": 101,
        "image_url": "https://w.junreimap.com/images/points/208146/1xup6ql_1751234099039.jpg",
        "location": "爱知县东海市 日本​福祉​大学",
        "point_id": "1xup6ql",
        "point_name": "日本​福祉​大​東海​キャンパス 门口前方",
        "remark": ""
      },
      "type": "Feature"
    },
    {
      "geometry": {
        "coordinates": [
          137.014217,
          35.273492
        ],
        "type": "Point"
      },
      "properties": {
        "bangumi_id": 208146,
        "bangumi_title": "五等分的新娘",
        "ep_cut": 101,
        "image_url": "https://w.junreimap.com/images/user/2090/bangumi/208146/points/nppar0mkw-1725042981884.jpg",
        "location": "爱知县春日井市",
        "point_id": "nppar0mkw",
        "point_name": "中部大学9号馆门口",
        "remark": ""
      },
      "type": "Feature"
    },
    {
      "geometry": {
        "coordinates": [
          137.014113,
          35.273225
        ],
        "type": "Point"
      },
      "properties": {
        "bangumi_id": 208146,
        "bangumi_title": "五等分的新娘",
        "ep_cut": 101,
        "image_url": "https://w.junreimap.com/images/user/2090/bangumi/208146/points/ovg6oa1oe-1728314435035.jpg",
        "location": "爱知县春日井市",
        "point_id": "ovg6oa1oe",
        "point_name": "中部大学9号馆前的道路",
        "remark": ""
      },
      "type": "Feature"
    },
    {
      "geometry": {
        "coordinates": [
          134.155735,
          34.625696
        ],
        "type": "Point"
      },
      "properties": {
        "bangumi_id": 208146,
        "bangumi_title": "五等分的新娘",
        "ep_cut": 101,
        "image_url": "https://w.junreimap.com/images/user/2090/bangumi/208146/points/p5pjhm2xj-1729118412474.jpg",
        "location": "冈山县濑户内市",
        "point_id": "p5pjhm2xj",
        "point_name": "牛窓オリーブ園幸福の鐘",
        "remark": ""
      },
      "type": "Feature"
    },
    {
      "geometry": {
        "coordinates": [
          137.014113,
          35.273227
        ],
        "type": "Point"
      },
      "properties": {
        "bangumi_id": 208146,
        "bangumi_title": "五等分的新娘",
        "ep_cut": 101,
        "image_url": "https://w.junreimap.com/images/points/208146/1xurwdn_1751234213582.jpg",
        "location": "爱知县春日井市",
        "point_id": "1xurwdn",
        "point_name": "中部大学9号馆前的道路",
        "remark": ""
      },
      "type": "Feature"
    },
    {
      "geometry": {
        "coordinates": [
          136.888617,
          35.021333
        ],
        "type": "Point"
      },
      "properties": {
        "bangumi_id": 208146,
        "bangumi_title": "五等分的新娘",
        "ep_cut": 101,
        "image_url": "https://w.junreimap.com/images/user/2090/bangumi/208146/points/ntlma8pp0-1725348470318.jpg",
        "location": "爱知县东海市 日本​福祉​大学",
        "point_id": "ntlma8pp0",
        "point_name": "日本福祉大東海キャンパス  前",
        "remark": ""
      },
      "type": "Feature"
    },
    {
      "geometry": {
        "coordinates": [
          136.888553,
          35.021357
        ],
        "type": "Point"
      },
      "properties": {
        "bangumi_id": 208146,
        "bangumi_title": "五等分的新娘",
        "ep_cut": 101,
        "image_url": "https://w.junreimap.com/images/user/2090/bangumi/208146/points/p5pmazo90-1729118585634.jpg",
        "location": "爱知县东海市 日本​福祉​大学",
        "point_id": "p5pmazo90",
        "point_name": "日本福祉大学 東海キャンパス",
        "remark": ""
      },
      "type": "Feature"
    },
    {
      "geometry": {
        "coordinates": [
          137.014261,
          35.273041
        ],
        "type": "Point"
      },
      "properties": {
        "bangumi_id": 208146,
        "bangumi_title": "五等分的新娘",
        "ep_cut": 101,
        "image_url": "https://w.junreimap.com/images/points/208146/1ya1umh_1751259940111.jpg",
        "location": "爱知县春日井市",
        "point_id": "1ya1umh",
        "point_name": "中部大学9号馆前的钟",
        "remark": "左边的钟取景自这里"
      },
      "type": "Feature"
    },
    {
      "geometry": {
        "coordinates": [
          136.889371,
          35.021691
        ],
        "type": "Point"
      },
      "properties": {
        "bangumi_id": 208146,
        "bangumi_title": "五等分的新娘",
        "ep_cut": 101,
        "image_url": "https://w.junreimap.com/images/user/2090/bangumi/208146/points/ntmhub1uk-1725350377755.jpg",
        "location": "爱知县东海市 日本​福祉​大学",
        "point_id": "ntmhub1uk",
        "point_name": "日本​福祉​大​東海​キャンパス 前方",
        "remark": ""
      },
      "type": "Feature"
    },
    {
      "geometry": {
        "coordinates": [
          136.898811,
          34.99886
        ],
        "type": "Point"
      },
      "properties": {
        "bangumi_id": 208146,
        "bangumi_title": "五等分的新娘",
        "ep_cut": 102,
        "image_url": "https://w.junreimap.com/images/points/208146/1xuwxt8_1751234498284.jpg",
        "location": "爱知县东海市 西知多综合病院",
        "point_id": "1xuwxt8",
        "point_name": "西知多総合病院",
        "remark": ""
      },
      "type": "Feature"
    },
    {
      "geometry": {
        "coordinates": [
          136.899273,
          34.999197
        ],
        "type": "Point"
      },
      "properties": {
        "bangumi_id": 208146,
        "bangumi_title": "五等分的新娘",
        "ep_cut": 102,
        "image_url": "https://w.junreimap.com/images/points/208146/25qmqqn_1751710984255.jpg",
        "location": "爱知县东海市 西知多综合病院",
        "point_id": "25qmqqn",
        "point_name": "西知多総合病院 病房",
        "remark": ""
      },
      "type": "Feature"
    },
    {
      "geometry": {
        "coordinates": [
          136.893078,
          35.020443
        ],
        "type": "Point"
      },
      "properties": {
        "bangumi_id": 208146,
        "bangumi_title": "五等分的新娘",
        "ep_cut": 102,
        "image_url": "https://w.junreimap.com/images/user/2090/bangumi/208146/points/ntyx0jnit-1725377355833.jpg",
        "location": "爱知县东海市 太田川站",
        "point_id": "ntyx0jnit",
        "point_name": "大田交番",
        "remark": ""
      },
      "type": "Feature"
    },
    {
      "geometry": {
        "coordinates": [
          136.889345,
          35.021699
        ],
        "type": "Point"
      },
      "properties": {
        "bangumi_id": 208146,
        "bangumi_title": "五等分的新娘",
        "ep_cut": 103,
        "image_url": "https://w.junreimap.com/images/points/208146/1xvc4vc_1751235165372.jpg",
        "location": "爱知县东海市 日本​福祉​大学",
        "point_id": "1xvc4vc",
        "point_name": "日本​福祉​大​東海​キャンパス 门口前方",
        "remark": ""
      },
      "type": "Feature"
    },
    {
      "geometry": {
        "coordinates": [
          136.889002,
          35.021859
        ],
        "type": "Point"
      },
      "properties": {
        "bangumi_id": 208146,
        "bangumi_title": "五等分的新娘",
        "ep_cut": 104,
        "image_url": "https://w.junreimap.com/images/points/208146/1xvgtk2_1751235384567.jpg",
        "location": "爱知县东海市 日本​福祉​大学",
        "point_id": "1xvgtk2",
        "point_name": "日本​福祉​大​東海​キャンパス 门口",
        "remark": ""
      },
      "type": "Feature"
    },
    {
      "geometry": {
        "coordinates": [
          136.898818,
          34.998848
        ],
        "type": "Point"
      },
      "properties": {
        "bangumi_id": 208146,
        "bangumi_title": "五等分的新娘",
        "ep_cut": 104,
        "image_url": "https://w.junreimap.com/images/user/2090/bangumi/208146/points/p5q1ofih8-1729119511502.jpg",
        "location": "爱知县东海市 西知多综合病院",
        "point_id": "p5q1ofih8",
        "point_name": "西知多総合病院",
        "remark": ""
      },
      "type": "Feature"
    },
    {
      "geometry": {
        "coordinates": [
          136.899265,
          34.999185
        ],
        "type": "Point"
      },
      "properties": {
        "bangumi_id": 208146,
        "bangumi_title": "五等分的新娘",
        "ep_cut": 104,
        "image_url": "https://w.junreimap.com/images/points/208146/25qojvy_1751711068158.jpg",
        "location": "爱知县东海市 西知多综合病院",
        "point_id": "25qojvy",
        "point_name": "西知多総合病院 病房",
        "remark": ""
      },
      "type": "Feature"
    },
    {
      "geometry": {
        "coordinates": [
          136.89927,
          34.999185
        ],
        "type": "Point"
      },
      "properties": {
        "bangumi_id": 208146,
        "bangumi_title": "五等分的新娘",
        "ep_cut": 104,
        "image_url": "https://w.junreimap.com/images/points/208146/25qpfef_1751711109387.jpg",
        "location": "爱知县东海市 西知多综合病院",
        "point_id": "25qpfef",
        "point_name": "西知多総合病院 走廊",
        "remark": ""
      },
      "type": "Feature"
    },
    {
      "geometry": {
        "coordinates": [
          136.899276,
          34.999185
        ],
        "type": "Point"
      },
      "properties": {
        "bangumi_id": 208146,
        "bangumi_title": "五等分的新娘",
        "ep_cut": 104,
        "image_url": "https://w.junreimap.com/images/points/208146/25qqn4e_1751711164754.jpg",
        "location": "爱知县东海市 西知多综合病院",
        "point_id": "25qqn4e",
        "point_name": "西知多総合病院 病房",
        "remark": ""
      },
      "type": "Feature"
    },
    {
      "geometry": {
        "coordinates": [
          136.899265,
          34.999183
        ],
        "type": "Point"
      },
      "properties": {
        "bangumi_id": 208146,
        "bangumi_title": "五等分的新娘",
        "ep_cut": 104,
        "image_url": "https://w.junreimap.com/images/points/208146/25qsicw_1751711251808.jpg",
        "location": "爱知县东海市 西知多综合病院",
        "point_id": "25qsicw",
        "point_name": "西知多総合病院 走廊",
        "remark": ""
      },
      "type": "Feature"
    },
    {
      "geometry": {
        "coordinates": [
          136.888758,
          35.021605
        ],
        "type": "Point"
      },
      "properties": {
        "bangumi_id": 208146,
        "bangumi_title": "五等分的新娘",
        "ep_cut": 105,
        "image_url": "https://w.junreimap.com/images/points/208146/1xwa96t_1751236810415.jpg",
        "location": "爱知县东海市 日本​福祉​大学",
        "point_id": "1xwa96t",
        "point_name": "日本​福祉​大​東海​キャンパス 左侧入口",
        "remark": ""
      },
      "type": "Feature"
    },
    {
      "geometry": {
        "coordinates": [
          137.014261,
          35.27304
        ],
        "type": "Point"
      },
      "properties": {
        "bangumi_id": 208146,
        "bangumi_title": "五等分的新娘",
        "ep_cut": 105,
        "image_url": "https://w.junreimap.com/images/points/208146/1xwendx_1751236953468.jpg",
        "location": "爱知县春日井市",
        "point_id": "1xwendx",
        "point_name": "中部大学9号馆前的钟",
        "remark": ""
      },
      "type": "Feature"
    },
    {
      "geometry": {
        "coordinates": [
          136.88876,
          35.021607
        ],
        "type": "Point"
      },
      "properties": {
        "bangumi_id": 208146,
        "bangumi_title": "五等分的新娘",
        "ep_cut": 105,
        "image_url": "https://w.junreimap.com/images/points/208146/1xwfvi5_1751237011038.jpg",
        "location": "爱知县东海市 日本​福祉​大学",
        "point_id": "1xwfvi5",
        "point_name": "日本​福祉​大​東海​キャンパス 左侧入口",
        "remark": ""
      },
      "type": "Feature"
    },
    {
      "geometry": {
        "coordinates": [
          136.888561,
          35.021573
        ],
        "type": "Point"
      },
      "properties": {
        "bangumi_id": 208146,
        "bangumi_title": "五等分的新娘",
        "ep_cut": 106,
        "image_url": "https://w.junreimap.com/images/points/208146/1y8kczs_1751257385827.jpg",
        "location": "爱知县东海市 日本​福祉​大学",
        "point_id": "1y8kczs",
        "point_name": "日本​福祉​大​東海​キャンパス 体育馆",
        "remark": ""
      },
      "type": "Feature"
    },
    {
      "geometry": {
        "coordinates": [
          136.88847,
          35.021434
        ],
        "type": "Point"
      },
      "properties": {
        "bangumi_id": 208146,
        "bangumi_title": "五等分的新娘",
        "ep_cut": 106,
        "image_url": "https://w.junreimap.com/images/points/208146/1y8lxu7_1751257454650.jpg",
        "location": "爱知县东海市 日本​福祉​大学",
        "point_id": "1y8lxu7",
        "point_name": "日本​福祉​大​東海​キャンパス 体育馆",
        "remark": ""
      },
      "type": "Feature"
    },
    {
      "geometry": {
        "coordinates": [
          136.88886,
          35.021903
        ],
        "type": "Point"
      },
      "properties": {
        "bangumi_id": 208146,
        "bangumi_title": "五等分的新娘",
        "ep_cut": 106,
        "image_url": "https://w.junreimap.com/images/points/208146/1y8sfl3_1751257762432.jpg",
        "location": "爱知县东海市 日本​福祉​大学",
        "point_id": "1y8sfl3",
        "point_name": "日本​福祉​大​東海​キャンパス",
        "remark": ""
      },
      "type": "Feature"
    },
    {
      "geometry": {
        "coordinates": [
          136.888758,
          35.021607
        ],
        "type": "Point"
      },
      "properties": {
        "bangumi_id": 208146,
        "bangumi_title": "五等分的新娘",
        "ep_cut": 106,
        "image_url": "https://w.junreimap.com/images/points/208146/1y8v0im_1751257872503.jpg",
        "location": "爱知县东海市 日本​福祉​大学",
        "point_id": "1y8v0im",
        "point_name": "日本​福祉​大​東海​キャンパス 左侧入口",
        "remark": ""
      },
      "type": "Feature"
    },
    {
      "geometry": {
        "coordinates": [
          136.888747,
          35.021577
        ],
        "type": "Point"
      },
      "properties": {
        "bangumi_id": 208146,
        "bangumi_title": "五等分的新娘",
        "ep_cut": 106,
        "image_url": "https://w.junreimap.com/images/user/2090/bangumi/208146/points/p5qrftupc-1729121071440.jpg",
        "location": "爱知县东海市 日本​福祉​大学",
        "point_id": "p5qrftupc",
        "point_name": "日本​福祉​大​東海​キャンパス 左侧入口",
        "remark": ""
      },
      "type": "Feature"
    },
    {
      "geometry": {
        "coordinates": [
          136.889001,
          35.022126
        ],
        "type": "Point"
      },
      "properties": {
        "bangumi_id": 208146,
        "bangumi_title": "五等分的新娘",
        "ep_cut": 106,
        "image_url": "https://w.junreimap.com/images/points/208146/1y8wzfr_1751257972085.jpg",
        "location": "爱知县东海市 日本​福祉​大学",
        "point_id": "1y8wzfr",
        "point_name": "日本福祉大東海キャンパス 天台",
        "remark": ""
      },
      "type": "Feature"
    },
    {
      "geometry": {
        "coordinates": [
          136.888756,
          35.021606
        ],
        "type": "Point"
      },
      "properties": {
        "bangumi_id": 208146,
        "bangumi_title": "五等分的新娘",
        "ep_cut": 106,
        "image_url": "https://w.junreimap.com/images/points/208146/1y8yqg5_1751258046512.jpg",
        "location": "爱知县东海市 日本​福祉​大学",
        "point_id": "1y8yqg5",
        "point_name": "日本​福祉​大​東海​キャンパス 左侧入口",
        "remark": ""
      },
      "type": "Feature"
    },
    {
      "geometry": {
        "coordinates": [
          136.888983,
          35.021966
        ],
        "type": "Point"
      },
      "properties": {
        "bangumi_id": 208146,
        "bangumi_title": "五等分的新娘",
        "ep_cut": 106,
        "image_url": "https://w.junreimap.com/images/user/2090/bangumi/208146/points/p5qu0yjsa-1729121231461.jpg",
        "location": "爱知县东海市 日本​福祉​大学",
        "point_id": "p5qu0yjsa",
        "point_name": "日本福祉大学 東海キャンパス",
        "remark": ""
      },
      "type": "Feature"
    },
    {
      "geometry": {
        "coordinates": [
          136.888984,
          35.021961
        ],
        "type": "Point"
      },
      "properties": {
        "bangumi_id": 208146,
        "bangumi_title": "五等分的新娘",
        "ep_cut": 106,
        "image_url": "https://w.junreimap.com/images/user/2090/bangumi/208146/points/p5qvja6mn-1729121318996.jpg",
        "location": "爱知县东海市 日本​福祉​大学",
        "point_id": "p5qvja6mn",
        "point_name": "日本福祉大東海キャンパス",
        "remark": ""
      },
      "type": "Feature"
    },
    {
      "geometry": {
        "coordinates": [
          136.889001,
          35.021956
        ],
        "type": "Point"
      },
      "properties": {
        "bangumi_id": 208146,
        "bangumi_title": "五等分的新娘",
        "ep_cut": 107,
        "image_url": "https://w.junreimap.com/images/points/208146/1y95eym_1751258359730.jpg",
        "location": "爱知县东海市 日本​福祉​大学",
        "point_id": "1y95eym",
        "point_name": "日本福祉大東海キャンパス",
        "remark": ""
      },
      "type": "Feature"
    },
    {
      "geometry": {
        "coordinates": [
          136.888757,
          35.021607
        ],
        "type": "Point"
      },
      "properties": {
        "bangumi_id": 208146,
        "bangumi_title": "五等分的新娘",
        "ep_cut": 107,
        "image_url": "https://w.junreimap.com/images/points/208146/1y96xx8_1751258428984.jpg",
        "location": "爱知县东海市 日本​福祉​大学",
        "point_id": "1y96xx8",
        "point_name": "日本​福祉​大​東海​キャンパス 左侧入口",
        "remark": ""
      },
      "type": "Feature"
    },
    {
      "geometry": {
        "coordinates": [
          136.888471,
          35.021434
        ],
        "type": "Point"
      },
      "properties": {
        "bangumi_id": 208146,
        "bangumi_title": "五等分的新娘",
        "ep_cut": 107,
        "image_url": "https://w.junreimap.com/images/points/208146/1y98xe5_1751258527765.jpg",
        "location": "爱知县东海市 日本​福祉​大学",
        "point_id": "1y98xe5",
        "point_name": "日本​福祉​大​東海​キャンパス 体育馆",
        "remark": ""
      },
      "type": "Feature"
    },
    {
      "geometry": {
        "coordinates": [
          137.014114,
          35.273229
        ],
        "type": "Point"
      },
      "properties": {
        "bangumi_id": 208146,
        "bangumi_title": "五等分的新娘",
        "ep_cut": 107,
        "image_url": "https://w.junreimap.com/images/points/208146/1y9djjp_1751258743244.jpg",
        "location": "爱知县春日井市",
        "point_id": "1y9djjp",
        "point_name": "中部大学9号馆前的道路",
        "remark": ""
      },
      "type": "Feature"
    },
    {
      "geometry": {
        "coordinates": [
          136.88847,
          35.021435
        ],
        "type": "Point"
      },
      "properties": {
        "bangumi_id": 208146,
        "bangumi_title": "五等分的新娘",
        "ep_cut": 107,
        "image_url": "https://w.junreimap.com/images/points/208146/1y9hsc5_1751258935638.jpg",
        "location": "爱知县东海市 日本​福祉​大学",
        "point_id": "1y9hsc5",
        "point_name": "日本​福祉​大​東海​キャンパス 体育馆",
        "remark": ""
      },
      "type": "Feature"
    },
    {
      "geometry": {
        "coordinates": [
          137.013904,
          35.27557
        ],
        "type": "Point"
      },
      "properties": {
        "bangumi_id": 208146,
        "bangumi_title": "五等分的新娘",
        "ep_cut": 107,
        "image_url": "https://w.junreimap.com/images/points/208146/1y9jhlo_1751259023214.jpg",
        "location": "爱知县春日井市",
        "point_id": "1y9jhlo",
        "point_name": "中部大学25号館",
        "remark": ""
      },
      "type": "Feature"
    },
    {
      "geometry": {
        "coordinates": [
          137.015168,
          35.276491
        ],
        "type": "Point"
      },
      "properties": {
        "bangumi_id": 208146,
        "bangumi_title": "五等分的新娘",
        "ep_cut": 107,
        "image_url": "https://w.junreimap.com/images/user/2090/bangumi/208146/points/npl6wp8tq-1725034056425.jpg",
        "location": "爱知县春日井市",
        "point_id": "npl6wp8tq",
        "point_name": "中部大学51号馆与53号馆交界处",
        "remark": ""
      },
      "type": "Feature"
    },
    {
      "geometry": {
        "coordinates": [
          136.889504,
          35.022208
        ],
        "type": "Point"
      },
      "properties": {
        "bangumi_id": 208146,
        "bangumi_title": "五等分的新娘",
        "ep_cut": 107,
        "image_url": "https://w.junreimap.com/images/user/2090/bangumi/208146/points/ntlp2x7cd-1725348636753.jpg",
        "location": "爱知县东海市 日本​福祉​大学",
        "point_id": "ntlp2x7cd",
        "point_name": "日本福祉大東海キャンパス 前的风向标",
        "remark": ""
      },
      "type": "Feature"
    },
    {
      "geometry": {
        "coordinates": [
          136.888951,
          35.021889
        ],
        "type": "Point"
      },
      "properties": {
        "bangumi_id": 208146,
        "bangumi_title": "五等分的新娘",
        "ep_cut": 107,
        "image_url": "https://w.junreimap.com/images/points/208146/1ya7a5f_1751260146050.jpg",
        "location": "爱知县东海市 日本​福祉​大学",
        "point_id": "1ya7a5f",
        "point_name": "日本福祉大東海キャンパス 右侧入口",
        "remark": ""
      },
      "type": "Feature"
    },
    {
      "geometry": {
        "coordinates": [
          136.888471,
          35.021435
        ],
        "type": "Point"
      },
      "properties": {
        "bangumi_id": 208146,
        "bangumi_title": "五等分的新娘",
        "ep_cut": 107,
        "image_url": "https://w.junreimap.com/images/points/208146/1y9okak_1751259252197.jpg",
        "location": "爱知县东海市 日本​福祉​大学",
        "point_id": "1y9okak",
        "point_name": "日本​福祉​大​東海​キャンパス 体育馆",
        "remark": ""
      },
      "type": "Feature"
    },
    {
      "geometry": {
        "coordinates": [
          136.898365,
          35.002766
        ],
        "type": "Point"
      },
      "properties": {
        "bangumi_id": 208146,
        "bangumi_title": "五等分的新娘",
        "ep_cut": 107,
        "image_url": "https://w.junreimap.com/images/points/208146/1y9tjhi_1751259486041.jpg",
        "location": "爱知县东海市 汐见丘公园",
        "point_id": "1y9tjhi",
        "point_name": "汐見が丘公園 秋千",
        "remark": ""
      },
      "type": "Feature"
    },
    {
      "geometry": {
        "coordinates": [
          136.888563,
          35.021251
        ],
        "type": "Point"
      },
      "properties": {
        "bangumi_id": 208146,
        "bangumi_title": "五等分的新娘",
        "ep_cut": 107,
        "image_url": "https://w.junreimap.com/images/points/208146/1y9w2ok_1751259612068.jpg",
        "location": "爱知县东海市 日本​福祉​大学",
        "point_id": "1y9w2ok",
        "point_name": "日本​福祉​大​東海​キャンパス 南侧楼梯口",
        "remark": ""
      },
      "type": "Feature"
    },
    {
      "geometry": {
        "coordinates": [
          137.014259,
          35.273041
        ],
        "type": "Point"
      },
      "properties": {
        "bangumi_id": 208146,
        "bangumi_title": "五等分的新娘",
        "ep_cut": 107,
        "image_url": "https://w.junreimap.com/images/user/2090/bangumi/208146/points/nplmet1nf-1725035002753.jpg",
        "location": "爱知县春日井市",
        "point_id": "nplmet1nf",
        "point_name": "中部大学9号馆前的钟",
        "remark": ""
      },
      "type": "Feature"
    },
    {
      "geometry": {
        "coordinates": [
          136.889348,
          35.021697
        ],
        "type": "Point"
      },
      "properties": {
        "bangumi_id": 208146,
        "bangumi_title": "五等分的新娘",
        "ep_cut": 107,
        "image_url": "https://w.junreimap.com/images/points/208146/1y9z08z_1751259760565.jpg",
        "location": "爱知县东海市 日本​福祉​大学",
        "point_id": "1y9z08z",
        "point_name": "日本​福祉​大​東海​キャンパス 门口前方",
        "remark": ""
      },
      "type": "Feature"
    },
    {
      "geometry": {
        "coordinates": [
          137.01426,
          35.273041
        ],
        "type": "Point"
      },
      "properties": {
        "bangumi_id": 208146,
        "bangumi_title": "五等分的新娘",
        "ep_cut": 107,
        "image_url": "https://w.junreimap.com/images/points/208146/1ya0bkh_1751259804392.jpg",
        "location": "爱知县春日井市",
        "point_id": "1ya0bkh",
        "point_name": "中部大学9号馆前的钟",
        "remark": "中间的钟取景自这里"
      },
      "type": "Feature"
    },
    {
      "geometry": {
        "coordinates": [
          136.89927,
          34.999183
        ],
        "type": "Point"
      },
      "properties": {
        "bangumi_id": 208146,
        "bangumi_title": "五等分的新娘",
        "ep_cut": 107,
        "image_url": "https://w.junreimap.com/images/points/208146/25ss137_1751714592980.jpg",
        "location": "爱知县东海市 西知多综合病院",
        "point_id": "25ss137",
        "point_name": "西知多総合病院 病房",
        "remark": ""
      },
      "type": "Feature"
    },
    {
      "geometry": {
        "coordinates": [
          136.898869,
          34.99915
        ],
        "type": "Point"
      },
      "properties": {
        "bangumi_id": 208146,
        "bangumi_title": "五等分的新娘",
        "ep_cut": 108,
        "image_url": "https://w.junreimap.com/images/user/2090/bangumi/208146/points/nube0w6ep-1725404528185.jpg",
        "location": "爱知县东海市 西知多综合病院",
        "point_id": "nube0w6ep",
        "point_name": "西知多総合病院 大厅电梯前",
        "remark": ""
      },
      "type": "Feature"
    },
    {
      "geometry": {
        "coordinates": [
          136.898876,
          34.999163
        ],
        "type": "Point"
      },
      "properties": {
        "bangumi_id": 208146,
        "bangumi_title": "五等分的新娘",
        "ep_cut": 108,
        "image_url": "https://w.junreimap.com/images/points/208146/25sty72_1751714679252.jpg",
        "location": "爱知县东海市 西知多综合病院",
        "point_id": "25sty72",
        "point_name": "西知多総合病院 大厅",
        "remark": ""
      },
      "type": "Feature"
    },
    {
      "geometry": {
        "coordinates": [
          136.89882,
          34.99884
        ],
        "type": "Point"
      },
      "properties": {
        "bangumi_id": 208146,
        "bangumi_title": "五等分的新娘",
        "ep_cut": 108,
        "image_url": "https://w.junreimap.com/images/user/2090/bangumi/208146/points/p5qzdaigy-1729121550102.jpg",
        "location": "爱知县东海市 西知多综合病院",
        "point_id": "p5qzdaigy",
        "point_name": "西知多総合病院",
        "remark": ""
      },
      "type": "Feature"
    },
    {
      "geometry": {
        "coordinates": [
          136.888823,
          35.021744
        ],
        "type": "Point"
      },
      "properties": {
        "bangumi_id": 208146,
        "bangumi_title": "五等分的新娘",
        "ep_cut": 108,
        "image_url": "https://w.junreimap.com/images/user/2090/bangumi/208146/points/p5r0juexq-1729121625261.jpg",
        "location": "爱知县东海市 日本​福祉​大学",
        "point_id": "p5r0juexq",
        "point_name": "日本福祉大東海キャンパス",
        "remark": ""
      },
      "type": "Feature"
    },
    {
      "geometry": {
        "coordinates": [
          136.88847,
          35.021431
        ],
        "type": "Point"
      },
      "properties": {
        "bangumi_id": 208146,
        "bangumi_title": "五等分的新娘",
        "ep_cut": 108,
        "image_url": "https://w.junreimap.com/images/points/208146/1yafhg2_1751260508299.jpg",
        "location": "爱知县东海市 日本​福祉​大学",
        "point_id": "1yafhg2",
        "point_name": "日本​福祉​大​東海​キャンパス 体育馆",
        "remark": ""
      },
      "type": "Feature"
    },
    {
      "geometry": {
        "coordinates": [
          136.898881,
          34.999151
        ],
        "type": "Point"
      },
      "properties": {
        "bangumi_id": 208146,
        "bangumi_title": "五等分的新娘",
        "ep_cut": 108,
        "image_url": "https://w.junreimap.com/images/points/208146/25svt0l_1751714765864.jpg",
        "location": "爱知县东海市 西知多综合病院",
        "point_id": "25svt0l",
        "point_name": "西知多総合病院 大厅",
        "remark": ""
      },
      "type": "Feature"
    },
    {
      "geometry": {
        "coordinates": [
          136.889353,
          35.021697
        ],
        "type": "Point"
      },
      "properties": {
        "bangumi_id": 208146,
        "bangumi_title": "五等分的新娘",
        "ep_cut": 108,
        "image_url": "https://w.junreimap.com/images/user/2090/bangumi/208146/points/p5r1tvc7x-1729121695617.jpg",
        "location": "爱知县东海市 日本​福祉​大学",
        "point_id": "p5r1tvc7x",
        "point_name": "日本​福祉​大​東海​キャンパス 门口前方",
        "remark": ""
      },
      "type": "Feature"
    },
    {
      "geometry": {
        "coordinates": [
          137.015266,
          35.273793
        ],
        "type": "Point"
      },
      "properties": {
        "bangumi_id": 208146,
        "bangumi_title": "五等分的新娘",
        "ep_cut": 108,
        "image_url": "https://w.junreimap.com/images/points/208146/1yaj4wb_1751260686330.jpg",
        "location": "爱知县春日井市",
        "point_id": "1yaj4wb",
        "point_name": "中部大学３号館",
        "remark": ""
      },
      "type": "Feature"
    },
    {
      "geometry": {
        "coordinates": [
          137.015272,
          35.273819
        ],
        "type": "Point"
      },
      "properties": {
        "bangumi_id": 208146,
        "bangumi_title": "五等分的新娘",
        "ep_cut": 108,
        "image_url": "https://w.junreimap.com/images/points/208146/1yakzpl_1751260764177.jpg",
        "location": "爱知县春日井市",
        "point_id": "1yakzpl",
        "point_name": "中部大学３号館",
        "remark": ""
      },
      "type": "Feature"
    },
    {
      "geometry": {
        "coordinates": [
          135.778559,
          35.003498
        ],
        "type": "Point"
      },
      "properties": {
        "bangumi_id": 208146,
        "bangumi_title": "五等分的新娘",
        "ep_cut": 108,
        "image_url": "https://w.junreimap.com/images/points/208146/1yam8bo_1751260834251.jpg",
        "location": "京都府京都市 八坂神社",
        "point_id": "1yam8bo",
        "point_name": "八坂神社",
        "remark": ""
      },
      "type": "Feature"
    },
    {
      "geometry": {
        "coordinates": [
          137.01527,
          35.273792
        ],
        "type": "Point"
      },
      "properties": {
        "bangumi_id": 208146,
        "bangumi_title": "五等分的新娘",
        "ep_cut": 108,
        "image_url": "https://w.junreimap.com/images/points/208146/1yanyu9_1751260901868.jpg",
        "location": "爱知县春日井市",
        "point_id": "1yanyu9",
        "point_name": "中部大学３号館",
        "remark": ""
      },
      "type": "Feature"
    },
    {
      "geometry": {
        "coordinates": [
          137.015269,
          35.27383
        ],
        "type": "Point"
      },
      "properties": {
        "bangumi_id": 208146,
        "bangumi_title": "五等分的新娘",
        "ep_cut": 108,
        "image_url": "https://w.junreimap.com/images/points/208146/1yapl53_1751260979730.jpg",
        "location": "爱知县春日井市",
        "point_id": "1yapl53",
        "point_name": "中部大学３号館",
        "remark": ""
      },
      "type": "Feature"
    },
    {
      "geometry": {
        "coordinates": [
          137.014148,
          35.273304
        ],
        "type": "Point"
      },
      "properties": {
        "bangumi_id": 208146,
        "bangumi_title": "五等分的新娘",
        "ep_cut": 108,
        "image_url": "https://w.junreimap.com/images/user/2090/bangumi/208146/points/p6j06yiwn-1729182548914.jpg",
        "location": "爱知县春日井市",
        "point_id": "p6j06yiwn",
        "point_name": "中部大学9号馆前的道路",
        "remark": ""
      },
      "type": "Feature"
    },
    {
      "geometry": {
        "coordinates": [
          139.671133,
          35.848617
        ],
        "type": "Point"
      },
      "properties": {
        "bangumi_id": 208146,
        "bangumi_title": "五等分的新娘",
        "ep_cut": 109,
        "image_url": "https://w.junreimap.com/images/user/2090/bangumi/208146/points/p5r53uxca-1729121894567.jpg",
        "location": "埼玉县埼玉市",
        "point_id": "p5r53uxca",
        "point_name": "四谷​学院​南浦和​校",
        "remark": ""
      },
      "type": "Feature"
    },
    {
      "geometry": {
        "coordinates": [
          136.88935,
          35.021696
        ],
        "type": "Point"
      },
      "properties": {
        "bangumi_id": 208146,
        "bangumi_title": "五等分的新娘",
        "ep_cut": 109,
        "image_url": "https://w.junreimap.com/images/points/208146/1yb2w21_1751261600506.jpg",
        "location": "爱知县东海市 日本​福祉​大学",
        "point_id": "1yb2w21",
        "point_name": "日本​福祉​大​東海​キャンパス 门口前方",
        "remark": ""
      },
      "type": "Feature"
    },
    {
      "geometry": {
        "coordinates": [
          135.202785,
          34.669137
        ],
        "type": "Point"
      },
      "properties": {
        "bangumi_id": 208146,
        "bangumi_title": "五等分的新娘",
        "ep_cut": 109,
        "image_url": "https://w.junreimap.com/images/user/2090/bangumi/208146/points/p5r6w7pwl-1729122004762.jpg",
        "location": "兵库县神户市",
        "point_id": "p5r6w7pwl",
        "point_name": "Cafeteria BREATH",
        "remark": ""
      },
      "type": "Feature"
    },
    {
      "geometry": {
        "coordinates": [
          137.015903,
          35.274796
        ],
        "type": "Point"
      },
      "properties": {
        "bangumi_id": 208146,
        "bangumi_title": "五等分的新娘",
        "ep_cut": 109,
        "image_url": "https://w.junreimap.com/images/user/2090/bangumi/208146/points/oaqbnkw4s-1726690826416.jpg",
        "location": "爱知县春日井市",
        "point_id": "oaqbnkw4s",
        "point_name": "中部大学新5号馆",
        "remark": ""
      },
      "type": "Feature"
    },
    {
      "geometry": {
        "coordinates": [
          137.015901,
          35.274822
        ],
        "type": "Point"
      },
      "properties": {
        "bangumi_id": 208146,
        "bangumi_title": "五等分的新娘",
        "ep_cut": 109,
        "image_url": "https://w.junreimap.com/images/points/208146/1yb9u1c_1751261971513.jpg",
        "location": "爱知县春日井市",
        "point_id": "1yb9u1c",
        "point_name": "中部大学11号馆和新5号馆之间",
        "remark": ""
      },
      "type": "Feature"
    },
    {
      "geometry": {
        "coordinates": [
          137.015898,
          35.274835
        ],
        "type": "Point"
      },
      "properties": {
        "bangumi_id": 208146,
        "bangumi_title": "五等分的新娘",
        "ep_cut": 109,
        "image_url": "https://w.junreimap.com/images/points/208146/1ybdqns_1751262111521.jpg",
        "location": "爱知县春日井市",
        "point_id": "1ybdqns",
        "point_name": "中部大学新5号馆",
        "remark": ""
      },
      "type": "Feature"
    },
    {
      "geometry": {
        "coordinates": [
          137.015899,
          35.274829
        ],
        "type": "Point"
      },
      "properties": {
        "bangumi_id": 208146,
        "bangumi_title": "五等分的新娘",
        "ep_cut": 110,
        "image_url": "https://w.junreimap.com/images/points/208146/1ybjzxr_1751262396131.jpg",
        "location": "爱知县春日井市",
        "point_id": "1ybjzxr",
        "point_name": "中部大学新5号馆",
        "remark": ""
      },
      "type": "Feature"
    },
    {
      "geometry": {
        "coordinates": [
          139.671129,
          35.848627
        ],
        "type": "Point"
      },
      "properties": {
        "bangumi_id": 208146,
        "bangumi_title": "五等分的新娘",
        "ep_cut": 110,
        "image_url": "https://w.junreimap.com/images/user/2090/bangumi/208146/points/p5ra9p707-1729122209179.jpg",
        "location": "埼玉县埼玉市",
        "point_id": "p5ra9p707",
        "point_name": "四谷​学院​南浦和​校",
        "remark": ""
      },
      "type": "Feature"
    },
    {
      "geometry": {
        "coordinates": [
          137.015903,
          35.274835
        ],
        "type": "Point"
      },
      "properties": {
        "bangumi_id": 208146,
        "bangumi_title": "五等分的新娘",
        "ep_cut": 110,
        "image_url": "https://w.junreimap.com/images/points/208146/1ybp8in_1751262642735.jpg",
        "location": "爱知县春日井市",
        "point_id": "1ybp8in",
        "point_name": "中部大学新5号馆",
        "remark": ""
      },
      "type": "Feature"
    },
    {
      "geometry": {
        "coordinates": [
          136.899276,
          34.999188
        ],
        "type": "Point"
      },
      "properties": {
        "bangumi_id": 208146,
        "bangumi_title": "五等分的新娘",
        "ep_cut": 110,
        "image_url": "https://w.junreimap.com/images/user/2090/bangumi/208146/points/p5rbjc3r3-1729122291521.jpg",
        "location": "爱知县东海市 西知多综合病院",
        "point_id": "p5rbjc3r3",
        "point_name": "西知多総合病院 病房",
        "remark": ""
      },
      "type": "Feature"
    },
    {
      "geometry": {
        "coordinates": [
          137.015917,
          35.274905
        ],
        "type": "Point"
      },
      "properties": {
        "bangumi_id": 208146,
        "bangumi_title": "五等分的新娘",
        "ep_cut": 110,
        "image_url": "https://w.junreimap.com/images/user/2090/bangumi/208146/points/npldaxe6f-1725034439270.jpg",
        "location": "爱知县春日井市",
        "point_id": "npldaxe6f",
        "point_name": "中部大学11号馆和新5号馆之间",
        "remark": ""
      },
      "type": "Feature"
    },
    {
      "geometry": {
        "coordinates": [
          136.888794,
          35.021707
        ],
        "type": "Point"
      },
      "properties": {
        "bangumi_id": 208146,
        "bangumi_title": "五等分的新娘",
        "ep_cut": 110,
        "image_url": "https://w.junreimap.com/images/user/2090/bangumi/208146/points/p5rdto4gy-1729122423293.jpg",
        "location": "爱知县东海市 日本​福祉​大学",
        "point_id": "p5rdto4gy",
        "point_name": "日本福祉大東海キャンパス",
        "remark": ""
      },
      "type": "Feature"
    },
    {
      "geometry": {
        "coordinates": [
          136.909792,
          35.134934
        ],
        "type": "Point"
      },
      "properties": {
        "bangumi_id": 208146,
        "bangumi_title": "五等分的新娘",
        "ep_cut": 110,
        "image_url": "https://w.junreimap.com/images/user/2090/bangumi/208146/points/p5rgwi39f-1729122608919.jpg",
        "location": "爱知县名古屋市 狮子中京大厦",
        "point_id": "p5rgwi39f",
        "point_name": "ザ・​ライオンズミッドキャピタルタワー",
        "remark": ""
      },
      "type": "Feature"
    },
    {
      "geometry": {
        "coordinates": [
          137.01495,
          35.274994
        ],
        "type": "Point"
      },
      "properties": {
        "bangumi_id": 208146,
        "bangumi_title": "五等分的新娘",
        "ep_cut": 111,
        "image_url": "https://w.junreimap.com/images/points/208146/1ybvcbz_1751262927185.jpg",
        "location": "爱知县春日井市",
        "point_id": "1ybvcbz",
        "point_name": "中部大学18号馆门口",
        "remark": ""
      },
      "type": "Feature"
    },
    {
      "geometry": {
        "coordinates": [
          137.015051,
          35.274996
        ],
        "type": "Point"
      },
      "properties": {
        "bangumi_id": 208146,
        "bangumi_title": "五等分的新娘",
        "ep_cut": 111,
        "image_url": "https://w.junreimap.com/images/points/208146/1ybx9m5_1751263017031.jpg",
        "location": "爱知县春日井市",
        "point_id": "1ybx9m5",
        "point_name": "中部大学18号馆",
        "remark": ""
      },
      "type": "Feature"
    },
    {
      "geometry": {
        "coordinates": [
          136.888553,
          35.021577
        ],
        "type": "Point"
      },
      "properties": {
        "bangumi_id": 208146,
        "bangumi_title": "五等分的新娘",
        "ep_cut": 112,
        "image_url": "https://w.junreimap.com/images/points/208146/1yc43at_1751263360630.jpg",
        "location": "爱知县东海市 日本​福祉​大学",
        "point_id": "1yc43at",
        "point_name": "日本​福祉​大​東海​キャンパス 体育馆",
        "remark": ""
      },
      "type": "Feature"
    },
    {
      "geometry": {
        "coordinates": [
          136.888471,
          35.021431
        ],
        "type": "Point"
      },
      "properties": {
        "bangumi_id": 208146,
        "bangumi_title": "五等分的新娘",
        "ep_cut": 112,
        "image_url": "https://w.junreimap.com/images/points/208146/1yc5okt_1751263407351.jpg",
        "location": "爱知县东海市 日本​福祉​大学",
        "point_id": "1yc5okt",
        "point_name": "日本​福祉​大​東海​キャンパス 体育馆",
        "remark": ""
      },
      "type": "Feature"
    },
    {
      "geometry": {
        "coordinates": [
          136.889062,
          35.022085
        ],
        "type": "Point"
      },
      "properties": {
        "bangumi_id": 208146,
        "bangumi_title": "五等分的新娘",
        "ep_cut": 112,
        "image_url": "https://w.junreimap.com/images/user/2090/bangumi/208146/points/p5ro5e3au-1729123047287.jpg",
        "location": "爱知县东海市 日本​福祉​大学",
        "point_id": "p5ro5e3au",
        "point_name": "日本​福祉​大​東海​キャンパス",
        "remark": ""
      },
      "type": "Feature"
    },
    {
      "geometry": {
        "coordinates": [
          137.013852,
          35.275512
        ],
        "type": "Point"
      },
      "properties": {
        "bangumi_id": 208146,
        "bangumi_title": "五等分的新娘",
        "ep_cut": 113,
        "image_url": "https://w.junreimap.com/images/user/2090/bangumi/208146/points/ovt7ygusl-1728342812221.jpg",
        "location": "爱知县春日井市",
        "point_id": "ovt7ygusl",
        "point_name": "中部大学25号館",
        "remark": "虽然被挡住了但可以看出还是这个经典喷泉"
      },
      "type": "Feature"
    },
    {
      "geometry": {
        "coordinates": [
          136.888947,
          35.021891
        ],
        "type": "Point"
      },
      "properties": {
        "bangumi_id": 208146,
        "bangumi_title": "五等分的新娘",
        "ep_cut": 113,
        "image_url": "https://w.junreimap.com/images/user/2090/bangumi/208146/points/p5rqdsumi-1729123185535.jpg",
        "location": "爱知县东海市 日本​福祉​大学",
        "point_id": "p5rqdsumi",
        "point_name": "日本福祉大東海キャンパス 右侧入口",
        "remark": ""
      },
      "type": "Feature"
    },
    {
      "geometry": {
        "coordinates": [
          136.888883,
          35.021922
        ],
        "type": "Point"
      },
      "properties": {
        "bangumi_id": 208146,
        "bangumi_title": "五等分的新娘",
        "ep_cut": 113,
        "image_url": "https://w.junreimap.com/images/points/208146/1ycbu5h_1751263703143.jpg",
        "location": "爱知县东海市 日本​福祉​大学",
        "point_id": "1ycbu5h",
        "point_name": "日本福祉大東海キャンパス",
        "remark": ""
      },
      "type": "Feature"
    },
    {
      "geometry": {
        "coordinates": [
          135.202788,
          34.669141
        ],
        "type": "Point"
      },
      "properties": {
        "bangumi_id": 208146,
        "bangumi_title": "五等分的新娘",
        "ep_cut": 114,
        "image_url": "https://w.junreimap.com/images/user/2090/bangumi/208146/points/p6l8yrg4c-1729187436244.jpg",
        "location": "兵库县神户市",
        "point_id": "p6l8yrg4c",
        "point_name": "Cafeteria BREATH",
        "remark": ""
      },
      "type": "Feature"
    },
    {
      "geometry": {
        "coordinates": [
          139.762776,
          35.67129
        ],
        "type": "Point"
      },
      "properties": {
        "bangumi_id": 208146,
        "bangumi_title": "五等分的新娘",
        "ep_cut": 114,
        "image_url": "https://w.junreimap.com/images/user/2090/bangumi/208146/points/p6lb3pamt-1729187563598.jpg",
        "location": "东京都中央区",
        "point_id": "p6lb3pamt",
        "point_name": "ドルチェ＆ガッバーナ 銀座",
        "remark": ""
      },
      "type": "Feature"
    },
    {
      "geometry": {
        "coordinates": [
          136.733777,
          35.029904
        ],
        "type": "Point"
      },
      "properties": {
        "bangumi_id": 208146,
        "bangumi_title": "五等分的新娘",
        "ep_cut": 114,
        "image_url": "https://w.junreimap.com/images/user/2090/bangumi/208146/points/p6ldworls-1729187730792.jpg",
        "location": "三重县桑名市",
        "point_id": "p6ldworls",
        "point_name": "大観覧車オーロラ",
        "remark": ""
      },
      "type": "Feature"
    },
    {
      "geometry": {
        "coordinates": [
          137.015269,
          35.273795
        ],
        "type": "Point"
      },
      "properties": {
        "bangumi_id": 208146,
        "bangumi_title": "五等分的新娘",
        "ep_cut": 114,
        "image_url": "https://w.junreimap.com/images/user/2090/bangumi/208146/points/p6lg7rw4r-1729187870530.jpg",
        "location": "爱知县春日井市",
        "point_id": "p6lg7rw4r",
        "point_name": "中部大学３号館",
        "remark": ""
      },
      "type": "Feature"
    },
    {
      "geometry": {
        "coordinates": [
          136.888976,
          35.021969
        ],
        "type": "Point"
      },
      "properties": {
        "bangumi_id": 208146,
        "bangumi_title": "五等分的新娘",
        "ep_cut": 114,
        "image_url": "https://w.junreimap.com/images/user/2090/bangumi/208146/points/p6limsq6z-1729188023709.jpg",
        "location": "爱知县东海市 日本​福祉​大学",
        "point_id": "p6limsq6z",
        "point_name": "日本福祉大東海キャンパス",
        "remark": ""
      },
      "type": "Feature"
    },
    {
      "geometry": {
        "coordinates": [
          137.012614,
          35.273976
        ],
        "type": "Point"
      },
      "properties": {
        "bangumi_id": 208146,
        "bangumi_title": "五等分的新娘",
        "ep_cut": 114,
        "image_url": "https://w.junreimap.com/images/user/2090/bangumi/208146/points/nppjgwxb9-1725043598733.jpg",
        "location": "爱知县春日井市",
        "point_id": "nppjgwxb9",
        "point_name": "中部大学附属三浦纪念图书馆后的道路",
        "remark": ""
      },
      "type": "Feature"
    },
    {
      "geometry": {
        "coordinates": [
          137.01348,
          35.273345
        ],
        "type": "Point"
      },
      "properties": {
        "bangumi_id": 208146,
        "bangumi_title": "五等分的新娘",
        "ep_cut": 114,
        "image_url": "https://w.junreimap.com/images/points/208146/1ycs0pl_1751264457915.jpg",
        "location": "爱知县春日井市",
        "point_id": "1ycs0pl",
        "point_name": "中部大学9号馆前的道路",
        "remark": ""
      },
      "type": "Feature"
    },
    {
      "geometry": {
        "coordinates": [
          136.898365,
          35.002771
        ],
        "type": "Point"
      },
      "properties": {
        "bangumi_id": 208146,
        "bangumi_title": "五等分的新娘",
        "ep_cut": 114,
        "image_url": "https://w.junreimap.com/images/points/208146/1yctq31_1751264530466.jpg",
        "location": "爱知县东海市 汐见丘公园",
        "point_id": "1yctq31",
        "point_name": "汐見が丘公園 秋千",
        "remark": ""
      },
      "type": "Feature"
    },
    {
      "geometry": {
        "coordinates": [
          136.892875,
          35.02033
        ],
        "type": "Point"
      },
      "properties": {
        "bangumi_id": 208146,
        "bangumi_title": "五等分的新娘",
        "ep_cut": 115,
        "image_url": "https://w.junreimap.com/images/user/2090/bangumi/208146/points/pb3vxnn8c-1729541465386.jpg",
        "location": "爱知县东海市 太田川站",
        "point_id": "pb3vxnn8c",
        "point_name": "太田川駅 东出口",
        "remark": ""
      },
      "type": "Feature"
    },
    {
      "geometry": {
        "coordinates": [
          136.892861,
          35.020306
        ],
        "type": "Point"
      },
      "properties": {
        "bangumi_id": 208146,
        "bangumi_title": "五等分的新娘",
        "ep_cut": 115,
        "image_url": "https://w.junreimap.com/images/user/2090/bangumi/208146/points/p6lqi2c5t-1729188496169.jpg",
        "location": "爱知县东海市 太田川站",
        "point_id": "p6lqi2c5t",
        "point_name": "太田川駅 东出口",
        "remark": ""
      },
      "type": "Feature"
    },
    {
      "geometry": {
        "coordinates": [
          139.715264,
          36.123165
        ],
        "type": "Point"
      },
      "properties": {
        "bangumi_id": 208146,
        "bangumi_title": "五等分的新娘",
        "ep_cut": 115,
        "image_url": "https://w.junreimap.com/images/user/2090/bangumi/208146/points/oaqx8t47e-1726692135959.jpg",
        "location": "埼玉县久喜市",
        "point_id": "oaqx8t47e",
        "point_name": "ラウンドワンスタジアム",
        "remark": ""
      },
      "type": "Feature"
    },
    {
      "geometry": {
        "coordinates": [
          137.012576,
          35.273975
        ],
        "type": "Point"
      },
      "properties": {
        "bangumi_id": 208146,
        "bangumi_title": "五等分的新娘",
        "ep_cut": 115,
        "image_url": "https://w.junreimap.com/images/user/2090/bangumi/208146/points/p6mpm37nc-1729190649676.jpg",
        "location": "爱知县春日井市",
        "point_id": "p6mpm37nc",
        "point_name": "中部大学附属三浦纪念图书馆后的草坪",
        "remark": ""
      },
      "type": "Feature"
    },
    {
      "geometry": {
        "coordinates": [
          137.013585,
          35.273352
        ],
        "type": "Point"
      },
      "properties": {
        "bangumi_id": 208146,
        "bangumi_title": "五等分的新娘",
        "ep_cut": 115,
        "image_url": "https://w.junreimap.com/images/points/208146/1yd0dlt_1751264869870.jpg",
        "location": "爱知县春日井市",
        "point_id": "1yd0dlt",
        "point_name": "中部大学9号馆前的道路旁的草坪",
        "remark": ""
      },
      "type": "Feature"
    },
    {
      "geometry": {
        "coordinates": [
          135.78554,
          34.966993
        ],
        "type": "Point"
      },
      "properties": {
        "bangumi_id": 208146,
        "bangumi_title": "五等分的新娘",
        "ep_cut": 115,
        "image_url": "https://w.junreimap.com/images/user/2090/bangumi/208146/points/p6mtdhn5t-1729190847916.jpg",
        "location": "京都府京都市 伏见稻荷大社",
        "point_id": "p6mtdhn5t",
        "point_name": "一ノ峰",
        "remark": ""
      },
      "type": "Feature"
    },
    {
      "geometry": {
        "coordinates": [
          139.714947,
          36.123414
        ],
        "type": "Point"
      },
      "properties": {
        "bangumi_id": 208146,
        "bangumi_title": "五等分的新娘",
        "ep_cut": 115,
        "image_url": "https://w.junreimap.com/images/user/2090/bangumi/208146/points/oar3tgqon-1726692559799.jpg",
        "location": "埼玉县久喜市",
        "point_id": "oar3tgqon",
        "point_name": "ラウンドワンスタジアム",
        "remark": ""
      },
      "type": "Feature"
    },
    {
      "geometry": {
        "coordinates": [
          139.714913,
          36.123448
        ],
        "type": "Point"
      },
      "properties": {
        "bangumi_id": 208146,
        "bangumi_title": "五等分的新娘",
        "ep_cut": 115,
        "image_url": "https://w.junreimap.com/images/user/2090/bangumi/208146/points/oar2h4q1x-1726692480798.jpg",
        "location": "埼玉县久喜市",
        "point_id": "oar2h4q1x",
        "point_name": "ラウンドワンスタジアム",
        "remark": ""
      },
      "type": "Feature"
    },
    {
      "geometry": {
        "coordinates": [
          139.714882,
          36.123471
        ],
        "type": "Point"
      },
      "properties": {
        "bangumi_id": 208146,
        "bangumi_title": "五等分的新娘",
        "ep_cut": 115,
        "image_url": "https://w.junreimap.com/images/user/2090/bangumi/208146/points/npej8i8i4-1725020716428.jpg",
        "location": "埼玉县久喜市",
        "point_id": "npej8i8i4",
        "point_name": "ラウンドワンスタジアム",
        "remark": ""
      },
      "type": "Feature"
    },
    {
      "geometry": {
        "coordinates": [
          136.892406,
          35.020436
        ],
        "type": "Point"
      },
      "properties": {
        "bangumi_id": 208146,
        "bangumi_title": "五等分的新娘",
        "ep_cut": 115,
        "image_url": "https://w.junreimap.com/images/points/208146/1yd422i_1751265050019.jpg",
        "location": "爱知县东海市 太田川站",
        "point_id": "1yd422i",
        "point_name": "西口広場",
        "remark": ""
      },
      "type": "Feature"
    },
    {
      "geometry": {
        "coordinates": [
          136.892219,
          35.02051
        ],
        "type": "Point"
      },
      "properties": {
        "bangumi_id": 208146,
        "bangumi_title": "五等分的新娘",
        "ep_cut": 115,
        "image_url": "https://w.junreimap.com/images/points/208146/1yd612i_1751265109842.jpg",
        "location": "爱知县东海市 太田川站",
        "point_id": "1yd612i",
        "point_name": "太田川站 西侧的天桥",
        "remark": ""
      },
      "type": "Feature"
    },
    {
      "geometry": {
        "coordinates": [
          136.909807,
          35.13501
        ],
        "type": "Point"
      },
      "properties": {
        "bangumi_id": 208146,
        "bangumi_title": "五等分的新娘",
        "ep_cut": 115,
        "image_url": "https://w.junreimap.com/images/user/2090/bangumi/208146/points/p6mxvfevx-1729191113385.jpg",
        "location": "爱知县名古屋市 狮子中京大厦",
        "point_id": "p6mxvfevx",
        "point_name": "ザ・​ライオンズミッドキャピタルタワー",
        "remark": ""
      },
      "type": "Feature"
    },
    {
      "geometry": {
        "coordinates": [
          136.90982,
          35.135001
        ],
        "type": "Point"
      },
      "properties": {
        "bangumi_id": 208146,
        "bangumi_title": "五等分的新娘",
        "ep_cut": 115,
        "image_url": "https://w.junreimap.com/images/user/2090/bangumi/208146/points/p6mzc232y-1729191214423.jpg",
        "location": "爱知县名古屋市 狮子中京大厦",
        "point_id": "p6mzc232y",
        "point_name": "ザ・​ライオンズミッドキャピタルタワー",
        "remark": ""
      },
      "type": "Feature"
    },
    {
      "geometry": {
        "coordinates": [
          136.888674,
          35.021396
        ],
        "type": "Point"
      },
      "properties": {
        "bangumi_id": 208146,
        "bangumi_title": "五等分的新娘",
        "ep_cut": 116,
        "image_url": "https://w.junreimap.com/images/user/2090/bangumi/208146/points/p6n4ckz9l-1729191506691.jpg",
        "location": "爱知县东海市 日本​福祉​大学",
        "point_id": "p6n4ckz9l",
        "point_name": "日本福祉大東海キャンパス 前的椅子",
        "remark": ""
      },
      "type": "Feature"
    },
    {
      "geometry": {
        "coordinates": [
          139.671125,
          35.848634
        ],
        "type": "Point"
      },
      "properties": {
        "bangumi_id": 208146,
        "bangumi_title": "五等分的新娘",
        "ep_cut": 117,
        "image_url": "https://w.junreimap.com/images/user/2090/bangumi/208146/points/p6n6oo71w-1729191652210.jpg",
        "location": "埼玉县埼玉市",
        "point_id": "p6n6oo71w",
        "point_name": "四谷​学院​南浦和​校",
        "remark": ""
      },
      "type": "Feature"
    },
    {
      "geometry": {
        "coordinates": [
          135.202794,
          34.669136
        ],
        "type": "Point"
      },
      "properties": {
        "bangumi_id": 208146,
        "bangumi_title": "五等分的新娘",
        "ep_cut": 117,
        "image_url": "https://w.junreimap.com/images/user/2090/bangumi/208146/points/p6n8li9vf-1729191762161.jpg",
        "location": "兵库县神户市",
        "point_id": "p6n8li9vf",
        "point_name": "Cafeteria BREATH",
        "remark": ""
      },
      "type": "Feature"
    },
    {
      "geometry": {
        "coordinates": [
          139.671121,
          35.848616
        ],
        "type": "Point"
      },
      "properties": {
        "bangumi_id": 208146,
        "bangumi_title": "五等分的新娘",
        "ep_cut": 118,
        "image_url": "https://w.junreimap.com/images/user/2090/bangumi/208146/points/p6nbueaik-1729191959524.jpg",
        "location": "埼玉县埼玉市",
        "point_id": "p6nbueaik",
        "point_name": "四谷​学院​南浦和​校",
        "remark": ""
      },
      "type": "Feature"
    },
    {
      "geometry": {
        "coordinates": [
          139.652351,
          35.780496
        ],
        "type": "Point"
      },
      "properties": {
        "bangumi_id": 208146,
        "bangumi_title": "五等分的新娘",
        "ep_cut": 119,
        "image_url": "https://w.junreimap.com/images/points/208146/1ydmarm_1751265863986.jpg",
        "location": "东京都板桥区",
        "point_id": "1ydmarm",
        "point_name": "サイゼリヤ四葉​店",
        "remark": ""
      },
      "type": "Feature"
    },
    {
      "geometry": {
        "coordinates": [
          139.652423,
          35.780559
        ],
        "type": "Point"
      },
      "properties": {
        "bangumi_id": 208146,
        "bangumi_title": "五等分的新娘",
        "ep_cut": 119,
        "image_url": "https://w.junreimap.com/images/user/2090/bangumi/208146/points/nped3q2i3-1725019187961.jpg",
        "location": "东京都板桥区",
        "point_id": "nped3q2i3",
        "point_name": "サイゼリヤ四葉​店",
        "remark": ""
      },
      "type": "Feature"
    },
    {
      "geometry": {
        "coordinates": [
          136.89862,
          35.002783
        ],
        "type": "Point"
      },
      "properties": {
        "bangumi_id": 208146,
        "bangumi_title": "五等分的新娘",
        "ep_cut": 119,
        "image_url": "https://w.junreimap.com/images/points/208146/1ydqem2_1751266061643.jpg",
        "location": "爱知县东海市 汐见丘公园",
        "point_id": "1ydqem2",
        "point_name": "汐見が丘公園",
        "remark": ""
      },
      "type": "Feature"
    },
    {
      "geometry": {
        "coordinates": [
          136.89272,
          35.02048
        ],
        "type": "Point"
      },
      "properties": {
        "bangumi_id": 208146,
        "bangumi_title": "五等分的新娘",
        "ep_cut": 120,
        "image_url": "https://w.junreimap.com/images/user/2090/bangumi/208146/points/nu3zg8ems-1725388459824.jpg",
        "location": "爱知县东海市 太田川站",
        "point_id": "nu3zg8ems",
        "point_name": "太田川站 南检票口",
        "remark": ""
      },
      "type": "Feature"
    },
    {
      "geometry": {
        "coordinates": [
          136.888832,
          35.021758
        ],
        "type": "Point"
      },
      "properties": {
        "bangumi_id": 208146,
        "bangumi_title": "五等分的新娘",
        "ep_cut": 120,
        "image_url": "https://w.junreimap.com/images/points/208146/1ydwlhk_1751266347025.jpg",
        "location": "爱知县东海市 日本​福祉​大学",
        "point_id": "1ydwlhk",
        "point_name": "日本福祉大東海キャンパス",
        "remark": ""
      },
      "type": "Feature"
    },
    {
      "geometry": {
        "coordinates": [
          136.891338,
          35.020782
        ],
        "type": "Point"
      },
      "properties": {
        "bangumi_id": 208146,
        "bangumi_title": "五等分的新娘",
        "ep_cut": 120,
        "image_url": "https://w.junreimap.com/images/points/208146/1ydxy5l_1751266411693.jpg",
        "location": "爱知县东海市 太田川站",
        "point_id": "1ydxy5l",
        "point_name": "东海市艺术剧场附近的天桥",
        "remark": ""
      },
      "type": "Feature"
    },
    {
      "geometry": {
        "coordinates": [
          136.891398,
          35.019852
        ],
        "type": "Point"
      },
      "properties": {
        "bangumi_id": 208146,
        "bangumi_title": "五等分的新娘",
        "ep_cut": 120,
        "image_url": "https://w.junreimap.com/images/points/208146/1ye1vu8_1751266590850.jpg",
        "location": "爱知县东海市 太田川站",
        "point_id": "1ye1vu8",
        "point_name": "爱知银行东海支店对面",
        "remark": ""
      },
      "type": "Feature"
    },
    {
      "geometry": {
        "coordinates": [
          136.891375,
          35.019815
        ],
        "type": "Point"
      },
      "properties": {
        "bangumi_id": 208146,
        "bangumi_title": "五等分的新娘",
        "ep_cut": 120,
        "image_url": "https://w.junreimap.com/images/user/2090/bangumi/208146/points/ntjrjjeyu-1725344440871.jpg",
        "location": "爱知县东海市 太田川站",
        "point_id": "ntjrjjeyu",
        "point_name": "爱知银行东海支店对面",
        "remark": ""
      },
      "type": "Feature"
    },
    {
      "geometry": {
        "coordinates": [
          136.810405,
          34.858702
        ],
        "type": "Point"
      },
      "properties": {
        "bangumi_id": 208146,
        "bangumi_title": "五等分的新娘",
        "ep_cut": 121,
        "image_url": "https://w.junreimap.com/images/user/2090/bangumi/208146/points/npq0bn76b-1725044531214.jpg",
        "location": "爱知县常滑市",
        "point_id": "npq0bn76b",
        "point_name": "中部国際空港",
        "remark": ""
      },
      "type": "Feature"
    },
    {
      "geometry": {
        "coordinates": [
          136.924201,
          35.150186
        ],
        "type": "Point"
      },
      "properties": {
        "bangumi_id": 208146,
        "bangumi_title": "五等分的新娘",
        "ep_cut": 121,
        "image_url": "https://w.junreimap.com/images/user/2090/bangumi/208146/points/ovl2nwg0z-1728325045627.jpg",
        "location": "爱知县名古屋市 グラストニア",
        "point_id": "ovl2nwg0z",
        "point_name": "グラストニア",
        "remark": ""
      },
      "type": "Feature"
    },
    {
      "geometry": {
        "coordinates": [
          136.924418,
          35.150055
        ],
        "type": "Point"
      },
      "properties": {
        "bangumi_id": 208146,
        "bangumi_title": "五等分的新娘",
        "ep_cut": 122,
        "image_url": "https://w.junreimap.com/images/user/2090/bangumi/208146/points/nxpv4xo6k-1725671107640.jpg",
        "location": "爱知县名古屋市 グラストニア",
        "point_id": "nxpv4xo6k",
        "point_name": "グラストニア",
        "remark": ""
      },
      "type": "Feature"
    },
    {
      "geometry": {
        "coordinates": [
          134.155735,
          34.625694
        ],
        "type": "Point"
      },
      "properties": {
        "bangumi_id": 208146,
        "bangumi_title": "五等分的新娘",
        "ep_cut": 122,
        "image_url": "https://w.junreimap.com/images/points/208146/1yechpr_1751267090544.jpg",
        "location": "冈山县濑户内市",
        "point_id": "1yechpr",
        "point_name": "牛窓オリーブ園幸福の鐘",
        "remark": ""
      },
      "type": "Feature"
    },
    {
      "geometry": {
        "coordinates": [
          134.155735,
          34.625695
        ],
        "type": "Point"
      },
      "properties": {
        "bangumi_id": 208146,
        "bangumi_title": "五等分的新娘",
        "ep_cut": 122,
        "image_url": "https://w.junreimap.com/images/points/208146/1yeds6t_1751267145181.jpg",
        "location": "冈山县濑户内市",
        "point_id": "1yeds6t",
        "point_name": "牛窓オリーブ園幸福の鐘",
        "remark": ""
      },
      "type": "Feature"
    },
    {
      "geometry": {
        "coordinates": [
          136.909821,
          35.13501
        ],
        "type": "Point"
      },
      "properties": {
        "bangumi_id": 208146,
        "bangumi_title": "五等分的新娘",
        "ep_cut": "EP122+1",
        "image_url": "https://w.junreimap.com/images/user/2090/bangumi/208146/points/p6nwyixe3-1729193239649.jpg",
        "location": "爱知县名古屋市 狮子中京大厦",
        "point_id": "p6nwyixe3",
        "point_name": "ザ・​ライオンズミッドキャピタルタワー",
        "remark": ""
      },
      "type": "Feature"
    },
    {
      "geometry": {
        "coordinates": [
          -157.824292,
          21.274291
        ],
        "type": "Point"
      },
      "properties": {
        "bangumi_id": 208146,
        "bangumi_title": "五等分的新娘",
        "ep_cut": "EP122+1",
        "image_url": "https://w.junreimap.com/images/user/2090/bangumi/208146/points/p6o256tto-1729193549861.jpg",
        "location": "美国夏威夷州檀香山市",
        "point_id": "p6o256tto",
        "point_name": "Waikīkī Beach",
        "remark": ""
      },
      "type": "Feature"
    },
    {
      "geometry": {
        "coordinates": [
          139.762775,
          35.671294
        ],
        "type": "Point"
      },
      "properties": {
        "bangumi_id": 208146,
        "bangumi_title": "五等分的新娘",
        "ep_cut": "EP122+1",
        "image_url": "https://w.junreimap.com/images/points/208146/1yehkae_1751267345576.jpg",
        "location": "东京都中央区",
        "point_id": "1yehkae",
        "point_name": "ドルチェ＆ガッバーナ 銀座",
        "remark": ""
      },
      "type": "Feature"
    },
    {
      "geometry": {
        "coordinates": [
          139.762776,
          35.671293
        ],
        "type": "Point"
      },
      "properties": {
        "bangumi_id": 208146,
        "bangumi_title": "五等分的新娘",
        "ep_cut": "EP122+1",
        "image_url": "https://w.junreimap.com/images/points/208146/1yeiuxx_1751267381672.jpg",
        "location": "东京都中央区",
        "point_id": "1yeiuxx",
        "point_name": "ドルチェ＆ガッバーナ 銀座",
        "remark": ""
      },
      "type": "Feature"
    },
    {
      "geometry": {
        "coordinates": [
          139.762776,
          35.671294
        ],
        "type": "Point"
      },
      "properties": {
        "bangumi_id": 208146,
        "bangumi_title": "五等分的新娘",
        "ep_cut": "EP122+1",
        "image_url": "https://w.junreimap.com/images/points/208146/1yejefu_1751267408531.jpg",
        "location": "东京都中央区",
        "point_id": "1yejefu",
        "point_name": "ドルチェ＆ガッバーナ 銀座",
        "remark": ""
      },
      "type": "Feature"
    },
    {
      "geometry": {
        "coordinates": [
          139.762777,
          35.671294
        ],
        "type": "Point"
      },
      "properties": {
        "bangumi_id": 208146,
        "bangumi_title": "五等分的新娘",
        "ep_cut": "EP122+1",
        "image_url": "https://w.junreimap.com/images/points/208146/1yekk57_1751267461302.jpg",
        "location": "东京都中央区",
        "point_id": "1yekk57",
        "point_name": "ドルチェ＆ガッバーナ 銀座",
        "remark": ""
      },
      "type": "Feature"
    },
    {
      "geometry": {
        "coordinates": [
          139.762777,
          35.671293
        ],
        "type": "Point"
      },
      "properties": {
        "bangumi_id": 208146,
        "bangumi_title": "五等分的新娘",
        "ep_cut": "EP122+1",
        "image_url": "https://w.junreimap.com/images/user/2090/bangumi/208146/points/p6o4s687c-1729193709599.jpg",
        "location": "东京都中央区",
        "point_id": "p6o4s687c",
        "point_name": "ドルチェ＆ガッバーナ 銀座",
        "remark": ""
      },
      "type": "Feature"
    },
    {
      "geometry": {
        "coordinates": [
          139.762775,
          35.671293
        ],
        "type": "Point"
      },
      "properties": {
        "bangumi_id": 208146,
        "bangumi_title": "五等分的新娘",
        "ep_cut": "EP122+1",
        "image_url": "https://w.junreimap.com/images/points/208146/1yeme7f_1751267547196.jpg",
        "location": "东京都中央区",
        "point_id": "1yeme7f",
        "point_name": "ドルチェ＆ガッバーナ 銀座",
        "remark": ""
      },
      "type": "Feature"
    }
  ],
  "type": "FeatureCollection"
}