{
  "features": [
    {
      "geometry": {
        "coordinates": [
          -0.123681,
          51.500978
        ],
        "type": "Point"
      },
      "properties": {
        "bangumi_id": 210864,
        "bangumi_title": "魔法使的新娘",
        "ep_cut": 2,
        "image_url": "https://w.junreimap.com/images/points/210864/2qak81k_1752953776876.jpg",
        "location": "西敏寺周边（黄/绿/灰线-伦敦）",
        "point_id": "2qak81k",
        "point_name": "Westminster Bridge 西侧",
        "remark": "【游客事故高发地，拍摄时请留意飞车党和刻意贴近的可疑人士。】"
      },
      "type": "Feature"
    },
    {
      "geometry": {
        "coordinates": [
          -0.123591,
          51.500936
        ],
        "type": "Point"
      },
      "properties": {
        "bangumi_id": 210864,
        "bangumi_title": "魔法使的新娘",
        "ep_cut": "",
        "image_url": "https://w.junreimap.com/images/points/210864/2pzxbhg_1752935914623.jpg",
        "location": "西敏寺周边（黄/绿/灰线-伦敦）",
        "point_id": "2pzxbhg",
        "point_name": "Westminster Bridge 西侧",
        "remark": "【游客事故高发地，拍摄时请留意飞车党和刻意贴近的可疑人士。】"
      },
      "type": "Feature"
    },
    {
      "geometry": {
        "coordinates": [
          -0.122282,
          51.500875
        ],
        "type": "Point"
      },
      "properties": {
        "bangumi_id": 210864,
        "bangumi_title": "魔法使的新娘",
        "ep_cut": 2,
        "image_url": "https://w.junreimap.com/images/points/210864/2pyrmjo_1752933968217.jpg",
        "location": "西敏寺周边（黄/绿/灰线-伦敦）",
        "point_id": "2pyrmjo",
        "point_name": "Westminster Bridge",
        "remark": "从桥上西望。【游客事故高发地，拍摄时请留意飞车党和刻意贴近的可疑人士。】"
      },
      "type": "Feature"
    },
    {
      "geometry": {
        "coordinates": [
          -0.123454,
          51.500825
        ],
        "type": "Point"
      },
      "properties": {
        "bangumi_id": 210864,
        "bangumi_title": "魔法使的新娘",
        "ep_cut": "",
        "image_url": "https://w.junreimap.com/images/points/210864/2q93a50_1752951329343.jpg",
        "location": "西敏寺周边（黄/绿/灰线-伦敦）",
        "point_id": "2q93a50",
        "point_name": "Westminster Bridge",
        "remark": "【游客事故高发地，拍摄时请留意飞车党和刻意贴近的可疑人士。】"
      },
      "type": "Feature"
    },
    {
      "geometry": {
        "coordinates": [
          -0.123305,
          51.500825
        ],
        "type": "Point"
      },
      "properties": {
        "bangumi_id": 210864,
        "bangumi_title": "魔法使的新娘",
        "ep_cut": 19,
        "image_url": "https://w.junreimap.com/images/points/210864/2q6ulbo_1752951063169.jpg",
        "location": "西敏寺周边（黄/绿/灰线-伦敦）",
        "point_id": "2q6ulbo",
        "point_name": "Westminster Bridge",
        "remark": "【游客事故高发地，拍摄时请留意飞车党和刻意贴近的可疑人士。】"
      },
      "type": "Feature"
    },
    {
      "geometry": {
        "coordinates": [
          -0.122801,
          51.500814
        ],
        "type": "Point"
      },
      "properties": {
        "bangumi_id": 210864,
        "bangumi_title": "魔法使的新娘",
        "ep_cut": 19,
        "image_url": "https://w.junreimap.com/images/points/210864/2q8xndt_1752951044082.jpg",
        "location": "西敏寺周边（黄/绿/灰线-伦敦）",
        "point_id": "2q8xndt",
        "point_name": "Westminster Bridge",
        "remark": "【游客事故高发地，拍摄时请留意飞车党和刻意贴近的可疑人士。】"
      },
      "type": "Feature"
    },
    {
      "geometry": {
        "coordinates": [
          -0.123031,
          51.500825
        ],
        "type": "Point"
      },
      "properties": {
        "bangumi_id": 210864,
        "bangumi_title": "魔法使的新娘",
        "ep_cut": 19,
        "image_url": "https://w.junreimap.com/images/points/210864/2q8xvc9_1752951054202.jpg",
        "location": "西敏寺周边（黄/绿/灰线-伦敦）",
        "point_id": "2q8xvc9",
        "point_name": "Westminster Bridge",
        "remark": "【游客事故高发地，拍摄时请留意飞车党和刻意贴近的可疑人士。】"
      },
      "type": "Feature"
    },
    {
      "geometry": {
        "coordinates": [
          -0.121665,
          51.500786
        ],
        "type": "Point"
      },
      "properties": {
        "bangumi_id": 210864,
        "bangumi_title": "魔法使的新娘",
        "ep_cut": "S02OP2",
        "image_url": "https://w.junreimap.com/images/points/210864/2sl3yv2_1753092427797.jpg",
        "location": "西敏寺周边（黄/绿/灰线-伦敦）",
        "point_id": "2sl3yv2",
        "point_name": "Westminster Bridge",
        "remark": "S02OP2【游客事故高发地，拍摄时请留意飞车党和刻意贴近的可疑人士。】"
      },
      "type": "Feature"
    },
    {
      "geometry": {
        "coordinates": [
          -0.123971,
          51.501044
        ],
        "type": "Point"
      },
      "properties": {
        "bangumi_id": 210864,
        "bangumi_title": "魔法使的新娘",
        "ep_cut": 19,
        "image_url": "https://w.junreimap.com/images/points/210864/2q8y4wt_1752951066428.jpg",
        "location": "西敏寺周边（黄/绿/灰线-伦敦）",
        "point_id": "2q8y4wt",
        "point_name": "Westminster Bridge 西侧",
        "remark": "【游客事故高发地，拍摄时请留意飞车党和刻意贴近的可疑人士。】"
      },
      "type": "Feature"
    },
    {
      "geometry": {
        "coordinates": [
          -0.123154,
          51.500819
        ],
        "type": "Point"
      },
      "properties": {
        "bangumi_id": 210864,
        "bangumi_title": "魔法使的新娘",
        "ep_cut": 24,
        "image_url": "https://w.junreimap.com/images/points/210864/2si0yd0_1753087247807.jpg",
        "location": "西敏寺周边（黄/绿/灰线-伦敦）",
        "point_id": "2si0yd0",
        "point_name": "Westminster Bridge 西侧",
        "remark": "S02EP24结尾【游客事故高发地，拍摄时请留意飞车党和刻意贴近的可疑人士。】"
      },
      "type": "Feature"
    },
    {
      "geometry": {
        "coordinates": [
          -0.123544,
          51.500797
        ],
        "type": "Point"
      },
      "properties": {
        "bangumi_id": 210864,
        "bangumi_title": "魔法使的新娘",
        "ep_cut": 24,
        "image_url": "https://w.junreimap.com/images/points/210864/2si193q_1753087262883.jpg",
        "location": "西敏寺周边（黄/绿/灰线-伦敦）",
        "point_id": "2si193q",
        "point_name": "Westminster Bridge 西侧",
        "remark": "【游客事故高发地，拍摄时请留意飞车党和刻意贴近的可疑人士。】"
      },
      "type": "Feature"
    },
    {
      "geometry": {
        "coordinates": [
          -0.123812,
          51.500985
        ],
        "type": "Point"
      },
      "properties": {
        "bangumi_id": 210864,
        "bangumi_title": "魔法使的新娘",
        "ep_cut": 19,
        "image_url": "https://w.junreimap.com/images/points/210864/2q8znqq_1752951140809.jpg",
        "location": "西敏寺周边（黄/绿/灰线-伦敦）",
        "point_id": "2q8znqq",
        "point_name": "Westminster Bridge 西侧",
        "remark": "【游客事故高发地，拍摄时请留意飞车党和刻意贴近的可疑人士。】"
      },
      "type": "Feature"
    },
    {
      "geometry": {
        "coordinates": [
          -0.125741,
          51.497556
        ],
        "type": "Point"
      },
      "properties": {
        "bangumi_id": 210864,
        "bangumi_title": "魔法使的新娘",
        "ep_cut": 19,
        "image_url": "https://w.junreimap.com/images/points/210864/2txnvk8_1753173979252.jpg",
        "location": "西敏寺周边（黄/绿/灰线-伦敦）",
        "point_id": "2txnvk8",
        "point_name": "Westminster Bridge 西侧",
        "remark": "【此为确认中的非精准坐标】西敏寺周边有很多悬挂英国国旗的建筑，其中公共部门最为常见，可以尝试在附近寻找这个地标。"
      },
      "type": "Feature"
    },
    {
      "geometry": {
        "coordinates": [
          -0.123942,
          51.501144
        ],
        "type": "Point"
      },
      "properties": {
        "bangumi_id": 210864,
        "bangumi_title": "魔法使的新娘",
        "ep_cut": 19,
        "image_url": "https://w.junreimap.com/images/points/210864/2q8ztb4_1752951144995.jpg",
        "location": "西敏寺周边（黄/绿/灰线-伦敦）",
        "point_id": "2q8ztb4",
        "point_name": "Westminster Bridge 西侧",
        "remark": "【游客事故高发地，拍摄时请留意飞车党和刻意贴近的可疑人士。】"
      },
      "type": "Feature"
    },
    {
      "geometry": {
        "coordinates": [
          -0.123964,
          51.500967
        ],
        "type": "Point"
      },
      "properties": {
        "bangumi_id": 210864,
        "bangumi_title": "魔法使的新娘",
        "ep_cut": 19,
        "image_url": "https://w.junreimap.com/images/points/210864/2q8zz8y_1752951152406.jpg",
        "location": "西敏寺周边（黄/绿/灰线-伦敦）",
        "point_id": "2q8zz8y",
        "point_name": "Westminster Bridge 西侧",
        "remark": "【游客事故高发地，拍摄时请留意飞车党和刻意贴近的可疑人士。】"
      },
      "type": "Feature"
    },
    {
      "geometry": {
        "coordinates": [
          -0.123913,
          51.501234
        ],
        "type": "Point"
      },
      "properties": {
        "bangumi_id": 210864,
        "bangumi_title": "魔法使的新娘",
        "ep_cut": 19,
        "image_url": "https://w.junreimap.com/images/points/210864/2q9080x_1752951164026.jpg",
        "location": "西敏寺周边（黄/绿/灰线-伦敦）",
        "point_id": "2q9080x",
        "point_name": "Westminster Bridge 西侧",
        "remark": "【游客事故高发地，拍摄时请留意飞车党和刻意贴近的可疑人士。】"
      },
      "type": "Feature"
    },
    {
      "geometry": {
        "coordinates": [
          -0.119677,
          51.502168
        ],
        "type": "Point"
      },
      "properties": {
        "bangumi_id": 210864,
        "bangumi_title": "魔法使的新娘",
        "ep_cut": "OVA1",
        "image_url": "https://w.junreimap.com/images/points/210864/2po5maz_1753098586892.jpg",
        "location": "西敏寺周边（黄/绿/灰线-伦敦）",
        "point_id": "2po5maz",
        "point_name": "Westminster Bridge 东侧",
        "remark": "沿威斯敏斯特桥方向向大本钟/西敏寺方向拍摄。【游客事故高发地，拍摄时请留意飞车党和刻意贴近的可疑人士。】"
      },
      "type": "Feature"
    },
    {
      "geometry": {
        "coordinates": [
          -0.119963,
          51.500144
        ],
        "type": "Point"
      },
      "properties": {
        "bangumi_id": 210864,
        "bangumi_title": "魔法使的新娘",
        "ep_cut": 20,
        "image_url": "https://w.junreimap.com/images/points/210864/2q8jqnp_1752950404113.jpg",
        "location": "西敏寺周边（黄/绿/灰线-伦敦）",
        "point_id": "2q8jqnp",
        "point_name": "Westminster Bridge 东侧",
        "remark": "【游客事故高发地，拍摄时请留意飞车党和刻意贴近的可疑人士。】"
      },
      "type": "Feature"
    },
    {
      "geometry": {
        "coordinates": [
          -0.12004,
          51.500242
        ],
        "type": "Point"
      },
      "properties": {
        "bangumi_id": 210864,
        "bangumi_title": "魔法使的新娘",
        "ep_cut": 20,
        "image_url": "https://w.junreimap.com/images/points/210864/2q8kfx4_1752950428248.jpg",
        "location": "西敏寺周边（黄/绿/灰线-伦敦）",
        "point_id": "2q8kfx4",
        "point_name": "Westminster Bridge 东侧",
        "remark": "【游客事故高发地，拍摄时请留意飞车党和刻意贴近的可疑人士。】"
      },
      "type": "Feature"
    },
    {
      "geometry": {
        "coordinates": [
          -0.120004,
          51.500363
        ],
        "type": "Point"
      },
      "properties": {
        "bangumi_id": 210864,
        "bangumi_title": "魔法使的新娘",
        "ep_cut": 20,
        "image_url": "https://w.junreimap.com/images/points/210864/2q8kj54_1752950431753.jpg",
        "location": "西敏寺周边（黄/绿/灰线-伦敦）",
        "point_id": "2q8kj54",
        "point_name": "Westminster Bridge 东侧",
        "remark": "【游客事故高发地，拍摄时请留意飞车党和刻意贴近的可疑人士。】"
      },
      "type": "Feature"
    },
    {
      "geometry": {
        "coordinates": [
          -0.119974,
          51.500456
        ],
        "type": "Point"
      },
      "properties": {
        "bangumi_id": 210864,
        "bangumi_title": "魔法使的新娘",
        "ep_cut": 13,
        "image_url": "https://w.junreimap.com/images/points/210864/2sim6lt_1753088238253.jpg",
        "location": "西敏寺周边（黄/绿/灰线-伦敦）",
        "point_id": "2sim6lt",
        "point_name": "Westminster Bridge 东侧",
        "remark": "S02EP13，威斯敏斯特桥东侧【游客事故高发地，拍摄时请留意飞车党和刻意贴近的可疑人士。】"
      },
      "type": "Feature"
    },
    {
      "geometry": {
        "coordinates": [
          -0.11941,
          51.502499
        ],
        "type": "Point"
      },
      "properties": {
        "bangumi_id": 210864,
        "bangumi_title": "魔法使的新娘",
        "ep_cut": 5,
        "image_url": "https://w.junreimap.com/images/points/210864/2sihl0u_1753088102717.jpg",
        "location": "西敏寺周边（黄/绿/灰线-伦敦）",
        "point_id": "2sihl0u",
        "point_name": "Sea Life London",
        "remark": "S02EP5，伦敦Sea Life水族馆"
      },
      "type": "Feature"
    },
    {
      "geometry": {
        "coordinates": [
          -0.119416,
          51.502438
        ],
        "type": "Point"
      },
      "properties": {
        "bangumi_id": 210864,
        "bangumi_title": "魔法使的新娘",
        "ep_cut": 5,
        "image_url": "https://w.junreimap.com/images/points/210864/2sik8fd_1753088146334.jpg",
        "location": "西敏寺周边（黄/绿/灰线-伦敦）",
        "point_id": "2sik8fd",
        "point_name": "Sea Life London",
        "remark": "S02EP5，伦敦Sea Life水族馆"
      },
      "type": "Feature"
    },
    {
      "geometry": {
        "coordinates": [
          -0.118771,
          51.493098
        ],
        "type": "Point"
      },
      "properties": {
        "bangumi_id": 210864,
        "bangumi_title": "魔法使的新娘",
        "ep_cut": 20,
        "image_url": "https://w.junreimap.com/images/points/210864/2q8hcg8_1752950285480.jpg",
        "location": "西敏寺周边（黄/绿/灰线-伦敦）",
        "point_id": "2q8hcg8",
        "point_name": "Westminster Bridge附近 空中",
        "remark": "无人机视角。禁飞区，需要Operator ID/Flyer ID"
      },
      "type": "Feature"
    },
    {
      "geometry": {
        "coordinates": [
          -0.123822,
          51.500767
        ],
        "type": "Point"
      },
      "properties": {
        "bangumi_id": 210864,
        "bangumi_title": "魔法使的新娘",
        "ep_cut": 24,
        "image_url": "https://w.junreimap.com/images/points/210864/2si0iz1_1753087226693.jpg",
        "location": "西敏寺周边（黄/绿/灰线-伦敦）",
        "point_id": "2si0iz1",
        "point_name": "Big Ben",
        "remark": "S02EP24结尾【游客事故高发地，拍摄时请留意飞车党和刻意贴近的可疑人士。】"
      },
      "type": "Feature"
    },
    {
      "geometry": {
        "coordinates": [
          -0.126049,
          51.502294
        ],
        "type": "Point"
      },
      "properties": {
        "bangumi_id": 210864,
        "bangumi_title": "魔法使的新娘",
        "ep_cut": 19,
        "image_url": "https://w.junreimap.com/images/points/210864/2q99t53_1752951612101.jpg",
        "location": "西敏寺周边（黄/绿/灰线-伦敦）",
        "point_id": "2q99t53",
        "point_name": "Big Ben/Palace of Westminster",
        "remark": "【游客事故高发地，拍摄时请留意飞车党和刻意贴近的可疑人士。】"
      },
      "type": "Feature"
    },
    {
      "geometry": {
        "coordinates": [
          -0.127304,
          51.50752
        ],
        "type": "Point"
      },
      "properties": {
        "bangumi_id": 210864,
        "bangumi_title": "魔法使的新娘",
        "ep_cut": 14,
        "image_url": "https://w.junreimap.com/images/points/210864/2slcjnr_1753092842423.jpg",
        "location": "国家美术馆周边（棕/黑/灰线-伦敦）",
        "point_id": "2slcjnr",
        "point_name": "Charing Cross Station 空中",
        "remark": "S02EP14，左边是伦敦眼。禁飞区，需要Operator ID/Flyer ID"
      },
      "type": "Feature"
    },
    {
      "geometry": {
        "coordinates": [
          -0.128123,
          51.508404
        ],
        "type": "Point"
      },
      "properties": {
        "bangumi_id": 210864,
        "bangumi_title": "魔法使的新娘",
        "ep_cut": 14,
        "image_url": "https://w.junreimap.com/images/points/210864/2slj76h_1753093137775.jpg",
        "location": "国家美术馆周边（棕/黑/灰线-伦敦）",
        "point_id": "2slj76h",
        "point_name": "The National Gallery",
        "remark": "S02EP14，国家美术馆【游客事故高发地，拍摄时请留意飞车党和刻意贴近的可疑人士。】"
      },
      "type": "Feature"
    },
    {
      "geometry": {
        "coordinates": [
          -0.127574,
          51.506947
        ],
        "type": "Point"
      },
      "properties": {
        "bangumi_id": 210864,
        "bangumi_title": "魔法使的新娘",
        "ep_cut": "GAMEOP",
        "image_url": "https://w.junreimap.com/images/points/210864/2supmja_1753108641290.jpg",
        "location": "国家美术馆周边（棕/黑/灰线-伦敦）",
        "point_id": "2supmja",
        "point_name": "Trafalgar Square 前",
        "remark": "《魔法使的新娘 盛夏之幻与梦想之旅》OP影像，此处明显是特拉法加广场前。【游客事故高发地，拍摄时请留意飞车党和刻意贴近的可疑人士。】"
      },
      "type": "Feature"
    },
    {
      "geometry": {
        "coordinates": [
          -0.127554,
          51.506907
        ],
        "type": "Point"
      },
      "properties": {
        "bangumi_id": 210864,
        "bangumi_title": "魔法使的新娘",
        "ep_cut": "GAMEOP",
        "image_url": "https://w.junreimap.com/images/points/210864/2sus2i1_1753108673281.jpg",
        "location": "国家美术馆周边（棕/黑/灰线-伦敦）",
        "point_id": "2sus2i1",
        "point_name": "Trafalgar Square 前",
        "remark": "《魔法使的新娘 盛夏之幻与梦想之旅》OP影像，此处明显是特拉法加广场前。【游客事故高发地，拍摄时请留意飞车党和刻意贴近的可疑人士。】"
      },
      "type": "Feature"
    },
    {
      "geometry": {
        "coordinates": [
          -0.176273,
          51.516141
        ],
        "type": "Point"
      },
      "properties": {
        "bangumi_id": 210864,
        "bangumi_title": "魔法使的新娘",
        "ep_cut": 16,
        "image_url": "https://w.junreimap.com/images/points/210864/2poq6ut_1752936756238.jpg",
        "location": "帕丁顿站周边（黄/粉线-伦敦）",
        "point_id": "2poq6ut",
        "point_name": "Paddington Station",
        "remark": "可以放在前往希斯罗机场的行程前，因为帕丁顿车站可以直达希思罗机场。"
      },
      "type": "Feature"
    },
    {
      "geometry": {
        "coordinates": [
          -0.176412,
          51.516176
        ],
        "type": "Point"
      },
      "properties": {
        "bangumi_id": 210864,
        "bangumi_title": "魔法使的新娘",
        "ep_cut": 16,
        "image_url": "https://w.junreimap.com/images/points/210864/2q0fp8b_1752936770418.jpg",
        "location": "帕丁顿站周边（黄/粉线-伦敦）",
        "point_id": "2q0fp8b",
        "point_name": "Paddington Station",
        "remark": "可以放在前往希斯罗机场的行程前，因为帕丁顿车站可以直达希思罗机场。"
      },
      "type": "Feature"
    },
    {
      "geometry": {
        "coordinates": [
          -0.176613,
          51.516349
        ],
        "type": "Point"
      },
      "properties": {
        "bangumi_id": 210864,
        "bangumi_title": "魔法使的新娘",
        "ep_cut": 16,
        "image_url": "https://w.junreimap.com/images/points/210864/2q0fsqh_1752936776025.jpg",
        "location": "帕丁顿站周边（黄/粉线-伦敦）",
        "point_id": "2q0fsqh",
        "point_name": "Paddington Station",
        "remark": "可以放在前往希斯罗机场的行程前，因为帕丁顿车站可以直达希思罗机场。"
      },
      "type": "Feature"
    },
    {
      "geometry": {
        "coordinates": [
          -0.176475,
          51.516168
        ],
        "type": "Point"
      },
      "properties": {
        "bangumi_id": 210864,
        "bangumi_title": "魔法使的新娘",
        "ep_cut": 16,
        "image_url": "https://w.junreimap.com/images/points/210864/2q0fx3o_1752936779632.jpg",
        "location": "帕丁顿站周边（黄/粉线-伦敦）",
        "point_id": "2q0fx3o",
        "point_name": "Paddington Station",
        "remark": "可以放在前往希斯罗机场的行程前，因为帕丁顿车站可以直达希思罗机场。"
      },
      "type": "Feature"
    },
    {
      "geometry": {
        "coordinates": [
          -0.176207,
          51.516104
        ],
        "type": "Point"
      },
      "properties": {
        "bangumi_id": 210864,
        "bangumi_title": "魔法使的新娘",
        "ep_cut": 16,
        "image_url": "https://w.junreimap.com/images/points/210864/2q0g0pk_1752936784572.jpg",
        "location": "帕丁顿站周边（黄/粉线-伦敦）",
        "point_id": "2q0g0pk",
        "point_name": "Paddington Station",
        "remark": "可以放在前往希斯罗机场的行程前，因为帕丁顿车站可以直达希思罗机场。"
      },
      "type": "Feature"
    },
    {
      "geometry": {
        "coordinates": [
          -0.176527,
          51.516243
        ],
        "type": "Point"
      },
      "properties": {
        "bangumi_id": 210864,
        "bangumi_title": "魔法使的新娘",
        "ep_cut": 16,
        "image_url": "https://w.junreimap.com/images/points/210864/2qatrjn_1752954222689.jpg",
        "location": "帕丁顿站周边（黄/粉线-伦敦）",
        "point_id": "2qatrjn",
        "point_name": "Paddington Station",
        "remark": ""
      },
      "type": "Feature"
    },
    {
      "geometry": {
        "coordinates": [
          -0.176442,
          51.516123
        ],
        "type": "Point"
      },
      "properties": {
        "bangumi_id": 210864,
        "bangumi_title": "魔法使的新娘",
        "ep_cut": 16,
        "image_url": "https://w.junreimap.com/images/points/210864/2q0g4km_1752936790548.jpg",
        "location": "帕丁顿站周边（黄/粉线-伦敦）",
        "point_id": "2q0g4km",
        "point_name": "Paddington Station",
        "remark": "可以放在前往希斯罗机场的行程前，因为帕丁顿车站可以直达希思罗机场。"
      },
      "type": "Feature"
    },
    {
      "geometry": {
        "coordinates": [
          -0.17661,
          51.516233
        ],
        "type": "Point"
      },
      "properties": {
        "bangumi_id": 210864,
        "bangumi_title": "魔法使的新娘",
        "ep_cut": 16,
        "image_url": "https://w.junreimap.com/images/points/210864/2qatbec_1752954203363.jpg",
        "location": "帕丁顿站周边（黄/粉线-伦敦）",
        "point_id": "2qatbec",
        "point_name": "Paddington Station",
        "remark": ""
      },
      "type": "Feature"
    },
    {
      "geometry": {
        "coordinates": [
          -0.176331,
          51.516112
        ],
        "type": "Point"
      },
      "properties": {
        "bangumi_id": 210864,
        "bangumi_title": "魔法使的新娘",
        "ep_cut": 16,
        "image_url": "https://w.junreimap.com/images/points/210864/2q0g8pe_1752936797621.jpg",
        "location": "帕丁顿站周边（黄/粉线-伦敦）",
        "point_id": "2q0g8pe",
        "point_name": "Paddington Station",
        "remark": "可以放在前往希斯罗机场的行程前，因为帕丁顿车站可以直达希思罗机场。"
      },
      "type": "Feature"
    },
    {
      "geometry": {
        "coordinates": [
          -0.175721,
          51.515683
        ],
        "type": "Point"
      },
      "properties": {
        "bangumi_id": 210864,
        "bangumi_title": "魔法使的新娘",
        "ep_cut": 16,
        "image_url": "https://w.junreimap.com/images/points/210864/2q0gdnq_1752936801285.jpg",
        "location": "帕丁顿站周边（黄/粉线-伦敦）",
        "point_id": "2q0gdnq",
        "point_name": "Paddington Station",
        "remark": "可以放在前往希斯罗机场的行程前，因为帕丁顿车站可以直达希思罗机场。"
      },
      "type": "Feature"
    },
    {
      "geometry": {
        "coordinates": [
          -0.176861,
          51.516361
        ],
        "type": "Point"
      },
      "properties": {
        "bangumi_id": 210864,
        "bangumi_title": "魔法使的新娘",
        "ep_cut": 2,
        "image_url": "https://w.junreimap.com/images/points/210864/2pnu2sx_1752936265724.jpg",
        "location": "帕丁顿站周边（黄/粉线-伦敦）",
        "point_id": "2pnu2sx",
        "point_name": "Paddington Station",
        "remark": "可以放在前往希斯罗机场的行程前，因为帕丁顿车站可以直达希思罗机场。"
      },
      "type": "Feature"
    },
    {
      "geometry": {
        "coordinates": [
          -0.176701,
          51.516425
        ],
        "type": "Point"
      },
      "properties": {
        "bangumi_id": 210864,
        "bangumi_title": "魔法使的新娘",
        "ep_cut": 2,
        "image_url": "https://w.junreimap.com/images/points/210864/2q05e9b_1752936301088.jpg",
        "location": "帕丁顿站周边（黄/粉线-伦敦）",
        "point_id": "2q05e9b",
        "point_name": "Paddington Station",
        "remark": "可以放在前往希斯罗机场的行程前，因为帕丁顿车站可以直达希思罗机场。"
      },
      "type": "Feature"
    },
    {
      "geometry": {
        "coordinates": [
          -0.179184,
          51.518055
        ],
        "type": "Point"
      },
      "properties": {
        "bangumi_id": 210864,
        "bangumi_title": "魔法使的新娘",
        "ep_cut": 2,
        "image_url": "https://w.junreimap.com/images/points/210864/2po7f5f_1752936170878.jpg",
        "location": "帕丁顿站周边（黄/粉线-伦敦）",
        "point_id": "2po7f5f",
        "point_name": "Great Western Railway列车内",
        "remark": "仅供参考"
      },
      "type": "Feature"
    },
    {
      "geometry": {
        "coordinates": [
          -0.179045,
          51.518222
        ],
        "type": "Point"
      },
      "properties": {
        "bangumi_id": 210864,
        "bangumi_title": "魔法使的新娘",
        "ep_cut": 24,
        "image_url": "https://w.junreimap.com/images/points/210864/2qajms7_1752953749152.jpg",
        "location": "帕丁顿站周边（黄/粉线-伦敦）",
        "point_id": "2qajms7",
        "point_name": "Great Western Railway列车内",
        "remark": ""
      },
      "type": "Feature"
    },
    {
      "geometry": {
        "coordinates": [
          -0.179024,
          51.517947
        ],
        "type": "Point"
      },
      "properties": {
        "bangumi_id": 210864,
        "bangumi_title": "魔法使的新娘",
        "ep_cut": 2,
        "image_url": "https://w.junreimap.com/images/points/210864/2tyl3uk_1753175526908.jpg",
        "location": "帕丁顿站周边（黄/粉线-伦敦）",
        "point_id": "2tyl3uk",
        "point_name": "Great Western Railway列车窗外",
        "remark": "指示类地标，非精确点位。"
      },
      "type": "Feature"
    },
    {
      "geometry": {
        "coordinates": [
          -0.178882,
          51.518056
        ],
        "type": "Point"
      },
      "properties": {
        "bangumi_id": 210864,
        "bangumi_title": "魔法使的新娘",
        "ep_cut": "",
        "image_url": "https://w.junreimap.com/images/points/210864/2suy5q2_1753108958131.jpg",
        "location": "帕丁顿站周边（黄/粉线-伦敦）",
        "point_id": "2suy5q2",
        "point_name": "伊丽莎白线列车内",
        "remark": ""
      },
      "type": "Feature"
    },
    {
      "geometry": {
        "coordinates": [
          -1.699558,
          51.99081
        ],
        "type": "Point"
      },
      "properties": {
        "bangumi_id": 210864,
        "bangumi_title": "魔法使的新娘",
        "ep_cut": 6,
        "image_url": "https://w.junreimap.com/images/points/210864/2u06cyc_1753178201642.jpg",
        "location": "莫顿因马什（GWR-格洛斯特郡）",
        "point_id": "2u06cyc",
        "point_name": "Great Western Railway列车",
        "remark": ""
      },
      "type": "Feature"
    },
    {
      "geometry": {
        "coordinates": [
          -1.700483,
          51.992234
        ],
        "type": "Point"
      },
      "properties": {
        "bangumi_id": 210864,
        "bangumi_title": "魔法使的新娘",
        "ep_cut": 6,
        "image_url": "https://w.junreimap.com/images/points/210864/2u03smv_1753178105262.jpg",
        "location": "莫顿因马什（GWR-格洛斯特郡）",
        "point_id": "2u03smv",
        "point_name": "Moreton-in-Marsh Station",
        "remark": "S02EP6，你这坐得也太远了。"
      },
      "type": "Feature"
    },
    {
      "geometry": {
        "coordinates": [
          -1.700502,
          51.992054
        ],
        "type": "Point"
      },
      "properties": {
        "bangumi_id": 210864,
        "bangumi_title": "魔法使的新娘",
        "ep_cut": 6,
        "image_url": "https://w.junreimap.com/images/points/210864/2u05ma6_1753178165021.jpg",
        "location": "莫顿因马什（GWR-格洛斯特郡）",
        "point_id": "2u05ma6",
        "point_name": "Moreton-in-Marsh Station",
        "remark": "S02EP6，你这坐得也太远了。"
      },
      "type": "Feature"
    },
    {
      "geometry": {
        "coordinates": [
          -1.700465,
          51.992191
        ],
        "type": "Point"
      },
      "properties": {
        "bangumi_id": 210864,
        "bangumi_title": "魔法使的新娘",
        "ep_cut": 6,
        "image_url": "https://w.junreimap.com/images/points/210864/2u05sj1_1753178173619.jpg",
        "location": "莫顿因马什（GWR-格洛斯特郡）",
        "point_id": "2u05sj1",
        "point_name": "Moreton-in-Marsh Station",
        "remark": "S02EP6，你这坐得也太远了。"
      },
      "type": "Feature"
    },
    {
      "geometry": {
        "coordinates": [
          -1.700473,
          51.992209
        ],
        "type": "Point"
      },
      "properties": {
        "bangumi_id": 210864,
        "bangumi_title": "魔法使的新娘",
        "ep_cut": 6,
        "image_url": "https://w.junreimap.com/images/points/210864/2u062p4_1753178184903.jpg",
        "location": "莫顿因马什（GWR-格洛斯特郡）",
        "point_id": "2u062p4",
        "point_name": "Moreton-in-Marsh Station",
        "remark": "S02EP6，你这坐得也太远了。"
      },
      "type": "Feature"
    },
    {
      "geometry": {
        "coordinates": [
          -0.338373,
          51.40266
        ],
        "type": "Point"
      },
      "properties": {
        "bangumi_id": 210864,
        "bangumi_title": "魔法使的新娘",
        "ep_cut": 5,
        "image_url": "https://w.junreimap.com/images/points/210864/2sioheu_1753088368034.jpg",
        "location": "汉普顿宫-东莫尔西",
        "point_id": "2sioheu",
        "point_name": "Hampton Court Maze",
        "remark": "S02EP5，花园迷宫。这里离希斯罗机场很近，可以考虑加入到首日或末日行程里。"
      },
      "type": "Feature"
    },
    {
      "geometry": {
        "coordinates": [
          -0.33837,
          51.402689
        ],
        "type": "Point"
      },
      "properties": {
        "bangumi_id": 210864,
        "bangumi_title": "魔法使的新娘",
        "ep_cut": 5,
        "image_url": "https://w.junreimap.com/images/points/210864/2siqa6r_1753088428959.jpg",
        "location": "汉普顿宫-东莫尔西",
        "point_id": "2siqa6r",
        "point_name": "Hampton Court Maze",
        "remark": "S02EP5，花园迷宫。这里离希斯罗机场很近，可以考虑加入到首日或末日行程里。"
      },
      "type": "Feature"
    },
    {
      "geometry": {
        "coordinates": [
          -0.338332,
          51.402639
        ],
        "type": "Point"
      },
      "properties": {
        "bangumi_id": 210864,
        "bangumi_title": "魔法使的新娘",
        "ep_cut": 5,
        "image_url": "https://w.junreimap.com/images/points/210864/2tzrhgx_1753177504629.jpg",
        "location": "汉普顿宫-东莫尔西",
        "point_id": "2tzrhgx",
        "point_name": "Hampton Court Maze",
        "remark": "S02EP5，花园迷宫，无人机视角。这里离希斯罗机场很近，可以考虑加入到首日或末日行程里。"
      },
      "type": "Feature"
    },
    {
      "geometry": {
        "coordinates": [
          -0.338361,
          51.402644
        ],
        "type": "Point"
      },
      "properties": {
        "bangumi_id": 210864,
        "bangumi_title": "魔法使的新娘",
        "ep_cut": 5,
        "image_url": "https://w.junreimap.com/images/points/210864/2tzropw_1753177514690.jpg",
        "location": "汉普顿宫-东莫尔西",
        "point_id": "2tzropw",
        "point_name": "Hampton Court Maze",
        "remark": "S02EP5，花园迷宫。这里离希斯罗机场很近，可以考虑加入到首日或末日行程里。"
      },
      "type": "Feature"
    },
    {
      "geometry": {
        "coordinates": [
          -0.338359,
          51.402655
        ],
        "type": "Point"
      },
      "properties": {
        "bangumi_id": 210864,
        "bangumi_title": "魔法使的新娘",
        "ep_cut": 5,
        "image_url": "https://w.junreimap.com/images/points/210864/2tzs2dv_1753177531280.jpg",
        "location": "汉普顿宫-东莫尔西",
        "point_id": "2tzs2dv",
        "point_name": "Hampton Court Maze",
        "remark": "S02EP5，花园迷宫。这里离希斯罗机场很近，可以考虑加入到首日或末日行程里。"
      },
      "type": "Feature"
    },
    {
      "geometry": {
        "coordinates": [
          -0.338313,
          51.402659
        ],
        "type": "Point"
      },
      "properties": {
        "bangumi_id": 210864,
        "bangumi_title": "魔法使的新娘",
        "ep_cut": 5,
        "image_url": "https://w.junreimap.com/images/points/210864/2siqg8p_1753088436120.jpg",
        "location": "汉普顿宫-东莫尔西",
        "point_id": "2siqg8p",
        "point_name": "Hampton Court Maze",
        "remark": "S02EP5，花园迷宫。这里离希斯罗机场很近，可以考虑加入到首日或末日行程里。"
      },
      "type": "Feature"
    },
    {
      "geometry": {
        "coordinates": [
          -0.338373,
          51.402629
        ],
        "type": "Point"
      },
      "properties": {
        "bangumi_id": 210864,
        "bangumi_title": "魔法使的新娘",
        "ep_cut": 5,
        "image_url": "https://w.junreimap.com/images/points/210864/2siqixa_1753088439597.jpg",
        "location": "汉普顿宫-东莫尔西",
        "point_id": "2siqixa",
        "point_name": "Hampton Court Maze",
        "remark": "S02EP5，花园迷宫。这里离希斯罗机场很近，可以考虑加入到首日或末日行程里。"
      },
      "type": "Feature"
    },
    {
      "geometry": {
        "coordinates": [
          -0.338139,
          51.403062
        ],
        "type": "Point"
      },
      "properties": {
        "bangumi_id": 210864,
        "bangumi_title": "魔法使的新娘",
        "ep_cut": 5,
        "image_url": "https://w.junreimap.com/images/points/210864/2sirj4x_1753088488634.jpg",
        "location": "汉普顿宫-东莫尔西",
        "point_id": "2sirj4x",
        "point_name": "Hampton Court Maze",
        "remark": "S02EP5，花园迷宫。这里离希斯罗机场很近，可以考虑加入到首日或末日行程里。"
      },
      "type": "Feature"
    },
    {
      "geometry": {
        "coordinates": [
          -1.758051,
          51.884363
        ],
        "type": "Point"
      },
      "properties": {
        "bangumi_id": 210864,
        "bangumi_title": "魔法使的新娘",
        "ep_cut": 9,
        "image_url": "https://w.junreimap.com/images/points/210864/2pnr6uk_1752934083809.jpg",
        "location": "水上伯顿（科茨沃尔德-格洛斯特郡）",
        "point_id": "2pnr6uk",
        "point_name": "Bourton-on-the-Water",
        "remark": "顺便一提，这里也叫“英格兰的威尼斯”"
      },
      "type": "Feature"
    },
    {
      "geometry": {
        "coordinates": [
          -1.757547,
          51.884429
        ],
        "type": "Point"
      },
      "properties": {
        "bangumi_id": 210864,
        "bangumi_title": "魔法使的新娘",
        "ep_cut": 9,
        "image_url": "https://w.junreimap.com/images/points/210864/2pnqy0w_1752934079784.jpg",
        "location": "水上伯顿（科茨沃尔德-格洛斯特郡）",
        "point_id": "2pnqy0w",
        "point_name": "Bourton-on-the-Water",
        "remark": ""
      },
      "type": "Feature"
    },
    {
      "geometry": {
        "coordinates": [
          -1.757464,
          51.884454
        ],
        "type": "Point"
      },
      "properties": {
        "bangumi_id": 210864,
        "bangumi_title": "魔法使的新娘",
        "ep_cut": 9,
        "image_url": "https://w.junreimap.com/images/points/210864/2q7c0s2_1752948355413.jpg",
        "location": "水上伯顿（科茨沃尔德-格洛斯特郡）",
        "point_id": "2q7c0s2",
        "point_name": "Bourton-on-the-Water",
        "remark": "随便上一辆巴士就行。"
      },
      "type": "Feature"
    },
    {
      "geometry": {
        "coordinates": [
          -1.757258,
          51.883374
        ],
        "type": "Point"
      },
      "properties": {
        "bangumi_id": 210864,
        "bangumi_title": "魔法使的新娘",
        "ep_cut": 9,
        "image_url": "https://w.junreimap.com/images/points/210864/2pyuykf_1752934123247.jpg",
        "location": "水上伯顿（科茨沃尔德-格洛斯特郡）",
        "point_id": "2pyuykf",
        "point_name": "Bourton-on-the-Water",
        "remark": "咖啡店是有原型的，但是找不着在哪了，应该在河岸边。"
      },
      "type": "Feature"
    },
    {
      "geometry": {
        "coordinates": [
          -1.75725,
          51.883376
        ],
        "type": "Point"
      },
      "properties": {
        "bangumi_id": 210864,
        "bangumi_title": "魔法使的新娘",
        "ep_cut": 9,
        "image_url": "https://w.junreimap.com/images/points/210864/2pyv3hm_1752934130006.jpg",
        "location": "水上伯顿（科茨沃尔德-格洛斯特郡）",
        "point_id": "2pyv3hm",
        "point_name": "Bourton-on-the-Water",
        "remark": "咖啡店是有原型的，但是找不着在哪了，应该在河岸边。"
      },
      "type": "Feature"
    },
    {
      "geometry": {
        "coordinates": [
          -1.757266,
          51.88337
        ],
        "type": "Point"
      },
      "properties": {
        "bangumi_id": 210864,
        "bangumi_title": "魔法使的新娘",
        "ep_cut": 9,
        "image_url": "https://w.junreimap.com/images/points/210864/2tyi9hg_1753175396945.jpg",
        "location": "水上伯顿（科茨沃尔德-格洛斯特郡）",
        "point_id": "2tyi9hg",
        "point_name": "The Cotswolds National Landscape",
        "remark": "咖啡店是有原型的，但是找不着在哪了，应该在河岸边。"
      },
      "type": "Feature"
    },
    {
      "geometry": {
        "coordinates": [
          -1.7566,
          51.883756
        ],
        "type": "Point"
      },
      "properties": {
        "bangumi_id": 210864,
        "bangumi_title": "魔法使的新娘",
        "ep_cut": 9,
        "image_url": "https://w.junreimap.com/images/points/210864/2pyuerm_1752934101270.jpg",
        "location": "水上伯顿（科茨沃尔德-格洛斯特郡）",
        "point_id": "2pyuerm",
        "point_name": "Bourton-on-the-Water",
        "remark": ""
      },
      "type": "Feature"
    },
    {
      "geometry": {
        "coordinates": [
          -1.756455,
          51.883647
        ],
        "type": "Point"
      },
      "properties": {
        "bangumi_id": 210864,
        "bangumi_title": "魔法使的新娘",
        "ep_cut": 9,
        "image_url": "https://w.junreimap.com/images/points/210864/2pyumql_1752934107463.jpg",
        "location": "水上伯顿（科茨沃尔德-格洛斯特郡）",
        "point_id": "2pyumql",
        "point_name": "Bourton-on-the-Water",
        "remark": "此坐标为近似坐标，并非准确地点，只确保街道正确。"
      },
      "type": "Feature"
    },
    {
      "geometry": {
        "coordinates": [
          -1.756496,
          51.883676
        ],
        "type": "Point"
      },
      "properties": {
        "bangumi_id": 210864,
        "bangumi_title": "魔法使的新娘",
        "ep_cut": 9,
        "image_url": "https://w.junreimap.com/images/points/210864/2pyupk4_1752934110448.jpg",
        "location": "水上伯顿（科茨沃尔德-格洛斯特郡）",
        "point_id": "2pyupk4",
        "point_name": "Bourton-on-the-Water",
        "remark": "此坐标为近似坐标，并非准确地点，只确保街道正确。"
      },
      "type": "Feature"
    },
    {
      "geometry": {
        "coordinates": [
          -1.756381,
          51.883508
        ],
        "type": "Point"
      },
      "properties": {
        "bangumi_id": 210864,
        "bangumi_title": "魔法使的新娘",
        "ep_cut": 9,
        "image_url": "https://w.junreimap.com/images/points/210864/2pyusvi_1752934116235.jpg",
        "location": "水上伯顿（科茨沃尔德-格洛斯特郡）",
        "point_id": "2pyusvi",
        "point_name": "Bourton-on-the-Water",
        "remark": "此坐标为近似坐标，并非准确地点，只确保街道正确。"
      },
      "type": "Feature"
    },
    {
      "geometry": {
        "coordinates": [
          -1.755884,
          51.883225
        ],
        "type": "Point"
      },
      "properties": {
        "bangumi_id": 210864,
        "bangumi_title": "魔法使的新娘",
        "ep_cut": 9,
        "image_url": "https://w.junreimap.com/images/points/210864/2pyvagn_1752934137930.jpg",
        "location": "水上伯顿（科茨沃尔德-格洛斯特郡）",
        "point_id": "2pyvagn",
        "point_name": "Bourton-on-the-Water",
        "remark": "此坐标为近似坐标，并非准确地点。"
      },
      "type": "Feature"
    },
    {
      "geometry": {
        "coordinates": [
          -1.755805,
          51.88318
        ],
        "type": "Point"
      },
      "properties": {
        "bangumi_id": 210864,
        "bangumi_title": "魔法使的新娘",
        "ep_cut": 9,
        "image_url": "https://w.junreimap.com/images/points/210864/2pyvt9r_1752934162992.jpg",
        "location": "水上伯顿（科茨沃尔德-格洛斯特郡）",
        "point_id": "2pyvt9r",
        "point_name": "Bourton-on-the-Water",
        "remark": "此坐标为近似坐标，并非准确地点。"
      },
      "type": "Feature"
    },
    {
      "geometry": {
        "coordinates": [
          -1.755648,
          51.883108
        ],
        "type": "Point"
      },
      "properties": {
        "bangumi_id": 210864,
        "bangumi_title": "魔法使的新娘",
        "ep_cut": 9,
        "image_url": "https://w.junreimap.com/images/points/210864/2pyvwph_1752934166459.jpg",
        "location": "水上伯顿（科茨沃尔德-格洛斯特郡）",
        "point_id": "2pyvwph",
        "point_name": "Bourton-on-the-Water",
        "remark": "此坐标为近似坐标，并非准确地点。"
      },
      "type": "Feature"
    },
    {
      "geometry": {
        "coordinates": [
          -1.75613,
          51.883332
        ],
        "type": "Point"
      },
      "properties": {
        "bangumi_id": 210864,
        "bangumi_title": "魔法使的新娘",
        "ep_cut": 9,
        "image_url": "https://w.junreimap.com/images/points/210864/2pyw1yt_1752934195554.jpg",
        "location": "水上伯顿（科茨沃尔德-格洛斯特郡）",
        "point_id": "2pyw1yt",
        "point_name": "Bourton-on-the-Water",
        "remark": ""
      },
      "type": "Feature"
    },
    {
      "geometry": {
        "coordinates": [
          -1.75594,
          51.883256
        ],
        "type": "Point"
      },
      "properties": {
        "bangumi_id": 210864,
        "bangumi_title": "魔法使的新娘",
        "ep_cut": 9,
        "image_url": "https://w.junreimap.com/images/points/210864/2pywmtb_1752934200986.jpg",
        "location": "水上伯顿（科茨沃尔德-格洛斯特郡）",
        "point_id": "2pywmtb",
        "point_name": "Bourton-on-the-Water",
        "remark": "此坐标为近似坐标，并非准确地点。"
      },
      "type": "Feature"
    },
    {
      "geometry": {
        "coordinates": [
          -1.75606,
          51.88327
        ],
        "type": "Point"
      },
      "properties": {
        "bangumi_id": 210864,
        "bangumi_title": "魔法使的新娘",
        "ep_cut": 9,
        "image_url": "https://w.junreimap.com/images/points/210864/2pywa0n_1752934184523.jpg",
        "location": "水上伯顿（科茨沃尔德-格洛斯特郡）",
        "point_id": "2pywa0n",
        "point_name": "Bourton-on-the-Water",
        "remark": "此坐标为近似坐标，并非准确地点。"
      },
      "type": "Feature"
    },
    {
      "geometry": {
        "coordinates": [
          -1.755728,
          51.883143
        ],
        "type": "Point"
      },
      "properties": {
        "bangumi_id": 210864,
        "bangumi_title": "魔法使的新娘",
        "ep_cut": 9,
        "image_url": "https://w.junreimap.com/images/points/210864/2pyvfyk_1752934145336.jpg",
        "location": "水上伯顿（科茨沃尔德-格洛斯特郡）",
        "point_id": "2pyvfyk",
        "point_name": "Bourton-on-the-Water",
        "remark": "此坐标为近似坐标，并非准确地点。"
      },
      "type": "Feature"
    },
    {
      "geometry": {
        "coordinates": [
          -1.752361,
          51.883118
        ],
        "type": "Point"
      },
      "properties": {
        "bangumi_id": 210864,
        "bangumi_title": "魔法使的新娘",
        "ep_cut": 9,
        "image_url": "https://w.junreimap.com/images/points/210864/2pzsnv1_1752935700426.jpg",
        "location": "水上伯顿（科茨沃尔德-格洛斯特郡）",
        "point_id": "2pzsnv1",
        "point_name": "Bourton-on-the-Water",
        "remark": ""
      },
      "type": "Feature"
    },
    {
      "geometry": {
        "coordinates": [
          -1.752504,
          51.883175
        ],
        "type": "Point"
      },
      "properties": {
        "bangumi_id": 210864,
        "bangumi_title": "魔法使的新娘",
        "ep_cut": 9,
        "image_url": "https://w.junreimap.com/images/points/210864/2tygm8o_1753175317748.jpg",
        "location": "水上伯顿（科茨沃尔德-格洛斯特郡）",
        "point_id": "2tygm8o",
        "point_name": "Bourton-on-the-Water",
        "remark": "意外的是，Elias家门前的Drystone小径可以在水上伯顿找到类似的。"
      },
      "type": "Feature"
    },
    {
      "geometry": {
        "coordinates": [
          -1.755596,
          51.884157
        ],
        "type": "Point"
      },
      "properties": {
        "bangumi_id": 210864,
        "bangumi_title": "魔法使的新娘",
        "ep_cut": 9,
        "image_url": "https://w.junreimap.com/images/points/210864/2q7bfvr_1752948328908.jpg",
        "location": "水上伯顿（科茨沃尔德-格洛斯特郡）",
        "point_id": "2q7bfvr",
        "point_name": "Bourton-on-the-Water",
        "remark": "此坐标为近似坐标，并非准确地点。"
      },
      "type": "Feature"
    },
    {
      "geometry": {
        "coordinates": [
          -1.826879,
          51.756137
        ],
        "type": "Point"
      },
      "properties": {
        "bangumi_id": 210864,
        "bangumi_title": "魔法使的新娘",
        "ep_cut": 9,
        "image_url": "https://w.junreimap.com/images/points/210864/2pnt0at_1752934802107.jpg",
        "location": "拜伯里（科茨沃尔德-格洛斯特郡）",
        "point_id": "2pnt0at",
        "point_name": "Bibury - River Coln 南岸",
        "remark": "Bibury有很多类似的农道，此处列举其中一条。"
      },
      "type": "Feature"
    },
    {
      "geometry": {
        "coordinates": [
          -1.826873,
          51.756152
        ],
        "type": "Point"
      },
      "properties": {
        "bangumi_id": 210864,
        "bangumi_title": "魔法使的新娘",
        "ep_cut": 6,
        "image_url": "https://w.junreimap.com/images/points/210864/2q7clul_1752948382405.jpg",
        "location": "拜伯里（科茨沃尔德-格洛斯特郡）",
        "point_id": "2q7clul",
        "point_name": "Bibury - River Coln 南岸",
        "remark": ""
      },
      "type": "Feature"
    },
    {
      "geometry": {
        "coordinates": [
          -1.82692,
          51.756015
        ],
        "type": "Point"
      },
      "properties": {
        "bangumi_id": 210864,
        "bangumi_title": "魔法使的新娘",
        "ep_cut": 2,
        "image_url": "https://w.junreimap.com/images/points/210864/2pzak78_1752934857568.jpg",
        "location": "拜伯里（科茨沃尔德-格洛斯特郡）",
        "point_id": "2pzak78",
        "point_name": "Bibury - River Coln 南岸",
        "remark": "Bibury有很多类似的农道，此处列举其中一条。"
      },
      "type": "Feature"
    },
    {
      "geometry": {
        "coordinates": [
          -1.826957,
          51.755926
        ],
        "type": "Point"
      },
      "properties": {
        "bangumi_id": 210864,
        "bangumi_title": "魔法使的新娘",
        "ep_cut": 2,
        "image_url": "https://w.junreimap.com/images/points/210864/2pzas9c_1752934861010.jpg",
        "location": "拜伯里（科茨沃尔德-格洛斯特郡）",
        "point_id": "2pzas9c",
        "point_name": "Bibury - River Coln 南岸",
        "remark": "Bibury有很多类似的农道，此处列举其中一条。"
      },
      "type": "Feature"
    },
    {
      "geometry": {
        "coordinates": [
          -1.826944,
          51.755955
        ],
        "type": "Point"
      },
      "properties": {
        "bangumi_id": 210864,
        "bangumi_title": "魔法使的新娘",
        "ep_cut": 2,
        "image_url": "https://w.junreimap.com/images/points/210864/2tync4u_1753175631128.jpg",
        "location": "拜伯里（科茨沃尔德-格洛斯特郡）",
        "point_id": "2tync4u",
        "point_name": "Bibury - River Coln 南岸",
        "remark": "Bibury有很多类似的农道，此处列举其中一条。"
      },
      "type": "Feature"
    },
    {
      "geometry": {
        "coordinates": [
          -1.826928,
          51.755979
        ],
        "type": "Point"
      },
      "properties": {
        "bangumi_id": 210864,
        "bangumi_title": "魔法使的新娘",
        "ep_cut": 2,
        "image_url": "https://w.junreimap.com/images/points/210864/2pzb672_1752934886257.jpg",
        "location": "拜伯里（科茨沃尔德-格洛斯特郡）",
        "point_id": "2pzb672",
        "point_name": "Bibury - River Coln 南岸",
        "remark": "Bibury有很多类似的农道，此处列举其中一条。"
      },
      "type": "Feature"
    },
    {
      "geometry": {
        "coordinates": [
          -1.828295,
          51.754736
        ],
        "type": "Point"
      },
      "properties": {
        "bangumi_id": 210864,
        "bangumi_title": "魔法使的新娘",
        "ep_cut": 9,
        "image_url": "https://w.junreimap.com/images/points/210864/2tyfak0_1753175256640.jpg",
        "location": "拜伯里（科茨沃尔德-格洛斯特郡）",
        "point_id": "2tyfak0",
        "point_name": "Bibury - River Coln 南岸",
        "remark": "Bibury有很多类似的农道，此处列举其中一条。"
      },
      "type": "Feature"
    },
    {
      "geometry": {
        "coordinates": [
          -1.828208,
          51.754977
        ],
        "type": "Point"
      },
      "properties": {
        "bangumi_id": 210864,
        "bangumi_title": "魔法使的新娘",
        "ep_cut": 9,
        "image_url": "https://w.junreimap.com/images/points/210864/2tyfmbh_1753175272090.jpg",
        "location": "拜伯里（科茨沃尔德-格洛斯特郡）",
        "point_id": "2tyfmbh",
        "point_name": "Bibury - River Coln 南岸",
        "remark": ""
      },
      "type": "Feature"
    },
    {
      "geometry": {
        "coordinates": [
          -1.826902,
          51.756056
        ],
        "type": "Point"
      },
      "properties": {
        "bangumi_id": 210864,
        "bangumi_title": "魔法使的新娘",
        "ep_cut": 2,
        "image_url": "https://w.junreimap.com/images/points/210864/2pzbo1r_1752934901759.jpg",
        "location": "拜伯里（科茨沃尔德-格洛斯特郡）",
        "point_id": "2pzbo1r",
        "point_name": "Bibury - River Coln 南岸",
        "remark": "Bibury有很多类似的农道，此处列举其中一条。"
      },
      "type": "Feature"
    },
    {
      "geometry": {
        "coordinates": [
          -1.826893,
          51.756096
        ],
        "type": "Point"
      },
      "properties": {
        "bangumi_id": 210864,
        "bangumi_title": "魔法使的新娘",
        "ep_cut": 2,
        "image_url": "https://w.junreimap.com/images/points/210864/2pzbtun_1752934908819.jpg",
        "location": "拜伯里（科茨沃尔德-格洛斯特郡）",
        "point_id": "2pzbtun",
        "point_name": "Bibury - River Coln 南岸",
        "remark": "Bibury有很多类似的农道，此处列举其中一条。"
      },
      "type": "Feature"
    },
    {
      "geometry": {
        "coordinates": [
          -1.826866,
          51.756173
        ],
        "type": "Point"
      },
      "properties": {
        "bangumi_id": 210864,
        "bangumi_title": "魔法使的新娘",
        "ep_cut": 9,
        "image_url": "https://w.junreimap.com/images/points/210864/2pzdm9k_1752934992474.jpg",
        "location": "拜伯里（科茨沃尔德-格洛斯特郡）",
        "point_id": "2pzdm9k",
        "point_name": "Bibury - River Coln 南岸",
        "remark": "Bibury有很多类似的农道，此处列举其中一条。"
      },
      "type": "Feature"
    },
    {
      "geometry": {
        "coordinates": [
          -1.826964,
          51.755898
        ],
        "type": "Point"
      },
      "properties": {
        "bangumi_id": 210864,
        "bangumi_title": "魔法使的新娘",
        "ep_cut": "OP2",
        "image_url": "https://w.junreimap.com/images/points/210864/2q0ihhq_1752936915469.jpg",
        "location": "拜伯里（科茨沃尔德-格洛斯特郡）",
        "point_id": "2q0ihhq",
        "point_name": "Bibury - River Coln 南岸",
        "remark": "Bibury有很多类似的农道，此处列举其中一条。"
      },
      "type": "Feature"
    },
    {
      "geometry": {
        "coordinates": [
          -1.826968,
          51.755873
        ],
        "type": "Point"
      },
      "properties": {
        "bangumi_id": 210864,
        "bangumi_title": "魔法使的新娘",
        "ep_cut": "OP2",
        "image_url": "https://w.junreimap.com/images/points/210864/2q0jecp_1752936942066.jpg",
        "location": "拜伯里（科茨沃尔德-格洛斯特郡）",
        "point_id": "2q0jecp",
        "point_name": "Bibury - River Coln 南岸",
        "remark": "Bibury有很多类似的农道，此处列举其中一条。"
      },
      "type": "Feature"
    },
    {
      "geometry": {
        "coordinates": [
          -1.826985,
          51.75585
        ],
        "type": "Point"
      },
      "properties": {
        "bangumi_id": 210864,
        "bangumi_title": "魔法使的新娘",
        "ep_cut": "OP2",
        "image_url": "https://w.junreimap.com/images/points/210864/2q0jif2_1752936947552.jpg",
        "location": "拜伯里（科茨沃尔德-格洛斯特郡）",
        "point_id": "2q0jif2",
        "point_name": "Bibury - River Coln 南岸",
        "remark": "Bibury有很多类似的农道，此处列举其中一条。"
      },
      "type": "Feature"
    },
    {
      "geometry": {
        "coordinates": [
          -1.826999,
          51.755823
        ],
        "type": "Point"
      },
      "properties": {
        "bangumi_id": 210864,
        "bangumi_title": "魔法使的新娘",
        "ep_cut": "OP2",
        "image_url": "https://w.junreimap.com/images/points/210864/2q0jnc9_1752936953560.jpg",
        "location": "拜伯里（科茨沃尔德-格洛斯特郡）",
        "point_id": "2q0jnc9",
        "point_name": "Bibury - River Coln 南岸",
        "remark": "Bibury有很多类似的农道，此处列举其中一条。"
      },
      "type": "Feature"
    },
    {
      "geometry": {
        "coordinates": [
          -1.826855,
          51.756201
        ],
        "type": "Point"
      },
      "properties": {
        "bangumi_id": 210864,
        "bangumi_title": "魔法使的新娘",
        "ep_cut": 6,
        "image_url": "https://w.junreimap.com/images/points/210864/2q7amlx_1752948290607.jpg",
        "location": "拜伯里（科茨沃尔德-格洛斯特郡）",
        "point_id": "2q7amlx",
        "point_name": "Bibury - River Coln 南岸",
        "remark": "Bibury有很多类似的农道，此处列举其中一条。"
      },
      "type": "Feature"
    },
    {
      "geometry": {
        "coordinates": [
          -1.826843,
          51.756226
        ],
        "type": "Point"
      },
      "properties": {
        "bangumi_id": 210864,
        "bangumi_title": "魔法使的新娘",
        "ep_cut": 6,
        "image_url": "https://w.junreimap.com/images/points/210864/2q7av1s_1752948300902.jpg",
        "location": "拜伯里（科茨沃尔德-格洛斯特郡）",
        "point_id": "2q7av1s",
        "point_name": "Bibury - River Coln 南岸",
        "remark": "Bibury有很多类似的农道，此处列举其中一条。"
      },
      "type": "Feature"
    },
    {
      "geometry": {
        "coordinates": [
          -1.82686,
          51.756186
        ],
        "type": "Point"
      },
      "properties": {
        "bangumi_id": 210864,
        "bangumi_title": "魔法使的新娘",
        "ep_cut": 6,
        "image_url": "https://w.junreimap.com/images/points/210864/2q7b0te_1752948308749.jpg",
        "location": "拜伯里（科茨沃尔德-格洛斯特郡）",
        "point_id": "2q7b0te",
        "point_name": "Bibury - River Coln 南岸",
        "remark": "Bibury有很多类似的农道，此处列举其中一条。"
      },
      "type": "Feature"
    },
    {
      "geometry": {
        "coordinates": [
          -1.82701,
          51.755777
        ],
        "type": "Point"
      },
      "properties": {
        "bangumi_id": 210864,
        "bangumi_title": "魔法使的新娘",
        "ep_cut": 20,
        "image_url": "https://w.junreimap.com/images/points/210864/2q7yqee_1752949417351.jpg",
        "location": "拜伯里（科茨沃尔德-格洛斯特郡）",
        "point_id": "2q7yqee",
        "point_name": "Bibury - River Coln 南岸",
        "remark": "Bibury有很多类似的农道，此处列举其中一条。"
      },
      "type": "Feature"
    },
    {
      "geometry": {
        "coordinates": [
          -1.828929,
          51.752147
        ],
        "type": "Point"
      },
      "properties": {
        "bangumi_id": 210864,
        "bangumi_title": "魔法使的新娘",
        "ep_cut": 24,
        "image_url": "https://w.junreimap.com/images/points/210864/2txz1rc_1753174498467.jpg",
        "location": "拜伯里（科茨沃尔德-格洛斯特郡）",
        "point_id": "2txz1rc",
        "point_name": "Bibury - River Coln 南岸",
        "remark": "理论位置，一般认为现实中不存在Elias的房子。"
      },
      "type": "Feature"
    },
    {
      "geometry": {
        "coordinates": [
          -1.829082,
          51.749332
        ],
        "type": "Point"
      },
      "properties": {
        "bangumi_id": 210864,
        "bangumi_title": "魔法使的新娘",
        "ep_cut": 24,
        "image_url": "https://w.junreimap.com/images/points/210864/2ty4k84_1753174766792.jpg",
        "location": "拜伯里（科茨沃尔德-格洛斯特郡）",
        "point_id": "2ty4k84",
        "point_name": "The Cotswolds National Landscape",
        "remark": "【此为理论位置，非真实取景地】理论位置，一般认为现实中不存在Elias的房子。"
      },
      "type": "Feature"
    },
    {
      "geometry": {
        "coordinates": [
          -1.829338,
          51.749649
        ],
        "type": "Point"
      },
      "properties": {
        "bangumi_id": 210864,
        "bangumi_title": "魔法使的新娘",
        "ep_cut": "ED1",
        "image_url": "https://w.junreimap.com/images/points/210864/2tyjht4_1753175452564.jpg",
        "location": "拜伯里（科茨沃尔德-格洛斯特郡）",
        "point_id": "2tyjht4",
        "point_name": "The Cotswolds National Landscape",
        "remark": "【此为理论位置，非真实取景地】理论位置，一般认为现实中不存在Elias的房子。但眺望的景色这里是差不多的。"
      },
      "type": "Feature"
    },
    {
      "geometry": {
        "coordinates": [
          -1.826926,
          51.757437
        ],
        "type": "Point"
      },
      "properties": {
        "bangumi_id": 210864,
        "bangumi_title": "魔法使的新娘",
        "ep_cut": 4,
        "image_url": "https://w.junreimap.com/images/points/210864/2styxt8_1753107308496.jpg",
        "location": "拜伯里（科茨沃尔德-格洛斯特郡）",
        "point_id": "2styxt8",
        "point_name": "Court Farm, Bibury前",
        "remark": "S02EP4"
      },
      "type": "Feature"
    },
    {
      "geometry": {
        "coordinates": [
          -1.830841,
          51.757482
        ],
        "type": "Point"
      },
      "properties": {
        "bangumi_id": 210864,
        "bangumi_title": "魔法使的新娘",
        "ep_cut": 9,
        "image_url": "https://w.junreimap.com/images/points/210864/2pod14k_1752935043475.jpg",
        "location": "拜伯里（科茨沃尔德-格洛斯特郡）",
        "point_id": "2pod14k",
        "point_name": "St Mary's Church",
        "remark": "作品中对教堂的整体外形做了一点修改，但保留了部分取材场景。"
      },
      "type": "Feature"
    },
    {
      "geometry": {
        "coordinates": [
          -1.830006,
          51.757253
        ],
        "type": "Point"
      },
      "properties": {
        "bangumi_id": 210864,
        "bangumi_title": "魔法使的新娘",
        "ep_cut": 9,
        "image_url": "https://w.junreimap.com/images/points/210864/2pzgn91_1752935135236.jpg",
        "location": "拜伯里（科茨沃尔德-格洛斯特郡）",
        "point_id": "2pzgn91",
        "point_name": "St Mary's Church",
        "remark": "作品中对教堂的整体外形做了一点修改，但保留了部分取材场景。"
      },
      "type": "Feature"
    },
    {
      "geometry": {
        "coordinates": [
          -1.830451,
          51.757166
        ],
        "type": "Point"
      },
      "properties": {
        "bangumi_id": 210864,
        "bangumi_title": "魔法使的新娘",
        "ep_cut": "",
        "image_url": "https://w.junreimap.com/images/points/210864/2pzjdi5_1752935263029.jpg",
        "location": "拜伯里（科茨沃尔德-格洛斯特郡）",
        "point_id": "2pzjdi5",
        "point_name": "St Mary's Church",
        "remark": "作品中对教堂的整体外形做了一点修改，但保留了部分取材场景。"
      },
      "type": "Feature"
    },
    {
      "geometry": {
        "coordinates": [
          -1.830357,
          51.757314
        ],
        "type": "Point"
      },
      "properties": {
        "bangumi_id": 210864,
        "bangumi_title": "魔法使的新娘",
        "ep_cut": 9,
        "image_url": "https://w.junreimap.com/images/points/210864/2pzkkxz_1752935322587.jpg",
        "location": "拜伯里（科茨沃尔德-格洛斯特郡）",
        "point_id": "2pzkkxz",
        "point_name": "St Mary's Church",
        "remark": "作品中对教堂的整体外形做了一点修改，但保留了部分取材场景。"
      },
      "type": "Feature"
    },
    {
      "geometry": {
        "coordinates": [
          -1.830122,
          51.757244
        ],
        "type": "Point"
      },
      "properties": {
        "bangumi_id": 210864,
        "bangumi_title": "魔法使的新娘",
        "ep_cut": 9,
        "image_url": "https://w.junreimap.com/images/points/210864/2pzks24_1752935326636.jpg",
        "location": "拜伯里（科茨沃尔德-格洛斯特郡）",
        "point_id": "2pzks24",
        "point_name": "St Mary's Church",
        "remark": "作品中对教堂的整体外形做了一点修改，但保留了部分取材场景。"
      },
      "type": "Feature"
    },
    {
      "geometry": {
        "coordinates": [
          -1.830303,
          51.757291
        ],
        "type": "Point"
      },
      "properties": {
        "bangumi_id": 210864,
        "bangumi_title": "魔法使的新娘",
        "ep_cut": 9,
        "image_url": "https://w.junreimap.com/images/points/210864/2pzku2r_1752935329108.jpg",
        "location": "拜伯里（科茨沃尔德-格洛斯特郡）",
        "point_id": "2pzku2r",
        "point_name": "St Mary's Church",
        "remark": "作品中对教堂的整体外形做了一点修改，但保留了部分取材场景。"
      },
      "type": "Feature"
    },
    {
      "geometry": {
        "coordinates": [
          -1.830361,
          51.75728
        ],
        "type": "Point"
      },
      "properties": {
        "bangumi_id": 210864,
        "bangumi_title": "魔法使的新娘",
        "ep_cut": 9,
        "image_url": "https://w.junreimap.com/images/points/210864/2pzkyzb_1752935336013.jpg",
        "location": "拜伯里（科茨沃尔德-格洛斯特郡）",
        "point_id": "2pzkyzb",
        "point_name": "St Mary's Church",
        "remark": "作品中对教堂的整体外形做了一点修改，但保留了部分取材场景。"
      },
      "type": "Feature"
    },
    {
      "geometry": {
        "coordinates": [
          -1.830178,
          51.757242
        ],
        "type": "Point"
      },
      "properties": {
        "bangumi_id": 210864,
        "bangumi_title": "魔法使的新娘",
        "ep_cut": 9,
        "image_url": "https://w.junreimap.com/images/points/210864/2pzl193_1752935339180.jpg",
        "location": "拜伯里（科茨沃尔德-格洛斯特郡）",
        "point_id": "2pzl193",
        "point_name": "St Mary's Church",
        "remark": "作品中对教堂的整体外形做了一点修改，但保留了部分取材场景。"
      },
      "type": "Feature"
    },
    {
      "geometry": {
        "coordinates": [
          -1.830407,
          51.757006
        ],
        "type": "Point"
      },
      "properties": {
        "bangumi_id": 210864,
        "bangumi_title": "魔法使的新娘",
        "ep_cut": 23,
        "image_url": "https://w.junreimap.com/images/points/210864/2txjvgp_1753173789840.jpg",
        "location": "拜伯里（科茨沃尔德-格洛斯特郡）",
        "point_id": "2txjvgp",
        "point_name": "St Mary's Church",
        "remark": "尊重死者，墓地请勿拍照。"
      },
      "type": "Feature"
    },
    {
      "geometry": {
        "coordinates": [
          -1.830311,
          51.756976
        ],
        "type": "Point"
      },
      "properties": {
        "bangumi_id": 210864,
        "bangumi_title": "魔法使的新娘",
        "ep_cut": 6,
        "image_url": "https://w.junreimap.com/images/points/210864/2txxfcq_1753174421812.jpg",
        "location": "拜伯里（科茨沃尔德-格洛斯特郡）",
        "point_id": "2txxfcq",
        "point_name": "St Mary's Church",
        "remark": "尊重死者，墓地请勿拍照。"
      },
      "type": "Feature"
    },
    {
      "geometry": {
        "coordinates": [
          -1.830372,
          51.756973
        ],
        "type": "Point"
      },
      "properties": {
        "bangumi_id": 210864,
        "bangumi_title": "魔法使的新娘",
        "ep_cut": 6,
        "image_url": "https://w.junreimap.com/images/points/210864/2txxq67_1753174435872.jpg",
        "location": "拜伯里（科茨沃尔德-格洛斯特郡）",
        "point_id": "2txxq67",
        "point_name": "St Mary's Church",
        "remark": "尊重死者，墓地请勿拍照。"
      },
      "type": "Feature"
    },
    {
      "geometry": {
        "coordinates": [
          -1.830341,
          51.75693
        ],
        "type": "Point"
      },
      "properties": {
        "bangumi_id": 210864,
        "bangumi_title": "魔法使的新娘",
        "ep_cut": 9,
        "image_url": "https://w.junreimap.com/images/points/210864/2tyj135_1753175429988.jpg",
        "location": "拜伯里（科茨沃尔德-格洛斯特郡）",
        "point_id": "2tyj135",
        "point_name": "St Mary's Church",
        "remark": "尊重死者，墓地请勿拍照。"
      },
      "type": "Feature"
    },
    {
      "geometry": {
        "coordinates": [
          -1.830658,
          51.757863
        ],
        "type": "Point"
      },
      "properties": {
        "bangumi_id": 210864,
        "bangumi_title": "魔法使的新娘",
        "ep_cut": 17,
        "image_url": "https://w.junreimap.com/images/points/210864/2q739qm_1752947955079.jpg",
        "location": "拜伯里（科茨沃尔德-格洛斯特郡）",
        "point_id": "2q739qm",
        "point_name": "St Mary's Church 前",
        "remark": ""
      },
      "type": "Feature"
    },
    {
      "geometry": {
        "coordinates": [
          -1.830668,
          51.75778
        ],
        "type": "Point"
      },
      "properties": {
        "bangumi_id": 210864,
        "bangumi_title": "魔法使的新娘",
        "ep_cut": 17,
        "image_url": "https://w.junreimap.com/images/points/210864/2q745v8_1752947988760.jpg",
        "location": "拜伯里（科茨沃尔德-格洛斯特郡）",
        "point_id": "2q745v8",
        "point_name": "St Mary's Church 前",
        "remark": ""
      },
      "type": "Feature"
    },
    {
      "geometry": {
        "coordinates": [
          -1.830668,
          51.757952
        ],
        "type": "Point"
      },
      "properties": {
        "bangumi_id": 210864,
        "bangumi_title": "魔法使的新娘",
        "ep_cut": 17,
        "image_url": "https://w.junreimap.com/images/points/210864/2q7496q_1752947993063.jpg",
        "location": "拜伯里（科茨沃尔德-格洛斯特郡）",
        "point_id": "2q7496q",
        "point_name": "St Mary's Church 前",
        "remark": ""
      },
      "type": "Feature"
    },
    {
      "geometry": {
        "coordinates": [
          -1.830684,
          51.758021
        ],
        "type": "Point"
      },
      "properties": {
        "bangumi_id": 210864,
        "bangumi_title": "魔法使的新娘",
        "ep_cut": 17,
        "image_url": "https://w.junreimap.com/images/points/210864/2q74cu5_1752947997288.jpg",
        "location": "拜伯里（科茨沃尔德-格洛斯特郡）",
        "point_id": "2q74cu5",
        "point_name": "St Mary's Church 前",
        "remark": ""
      },
      "type": "Feature"
    },
    {
      "geometry": {
        "coordinates": [
          -1.830668,
          51.758114
        ],
        "type": "Point"
      },
      "properties": {
        "bangumi_id": 210864,
        "bangumi_title": "魔法使的新娘",
        "ep_cut": 17,
        "image_url": "https://w.junreimap.com/images/points/210864/2q74f9k_1752948002539.jpg",
        "location": "拜伯里（科茨沃尔德-格洛斯特郡）",
        "point_id": "2q74f9k",
        "point_name": "St Mary's Church 前",
        "remark": ""
      },
      "type": "Feature"
    },
    {
      "geometry": {
        "coordinates": [
          -1.830671,
          51.758241
        ],
        "type": "Point"
      },
      "properties": {
        "bangumi_id": 210864,
        "bangumi_title": "魔法使的新娘",
        "ep_cut": 4,
        "image_url": "https://w.junreimap.com/images/points/210864/2txbhl3_1753173398791.jpg",
        "location": "拜伯里（科茨沃尔德-格洛斯特郡）",
        "point_id": "2txbhl3",
        "point_name": "St Mary's Church 前",
        "remark": "拜伯里很多民居都有类似设计，附近随便找一座就行。"
      },
      "type": "Feature"
    },
    {
      "geometry": {
        "coordinates": [
          -1.830666,
          51.758311
        ],
        "type": "Point"
      },
      "properties": {
        "bangumi_id": 210864,
        "bangumi_title": "魔法使的新娘",
        "ep_cut": 23,
        "image_url": "https://w.junreimap.com/images/points/210864/2txkoss_1753173828784.jpg",
        "location": "拜伯里（科茨沃尔德-格洛斯特郡）",
        "point_id": "2txkoss",
        "point_name": "St Mary's Church 前",
        "remark": "拜伯里很多民居都有类似设计，附近随便找一座就行。这里石墙比较多，顺便一提这种石墙在英国叫Drystone walling。"
      },
      "type": "Feature"
    },
    {
      "geometry": {
        "coordinates": [
          -1.830667,
          51.757908
        ],
        "type": "Point"
      },
      "properties": {
        "bangumi_id": 210864,
        "bangumi_title": "魔法使的新娘",
        "ep_cut": 9,
        "image_url": "https://w.junreimap.com/images/points/210864/2tyo2vq_1753175674756.jpg",
        "location": "拜伯里（科茨沃尔德-格洛斯特郡）",
        "point_id": "2tyo2vq",
        "point_name": "St Mary's Church 前",
        "remark": "拜伯里很多民居都有类似设计，附近随便找一座就行。"
      },
      "type": "Feature"
    },
    {
      "geometry": {
        "coordinates": [
          -1.830656,
          51.75784
        ],
        "type": "Point"
      },
      "properties": {
        "bangumi_id": 210864,
        "bangumi_title": "魔法使的新娘",
        "ep_cut": 9,
        "image_url": "https://w.junreimap.com/images/points/210864/2tyoq6c_1753175697868.jpg",
        "location": "拜伯里（科茨沃尔德-格洛斯特郡）",
        "point_id": "2tyoq6c",
        "point_name": "St Mary's Church 前",
        "remark": "拜伯里很多民居都有类似设计，附近随便找一座就行。"
      },
      "type": "Feature"
    },
    {
      "geometry": {
        "coordinates": [
          -1.830662,
          51.757813
        ],
        "type": "Point"
      },
      "properties": {
        "bangumi_id": 210864,
        "bangumi_title": "魔法使的新娘",
        "ep_cut": 9,
        "image_url": "https://w.junreimap.com/images/points/210864/2tyoug6_1753175701129.jpg",
        "location": "拜伯里（科茨沃尔德-格洛斯特郡）",
        "point_id": "2tyoug6",
        "point_name": "St Mary's Church 前",
        "remark": "拜伯里很多民居都有类似设计，附近随便找一座就行。"
      },
      "type": "Feature"
    },
    {
      "geometry": {
        "coordinates": [
          -1.830685,
          51.757842
        ],
        "type": "Point"
      },
      "properties": {
        "bangumi_id": 210864,
        "bangumi_title": "魔法使的新娘",
        "ep_cut": 9,
        "image_url": "https://w.junreimap.com/images/points/210864/2typ0yb_1753175710309.jpg",
        "location": "拜伯里（科茨沃尔德-格洛斯特郡）",
        "point_id": "2typ0yb",
        "point_name": "St Mary's Church 前",
        "remark": "拜伯里很多民居都有类似设计，附近随便找一座就行。"
      },
      "type": "Feature"
    },
    {
      "geometry": {
        "coordinates": [
          -1.836479,
          51.758624
        ],
        "type": "Point"
      },
      "properties": {
        "bangumi_id": 210864,
        "bangumi_title": "魔法使的新娘",
        "ep_cut": 17,
        "image_url": "https://w.junreimap.com/images/points/210864/2pog5uz_1752947746595.jpg",
        "location": "拜伯里（科茨沃尔德-格洛斯特郡）",
        "point_id": "2pog5uz",
        "point_name": "Arlington Row",
        "remark": ""
      },
      "type": "Feature"
    },
    {
      "geometry": {
        "coordinates": [
          -1.83372,
          51.758976
        ],
        "type": "Point"
      },
      "properties": {
        "bangumi_id": 210864,
        "bangumi_title": "魔法使的新娘",
        "ep_cut": 9,
        "image_url": "https://w.junreimap.com/images/points/210864/2typb4j_1753175723426.jpg",
        "location": "拜伯里（科茨沃尔德-格洛斯特郡）",
        "point_id": "2typb4j",
        "point_name": "Arlington Row",
        "remark": "Arlington Row东侧向科隆河对岸西望。"
      },
      "type": "Feature"
    },
    {
      "geometry": {
        "coordinates": [
          -1.836256,
          51.758627
        ],
        "type": "Point"
      },
      "properties": {
        "bangumi_id": 210864,
        "bangumi_title": "魔法使的新娘",
        "ep_cut": 17,
        "image_url": "https://w.junreimap.com/images/points/210864/2q70kmv_1752947823690.jpg",
        "location": "拜伯里（科茨沃尔德-格洛斯特郡）",
        "point_id": "2q70kmv",
        "point_name": "Arlington Row",
        "remark": ""
      },
      "type": "Feature"
    },
    {
      "geometry": {
        "coordinates": [
          -1.836121,
          51.758632
        ],
        "type": "Point"
      },
      "properties": {
        "bangumi_id": 210864,
        "bangumi_title": "魔法使的新娘",
        "ep_cut": 17,
        "image_url": "https://w.junreimap.com/images/points/210864/2q70xw7_1752947838052.jpg",
        "location": "拜伯里（科茨沃尔德-格洛斯特郡）",
        "point_id": "2q70xw7",
        "point_name": "Arlington Row",
        "remark": ""
      },
      "type": "Feature"
    },
    {
      "geometry": {
        "coordinates": [
          -1.835839,
          51.758649
        ],
        "type": "Point"
      },
      "properties": {
        "bangumi_id": 210864,
        "bangumi_title": "魔法使的新娘",
        "ep_cut": 17,
        "image_url": "https://w.junreimap.com/images/points/210864/2q70tjg_1752947832327.jpg",
        "location": "拜伯里（科茨沃尔德-格洛斯特郡）",
        "point_id": "2q70tjg",
        "point_name": "Arlington Row",
        "remark": ""
      },
      "type": "Feature"
    },
    {
      "geometry": {
        "coordinates": [
          -1.835319,
          51.760566
        ],
        "type": "Point"
      },
      "properties": {
        "bangumi_id": 210864,
        "bangumi_title": "魔法使的新娘",
        "ep_cut": "GAMEOP",
        "image_url": "https://w.junreimap.com/images/points/210864/2su2f2l_1753107518676.jpg",
        "location": "拜伯里（科茨沃尔德-格洛斯特郡）",
        "point_id": "2su2f2l",
        "point_name": "The Gallery Restaurant 前",
        "remark": "《魔法使的新娘 盛夏之幻与梦想之旅》 OP影像。关于这个点位，根据前作推测是在拜伯里或者水上伯顿，但是拜伯里只符合桥的样式，岸边的建筑物并不符合，水上伯顿同理，所以这里只是给出了一个符合桥型的坐标。"
      },
      "type": "Feature"
    },
    {
      "geometry": {
        "coordinates": [
          -1.83535,
          51.760553
        ],
        "type": "Point"
      },
      "properties": {
        "bangumi_id": 210864,
        "bangumi_title": "魔法使的新娘",
        "ep_cut": "GAMEOP",
        "image_url": "https://w.junreimap.com/images/points/210864/2su3jws_1753107526098.jpg",
        "location": "拜伯里（科茨沃尔德-格洛斯特郡）",
        "point_id": "2su3jws",
        "point_name": "The Gallery Restaurant 前",
        "remark": "《魔法使的新娘 盛夏之幻与梦想之旅》 OP影像。关于这个点位，根据前作推测是在拜伯里或者水上伯顿，但是拜伯里只符合桥的样式，岸边的建筑物并不符合，水上伯顿同理，所以这里只是给出了一个符合桥型的坐标。"
      },
      "type": "Feature"
    },
    {
      "geometry": {
        "coordinates": [
          -1.83528,
          51.760574
        ],
        "type": "Point"
      },
      "properties": {
        "bangumi_id": 210864,
        "bangumi_title": "魔法使的新娘",
        "ep_cut": "GAMEOP",
        "image_url": "https://w.junreimap.com/images/points/210864/2su3p69_1753107530300.jpg",
        "location": "拜伯里（科茨沃尔德-格洛斯特郡）",
        "point_id": "2su3p69",
        "point_name": "The Gallery Restaurant 前",
        "remark": "《魔法使的新娘 盛夏之幻与梦想之旅》 OP影像。关于这个点位，根据前作推测是在拜伯里或者水上伯顿，但是拜伯里只符合桥的样式，岸边的建筑物并不符合，水上伯顿同理，所以这里只是给出了一个符合桥型的坐标。"
      },
      "type": "Feature"
    },
    {
      "geometry": {
        "coordinates": [
          -1.835392,
          51.760544
        ],
        "type": "Point"
      },
      "properties": {
        "bangumi_id": 210864,
        "bangumi_title": "魔法使的新娘",
        "ep_cut": "GAMEOP",
        "image_url": "https://w.junreimap.com/images/points/210864/2su3xhs_1753107541420.jpg",
        "location": "拜伯里（科茨沃尔德-格洛斯特郡）",
        "point_id": "2su3xhs",
        "point_name": "The Gallery Restaurant 前",
        "remark": "《魔法使的新娘 盛夏之幻与梦想之旅》 OP影像。关于这个点位，根据前作推测是在拜伯里或者水上伯顿，但是拜伯里只符合桥的样式，岸边的建筑物并不符合，水上伯顿同理，所以这里只是给出了一个符合桥型的坐标。"
      },
      "type": "Feature"
    },
    {
      "geometry": {
        "coordinates": [
          -1.835232,
          51.760587
        ],
        "type": "Point"
      },
      "properties": {
        "bangumi_id": 210864,
        "bangumi_title": "魔法使的新娘",
        "ep_cut": "GAMEOP",
        "image_url": "https://w.junreimap.com/images/points/210864/2su412d_1753107545695.jpg",
        "location": "拜伯里（科茨沃尔德-格洛斯特郡）",
        "point_id": "2su412d",
        "point_name": "The Gallery Restaurant 前",
        "remark": "《魔法使的新娘 盛夏之幻与梦想之旅》 OP影像。关于这个点位，根据前作推测是在拜伯里或者水上伯顿，但是拜伯里只符合桥的样式，岸边的建筑物并不符合，水上伯顿同理，所以这里只是给出了一个符合桥型的坐标。"
      },
      "type": "Feature"
    },
    {
      "geometry": {
        "coordinates": [
          -1.835291,
          51.760707
        ],
        "type": "Point"
      },
      "properties": {
        "bangumi_id": 210864,
        "bangumi_title": "魔法使的新娘",
        "ep_cut": 17,
        "image_url": "https://w.junreimap.com/images/points/210864/2q79wja_1752948257613.jpg",
        "location": "拜伯里（科茨沃尔德-格洛斯特郡）",
        "point_id": "2q79wja",
        "point_name": "The Gallery Restaurant 前",
        "remark": ""
      },
      "type": "Feature"
    },
    {
      "geometry": {
        "coordinates": [
          -0.465304,
          52.13472
        ],
        "type": "Point"
      },
      "properties": {
        "bangumi_id": 210864,
        "bangumi_title": "魔法使的新娘",
        "ep_cut": 17,
        "image_url": "https://w.junreimap.com/images/points/210864/2pof4op_1752952215939.jpg",
        "location": "贝德福德（贝德福德郡）",
        "point_id": "2pof4op",
        "point_name": "Bedford Swan Hotel 前",
        "remark": "孤立点，整个Bedford只有这一个取景。"
      },
      "type": "Feature"
    },
    {
      "geometry": {
        "coordinates": [
          -0.188274,
          51.51227
        ],
        "type": "Point"
      },
      "properties": {
        "bangumi_id": 210864,
        "bangumi_title": "魔法使的新娘",
        "ep_cut": 2,
        "image_url": "https://w.junreimap.com/images/points/210864/2pntg51_1752948886292.jpg",
        "location": "贝斯沃特（黄/绿线-伦敦）",
        "point_id": "2pntg51",
        "point_name": "Bayswater Station",
        "remark": ""
      },
      "type": "Feature"
    },
    {
      "geometry": {
        "coordinates": [
          -0.074022,
          51.50694
        ],
        "type": "Point"
      },
      "properties": {
        "bangumi_id": 210864,
        "bangumi_title": "魔法使的新娘",
        "ep_cut": 2,
        "image_url": "https://w.junreimap.com/images/points/210864/2po4dh4_1752948809267.jpg",
        "location": "伦敦塔桥周边（伦敦）",
        "point_id": "2po4dh4",
        "point_name": "Tower Bridge北侧/Tower of London东侧",
        "remark": "【游客事故高发地，拍摄时请留意飞车党和刻意贴近的可疑人士。】"
      },
      "type": "Feature"
    },
    {
      "geometry": {
        "coordinates": [
          -0.074448,
          51.503959
        ],
        "type": "Point"
      },
      "properties": {
        "bangumi_id": 210864,
        "bangumi_title": "魔法使的新娘",
        "ep_cut": 14,
        "image_url": "https://w.junreimap.com/images/points/210864/2slez6k_1753092941222.jpg",
        "location": "伦敦塔桥周边（伦敦）",
        "point_id": "2slez6k",
        "point_name": "Tower Bridge 南侧",
        "remark": "S02EP14"
      },
      "type": "Feature"
    },
    {
      "geometry": {
        "coordinates": [
          -0.077701,
          51.508121
        ],
        "type": "Point"
      },
      "properties": {
        "bangumi_id": 210864,
        "bangumi_title": "魔法使的新娘",
        "ep_cut": "S02OP2",
        "image_url": "https://w.junreimap.com/images/points/210864/2slb1ut_1753092757438.jpg",
        "location": "伦敦塔桥周边（伦敦）",
        "point_id": "2slb1ut",
        "point_name": "Tower of London",
        "remark": "S02OP2，左侧建筑物是伦敦塔"
      },
      "type": "Feature"
    },
    {
      "geometry": {
        "coordinates": [
          -0.077456,
          51.5077
        ],
        "type": "Point"
      },
      "properties": {
        "bangumi_id": 210864,
        "bangumi_title": "魔法使的新娘",
        "ep_cut": "S02OP2",
        "image_url": "https://w.junreimap.com/images/points/210864/2sloe99_1753093381568.jpg",
        "location": "伦敦塔桥周边（伦敦）",
        "point_id": "2sloe99",
        "point_name": "Tower of London",
        "remark": "S02OP2，伦敦塔外围。"
      },
      "type": "Feature"
    },
    {
      "geometry": {
        "coordinates": [
          -0.077248,
          51.507336
        ],
        "type": "Point"
      },
      "properties": {
        "bangumi_id": 210864,
        "bangumi_title": "魔法使的新娘",
        "ep_cut": "S02OP2",
        "image_url": "https://w.junreimap.com/images/points/210864/2sl9abv_1753092710071.jpg",
        "location": "伦敦塔桥周边（伦敦）",
        "point_id": "2sl9abv",
        "point_name": "Traitors' Gate 前",
        "remark": "S02OP2，左边那个圆滚滚的是老伦敦市政厅（Old London City Hall）。"
      },
      "type": "Feature"
    },
    {
      "geometry": {
        "coordinates": [
          -0.085533,
          51.508673
        ],
        "type": "Point"
      },
      "properties": {
        "bangumi_id": 210864,
        "bangumi_title": "魔法使的新娘",
        "ep_cut": 10,
        "image_url": "https://w.junreimap.com/images/points/210864/2skl4x6_1753091555019.jpg",
        "location": "伦敦桥周边（灰/黑线-伦敦）",
        "point_id": "2skl4x6",
        "point_name": "London Bridge 北侧",
        "remark": "S02EP10"
      },
      "type": "Feature"
    },
    {
      "geometry": {
        "coordinates": [
          -0.085176,
          51.508636
        ],
        "type": "Point"
      },
      "properties": {
        "bangumi_id": 210864,
        "bangumi_title": "魔法使的新娘",
        "ep_cut": 10,
        "image_url": "https://w.junreimap.com/images/points/210864/2sklqh6_1753091576008.jpg",
        "location": "伦敦桥周边（灰/黑线-伦敦）",
        "point_id": "2sklqh6",
        "point_name": "London Bridge 北侧",
        "remark": "S02EP10"
      },
      "type": "Feature"
    },
    {
      "geometry": {
        "coordinates": [
          -0.085361,
          51.508651
        ],
        "type": "Point"
      },
      "properties": {
        "bangumi_id": 210864,
        "bangumi_title": "魔法使的新娘",
        "ep_cut": 10,
        "image_url": "https://w.junreimap.com/images/points/210864/2skm0cj_1753091590714.jpg",
        "location": "伦敦桥周边（灰/黑线-伦敦）",
        "point_id": "2skm0cj",
        "point_name": "London Bridge 北侧",
        "remark": "S02EP10"
      },
      "type": "Feature"
    },
    {
      "geometry": {
        "coordinates": [
          -0.085336,
          51.508737
        ],
        "type": "Point"
      },
      "properties": {
        "bangumi_id": 210864,
        "bangumi_title": "魔法使的新娘",
        "ep_cut": 10,
        "image_url": "https://w.junreimap.com/images/points/210864/2skm7as_1753091597437.jpg",
        "location": "伦敦桥周边（灰/黑线-伦敦）",
        "point_id": "2skm7as",
        "point_name": "London Bridge 北侧",
        "remark": "S02EP10"
      },
      "type": "Feature"
    },
    {
      "geometry": {
        "coordinates": [
          -0.089423,
          51.50818
        ],
        "type": "Point"
      },
      "properties": {
        "bangumi_id": 210864,
        "bangumi_title": "魔法使的新娘",
        "ep_cut": 20,
        "image_url": "https://w.junreimap.com/images/points/210864/2q8delw_1752950100597.jpg",
        "location": "伦敦桥周边（灰/黑线-伦敦）",
        "point_id": "2q8delw",
        "point_name": "London Bridge西侧 东眺",
        "remark": "左边的写字楼应该是30 St Mary Axe，右边的写字楼应该是是The Fenchurch Building，下边是伦敦桥。【游客事故高发地，拍摄时请留意飞车党和刻意贴近的可疑人士。】"
      },
      "type": "Feature"
    },
    {
      "geometry": {
        "coordinates": [
          -0.087931,
          51.507691
        ],
        "type": "Point"
      },
      "properties": {
        "bangumi_id": 210864,
        "bangumi_title": "魔法使的新娘",
        "ep_cut": 9,
        "image_url": "https://w.junreimap.com/images/points/210864/2ske3sc_1753091227436.jpg",
        "location": "伦敦桥周边（灰/黑线-伦敦）",
        "point_id": "2ske3sc",
        "point_name": "London Bridge 空中",
        "remark": "S02EP9 无人机视角"
      },
      "type": "Feature"
    },
    {
      "geometry": {
        "coordinates": [
          -0.087532,
          51.507889
        ],
        "type": "Point"
      },
      "properties": {
        "bangumi_id": 210864,
        "bangumi_title": "魔法使的新娘",
        "ep_cut": 9,
        "image_url": "https://w.junreimap.com/images/points/210864/2skeq7o_1753091250309.jpg",
        "location": "伦敦桥周边（灰/黑线-伦敦）",
        "point_id": "2skeq7o",
        "point_name": "London Bridge",
        "remark": "S02EP9，扔这么远？"
      },
      "type": "Feature"
    },
    {
      "geometry": {
        "coordinates": [
          -0.087493,
          51.507987
        ],
        "type": "Point"
      },
      "properties": {
        "bangumi_id": 210864,
        "bangumi_title": "魔法使的新娘",
        "ep_cut": 9,
        "image_url": "https://w.junreimap.com/images/points/210864/2skf53n_1753091268493.jpg",
        "location": "伦敦桥周边（灰/黑线-伦敦）",
        "point_id": "2skf53n",
        "point_name": "London Bridge",
        "remark": "S02EP9，扔这么远？"
      },
      "type": "Feature"
    },
    {
      "geometry": {
        "coordinates": [
          -0.085741,
          51.50746
        ],
        "type": "Point"
      },
      "properties": {
        "bangumi_id": 210864,
        "bangumi_title": "魔法使的新娘",
        "ep_cut": 9,
        "image_url": "https://w.junreimap.com/images/points/210864/2skfcr1_1753091284376.jpg",
        "location": "伦敦桥周边（灰/黑线-伦敦）",
        "point_id": "2skfcr1",
        "point_name": "London Bridge",
        "remark": "S02EP9，此处作画失误，护栏画成后面的Southwark Bridge的样式了。"
      },
      "type": "Feature"
    },
    {
      "geometry": {
        "coordinates": [
          -0.08686,
          51.503976
        ],
        "type": "Point"
      },
      "properties": {
        "bangumi_id": 210864,
        "bangumi_title": "魔法使的新娘",
        "ep_cut": "OVA1",
        "image_url": "https://w.junreimap.com/images/points/210864/2qaii7g_1753098668267.jpg",
        "location": "伦敦桥周边（灰/黑线-伦敦）",
        "point_id": "2qaii7g",
        "point_name": "London Bridge Station 空中",
        "remark": "无人机视角"
      },
      "type": "Feature"
    },
    {
      "geometry": {
        "coordinates": [
          -0.095924,
          51.509506
        ],
        "type": "Point"
      },
      "properties": {
        "bangumi_id": 210864,
        "bangumi_title": "魔法使的新娘",
        "ep_cut": 2,
        "image_url": "https://w.junreimap.com/images/points/210864/2q7nux9_1752948909125.jpg",
        "location": "伦敦桥周边（灰/黑线-伦敦）",
        "point_id": "2q7nux9",
        "point_name": "Southwark Bridge 西侧 东眺",
        "remark": "【游客事故高发地，拍摄时请留意飞车党和刻意贴近的可疑人士。】可以站在千禧桥上拍摄。"
      },
      "type": "Feature"
    },
    {
      "geometry": {
        "coordinates": [
          -0.098526,
          51.509646
        ],
        "type": "Point"
      },
      "properties": {
        "bangumi_id": 210864,
        "bangumi_title": "魔法使的新娘",
        "ep_cut": "S02OP2",
        "image_url": "https://w.junreimap.com/images/points/210864/2skz34d_1753092218370.jpg",
        "location": "千禧桥（伦敦）",
        "point_id": "2skz34d",
        "point_name": "Millennium Bridge 东望",
        "remark": "S02OP2"
      },
      "type": "Feature"
    },
    {
      "geometry": {
        "coordinates": [
          -0.174304,
          51.508604
        ],
        "type": "Point"
      },
      "properties": {
        "bangumi_id": 210864,
        "bangumi_title": "魔法使的新娘",
        "ep_cut": 16,
        "image_url": "https://w.junreimap.com/images/points/210864/2pnukj6_1752948510404.jpg",
        "location": "海德公园周边（红线-伦敦）",
        "point_id": "2pnukj6",
        "point_name": "Hyde Park Gardens",
        "remark": ""
      },
      "type": "Feature"
    },
    {
      "geometry": {
        "coordinates": [
          -0.174231,
          51.508494
        ],
        "type": "Point"
      },
      "properties": {
        "bangumi_id": 210864,
        "bangumi_title": "魔法使的新娘",
        "ep_cut": 16,
        "image_url": "https://w.junreimap.com/images/points/210864/2q7fhpr_1752948518021.jpg",
        "location": "海德公园周边（红线-伦敦）",
        "point_id": "2q7fhpr",
        "point_name": "Hyde Park Gardens",
        "remark": ""
      },
      "type": "Feature"
    },
    {
      "geometry": {
        "coordinates": [
          -0.174125,
          51.508371
        ],
        "type": "Point"
      },
      "properties": {
        "bangumi_id": 210864,
        "bangumi_title": "魔法使的新娘",
        "ep_cut": 16,
        "image_url": "https://w.junreimap.com/images/points/210864/2q7fks4_1752948520910.jpg",
        "location": "海德公园周边（红线-伦敦）",
        "point_id": "2q7fks4",
        "point_name": "Hyde Park Gardens",
        "remark": ""
      },
      "type": "Feature"
    },
    {
      "geometry": {
        "coordinates": [
          -0.174573,
          51.508375
        ],
        "type": "Point"
      },
      "properties": {
        "bangumi_id": 210864,
        "bangumi_title": "魔法使的新娘",
        "ep_cut": 16,
        "image_url": "https://w.junreimap.com/images/points/210864/2q7fmq5_1752948524196.jpg",
        "location": "海德公园周边（红线-伦敦）",
        "point_id": "2q7fmq5",
        "point_name": "Hyde Park Gardens",
        "remark": ""
      },
      "type": "Feature"
    },
    {
      "geometry": {
        "coordinates": [
          -0.173994,
          51.508252
        ],
        "type": "Point"
      },
      "properties": {
        "bangumi_id": 210864,
        "bangumi_title": "魔法使的新娘",
        "ep_cut": 16,
        "image_url": "https://w.junreimap.com/images/points/210864/2q7ftpu_1752948535620.jpg",
        "location": "海德公园周边（红线-伦敦）",
        "point_id": "2q7ftpu",
        "point_name": "Hyde Park Gardens",
        "remark": ""
      },
      "type": "Feature"
    },
    {
      "geometry": {
        "coordinates": [
          -0.174363,
          51.508454
        ],
        "type": "Point"
      },
      "properties": {
        "bangumi_id": 210864,
        "bangumi_title": "魔法使的新娘",
        "ep_cut": 16,
        "image_url": "https://w.junreimap.com/images/points/210864/2ty8135_1753174916629.jpg",
        "location": "海德公园周边（红线-伦敦）",
        "point_id": "2ty8135",
        "point_name": "Hyde Park Gardens",
        "remark": ""
      },
      "type": "Feature"
    },
    {
      "geometry": {
        "coordinates": [
          -0.174172,
          51.508434
        ],
        "type": "Point"
      },
      "properties": {
        "bangumi_id": 210864,
        "bangumi_title": "魔法使的新娘",
        "ep_cut": 16,
        "image_url": "https://w.junreimap.com/images/points/210864/2ty8aya_1753174942804.jpg",
        "location": "海德公园周边（红线-伦敦）",
        "point_id": "2ty8aya",
        "point_name": "Hyde Park Gardens",
        "remark": ""
      },
      "type": "Feature"
    },
    {
      "geometry": {
        "coordinates": [
          -0.173928,
          51.508449
        ],
        "type": "Point"
      },
      "properties": {
        "bangumi_id": 210864,
        "bangumi_title": "魔法使的新娘",
        "ep_cut": 16,
        "image_url": "https://w.junreimap.com/images/points/210864/2q7fzju_1752948540162.jpg",
        "location": "海德公园周边（红线-伦敦）",
        "point_id": "2q7fzju",
        "point_name": "Hyde Park Gardens",
        "remark": ""
      },
      "type": "Feature"
    },
    {
      "geometry": {
        "coordinates": [
          -0.174389,
          51.508711
        ],
        "type": "Point"
      },
      "properties": {
        "bangumi_id": 210864,
        "bangumi_title": "魔法使的新娘",
        "ep_cut": 16,
        "image_url": "https://w.junreimap.com/images/points/210864/2q7g4o5_1752948546651.jpg",
        "location": "海德公园周边（红线-伦敦）",
        "point_id": "2q7g4o5",
        "point_name": "Hyde Park Gardens",
        "remark": ""
      },
      "type": "Feature"
    },
    {
      "geometry": {
        "coordinates": [
          -0.174147,
          51.508557
        ],
        "type": "Point"
      },
      "properties": {
        "bangumi_id": 210864,
        "bangumi_title": "魔法使的新娘",
        "ep_cut": 16,
        "image_url": "https://w.junreimap.com/images/points/210864/2ty6wbj_1753174866081.jpg",
        "location": "海德公园周边（红线-伦敦）",
        "point_id": "2ty6wbj",
        "point_name": "Hyde Park Gardens",
        "remark": "海德公园树很多，随便找个地方三颗同框的就行。"
      },
      "type": "Feature"
    },
    {
      "geometry": {
        "coordinates": [
          -0.174711,
          51.508502
        ],
        "type": "Point"
      },
      "properties": {
        "bangumi_id": 210864,
        "bangumi_title": "魔法使的新娘",
        "ep_cut": 16,
        "image_url": "https://w.junreimap.com/images/points/210864/2q7gb94_1752948555410.jpg",
        "location": "海德公园周边（红线-伦敦）",
        "point_id": "2q7gb94",
        "point_name": "Hyde Park Gardens",
        "remark": ""
      },
      "type": "Feature"
    },
    {
      "geometry": {
        "coordinates": [
          -0.158941,
          51.513186
        ],
        "type": "Point"
      },
      "properties": {
        "bangumi_id": 210864,
        "bangumi_title": "魔法使的新娘",
        "ep_cut": 16,
        "image_url": "https://w.junreimap.com/images/points/210864/2pnv0rt_1752948487852.jpg",
        "location": "海德公园周边（红线-伦敦）",
        "point_id": "2pnv0rt",
        "point_name": "Marble Arch",
        "remark": ""
      },
      "type": "Feature"
    },
    {
      "geometry": {
        "coordinates": [
          -0.158956,
          51.513251
        ],
        "type": "Point"
      },
      "properties": {
        "bangumi_id": 210864,
        "bangumi_title": "魔法使的新娘",
        "ep_cut": 16,
        "image_url": "https://w.junreimap.com/images/points/210864/2tydacy_1753175162676.jpg",
        "location": "海德公园周边（红线-伦敦）",
        "point_id": "2tydacy",
        "point_name": "Marble Arch",
        "remark": ""
      },
      "type": "Feature"
    },
    {
      "geometry": {
        "coordinates": [
          -0.159178,
          51.51329
        ],
        "type": "Point"
      },
      "properties": {
        "bangumi_id": 210864,
        "bangumi_title": "魔法使的新娘",
        "ep_cut": 16,
        "image_url": "https://w.junreimap.com/images/points/210864/2tydlti_1753175177625.jpg",
        "location": "海德公园周边（红线-伦敦）",
        "point_id": "2tydlti",
        "point_name": "Marble Arch",
        "remark": ""
      },
      "type": "Feature"
    },
    {
      "geometry": {
        "coordinates": [
          -0.171935,
          51.496085
        ],
        "type": "Point"
      },
      "properties": {
        "bangumi_id": 210864,
        "bangumi_title": "魔法使的新娘",
        "ep_cut": "S02OP2",
        "image_url": "https://w.junreimap.com/images/points/210864/2sktlyd_1753092011142.jpg",
        "location": "海德公园周边（红线-伦敦）",
        "point_id": "2sktlyd",
        "point_name": "Victoria and Albert Museum",
        "remark": "【待验证点位】S02OP2，非常眼熟，应该就在V&A博物馆附近。"
      },
      "type": "Feature"
    },
    {
      "geometry": {
        "coordinates": [
          -0.134472,
          51.509919
        ],
        "type": "Point"
      },
      "properties": {
        "bangumi_id": 210864,
        "bangumi_title": "魔法使的新娘",
        "ep_cut": "ED2",
        "image_url": "https://w.junreimap.com/images/points/210864/2pnyna7_1752948445699.jpg",
        "location": "皮卡迪利（棕/蓝线-伦敦）",
        "point_id": "2pnyna7",
        "point_name": "Eros (Shaftesbury Memorial Fountain)",
        "remark": ""
      },
      "type": "Feature"
    },
    {
      "geometry": {
        "coordinates": [
          -0.134526,
          51.509901
        ],
        "type": "Point"
      },
      "properties": {
        "bangumi_id": 210864,
        "bangumi_title": "魔法使的新娘",
        "ep_cut": 23,
        "image_url": "https://w.junreimap.com/images/points/210864/2qafqnz_1752953570635.jpg",
        "location": "皮卡迪利（棕/蓝线-伦敦）",
        "point_id": "2qafqnz",
        "point_name": "Eros (Shaftesbury Memorial Fountain)",
        "remark": ""
      },
      "type": "Feature"
    },
    {
      "geometry": {
        "coordinates": [
          -0.134517,
          51.509859
        ],
        "type": "Point"
      },
      "properties": {
        "bangumi_id": 210864,
        "bangumi_title": "魔法使的新娘",
        "ep_cut": 23,
        "image_url": "https://w.junreimap.com/images/points/210864/2qafxr4_1752953576334.jpg",
        "location": "皮卡迪利（棕/蓝线-伦敦）",
        "point_id": "2qafxr4",
        "point_name": "Eros (Shaftesbury Memorial Fountain)",
        "remark": ""
      },
      "type": "Feature"
    },
    {
      "geometry": {
        "coordinates": [
          -0.134643,
          51.50989
        ],
        "type": "Point"
      },
      "properties": {
        "bangumi_id": 210864,
        "bangumi_title": "魔法使的新娘",
        "ep_cut": 23,
        "image_url": "https://w.junreimap.com/images/points/210864/2qag581_1752953585918.jpg",
        "location": "皮卡迪利（棕/蓝线-伦敦）",
        "point_id": "2qag581",
        "point_name": "Eros (Shaftesbury Memorial Fountain)",
        "remark": ""
      },
      "type": "Feature"
    },
    {
      "geometry": {
        "coordinates": [
          -0.134452,
          51.50988
        ],
        "type": "Point"
      },
      "properties": {
        "bangumi_id": 210864,
        "bangumi_title": "魔法使的新娘",
        "ep_cut": 24,
        "image_url": "https://w.junreimap.com/images/points/210864/2qag9y3_1752953592512.jpg",
        "location": "皮卡迪利（棕/蓝线-伦敦）",
        "point_id": "2qag9y3",
        "point_name": "Eros (Shaftesbury Memorial Fountain)",
        "remark": ""
      },
      "type": "Feature"
    },
    {
      "geometry": {
        "coordinates": [
          -0.134587,
          51.509904
        ],
        "type": "Point"
      },
      "properties": {
        "bangumi_id": 210864,
        "bangumi_title": "魔法使的新娘",
        "ep_cut": 24,
        "image_url": "https://w.junreimap.com/images/points/210864/2qagt3u_1752953617076.jpg",
        "location": "皮卡迪利（棕/蓝线-伦敦）",
        "point_id": "2qagt3u",
        "point_name": "Eros (Shaftesbury Memorial Fountain)",
        "remark": ""
      },
      "type": "Feature"
    },
    {
      "geometry": {
        "coordinates": [
          -0.134487,
          51.509901
        ],
        "type": "Point"
      },
      "properties": {
        "bangumi_id": 210864,
        "bangumi_title": "魔法使的新娘",
        "ep_cut": 24,
        "image_url": "https://w.junreimap.com/images/points/210864/2qagy8v_1752953623724.jpg",
        "location": "皮卡迪利（棕/蓝线-伦敦）",
        "point_id": "2qagy8v",
        "point_name": "Eros (Shaftesbury Memorial Fountain)",
        "remark": ""
      },
      "type": "Feature"
    },
    {
      "geometry": {
        "coordinates": [
          -0.134604,
          51.509876
        ],
        "type": "Point"
      },
      "properties": {
        "bangumi_id": 210864,
        "bangumi_title": "魔法使的新娘",
        "ep_cut": 24,
        "image_url": "https://w.junreimap.com/images/points/210864/2qah447_1752953634761.jpg",
        "location": "皮卡迪利（棕/蓝线-伦敦）",
        "point_id": "2qah447",
        "point_name": "Eros (Shaftesbury Memorial Fountain)",
        "remark": ""
      },
      "type": "Feature"
    },
    {
      "geometry": {
        "coordinates": [
          -0.134551,
          51.509876
        ],
        "type": "Point"
      },
      "properties": {
        "bangumi_id": 210864,
        "bangumi_title": "魔法使的新娘",
        "ep_cut": 24,
        "image_url": "https://w.junreimap.com/images/points/210864/2qagdy6_1752953597383.jpg",
        "location": "皮卡迪利（棕/蓝线-伦敦）",
        "point_id": "2qagdy6",
        "point_name": "Eros (Shaftesbury Memorial Fountain)",
        "remark": ""
      },
      "type": "Feature"
    },
    {
      "geometry": {
        "coordinates": [
          -0.134592,
          51.50995
        ],
        "type": "Point"
      },
      "properties": {
        "bangumi_id": 210864,
        "bangumi_title": "魔法使的新娘",
        "ep_cut": 24,
        "image_url": "https://w.junreimap.com/images/points/210864/2qagixb_1752953603774.jpg",
        "location": "皮卡迪利（棕/蓝线-伦敦）",
        "point_id": "2qagixb",
        "point_name": "Eros (Shaftesbury Memorial Fountain)",
        "remark": ""
      },
      "type": "Feature"
    },
    {
      "geometry": {
        "coordinates": [
          -0.134499,
          51.509883
        ],
        "type": "Point"
      },
      "properties": {
        "bangumi_id": 210864,
        "bangumi_title": "魔法使的新娘",
        "ep_cut": 24,
        "image_url": "https://w.junreimap.com/images/points/210864/2qagmmn_1752953608643.jpg",
        "location": "皮卡迪利（棕/蓝线-伦敦）",
        "point_id": "2qagmmn",
        "point_name": "Eros (Shaftesbury Memorial Fountain)",
        "remark": ""
      },
      "type": "Feature"
    },
    {
      "geometry": {
        "coordinates": [
          -0.134496,
          51.50996
        ],
        "type": "Point"
      },
      "properties": {
        "bangumi_id": 210864,
        "bangumi_title": "魔法使的新娘",
        "ep_cut": 24,
        "image_url": "https://w.junreimap.com/images/points/210864/2txiuf2_1753173741784.jpg",
        "location": "皮卡迪利（棕/蓝线-伦敦）",
        "point_id": "2txiuf2",
        "point_name": "Eros (Shaftesbury Memorial Fountain)",
        "remark": ""
      },
      "type": "Feature"
    },
    {
      "geometry": {
        "coordinates": [
          -0.132623,
          51.515051
        ],
        "type": "Point"
      },
      "properties": {
        "bangumi_id": 210864,
        "bangumi_title": "魔法使的新娘",
        "ep_cut": 16,
        "image_url": "https://w.junreimap.com/images/points/210864/2po19cy_1752949067179.jpg",
        "location": "苏豪广场（红/黑线-伦敦）",
        "point_id": "2po19cy",
        "point_name": "Soho Square Gardens",
        "remark": ""
      },
      "type": "Feature"
    },
    {
      "geometry": {
        "coordinates": [
          -0.132568,
          51.514983
        ],
        "type": "Point"
      },
      "properties": {
        "bangumi_id": 210864,
        "bangumi_title": "魔法使的新娘",
        "ep_cut": 16,
        "image_url": "https://w.junreimap.com/images/points/210864/2q7rgbm_1752949076912.jpg",
        "location": "苏豪广场（红/黑线-伦敦）",
        "point_id": "2q7rgbm",
        "point_name": "Soho Square Gardens",
        "remark": ""
      },
      "type": "Feature"
    },
    {
      "geometry": {
        "coordinates": [
          -0.132544,
          51.514934
        ],
        "type": "Point"
      },
      "properties": {
        "bangumi_id": 210864,
        "bangumi_title": "魔法使的新娘",
        "ep_cut": 16,
        "image_url": "https://w.junreimap.com/images/points/210864/2q7rlaq_1752949084922.jpg",
        "location": "苏豪广场（红/黑线-伦敦）",
        "point_id": "2q7rlaq",
        "point_name": "Soho Square Gardens",
        "remark": ""
      },
      "type": "Feature"
    },
    {
      "geometry": {
        "coordinates": [
          -0.132522,
          51.514829
        ],
        "type": "Point"
      },
      "properties": {
        "bangumi_id": 210864,
        "bangumi_title": "魔法使的新娘",
        "ep_cut": 16,
        "image_url": "https://w.junreimap.com/images/points/210864/2q7rtl9_1752949092501.jpg",
        "location": "苏豪广场（红/黑线-伦敦）",
        "point_id": "2q7rtl9",
        "point_name": "Soho Square Gardens",
        "remark": ""
      },
      "type": "Feature"
    },
    {
      "geometry": {
        "coordinates": [
          -0.132602,
          51.515016
        ],
        "type": "Point"
      },
      "properties": {
        "bangumi_id": 210864,
        "bangumi_title": "魔法使的新娘",
        "ep_cut": 16,
        "image_url": "https://w.junreimap.com/images/points/210864/2q7ryrp_1752949099318.jpg",
        "location": "苏豪广场（红/黑线-伦敦）",
        "point_id": "2q7ryrp",
        "point_name": "Soho Square Gardens",
        "remark": ""
      },
      "type": "Feature"
    },
    {
      "geometry": {
        "coordinates": [
          -0.132518,
          51.514886
        ],
        "type": "Point"
      },
      "properties": {
        "bangumi_id": 210864,
        "bangumi_title": "魔法使的新娘",
        "ep_cut": 16,
        "image_url": "https://w.junreimap.com/images/points/210864/2q7sfx1_1752949121363.jpg",
        "location": "苏豪广场（红/黑线-伦敦）",
        "point_id": "2q7sfx1",
        "point_name": "Soho Square Gardens",
        "remark": ""
      },
      "type": "Feature"
    },
    {
      "geometry": {
        "coordinates": [
          -0.132489,
          51.514948
        ],
        "type": "Point"
      },
      "properties": {
        "bangumi_id": 210864,
        "bangumi_title": "魔法使的新娘",
        "ep_cut": 16,
        "image_url": "https://w.junreimap.com/images/points/210864/2q7smjo_1752949129597.jpg",
        "location": "苏豪广场（红/黑线-伦敦）",
        "point_id": "2q7smjo",
        "point_name": "Soho Square Gardens",
        "remark": ""
      },
      "type": "Feature"
    },
    {
      "geometry": {
        "coordinates": [
          -0.13257,
          51.514907
        ],
        "type": "Point"
      },
      "properties": {
        "bangumi_id": 210864,
        "bangumi_title": "魔法使的新娘",
        "ep_cut": 16,
        "image_url": "https://w.junreimap.com/images/points/210864/2ty9jwc_1753174987964.jpg",
        "location": "苏豪广场（红/黑线-伦敦）",
        "point_id": "2ty9jwc",
        "point_name": "Soho Square Gardens",
        "remark": ""
      },
      "type": "Feature"
    },
    {
      "geometry": {
        "coordinates": [
          -0.132633,
          51.515072
        ],
        "type": "Point"
      },
      "properties": {
        "bangumi_id": 210864,
        "bangumi_title": "魔法使的新娘",
        "ep_cut": 16,
        "image_url": "https://w.junreimap.com/images/points/210864/2ty9udh_1753175002389.jpg",
        "location": "苏豪广场（红/黑线-伦敦）",
        "point_id": "2ty9udh",
        "point_name": "Soho Square Gardens",
        "remark": ""
      },
      "type": "Feature"
    },
    {
      "geometry": {
        "coordinates": [
          -0.132503,
          51.515055
        ],
        "type": "Point"
      },
      "properties": {
        "bangumi_id": 210864,
        "bangumi_title": "魔法使的新娘",
        "ep_cut": 16,
        "image_url": "https://w.junreimap.com/images/points/210864/2q7suf8_1752949139962.jpg",
        "location": "苏豪广场（红/黑线-伦敦）",
        "point_id": "2q7suf8",
        "point_name": "Soho Square Gardens",
        "remark": ""
      },
      "type": "Feature"
    },
    {
      "geometry": {
        "coordinates": [
          -0.132644,
          51.515091
        ],
        "type": "Point"
      },
      "properties": {
        "bangumi_id": 210864,
        "bangumi_title": "魔法使的新娘",
        "ep_cut": 16,
        "image_url": "https://w.junreimap.com/images/points/210864/2q7szsl_1752949146612.jpg",
        "location": "苏豪广场（红/黑线-伦敦）",
        "point_id": "2q7szsl",
        "point_name": "Soho Square Gardens",
        "remark": ""
      },
      "type": "Feature"
    },
    {
      "geometry": {
        "coordinates": [
          -0.13274,
          51.515091
        ],
        "type": "Point"
      },
      "properties": {
        "bangumi_id": 210864,
        "bangumi_title": "魔法使的新娘",
        "ep_cut": 16,
        "image_url": "https://w.junreimap.com/images/points/210864/2q7t8ek_1752949163515.jpg",
        "location": "苏豪广场（红/黑线-伦敦）",
        "point_id": "2q7t8ek",
        "point_name": "Soho Square Gardens",
        "remark": ""
      },
      "type": "Feature"
    },
    {
      "geometry": {
        "coordinates": [
          -0.1325,
          51.51181
        ],
        "type": "Point"
      },
      "properties": {
        "bangumi_id": 210864,
        "bangumi_title": "魔法使的新娘",
        "ep_cut": 20,
        "image_url": "https://w.junreimap.com/images/points/210864/2poaqfn_1752949474402.jpg",
        "location": "唐人街附近（黑/蓝线-伦敦）",
        "point_id": "2poaqfn",
        "point_name": "Sondheim Theatre 前",
        "remark": "【游客事故高发地，拍摄时请留意飞车党和刻意贴近的可疑人士。】"
      },
      "type": "Feature"
    },
    {
      "geometry": {
        "coordinates": [
          -0.132372,
          51.511885
        ],
        "type": "Point"
      },
      "properties": {
        "bangumi_id": 210864,
        "bangumi_title": "魔法使的新娘",
        "ep_cut": 20,
        "image_url": "https://w.junreimap.com/images/points/210864/2q81jzm_1752949549504.jpg",
        "location": "唐人街附近（黑/蓝线-伦敦）",
        "point_id": "2q81jzm",
        "point_name": "Sondheim Theatre 前",
        "remark": "【游客事故高发地，拍摄时请留意飞车党和刻意贴近的可疑人士。】"
      },
      "type": "Feature"
    },
    {
      "geometry": {
        "coordinates": [
          -0.132579,
          51.511863
        ],
        "type": "Point"
      },
      "properties": {
        "bangumi_id": 210864,
        "bangumi_title": "魔法使的新娘",
        "ep_cut": 20,
        "image_url": "https://w.junreimap.com/images/points/210864/2txw2f0_1753174358869.jpg",
        "location": "唐人街附近（黑/蓝线-伦敦）",
        "point_id": "2txw2f0",
        "point_name": "Cafe Monico",
        "remark": "现已永久停业，谷歌地图有内部装修照片存档。"
      },
      "type": "Feature"
    },
    {
      "geometry": {
        "coordinates": [
          -0.130894,
          51.512428
        ],
        "type": "Point"
      },
      "properties": {
        "bangumi_id": 210864,
        "bangumi_title": "魔法使的新娘",
        "ep_cut": 18,
        "image_url": "https://w.junreimap.com/images/points/210864/2q8v64e_1752950934434.jpg",
        "location": "唐人街附近（黑/蓝线-伦敦）",
        "point_id": "2q8v64e",
        "point_name": "唐人街附近",
        "remark": "有点印象，但不记得具体是哪个路口了，但应该就是唐人街附近。【游客事故高发地，拍摄时请留意飞车党和刻意贴近的可疑人士。】"
      },
      "type": "Feature"
    },
    {
      "geometry": {
        "coordinates": [
          -0.131008,
          51.512377
        ],
        "type": "Point"
      },
      "properties": {
        "bangumi_id": 210864,
        "bangumi_title": "魔法使的新娘",
        "ep_cut": 18,
        "image_url": "https://w.junreimap.com/images/points/210864/2q8w3l0_1752950972175.jpg",
        "location": "唐人街附近（黑/蓝线-伦敦）",
        "point_id": "2q8w3l0",
        "point_name": "唐人街附近",
        "remark": "有点印象，但不记得具体是哪个路口了，但应该就是唐人街附近。【游客事故高发地，拍摄时请留意飞车党和刻意贴近的可疑人士。】"
      },
      "type": "Feature"
    },
    {
      "geometry": {
        "coordinates": [
          -0.130898,
          51.512367
        ],
        "type": "Point"
      },
      "properties": {
        "bangumi_id": 210864,
        "bangumi_title": "魔法使的新娘",
        "ep_cut": 18,
        "image_url": "https://w.junreimap.com/images/points/210864/2q8wagn_1752950980761.jpg",
        "location": "唐人街附近（黑/蓝线-伦敦）",
        "point_id": "2q8wagn",
        "point_name": "唐人街附近",
        "remark": "有点印象，但不记得具体是哪个路口了，但应该就是唐人街附近。【游客事故高发地，拍摄时请留意飞车党和刻意贴近的可疑人士。】"
      },
      "type": "Feature"
    },
    {
      "geometry": {
        "coordinates": [
          -0.097255,
          51.508406
        ],
        "type": "Point"
      },
      "properties": {
        "bangumi_id": 210864,
        "bangumi_title": "魔法使的新娘",
        "ep_cut": "",
        "image_url": "https://w.junreimap.com/images/points/210864/2po568r_1752951399559.jpg",
        "location": "千禧桥附近（黄/绿线-伦敦）",
        "point_id": "2po568r",
        "point_name": "Millennium Bridge",
        "remark": "对面发光的是圣保罗大教堂。【游客事故高发地，拍摄时请留意飞车党和刻意贴近的可疑人士。】"
      },
      "type": "Feature"
    },
    {
      "geometry": {
        "coordinates": [
          -0.09633,
          51.508313
        ],
        "type": "Point"
      },
      "properties": {
        "bangumi_id": 210864,
        "bangumi_title": "魔法使的新娘",
        "ep_cut": 23,
        "image_url": "https://w.junreimap.com/images/points/210864/2q9t7xq_1752952523696.jpg",
        "location": "千禧桥附近（黄/绿线-伦敦）",
        "point_id": "2q9t7xq",
        "point_name": "Millennium Bridge",
        "remark": "根据前面的分镜，判断这里是在泰晤士河南岸上跑。【游客事故高发地，拍摄时请留意飞车党和刻意贴近的可疑人士。】"
      },
      "type": "Feature"
    },
    {
      "geometry": {
        "coordinates": [
          -0.073409,
          51.519263
        ],
        "type": "Point"
      },
      "properties": {
        "bangumi_id": 210864,
        "bangumi_title": "魔法使的新娘",
        "ep_cut": 24,
        "image_url": "https://w.junreimap.com/images/points/210864/2qa6z6f_1752953160361.jpg",
        "location": "利物浦街附近（红/黄/粉/紫线-伦敦）",
        "point_id": "2qa6z6f",
        "point_name": "Fournier St",
        "remark": "路口处的建筑物很高，不一定能拍到后面的商业楼。"
      },
      "type": "Feature"
    },
    {
      "geometry": {
        "coordinates": [
          -0.072087,
          51.519299
        ],
        "type": "Point"
      },
      "properties": {
        "bangumi_id": 210864,
        "bangumi_title": "魔法使的新娘",
        "ep_cut": 2,
        "image_url": "https://w.junreimap.com/images/points/210864/2qa40qe_1752953029130.jpg",
        "location": "利物浦街附近（红/黄/粉/紫线-伦敦）",
        "point_id": "2qa40qe",
        "point_name": "Fournier St",
        "remark": ""
      },
      "type": "Feature"
    },
    {
      "geometry": {
        "coordinates": [
          -0.07216,
          51.519296
        ],
        "type": "Point"
      },
      "properties": {
        "bangumi_id": 210864,
        "bangumi_title": "魔法使的新娘",
        "ep_cut": 2,
        "image_url": "https://w.junreimap.com/images/points/210864/2qa4ew8_1752953040045.jpg",
        "location": "利物浦街附近（红/黄/粉/紫线-伦敦）",
        "point_id": "2qa4ew8",
        "point_name": "Fournier St",
        "remark": ""
      },
      "type": "Feature"
    },
    {
      "geometry": {
        "coordinates": [
          -0.072224,
          51.519296
        ],
        "type": "Point"
      },
      "properties": {
        "bangumi_id": 210864,
        "bangumi_title": "魔法使的新娘",
        "ep_cut": 2,
        "image_url": "https://w.junreimap.com/images/points/210864/2qa4nxg_1752953050732.jpg",
        "location": "利物浦街附近（红/黄/粉/紫线-伦敦）",
        "point_id": "2qa4nxg",
        "point_name": "Fournier St",
        "remark": ""
      },
      "type": "Feature"
    },
    {
      "geometry": {
        "coordinates": [
          -0.072297,
          51.519296
        ],
        "type": "Point"
      },
      "properties": {
        "bangumi_id": 210864,
        "bangumi_title": "魔法使的新娘",
        "ep_cut": 2,
        "image_url": "https://w.junreimap.com/images/points/210864/2qa4ree_1752953056127.jpg",
        "location": "利物浦街附近（红/黄/粉/紫线-伦敦）",
        "point_id": "2qa4ree",
        "point_name": "Fournier St",
        "remark": ""
      },
      "type": "Feature"
    },
    {
      "geometry": {
        "coordinates": [
          -0.072357,
          51.519294
        ],
        "type": "Point"
      },
      "properties": {
        "bangumi_id": 210864,
        "bangumi_title": "魔法使的新娘",
        "ep_cut": 2,
        "image_url": "https://w.junreimap.com/images/points/210864/2qa4v7s_1752953059851.jpg",
        "location": "利物浦街附近（红/黄/粉/紫线-伦敦）",
        "point_id": "2qa4v7s",
        "point_name": "Fournier St",
        "remark": ""
      },
      "type": "Feature"
    },
    {
      "geometry": {
        "coordinates": [
          -0.0723,
          51.519265
        ],
        "type": "Point"
      },
      "properties": {
        "bangumi_id": 210864,
        "bangumi_title": "魔法使的新娘",
        "ep_cut": 2,
        "image_url": "https://w.junreimap.com/images/points/210864/2qa4y9g_1752953063879.jpg",
        "location": "利物浦街附近（红/黄/粉/紫线-伦敦）",
        "point_id": "2qa4y9g",
        "point_name": "Fournier St",
        "remark": ""
      },
      "type": "Feature"
    },
    {
      "geometry": {
        "coordinates": [
          -0.072402,
          51.519294
        ],
        "type": "Point"
      },
      "properties": {
        "bangumi_id": 210864,
        "bangumi_title": "魔法使的新娘",
        "ep_cut": 2,
        "image_url": "https://w.junreimap.com/images/points/210864/2qa52wy_1752953073236.jpg",
        "location": "利物浦街附近（红/黄/粉/紫线-伦敦）",
        "point_id": "2qa52wy",
        "point_name": "Fournier St",
        "remark": ""
      },
      "type": "Feature"
    },
    {
      "geometry": {
        "coordinates": [
          -0.072444,
          51.519294
        ],
        "type": "Point"
      },
      "properties": {
        "bangumi_id": 210864,
        "bangumi_title": "魔法使的新娘",
        "ep_cut": 2,
        "image_url": "https://w.junreimap.com/images/points/210864/2qa5g1c_1752953087407.jpg",
        "location": "利物浦街附近（红/黄/粉/紫线-伦敦）",
        "point_id": "2qa5g1c",
        "point_name": "Fournier St",
        "remark": ""
      },
      "type": "Feature"
    },
    {
      "geometry": {
        "coordinates": [
          -0.07249,
          51.519291
        ],
        "type": "Point"
      },
      "properties": {
        "bangumi_id": 210864,
        "bangumi_title": "魔法使的新娘",
        "ep_cut": 2,
        "image_url": "https://w.junreimap.com/images/points/210864/2qa5ilm_1752953090701.jpg",
        "location": "利物浦街附近（红/黄/粉/紫线-伦敦）",
        "point_id": "2qa5ilm",
        "point_name": "Fournier St",
        "remark": ""
      },
      "type": "Feature"
    },
    {
      "geometry": {
        "coordinates": [
          -0.072429,
          51.519278
        ],
        "type": "Point"
      },
      "properties": {
        "bangumi_id": 210864,
        "bangumi_title": "魔法使的新娘",
        "ep_cut": 24,
        "image_url": "https://w.junreimap.com/images/points/210864/2qa5qdj_1752953100539.jpg",
        "location": "利物浦街附近（红/黄/粉/紫线-伦敦）",
        "point_id": "2qa5qdj",
        "point_name": "Fournier St",
        "remark": ""
      },
      "type": "Feature"
    },
    {
      "geometry": {
        "coordinates": [
          -0.072322,
          51.519283
        ],
        "type": "Point"
      },
      "properties": {
        "bangumi_id": 210864,
        "bangumi_title": "魔法使的新娘",
        "ep_cut": 24,
        "image_url": "https://w.junreimap.com/images/points/210864/2qa5tei_1752953105136.jpg",
        "location": "利物浦街附近（红/黄/粉/紫线-伦敦）",
        "point_id": "2qa5tei",
        "point_name": "Fournier St",
        "remark": ""
      },
      "type": "Feature"
    },
    {
      "geometry": {
        "coordinates": [
          -0.071994,
          51.519296
        ],
        "type": "Point"
      },
      "properties": {
        "bangumi_id": 210864,
        "bangumi_title": "魔法使的新娘",
        "ep_cut": 2,
        "image_url": "https://w.junreimap.com/images/points/210864/2qa4i26_1752953044331.jpg",
        "location": "利物浦街附近（红/黄/粉/紫线-伦敦）",
        "point_id": "2qa4i26",
        "point_name": "Fournier St",
        "remark": ""
      },
      "type": "Feature"
    },
    {
      "geometry": {
        "coordinates": [
          -0.072187,
          51.519259
        ],
        "type": "Point"
      },
      "properties": {
        "bangumi_id": 210864,
        "bangumi_title": "魔法使的新娘",
        "ep_cut": "OVA1",
        "image_url": "https://w.junreimap.com/images/points/210864/2sosmfb_1753098630744.jpg",
        "location": "利物浦街附近（红/黄/粉/紫线-伦敦）",
        "point_id": "2sosmfb",
        "point_name": "Fournier St",
        "remark": ""
      },
      "type": "Feature"
    },
    {
      "geometry": {
        "coordinates": [
          -0.072265,
          51.519286
        ],
        "type": "Point"
      },
      "properties": {
        "bangumi_id": 210864,
        "bangumi_title": "魔法使的新娘",
        "ep_cut": "OVA1",
        "image_url": "https://w.junreimap.com/images/points/210864/2sot46s_1753098639052.jpg",
        "location": "利物浦街附近（红/黄/粉/紫线-伦敦）",
        "point_id": "2sot46s",
        "point_name": "Fournier St",
        "remark": ""
      },
      "type": "Feature"
    },
    {
      "geometry": {
        "coordinates": [
          -0.07451,
          51.519226
        ],
        "type": "Point"
      },
      "properties": {
        "bangumi_id": 210864,
        "bangumi_title": "魔法使的新娘",
        "ep_cut": 2,
        "image_url": "https://w.junreimap.com/images/points/210864/2qaqi53_1752954271916.jpg",
        "location": "利物浦街附近（红/黄/粉/紫线-伦敦）",
        "point_id": "2qaqi53",
        "point_name": "Commercial St",
        "remark": ""
      },
      "type": "Feature"
    },
    {
      "geometry": {
        "coordinates": [
          -0.078812,
          51.521971
        ],
        "type": "Point"
      },
      "properties": {
        "bangumi_id": 210864,
        "bangumi_title": "魔法使的新娘",
        "ep_cut": 20,
        "image_url": "https://w.junreimap.com/images/points/210864/2qaeodz_1752953520011.jpg",
        "location": "Principle Tower（红线-伦敦）",
        "point_id": "2qaeodz",
        "point_name": "Principle Tower",
        "remark": "三楼高楼疑似Principle Tower及周边"
      },
      "type": "Feature"
    },
    {
      "geometry": {
        "coordinates": [
          -0.126969,
          51.519459
        ],
        "type": "Point"
      },
      "properties": {
        "bangumi_id": 210864,
        "bangumi_title": "魔法使的新娘",
        "ep_cut": 1,
        "image_url": "https://w.junreimap.com/images/points/210864/2sfkfe5_1753083158623.jpg",
        "location": "大英博物馆（红/黑线-伦敦）",
        "point_id": "2sfkfe5",
        "point_name": "British Museum",
        "remark": "S02EP1，穹顶设计来源于大英博物馆大阅览室"
      },
      "type": "Feature"
    },
    {
      "geometry": {
        "coordinates": [
          -0.12708,
          51.519494
        ],
        "type": "Point"
      },
      "properties": {
        "bangumi_id": 210864,
        "bangumi_title": "魔法使的新娘",
        "ep_cut": 1,
        "image_url": "https://w.junreimap.com/images/points/210864/2siuu17_1753088641027.jpg",
        "location": "大英博物馆（红/黑线-伦敦）",
        "point_id": "2siuu17",
        "point_name": "British Museum",
        "remark": "S02EP1，穹顶设计来源于大英博物馆大阅览室"
      },
      "type": "Feature"
    },
    {
      "geometry": {
        "coordinates": [
          -0.126916,
          51.519387
        ],
        "type": "Point"
      },
      "properties": {
        "bangumi_id": 210864,
        "bangumi_title": "魔法使的新娘",
        "ep_cut": 6,
        "image_url": "https://w.junreimap.com/images/points/210864/2sivaye_1753088669110.jpg",
        "location": "大英博物馆（红/黑线-伦敦）",
        "point_id": "2sivaye",
        "point_name": "British Museum",
        "remark": "S02EP6，穹顶设计来源于大英博物馆大阅览室"
      },
      "type": "Feature"
    },
    {
      "geometry": {
        "coordinates": [
          -0.127083,
          51.519392
        ],
        "type": "Point"
      },
      "properties": {
        "bangumi_id": 210864,
        "bangumi_title": "魔法使的新娘",
        "ep_cut": 15,
        "image_url": "https://w.junreimap.com/images/points/210864/2sivjxx_1753088680725.jpg",
        "location": "大英博物馆（红/黑线-伦敦）",
        "point_id": "2sivjxx",
        "point_name": "British Museum",
        "remark": "S02EP15，穹顶设计来源于大英博物馆大阅览室"
      },
      "type": "Feature"
    },
    {
      "geometry": {
        "coordinates": [
          -0.126953,
          51.519536
        ],
        "type": "Point"
      },
      "properties": {
        "bangumi_id": 210864,
        "bangumi_title": "魔法使的新娘",
        "ep_cut": 12,
        "image_url": "https://w.junreimap.com/images/points/210864/2sivt7l_1753088689539.jpg",
        "location": "大英博物馆（红/黑线-伦敦）",
        "point_id": "2sivt7l",
        "point_name": "British Museum",
        "remark": "S02EP12，穹顶设计来源于大英博物馆大阅览室"
      },
      "type": "Feature"
    },
    {
      "geometry": {
        "coordinates": [
          -0.126847,
          51.519429
        ],
        "type": "Point"
      },
      "properties": {
        "bangumi_id": 210864,
        "bangumi_title": "魔法使的新娘",
        "ep_cut": 12,
        "image_url": "https://w.junreimap.com/images/points/210864/2sivyms_1753088695148.jpg",
        "location": "大英博物馆（红/黑线-伦敦）",
        "point_id": "2sivyms",
        "point_name": "British Museum",
        "remark": "S02EP12，穹顶设计来源于大英博物馆大阅览室"
      },
      "type": "Feature"
    },
    {
      "geometry": {
        "coordinates": [
          -0.126837,
          51.519508
        ],
        "type": "Point"
      },
      "properties": {
        "bangumi_id": 210864,
        "bangumi_title": "魔法使的新娘",
        "ep_cut": 2,
        "image_url": "https://w.junreimap.com/images/points/210864/2sflpis_1753088645757.jpg",
        "location": "大英博物馆（红/黑线-伦敦）",
        "point_id": "2sflpis",
        "point_name": "British Museum",
        "remark": "S02EP1，穹顶设计来源于大英博物馆大阅览室"
      },
      "type": "Feature"
    },
    {
      "geometry": {
        "coordinates": [
          -0.127191,
          51.519444
        ],
        "type": "Point"
      },
      "properties": {
        "bangumi_id": 210864,
        "bangumi_title": "魔法使的新娘",
        "ep_cut": 3,
        "image_url": "https://w.junreimap.com/images/points/210864/2sj1a5b_1753088941446.jpg",
        "location": "大英博物馆（红/黑线-伦敦）",
        "point_id": "2sj1a5b",
        "point_name": "British Museum",
        "remark": "S02EP3，穹顶设计来源于大英博物馆大阅览室"
      },
      "type": "Feature"
    },
    {
      "geometry": {
        "coordinates": [
          -0.127054,
          51.519338
        ],
        "type": "Point"
      },
      "properties": {
        "bangumi_id": 210864,
        "bangumi_title": "魔法使的新娘",
        "ep_cut": 16,
        "image_url": "https://w.junreimap.com/images/points/210864/2sjvnco_1753090358641.jpg",
        "location": "大英博物馆（红/黑线-伦敦）",
        "point_id": "2sjvnco",
        "point_name": "British Museum",
        "remark": "S02EP16，穹顶设计来源于大英博物馆大阅览室"
      },
      "type": "Feature"
    },
    {
      "geometry": {
        "coordinates": [
          -0.127294,
          51.51928
        ],
        "type": "Point"
      },
      "properties": {
        "bangumi_id": 210864,
        "bangumi_title": "魔法使的新娘",
        "ep_cut": 15,
        "image_url": "https://w.junreimap.com/images/points/210864/2siw715_1753088708621.jpg",
        "location": "大英博物馆（红/黑线-伦敦）",
        "point_id": "2siw715",
        "point_name": "British Museum",
        "remark": "S02EP15，此处参考了大中庭的设计。"
      },
      "type": "Feature"
    },
    {
      "geometry": {
        "coordinates": [
          -0.127388,
          51.519376
        ],
        "type": "Point"
      },
      "properties": {
        "bangumi_id": 210864,
        "bangumi_title": "魔法使的新娘",
        "ep_cut": 13,
        "image_url": "https://w.junreimap.com/images/points/210864/2q2zxp6_1753088721503.jpg",
        "location": "大英博物馆（红/黑线-伦敦）",
        "point_id": "2q2zxp6",
        "point_name": "British Museum",
        "remark": "S02EP13，此处参考了大中庭的设计。"
      },
      "type": "Feature"
    },
    {
      "geometry": {
        "coordinates": [
          -0.12735,
          51.519329
        ],
        "type": "Point"
      },
      "properties": {
        "bangumi_id": 210864,
        "bangumi_title": "魔法使的新娘",
        "ep_cut": 13,
        "image_url": "https://w.junreimap.com/images/points/210864/2siwmkc_1753088726374.jpg",
        "location": "大英博物馆（红/黑线-伦敦）",
        "point_id": "2siwmkc",
        "point_name": "British Museum",
        "remark": "S02EP13，此处参考了大中庭的设计。"
      },
      "type": "Feature"
    },
    {
      "geometry": {
        "coordinates": [
          -0.128079,
          51.529886
        ],
        "type": "Point"
      },
      "properties": {
        "bangumi_id": 210864,
        "bangumi_title": "魔法使的新娘",
        "ep_cut": 6,
        "image_url": "https://w.junreimap.com/images/points/210864/2sj2uvi_1753089017421.jpg",
        "location": "大英图书馆（条条大路通KingsX）",
        "point_id": "2sj2uvi",
        "point_name": "British Library",
        "remark": "S02EP6/EP9，学院的建筑原型是KingsX边上的大英图书馆。"
      },
      "type": "Feature"
    },
    {
      "geometry": {
        "coordinates": [
          -0.128178,
          51.529829
        ],
        "type": "Point"
      },
      "properties": {
        "bangumi_id": 210864,
        "bangumi_title": "魔法使的新娘",
        "ep_cut": 10,
        "image_url": "https://w.junreimap.com/images/points/210864/2sj402t_1753089068631.jpg",
        "location": "大英图书馆（条条大路通KingsX）",
        "point_id": "2sj402t",
        "point_name": "British Library",
        "remark": "S02EP10，学院的建筑原型是KingsX边上的大英图书馆。"
      },
      "type": "Feature"
    },
    {
      "geometry": {
        "coordinates": [
          -0.127903,
          51.529799
        ],
        "type": "Point"
      },
      "properties": {
        "bangumi_id": 210864,
        "bangumi_title": "魔法使的新娘",
        "ep_cut": 13,
        "image_url": "https://w.junreimap.com/images/points/210864/2sj5pp0_1753089148260.jpg",
        "location": "大英图书馆（条条大路通KingsX）",
        "point_id": "2sj5pp0",
        "point_name": "British Library",
        "remark": "S02EP13，学院的建筑原型是KingsX边上的大英图书馆。"
      },
      "type": "Feature"
    },
    {
      "geometry": {
        "coordinates": [
          -0.127665,
          51.529398
        ],
        "type": "Point"
      },
      "properties": {
        "bangumi_id": 210864,
        "bangumi_title": "魔法使的新娘",
        "ep_cut": 13,
        "image_url": "https://w.junreimap.com/images/points/210864/2sj7q51_1753089244240.jpg",
        "location": "大英图书馆（条条大路通KingsX）",
        "point_id": "2sj7q51",
        "point_name": "British Library",
        "remark": "S02EP13，学院的建筑原型是KingsX边上的大英图书馆。"
      },
      "type": "Feature"
    },
    {
      "geometry": {
        "coordinates": [
          -0.127251,
          51.529383
        ],
        "type": "Point"
      },
      "properties": {
        "bangumi_id": 210864,
        "bangumi_title": "魔法使的新娘",
        "ep_cut": 14,
        "image_url": "https://w.junreimap.com/images/points/210864/2slk4e1_1753093186676.jpg",
        "location": "大英图书馆（条条大路通KingsX）",
        "point_id": "2slk4e1",
        "point_name": "British Library",
        "remark": "S0EP14"
      },
      "type": "Feature"
    },
    {
      "geometry": {
        "coordinates": [
          -0.127782,
          51.529335
        ],
        "type": "Point"
      },
      "properties": {
        "bangumi_id": 210864,
        "bangumi_title": "魔法使的新娘",
        "ep_cut": 13,
        "image_url": "https://w.junreimap.com/images/points/210864/2sj7xyg_1753089270948.jpg",
        "location": "大英图书馆（条条大路通KingsX）",
        "point_id": "2sj7xyg",
        "point_name": "British Library",
        "remark": "S02EP13，学院的建筑原型是KingsX边上的大英图书馆。"
      },
      "type": "Feature"
    },
    {
      "geometry": {
        "coordinates": [
          -0.127547,
          51.530179
        ],
        "type": "Point"
      },
      "properties": {
        "bangumi_id": 210864,
        "bangumi_title": "魔法使的新娘",
        "ep_cut": 16,
        "image_url": "https://w.junreimap.com/images/points/210864/2sj8w7i_1753089299855.jpg",
        "location": "大英图书馆（条条大路通KingsX）",
        "point_id": "2sj8w7i",
        "point_name": "British Library",
        "remark": "S02EP16，学院的建筑原型是KingsX边上的大英图书馆。此处经过的是主楼中间的那个巨大书架。"
      },
      "type": "Feature"
    },
    {
      "geometry": {
        "coordinates": [
          -0.127528,
          51.53022
        ],
        "type": "Point"
      },
      "properties": {
        "bangumi_id": 210864,
        "bangumi_title": "魔法使的新娘",
        "ep_cut": 16,
        "image_url": "https://w.junreimap.com/images/points/210864/2sjagpy_1753089370175.jpg",
        "location": "大英图书馆（条条大路通KingsX）",
        "point_id": "2sjagpy",
        "point_name": "British Library",
        "remark": "S02EP16，学院的建筑原型是KingsX边上的大英图书馆。此处经过的是主楼中间的那个巨大书架。"
      },
      "type": "Feature"
    },
    {
      "geometry": {
        "coordinates": [
          -0.127492,
          51.530183
        ],
        "type": "Point"
      },
      "properties": {
        "bangumi_id": 210864,
        "bangumi_title": "魔法使的新娘",
        "ep_cut": 16,
        "image_url": "https://w.junreimap.com/images/points/210864/2sjajj0_1753089373715.jpg",
        "location": "大英图书馆（条条大路通KingsX）",
        "point_id": "2sjajj0",
        "point_name": "British Library",
        "remark": ""
      },
      "type": "Feature"
    },
    {
      "geometry": {
        "coordinates": [
          -0.127608,
          51.530203
        ],
        "type": "Point"
      },
      "properties": {
        "bangumi_id": 210864,
        "bangumi_title": "魔法使的新娘",
        "ep_cut": 16,
        "image_url": "https://w.junreimap.com/images/points/210864/2sja9m6_1753089378378.jpg",
        "location": "大英图书馆（条条大路通KingsX）",
        "point_id": "2sja9m6",
        "point_name": "British Library",
        "remark": "S02EP16，学院的建筑原型是KingsX边上的大英图书馆。此处经过的是主楼中间的那个巨大书架。"
      },
      "type": "Feature"
    },
    {
      "geometry": {
        "coordinates": [
          -0.127564,
          51.530141
        ],
        "type": "Point"
      },
      "properties": {
        "bangumi_id": 210864,
        "bangumi_title": "魔法使的新娘",
        "ep_cut": 6,
        "image_url": "https://w.junreimap.com/images/points/210864/2tzppgc_1753177424849.jpg",
        "location": "大英图书馆（条条大路通KingsX）",
        "point_id": "2tzppgc",
        "point_name": "British Library",
        "remark": "S02EP6，学院的建筑原型是KingsX边上的大英图书馆。此处经过的是主楼中间的那个巨大书架。"
      },
      "type": "Feature"
    },
    {
      "geometry": {
        "coordinates": [
          -0.127526,
          51.530153
        ],
        "type": "Point"
      },
      "properties": {
        "bangumi_id": 210864,
        "bangumi_title": "魔法使的新娘",
        "ep_cut": 6,
        "image_url": "https://w.junreimap.com/images/points/210864/2tzpvnk_1753177430283.jpg",
        "location": "大英图书馆（条条大路通KingsX）",
        "point_id": "2tzpvnk",
        "point_name": "British Library",
        "remark": "S02EP6，学院的建筑原型是KingsX边上的大英图书馆。此处经过的是主楼中间的那个巨大书架。"
      },
      "type": "Feature"
    },
    {
      "geometry": {
        "coordinates": [
          -0.127486,
          51.530158
        ],
        "type": "Point"
      },
      "properties": {
        "bangumi_id": 210864,
        "bangumi_title": "魔法使的新娘",
        "ep_cut": 6,
        "image_url": "https://w.junreimap.com/images/points/210864/2tzq9jt_1753177448219.jpg",
        "location": "大英图书馆（条条大路通KingsX）",
        "point_id": "2tzq9jt",
        "point_name": "British Library",
        "remark": "S02EP6，学院的建筑原型是KingsX边上的大英图书馆。此处经过的是主楼中间的那个巨大书架。"
      },
      "type": "Feature"
    },
    {
      "geometry": {
        "coordinates": [
          -0.127423,
          51.530178
        ],
        "type": "Point"
      },
      "properties": {
        "bangumi_id": 210864,
        "bangumi_title": "魔法使的新娘",
        "ep_cut": 6,
        "image_url": "https://w.junreimap.com/images/points/210864/2tzqejh_1753177456005.jpg",
        "location": "大英图书馆（条条大路通KingsX）",
        "point_id": "2tzqejh",
        "point_name": "British Library",
        "remark": "S02EP6，学院的建筑原型是KingsX边上的大英图书馆。此处经过的是主楼中间的那个巨大书架。"
      },
      "type": "Feature"
    },
    {
      "geometry": {
        "coordinates": [
          -0.127596,
          51.530167
        ],
        "type": "Point"
      },
      "properties": {
        "bangumi_id": 210864,
        "bangumi_title": "魔法使的新娘",
        "ep_cut": 16,
        "image_url": "https://w.junreimap.com/images/points/210864/2sjapu8_1753089383979.jpg",
        "location": "大英图书馆（条条大路通KingsX）",
        "point_id": "2sjapu8",
        "point_name": "British Library",
        "remark": "S02EP16，学院的建筑原型是KingsX边上的大英图书馆。此处经过的是主楼中间的那个巨大书架。"
      },
      "type": "Feature"
    },
    {
      "geometry": {
        "coordinates": [
          -0.128032,
          51.529233
        ],
        "type": "Point"
      },
      "properties": {
        "bangumi_id": 210864,
        "bangumi_title": "魔法使的新娘",
        "ep_cut": 10,
        "image_url": "https://w.junreimap.com/images/points/210864/2sjcezc_1753089462838.jpg",
        "location": "大英图书馆（条条大路通KingsX）",
        "point_id": "2sjcezc",
        "point_name": "British Library",
        "remark": "S02EP10，学院的建筑原型是KingsX边上的大英图书馆。此处Ossulston St上的西侧小门。"
      },
      "type": "Feature"
    },
    {
      "geometry": {
        "coordinates": [
          -0.127945,
          51.529147
        ],
        "type": "Point"
      },
      "properties": {
        "bangumi_id": 210864,
        "bangumi_title": "魔法使的新娘",
        "ep_cut": 10,
        "image_url": "https://w.junreimap.com/images/points/210864/2sjd7a8_1753089500460.jpg",
        "location": "大英图书馆（条条大路通KingsX）",
        "point_id": "2sjd7a8",
        "point_name": "British Library",
        "remark": "S02EP10，学院的建筑原型是KingsX边上的大英图书馆。此处Ossulston St上的西侧小门。"
      },
      "type": "Feature"
    },
    {
      "geometry": {
        "coordinates": [
          -0.128008,
          51.529216
        ],
        "type": "Point"
      },
      "properties": {
        "bangumi_id": 210864,
        "bangumi_title": "魔法使的新娘",
        "ep_cut": 10,
        "image_url": "https://w.junreimap.com/images/points/210864/2sjdfby_1753089508245.jpg",
        "location": "大英图书馆（条条大路通KingsX）",
        "point_id": "2sjdfby",
        "point_name": "British Library",
        "remark": "S02EP10，学院的建筑原型是KingsX边上的大英图书馆。此处Ossulston St上的西侧小门。"
      },
      "type": "Feature"
    },
    {
      "geometry": {
        "coordinates": [
          -0.128103,
          51.529283
        ],
        "type": "Point"
      },
      "properties": {
        "bangumi_id": 210864,
        "bangumi_title": "魔法使的新娘",
        "ep_cut": 10,
        "image_url": "https://w.junreimap.com/images/points/210864/2sjdl0w_1753089515314.jpg",
        "location": "大英图书馆（条条大路通KingsX）",
        "point_id": "2sjdl0w",
        "point_name": "British Library",
        "remark": "S02EP10，学院的建筑原型是KingsX边上的大英图书馆。此处Ossulston St上的西侧小门。"
      },
      "type": "Feature"
    },
    {
      "geometry": {
        "coordinates": [
          -0.128147,
          51.529215
        ],
        "type": "Point"
      },
      "properties": {
        "bangumi_id": 210864,
        "bangumi_title": "魔法使的新娘",
        "ep_cut": 10,
        "image_url": "https://w.junreimap.com/images/points/210864/2sjdu1l_1753089527314.jpg",
        "location": "大英图书馆（条条大路通KingsX）",
        "point_id": "2sjdu1l",
        "point_name": "British Library",
        "remark": "S02EP10，学院的建筑原型是KingsX边上的大英图书馆。此处Ossulston St上的西侧小门。"
      },
      "type": "Feature"
    },
    {
      "geometry": {
        "coordinates": [
          -0.128073,
          51.52926
        ],
        "type": "Point"
      },
      "properties": {
        "bangumi_id": 210864,
        "bangumi_title": "魔法使的新娘",
        "ep_cut": 10,
        "image_url": "https://w.junreimap.com/images/points/210864/2sjdzot_1753089534650.jpg",
        "location": "大英图书馆（条条大路通KingsX）",
        "point_id": "2sjdzot",
        "point_name": "British Library",
        "remark": "S02EP10，学院的建筑原型是KingsX边上的大英图书馆。此处Ossulston St上的西侧小门。"
      },
      "type": "Feature"
    },
    {
      "geometry": {
        "coordinates": [
          -0.128137,
          51.529278
        ],
        "type": "Point"
      },
      "properties": {
        "bangumi_id": 210864,
        "bangumi_title": "魔法使的新娘",
        "ep_cut": 10,
        "image_url": "https://w.junreimap.com/images/points/210864/2sje6bk_1753089542948.jpg",
        "location": "大英图书馆（条条大路通KingsX）",
        "point_id": "2sje6bk",
        "point_name": "British Library",
        "remark": "S02EP10，学院的建筑原型是KingsX边上的大英图书馆。此处Ossulston St上的西侧小门。"
      },
      "type": "Feature"
    },
    {
      "geometry": {
        "coordinates": [
          -0.127993,
          51.529136
        ],
        "type": "Point"
      },
      "properties": {
        "bangumi_id": 210864,
        "bangumi_title": "魔法使的新娘",
        "ep_cut": 10,
        "image_url": "https://w.junreimap.com/images/points/210864/2sjecy5_1753089553425.jpg",
        "location": "大英图书馆（条条大路通KingsX）",
        "point_id": "2sjecy5",
        "point_name": "British Library",
        "remark": "S02EP10，学院的建筑原型是KingsX边上的大英图书馆。此处Ossulston St上的西侧小门。"
      },
      "type": "Feature"
    },
    {
      "geometry": {
        "coordinates": [
          -0.127957,
          51.529194
        ],
        "type": "Point"
      },
      "properties": {
        "bangumi_id": 210864,
        "bangumi_title": "魔法使的新娘",
        "ep_cut": 10,
        "image_url": "https://w.junreimap.com/images/points/210864/2sjek28_1753089561177.jpg",
        "location": "大英图书馆（条条大路通KingsX）",
        "point_id": "2sjek28",
        "point_name": "British Library",
        "remark": "S02EP10，抬头。"
      },
      "type": "Feature"
    },
    {
      "geometry": {
        "coordinates": [
          -0.128029,
          51.529193
        ],
        "type": "Point"
      },
      "properties": {
        "bangumi_id": 210864,
        "bangumi_title": "魔法使的新娘",
        "ep_cut": 10,
        "image_url": "https://w.junreimap.com/images/points/210864/2sjjbgg_1753089784097.jpg",
        "location": "大英图书馆（条条大路通KingsX）",
        "point_id": "2sjjbgg",
        "point_name": "British Library",
        "remark": "S02EP10，学院的建筑原型是KingsX边上的大英图书馆。此处Ossulston St上的西侧小门。"
      },
      "type": "Feature"
    },
    {
      "geometry": {
        "coordinates": [
          -0.127873,
          51.529527
        ],
        "type": "Point"
      },
      "properties": {
        "bangumi_id": 210864,
        "bangumi_title": "魔法使的新娘",
        "ep_cut": 10,
        "image_url": "https://w.junreimap.com/images/points/210864/2sjlp44_1753089896756.jpg",
        "location": "大英图书馆（条条大路通KingsX）",
        "point_id": "2sjlp44",
        "point_name": "British Library",
        "remark": "S02EP10，学院的建筑原型是KingsX边上的大英图书馆。此处位于馆内正门附近。"
      },
      "type": "Feature"
    },
    {
      "geometry": {
        "coordinates": [
          -0.127844,
          51.529463
        ],
        "type": "Point"
      },
      "properties": {
        "bangumi_id": 210864,
        "bangumi_title": "魔法使的新娘",
        "ep_cut": 10,
        "image_url": "https://w.junreimap.com/images/points/210864/2sjlvqb_1753089902495.jpg",
        "location": "大英图书馆（条条大路通KingsX）",
        "point_id": "2sjlvqb",
        "point_name": "British Library",
        "remark": "S02EP10，学院的建筑原型是KingsX边上的大英图书馆。此处位于馆内正门附近。"
      },
      "type": "Feature"
    },
    {
      "geometry": {
        "coordinates": [
          -0.127818,
          51.529656
        ],
        "type": "Point"
      },
      "properties": {
        "bangumi_id": 210864,
        "bangumi_title": "魔法使的新娘",
        "ep_cut": 10,
        "image_url": "https://w.junreimap.com/images/points/210864/2sjm3ll_1753089912933.jpg",
        "location": "大英图书馆（条条大路通KingsX）",
        "point_id": "2sjm3ll",
        "point_name": "British Library",
        "remark": "S02EP10，学院的建筑原型是KingsX边上的大英图书馆。此处位于馆内正门附近。"
      },
      "type": "Feature"
    },
    {
      "geometry": {
        "coordinates": [
          -0.127843,
          51.529619
        ],
        "type": "Point"
      },
      "properties": {
        "bangumi_id": 210864,
        "bangumi_title": "魔法使的新娘",
        "ep_cut": 10,
        "image_url": "https://w.junreimap.com/images/points/210864/2sjme0h_1753089934303.jpg",
        "location": "大英图书馆（条条大路通KingsX）",
        "point_id": "2sjme0h",
        "point_name": "British Library",
        "remark": "S02EP10，学院的建筑原型是KingsX边上的大英图书馆。此处位于馆内正门附近。"
      },
      "type": "Feature"
    },
    {
      "geometry": {
        "coordinates": [
          -0.127829,
          51.52954
        ],
        "type": "Point"
      },
      "properties": {
        "bangumi_id": 210864,
        "bangumi_title": "魔法使的新娘",
        "ep_cut": 10,
        "image_url": "https://w.junreimap.com/images/points/210864/2sjmsdx_1753089945158.jpg",
        "location": "大英图书馆（条条大路通KingsX）",
        "point_id": "2sjmsdx",
        "point_name": "British Library",
        "remark": "S02EP10，学院的建筑原型是KingsX边上的大英图书馆。此处位于馆内正门附近。"
      },
      "type": "Feature"
    },
    {
      "geometry": {
        "coordinates": [
          -0.127886,
          51.529604
        ],
        "type": "Point"
      },
      "properties": {
        "bangumi_id": 210864,
        "bangumi_title": "魔法使的新娘",
        "ep_cut": 10,
        "image_url": "https://w.junreimap.com/images/points/210864/2sjmx6x_1753089951181.jpg",
        "location": "大英图书馆（条条大路通KingsX）",
        "point_id": "2sjmx6x",
        "point_name": "British Library",
        "remark": "S02EP10，学院的建筑原型是KingsX边上的大英图书馆。此处位于馆内正门附近。"
      },
      "type": "Feature"
    },
    {
      "geometry": {
        "coordinates": [
          -0.12779,
          51.529555
        ],
        "type": "Point"
      },
      "properties": {
        "bangumi_id": 210864,
        "bangumi_title": "魔法使的新娘",
        "ep_cut": 10,
        "image_url": "https://w.junreimap.com/images/points/210864/2sjn2lv_1753089958125.jpg",
        "location": "大英图书馆（条条大路通KingsX）",
        "point_id": "2sjn2lv",
        "point_name": "British Library",
        "remark": "S02EP10，学院的建筑原型是KingsX边上的大英图书馆。此处位于馆内正门附近。"
      },
      "type": "Feature"
    },
    {
      "geometry": {
        "coordinates": [
          -0.127935,
          51.529591
        ],
        "type": "Point"
      },
      "properties": {
        "bangumi_id": 210864,
        "bangumi_title": "魔法使的新娘",
        "ep_cut": 10,
        "image_url": "https://w.junreimap.com/images/points/210864/2sjn6ys_1753089963659.jpg",
        "location": "大英图书馆（条条大路通KingsX）",
        "point_id": "2sjn6ys",
        "point_name": "British Library",
        "remark": "S02EP10，学院的建筑原型是KingsX边上的大英图书馆。此处位于馆内正门附近。"
      },
      "type": "Feature"
    },
    {
      "geometry": {
        "coordinates": [
          -0.127957,
          51.529615
        ],
        "type": "Point"
      },
      "properties": {
        "bangumi_id": 210864,
        "bangumi_title": "魔法使的新娘",
        "ep_cut": 10,
        "image_url": "https://w.junreimap.com/images/points/210864/2sjnbig_1753089969967.jpg",
        "location": "大英图书馆（条条大路通KingsX）",
        "point_id": "2sjnbig",
        "point_name": "British Library",
        "remark": "S02EP10，学院的建筑原型是KingsX边上的大英图书馆。此处位于馆内正门附近。"
      },
      "type": "Feature"
    },
    {
      "geometry": {
        "coordinates": [
          -0.127752,
          51.529649
        ],
        "type": "Point"
      },
      "properties": {
        "bangumi_id": 210864,
        "bangumi_title": "魔法使的新娘",
        "ep_cut": 10,
        "image_url": "https://w.junreimap.com/images/points/210864/2sjnn8p_1753089986024.jpg",
        "location": "大英图书馆（条条大路通KingsX）",
        "point_id": "2sjnn8p",
        "point_name": "British Library",
        "remark": "S02EP10，学院的建筑原型是KingsX边上的大英图书馆。此处位于馆内正门附近。"
      },
      "type": "Feature"
    },
    {
      "geometry": {
        "coordinates": [
          -0.127751,
          51.529569
        ],
        "type": "Point"
      },
      "properties": {
        "bangumi_id": 210864,
        "bangumi_title": "魔法使的新娘",
        "ep_cut": 10,
        "image_url": "https://w.junreimap.com/images/points/210864/2sjnr34_1753089989679.jpg",
        "location": "大英图书馆（条条大路通KingsX）",
        "point_id": "2sjnr34",
        "point_name": "British Library",
        "remark": "S02EP10，学院的建筑原型是KingsX边上的大英图书馆。此处位于馆内正门附近。"
      },
      "type": "Feature"
    },
    {
      "geometry": {
        "coordinates": [
          -0.127825,
          51.529721
        ],
        "type": "Point"
      },
      "properties": {
        "bangumi_id": 210864,
        "bangumi_title": "魔法使的新娘",
        "ep_cut": 10,
        "image_url": "https://w.junreimap.com/images/points/210864/2sjny8e_1753090000137.jpg",
        "location": "大英图书馆（条条大路通KingsX）",
        "point_id": "2sjny8e",
        "point_name": "British Library",
        "remark": "S02EP10，学院的建筑原型是KingsX边上的大英图书馆。此处位于馆内正门附近。"
      },
      "type": "Feature"
    },
    {
      "geometry": {
        "coordinates": [
          -0.127792,
          51.529731
        ],
        "type": "Point"
      },
      "properties": {
        "bangumi_id": 210864,
        "bangumi_title": "魔法使的新娘",
        "ep_cut": 10,
        "image_url": "https://w.junreimap.com/images/points/210864/2sjo4bf_1753090010916.jpg",
        "location": "大英图书馆（条条大路通KingsX）",
        "point_id": "2sjo4bf",
        "point_name": "British Library",
        "remark": "S02EP10，学院的建筑原型是KingsX边上的大英图书馆。此处位于馆内正门附近。"
      },
      "type": "Feature"
    },
    {
      "geometry": {
        "coordinates": [
          -0.127751,
          51.529741
        ],
        "type": "Point"
      },
      "properties": {
        "bangumi_id": 210864,
        "bangumi_title": "魔法使的新娘",
        "ep_cut": 10,
        "image_url": "https://w.junreimap.com/images/points/210864/2sjoc5f_1753090017444.jpg",
        "location": "大英图书馆（条条大路通KingsX）",
        "point_id": "2sjoc5f",
        "point_name": "British Library",
        "remark": "S02EP10，学院的建筑原型是KingsX边上的大英图书馆。此处位于馆内正门附近。"
      },
      "type": "Feature"
    },
    {
      "geometry": {
        "coordinates": [
          -0.127916,
          51.529625
        ],
        "type": "Point"
      },
      "properties": {
        "bangumi_id": 210864,
        "bangumi_title": "魔法使的新娘",
        "ep_cut": 10,
        "image_url": "https://w.junreimap.com/images/points/210864/2sjm89o_1753089918900.jpg",
        "location": "大英图书馆（条条大路通KingsX）",
        "point_id": "2sjm89o",
        "point_name": "British Library",
        "remark": "S02EP10，学院的建筑原型是KingsX边上的大英图书馆。此处位于馆内正门附近。"
      },
      "type": "Feature"
    },
    {
      "geometry": {
        "coordinates": [
          -0.128023,
          51.529165
        ],
        "type": "Point"
      },
      "properties": {
        "bangumi_id": 210864,
        "bangumi_title": "魔法使的新娘",
        "ep_cut": 10,
        "image_url": "https://w.junreimap.com/images/points/210864/2sjew68_1753089576778.jpg",
        "location": "大英图书馆（条条大路通KingsX）",
        "point_id": "2sjew68",
        "point_name": "British Library",
        "remark": "S02EP10，学院的建筑原型是KingsX边上的大英图书馆。此处Ossulston St上的西侧小门。"
      },
      "type": "Feature"
    },
    {
      "geometry": {
        "coordinates": [
          -0.12789,
          51.529072
        ],
        "type": "Point"
      },
      "properties": {
        "bangumi_id": 210864,
        "bangumi_title": "魔法使的新娘",
        "ep_cut": 9,
        "image_url": "https://w.junreimap.com/images/points/210864/2sk6oxz_1753090877022.jpg",
        "location": "大英图书馆（条条大路通KingsX）",
        "point_id": "2sk6oxz",
        "point_name": "British Library",
        "remark": "S02EP9"
      },
      "type": "Feature"
    },
    {
      "geometry": {
        "coordinates": [
          -0.127924,
          51.529064
        ],
        "type": "Point"
      },
      "properties": {
        "bangumi_id": 210864,
        "bangumi_title": "魔法使的新娘",
        "ep_cut": 9,
        "image_url": "https://w.junreimap.com/images/points/210864/2sk7d0b_1753090904756.jpg",
        "location": "大英图书馆（条条大路通KingsX）",
        "point_id": "2sk7d0b",
        "point_name": "British Library",
        "remark": "S02EP9"
      },
      "type": "Feature"
    },
    {
      "geometry": {
        "coordinates": [
          -0.12736,
          51.529901
        ],
        "type": "Point"
      },
      "properties": {
        "bangumi_id": 210864,
        "bangumi_title": "魔法使的新娘",
        "ep_cut": "S02OP2",
        "image_url": "https://w.junreimap.com/images/points/210864/2sjqh9m_1753090118996.jpg",
        "location": "大英图书馆（条条大路通KingsX）",
        "point_id": "2sjqh9m",
        "point_name": "British Library",
        "remark": "第二季OP2.S02EP10，学院的建筑原型是KingsX边上的大英图书馆。"
      },
      "type": "Feature"
    },
    {
      "geometry": {
        "coordinates": [
          -0.128445,
          51.530043
        ],
        "type": "Point"
      },
      "properties": {
        "bangumi_id": 210864,
        "bangumi_title": "魔法使的新娘",
        "ep_cut": 13,
        "image_url": "https://w.junreimap.com/images/points/210864/2sj55kj_1753089122229.jpg",
        "location": "大英图书馆（条条大路通KingsX）",
        "point_id": "2sj55kj",
        "point_name": "British Library 空中",
        "remark": "S02EP13，无人机视角"
      },
      "type": "Feature"
    },
    {
      "geometry": {
        "coordinates": [
          -5.980416,
          56.325793
        ],
        "type": "Point"
      },
      "properties": {
        "bangumi_id": 210864,
        "bangumi_title": "魔法使的新娘",
        "ep_cut": 4,
        "image_url": "https://w.junreimap.com/images/points/210864/2sibyya_1753087769402.jpg",
        "location": "Carsaig湾-马尔岛-苏格兰",
        "point_id": "2sibyya",
        "point_name": "Carsaig Phonebox Mull",
        "remark": "S02EP4，现实中也是电影 I Know Where I'm Going 的取景地"
      },
      "type": "Feature"
    },
    {
      "geometry": {
        "coordinates": [
          -5.980296,
          56.325754
        ],
        "type": "Point"
      },
      "properties": {
        "bangumi_id": 210864,
        "bangumi_title": "魔法使的新娘",
        "ep_cut": 4,
        "image_url": "https://w.junreimap.com/images/points/210864/2sieskq_1753087892101.jpg",
        "location": "Carsaig湾-马尔岛-苏格兰",
        "point_id": "2sieskq",
        "point_name": "Carsaig Phonebox Mull",
        "remark": "S02EP4，现实中也是电影 I Know Where I'm Going 的取景地"
      },
      "type": "Feature"
    },
    {
      "geometry": {
        "coordinates": [
          -5.980375,
          56.325756
        ],
        "type": "Point"
      },
      "properties": {
        "bangumi_id": 210864,
        "bangumi_title": "魔法使的新娘",
        "ep_cut": 4,
        "image_url": "https://w.junreimap.com/images/points/210864/2siex0d_1753087898080.jpg",
        "location": "Carsaig湾-马尔岛-苏格兰",
        "point_id": "2siex0d",
        "point_name": "Carsaig Phonebox Mull",
        "remark": "S02EP4，现实中也是电影 I Know Where I'm Going 的取景地"
      },
      "type": "Feature"
    },
    {
      "geometry": {
        "coordinates": [
          13.737389,
          51.051869
        ],
        "type": "Point"
      },
      "properties": {
        "bangumi_id": 210864,
        "bangumi_title": "魔法使的新娘",
        "ep_cut": 7,
        "image_url": "https://w.junreimap.com/images/points/210864/2sgtrxo_1753085264477.jpg",
        "location": "德累斯顿-德国",
        "point_id": "2sgtrxo",
        "point_name": "Dresdner Frauenkirche",
        "remark": "S02EP7，隔易北河相望。"
      },
      "type": "Feature"
    },
    {
      "geometry": {
        "coordinates": [
          13.736121,
          51.054646
        ],
        "type": "Point"
      },
      "properties": {
        "bangumi_id": 210864,
        "bangumi_title": "魔法使的新娘",
        "ep_cut": 7,
        "image_url": "https://w.junreimap.com/images/points/210864/2sgvmbr_1753085321036.jpg",
        "location": "德累斯顿-德国",
        "point_id": "2sgvmbr",
        "point_name": "Dresdner Frauenkirche",
        "remark": "S02EP7，理论位置附近"
      },
      "type": "Feature"
    },
    {
      "geometry": {
        "coordinates": [
          -16.865102,
          64.879768
        ],
        "type": "Point"
      },
      "properties": {
        "bangumi_id": 210864,
        "bangumi_title": "魔法使的新娘",
        "ep_cut": 3,
        "image_url": "https://w.junreimap.com/images/points/210864/2spbadq_1753099498057.jpg",
        "location": "冰岛",
        "point_id": "2spbadq",
        "point_name": "冰岛",
        "remark": "龙之国原型——冰岛。"
      },
      "type": "Feature"
    },
    {
      "geometry": {
        "coordinates": [
          140.600839,
          36.407121
        ],
        "type": "Point"
      },
      "properties": {
        "bangumi_id": 210864,
        "bangumi_title": "魔法使的新娘",
        "ep_cut": 5,
        "image_url": "https://w.junreimap.com/images/points/210864/2qbeott_1752955202147.jpg",
        "location": "日本",
        "point_id": "2qbeott",
        "point_name": "ひたち海浜公園 みはらしの丘",
        "remark": "注意，有这个分镜和后一个有小丘的分镜不在一个方向。"
      },
      "type": "Feature"
    },
    {
      "geometry": {
        "coordinates": [
          140.600351,
          36.407893
        ],
        "type": "Point"
      },
      "properties": {
        "bangumi_id": 210864,
        "bangumi_title": "魔法使的新娘",
        "ep_cut": 5,
        "image_url": "https://w.junreimap.com/images/points/210864/2tzg55o_1753176974618.jpg",
        "location": "日本",
        "point_id": "2tzg55o",
        "point_name": "ひたち海浜公園 みはらしの丘",
        "remark": "注意，有小丘的这个分镜和前一个平坦分镜不在一个方向。"
      },
      "type": "Feature"
    },
    {
      "geometry": {
        "coordinates": [
          139.647263,
          35.608735
        ],
        "type": "Point"
      },
      "properties": {
        "bangumi_id": 210864,
        "bangumi_title": "魔法使的新娘",
        "ep_cut": "OVA1",
        "image_url": "https://w.junreimap.com/images/points/210864/2qcv3wr_1753098685884.jpg",
        "location": "日本",
        "point_id": "2qcv3wr",
        "point_name": "等々力駅前",
        "remark": "OVA 等待繁星之人"
      },
      "type": "Feature"
    },
    {
      "geometry": {
        "coordinates": [
          139.64559,
          35.605095
        ],
        "type": "Point"
      },
      "properties": {
        "bangumi_id": 210864,
        "bangumi_title": "魔法使的新娘",
        "ep_cut": "OVA1",
        "image_url": "https://w.junreimap.com/images/points/210864/2qd0ko9_1753098704061.jpg",
        "location": "日本",
        "point_id": "2qd0ko9",
        "point_name": "等々力溪谷",
        "remark": "OVA 等待繁星之人"
      },
      "type": "Feature"
    },
    {
      "geometry": {
        "coordinates": [
          139.645956,
          35.605033
        ],
        "type": "Point"
      },
      "properties": {
        "bangumi_id": 210864,
        "bangumi_title": "魔法使的新娘",
        "ep_cut": "OVA1",
        "image_url": "",
        "location": "日本",
        "point_id": "2txfjs9",
        "point_name": "等々力溪谷",
        "remark": "小智世在树林里逃跑的位置基本都在等々力溪谷公园里，由于没有可靠参照物，无法提供精确坐标，可以在现场逛逛。"
      },
      "type": "Feature"
    },
    {
      "geometry": {
        "coordinates": [
          139.646721,
          35.603814
        ],
        "type": "Point"
      },
      "properties": {
        "bangumi_id": 210864,
        "bangumi_title": "魔法使的新娘",
        "ep_cut": "OVA1",
        "image_url": "https://w.junreimap.com/images/points/210864/2qcxvph_1753098732763.jpg",
        "location": "日本",
        "point_id": "2qcxvph",
        "point_name": "ゴルフ橋",
        "remark": "OVA 等待繁星之人"
      },
      "type": "Feature"
    }
  ],
  "type": "FeatureCollection"
}