{
  "features": [
    {
      "geometry": {
        "coordinates": [
          138.660313,
          35.711384
        ],
        "type": "Point"
      },
      "properties": {
        "bangumi_id": 262898,
        "bangumi_title": "电影 摇曳露营△",
        "ep_cut": "",
        "image_url": "",
        "location": "",
        "point_id": "9o8t51h",
        "point_name": "【关于私有地无断侵入的提醒】",
        "remark": "在摇曳露营相关词条中，存在大量位于露营地、学校等设施内的地标。在拜访这些地标前，请确保已获得相关许可。请注意：绝大部分露营地为私有地性质，在check-in前擅自进入扎营地等露营地区域属“无端侵入”违法行为，亦可能被认定为对扎营者的财产、隐私和安全构成了潜在威胁。官方公告：https://yurucamp.jp/news/information/6319"
      },
      "type": "Feature"
    },
    {
      "geometry": {
        "coordinates": [
          136.885894,
          35.171838
        ],
        "type": "Point"
      },
      "properties": {
        "bangumi_id": 262898,
        "bangumi_title": "电影 摇曳露营△",
        "ep_cut": "",
        "image_url": "https://w.junreimap.com/images/points/262898/4jw17cv_1756920141946.jpg",
        "location": "名古屋",
        "point_id": "4jw17cv",
        "point_name": "ジュンク堂書店 名古屋店",
        "remark": "这是芝麻凛看报纸时光顾的书店原型，店内设有摇曳露营专区，还展示有等身大看板，这些都是当店员工亲自制作的。"
      },
      "type": "Feature"
    },
    {
      "geometry": {
        "coordinates": [
          136.88574,
          35.17182
        ],
        "type": "Point"
      },
      "properties": {
        "bangumi_id": 262898,
        "bangumi_title": "电影 摇曳露营△",
        "ep_cut": "",
        "image_url": "https://w.junreimap.com/images/points/262898/4icbtki_1756920122325.jpg",
        "location": "名古屋",
        "point_id": "4icbtki",
        "point_name": "ジュンク堂書店 名古屋店",
        "remark": "这是芝麻凛看报纸时光顾的书店原型，店内设有摇曳露营专区，还展示有等身大看板，这些都是当店员工亲自制作的。"
      },
      "type": "Feature"
    },
    {
      "geometry": {
        "coordinates": [
          136.885906,
          35.171928
        ],
        "type": "Point"
      },
      "properties": {
        "bangumi_id": 262898,
        "bangumi_title": "电影 摇曳露营△",
        "ep_cut": "",
        "image_url": "https://w.junreimap.com/images/user/1099/bangumi/262898/points/40xdclk-1755773545388.jpg",
        "location": "名古屋",
        "point_id": "40xdclk",
        "point_name": "ジュンク堂書店 名古屋店",
        "remark": ""
      },
      "type": "Feature"
    },
    {
      "geometry": {
        "coordinates": [
          136.885887,
          35.1719
        ],
        "type": "Point"
      },
      "properties": {
        "bangumi_id": 262898,
        "bangumi_title": "电影 摇曳露营△",
        "ep_cut": "",
        "image_url": "https://w.junreimap.com/images/user/1099/bangumi/262898/points/40xcphx-1755773511363.jpg",
        "location": "名古屋",
        "point_id": "40xcphx",
        "point_name": "ジュンク堂書店 名古屋店",
        "remark": ""
      },
      "type": "Feature"
    },
    {
      "geometry": {
        "coordinates": [
          136.885891,
          35.171879
        ],
        "type": "Point"
      },
      "properties": {
        "bangumi_id": 262898,
        "bangumi_title": "电影 摇曳露营△",
        "ep_cut": "",
        "image_url": "https://w.junreimap.com/images/points/262898/4jw1kbf_1756920158860.jpg",
        "location": "名古屋",
        "point_id": "4jw1kbf",
        "point_name": "ジュンク堂書店 名古屋店",
        "remark": "这是芝麻凛看报纸时光顾的书店原型，店内设有摇曳露营专区，还展示有等身大看板，这些都是当店员工亲自制作的。"
      },
      "type": "Feature"
    },
    {
      "geometry": {
        "coordinates": [
          136.890346,
          35.170195
        ],
        "type": "Point"
      },
      "properties": {
        "bangumi_id": 262898,
        "bangumi_title": "电影 摇曳露营△",
        "ep_cut": "",
        "image_url": "https://w.junreimap.com/images/points/262898/4ic58c0_1756920303912.jpg",
        "location": "名古屋",
        "point_id": "4ic58c0",
        "point_name": "コーヒーハウス かこ 花車本店",
        "remark": "1972年创立的老铺，芝麻凛享用的是这家店的经典套餐“小仓吐司&特制水果汁套餐”，搭配自家制红豆馅和果酱。售价750日元。营业时间7AM~7PM（周六提前至5PM），全年无休，无停车场。"
      },
      "type": "Feature"
    },
    {
      "geometry": {
        "coordinates": [
          136.890346,
          35.17017
        ],
        "type": "Point"
      },
      "properties": {
        "bangumi_id": 262898,
        "bangumi_title": "电影 摇曳露营△",
        "ep_cut": "",
        "image_url": "https://w.junreimap.com/images/points/262898/4jw4rpc_1756920308523.jpg",
        "location": "名古屋",
        "point_id": "4jw4rpc",
        "point_name": "コーヒーハウス かこ 花車本店",
        "remark": "1972年创立的老铺，芝麻凛享用的是这家店的经典套餐“小仓吐司&特制水果汁套餐”，搭配自家制红豆馅和果酱。售价750日元。营业时间7AM~7PM（周六提前至5PM），全年无休，无停车场。"
      },
      "type": "Feature"
    },
    {
      "geometry": {
        "coordinates": [
          136.890319,
          35.170169
        ],
        "type": "Point"
      },
      "properties": {
        "bangumi_id": 262898,
        "bangumi_title": "电影 摇曳露营△",
        "ep_cut": "",
        "image_url": "https://w.junreimap.com/images/points/262898/4jw4vuk_1756920313735.jpg",
        "location": "名古屋",
        "point_id": "4jw4vuk",
        "point_name": "コーヒーハウス かこ 花車本店",
        "remark": "1972年创立的老铺，芝麻凛享用的是这家店的经典套餐“小仓吐司&特制水果汁套餐”，搭配自家制红豆馅和果酱。售价750日元。营业时间7AM~7PM（周六提前至5PM），全年无休，无停车场。"
      },
      "type": "Feature"
    },
    {
      "geometry": {
        "coordinates": [
          136.884715,
          35.168398
        ],
        "type": "Point"
      },
      "properties": {
        "bangumi_id": 262898,
        "bangumi_title": "电影 摇曳露营△",
        "ep_cut": "",
        "image_url": "https://w.junreimap.com/images/points/262898/4icf1nr_1756920225496.jpg",
        "location": "名古屋",
        "point_id": "4icf1nr",
        "point_name": "ナナちゃん人形",
        "remark": "小明发给芝麻凛的SNS照片中出现的是名铁百货店的象征——娜娜酱人偶。它的特点是每周都会换上不同的服装。"
      },
      "type": "Feature"
    },
    {
      "geometry": {
        "coordinates": [
          136.884695,
          35.171588
        ],
        "type": "Point"
      },
      "properties": {
        "bangumi_id": 262898,
        "bangumi_title": "电影 摇曳露营△",
        "ep_cut": "",
        "image_url": "https://w.junreimap.com/images/points/262898/4icjsyf_1756920038108.jpg",
        "location": "名古屋",
        "point_id": "4icjsyf",
        "point_name": "名古屋駅 东侧 A",
        "remark": "作品中多次登场的名古屋站，站前环形广场曾竖立有纪念碑“飞翔”，为了配合磁悬浮新干线的改造工程而拆除，拍摄时可以参考周围的建筑。"
      },
      "type": "Feature"
    },
    {
      "geometry": {
        "coordinates": [
          136.884716,
          35.171526
        ],
        "type": "Point"
      },
      "properties": {
        "bangumi_id": 262898,
        "bangumi_title": "电影 摇曳露营△",
        "ep_cut": "",
        "image_url": "https://w.junreimap.com/images/points/262898/4jvz7cs_1756920051556.jpg",
        "location": "名古屋",
        "point_id": "4jvz7cs",
        "point_name": "名古屋駅 东侧 B",
        "remark": "作品中多次登场的名古屋站，站前环形广场曾竖立有纪念碑“飞翔”，为了配合磁悬浮新干线的改造工程而拆除，拍摄时可以参考周围的建筑。"
      },
      "type": "Feature"
    },
    {
      "geometry": {
        "coordinates": [
          136.884754,
          35.171538
        ],
        "type": "Point"
      },
      "properties": {
        "bangumi_id": 262898,
        "bangumi_title": "电影 摇曳露营△",
        "ep_cut": "",
        "image_url": "https://w.junreimap.com/images/points/262898/4jw1nzz_1756920167144.jpg",
        "location": "名古屋",
        "point_id": "4jw1nzz",
        "point_name": "名古屋駅 东侧 夜",
        "remark": ""
      },
      "type": "Feature"
    },
    {
      "geometry": {
        "coordinates": [
          136.883358,
          35.171555
        ],
        "type": "Point"
      },
      "properties": {
        "bangumi_id": 262898,
        "bangumi_title": "电影 摇曳露营△",
        "ep_cut": "",
        "image_url": "https://w.junreimap.com/images/points/262898/4jvzy9p_1756920085497.jpg",
        "location": "名古屋",
        "point_id": "4jvzy9p",
        "point_name": "名古屋駅",
        "remark": ""
      },
      "type": "Feature"
    },
    {
      "geometry": {
        "coordinates": [
          136.885555,
          35.171707
        ],
        "type": "Point"
      },
      "properties": {
        "bangumi_id": 262898,
        "bangumi_title": "电影 摇曳露营△",
        "ep_cut": "",
        "image_url": "https://w.junreimap.com/images/points/262898/4icq030_1756827278399.jpg",
        "location": "名古屋",
        "point_id": "4icq030",
        "point_name": "名古屋駅 4号出口",
        "remark": "剧场版CD封面。从书店往名古屋方向走，很快就能看到4号出口。"
      },
      "type": "Feature"
    },
    {
      "geometry": {
        "coordinates": [
          136.899902,
          35.173357
        ],
        "type": "Point"
      },
      "properties": {
        "bangumi_id": 262898,
        "bangumi_title": "电影 摇曳露营△",
        "ep_cut": "",
        "image_url": "https://w.junreimap.com/images/points/262898/4iclzt7_1756920102226.jpg",
        "location": "名古屋",
        "point_id": "4iclzt7",
        "point_name": "丸の内駅 4番口",
        "remark": "芝麻凛工作地点附近的地铁出口，以4号口为原型。从ジュンク堂書店 名古屋店往"
      },
      "type": "Feature"
    },
    {
      "geometry": {
        "coordinates": [
          136.899884,
          35.173389
        ],
        "type": "Point"
      },
      "properties": {
        "bangumi_id": 262898,
        "bangumi_title": "电影 摇曳露营△",
        "ep_cut": "",
        "image_url": "https://w.junreimap.com/images/points/262898/4jw56bi_1756920328069.jpg",
        "location": "名古屋",
        "point_id": "4jw56bi",
        "point_name": "丸の内駅 4番口",
        "remark": ""
      },
      "type": "Feature"
    },
    {
      "geometry": {
        "coordinates": [
          136.899855,
          35.173386
        ],
        "type": "Point"
      },
      "properties": {
        "bangumi_id": 262898,
        "bangumi_title": "电影 摇曳露营△",
        "ep_cut": "",
        "image_url": "https://w.junreimap.com/images/points/262898/4jw59fp_1756920331419.jpg",
        "location": "名古屋",
        "point_id": "4jw59fp",
        "point_name": "丸の内駅 4番口",
        "remark": ""
      },
      "type": "Feature"
    },
    {
      "geometry": {
        "coordinates": [
          136.899855,
          35.17335
        ],
        "type": "Point"
      },
      "properties": {
        "bangumi_id": 262898,
        "bangumi_title": "电影 摇曳露营△",
        "ep_cut": "",
        "image_url": "https://w.junreimap.com/images/points/262898/4jw5j3e_1756920345394.jpg",
        "location": "名古屋",
        "point_id": "4jw5j3e",
        "point_name": "丸の内駅 4番口",
        "remark": ""
      },
      "type": "Feature"
    },
    {
      "geometry": {
        "coordinates": [
          136.899654,
          35.173404
        ],
        "type": "Point"
      },
      "properties": {
        "bangumi_id": 262898,
        "bangumi_title": "电影 摇曳露营△",
        "ep_cut": "",
        "image_url": "https://w.junreimap.com/images/points/262898/4jw5n0d_1756920349210.jpg",
        "location": "名古屋",
        "point_id": "4jw5n0d",
        "point_name": "丸の内駅 4番口",
        "remark": ""
      },
      "type": "Feature"
    },
    {
      "geometry": {
        "coordinates": [
          136.876198,
          35.15883
        ],
        "type": "Point"
      },
      "properties": {
        "bangumi_id": 262898,
        "bangumi_title": "电影 摇曳露营△",
        "ep_cut": "",
        "image_url": "https://w.junreimap.com/images/points/262898/4id0dja_1756827727668.jpg",
        "location": "名古屋",
        "point_id": "4id0dja",
        "point_name": "向野橋",
        "remark": "剧场版公式图（芝麻凛part）的取景地。适合夜晚到访，从桥上不仅能一览名古屋车站周边的夜景，还能欣赏脚下JR东海名古屋车辆基地的景色。公式图可从官网查看：https://yurucamp.jp/cinema/"
      },
      "type": "Feature"
    },
    {
      "geometry": {
        "coordinates": [
          136.795831,
          35.302022
        ],
        "type": "Point"
      },
      "properties": {
        "bangumi_id": 262898,
        "bangumi_title": "电影 摇曳露营△",
        "ep_cut": "",
        "image_url": "https://w.junreimap.com/images/user/1099/bangumi/262898/points/r3j4r8eni-1734589975955.jpg",
        "location": "名古屋",
        "point_id": "r3j4r8eni",
        "point_name": "名鉄一宮駅",
        "remark": "车站的西侧"
      },
      "type": "Feature"
    },
    {
      "geometry": {
        "coordinates": [
          136.881878,
          35.170166
        ],
        "type": "Point"
      },
      "properties": {
        "bangumi_id": 262898,
        "bangumi_title": "电影 摇曳露营△",
        "ep_cut": "",
        "image_url": "https://w.junreimap.com/images/points/262898/4jvxiab_1756919971935.jpg",
        "location": "名古屋",
        "point_id": "4jvxiab",
        "point_name": "JR東海313系车内",
        "remark": ""
      },
      "type": "Feature"
    },
    {
      "geometry": {
        "coordinates": [
          136.881773,
          35.170321
        ],
        "type": "Point"
      },
      "properties": {
        "bangumi_id": 262898,
        "bangumi_title": "电影 摇曳露营△",
        "ep_cut": "",
        "image_url": "https://w.junreimap.com/images/points/262898/4jvymeq_1756920022124.jpg",
        "location": "名古屋",
        "point_id": "4jvymeq",
        "point_name": "名铁电车内",
        "remark": ""
      },
      "type": "Feature"
    },
    {
      "geometry": {
        "coordinates": [
          139.361698,
          35.715684
        ],
        "type": "Point"
      },
      "properties": {
        "bangumi_id": 262898,
        "bangumi_title": "电影 摇曳露营△",
        "ep_cut": "",
        "image_url": "https://w.junreimap.com/images/user/1099/bangumi/262898/points/r3j9j2gv0-1734590488383.jpg",
        "location": "昭岛市",
        "point_id": "r3j9j2gv0",
        "point_name": "Mori Park Outdoor Village",
        "remark": ""
      },
      "type": "Feature"
    },
    {
      "geometry": {
        "coordinates": [
          139.361516,
          35.716223
        ],
        "type": "Point"
      },
      "properties": {
        "bangumi_id": 262898,
        "bangumi_title": "电影 摇曳露营△",
        "ep_cut": "",
        "image_url": "https://w.junreimap.com/images/user/1099/bangumi/262898/points/r3jhcqzjh-1734590721612.jpg",
        "location": "昭岛市",
        "point_id": "r3jhcqzjh",
        "point_name": "Mori Park Outdoor Village",
        "remark": ""
      },
      "type": "Feature"
    },
    {
      "geometry": {
        "coordinates": [
          139.361568,
          35.71621
        ],
        "type": "Point"
      },
      "properties": {
        "bangumi_id": 262898,
        "bangumi_title": "电影 摇曳露营△",
        "ep_cut": "",
        "image_url": "https://w.junreimap.com/images/points/262898/4jwo75b_1756921216889.jpg",
        "location": "昭岛市",
        "point_id": "4jwo75b",
        "point_name": "Mori Park Outdoor Village",
        "remark": "抚子工作的户外用品店所在的购物中心。这里汇聚了许多受欢迎的户外露营专卖店、咖啡店、餐厅等，还有200平米的迷你徒步路线和草坪广场，定期举办与户外有关的各种活动与体验。营业时间11AM~8PM（周一至周五）/10AM~8PM（周末/节假日）。周三定休（节假日除外）。"
      },
      "type": "Feature"
    },
    {
      "geometry": {
        "coordinates": [
          139.361528,
          35.716264
        ],
        "type": "Point"
      },
      "properties": {
        "bangumi_id": 262898,
        "bangumi_title": "电影 摇曳露营△",
        "ep_cut": "",
        "image_url": "https://w.junreimap.com/images/points/262898/4jwob5a_1756921220171.jpg",
        "location": "昭岛市",
        "point_id": "4jwob5a",
        "point_name": "Mori Park Outdoor Village",
        "remark": "抚子工作的户外用品店所在的购物中心。这里汇聚了许多受欢迎的户外露营专卖店、咖啡店、餐厅等，还有200平米的迷你徒步路线和草坪广场，定期举办与户外有关的各种活动与体验。营业时间11AM~8PM（周一至周五）/10AM~8PM（周末/节假日）。周三定休（节假日除外）。"
      },
      "type": "Feature"
    },
    {
      "geometry": {
        "coordinates": [
          139.361269,
          35.715851
        ],
        "type": "Point"
      },
      "properties": {
        "bangumi_id": 262898,
        "bangumi_title": "电影 摇曳露营△",
        "ep_cut": "",
        "image_url": "https://w.junreimap.com/images/user/0/bangumi/262898/points/5hgn26rug-1673617202871.jpg",
        "location": "昭岛市",
        "point_id": "5hgn26rug",
        "point_name": "コールマン 昭島アウトドアヴィレッジ店",
        "remark": ""
      },
      "type": "Feature"
    },
    {
      "geometry": {
        "coordinates": [
          139.361511,
          35.715956
        ],
        "type": "Point"
      },
      "properties": {
        "bangumi_id": 262898,
        "bangumi_title": "电影 摇曳露营△",
        "ep_cut": "",
        "image_url": "https://w.junreimap.com/images/points/262898/4jwnrhm_1756921228322.jpg",
        "location": "昭岛市",
        "point_id": "4jwnrhm",
        "point_name": "A&Fカントリー 昭島アウトドアヴィレッジ店",
        "remark": "抚子工作的户外用品店所在的购物中心。这里汇聚了许多受欢迎的户外露营专卖店、咖啡店、餐厅等，还有200平米的迷你徒步路线和草坪广场，定期举办与户外有关的各种活动与体验。营业时间11AM~8PM（周一至周五）/10AM~8PM（周末/节假日）。周三定休（节假日除外）。"
      },
      "type": "Feature"
    },
    {
      "geometry": {
        "coordinates": [
          139.361537,
          35.715997
        ],
        "type": "Point"
      },
      "properties": {
        "bangumi_id": 262898,
        "bangumi_title": "电影 摇曳露营△",
        "ep_cut": "",
        "image_url": "https://w.junreimap.com/images/points/262898/4jwojgx_1756921233043.jpg",
        "location": "昭岛市",
        "point_id": "4jwojgx",
        "point_name": "A&Fカントリー 昭島アウトドアヴィレッジ店",
        "remark": "抚子工作的户外用品店所在的购物中心。这里汇聚了许多受欢迎的户外露营专卖店、咖啡店、餐厅等，还有200平米的迷你徒步路线和草坪广场，定期举办与户外有关的各种活动与体验。营业时间11AM~8PM（周一至周五）/10AM~8PM（周末/节假日）。周三定休（节假日除外）。"
      },
      "type": "Feature"
    },
    {
      "geometry": {
        "coordinates": [
          139.361571,
          35.715978
        ],
        "type": "Point"
      },
      "properties": {
        "bangumi_id": 262898,
        "bangumi_title": "电影 摇曳露营△",
        "ep_cut": "",
        "image_url": "https://w.junreimap.com/images/points/262898/4jwoooc_1756921237270.jpg",
        "location": "昭岛市",
        "point_id": "4jwoooc",
        "point_name": "A&Fカントリー 昭島アウトドアヴィレッジ店",
        "remark": "抚子工作的户外用品店所在的购物中心。这里汇聚了许多受欢迎的户外露营专卖店、咖啡店、餐厅等，还有200平米的迷你徒步路线和草坪广场，定期举办与户外有关的各种活动与体验。营业时间11AM~8PM（周一至周五）/10AM~8PM（周末/节假日）。周三定休（节假日除外）。"
      },
      "type": "Feature"
    },
    {
      "geometry": {
        "coordinates": [
          139.36157,
          35.715937
        ],
        "type": "Point"
      },
      "properties": {
        "bangumi_id": 262898,
        "bangumi_title": "电影 摇曳露营△",
        "ep_cut": "",
        "image_url": "https://w.junreimap.com/images/points/262898/4jwoqhz_1756921245326.jpg",
        "location": "昭岛市",
        "point_id": "4jwoqhz",
        "point_name": "A&Fカントリー 昭島アウトドアヴィレッジ店",
        "remark": "抚子工作的户外用品店所在的购物中心。这里汇聚了许多受欢迎的户外露营专卖店、咖啡店、餐厅等，还有200平米的迷你徒步路线和草坪广场，定期举办与户外有关的各种活动与体验。营业时间11AM~8PM（周一至周五）/10AM~8PM（周末/节假日）。周三定休（节假日除外）。"
      },
      "type": "Feature"
    },
    {
      "geometry": {
        "coordinates": [
          139.361553,
          35.715987
        ],
        "type": "Point"
      },
      "properties": {
        "bangumi_id": 262898,
        "bangumi_title": "电影 摇曳露营△",
        "ep_cut": "",
        "image_url": "https://w.junreimap.com/images/points/262898/4jwoz3j_1756921252179.jpg",
        "location": "昭岛市",
        "point_id": "4jwoz3j",
        "point_name": "A&Fカントリー 昭島アウトドアヴィレッジ店",
        "remark": "抚子工作的户外用品店所在的购物中心。这里汇聚了许多受欢迎的户外露营专卖店、咖啡店、餐厅等，还有200平米的迷你徒步路线和草坪广场，定期举办与户外有关的各种活动与体验。营业时间11AM~8PM（周一至周五）/10AM~8PM（周末/节假日）。周三定休（节假日除外）。"
      },
      "type": "Feature"
    },
    {
      "geometry": {
        "coordinates": [
          139.361515,
          35.716009
        ],
        "type": "Point"
      },
      "properties": {
        "bangumi_id": 262898,
        "bangumi_title": "电影 摇曳露营△",
        "ep_cut": "",
        "image_url": "https://w.junreimap.com/images/points/262898/4jwp2vi_1756921256590.jpg",
        "location": "昭岛市",
        "point_id": "4jwp2vi",
        "point_name": "A&Fカントリー 昭島アウトドアヴィレッジ店",
        "remark": "抚子工作的户外用品店所在的购物中心。这里汇聚了许多受欢迎的户外露营专卖店、咖啡店、餐厅等，还有200平米的迷你徒步路线和草坪广场，定期举办与户外有关的各种活动与体验。营业时间11AM~8PM（周一至周五）/10AM~8PM（周末/节假日）。周三定休（节假日除外）。"
      },
      "type": "Feature"
    },
    {
      "geometry": {
        "coordinates": [
          139.361596,
          35.715928
        ],
        "type": "Point"
      },
      "properties": {
        "bangumi_id": 262898,
        "bangumi_title": "电影 摇曳露营△",
        "ep_cut": "",
        "image_url": "https://w.junreimap.com/images/points/262898/4jwp5q5_1756921259781.jpg",
        "location": "昭岛市",
        "point_id": "4jwp5q5",
        "point_name": "A&Fカントリー 昭島アウトドアヴィレッジ店",
        "remark": "抚子工作的户外用品店所在的购物中心。这里汇聚了许多受欢迎的户外露营专卖店、咖啡店、餐厅等，还有200平米的迷你徒步路线和草坪广场，定期举办与户外有关的各种活动与体验。营业时间11AM~8PM（周一至周五）/10AM~8PM（周末/节假日）。周三定休（节假日除外）。"
      },
      "type": "Feature"
    },
    {
      "geometry": {
        "coordinates": [
          139.361532,
          35.716031
        ],
        "type": "Point"
      },
      "properties": {
        "bangumi_id": 262898,
        "bangumi_title": "电影 摇曳露营△",
        "ep_cut": "",
        "image_url": "https://w.junreimap.com/images/points/262898/4jwp95c_1756921264130.jpg",
        "location": "昭岛市",
        "point_id": "4jwp95c",
        "point_name": "A&Fカントリー 昭島アウトドアヴィレッジ店",
        "remark": "抚子工作的户外用品店所在的购物中心。这里汇聚了许多受欢迎的户外露营专卖店、咖啡店、餐厅等，还有200平米的迷你徒步路线和草坪广场，定期举办与户外有关的各种活动与体验。营业时间11AM~8PM（周一至周五）/10AM~8PM（周末/节假日）。周三定休（节假日除外）。"
      },
      "type": "Feature"
    },
    {
      "geometry": {
        "coordinates": [
          139.361555,
          35.716016
        ],
        "type": "Point"
      },
      "properties": {
        "bangumi_id": 262898,
        "bangumi_title": "电影 摇曳露营△",
        "ep_cut": "",
        "image_url": "https://w.junreimap.com/images/points/262898/4jwpb4y_1756921266973.jpg",
        "location": "昭岛市",
        "point_id": "4jwpb4y",
        "point_name": "A&Fカントリー 昭島アウトドアヴィレッジ店",
        "remark": "抚子工作的户外用品店所在的购物中心。这里汇聚了许多受欢迎的户外露营专卖店、咖啡店、餐厅等，还有200平米的迷你徒步路线和草坪广场，定期举办与户外有关的各种活动与体验。营业时间11AM~8PM（周一至周五）/10AM~8PM（周末/节假日）。周三定休（节假日除外）。"
      },
      "type": "Feature"
    },
    {
      "geometry": {
        "coordinates": [
          139.361585,
          35.716005
        ],
        "type": "Point"
      },
      "properties": {
        "bangumi_id": 262898,
        "bangumi_title": "电影 摇曳露营△",
        "ep_cut": "",
        "image_url": "https://w.junreimap.com/images/points/262898/4jwpd9f_1756921270014.jpg",
        "location": "昭岛市",
        "point_id": "4jwpd9f",
        "point_name": "A&Fカントリー 昭島アウトドアヴィレッジ店",
        "remark": "抚子工作的户外用品店所在的购物中心。这里汇聚了许多受欢迎的户外露营专卖店、咖啡店、餐厅等，还有200平米的迷你徒步路线和草坪广场，定期举办与户外有关的各种活动与体验。营业时间11AM~8PM（周一至周五）/10AM~8PM（周末/节假日）。周三定休（节假日除外）。"
      },
      "type": "Feature"
    },
    {
      "geometry": {
        "coordinates": [
          139.361605,
          35.716029
        ],
        "type": "Point"
      },
      "properties": {
        "bangumi_id": 262898,
        "bangumi_title": "电影 摇曳露营△",
        "ep_cut": "",
        "image_url": "https://w.junreimap.com/images/points/262898/4jwpfx9_1756921272999.jpg",
        "location": "昭岛市",
        "point_id": "4jwpfx9",
        "point_name": "A&Fカントリー 昭島アウトドアヴィレッジ店",
        "remark": "抚子工作的户外用品店所在的购物中心。这里汇聚了许多受欢迎的户外露营专卖店、咖啡店、餐厅等，还有200平米的迷你徒步路线和草坪广场，定期举办与户外有关的各种活动与体验。营业时间11AM~8PM（周一至周五）/10AM~8PM（周末/节假日）。周三定休（节假日除外）。"
      },
      "type": "Feature"
    },
    {
      "geometry": {
        "coordinates": [
          139.361458,
          35.715968
        ],
        "type": "Point"
      },
      "properties": {
        "bangumi_id": 262898,
        "bangumi_title": "电影 摇曳露营△",
        "ep_cut": "",
        "image_url": "https://w.junreimap.com/images/points/262898/4jwpjni_1756921277964.jpg",
        "location": "昭岛市",
        "point_id": "4jwpjni",
        "point_name": "A&Fカントリー 昭島アウトドアヴィレッジ店",
        "remark": "抚子工作的户外用品店所在的购物中心。这里汇聚了许多受欢迎的户外露营专卖店、咖啡店、餐厅等，还有200平米的迷你徒步路线和草坪广场，定期举办与户外有关的各种活动与体验。营业时间11AM~8PM（周一至周五）/10AM~8PM（周末/节假日）。周三定休（节假日除外）。"
      },
      "type": "Feature"
    },
    {
      "geometry": {
        "coordinates": [
          139.361624,
          35.715914
        ],
        "type": "Point"
      },
      "properties": {
        "bangumi_id": 262898,
        "bangumi_title": "电影 摇曳露营△",
        "ep_cut": "",
        "image_url": "https://w.junreimap.com/images/points/262898/4jwpsr9_1756921289339.jpg",
        "location": "昭岛市",
        "point_id": "4jwpsr9",
        "point_name": "A&Fカントリー 昭島アウトドアヴィレッジ店",
        "remark": "抚子工作的户外用品店所在的购物中心。这里汇聚了许多受欢迎的户外露营专卖店、咖啡店、餐厅等，还有200平米的迷你徒步路线和草坪广场，定期举办与户外有关的各种活动与体验。营业时间11AM~8PM（周一至周五）/10AM~8PM（周末/节假日）。周三定休（节假日除外）。"
      },
      "type": "Feature"
    },
    {
      "geometry": {
        "coordinates": [
          139.361597,
          35.715971
        ],
        "type": "Point"
      },
      "properties": {
        "bangumi_id": 262898,
        "bangumi_title": "电影 摇曳露营△",
        "ep_cut": "",
        "image_url": "https://w.junreimap.com/images/points/262898/4jwpyot_1756921297806.jpg",
        "location": "昭岛市",
        "point_id": "4jwpyot",
        "point_name": "A&Fカントリー 昭島アウトドアヴィレッジ店",
        "remark": "抚子工作的户外用品店所在的购物中心。这里汇聚了许多受欢迎的户外露营专卖店、咖啡店、餐厅等，还有200平米的迷你徒步路线和草坪广场，定期举办与户外有关的各种活动与体验。营业时间11AM~8PM（周一至周五）/10AM~8PM（周末/节假日）。周三定休（节假日除外）。"
      },
      "type": "Feature"
    },
    {
      "geometry": {
        "coordinates": [
          139.361541,
          35.715948
        ],
        "type": "Point"
      },
      "properties": {
        "bangumi_id": 262898,
        "bangumi_title": "电影 摇曳露营△",
        "ep_cut": "",
        "image_url": "https://w.junreimap.com/images/user/0/bangumi/262898/points/5hglp8bu1-1673617121385.jpg",
        "location": "昭岛市",
        "point_id": "5hglp8bu1",
        "point_name": "A&Fカントリー 昭島アウトドアヴィレッジ店",
        "remark": "抚子工作的户外用品抚子工作的户外用品店所在的购物中心。这里汇聚了许多受欢迎的户外露营专卖店、咖啡店、餐厅等，还有200平米的迷你徒步路线和草坪广场，定期举办与户外有关的各种活动与体验。营业时间11AM~8PM（周一至周五）/10AM~8PM（周末/节假日）。周三定休（节假日除外）。店"
      },
      "type": "Feature"
    },
    {
      "geometry": {
        "coordinates": [
          139.376112,
          35.694166
        ],
        "type": "Point"
      },
      "properties": {
        "bangumi_id": 262898,
        "bangumi_title": "电影 摇曳露营△",
        "ep_cut": "",
        "image_url": "https://w.junreimap.com/images/points/262898/4jvinup_1756919281625.jpg",
        "location": "昭岛市",
        "point_id": "4jvinup",
        "point_name": "多摩大橋 东侧",
        "remark": "此处的自行车道并没有砖地，仅供参考。"
      },
      "type": "Feature"
    },
    {
      "geometry": {
        "coordinates": [
          139.376144,
          35.694144
        ],
        "type": "Point"
      },
      "properties": {
        "bangumi_id": 262898,
        "bangumi_title": "电影 摇曳露营△",
        "ep_cut": "",
        "image_url": "https://w.junreimap.com/images/points/262898/4jvjpun_1756919329613.jpg",
        "location": "昭岛市",
        "point_id": "4jvjpun",
        "point_name": "多摩大橋 东侧",
        "remark": "跨越多摩川，连接八王子市和昭岛市的大桥，右侧的桥始建于1966年，左侧的桥建于2007年，两座桥并排，最新的那座是拱形造型。"
      },
      "type": "Feature"
    },
    {
      "geometry": {
        "coordinates": [
          139.376174,
          35.694134
        ],
        "type": "Point"
      },
      "properties": {
        "bangumi_id": 262898,
        "bangumi_title": "电影 摇曳露营△",
        "ep_cut": "",
        "image_url": "https://w.junreimap.com/images/points/262898/4jvjunw_1756919332482.jpg",
        "location": "昭岛市",
        "point_id": "4jvjunw",
        "point_name": "多摩大橋 东侧",
        "remark": ""
      },
      "type": "Feature"
    },
    {
      "geometry": {
        "coordinates": [
          139.376211,
          35.694114
        ],
        "type": "Point"
      },
      "properties": {
        "bangumi_id": 262898,
        "bangumi_title": "电影 摇曳露营△",
        "ep_cut": "",
        "image_url": "https://w.junreimap.com/images/points/262898/4jvjxd1_1756919340296.jpg",
        "location": "昭岛市",
        "point_id": "4jvjxd1",
        "point_name": "多摩大橋 东侧",
        "remark": "跨越多摩川，连接八王子市和昭岛市的大桥，右侧的桥始建于1966年，左侧的桥建于2007年，两座桥并排，最新的那座是拱形造型。"
      },
      "type": "Feature"
    },
    {
      "geometry": {
        "coordinates": [
          139.376073,
          35.694181
        ],
        "type": "Point"
      },
      "properties": {
        "bangumi_id": 262898,
        "bangumi_title": "电影 摇曳露营△",
        "ep_cut": "",
        "image_url": "https://w.junreimap.com/images/points/262898/4jvk48z_1756919344826.jpg",
        "location": "昭岛市",
        "point_id": "4jvk48z",
        "point_name": "多摩大橋 东侧",
        "remark": "跨越多摩川，连接八王子市和昭岛市的大桥，右侧的桥始建于1966年，左侧的桥建于2007年，两座桥并排，最新的那座是拱形造型。"
      },
      "type": "Feature"
    },
    {
      "geometry": {
        "coordinates": [
          139.382671,
          35.69232
        ],
        "type": "Point"
      },
      "properties": {
        "bangumi_id": 262898,
        "bangumi_title": "电影 摇曳露营△",
        "ep_cut": "",
        "image_url": "https://w.junreimap.com/images/points/262898/4iesliv_1756830725556.jpg",
        "location": "昭岛市",
        "point_id": "4iesliv",
        "point_name": "KHハイツ2（多摩大桥）",
        "remark": "剧场版公式图（抚子part）。不仅在宣传视觉图出现，也在作品中有登场。这是跨越多摩川，连接八王子市和昭岛市的大桥，右侧的桥始建于1966年，左侧的桥建于2007年，两座桥并排，最新的那座是拱形造型。公式图可从官网查看：https://yurucamp.jp/cinema/"
      },
      "type": "Feature"
    },
    {
      "geometry": {
        "coordinates": [
          139.382657,
          35.692325
        ],
        "type": "Point"
      },
      "properties": {
        "bangumi_id": 262898,
        "bangumi_title": "电影 摇曳露营△",
        "ep_cut": "",
        "image_url": "https://w.junreimap.com/images/points/262898/4jvkosa_1756919371904.jpg",
        "location": "昭岛市",
        "point_id": "4jvkosa",
        "point_name": "KHハイツ2（多摩大桥）",
        "remark": ""
      },
      "type": "Feature"
    },
    {
      "geometry": {
        "coordinates": [
          139.382642,
          35.692328
        ],
        "type": "Point"
      },
      "properties": {
        "bangumi_id": 262898,
        "bangumi_title": "电影 摇曳露营△",
        "ep_cut": "",
        "image_url": "https://w.junreimap.com/images/points/262898/4jvl0kk_1756919386566.jpg",
        "location": "昭岛市",
        "point_id": "4jvl0kk",
        "point_name": "KHハイツ2（多摩大桥）",
        "remark": ""
      },
      "type": "Feature"
    },
    {
      "geometry": {
        "coordinates": [
          139.382632,
          35.692332
        ],
        "type": "Point"
      },
      "properties": {
        "bangumi_id": 262898,
        "bangumi_title": "电影 摇曳露营△",
        "ep_cut": "",
        "image_url": "https://w.junreimap.com/images/points/262898/4jvlhpz_1756919409312.jpg",
        "location": "昭岛市",
        "point_id": "4jvlhpz",
        "point_name": "KHハイツ2（多摩大桥）",
        "remark": ""
      },
      "type": "Feature"
    },
    {
      "geometry": {
        "coordinates": [
          139.382448,
          35.692283
        ],
        "type": "Point"
      },
      "properties": {
        "bangumi_id": 262898,
        "bangumi_title": "电影 摇曳露营△",
        "ep_cut": "",
        "image_url": "https://w.junreimap.com/images/points/262898/4jvl60y_1756919394655.jpg",
        "location": "昭岛市",
        "point_id": "4jvl60y",
        "point_name": "KHハイツ2",
        "remark": ""
      },
      "type": "Feature"
    },
    {
      "geometry": {
        "coordinates": [
          139.382481,
          35.692324
        ],
        "type": "Point"
      },
      "properties": {
        "bangumi_id": 262898,
        "bangumi_title": "电影 摇曳露营△",
        "ep_cut": "",
        "image_url": "https://w.junreimap.com/images/points/262898/4jvkswe_1756919376707.jpg",
        "location": "昭岛市",
        "point_id": "4jvkswe",
        "point_name": "KHハイツ2",
        "remark": ""
      },
      "type": "Feature"
    },
    {
      "geometry": {
        "coordinates": [
          139.382484,
          35.692341
        ],
        "type": "Point"
      },
      "properties": {
        "bangumi_id": 262898,
        "bangumi_title": "电影 摇曳露营△",
        "ep_cut": "",
        "image_url": "https://w.junreimap.com/images/points/262898/4jvlcje_1756919402335.jpg",
        "location": "昭岛市",
        "point_id": "4jvlcje",
        "point_name": "KHハイツ2",
        "remark": "此处与现实结构不一致。"
      },
      "type": "Feature"
    },
    {
      "geometry": {
        "coordinates": [
          139.382476,
          35.692315
        ],
        "type": "Point"
      },
      "properties": {
        "bangumi_id": 262898,
        "bangumi_title": "电影 摇曳露营△",
        "ep_cut": "",
        "image_url": "https://w.junreimap.com/images/points/262898/4jvleke_1756919405038.jpg",
        "location": "昭岛市",
        "point_id": "4jvleke",
        "point_name": "KHハイツ2",
        "remark": ""
      },
      "type": "Feature"
    },
    {
      "geometry": {
        "coordinates": [
          138.570128,
          35.66787
        ],
        "type": "Point"
      },
      "properties": {
        "bangumi_id": 262898,
        "bangumi_title": "电影 摇曳露营△",
        "ep_cut": "",
        "image_url": "https://w.junreimap.com/images/points/262898/4id5bxp_1756827969461.jpg",
        "location": "山梨县甲府市",
        "point_id": "4id5bxp",
        "point_name": "藤村記念館(旧睦沢学校校舎)",
        "remark": "剧场版公式图（小明part）的取景地。这里是甲府的历史性建筑。公式图可从官网查看：https://yurucamp.jp/cinema/"
      },
      "type": "Feature"
    },
    {
      "geometry": {
        "coordinates": [
          138.568848,
          35.664266
        ],
        "type": "Point"
      },
      "properties": {
        "bangumi_id": 262898,
        "bangumi_title": "电影 摇曳露营△",
        "ep_cut": "",
        "image_url": "https://w.junreimap.com/images/points/262898/4iejddv_1756836923686.jpg",
        "location": "山梨县甲府市",
        "point_id": "4iejddv",
        "point_name": "山梨​県庁​ 前",
        "remark": "山梨县的行政机关，以前是本厅舍，作品还原了建筑外观和内部的大楼梯，2楼有小明上班的“观光推进机构”。营业时间9AM~5PM，周六、周日、节假日、12月29日~1月3日休息。有停车位。"
      },
      "type": "Feature"
    },
    {
      "geometry": {
        "coordinates": [
          138.568843,
          35.664219
        ],
        "type": "Point"
      },
      "properties": {
        "bangumi_id": 262898,
        "bangumi_title": "电影 摇曳露营△",
        "ep_cut": "",
        "image_url": "https://w.junreimap.com/images/points/262898/4iiismi_1756836982414.jpg",
        "location": "山梨县甲府市",
        "point_id": "4iiismi",
        "point_name": "山梨​県庁​ 前",
        "remark": "山梨县的行政机关，以前是本厅舍，作品还原了建筑外观和内部的大楼梯，2楼有小明上班的“观光推进机构”。营业时间9AM~5PM，周六、周日、节假日、12月29日~1月3日休息。有停车位。"
      },
      "type": "Feature"
    },
    {
      "geometry": {
        "coordinates": [
          138.568837,
          35.664173
        ],
        "type": "Point"
      },
      "properties": {
        "bangumi_id": 262898,
        "bangumi_title": "电影 摇曳露营△",
        "ep_cut": "",
        "image_url": "https://w.junreimap.com/images/points/262898/4iiiw0w_1756836986493.jpg",
        "location": "山梨县甲府市",
        "point_id": "4iiiw0w",
        "point_name": "山梨​県庁​ 前",
        "remark": "山梨县的行政机关，以前是本厅舍，作品还原了建筑外观和内部的大楼梯，2楼有小明上班的“观光推进机构”。营业时间9AM~5PM，周六、周日、节假日、12月29日~1月3日休息。有停车位。"
      },
      "type": "Feature"
    },
    {
      "geometry": {
        "coordinates": [
          138.568923,
          35.664307
        ],
        "type": "Point"
      },
      "properties": {
        "bangumi_id": 262898,
        "bangumi_title": "电影 摇曳露营△",
        "ep_cut": "",
        "image_url": "https://w.junreimap.com/images/points/262898/4iihpch_1756836930730.jpg",
        "location": "山梨县甲府市",
        "point_id": "4iihpch",
        "point_name": "山梨​県庁​ 前",
        "remark": "山梨县的行政机关，以前是本厅舍，作品还原了建筑外观和内部的大楼梯，2楼有小明上班的“观光推进机构”。营业时间9AM~5PM，周六、周日、节假日、12月29日~1月3日休息。有停车位。"
      },
      "type": "Feature"
    },
    {
      "geometry": {
        "coordinates": [
          138.56891,
          35.664144
        ],
        "type": "Point"
      },
      "properties": {
        "bangumi_id": 262898,
        "bangumi_title": "电影 摇曳露营△",
        "ep_cut": "",
        "image_url": "https://w.junreimap.com/images/points/262898/4iihreh_1756836933721.jpg",
        "location": "山梨县甲府市",
        "point_id": "4iihreh",
        "point_name": "山梨​県庁​ 前",
        "remark": "山梨县的行政机关，以前是本厅舍，作品还原了建筑外观和内部的大楼梯，2楼有小明上班的“观光推进机构”。营业时间9AM~5PM，周六、周日、节假日、12月29日~1月3日休息。有停车位。"
      },
      "type": "Feature"
    },
    {
      "geometry": {
        "coordinates": [
          138.56892,
          35.664224
        ],
        "type": "Point"
      },
      "properties": {
        "bangumi_id": 262898,
        "bangumi_title": "电影 摇曳露营△",
        "ep_cut": "",
        "image_url": "https://w.junreimap.com/images/points/262898/4iihxce_1756836942143.jpg",
        "location": "山梨县甲府市",
        "point_id": "4iihxce",
        "point_name": "山梨​県庁​ 前",
        "remark": "山梨县的行政机关，以前是本厅舍，作品还原了建筑外观和内部的大楼梯，2楼有小明上班的“观光推进机构”。营业时间9AM~5PM，周六、周日、节假日、12月29日~1月3日休息。有停车位。"
      },
      "type": "Feature"
    },
    {
      "geometry": {
        "coordinates": [
          138.568987,
          35.664289
        ],
        "type": "Point"
      },
      "properties": {
        "bangumi_id": 262898,
        "bangumi_title": "电影 摇曳露营△",
        "ep_cut": "",
        "image_url": "https://w.junreimap.com/images/points/262898/4iii04f_1756836945023.jpg",
        "location": "山梨县甲府市",
        "point_id": "4iii04f",
        "point_name": "山梨​県庁​ 前",
        "remark": "山梨县的行政机关，以前是本厅舍，作品还原了建筑外观和内部的大楼梯，2楼有小明上班的“观光推进机构”。营业时间9AM~5PM，周六、周日、节假日、12月29日~1月3日休息。有停车位。"
      },
      "type": "Feature"
    },
    {
      "geometry": {
        "coordinates": [
          138.568962,
          35.664365
        ],
        "type": "Point"
      },
      "properties": {
        "bangumi_id": 262898,
        "bangumi_title": "电影 摇曳露营△",
        "ep_cut": "",
        "image_url": "https://w.junreimap.com/images/points/262898/4iij241_1756836994706.jpg",
        "location": "山梨县甲府市",
        "point_id": "4iij241",
        "point_name": "山梨​県庁​",
        "remark": "山梨县的行政机关，以前是本厅舍，作品还原了建筑外观和内部的大楼梯，2楼有小明上班的“观光推进机构”。营业时间9AM~5PM，周六、周日、节假日、12月29日~1月3日休息。有停车位。"
      },
      "type": "Feature"
    },
    {
      "geometry": {
        "coordinates": [
          138.568934,
          35.664365
        ],
        "type": "Point"
      },
      "properties": {
        "bangumi_id": 262898,
        "bangumi_title": "电影 摇曳露营△",
        "ep_cut": "",
        "image_url": "https://w.junreimap.com/images/points/262898/4iij4mo_1756836997719.jpg",
        "location": "山梨县甲府市",
        "point_id": "4iij4mo",
        "point_name": "山梨​県庁​",
        "remark": "山梨县的行政机关，以前是本厅舍，作品还原了建筑外观和内部的大楼梯，2楼有小明上班的“观光推进机构”。营业时间9AM~5PM，周六、周日、节假日、12月29日~1月3日休息。有停车位。"
      },
      "type": "Feature"
    },
    {
      "geometry": {
        "coordinates": [
          138.568997,
          35.664362
        ],
        "type": "Point"
      },
      "properties": {
        "bangumi_id": 262898,
        "bangumi_title": "电影 摇曳露营△",
        "ep_cut": "",
        "image_url": "https://w.junreimap.com/images/points/262898/4iij6z4_1756837000754.jpg",
        "location": "山梨县甲府市",
        "point_id": "4iij6z4",
        "point_name": "山梨​県庁​",
        "remark": "山梨县的行政机关，以前是本厅舍，作品还原了建筑外观和内部的大楼梯，2楼有小明上班的“观光推进机构”。营业时间9AM~5PM，周六、周日、节假日、12月29日~1月3日休息。有停车位。"
      },
      "type": "Feature"
    },
    {
      "geometry": {
        "coordinates": [
          138.568969,
          35.664522
        ],
        "type": "Point"
      },
      "properties": {
        "bangumi_id": 262898,
        "bangumi_title": "电影 摇曳露营△",
        "ep_cut": "",
        "image_url": "https://w.junreimap.com/images/points/262898/4iijddi_1756837009122.jpg",
        "location": "山梨县甲府市",
        "point_id": "4iijddi",
        "point_name": "山梨​県庁​",
        "remark": "山梨县的行政机关，以前是本厅舍，作品还原了建筑外观和内部的大楼梯，2楼有小明上班的“观光推进机构”。营业时间9AM~5PM，周六、周日、节假日、12月29日~1月3日休息。有停车位。"
      },
      "type": "Feature"
    },
    {
      "geometry": {
        "coordinates": [
          138.569012,
          35.66452
        ],
        "type": "Point"
      },
      "properties": {
        "bangumi_id": 262898,
        "bangumi_title": "电影 摇曳露营△",
        "ep_cut": "",
        "image_url": "https://w.junreimap.com/images/points/262898/4iijgqn_1756837013060.jpg",
        "location": "山梨县甲府市",
        "point_id": "4iijgqn",
        "point_name": "山梨​県庁​",
        "remark": "山梨县的行政机关，以前是本厅舍，作品还原了建筑外观和内部的大楼梯，2楼有小明上班的“观光推进机构”。营业时间9AM~5PM，周六、周日、节假日、12月29日~1月3日休息。有停车位。"
      },
      "type": "Feature"
    },
    {
      "geometry": {
        "coordinates": [
          138.568972,
          35.664553
        ],
        "type": "Point"
      },
      "properties": {
        "bangumi_id": 262898,
        "bangumi_title": "电影 摇曳露营△",
        "ep_cut": "",
        "image_url": "https://w.junreimap.com/images/points/262898/4iijkzf_1756837019052.jpg",
        "location": "山梨县甲府市",
        "point_id": "4iijkzf",
        "point_name": "山梨​県庁​",
        "remark": "山梨县的行政机关，以前是本厅舍，作品还原了建筑外观和内部的大楼梯，2楼有小明上班的“观光推进机构”。营业时间9AM~5PM，周六、周日、节假日、12月29日~1月3日休息。有停车位。"
      },
      "type": "Feature"
    },
    {
      "geometry": {
        "coordinates": [
          138.569013,
          35.664553
        ],
        "type": "Point"
      },
      "properties": {
        "bangumi_id": 262898,
        "bangumi_title": "电影 摇曳露营△",
        "ep_cut": "",
        "image_url": "https://w.junreimap.com/images/points/262898/4iijnya_1756837022752.jpg",
        "location": "山梨县甲府市",
        "point_id": "4iijnya",
        "point_name": "山梨​県庁​",
        "remark": "山梨县的行政机关，以前是本厅舍，作品还原了建筑外观和内部的大楼梯，2楼有小明上班的“观光推进机构”。营业时间9AM~5PM，周六、周日、节假日、12月29日~1月3日休息。有停车位。"
      },
      "type": "Feature"
    },
    {
      "geometry": {
        "coordinates": [
          138.569305,
          35.664422
        ],
        "type": "Point"
      },
      "properties": {
        "bangumi_id": 262898,
        "bangumi_title": "电影 摇曳露营△",
        "ep_cut": "",
        "image_url": "https://w.junreimap.com/images/points/262898/4iii2ax_1756836947667.jpg",
        "location": "山梨县甲府市",
        "point_id": "4iii2ax",
        "point_name": "山梨​県庁​",
        "remark": "山梨县的行政机关，以前是本厅舍，作品还原了建筑外观和内部的大楼梯，2楼有小明上班的“观光推进机构”。营业时间9AM~5PM，周六、周日、节假日、12月29日~1月3日休息。有停车位。"
      },
      "type": "Feature"
    },
    {
      "geometry": {
        "coordinates": [
          138.569305,
          35.664454
        ],
        "type": "Point"
      },
      "properties": {
        "bangumi_id": 262898,
        "bangumi_title": "电影 摇曳露营△",
        "ep_cut": "",
        "image_url": "https://w.junreimap.com/images/points/262898/apbo3f1_1770309441659.jpg",
        "location": "山梨县甲府市",
        "point_id": "apbo3f1",
        "point_name": "Pepper Robot",
        "remark": "房间里的这个机器人是非常标准的Pepper Robot，几乎所有Robotics专业都会用到它。虽然有点贵，但还蛮有意思的。"
      },
      "type": "Feature"
    },
    {
      "geometry": {
        "coordinates": [
          138.569336,
          35.66442
        ],
        "type": "Point"
      },
      "properties": {
        "bangumi_id": 262898,
        "bangumi_title": "电影 摇曳露营△",
        "ep_cut": "",
        "image_url": "https://w.junreimap.com/images/points/262898/4iii61o_1756836953566.jpg",
        "location": "山梨县甲府市",
        "point_id": "4iii61o",
        "point_name": "山梨​県庁​",
        "remark": "山梨县的行政机关，以前是本厅舍，作品还原了建筑外观和内部的大楼梯，2楼有小明上班的“观光推进机构”。营业时间9AM~5PM，周六、周日、节假日、12月29日~1月3日休息。有停车位。"
      },
      "type": "Feature"
    },
    {
      "geometry": {
        "coordinates": [
          138.569325,
          35.664452
        ],
        "type": "Point"
      },
      "properties": {
        "bangumi_id": 262898,
        "bangumi_title": "电影 摇曳露营△",
        "ep_cut": "",
        "image_url": "https://w.junreimap.com/images/points/262898/4iiiazq_1756836959789.jpg",
        "location": "山梨县甲府市",
        "point_id": "4iiiazq",
        "point_name": "山梨​県庁​",
        "remark": "山梨县的行政机关，以前是本厅舍，作品还原了建筑外观和内部的大楼梯，2楼有小明上班的“观光推进机构”。营业时间9AM~5PM，周六、周日、节假日、12月29日~1月3日休息。有停车位。"
      },
      "type": "Feature"
    },
    {
      "geometry": {
        "coordinates": [
          138.568807,
          35.664527
        ],
        "type": "Point"
      },
      "properties": {
        "bangumi_id": 262898,
        "bangumi_title": "电影 摇曳露营△",
        "ep_cut": "",
        "image_url": "https://w.junreimap.com/images/points/262898/4iiig34_1756836966151.jpg",
        "location": "山梨县甲府市",
        "point_id": "4iiig34",
        "point_name": "山梨​県庁​ 2F 观光推进机构",
        "remark": "山梨县的行政机关，以前是本厅舍，作品还原了建筑外观和内部的大楼梯，2楼有小明上班的“观光推进机构”。营业时间9AM~5PM，周六、周日、节假日、12月29日~1月3日休息。有停车位。"
      },
      "type": "Feature"
    },
    {
      "geometry": {
        "coordinates": [
          138.568803,
          35.664493
        ],
        "type": "Point"
      },
      "properties": {
        "bangumi_id": 262898,
        "bangumi_title": "电影 摇曳露营△",
        "ep_cut": "",
        "image_url": "https://w.junreimap.com/images/points/262898/4iijuqj_1756837031373.jpg",
        "location": "山梨县甲府市",
        "point_id": "4iijuqj",
        "point_name": "山梨​県庁​ 2F 观光推进机构",
        "remark": "山梨县的行政机关，以前是本厅舍，作品还原了建筑外观和内部的大楼梯，2楼有小明上班的“观光推进机构”。营业时间9AM~5PM，周六、周日、节假日、12月29日~1月3日休息。有停车位。"
      },
      "type": "Feature"
    },
    {
      "geometry": {
        "coordinates": [
          138.568812,
          35.664561
        ],
        "type": "Point"
      },
      "properties": {
        "bangumi_id": 262898,
        "bangumi_title": "电影 摇曳露营△",
        "ep_cut": "",
        "image_url": "https://w.junreimap.com/images/points/262898/4iijww0_1756837034068.jpg",
        "location": "山梨县甲府市",
        "point_id": "4iijww0",
        "point_name": "山梨​県庁​ 2F 观光推进机构",
        "remark": "山梨县的行政机关，以前是本厅舍，作品还原了建筑外观和内部的大楼梯，2楼有小明上班的“观光推进机构”。营业时间9AM~5PM，周六、周日、节假日、12月29日~1月3日休息。有停车位。"
      },
      "type": "Feature"
    },
    {
      "geometry": {
        "coordinates": [
          138.56872,
          35.664568
        ],
        "type": "Point"
      },
      "properties": {
        "bangumi_id": 262898,
        "bangumi_title": "电影 摇曳露营△",
        "ep_cut": "",
        "image_url": "https://w.junreimap.com/images/points/262898/4iijz1u_1756837036802.jpg",
        "location": "山梨县甲府市",
        "point_id": "4iijz1u",
        "point_name": "山梨​県庁​ 2F 观光推进机构",
        "remark": "山梨县的行政机关，以前是本厅舍，作品还原了建筑外观和内部的大楼梯，2楼有小明上班的“观光推进机构”。营业时间9AM~5PM，周六、周日、节假日、12月29日~1月3日休息。有停车位。"
      },
      "type": "Feature"
    },
    {
      "geometry": {
        "coordinates": [
          138.568758,
          35.664531
        ],
        "type": "Point"
      },
      "properties": {
        "bangumi_id": 262898,
        "bangumi_title": "电影 摇曳露营△",
        "ep_cut": "",
        "image_url": "https://w.junreimap.com/images/points/262898/4iiiijt_1756836969482.jpg",
        "location": "山梨县甲府市",
        "point_id": "4iiiijt",
        "point_name": "山梨​県庁​ 2F 观光推进机构",
        "remark": "山梨县的行政机关，以前是本厅舍，作品还原了建筑外观和内部的大楼梯，2楼有小明上班的“观光推进机构”。营业时间9AM~5PM，周六、周日、节假日、12月29日~1月3日休息。有停车位。"
      },
      "type": "Feature"
    },
    {
      "geometry": {
        "coordinates": [
          138.56876,
          35.664565
        ],
        "type": "Point"
      },
      "properties": {
        "bangumi_id": 262898,
        "bangumi_title": "电影 摇曳露营△",
        "ep_cut": "",
        "image_url": "https://w.junreimap.com/images/points/262898/4iiil9h_1756836973710.jpg",
        "location": "山梨县甲府市",
        "point_id": "4iiil9h",
        "point_name": "山梨​県庁​ 2F 观光推进机构",
        "remark": "山梨县的行政机关，以前是本厅舍，作品还原了建筑外观和内部的大楼梯，2楼有小明上班的“观光推进机构”。营业时间9AM~5PM，周六、周日、节假日、12月29日~1月3日休息。有停车位。"
      },
      "type": "Feature"
    },
    {
      "geometry": {
        "coordinates": [
          138.658748,
          35.710748
        ],
        "type": "Point"
      },
      "properties": {
        "bangumi_id": 262898,
        "bangumi_title": "电影 摇曳露营△",
        "ep_cut": "",
        "image_url": "https://w.junreimap.com/images/points/262898/4idiqoi_1756836862763.jpg",
        "location": "山梨县山梨市",
        "point_id": "4idiqoi",
        "point_name": "パインウッド キャンプ場",
        "remark": "因为要连载营地建设的报道，于是芝麻凛来了这里。在S01EP5也登场过，是野外活动部第一次露营的地方。IN 12:00~/OUT ~12:00。全年无休。1300日元/人。"
      },
      "type": "Feature"
    },
    {
      "geometry": {
        "coordinates": [
          138.659924,
          35.711246
        ],
        "type": "Point"
      },
      "properties": {
        "bangumi_id": 262898,
        "bangumi_title": "电影 摇曳露营△",
        "ep_cut": "",
        "image_url": "https://w.junreimap.com/images/points/262898/4iigdxp_1756836874730.jpg",
        "location": "山梨县山梨市",
        "point_id": "4iigdxp",
        "point_name": "パインウッド キャンプ場",
        "remark": "因为要连载营地建设的报道，于是芝麻凛来了这里。在S01EP5也登场过，是野外活动部第一次露营的地方。IN 12:00~/OUT ~12:00。全年无休。1300日元/人。"
      },
      "type": "Feature"
    },
    {
      "geometry": {
        "coordinates": [
          138.659906,
          35.711316
        ],
        "type": "Point"
      },
      "properties": {
        "bangumi_id": 262898,
        "bangumi_title": "电影 摇曳露营△",
        "ep_cut": "",
        "image_url": "https://w.junreimap.com/images/points/262898/4iigk4s_1756836877803.jpg",
        "location": "山梨县山梨市",
        "point_id": "4iigk4s",
        "point_name": "パインウッド キャンプ場",
        "remark": "因为要连载营地建设的报道，于是芝麻凛来了这里。在S01EP5也登场过，是野外活动部第一次露营的地方。IN 12:00~/OUT ~12:00。全年无休。1300日元/人。"
      },
      "type": "Feature"
    },
    {
      "geometry": {
        "coordinates": [
          138.65989,
          35.711392
        ],
        "type": "Point"
      },
      "properties": {
        "bangumi_id": 262898,
        "bangumi_title": "电影 摇曳露营△",
        "ep_cut": "",
        "image_url": "https://w.junreimap.com/images/points/262898/4iigmsd_1756836882760.jpg",
        "location": "山梨县山梨市",
        "point_id": "4iigmsd",
        "point_name": "パインウッド キャンプ場",
        "remark": "因为要连载营地建设的报道，于是芝麻凛来了这里。在S01EP5也登场过，是野外活动部第一次露营的地方。IN 12:00~/OUT ~12:00。全年无休。1300日元/人。"
      },
      "type": "Feature"
    },
    {
      "geometry": {
        "coordinates": [
          138.668443,
          35.700244
        ],
        "type": "Point"
      },
      "properties": {
        "bangumi_id": 262898,
        "bangumi_title": "电影 摇曳露营△",
        "ep_cut": "",
        "image_url": "https://w.junreimap.com/images/points/262898/4iifk7t_1756836836791.jpg",
        "location": "山梨县山梨市",
        "point_id": "4iifk7t",
        "point_name": "笛吹川​フルーツ​公園 前",
        "remark": "非精确点位，我不太记得这条路具体在哪个位置了。"
      },
      "type": "Feature"
    },
    {
      "geometry": {
        "coordinates": [
          138.36169,
          35.631574
        ],
        "type": "Point"
      },
      "properties": {
        "bangumi_id": 262898,
        "bangumi_title": "电影 摇曳露营△",
        "ep_cut": "",
        "image_url": "https://w.junreimap.com/images/points/262898/4idl21v_1756921380678.jpg",
        "location": "南阿尔卑斯市",
        "point_id": "4idl21v",
        "point_name": "芦安キャンプサイトNo.2",
        "remark": "根据官方导览，露营地的管理栋实际是以这个露营地的管理栋为原型的。这里坐落于日本第二高峰南阿尔卑斯的北岳山下，晴天时可以欣赏到星空，提供日归烧烤，周边有温泉设施。IN 1PM/OUT ~11AM，仅限官网预约。自由营位5500日元/晚/4人，单人营位2200日元/晚。停车位10台。"
      },
      "type": "Feature"
    },
    {
      "geometry": {
        "coordinates": [
          138.361646,
          35.631367
        ],
        "type": "Point"
      },
      "properties": {
        "bangumi_id": 262898,
        "bangumi_title": "电影 摇曳露营△",
        "ep_cut": "",
        "image_url": "https://w.junreimap.com/images/points/262898/4jws1ap_1756921393953.jpg",
        "location": "南阿尔卑斯市",
        "point_id": "4jws1ap",
        "point_name": "芦安キャンプサイトNo.2",
        "remark": "根据官方导览，露营地的管理栋实际是以这个露营地的管理栋为原型的。这里坐落于日本第二高峰南阿尔卑斯的北岳山下，晴天时可以欣赏到星空，提供日归烧烤，周边有温泉设施。IN 1PM/OUT ~11AM，仅限官网预约。自由营位5500日元/晚/4人，单人营位2200日元/晚。停车位10台。"
      },
      "type": "Feature"
    },
    {
      "geometry": {
        "coordinates": [
          138.361573,
          35.631242
        ],
        "type": "Point"
      },
      "properties": {
        "bangumi_id": 262898,
        "bangumi_title": "电影 摇曳露营△",
        "ep_cut": "",
        "image_url": "https://w.junreimap.com/images/points/262898/4jws8ml_1756921403289.jpg",
        "location": "南阿尔卑斯市",
        "point_id": "4jws8ml",
        "point_name": "芦安キャンプサイトNo.2",
        "remark": "根据官方导览，露营地的管理栋实际是以这个露营地的管理栋为原型的。这里坐落于日本第二高峰南阿尔卑斯的北岳山下，晴天时可以欣赏到星空，提供日归烧烤，周边有温泉设施。IN 1PM/OUT ~11AM，仅限官网预约。自由营位5500日元/晚/4人，单人营位2200日元/晚。停车位10台。"
      },
      "type": "Feature"
    },
    {
      "geometry": {
        "coordinates": [
          138.361637,
          35.631521
        ],
        "type": "Point"
      },
      "properties": {
        "bangumi_id": 262898,
        "bangumi_title": "电影 摇曳露营△",
        "ep_cut": "",
        "image_url": "https://w.junreimap.com/images/points/262898/4jwsabt_1756921405583.jpg",
        "location": "南阿尔卑斯市",
        "point_id": "4jwsabt",
        "point_name": "芦安キャンプサイトNo.2",
        "remark": "根据官方导览，露营地的管理栋实际是以这个露营地的管理栋为原型的。这里坐落于日本第二高峰南阿尔卑斯的北岳山下，晴天时可以欣赏到星空，提供日归烧烤，周边有温泉设施。IN 1PM/OUT ~11AM，仅限官网预约。自由营位5500日元/晚/4人，单人营位2200日元/晚。停车位10台。"
      },
      "type": "Feature"
    },
    {
      "geometry": {
        "coordinates": [
          138.361625,
          35.631553
        ],
        "type": "Point"
      },
      "properties": {
        "bangumi_id": 262898,
        "bangumi_title": "电影 摇曳露营△",
        "ep_cut": "",
        "image_url": "https://w.junreimap.com/images/points/262898/4jwsc5k_1756921408188.jpg",
        "location": "南阿尔卑斯市",
        "point_id": "4jwsc5k",
        "point_name": "芦安キャンプサイトNo.2",
        "remark": "根据官方导览，露营地的管理栋实际是以这个露营地的管理栋为原型的。这里坐落于日本第二高峰南阿尔卑斯的北岳山下，晴天时可以欣赏到星空，提供日归烧烤，周边有温泉设施。IN 1PM/OUT ~11AM，仅限官网预约。自由营位5500日元/晚/4人，单人营位2200日元/晚。停车位10台。"
      },
      "type": "Feature"
    },
    {
      "geometry": {
        "coordinates": [
          138.361591,
          35.631657
        ],
        "type": "Point"
      },
      "properties": {
        "bangumi_id": 262898,
        "bangumi_title": "电影 摇曳露营△",
        "ep_cut": "",
        "image_url": "https://w.junreimap.com/images/points/262898/4jwsf6j_1756921411659.jpg",
        "location": "南阿尔卑斯市",
        "point_id": "4jwsf6j",
        "point_name": "芦安キャンプサイトNo.2",
        "remark": "根据官方导览，露营地的管理栋实际是以这个露营地的管理栋为原型的。这里坐落于日本第二高峰南阿尔卑斯的北岳山下，晴天时可以欣赏到星空，提供日归烧烤，周边有温泉设施。IN 1PM/OUT ~11AM，仅限官网预约。自由营位5500日元/晚/4人，单人营位2200日元/晚。停车位10台。"
      },
      "type": "Feature"
    },
    {
      "geometry": {
        "coordinates": [
          138.361578,
          35.631607
        ],
        "type": "Point"
      },
      "properties": {
        "bangumi_id": 262898,
        "bangumi_title": "电影 摇曳露营△",
        "ep_cut": "",
        "image_url": "https://w.junreimap.com/images/points/262898/4jwsgq5_1756921413891.jpg",
        "location": "南阿尔卑斯市",
        "point_id": "4jwsgq5",
        "point_name": "芦安キャンプサイトNo.2",
        "remark": "根据官方导览，露营地的管理栋实际是以这个露营地的管理栋为原型的。这里坐落于日本第二高峰南阿尔卑斯的北岳山下，晴天时可以欣赏到星空，提供日归烧烤，周边有温泉设施。IN 1PM/OUT ~11AM，仅限官网预约。自由营位5500日元/晚/4人，单人营位2200日元/晚。停车位10台。"
      },
      "type": "Feature"
    },
    {
      "geometry": {
        "coordinates": [
          138.361479,
          35.631606
        ],
        "type": "Point"
      },
      "properties": {
        "bangumi_id": 262898,
        "bangumi_title": "电影 摇曳露营△",
        "ep_cut": "",
        "image_url": "https://w.junreimap.com/images/points/262898/4jwskam_1756921418404.jpg",
        "location": "南阿尔卑斯市",
        "point_id": "4jwskam",
        "point_name": "芦安キャンプサイトNo.2",
        "remark": "根据官方导览，露营地的管理栋实际是以这个露营地的管理栋为原型的。这里坐落于日本第二高峰南阿尔卑斯的北岳山下，晴天时可以欣赏到星空，提供日归烧烤，周边有温泉设施。IN 1PM/OUT ~11AM，仅限官网预约。自由营位5500日元/晚/4人，单人营位2200日元/晚。停车位10台。"
      },
      "type": "Feature"
    },
    {
      "geometry": {
        "coordinates": [
          138.361702,
          35.631601
        ],
        "type": "Point"
      },
      "properties": {
        "bangumi_id": 262898,
        "bangumi_title": "电影 摇曳露营△",
        "ep_cut": "",
        "image_url": "https://w.junreimap.com/images/points/262898/4jwsms5_1756921421750.jpg",
        "location": "南阿尔卑斯市",
        "point_id": "4jwsms5",
        "point_name": "芦安キャンプサイトNo.2",
        "remark": "根据官方导览，露营地的管理栋实际是以这个露营地的管理栋为原型的。这里坐落于日本第二高峰南阿尔卑斯的北岳山下，晴天时可以欣赏到星空，提供日归烧烤，周边有温泉设施。IN 1PM/OUT ~11AM，仅限官网预约。自由营位5500日元/晚/4人，单人营位2200日元/晚。停车位10台。"
      },
      "type": "Feature"
    },
    {
      "geometry": {
        "coordinates": [
          138.361785,
          35.631483
        ],
        "type": "Point"
      },
      "properties": {
        "bangumi_id": 262898,
        "bangumi_title": "电影 摇曳露营△",
        "ep_cut": "",
        "image_url": "https://w.junreimap.com/images/points/262898/4jwsprd_1756921428279.jpg",
        "location": "南阿尔卑斯市",
        "point_id": "4jwsprd",
        "point_name": "芦安キャンプサイトNo.2",
        "remark": "根据官方导览，露营地的管理栋实际是以这个露营地的管理栋为原型的。这里坐落于日本第二高峰南阿尔卑斯的北岳山下，晴天时可以欣赏到星空，提供日归烧烤，周边有温泉设施。IN 1PM/OUT ~11AM，仅限官网预约。自由营位5500日元/晚/4人，单人营位2200日元/晚。停车位10台。"
      },
      "type": "Feature"
    },
    {
      "geometry": {
        "coordinates": [
          138.361761,
          35.631578
        ],
        "type": "Point"
      },
      "properties": {
        "bangumi_id": 262898,
        "bangumi_title": "电影 摇曳露营△",
        "ep_cut": "",
        "image_url": "https://w.junreimap.com/images/points/262898/4jwsuge_1756921431749.jpg",
        "location": "南阿尔卑斯市",
        "point_id": "4jwsuge",
        "point_name": "芦安キャンプサイトNo.2",
        "remark": "根据官方导览，露营地的管理栋实际是以这个露营地的管理栋为原型的。这里坐落于日本第二高峰南阿尔卑斯的北岳山下，晴天时可以欣赏到星空，提供日归烧烤，周边有温泉设施。IN 1PM/OUT ~11AM，仅限官网预约。自由营位5500日元/晚/4人，单人营位2200日元/晚。停车位10台。"
      },
      "type": "Feature"
    },
    {
      "geometry": {
        "coordinates": [
          138.361662,
          35.631588
        ],
        "type": "Point"
      },
      "properties": {
        "bangumi_id": 262898,
        "bangumi_title": "电影 摇曳露营△",
        "ep_cut": "",
        "image_url": "https://w.junreimap.com/images/points/262898/4jwswjc_1756921434295.jpg",
        "location": "南阿尔卑斯市",
        "point_id": "4jwswjc",
        "point_name": "芦安キャンプサイトNo.2",
        "remark": "根据官方导览，露营地的管理栋实际是以这个露营地的管理栋为原型的。这里坐落于日本第二高峰南阿尔卑斯的北岳山下，晴天时可以欣赏到星空，提供日归烧烤，周边有温泉设施。IN 1PM/OUT ~11AM，仅限官网预约。自由营位5500日元/晚/4人，单人营位2200日元/晚。停车位10台。"
      },
      "type": "Feature"
    },
    {
      "geometry": {
        "coordinates": [
          138.361649,
          35.631425
        ],
        "type": "Point"
      },
      "properties": {
        "bangumi_id": 262898,
        "bangumi_title": "电影 摇曳露营△",
        "ep_cut": "",
        "image_url": "https://w.junreimap.com/images/points/262898/4jwsz3i_1756921438014.jpg",
        "location": "南阿尔卑斯市",
        "point_id": "4jwsz3i",
        "point_name": "芦安キャンプサイトNo.2",
        "remark": "根据官方导览，露营地的管理栋实际是以这个露营地的管理栋为原型的。这里坐落于日本第二高峰南阿尔卑斯的北岳山下，晴天时可以欣赏到星空，提供日归烧烤，周边有温泉设施。IN 1PM/OUT ~11AM，仅限官网预约。自由营位5500日元/晚/4人，单人营位2200日元/晚。停车位10台。"
      },
      "type": "Feature"
    },
    {
      "geometry": {
        "coordinates": [
          138.361641,
          35.631474
        ],
        "type": "Point"
      },
      "properties": {
        "bangumi_id": 262898,
        "bangumi_title": "电影 摇曳露营△",
        "ep_cut": "",
        "image_url": "https://w.junreimap.com/images/points/262898/4jwt1xw_1756921441259.jpg",
        "location": "南阿尔卑斯市",
        "point_id": "4jwt1xw",
        "point_name": "芦安キャンプサイトNo.2",
        "remark": "根据官方导览，露营地的管理栋实际是以这个露营地的管理栋为原型的。这里坐落于日本第二高峰南阿尔卑斯的北岳山下，晴天时可以欣赏到星空，提供日归烧烤，周边有温泉设施。IN 1PM/OUT ~11AM，仅限官网预约。自由营位5500日元/晚/4人，单人营位2200日元/晚。停车位10台。"
      },
      "type": "Feature"
    },
    {
      "geometry": {
        "coordinates": [
          138.361641,
          35.631498
        ],
        "type": "Point"
      },
      "properties": {
        "bangumi_id": 262898,
        "bangumi_title": "电影 摇曳露营△",
        "ep_cut": "",
        "image_url": "https://w.junreimap.com/images/points/262898/4jwt3tx_1756921448299.jpg",
        "location": "南阿尔卑斯市",
        "point_id": "4jwt3tx",
        "point_name": "芦安キャンプサイトNo.2",
        "remark": "根据官方导览，露营地的管理栋实际是以这个露营地的管理栋为原型的。这里坐落于日本第二高峰南阿尔卑斯的北岳山下，晴天时可以欣赏到星空，提供日归烧烤，周边有温泉设施。IN 1PM/OUT ~11AM，仅限官网预约。自由营位5500日元/晚/4人，单人营位2200日元/晚。停车位10台。"
      },
      "type": "Feature"
    },
    {
      "geometry": {
        "coordinates": [
          138.36167,
          35.631529
        ],
        "type": "Point"
      },
      "properties": {
        "bangumi_id": 262898,
        "bangumi_title": "电影 摇曳露营△",
        "ep_cut": "",
        "image_url": "https://w.junreimap.com/images/points/262898/4jwtd7r_1756921456017.jpg",
        "location": "南阿尔卑斯市",
        "point_id": "4jwtd7r",
        "point_name": "芦安キャンプサイトNo.2",
        "remark": "根据官方导览，露营地的管理栋实际是以这个露营地的管理栋为原型的。这里坐落于日本第二高峰南阿尔卑斯的北岳山下，晴天时可以欣赏到星空，提供日归烧烤，周边有温泉设施。IN 1PM/OUT ~11AM，仅限官网预约。自由营位5500日元/晚/4人，单人营位2200日元/晚。停车位10台。"
      },
      "type": "Feature"
    },
    {
      "geometry": {
        "coordinates": [
          138.36162,
          35.631579
        ],
        "type": "Point"
      },
      "properties": {
        "bangumi_id": 262898,
        "bangumi_title": "电影 摇曳露营△",
        "ep_cut": "",
        "image_url": "https://w.junreimap.com/images/points/262898/4jwtf32_1756921459473.jpg",
        "location": "南阿尔卑斯市",
        "point_id": "4jwtf32",
        "point_name": "芦安キャンプサイトNo.2",
        "remark": "根据官方导览，露营地的管理栋实际是以这个露营地的管理栋为原型的。这里坐落于日本第二高峰南阿尔卑斯的北岳山下，晴天时可以欣赏到星空，提供日归烧烤，周边有温泉设施。IN 1PM/OUT ~11AM，仅限官网预约。自由营位5500日元/晚/4人，单人营位2200日元/晚。停车位10台。"
      },
      "type": "Feature"
    },
    {
      "geometry": {
        "coordinates": [
          138.361662,
          35.631755
        ],
        "type": "Point"
      },
      "properties": {
        "bangumi_id": 262898,
        "bangumi_title": "电影 摇曳露营△",
        "ep_cut": "",
        "image_url": "https://w.junreimap.com/images/points/262898/4jwtif0_1756921462903.jpg",
        "location": "南阿尔卑斯市",
        "point_id": "4jwtif0",
        "point_name": "芦安キャンプサイトNo.2",
        "remark": "根据官方导览，露营地的管理栋实际是以这个露营地的管理栋为原型的。这里坐落于日本第二高峰南阿尔卑斯的北岳山下，晴天时可以欣赏到星空，提供日归烧烤，周边有温泉设施。IN 1PM/OUT ~11AM，仅限官网预约。自由营位5500日元/晚/4人，单人营位2200日元/晚。停车位10台。"
      },
      "type": "Feature"
    },
    {
      "geometry": {
        "coordinates": [
          138.361543,
          35.631431
        ],
        "type": "Point"
      },
      "properties": {
        "bangumi_id": 262898,
        "bangumi_title": "电影 摇曳露营△",
        "ep_cut": "",
        "image_url": "https://w.junreimap.com/images/points/262898/4jwtm1t_1756921467271.jpg",
        "location": "南阿尔卑斯市",
        "point_id": "4jwtm1t",
        "point_name": "芦安キャンプサイトNo.2",
        "remark": "根据官方导览，露营地的管理栋实际是以这个露营地的管理栋为原型的。这里坐落于日本第二高峰南阿尔卑斯的北岳山下，晴天时可以欣赏到星空，提供日归烧烤，周边有温泉设施。IN 1PM/OUT ~11AM，仅限官网预约。自由营位5500日元/晚/4人，单人营位2200日元/晚。停车位10台。"
      },
      "type": "Feature"
    },
    {
      "geometry": {
        "coordinates": [
          138.361543,
          35.63147
        ],
        "type": "Point"
      },
      "properties": {
        "bangumi_id": 262898,
        "bangumi_title": "电影 摇曳露营△",
        "ep_cut": "",
        "image_url": "https://w.junreimap.com/images/points/262898/4jwtnx8_1756921469970.jpg",
        "location": "南阿尔卑斯市",
        "point_id": "4jwtnx8",
        "point_name": "芦安キャンプサイトNo.2",
        "remark": "根据官方导览，露营地的管理栋实际是以这个露营地的管理栋为原型的。这里坐落于日本第二高峰南阿尔卑斯的北岳山下，晴天时可以欣赏到星空，提供日归烧烤，周边有温泉设施。IN 1PM/OUT ~11AM，仅限官网预约。自由营位5500日元/晚/4人，单人营位2200日元/晚。停车位10台。"
      },
      "type": "Feature"
    },
    {
      "geometry": {
        "coordinates": [
          138.361596,
          35.631403
        ],
        "type": "Point"
      },
      "properties": {
        "bangumi_id": 262898,
        "bangumi_title": "电影 摇曳露营△",
        "ep_cut": "",
        "image_url": "https://w.junreimap.com/images/points/262898/4jwtrtw_1756921474726.jpg",
        "location": "南阿尔卑斯市",
        "point_id": "4jwtrtw",
        "point_name": "芦安キャンプサイトNo.2",
        "remark": "根据官方导览，露营地的管理栋实际是以这个露营地的管理栋为原型的。这里坐落于日本第二高峰南阿尔卑斯的北岳山下，晴天时可以欣赏到星空，提供日归烧烤，周边有温泉设施。IN 1PM/OUT ~11AM，仅限官网预约。自由营位5500日元/晚/4人，单人营位2200日元/晚。停车位10台。"
      },
      "type": "Feature"
    },
    {
      "geometry": {
        "coordinates": [
          138.361672,
          35.631561
        ],
        "type": "Point"
      },
      "properties": {
        "bangumi_id": 262898,
        "bangumi_title": "电影 摇曳露营△",
        "ep_cut": "",
        "image_url": "https://w.junreimap.com/images/points/262898/4jwtvg5_1756921479903.jpg",
        "location": "南阿尔卑斯市",
        "point_id": "4jwtvg5",
        "point_name": "芦安キャンプサイトNo.2",
        "remark": "根据官方导览，露营地的管理栋实际是以这个露营地的管理栋为原型的。这里坐落于日本第二高峰南阿尔卑斯的北岳山下，晴天时可以欣赏到星空，提供日归烧烤，周边有温泉设施。IN 1PM/OUT ~11AM，仅限官网预约。自由营位5500日元/晚/4人，单人营位2200日元/晚。停车位10台。"
      },
      "type": "Feature"
    },
    {
      "geometry": {
        "coordinates": [
          138.361581,
          35.631563
        ],
        "type": "Point"
      },
      "properties": {
        "bangumi_id": 262898,
        "bangumi_title": "电影 摇曳露营△",
        "ep_cut": "",
        "image_url": "https://w.junreimap.com/images/points/262898/4jwtxnt_1756921484188.jpg",
        "location": "南阿尔卑斯市",
        "point_id": "4jwtxnt",
        "point_name": "芦安キャンプサイトNo.2",
        "remark": "根据官方导览，露营地的管理栋实际是以这个露营地的管理栋为原型的。这里坐落于日本第二高峰南阿尔卑斯的北岳山下，晴天时可以欣赏到星空，提供日归烧烤，周边有温泉设施。IN 1PM/OUT ~11AM，仅限官网预约。自由营位5500日元/晚/4人，单人营位2200日元/晚。停车位10台。"
      },
      "type": "Feature"
    },
    {
      "geometry": {
        "coordinates": [
          138.361771,
          35.631514
        ],
        "type": "Point"
      },
      "properties": {
        "bangumi_id": 262898,
        "bangumi_title": "电影 摇曳露营△",
        "ep_cut": "",
        "image_url": "https://w.junreimap.com/images/points/262898/4jwu0zq_1756921486607.jpg",
        "location": "南阿尔卑斯市",
        "point_id": "4jwu0zq",
        "point_name": "芦安キャンプサイトNo.2",
        "remark": "根据官方导览，露营地的管理栋实际是以这个露营地的管理栋为原型的。这里坐落于日本第二高峰南阿尔卑斯的北岳山下，晴天时可以欣赏到星空，提供日归烧烤，周边有温泉设施。IN 1PM/OUT ~11AM，仅限官网预约。自由营位5500日元/晚/4人，单人营位2200日元/晚。停车位10台。"
      },
      "type": "Feature"
    },
    {
      "geometry": {
        "coordinates": [
          138.361532,
          35.631612
        ],
        "type": "Point"
      },
      "properties": {
        "bangumi_id": 262898,
        "bangumi_title": "电影 摇曳露营△",
        "ep_cut": "",
        "image_url": "https://w.junreimap.com/images/points/262898/4jwu4kr_1756921491301.jpg",
        "location": "南阿尔卑斯市",
        "point_id": "4jwu4kr",
        "point_name": "芦安キャンプサイトNo.2",
        "remark": "根据官方导览，露营地的管理栋实际是以这个露营地的管理栋为原型的。这里坐落于日本第二高峰南阿尔卑斯的北岳山下，晴天时可以欣赏到星空，提供日归烧烤，周边有温泉设施。IN 1PM/OUT ~11AM，仅限官网预约。自由营位5500日元/晚/4人，单人营位2200日元/晚。停车位10台。"
      },
      "type": "Feature"
    },
    {
      "geometry": {
        "coordinates": [
          138.36154,
          35.631647
        ],
        "type": "Point"
      },
      "properties": {
        "bangumi_id": 262898,
        "bangumi_title": "电影 摇曳露营△",
        "ep_cut": "",
        "image_url": "https://w.junreimap.com/images/points/262898/4jwu6wh_1756921494298.jpg",
        "location": "南阿尔卑斯市",
        "point_id": "4jwu6wh",
        "point_name": "芦安キャンプサイトNo.2",
        "remark": "根据官方导览，露营地的管理栋实际是以这个露营地的管理栋为原型的。这里坐落于日本第二高峰南阿尔卑斯的北岳山下，晴天时可以欣赏到星空，提供日归烧烤，周边有温泉设施。IN 1PM/OUT ~11AM，仅限官网预约。自由营位5500日元/晚/4人，单人营位2200日元/晚。停车位10台。"
      },
      "type": "Feature"
    },
    {
      "geometry": {
        "coordinates": [
          138.361553,
          35.631182
        ],
        "type": "Point"
      },
      "properties": {
        "bangumi_id": 262898,
        "bangumi_title": "电影 摇曳露营△",
        "ep_cut": "",
        "image_url": "https://w.junreimap.com/images/points/262898/4jwu9yg_1756921498312.jpg",
        "location": "南阿尔卑斯市",
        "point_id": "4jwu9yg",
        "point_name": "芦安キャンプサイトNo.2",
        "remark": "根据官方导览，露营地的管理栋实际是以这个露营地的管理栋为原型的。这里坐落于日本第二高峰南阿尔卑斯的北岳山下，晴天时可以欣赏到星空，提供日归烧烤，周边有温泉设施。IN 1PM/OUT ~11AM，仅限官网预约。自由营位5500日元/晚/4人，单人营位2200日元/晚。停车位10台。"
      },
      "type": "Feature"
    },
    {
      "geometry": {
        "coordinates": [
          138.361814,
          35.631377
        ],
        "type": "Point"
      },
      "properties": {
        "bangumi_id": 262898,
        "bangumi_title": "电影 摇曳露营△",
        "ep_cut": "",
        "image_url": "https://w.junreimap.com/images/points/262898/4jwud4q_1756921502707.jpg",
        "location": "南阿尔卑斯市",
        "point_id": "4jwud4q",
        "point_name": "芦安キャンプサイトNo.2",
        "remark": "根据官方导览，露营地的管理栋实际是以这个露营地的管理栋为原型的。这里坐落于日本第二高峰南阿尔卑斯的北岳山下，晴天时可以欣赏到星空，提供日归烧烤，周边有温泉设施。IN 1PM/OUT ~11AM，仅限官网预约。自由营位5500日元/晚/4人，单人营位2200日元/晚。停车位10台。"
      },
      "type": "Feature"
    },
    {
      "geometry": {
        "coordinates": [
          138.361554,
          35.631609
        ],
        "type": "Point"
      },
      "properties": {
        "bangumi_id": 262898,
        "bangumi_title": "电影 摇曳露营△",
        "ep_cut": "",
        "image_url": "https://w.junreimap.com/images/points/262898/4jwuh10_1756921507490.jpg",
        "location": "南阿尔卑斯市",
        "point_id": "4jwuh10",
        "point_name": "芦安キャンプサイトNo.2",
        "remark": "根据官方导览，露营地的管理栋实际是以这个露营地的管理栋为原型的。这里坐落于日本第二高峰南阿尔卑斯的北岳山下，晴天时可以欣赏到星空，提供日归烧烤，周边有温泉设施。IN 1PM/OUT ~11AM，仅限官网预约。自由营位5500日元/晚/4人，单人营位2200日元/晚。停车位10台。"
      },
      "type": "Feature"
    },
    {
      "geometry": {
        "coordinates": [
          138.361581,
          35.631623
        ],
        "type": "Point"
      },
      "properties": {
        "bangumi_id": 262898,
        "bangumi_title": "电影 摇曳露营△",
        "ep_cut": "",
        "image_url": "https://w.junreimap.com/images/points/262898/4jwujh0_1756921510937.jpg",
        "location": "南阿尔卑斯市",
        "point_id": "4jwujh0",
        "point_name": "芦安キャンプサイトNo.2",
        "remark": "根据官方导览，露营地的管理栋实际是以这个露营地的管理栋为原型的。这里坐落于日本第二高峰南阿尔卑斯的北岳山下，晴天时可以欣赏到星空，提供日归烧烤，周边有温泉设施。IN 1PM/OUT ~11AM，仅限官网预约。自由营位5500日元/晚/4人，单人营位2200日元/晚。停车位10台。"
      },
      "type": "Feature"
    },
    {
      "geometry": {
        "coordinates": [
          138.361567,
          35.631644
        ],
        "type": "Point"
      },
      "properties": {
        "bangumi_id": 262898,
        "bangumi_title": "电影 摇曳露营△",
        "ep_cut": "",
        "image_url": "https://w.junreimap.com/images/points/262898/4jwunxz_1756921516240.jpg",
        "location": "南阿尔卑斯市",
        "point_id": "4jwunxz",
        "point_name": "芦安キャンプサイトNo.2",
        "remark": "根据官方导览，露营地的管理栋实际是以这个露营地的管理栋为原型的。这里坐落于日本第二高峰南阿尔卑斯的北岳山下，晴天时可以欣赏到星空，提供日归烧烤，周边有温泉设施。IN 1PM/OUT ~11AM，仅限官网预约。自由营位5500日元/晚/4人，单人营位2200日元/晚。停车位10台。"
      },
      "type": "Feature"
    },
    {
      "geometry": {
        "coordinates": [
          138.361651,
          35.631568
        ],
        "type": "Point"
      },
      "properties": {
        "bangumi_id": 262898,
        "bangumi_title": "电影 摇曳露营△",
        "ep_cut": "",
        "image_url": "https://w.junreimap.com/images/points/262898/4jwurfy_1756921521695.jpg",
        "location": "南阿尔卑斯市",
        "point_id": "4jwurfy",
        "point_name": "芦安キャンプサイトNo.2",
        "remark": "根据官方导览，露营地的管理栋实际是以这个露营地的管理栋为原型的。这里坐落于日本第二高峰南阿尔卑斯的北岳山下，晴天时可以欣赏到星空，提供日归烧烤，周边有温泉设施。IN 1PM/OUT ~11AM，仅限官网预约。自由营位5500日元/晚/4人，单人营位2200日元/晚。停车位10台。"
      },
      "type": "Feature"
    },
    {
      "geometry": {
        "coordinates": [
          138.36165,
          35.63155
        ],
        "type": "Point"
      },
      "properties": {
        "bangumi_id": 262898,
        "bangumi_title": "电影 摇曳露营△",
        "ep_cut": "",
        "image_url": "https://w.junreimap.com/images/points/262898/4jwutrj_1756921523666.jpg",
        "location": "南阿尔卑斯市",
        "point_id": "4jwutrj",
        "point_name": "芦安キャンプサイトNo.2",
        "remark": "根据官方导览，露营地的管理栋实际是以这个露营地的管理栋为原型的。这里坐落于日本第二高峰南阿尔卑斯的北岳山下，晴天时可以欣赏到星空，提供日归烧烤，周边有温泉设施。IN 1PM/OUT ~11AM，仅限官网预约。自由营位5500日元/晚/4人，单人营位2200日元/晚。停车位10台。"
      },
      "type": "Feature"
    },
    {
      "geometry": {
        "coordinates": [
          138.361806,
          35.631516
        ],
        "type": "Point"
      },
      "properties": {
        "bangumi_id": 262898,
        "bangumi_title": "电影 摇曳露营△",
        "ep_cut": "",
        "image_url": "https://w.junreimap.com/images/points/262898/4jwuvaw_1756921526037.jpg",
        "location": "南阿尔卑斯市",
        "point_id": "4jwuvaw",
        "point_name": "芦安キャンプサイトNo.2",
        "remark": "根据官方导览，露营地的管理栋实际是以这个露营地的管理栋为原型的。这里坐落于日本第二高峰南阿尔卑斯的北岳山下，晴天时可以欣赏到星空，提供日归烧烤，周边有温泉设施。IN 1PM/OUT ~11AM，仅限官网预约。自由营位5500日元/晚/4人，单人营位2200日元/晚。停车位10台。"
      },
      "type": "Feature"
    },
    {
      "geometry": {
        "coordinates": [
          139.064334,
          35.632569
        ],
        "type": "Point"
      },
      "properties": {
        "bangumi_id": 262898,
        "bangumi_title": "电影 摇曳露营△",
        "ep_cut": "",
        "image_url": "https://w.junreimap.com/images/points/262898/4idfkya_1756918175299.jpg",
        "location": "上原市",
        "point_id": "4idfkya",
        "point_name": "EXPASA談合坂 (下り)",
        "remark": "年末前往高下营地时，抚子为了吃饭而停靠的服务区。这里有24小时营业的美食广场，可以享用山梨县的乡土料理。在外带区可还可以买到人气美食鸡肉炒饭和富士山猪肉包子。老字号水果商“桔屋”处可以买到新鲜水果制成的果汁和甜品。"
      },
      "type": "Feature"
    },
    {
      "geometry": {
        "coordinates": [
          139.063758,
          35.63224
        ],
        "type": "Point"
      },
      "properties": {
        "bangumi_id": 262898,
        "bangumi_title": "电影 摇曳露营△",
        "ep_cut": "",
        "image_url": "https://w.junreimap.com/images/points/262898/4juv9te_1756918185829.jpg",
        "location": "上原市",
        "point_id": "4juv9te",
        "point_name": "EXPASA談合坂 (下り)",
        "remark": "年末前往高下营地时，抚子为了吃饭而停靠的服务区。这里有24小时营业的美食广场，可以享用山梨县的乡土料理。在外带区可还可以买到人气美食鸡肉炒饭和富士山猪肉包子。老字号水果商“桔屋”处可以买到新鲜水果制成的果汁和甜品。"
      },
      "type": "Feature"
    },
    {
      "geometry": {
        "coordinates": [
          139.063848,
          35.632237
        ],
        "type": "Point"
      },
      "properties": {
        "bangumi_id": 262898,
        "bangumi_title": "电影 摇曳露营△",
        "ep_cut": "",
        "image_url": "https://w.junreimap.com/images/points/262898/4juvbnz_1756918188092.jpg",
        "location": "上原市",
        "point_id": "4juvbnz",
        "point_name": "EXPASA談合坂 (下り)",
        "remark": "年末前往高下营地时，抚子为了吃饭而停靠的服务区。这里有24小时营业的美食广场，可以享用山梨县的乡土料理。在外带区可还可以买到人气美食鸡肉炒饭和富士山猪肉包子。老字号水果商“桔屋”处可以买到新鲜水果制成的果汁和甜品。"
      },
      "type": "Feature"
    },
    {
      "geometry": {
        "coordinates": [
          139.063966,
          35.632232
        ],
        "type": "Point"
      },
      "properties": {
        "bangumi_id": 262898,
        "bangumi_title": "电影 摇曳露营△",
        "ep_cut": "",
        "image_url": "https://w.junreimap.com/images/points/262898/4juvdew_1756918190383.jpg",
        "location": "上原市",
        "point_id": "4juvdew",
        "point_name": "EXPASA談合坂 (下り)",
        "remark": "年末前往高下营地时，抚子为了吃饭而停靠的服务区。这里有24小时营业的美食广场，可以享用山梨县的乡土料理。在外带区可还可以买到人气美食鸡肉炒饭和富士山猪肉包子。老字号水果商“桔屋”处可以买到新鲜水果制成的果汁和甜品。"
      },
      "type": "Feature"
    },
    {
      "geometry": {
        "coordinates": [
          139.064056,
          35.632223
        ],
        "type": "Point"
      },
      "properties": {
        "bangumi_id": 262898,
        "bangumi_title": "电影 摇曳露营△",
        "ep_cut": "",
        "image_url": "https://w.junreimap.com/images/points/262898/4juvf7j_1756918194059.jpg",
        "location": "上原市",
        "point_id": "4juvf7j",
        "point_name": "EXPASA談合坂 (下り)",
        "remark": "年末前往高下营地时，抚子为了吃饭而停靠的服务区。这里有24小时营业的美食广场，可以享用山梨县的乡土料理。在外带区可还可以买到人气美食鸡肉炒饭和富士山猪肉包子。老字号水果商“桔屋”处可以买到新鲜水果制成的果汁和甜品。"
      },
      "type": "Feature"
    },
    {
      "geometry": {
        "coordinates": [
          139.063973,
          35.632144
        ],
        "type": "Point"
      },
      "properties": {
        "bangumi_id": 262898,
        "bangumi_title": "电影 摇曳露营△",
        "ep_cut": "",
        "image_url": "https://w.junreimap.com/images/points/262898/4juvi4a_1756918196449.jpg",
        "location": "上原市",
        "point_id": "4juvi4a",
        "point_name": "EXPASA談合坂 (下り)",
        "remark": "年末前往高下营地时，抚子为了吃饭而停靠的服务区。这里有24小时营业的美食广场，可以享用山梨县的乡土料理。在外带区可还可以买到人气美食鸡肉炒饭和富士山猪肉包子。老字号水果商“桔屋”处可以买到新鲜水果制成的果汁和甜品。"
      },
      "type": "Feature"
    },
    {
      "geometry": {
        "coordinates": [
          138.364225,
          35.844761
        ],
        "type": "Point"
      },
      "properties": {
        "bangumi_id": 262898,
        "bangumi_title": "电影 摇曳露营△",
        "ep_cut": "",
        "image_url": "https://w.junreimap.com/images/points/262898/4jvmroh_1756919468366.jpg",
        "location": "八ケ岳",
        "point_id": "4jvmroh",
        "point_name": "八ケ岳PA（下り）",
        "remark": ""
      },
      "type": "Feature"
    },
    {
      "geometry": {
        "coordinates": [
          138.364186,
          35.84479
        ],
        "type": "Point"
      },
      "properties": {
        "bangumi_id": 262898,
        "bangumi_title": "电影 摇曳露营△",
        "ep_cut": "",
        "image_url": "https://w.junreimap.com/images/points/262898/4jvmvkw_1756919473693.jpg",
        "location": "八ケ岳",
        "point_id": "4jvmvkw",
        "point_name": "八ケ岳PA（下り）",
        "remark": ""
      },
      "type": "Feature"
    },
    {
      "geometry": {
        "coordinates": [
          138.364257,
          35.844742
        ],
        "type": "Point"
      },
      "properties": {
        "bangumi_id": 262898,
        "bangumi_title": "电影 摇曳露营△",
        "ep_cut": "",
        "image_url": "https://w.junreimap.com/images/points/262898/4jvmy1n_1756919476686.jpg",
        "location": "八ケ岳",
        "point_id": "4jvmy1n",
        "point_name": "八ケ岳PA（下り）",
        "remark": ""
      },
      "type": "Feature"
    },
    {
      "geometry": {
        "coordinates": [
          138.364321,
          35.845008
        ],
        "type": "Point"
      },
      "properties": {
        "bangumi_id": 262898,
        "bangumi_title": "电影 摇曳露营△",
        "ep_cut": "",
        "image_url": "https://w.junreimap.com/images/user/0/bangumi/262898/points/5hh3y0cf8-1673618244311.jpg",
        "location": "八ケ岳",
        "point_id": "5hh3y0cf8",
        "point_name": "八ケ岳PA（下り）",
        "remark": "拍摄地点为服务区右边"
      },
      "type": "Feature"
    },
    {
      "geometry": {
        "coordinates": [
          138.371399,
          36.009805
        ],
        "type": "Point"
      },
      "properties": {
        "bangumi_id": 262898,
        "bangumi_title": "电影 摇曳露营△",
        "ep_cut": "",
        "image_url": "https://w.junreimap.com/images/points/262898/4jvp7s8_1756919605873.jpg",
        "location": "本沢温泉",
        "point_id": "4jvp7s8",
        "point_name": "本沢温泉 雲上の湯",
        "remark": ""
      },
      "type": "Feature"
    },
    {
      "geometry": {
        "coordinates": [
          138.371413,
          36.009833
        ],
        "type": "Point"
      },
      "properties": {
        "bangumi_id": 262898,
        "bangumi_title": "电影 摇曳露营△",
        "ep_cut": "",
        "image_url": "https://w.junreimap.com/images/points/262898/4jvpspe_1756919610397.jpg",
        "location": "本沢温泉",
        "point_id": "4jvpspe",
        "point_name": "本沢温泉 雲上の湯",
        "remark": ""
      },
      "type": "Feature"
    },
    {
      "geometry": {
        "coordinates": [
          138.371425,
          36.009858
        ],
        "type": "Point"
      },
      "properties": {
        "bangumi_id": 262898,
        "bangumi_title": "电影 摇曳露营△",
        "ep_cut": "",
        "image_url": "https://w.junreimap.com/images/points/262898/4jvpuxc_1756919612759.jpg",
        "location": "本沢温泉",
        "point_id": "4jvpuxc",
        "point_name": "本沢温泉 雲上の湯",
        "remark": ""
      },
      "type": "Feature"
    },
    {
      "geometry": {
        "coordinates": [
          138.371441,
          36.009885
        ],
        "type": "Point"
      },
      "properties": {
        "bangumi_id": 262898,
        "bangumi_title": "电影 摇曳露营△",
        "ep_cut": "",
        "image_url": "https://w.junreimap.com/images/points/262898/4jvpwsa_1756919615396.jpg",
        "location": "本沢温泉",
        "point_id": "4jvpwsa",
        "point_name": "本沢温泉 雲上の湯",
        "remark": ""
      },
      "type": "Feature"
    },
    {
      "geometry": {
        "coordinates": [
          138.371388,
          36.00978
        ],
        "type": "Point"
      },
      "properties": {
        "bangumi_id": 262898,
        "bangumi_title": "电影 摇曳露营△",
        "ep_cut": "",
        "image_url": "https://w.junreimap.com/images/points/262898/4jvpz1o_1756919618081.jpg",
        "location": "本沢温泉",
        "point_id": "4jvpz1o",
        "point_name": "本沢温泉 雲上の湯",
        "remark": ""
      },
      "type": "Feature"
    },
    {
      "geometry": {
        "coordinates": [
          138.371413,
          36.009769
        ],
        "type": "Point"
      },
      "properties": {
        "bangumi_id": 262898,
        "bangumi_title": "电影 摇曳露营△",
        "ep_cut": "",
        "image_url": "https://w.junreimap.com/images/points/262898/4jvq3q3_1756919624211.jpg",
        "location": "本沢温泉",
        "point_id": "4jvq3q3",
        "point_name": "本沢温泉 雲上の湯",
        "remark": ""
      },
      "type": "Feature"
    },
    {
      "geometry": {
        "coordinates": [
          138.371433,
          36.009798
        ],
        "type": "Point"
      },
      "properties": {
        "bangumi_id": 262898,
        "bangumi_title": "电影 摇曳露营△",
        "ep_cut": "",
        "image_url": "https://w.junreimap.com/images/points/262898/4jvq70f_1756919628713.jpg",
        "location": "本沢温泉",
        "point_id": "4jvq70f",
        "point_name": "本沢温泉 雲上の湯",
        "remark": ""
      },
      "type": "Feature"
    },
    {
      "geometry": {
        "coordinates": [
          138.371452,
          36.009826
        ],
        "type": "Point"
      },
      "properties": {
        "bangumi_id": 262898,
        "bangumi_title": "电影 摇曳露营△",
        "ep_cut": "",
        "image_url": "https://w.junreimap.com/images/points/262898/4jvqay1_1756919633095.jpg",
        "location": "本沢温泉",
        "point_id": "4jvqay1",
        "point_name": "本沢温泉 雲上の湯",
        "remark": ""
      },
      "type": "Feature"
    },
    {
      "geometry": {
        "coordinates": [
          138.371462,
          36.009846
        ],
        "type": "Point"
      },
      "properties": {
        "bangumi_id": 262898,
        "bangumi_title": "电影 摇曳露营△",
        "ep_cut": "",
        "image_url": "https://w.junreimap.com/images/points/262898/4jvqdh2_1756919636927.jpg",
        "location": "本沢温泉",
        "point_id": "4jvqdh2",
        "point_name": "本沢温泉 雲上の湯",
        "remark": ""
      },
      "type": "Feature"
    },
    {
      "geometry": {
        "coordinates": [
          138.371478,
          36.009873
        ],
        "type": "Point"
      },
      "properties": {
        "bangumi_id": 262898,
        "bangumi_title": "电影 摇曳露营△",
        "ep_cut": "",
        "image_url": "https://w.junreimap.com/images/points/262898/4jvqfe5_1756919639499.jpg",
        "location": "本沢温泉",
        "point_id": "4jvqfe5",
        "point_name": "本沢温泉 雲上の湯",
        "remark": ""
      },
      "type": "Feature"
    },
    {
      "geometry": {
        "coordinates": [
          138.371411,
          36.009897
        ],
        "type": "Point"
      },
      "properties": {
        "bangumi_id": 262898,
        "bangumi_title": "电影 摇曳露营△",
        "ep_cut": "",
        "image_url": "https://w.junreimap.com/images/points/262898/4jvqhmb_1756919643216.jpg",
        "location": "本沢温泉",
        "point_id": "4jvqhmb",
        "point_name": "本沢温泉 雲上の湯",
        "remark": ""
      },
      "type": "Feature"
    },
    {
      "geometry": {
        "coordinates": [
          138.371393,
          36.009868
        ],
        "type": "Point"
      },
      "properties": {
        "bangumi_id": 262898,
        "bangumi_title": "电影 摇曳露营△",
        "ep_cut": "",
        "image_url": "https://w.junreimap.com/images/points/262898/4jvqmgk_1756919648690.jpg",
        "location": "本沢温泉",
        "point_id": "4jvqmgk",
        "point_name": "本沢温泉 雲上の湯",
        "remark": ""
      },
      "type": "Feature"
    },
    {
      "geometry": {
        "coordinates": [
          138.371379,
          36.009842
        ],
        "type": "Point"
      },
      "properties": {
        "bangumi_id": 262898,
        "bangumi_title": "电影 摇曳露营△",
        "ep_cut": "",
        "image_url": "https://w.junreimap.com/images/points/262898/4jvqotx_1756919653987.jpg",
        "location": "本沢温泉",
        "point_id": "4jvqotx",
        "point_name": "本沢温泉 雲上の湯",
        "remark": ""
      },
      "type": "Feature"
    },
    {
      "geometry": {
        "coordinates": [
          138.371363,
          36.009811
        ],
        "type": "Point"
      },
      "properties": {
        "bangumi_id": 262898,
        "bangumi_title": "电影 摇曳露营△",
        "ep_cut": "",
        "image_url": "https://w.junreimap.com/images/points/262898/4jvqulb_1756919658695.jpg",
        "location": "本沢温泉",
        "point_id": "4jvqulb",
        "point_name": "本沢温泉 雲上の湯",
        "remark": ""
      },
      "type": "Feature"
    },
    {
      "geometry": {
        "coordinates": [
          138.371349,
          36.009785
        ],
        "type": "Point"
      },
      "properties": {
        "bangumi_id": 262898,
        "bangumi_title": "电影 摇曳露营△",
        "ep_cut": "",
        "image_url": "https://w.junreimap.com/images/points/262898/4jvqwkc_1756919664342.jpg",
        "location": "本沢温泉",
        "point_id": "4jvqwkc",
        "point_name": "本沢温泉 雲上の湯",
        "remark": ""
      },
      "type": "Feature"
    },
    {
      "geometry": {
        "coordinates": [
          138.371377,
          36.009906
        ],
        "type": "Point"
      },
      "properties": {
        "bangumi_id": 262898,
        "bangumi_title": "电影 摇曳露营△",
        "ep_cut": "",
        "image_url": "https://w.junreimap.com/images/points/262898/4jvr1h5_1756919668387.jpg",
        "location": "本沢温泉",
        "point_id": "4jvr1h5",
        "point_name": "本沢温泉 雲上の湯",
        "remark": ""
      },
      "type": "Feature"
    },
    {
      "geometry": {
        "coordinates": [
          138.371361,
          36.009876
        ],
        "type": "Point"
      },
      "properties": {
        "bangumi_id": 262898,
        "bangumi_title": "电影 摇曳露营△",
        "ep_cut": "",
        "image_url": "https://w.junreimap.com/images/points/262898/4jvr3us_1756919671123.jpg",
        "location": "本沢温泉",
        "point_id": "4jvr3us",
        "point_name": "本沢温泉 雲上の湯",
        "remark": ""
      },
      "type": "Feature"
    },
    {
      "geometry": {
        "coordinates": [
          138.371513,
          36.010018
        ],
        "type": "Point"
      },
      "properties": {
        "bangumi_id": 262898,
        "bangumi_title": "电影 摇曳露营△",
        "ep_cut": "",
        "image_url": "https://w.junreimap.com/images/points/262898/4jvr9dn_1756919678300.jpg",
        "location": "本沢温泉",
        "point_id": "4jvr9dn",
        "point_name": "本沢温泉 雲上の湯",
        "remark": ""
      },
      "type": "Feature"
    },
    {
      "geometry": {
        "coordinates": [
          138.371554,
          36.010007
        ],
        "type": "Point"
      },
      "properties": {
        "bangumi_id": 262898,
        "bangumi_title": "电影 摇曳露营△",
        "ep_cut": "",
        "image_url": "https://w.junreimap.com/images/points/262898/4jvrbv0_1756919682499.jpg",
        "location": "本沢温泉",
        "point_id": "4jvrbv0",
        "point_name": "本沢温泉 雲上の湯",
        "remark": ""
      },
      "type": "Feature"
    },
    {
      "geometry": {
        "coordinates": [
          138.371471,
          36.010033
        ],
        "type": "Point"
      },
      "properties": {
        "bangumi_id": 262898,
        "bangumi_title": "电影 摇曳露营△",
        "ep_cut": "",
        "image_url": "https://w.junreimap.com/images/points/262898/4jvrj1d_1756919692379.jpg",
        "location": "本沢温泉",
        "point_id": "4jvrj1d",
        "point_name": "本沢温泉 雲上の湯",
        "remark": ""
      },
      "type": "Feature"
    },
    {
      "geometry": {
        "coordinates": [
          138.371491,
          36.010066
        ],
        "type": "Point"
      },
      "properties": {
        "bangumi_id": 262898,
        "bangumi_title": "电影 摇曳露营△",
        "ep_cut": "",
        "image_url": "https://w.junreimap.com/images/points/262898/4jvrmgk_1756919695627.jpg",
        "location": "本沢温泉",
        "point_id": "4jvrmgk",
        "point_name": "本沢温泉 雲上の湯",
        "remark": ""
      },
      "type": "Feature"
    },
    {
      "geometry": {
        "coordinates": [
          138.371533,
          36.010051
        ],
        "type": "Point"
      },
      "properties": {
        "bangumi_id": 262898,
        "bangumi_title": "电影 摇曳露营△",
        "ep_cut": "",
        "image_url": "https://w.junreimap.com/images/points/262898/4jvrtsi_1756919705221.jpg",
        "location": "本沢温泉",
        "point_id": "4jvrtsi",
        "point_name": "本沢温泉 雲上の湯",
        "remark": ""
      },
      "type": "Feature"
    },
    {
      "geometry": {
        "coordinates": [
          138.371374,
          36.010082
        ],
        "type": "Point"
      },
      "properties": {
        "bangumi_id": 262898,
        "bangumi_title": "电影 摇曳露营△",
        "ep_cut": "",
        "image_url": "https://w.junreimap.com/images/points/262898/4jvryqo_1756919711469.jpg",
        "location": "本沢温泉",
        "point_id": "4jvryqo",
        "point_name": "本沢温泉 雲上の湯",
        "remark": ""
      },
      "type": "Feature"
    },
    {
      "geometry": {
        "coordinates": [
          138.372971,
          36.011907
        ],
        "type": "Point"
      },
      "properties": {
        "bangumi_id": 262898,
        "bangumi_title": "电影 摇曳露营△",
        "ep_cut": "",
        "image_url": "https://w.junreimap.com/images/points/262898/4jvs7cv_1756919723092.jpg",
        "location": "本沢温泉",
        "point_id": "4jvs7cv",
        "point_name": "八ヶ岳 本沢温泉",
        "remark": ""
      },
      "type": "Feature"
    },
    {
      "geometry": {
        "coordinates": [
          138.372991,
          36.011931
        ],
        "type": "Point"
      },
      "properties": {
        "bangumi_id": 262898,
        "bangumi_title": "电影 摇曳露营△",
        "ep_cut": "",
        "image_url": "https://w.junreimap.com/images/points/262898/4jvt4k0_1756919765981.jpg",
        "location": "本沢温泉",
        "point_id": "4jvt4k0",
        "point_name": "八ヶ岳 本沢温泉",
        "remark": ""
      },
      "type": "Feature"
    },
    {
      "geometry": {
        "coordinates": [
          138.372947,
          36.01188
        ],
        "type": "Point"
      },
      "properties": {
        "bangumi_id": 262898,
        "bangumi_title": "电影 摇曳露营△",
        "ep_cut": "",
        "image_url": "https://w.junreimap.com/images/points/262898/4jvt70z_1756919768858.jpg",
        "location": "本沢温泉",
        "point_id": "4jvt70z",
        "point_name": "八ヶ岳 本沢温泉",
        "remark": ""
      },
      "type": "Feature"
    },
    {
      "geometry": {
        "coordinates": [
          138.373005,
          36.011947
        ],
        "type": "Point"
      },
      "properties": {
        "bangumi_id": 262898,
        "bangumi_title": "电影 摇曳露营△",
        "ep_cut": "",
        "image_url": "https://w.junreimap.com/images/points/262898/4jvtsuw_1756919797360.jpg",
        "location": "本沢温泉",
        "point_id": "4jvtsuw",
        "point_name": "八ヶ岳 本沢温泉",
        "remark": ""
      },
      "type": "Feature"
    },
    {
      "geometry": {
        "coordinates": [
          138.373015,
          36.01192
        ],
        "type": "Point"
      },
      "properties": {
        "bangumi_id": 262898,
        "bangumi_title": "电影 摇曳露营△",
        "ep_cut": "",
        "image_url": "https://w.junreimap.com/images/points/262898/4jvtv9i_1756919800228.jpg",
        "location": "本沢温泉",
        "point_id": "4jvtv9i",
        "point_name": "八ヶ岳 本沢温泉",
        "remark": ""
      },
      "type": "Feature"
    },
    {
      "geometry": {
        "coordinates": [
          138.372996,
          36.011894
        ],
        "type": "Point"
      },
      "properties": {
        "bangumi_id": 262898,
        "bangumi_title": "电影 摇曳露营△",
        "ep_cut": "",
        "image_url": "https://w.junreimap.com/images/points/262898/4jvtzj4_1756919805354.jpg",
        "location": "本沢温泉",
        "point_id": "4jvtzj4",
        "point_name": "八ヶ岳 本沢温泉",
        "remark": ""
      },
      "type": "Feature"
    },
    {
      "geometry": {
        "coordinates": [
          138.374422,
          36.012301
        ],
        "type": "Point"
      },
      "properties": {
        "bangumi_id": 262898,
        "bangumi_title": "电影 摇曳露营△",
        "ep_cut": "",
        "image_url": "https://w.junreimap.com/images/points/262898/4jvubqm_1756919858347.jpg",
        "location": "本沢温泉",
        "point_id": "4jvubqm",
        "point_name": "八ヶ岳 本沢温泉 登山道",
        "remark": "非精确位置，仅供参考。"
      },
      "type": "Feature"
    },
    {
      "geometry": {
        "coordinates": [
          138.374478,
          36.012368
        ],
        "type": "Point"
      },
      "properties": {
        "bangumi_id": 262898,
        "bangumi_title": "电影 摇曳露营△",
        "ep_cut": "",
        "image_url": "https://w.junreimap.com/images/points/262898/4jvv6tj_1756919865541.jpg",
        "location": "本沢温泉",
        "point_id": "4jvv6tj",
        "point_name": "八ヶ岳 本沢温泉 登山道",
        "remark": "非精确位置，仅供参考。"
      },
      "type": "Feature"
    },
    {
      "geometry": {
        "coordinates": [
          138.374604,
          36.01243
        ],
        "type": "Point"
      },
      "properties": {
        "bangumi_id": 262898,
        "bangumi_title": "电影 摇曳露营△",
        "ep_cut": "",
        "image_url": "https://w.junreimap.com/images/points/262898/4jvvbxi_1756919868014.jpg",
        "location": "本沢温泉",
        "point_id": "4jvvbxi",
        "point_name": "八ヶ岳 本沢温泉 登山道",
        "remark": "非精确位置，仅供参考。"
      },
      "type": "Feature"
    },
    {
      "geometry": {
        "coordinates": [
          138.37472,
          36.012473
        ],
        "type": "Point"
      },
      "properties": {
        "bangumi_id": 262898,
        "bangumi_title": "电影 摇曳露营△",
        "ep_cut": "",
        "image_url": "https://w.junreimap.com/images/points/262898/4jvvdxn_1756919870502.jpg",
        "location": "本沢温泉",
        "point_id": "4jvvdxn",
        "point_name": "八ヶ岳 本沢温泉 登山道",
        "remark": "非精确位置，仅供参考。"
      },
      "type": "Feature"
    },
    {
      "geometry": {
        "coordinates": [
          138.374857,
          36.012501
        ],
        "type": "Point"
      },
      "properties": {
        "bangumi_id": 262898,
        "bangumi_title": "电影 摇曳露营△",
        "ep_cut": "",
        "image_url": "https://w.junreimap.com/images/points/262898/4jvvgf5_1756919874803.jpg",
        "location": "本沢温泉",
        "point_id": "4jvvgf5",
        "point_name": "八ヶ岳 本沢温泉 登山道",
        "remark": "非精确位置，仅供参考。"
      },
      "type": "Feature"
    },
    {
      "geometry": {
        "coordinates": [
          138.375012,
          36.012521
        ],
        "type": "Point"
      },
      "properties": {
        "bangumi_id": 262898,
        "bangumi_title": "电影 摇曳露营△",
        "ep_cut": "",
        "image_url": "https://w.junreimap.com/images/points/262898/4jvvjkb_1756919877951.jpg",
        "location": "本沢温泉",
        "point_id": "4jvvjkb",
        "point_name": "八ヶ岳 本沢温泉 登山道",
        "remark": "非精确位置，仅供参考。"
      },
      "type": "Feature"
    },
    {
      "geometry": {
        "coordinates": [
          138.375173,
          36.012544
        ],
        "type": "Point"
      },
      "properties": {
        "bangumi_id": 262898,
        "bangumi_title": "电影 摇曳露营△",
        "ep_cut": "",
        "image_url": "https://w.junreimap.com/images/points/262898/4jvvn0n_1756919882585.jpg",
        "location": "本沢温泉",
        "point_id": "4jvvn0n",
        "point_name": "八ヶ岳 本沢温泉 登山道",
        "remark": "非精确位置，仅供参考。"
      },
      "type": "Feature"
    },
    {
      "geometry": {
        "coordinates": [
          138.375331,
          36.012561
        ],
        "type": "Point"
      },
      "properties": {
        "bangumi_id": 262898,
        "bangumi_title": "电影 摇曳露营△",
        "ep_cut": "",
        "image_url": "https://w.junreimap.com/images/points/262898/4jvvq3n_1756919889162.jpg",
        "location": "本沢温泉",
        "point_id": "4jvvq3n",
        "point_name": "八ヶ岳 本沢温泉 登山道",
        "remark": "非精确位置，仅供参考。"
      },
      "type": "Feature"
    },
    {
      "geometry": {
        "coordinates": [
          138.376568,
          36.012461
        ],
        "type": "Point"
      },
      "properties": {
        "bangumi_id": 262898,
        "bangumi_title": "电影 摇曳露营△",
        "ep_cut": "",
        "image_url": "https://w.junreimap.com/images/points/262898/4jvvwz9_1756919896062.jpg",
        "location": "本沢温泉",
        "point_id": "4jvvwz9",
        "point_name": "八ヶ岳 本沢温泉 登山道",
        "remark": "非精确位置，仅供参考。"
      },
      "type": "Feature"
    },
    {
      "geometry": {
        "coordinates": [
          138.376705,
          36.012461
        ],
        "type": "Point"
      },
      "properties": {
        "bangumi_id": 262898,
        "bangumi_title": "电影 摇曳露营△",
        "ep_cut": "",
        "image_url": "https://w.junreimap.com/images/points/262898/4jvw10a_1756919901128.jpg",
        "location": "本沢温泉",
        "point_id": "4jvw10a",
        "point_name": "八ヶ岳 本沢温泉 登山道",
        "remark": "非精确位置，仅供参考。"
      },
      "type": "Feature"
    },
    {
      "geometry": {
        "coordinates": [
          138.450623,
          35.521148
        ],
        "type": "Point"
      },
      "properties": {
        "bangumi_id": 262898,
        "bangumi_title": "电影 摇曳露营△",
        "ep_cut": "",
        "image_url": "https://w.junreimap.com/images/points/262898/4jv1286_1756918460969.jpg",
        "location": "鰍沢",
        "point_id": "4jv1286",
        "point_name": "鰍沢中部小学校跡地 前",
        "remark": "犬子作为老师工作的学校原型。在作品中，教室、走廊、操场和游具等场景都有出现。有停车场。"
      },
      "type": "Feature"
    },
    {
      "geometry": {
        "coordinates": [
          138.450515,
          35.521027
        ],
        "type": "Point"
      },
      "properties": {
        "bangumi_id": 262898,
        "bangumi_title": "电影 摇曳露营△",
        "ep_cut": "",
        "image_url": "https://w.junreimap.com/images/points/262898/4jv2b5c_1756918517744.jpg",
        "location": "鰍沢",
        "point_id": "4jv2b5c",
        "point_name": "鰍沢中部小学校跡地 前",
        "remark": "犬子作为老师工作的学校原型。在作品中，教室、走廊、操场和游具等场景都有出现。有停车场。"
      },
      "type": "Feature"
    },
    {
      "geometry": {
        "coordinates": [
          138.450443,
          35.521373
        ],
        "type": "Point"
      },
      "properties": {
        "bangumi_id": 262898,
        "bangumi_title": "电影 摇曳露营△",
        "ep_cut": "",
        "image_url": "https://w.junreimap.com/images/points/262898/4jv18fu_1756918523082.jpg",
        "location": "鰍沢",
        "point_id": "4jv18fu",
        "point_name": "鰍沢中部小学校跡地 前",
        "remark": "犬子作为老师工作的学校原型。在作品中，教室、走廊、操场和游具等场景都有出现。有停车场。"
      },
      "type": "Feature"
    },
    {
      "geometry": {
        "coordinates": [
          138.450351,
          35.521362
        ],
        "type": "Point"
      },
      "properties": {
        "bangumi_id": 262898,
        "bangumi_title": "电影 摇曳露营△",
        "ep_cut": "",
        "image_url": "https://w.junreimap.com/images/points/262898/4jv1d8o_1756918529656.jpg",
        "location": "鰍沢",
        "point_id": "4jv1d8o",
        "point_name": "鰍沢中部小学校跡地 前",
        "remark": "犬子作为老师工作的学校原型。在作品中，教室、走廊、操场和游具等场景都有出现。有停车场。"
      },
      "type": "Feature"
    },
    {
      "geometry": {
        "coordinates": [
          138.45035,
          35.521381
        ],
        "type": "Point"
      },
      "properties": {
        "bangumi_id": 262898,
        "bangumi_title": "电影 摇曳露营△",
        "ep_cut": "",
        "image_url": "https://w.junreimap.com/images/points/262898/4jv3u3q_1756918590981.jpg",
        "location": "鰍沢",
        "point_id": "4jv3u3q",
        "point_name": "鰍沢中部小学校跡地 前",
        "remark": "犬子作为老师工作的学校原型。在作品中，教室、走廊、操场和游具等场景都有出现。有停车场。"
      },
      "type": "Feature"
    },
    {
      "geometry": {
        "coordinates": [
          138.450375,
          35.521383
        ],
        "type": "Point"
      },
      "properties": {
        "bangumi_id": 262898,
        "bangumi_title": "电影 摇曳露营△",
        "ep_cut": "",
        "image_url": "https://w.junreimap.com/images/points/262898/4jv47ka_1756918602849.jpg",
        "location": "鰍沢",
        "point_id": "4jv47ka",
        "point_name": "鰍沢中部小学校跡地 前",
        "remark": "犬子作为老师工作的学校原型。在作品中，教室、走廊、操场和游具等场景都有出现。有停车场。"
      },
      "type": "Feature"
    },
    {
      "geometry": {
        "coordinates": [
          138.450398,
          35.521384
        ],
        "type": "Point"
      },
      "properties": {
        "bangumi_id": 262898,
        "bangumi_title": "电影 摇曳露营△",
        "ep_cut": "",
        "image_url": "https://w.junreimap.com/images/points/262898/4jv49s0_1756918605817.jpg",
        "location": "鰍沢",
        "point_id": "4jv49s0",
        "point_name": "鰍沢中部小学校跡地 前",
        "remark": "犬子作为老师工作的学校原型。在作品中，教室、走廊、操场和游具等场景都有出现。有停车场。"
      },
      "type": "Feature"
    },
    {
      "geometry": {
        "coordinates": [
          138.45042,
          35.521387
        ],
        "type": "Point"
      },
      "properties": {
        "bangumi_id": 262898,
        "bangumi_title": "电影 摇曳露营△",
        "ep_cut": "",
        "image_url": "https://w.junreimap.com/images/points/262898/4jv4dv5_1756918611217.jpg",
        "location": "鰍沢",
        "point_id": "4jv4dv5",
        "point_name": "鰍沢中部小学校跡地 前",
        "remark": "犬子作为老师工作的学校原型。在作品中，教室、走廊、操场和游具等场景都有出现。有停车场。"
      },
      "type": "Feature"
    },
    {
      "geometry": {
        "coordinates": [
          138.45045,
          35.521391
        ],
        "type": "Point"
      },
      "properties": {
        "bangumi_id": 262898,
        "bangumi_title": "电影 摇曳露营△",
        "ep_cut": "",
        "image_url": "https://w.junreimap.com/images/points/262898/4jv4gcn_1756918614538.jpg",
        "location": "鰍沢",
        "point_id": "4jv4gcn",
        "point_name": "鰍沢中部小学校跡地 前",
        "remark": "犬子作为老师工作的学校原型。在作品中，教室、走廊、操场和游具等场景都有出现。有停车场。"
      },
      "type": "Feature"
    },
    {
      "geometry": {
        "coordinates": [
          138.450479,
          35.521393
        ],
        "type": "Point"
      },
      "properties": {
        "bangumi_id": 262898,
        "bangumi_title": "电影 摇曳露营△",
        "ep_cut": "",
        "image_url": "https://w.junreimap.com/images/points/262898/4jv4jbz_1756918618040.jpg",
        "location": "鰍沢",
        "point_id": "4jv4jbz",
        "point_name": "鰍沢中部小学校跡地 前",
        "remark": "犬子作为老师工作的学校原型。在作品中，教室、走廊、操场和游具等场景都有出现。有停车场。"
      },
      "type": "Feature"
    },
    {
      "geometry": {
        "coordinates": [
          138.450576,
          35.521144
        ],
        "type": "Point"
      },
      "properties": {
        "bangumi_id": 262898,
        "bangumi_title": "电影 摇曳露营△",
        "ep_cut": "",
        "image_url": "https://w.junreimap.com/images/points/262898/4jv4xgz_1756918636490.jpg",
        "location": "鰍沢",
        "point_id": "4jv4xgz",
        "point_name": "鰍沢中部小学校跡地 前",
        "remark": "犬子作为老师工作的学校原型。在作品中，教室、走廊、操场和游具等场景都有出现。有停车场。"
      },
      "type": "Feature"
    },
    {
      "geometry": {
        "coordinates": [
          138.450659,
          35.52115
        ],
        "type": "Point"
      },
      "properties": {
        "bangumi_id": 262898,
        "bangumi_title": "电影 摇曳露营△",
        "ep_cut": "",
        "image_url": "https://w.junreimap.com/images/points/262898/4jv50lb_1756918640849.jpg",
        "location": "鰍沢",
        "point_id": "4jv50lb",
        "point_name": "鰍沢中部小学校跡地 前",
        "remark": "犬子作为老师工作的学校原型。在作品中，教室、走廊、操场和游具等场景都有出现。有停车场。"
      },
      "type": "Feature"
    },
    {
      "geometry": {
        "coordinates": [
          138.450273,
          35.52099
        ],
        "type": "Point"
      },
      "properties": {
        "bangumi_id": 262898,
        "bangumi_title": "电影 摇曳露营△",
        "ep_cut": "",
        "image_url": "https://w.junreimap.com/images/points/262898/4jv52vz_1756918644463.jpg",
        "location": "鰍沢",
        "point_id": "4jv52vz",
        "point_name": "鰍沢中部小学校跡地 前",
        "remark": "犬子作为老师工作的学校原型。在作品中，教室、走廊、操场和游具等场景都有出现。有停车场。"
      },
      "type": "Feature"
    },
    {
      "geometry": {
        "coordinates": [
          138.450454,
          35.521339
        ],
        "type": "Point"
      },
      "properties": {
        "bangumi_id": 262898,
        "bangumi_title": "电影 摇曳露营△",
        "ep_cut": "",
        "image_url": "https://w.junreimap.com/images/points/262898/4jv5bqf_1756918656798.jpg",
        "location": "鰍沢",
        "point_id": "4jv5bqf",
        "point_name": "鰍沢中部小学校跡地 前",
        "remark": "犬子作为老师工作的学校原型。在作品中，教室、走廊、操场和游具等场景都有出现。有停车场。"
      },
      "type": "Feature"
    },
    {
      "geometry": {
        "coordinates": [
          138.450834,
          35.521165
        ],
        "type": "Point"
      },
      "properties": {
        "bangumi_id": 262898,
        "bangumi_title": "电影 摇曳露营△",
        "ep_cut": "",
        "image_url": "https://w.junreimap.com/images/points/262898/4jv5kxp_1756918666955.jpg",
        "location": "鰍沢",
        "point_id": "4jv5kxp",
        "point_name": "鰍沢中部小学校跡地 前",
        "remark": "犬子作为老师工作的学校原型。在作品中，教室、走廊、操场和游具等场景都有出现。有停车场。"
      },
      "type": "Feature"
    },
    {
      "geometry": {
        "coordinates": [
          138.450252,
          35.520965
        ],
        "type": "Point"
      },
      "properties": {
        "bangumi_id": 262898,
        "bangumi_title": "电影 摇曳露营△",
        "ep_cut": "",
        "image_url": "https://w.junreimap.com/images/points/262898/4jv5swa_1756918677930.jpg",
        "location": "鰍沢",
        "point_id": "4jv5swa",
        "point_name": "鰍沢中部小学校跡地 前",
        "remark": "犬子作为老师工作的学校原型。在作品中，教室、走廊、操场和游具等场景都有出现。有停车场。"
      },
      "type": "Feature"
    },
    {
      "geometry": {
        "coordinates": [
          138.450283,
          35.520964
        ],
        "type": "Point"
      },
      "properties": {
        "bangumi_id": 262898,
        "bangumi_title": "电影 摇曳露营△",
        "ep_cut": "",
        "image_url": "https://w.junreimap.com/images/points/262898/4jv5wjs_1756918682097.jpg",
        "location": "鰍沢",
        "point_id": "4jv5wjs",
        "point_name": "鰍沢中部小学校跡地 前",
        "remark": "犬子作为老师工作的学校原型。在作品中，教室、走廊、操场和游具等场景都有出现。有停车场。"
      },
      "type": "Feature"
    },
    {
      "geometry": {
        "coordinates": [
          138.450165,
          35.520973
        ],
        "type": "Point"
      },
      "properties": {
        "bangumi_id": 262898,
        "bangumi_title": "电影 摇曳露营△",
        "ep_cut": "",
        "image_url": "https://w.junreimap.com/images/points/262898/4jv60dw_1756918686970.jpg",
        "location": "鰍沢",
        "point_id": "4jv60dw",
        "point_name": "鰍沢中部小学校跡地 前",
        "remark": "犬子作为老师工作的学校原型。在作品中，教室、走廊、操场和游具等场景都有出现。有停车场。"
      },
      "type": "Feature"
    },
    {
      "geometry": {
        "coordinates": [
          138.450143,
          35.521056
        ],
        "type": "Point"
      },
      "properties": {
        "bangumi_id": 262898,
        "bangumi_title": "电影 摇曳露营△",
        "ep_cut": "",
        "image_url": "https://w.junreimap.com/images/points/262898/4jv63u2_1756918691762.jpg",
        "location": "鰍沢",
        "point_id": "4jv63u2",
        "point_name": "鰍沢中部小学校跡地 前",
        "remark": "犬子作为老师工作的学校原型。在作品中，教室、走廊、操场和游具等场景都有出现。有停车场。"
      },
      "type": "Feature"
    },
    {
      "geometry": {
        "coordinates": [
          138.450712,
          35.520939
        ],
        "type": "Point"
      },
      "properties": {
        "bangumi_id": 262898,
        "bangumi_title": "电影 摇曳露营△",
        "ep_cut": "",
        "image_url": "https://w.junreimap.com/images/points/262898/4jv690i_1756918697752.jpg",
        "location": "鰍沢",
        "point_id": "4jv690i",
        "point_name": "鰍沢中部小学校跡地 前",
        "remark": "犬子作为老师工作的学校原型。在作品中，教室、走廊、操场和游具等场景都有出现。有停车场。"
      },
      "type": "Feature"
    },
    {
      "geometry": {
        "coordinates": [
          138.450315,
          35.520919
        ],
        "type": "Point"
      },
      "properties": {
        "bangumi_id": 262898,
        "bangumi_title": "电影 摇曳露营△",
        "ep_cut": "",
        "image_url": "https://w.junreimap.com/images/points/262898/4jv6cs6_1756918702781.jpg",
        "location": "鰍沢",
        "point_id": "4jv6cs6",
        "point_name": "鰍沢中部小学校跡地 前",
        "remark": "犬子作为老师工作的学校原型。在作品中，教室、走廊、操场和游具等场景都有出现。有停车场。"
      },
      "type": "Feature"
    },
    {
      "geometry": {
        "coordinates": [
          138.450497,
          35.521378
        ],
        "type": "Point"
      },
      "properties": {
        "bangumi_id": 262898,
        "bangumi_title": "电影 摇曳露营△",
        "ep_cut": "",
        "image_url": "https://w.junreimap.com/images/points/262898/4jv2045_1756918557657.jpg",
        "location": "鰍沢",
        "point_id": "4jv2045",
        "point_name": "鰍沢中部小学校跡地 前",
        "remark": "犬子作为老师工作的学校原型。在作品中，教室、走廊、操场和游具等场景都有出现。有停车场。"
      },
      "type": "Feature"
    },
    {
      "geometry": {
        "coordinates": [
          138.450404,
          35.521329
        ],
        "type": "Point"
      },
      "properties": {
        "bangumi_id": 262898,
        "bangumi_title": "电影 摇曳露营△",
        "ep_cut": "",
        "image_url": "https://w.junreimap.com/images/points/262898/4jv3b4o_1756918561138.jpg",
        "location": "鰍沢",
        "point_id": "4jv3b4o",
        "point_name": "鰍沢中部小学校跡地 前",
        "remark": "犬子作为老师工作的学校原型。在作品中，教室、走廊、操场和游具等场景都有出现。有停车场。"
      },
      "type": "Feature"
    },
    {
      "geometry": {
        "coordinates": [
          138.4504,
          35.521366
        ],
        "type": "Point"
      },
      "properties": {
        "bangumi_id": 262898,
        "bangumi_title": "电影 摇曳露营△",
        "ep_cut": "",
        "image_url": "https://w.junreimap.com/images/points/262898/4jv3fu4_1756918566598.jpg",
        "location": "鰍沢",
        "point_id": "4jv3fu4",
        "point_name": "鰍沢中部小学校跡地 前",
        "remark": "犬子作为老师工作的学校原型。在作品中，教室、走廊、操场和游具等场景都有出现。有停车场。"
      },
      "type": "Feature"
    },
    {
      "geometry": {
        "coordinates": [
          138.450468,
          35.521375
        ],
        "type": "Point"
      },
      "properties": {
        "bangumi_id": 262898,
        "bangumi_title": "电影 摇曳露营△",
        "ep_cut": "",
        "image_url": "https://w.junreimap.com/images/points/262898/4jv3hzc_1756918571232.jpg",
        "location": "鰍沢",
        "point_id": "4jv3hzc",
        "point_name": "鰍沢中部小学校跡地 前",
        "remark": "犬子作为老师工作的学校原型。在作品中，教室、走廊、操场和游具等场景都有出现。有停车场。"
      },
      "type": "Feature"
    },
    {
      "geometry": {
        "coordinates": [
          138.450418,
          35.521369
        ],
        "type": "Point"
      },
      "properties": {
        "bangumi_id": 262898,
        "bangumi_title": "电影 摇曳露营△",
        "ep_cut": "",
        "image_url": "https://w.junreimap.com/images/points/262898/4jv3ltk_1756918575444.jpg",
        "location": "鰍沢",
        "point_id": "4jv3ltk",
        "point_name": "鰍沢中部小学校跡地 前",
        "remark": "犬子作为老师工作的学校原型。在作品中，教室、走廊、操场和游具等场景都有出现。有停车场。"
      },
      "type": "Feature"
    },
    {
      "geometry": {
        "coordinates": [
          138.450375,
          35.521364
        ],
        "type": "Point"
      },
      "properties": {
        "bangumi_id": 262898,
        "bangumi_title": "电影 摇曳露营△",
        "ep_cut": "",
        "image_url": "https://w.junreimap.com/images/points/262898/4jv3oyt_1756918579095.jpg",
        "location": "鰍沢",
        "point_id": "4jv3oyt",
        "point_name": "鰍沢中部小学校跡地 前",
        "remark": "犬子作为老师工作的学校原型。在作品中，教室、走廊、操场和游具等场景都有出现。有停车场。"
      },
      "type": "Feature"
    },
    {
      "geometry": {
        "coordinates": [
          138.45017,
          35.521204
        ],
        "type": "Point"
      },
      "properties": {
        "bangumi_id": 262898,
        "bangumi_title": "电影 摇曳露营△",
        "ep_cut": "",
        "image_url": "https://w.junreimap.com/images/points/262898/4idbw9n_1756829114090.jpg",
        "location": "鰍沢",
        "point_id": "4idbw9n",
        "point_name": "鰍沢中部小学校跡地 内",
        "remark": "剧场版公式图（犬子part）的取景地，也是犬子作为老师工作的学校原型。在作品中，教室、走廊、操场和游具等场景都有出现。公式图中犬子坐在二楼教学空间的窗边。有停车场。"
      },
      "type": "Feature"
    },
    {
      "geometry": {
        "coordinates": [
          138.450203,
          35.521207
        ],
        "type": "Point"
      },
      "properties": {
        "bangumi_id": 262898,
        "bangumi_title": "电影 摇曳露营△",
        "ep_cut": "",
        "image_url": "https://w.junreimap.com/images/points/262898/4jv6i6b_1756918715083.jpg",
        "location": "鰍沢",
        "point_id": "4jv6i6b",
        "point_name": "鰍沢中部小学校跡地 内",
        "remark": "犬子作为老师工作的学校原型。在作品中，教室、走廊、操场和游具等场景都有出现。有停车场。"
      },
      "type": "Feature"
    },
    {
      "geometry": {
        "coordinates": [
          138.450287,
          35.521218
        ],
        "type": "Point"
      },
      "properties": {
        "bangumi_id": 262898,
        "bangumi_title": "电影 摇曳露营△",
        "ep_cut": "",
        "image_url": "https://w.junreimap.com/images/points/262898/4jv2s88_1756918536404.jpg",
        "location": "鰍沢",
        "point_id": "4jv2s88",
        "point_name": "鰍沢中部小学校跡地 内",
        "remark": "犬子作为老师工作的学校原型。在作品中，教室、走廊、操场和游具等场景都有出现。有停车场。"
      },
      "type": "Feature"
    },
    {
      "geometry": {
        "coordinates": [
          138.450241,
          35.521211
        ],
        "type": "Point"
      },
      "properties": {
        "bangumi_id": 262898,
        "bangumi_title": "电影 摇曳露营△",
        "ep_cut": "",
        "image_url": "https://w.junreimap.com/images/points/262898/4jv2vio_1756918551297.jpg",
        "location": "鰍沢",
        "point_id": "4jv2vio",
        "point_name": "鰍沢中部小学校跡地 内",
        "remark": "犬子作为老师工作的学校原型。在作品中，教室、走廊、操场和游具等场景都有出现。有停车场。"
      },
      "type": "Feature"
    },
    {
      "geometry": {
        "coordinates": [
          138.450233,
          35.521235
        ],
        "type": "Point"
      },
      "properties": {
        "bangumi_id": 262898,
        "bangumi_title": "电影 摇曳露营△",
        "ep_cut": "",
        "image_url": "https://w.junreimap.com/images/points/262898/4jv2yor_1756918544345.jpg",
        "location": "鰍沢",
        "point_id": "4jv2yor",
        "point_name": "鰍沢中部小学校跡地 内",
        "remark": "犬子作为老师工作的学校原型。在作品中，教室、走廊、操场和游具等场景都有出现。有停车场。"
      },
      "type": "Feature"
    },
    {
      "geometry": {
        "coordinates": [
          138.450407,
          35.521257
        ],
        "type": "Point"
      },
      "properties": {
        "bangumi_id": 262898,
        "bangumi_title": "电影 摇曳露营△",
        "ep_cut": "",
        "image_url": "https://w.junreimap.com/images/points/262898/4jv1btl_1756918473690.jpg",
        "location": "鰍沢",
        "point_id": "4jv1btl",
        "point_name": "鰍沢中部小学校跡地 内",
        "remark": "犬子作为老师工作的学校原型。在作品中，教室、走廊、操场和游具等场景都有出现。有停车场。"
      },
      "type": "Feature"
    },
    {
      "geometry": {
        "coordinates": [
          138.450441,
          35.521259
        ],
        "type": "Point"
      },
      "properties": {
        "bangumi_id": 262898,
        "bangumi_title": "电影 摇曳露营△",
        "ep_cut": "",
        "image_url": "https://w.junreimap.com/images/points/262898/4jv1ifv_1756918476924.jpg",
        "location": "鰍沢",
        "point_id": "4jv1ifv",
        "point_name": "鰍沢中部小学校跡地 内",
        "remark": "犬子作为老师工作的学校原型。在作品中，教室、走廊、操场和游具等场景都有出现。有停车场。"
      },
      "type": "Feature"
    },
    {
      "geometry": {
        "coordinates": [
          138.450415,
          35.521228
        ],
        "type": "Point"
      },
      "properties": {
        "bangumi_id": 262898,
        "bangumi_title": "电影 摇曳露营△",
        "ep_cut": "",
        "image_url": "https://w.junreimap.com/images/points/262898/4jv1khi_1756918479570.jpg",
        "location": "鰍沢",
        "point_id": "4jv1khi",
        "point_name": "鰍沢中部小学校跡地 内",
        "remark": "犬子作为老师工作的学校原型。在作品中，教室、走廊、操场和游具等场景都有出现。有停车场。"
      },
      "type": "Feature"
    },
    {
      "geometry": {
        "coordinates": [
          138.450449,
          35.521231
        ],
        "type": "Point"
      },
      "properties": {
        "bangumi_id": 262898,
        "bangumi_title": "电影 摇曳露营△",
        "ep_cut": "",
        "image_url": "https://w.junreimap.com/images/points/262898/4jv1oqx_1756918486118.jpg",
        "location": "鰍沢",
        "point_id": "4jv1oqx",
        "point_name": "鰍沢中部小学校跡地 内",
        "remark": "犬子作为老师工作的学校原型。在作品中，教室、走廊、操场和游具等场景都有出现。有停车场。"
      },
      "type": "Feature"
    },
    {
      "geometry": {
        "coordinates": [
          138.450163,
          35.521229
        ],
        "type": "Point"
      },
      "properties": {
        "bangumi_id": 262898,
        "bangumi_title": "电影 摇曳露营△",
        "ep_cut": "",
        "image_url": "https://w.junreimap.com/images/points/262898/4juzo94_1756918392534.jpg",
        "location": "鰍沢",
        "point_id": "4juzo94",
        "point_name": "鰍沢中部小学校跡地 内",
        "remark": "犬子作为老师工作的学校原型。在作品中，教室、走廊、操场和游具等场景都有出现。有停车场。"
      },
      "type": "Feature"
    },
    {
      "geometry": {
        "coordinates": [
          138.450171,
          35.521152
        ],
        "type": "Point"
      },
      "properties": {
        "bangumi_id": 262898,
        "bangumi_title": "电影 摇曳露营△",
        "ep_cut": "",
        "image_url": "https://w.junreimap.com/images/points/262898/4juzrr7_1756918399061.jpg",
        "location": "鰍沢",
        "point_id": "4juzrr7",
        "point_name": "鰍沢中部小学校跡地 内",
        "remark": "犬子作为老师工作的学校原型。在作品中，教室、走廊、操场和游具等场景都有出现。有停车场。"
      },
      "type": "Feature"
    },
    {
      "geometry": {
        "coordinates": [
          138.450196,
          35.521154
        ],
        "type": "Point"
      },
      "properties": {
        "bangumi_id": 262898,
        "bangumi_title": "电影 摇曳露营△",
        "ep_cut": "",
        "image_url": "https://w.junreimap.com/images/points/262898/4jv05c7_1756918412945.jpg",
        "location": "鰍沢",
        "point_id": "4jv05c7",
        "point_name": "鰍沢中部小学校跡地 内",
        "remark": "犬子作为老师工作的学校原型。在作品中，教室、走廊、操场和游具等场景都有出现。有停车场。"
      },
      "type": "Feature"
    },
    {
      "geometry": {
        "coordinates": [
          138.450209,
          35.521155
        ],
        "type": "Point"
      },
      "properties": {
        "bangumi_id": 262898,
        "bangumi_title": "电影 摇曳露营△",
        "ep_cut": "",
        "image_url": "https://w.junreimap.com/images/points/262898/4jv0o2b_1756918439562.jpg",
        "location": "鰍沢",
        "point_id": "4jv0o2b",
        "point_name": "鰍沢中部小学校跡地 内",
        "remark": "犬子作为老师工作的学校原型。在作品中，教室、走廊、操场和游具等场景都有出现。有停车场。"
      },
      "type": "Feature"
    },
    {
      "geometry": {
        "coordinates": [
          138.450225,
          35.521156
        ],
        "type": "Point"
      },
      "properties": {
        "bangumi_id": 262898,
        "bangumi_title": "电影 摇曳露营△",
        "ep_cut": "",
        "image_url": "https://w.junreimap.com/images/points/262898/4jv0g0t_1756918443474.jpg",
        "location": "鰍沢",
        "point_id": "4jv0g0t",
        "point_name": "鰍沢中部小学校跡地 内",
        "remark": "犬子作为老师工作的学校原型。在作品中，教室、走廊、操场和游具等场景都有出现。有停车场。"
      },
      "type": "Feature"
    },
    {
      "geometry": {
        "coordinates": [
          138.450238,
          35.520987
        ],
        "type": "Point"
      },
      "properties": {
        "bangumi_id": 262898,
        "bangumi_title": "电影 摇曳露营△",
        "ep_cut": "",
        "image_url": "https://w.junreimap.com/images/points/262898/4jv092l_1756918418012.jpg",
        "location": "鰍沢",
        "point_id": "4jv092l",
        "point_name": "鰍沢中部小学校跡地 操场",
        "remark": "犬子作为老师工作的学校原型。在作品中，教室、走廊、操场和游具等场景都有出现。有停车场。"
      },
      "type": "Feature"
    },
    {
      "geometry": {
        "coordinates": [
          138.469325,
          35.557469
        ],
        "type": "Point"
      },
      "properties": {
        "bangumi_id": 262898,
        "bangumi_title": "电影 摇曳露营△",
        "ep_cut": "",
        "image_url": "https://w.junreimap.com/images/points/262898/4idecvv_1756918262893.jpg",
        "location": "富士川町",
        "point_id": "4idecvv",
        "point_name": "オギノ 富士川店",
        "remark": "在试营前抚子和犬子来采购的超市，位于购物中心“FOREST MALL富士川”内。两人在这里买了特价的鲑鱼，用于制作三文鱼汤喝加了药草的石狩锅。"
      },
      "type": "Feature"
    },
    {
      "geometry": {
        "coordinates": [
          138.469028,
          35.55771
        ],
        "type": "Point"
      },
      "properties": {
        "bangumi_id": 262898,
        "bangumi_title": "电影 摇曳露营△",
        "ep_cut": "",
        "image_url": "https://w.junreimap.com/images/points/262898/4jux4p9_1756918272495.jpg",
        "location": "富士川町",
        "point_id": "4jux4p9",
        "point_name": "オギノ 富士川店",
        "remark": "在试营前抚子和犬子来采购的超市，位于购物中心“FOREST MALL富士川”内。两人在这里买了特价的鲑鱼，用于制作三文鱼汤喝加了药草的石狩锅。"
      },
      "type": "Feature"
    },
    {
      "geometry": {
        "coordinates": [
          138.469059,
          35.557796
        ],
        "type": "Point"
      },
      "properties": {
        "bangumi_id": 262898,
        "bangumi_title": "电影 摇曳露营△",
        "ep_cut": "",
        "image_url": "https://w.junreimap.com/images/points/262898/4jux6jo_1756918274703.jpg",
        "location": "富士川町",
        "point_id": "4jux6jo",
        "point_name": "オギノ 富士川店",
        "remark": "在试营前抚子和犬子来采购的超市，位于购物中心“FOREST MALL富士川”内。两人在这里买了特价的鲑鱼，用于制作三文鱼汤喝加了药草的石狩锅。"
      },
      "type": "Feature"
    },
    {
      "geometry": {
        "coordinates": [
          138.469116,
          35.557886
        ],
        "type": "Point"
      },
      "properties": {
        "bangumi_id": 262898,
        "bangumi_title": "电影 摇曳露营△",
        "ep_cut": "",
        "image_url": "https://w.junreimap.com/images/points/262898/4jux9jt_1756918278755.jpg",
        "location": "富士川町",
        "point_id": "4jux9jt",
        "point_name": "オギノ 富士川店",
        "remark": "在试营前抚子和犬子来采购的超市，位于购物中心“FOREST MALL富士川”内。两人在这里买了特价的鲑鱼，用于制作三文鱼汤喝加了药草的石狩锅。"
      },
      "type": "Feature"
    },
    {
      "geometry": {
        "coordinates": [
          138.469013,
          35.557914
        ],
        "type": "Point"
      },
      "properties": {
        "bangumi_id": 262898,
        "bangumi_title": "电影 摇曳露营△",
        "ep_cut": "",
        "image_url": "https://w.junreimap.com/images/points/262898/4juxble_1756918281759.jpg",
        "location": "富士川町",
        "point_id": "4juxble",
        "point_name": "オギノ 富士川店",
        "remark": "在试营前抚子和犬子来采购的超市，位于购物中心“FOREST MALL富士川”内。两人在这里买了特价的鲑鱼，用于制作三文鱼汤喝加了药草的石狩锅。"
      },
      "type": "Feature"
    },
    {
      "geometry": {
        "coordinates": [
          138.468964,
          35.557803
        ],
        "type": "Point"
      },
      "properties": {
        "bangumi_id": 262898,
        "bangumi_title": "电影 摇曳露营△",
        "ep_cut": "",
        "image_url": "https://w.junreimap.com/images/points/262898/4juxe5g_1756918284577.jpg",
        "location": "富士川町",
        "point_id": "4juxe5g",
        "point_name": "オギノ 富士川店",
        "remark": "在试营前抚子和犬子来采购的超市，位于购物中心“FOREST MALL富士川”内。两人在这里买了特价的鲑鱼，用于制作三文鱼汤喝加了药草的石狩锅。"
      },
      "type": "Feature"
    },
    {
      "geometry": {
        "coordinates": [
          138.51521,
          35.529751
        ],
        "type": "Point"
      },
      "properties": {
        "bangumi_id": 262898,
        "bangumi_title": "电影 摇曳露营△",
        "ep_cut": "",
        "image_url": "https://w.junreimap.com/images/points/262898/4jusx9r_1756918090449.jpg",
        "location": "四尾连湖",
        "point_id": "4jusx9r",
        "point_name": "四尾连湖 水明​荘​キャンプ場",
        "remark": "具体介绍参考第一季词条中的四尾连湖地标。"
      },
      "type": "Feature"
    },
    {
      "geometry": {
        "coordinates": [
          138.515244,
          35.529619
        ],
        "type": "Point"
      },
      "properties": {
        "bangumi_id": 262898,
        "bangumi_title": "电影 摇曳露营△",
        "ep_cut": "",
        "image_url": "https://w.junreimap.com/images/points/262898/4jutgkr_1756918101202.jpg",
        "location": "四尾连湖",
        "point_id": "4jutgkr",
        "point_name": "四尾连湖 水明​荘​キャンプ場",
        "remark": "具体介绍参考第一季词条中的四尾连湖地标。"
      },
      "type": "Feature"
    },
    {
      "geometry": {
        "coordinates": [
          138.516332,
          35.530608
        ],
        "type": "Point"
      },
      "properties": {
        "bangumi_id": 262898,
        "bangumi_title": "电影 摇曳露营△",
        "ep_cut": "",
        "image_url": "https://w.junreimap.com/images/points/262898/4jutjoi_1756918105190.jpg",
        "location": "四尾连湖",
        "point_id": "4jutjoi",
        "point_name": "四尾连湖 水明​荘​キャンプ場",
        "remark": "具体介绍参考第一季词条中的四尾连湖地标。"
      },
      "type": "Feature"
    },
    {
      "geometry": {
        "coordinates": [
          138.51617,
          35.530546
        ],
        "type": "Point"
      },
      "properties": {
        "bangumi_id": 262898,
        "bangumi_title": "电影 摇曳露营△",
        "ep_cut": "",
        "image_url": "https://w.junreimap.com/images/points/262898/4jutloj_1756918107717.jpg",
        "location": "四尾连湖",
        "point_id": "4jutloj",
        "point_name": "四尾连湖 水明​荘​キャンプ場",
        "remark": "具体介绍参考第一季词条中的四尾连湖地标。"
      },
      "type": "Feature"
    },
    {
      "geometry": {
        "coordinates": [
          138.482568,
          35.444815
        ],
        "type": "Point"
      },
      "properties": {
        "bangumi_id": 262898,
        "bangumi_title": "电影 摇曳露营△",
        "ep_cut": "",
        "image_url": "https://w.junreimap.com/images/points/262898/4jwesg0_1756920781275.jpg",
        "location": "常叶",
        "point_id": "4jwesg0",
        "point_name": "常葉バイパス",
        "remark": "芝麻凛家建筑物原型"
      },
      "type": "Feature"
    },
    {
      "geometry": {
        "coordinates": [
          138.482533,
          35.444774
        ],
        "type": "Point"
      },
      "properties": {
        "bangumi_id": 262898,
        "bangumi_title": "电影 摇曳露营△",
        "ep_cut": "",
        "image_url": "https://w.junreimap.com/images/points/262898/4jweyq6_1756920783791.jpg",
        "location": "常叶",
        "point_id": "4jweyq6",
        "point_name": "常葉バイパス",
        "remark": "芝麻凛家建筑物原型"
      },
      "type": "Feature"
    },
    {
      "geometry": {
        "coordinates": [
          138.482617,
          35.444851
        ],
        "type": "Point"
      },
      "properties": {
        "bangumi_id": 262898,
        "bangumi_title": "电影 摇曳露营△",
        "ep_cut": "",
        "image_url": "https://w.junreimap.com/images/points/262898/4jwf0zw_1756920787156.jpg",
        "location": "常叶",
        "point_id": "4jwf0zw",
        "point_name": "常葉バイパス",
        "remark": "芝麻凛家建筑物原型"
      },
      "type": "Feature"
    },
    {
      "geometry": {
        "coordinates": [
          138.415875,
          35.533903
        ],
        "type": "Point"
      },
      "properties": {
        "bangumi_id": 262898,
        "bangumi_title": "电影 摇曳露营△",
        "ep_cut": "",
        "image_url": "https://w.junreimap.com/images/user/1099/bangumi/262898/points/r3k5f2tq8-1734592229168.jpg",
        "location": "市川三乡町",
        "point_id": "r3k5f2tq8",
        "point_name": "高下ダイヤモンド富士スポット",
        "remark": ""
      },
      "type": "Feature"
    },
    {
      "geometry": {
        "coordinates": [
          138.415847,
          35.53383
        ],
        "type": "Point"
      },
      "properties": {
        "bangumi_id": 262898,
        "bangumi_title": "电影 摇曳露营△",
        "ep_cut": "",
        "image_url": "https://w.junreimap.com/images/points/262898/4jxf47w_1756922471524.jpg",
        "location": "市川三乡町",
        "point_id": "4jxf47w",
        "point_name": "高下ダイヤモンド富士スポット",
        "remark": ""
      },
      "type": "Feature"
    },
    {
      "geometry": {
        "coordinates": [
          138.41582,
          35.533751
        ],
        "type": "Point"
      },
      "properties": {
        "bangumi_id": 262898,
        "bangumi_title": "电影 摇曳露营△",
        "ep_cut": "",
        "image_url": "https://w.junreimap.com/images/points/262898/4jxf9sj_1756922479871.jpg",
        "location": "市川三乡町",
        "point_id": "4jxf9sj",
        "point_name": "高下ダイヤモンド富士スポット",
        "remark": ""
      },
      "type": "Feature"
    },
    {
      "geometry": {
        "coordinates": [
          138.753518,
          35.522
        ],
        "type": "Point"
      },
      "properties": {
        "bangumi_id": 262898,
        "bangumi_title": "电影 摇曳露营△",
        "ep_cut": "",
        "image_url": "https://w.junreimap.com/images/points/262898/4ie4b6p_1756920446643.jpg",
        "location": "河口湖",
        "point_id": "4ie4b6p",
        "point_name": "夢見る河口湖 コテージ戸沢センター",
        "remark": "电影开头学生时代的一行人于湖畔露营的营地。一边眺望富士山和烟花，一遍想用荷兰锅烤制的鸡肉和塔可饼。这里不仅提供篝火和烧烤，也提供日间套餐和住宿套餐。IN 1PM/OUT 11AM。最低4400日元/晚，有停车场。"
      },
      "type": "Feature"
    },
    {
      "geometry": {
        "coordinates": [
          138.753493,
          35.522314
        ],
        "type": "Point"
      },
      "properties": {
        "bangumi_id": 262898,
        "bangumi_title": "电影 摇曳露营△",
        "ep_cut": "",
        "image_url": "https://w.junreimap.com/images/points/262898/4jw7w1x_1756920454380.jpg",
        "location": "河口湖",
        "point_id": "4jw7w1x",
        "point_name": "夢見る河口湖 コテージ戸沢センター",
        "remark": "电影开头学生时代的一行人于湖畔露营的营地。一边眺望富士山和烟花，一遍想用荷兰锅烤制的鸡肉和塔可饼。这里不仅提供篝火和烧烤，也提供日间套餐和住宿套餐。IN 1PM/OUT 11AM。最低4400日元/晚，有停车场。"
      },
      "type": "Feature"
    },
    {
      "geometry": {
        "coordinates": [
          138.753484,
          35.522393
        ],
        "type": "Point"
      },
      "properties": {
        "bangumi_id": 262898,
        "bangumi_title": "电影 摇曳露营△",
        "ep_cut": "",
        "image_url": "https://w.junreimap.com/images/points/262898/4jw7y29_1756920456446.jpg",
        "location": "河口湖",
        "point_id": "4jw7y29",
        "point_name": "夢見る河口湖 コテージ戸沢センター",
        "remark": "电影开头学生时代的一行人于湖畔露营的营地。一边眺望富士山和烟花，一遍想用荷兰锅烤制的鸡肉和塔可饼。这里不仅提供篝火和烧烤，也提供日间套餐和住宿套餐。IN 1PM/OUT 11AM。最低4400日元/晚，有停车场。"
      },
      "type": "Feature"
    },
    {
      "geometry": {
        "coordinates": [
          138.753396,
          35.522386
        ],
        "type": "Point"
      },
      "properties": {
        "bangumi_id": 262898,
        "bangumi_title": "电影 摇曳露营△",
        "ep_cut": "",
        "image_url": "https://w.junreimap.com/images/points/262898/4jw808n_1756920460655.jpg",
        "location": "河口湖",
        "point_id": "4jw808n",
        "point_name": "夢見る河口湖 コテージ戸沢センター",
        "remark": "电影开头学生时代的一行人于湖畔露营的营地。一边眺望富士山和烟花，一遍想用荷兰锅烤制的鸡肉和塔可饼。这里不仅提供篝火和烧烤，也提供日间套餐和住宿套餐。IN 1PM/OUT 11AM。最低4400日元/晚，有停车场。"
      },
      "type": "Feature"
    },
    {
      "geometry": {
        "coordinates": [
          138.753295,
          35.522393
        ],
        "type": "Point"
      },
      "properties": {
        "bangumi_id": 262898,
        "bangumi_title": "电影 摇曳露营△",
        "ep_cut": "",
        "image_url": "https://w.junreimap.com/images/points/262898/4jw83bs_1756920463536.jpg",
        "location": "河口湖",
        "point_id": "4jw83bs",
        "point_name": "夢見る河口湖 コテージ戸沢センター",
        "remark": "电影开头学生时代的一行人于湖畔露营的营地。一边眺望富士山和烟花，一遍想用荷兰锅烤制的鸡肉和塔可饼。这里不仅提供篝火和烧烤，也提供日间套餐和住宿套餐。IN 1PM/OUT 11AM。最低4400日元/晚，有停车场。"
      },
      "type": "Feature"
    },
    {
      "geometry": {
        "coordinates": [
          138.753295,
          35.522314
        ],
        "type": "Point"
      },
      "properties": {
        "bangumi_id": 262898,
        "bangumi_title": "电影 摇曳露营△",
        "ep_cut": "",
        "image_url": "https://w.junreimap.com/images/points/262898/4jw85ft_1756920466565.jpg",
        "location": "河口湖",
        "point_id": "4jw85ft",
        "point_name": "夢見る河口湖 コテージ戸沢センター",
        "remark": "电影开头学生时代的一行人于湖畔露营的营地。一边眺望富士山和烟花，一遍想用荷兰锅烤制的鸡肉和塔可饼。这里不仅提供篝火和烧烤，也提供日间套餐和住宿套餐。IN 1PM/OUT 11AM。最低4400日元/晚，有停车场。"
      },
      "type": "Feature"
    },
    {
      "geometry": {
        "coordinates": [
          138.753186,
          35.522318
        ],
        "type": "Point"
      },
      "properties": {
        "bangumi_id": 262898,
        "bangumi_title": "电影 摇曳露营△",
        "ep_cut": "",
        "image_url": "https://w.junreimap.com/images/points/262898/4jw9ahm_1756920519108.jpg",
        "location": "河口湖",
        "point_id": "4jw9ahm",
        "point_name": "夢見る河口湖 コテージ戸沢センター",
        "remark": "电影开头学生时代的一行人于湖畔露营的营地。一边眺望富士山和烟花，一遍想用荷兰锅烤制的鸡肉和塔可饼。这里不仅提供篝火和烧烤，也提供日间套餐和住宿套餐。IN 1PM/OUT 11AM。最低4400日元/晚，有停车场。"
      },
      "type": "Feature"
    },
    {
      "geometry": {
        "coordinates": [
          138.752913,
          35.522417
        ],
        "type": "Point"
      },
      "properties": {
        "bangumi_id": 262898,
        "bangumi_title": "电影 摇曳露营△",
        "ep_cut": "",
        "image_url": "https://w.junreimap.com/images/points/262898/4jw9eay_1756920529541.jpg",
        "location": "河口湖",
        "point_id": "4jw9eay",
        "point_name": "夢見る河口湖 コテージ戸沢センター",
        "remark": "电影开头学生时代的一行人于湖畔露营的营地。一边眺望富士山和烟花，一遍想用荷兰锅烤制的鸡肉和塔可饼。这里不仅提供篝火和烧烤，也提供日间套餐和住宿套餐。IN 1PM/OUT 11AM。最低4400日元/晚，有停车场。"
      },
      "type": "Feature"
    },
    {
      "geometry": {
        "coordinates": [
          138.75309,
          35.522396
        ],
        "type": "Point"
      },
      "properties": {
        "bangumi_id": 262898,
        "bangumi_title": "电影 摇曳露营△",
        "ep_cut": "",
        "image_url": "https://w.junreimap.com/images/points/262898/4jw9mpt_1756920535404.jpg",
        "location": "河口湖",
        "point_id": "4jw9mpt",
        "point_name": "夢見る河口湖 コテージ戸沢センター",
        "remark": "电影开头学生时代的一行人于湖畔露营的营地。一边眺望富士山和烟花，一遍想用荷兰锅烤制的鸡肉和塔可饼。这里不仅提供篝火和烧烤，也提供日间套餐和住宿套餐。IN 1PM/OUT 11AM。最低4400日元/晚，有停车场。"
      },
      "type": "Feature"
    },
    {
      "geometry": {
        "coordinates": [
          138.753085,
          35.522325
        ],
        "type": "Point"
      },
      "properties": {
        "bangumi_id": 262898,
        "bangumi_title": "电影 摇曳露营△",
        "ep_cut": "",
        "image_url": "https://w.junreimap.com/images/points/262898/4jw9qp1_1756920541419.jpg",
        "location": "河口湖",
        "point_id": "4jw9qp1",
        "point_name": "夢見る河口湖 コテージ戸沢センター",
        "remark": "电影开头学生时代的一行人于湖畔露营的营地。一边眺望富士山和烟花，一遍想用荷兰锅烤制的鸡肉和塔可饼。这里不仅提供篝火和烧烤，也提供日间套餐和住宿套餐。IN 1PM/OUT 11AM。最低4400日元/晚，有停车场。"
      },
      "type": "Feature"
    },
    {
      "geometry": {
        "coordinates": [
          138.753358,
          35.522212
        ],
        "type": "Point"
      },
      "properties": {
        "bangumi_id": 262898,
        "bangumi_title": "电影 摇曳露营△",
        "ep_cut": "",
        "image_url": "https://w.junreimap.com/images/points/262898/4jw87qb_1756920469130.jpg",
        "location": "河口湖",
        "point_id": "4jw87qb",
        "point_name": "夢見る河口湖 コテージ戸沢センター",
        "remark": "电影开头学生时代的一行人于湖畔露营的营地。一边眺望富士山和烟花，一遍想用荷兰锅烤制的鸡肉和塔可饼。这里不仅提供篝火和烧烤，也提供日间套餐和住宿套餐。IN 1PM/OUT 11AM。最低4400日元/晚，有停车场。"
      },
      "type": "Feature"
    },
    {
      "geometry": {
        "coordinates": [
          138.753631,
          35.522014
        ],
        "type": "Point"
      },
      "properties": {
        "bangumi_id": 262898,
        "bangumi_title": "电影 摇曳露营△",
        "ep_cut": "",
        "image_url": "https://w.junreimap.com/images/points/262898/4jw8a6e_1756920472504.jpg",
        "location": "河口湖",
        "point_id": "4jw8a6e",
        "point_name": "夢見る河口湖 コテージ戸沢センター",
        "remark": "电影开头学生时代的一行人于湖畔露营的营地。一边眺望富士山和烟花，一遍想用荷兰锅烤制的鸡肉和塔可饼。这里不仅提供篝火和烧烤，也提供日间套餐和住宿套餐。IN 1PM/OUT 11AM。最低4400日元/晚，有停车场。"
      },
      "type": "Feature"
    },
    {
      "geometry": {
        "coordinates": [
          138.75319,
          35.52239
        ],
        "type": "Point"
      },
      "properties": {
        "bangumi_id": 262898,
        "bangumi_title": "电影 摇曳露营△",
        "ep_cut": "",
        "image_url": "https://w.junreimap.com/images/points/262898/4jw8c93_1756920475083.jpg",
        "location": "河口湖",
        "point_id": "4jw8c93",
        "point_name": "夢見る河口湖 コテージ戸沢センター",
        "remark": "电影开头学生时代的一行人于湖畔露营的营地。一边眺望富士山和烟花，一遍想用荷兰锅烤制的鸡肉和塔可饼。这里不仅提供篝火和烧烤，也提供日间套餐和住宿套餐。IN 1PM/OUT 11AM。最低4400日元/晚，有停车场。"
      },
      "type": "Feature"
    },
    {
      "geometry": {
        "coordinates": [
          138.753392,
          35.522311
        ],
        "type": "Point"
      },
      "properties": {
        "bangumi_id": 262898,
        "bangumi_title": "电影 摇曳露营△",
        "ep_cut": "",
        "image_url": "https://w.junreimap.com/images/points/262898/4jw8epa_1756920478495.jpg",
        "location": "河口湖",
        "point_id": "4jw8epa",
        "point_name": "夢見る河口湖 コテージ戸沢センター",
        "remark": "电影开头学生时代的一行人于湖畔露营的营地。一边眺望富士山和烟花，一遍想用荷兰锅烤制的鸡肉和塔可饼。这里不仅提供篝火和烧烤，也提供日间套餐和住宿套餐。IN 1PM/OUT 11AM。最低4400日元/晚，有停车场。"
      },
      "type": "Feature"
    },
    {
      "geometry": {
        "coordinates": [
          138.566307,
          35.476729
        ],
        "type": "Point"
      },
      "properties": {
        "bangumi_id": 262898,
        "bangumi_title": "电影 摇曳露营△",
        "ep_cut": "",
        "image_url": "https://w.junreimap.com/images/points/262898/4jwhms4_1756920908617.jpg",
        "location": "本栖湖",
        "point_id": "4jwhms4",
        "point_name": "中之倉トンネル 前",
        "remark": ""
      },
      "type": "Feature"
    },
    {
      "geometry": {
        "coordinates": [
          138.56824,
          35.476909
        ],
        "type": "Point"
      },
      "properties": {
        "bangumi_id": 262898,
        "bangumi_title": "电影 摇曳露营△",
        "ep_cut": "",
        "image_url": "https://w.junreimap.com/images/points/262898/4jwhqj8_1756920913476.jpg",
        "location": "本栖湖",
        "point_id": "4jwhqj8",
        "point_name": "中之倉トンネル 前",
        "remark": ""
      },
      "type": "Feature"
    },
    {
      "geometry": {
        "coordinates": [
          138.571945,
          35.475626
        ],
        "type": "Point"
      },
      "properties": {
        "bangumi_id": 262898,
        "bangumi_title": "电影 摇曳露营△",
        "ep_cut": "",
        "image_url": "https://w.junreimap.com/images/points/262898/4jwhtev_1756920918548.jpg",
        "location": "本栖湖",
        "point_id": "4jwhtev",
        "point_name": "中之倉トンネル",
        "remark": ""
      },
      "type": "Feature"
    },
    {
      "geometry": {
        "coordinates": [
          138.575692,
          35.474128
        ],
        "type": "Point"
      },
      "properties": {
        "bangumi_id": 262898,
        "bangumi_title": "电影 摇曳露营△",
        "ep_cut": "",
        "image_url": "https://w.junreimap.com/images/points/262898/4jwh30h_1756920900926.jpg",
        "location": "本栖湖",
        "point_id": "4jwh30h",
        "point_name": "みのぶ​観光​案内​所",
        "remark": ""
      },
      "type": "Feature"
    },
    {
      "geometry": {
        "coordinates": [
          138.575646,
          35.474067
        ],
        "type": "Point"
      },
      "properties": {
        "bangumi_id": 262898,
        "bangumi_title": "电影 摇曳露营△",
        "ep_cut": "",
        "image_url": "https://w.junreimap.com/images/points/262898/4jwiki8_1756920952420.jpg",
        "location": "本栖湖",
        "point_id": "4jwiki8",
        "point_name": "みのぶ​観光​案内​所",
        "remark": ""
      },
      "type": "Feature"
    },
    {
      "geometry": {
        "coordinates": [
          138.575675,
          35.474102
        ],
        "type": "Point"
      },
      "properties": {
        "bangumi_id": 262898,
        "bangumi_title": "电影 摇曳露营△",
        "ep_cut": "",
        "image_url": "https://w.junreimap.com/images/points/262898/4jwimnv_1756920955523.jpg",
        "location": "本栖湖",
        "point_id": "4jwimnv",
        "point_name": "みのぶ​観光​案内​所",
        "remark": ""
      },
      "type": "Feature"
    },
    {
      "geometry": {
        "coordinates": [
          138.575625,
          35.474036
        ],
        "type": "Point"
      },
      "properties": {
        "bangumi_id": 262898,
        "bangumi_title": "电影 摇曳露营△",
        "ep_cut": "",
        "image_url": "https://w.junreimap.com/images/points/262898/4jwioua_1756920958065.jpg",
        "location": "本栖湖",
        "point_id": "4jwioua",
        "point_name": "みのぶ​観光​案内​所",
        "remark": ""
      },
      "type": "Feature"
    },
    {
      "geometry": {
        "coordinates": [
          138.575342,
          35.474283
        ],
        "type": "Point"
      },
      "properties": {
        "bangumi_id": 262898,
        "bangumi_title": "电影 摇曳露营△",
        "ep_cut": "",
        "image_url": "https://w.junreimap.com/images/points/262898/4jwhwfx_1756920921117.jpg",
        "location": "本栖湖",
        "point_id": "4jwhwfx",
        "point_name": "みのぶ​観光​案内​所",
        "remark": ""
      },
      "type": "Feature"
    },
    {
      "geometry": {
        "coordinates": [
          138.573539,
          35.473568
        ],
        "type": "Point"
      },
      "properties": {
        "bangumi_id": 262898,
        "bangumi_title": "电影 摇曳露营△",
        "ep_cut": "",
        "image_url": "https://w.junreimap.com/images/points/262898/4jwgjnd_1756920961712.jpg",
        "location": "本栖湖",
        "point_id": "4jwgjnd",
        "point_name": "浩庵キャンプ場 管理栋",
        "remark": ""
      },
      "type": "Feature"
    },
    {
      "geometry": {
        "coordinates": [
          138.576031,
          35.473289
        ],
        "type": "Point"
      },
      "properties": {
        "bangumi_id": 262898,
        "bangumi_title": "电影 摇曳露营△",
        "ep_cut": "",
        "image_url": "https://w.junreimap.com/images/points/262898/4jwizs4_1756920972011.jpg",
        "location": "本栖湖",
        "point_id": "4jwizs4",
        "point_name": "浩庵キャンプ場 管理栋",
        "remark": ""
      },
      "type": "Feature"
    },
    {
      "geometry": {
        "coordinates": [
          138.575173,
          35.472511
        ],
        "type": "Point"
      },
      "properties": {
        "bangumi_id": 262898,
        "bangumi_title": "电影 摇曳露营△",
        "ep_cut": "",
        "image_url": "https://w.junreimap.com/images/points/262898/4jwj1t4_1756920974550.jpg",
        "location": "本栖湖",
        "point_id": "4jwj1t4",
        "point_name": "浩庵キャンプ場 管理栋",
        "remark": ""
      },
      "type": "Feature"
    },
    {
      "geometry": {
        "coordinates": [
          138.575037,
          35.472501
        ],
        "type": "Point"
      },
      "properties": {
        "bangumi_id": 262898,
        "bangumi_title": "电影 摇曳露营△",
        "ep_cut": "",
        "image_url": "https://w.junreimap.com/images/points/262898/4jwjck2_1756920990774.jpg",
        "location": "本栖湖",
        "point_id": "4jwjck2",
        "point_name": "浩庵キャンプ場 管理栋",
        "remark": ""
      },
      "type": "Feature"
    },
    {
      "geometry": {
        "coordinates": [
          138.575091,
          35.472561
        ],
        "type": "Point"
      },
      "properties": {
        "bangumi_id": 262898,
        "bangumi_title": "电影 摇曳露营△",
        "ep_cut": "",
        "image_url": "https://w.junreimap.com/images/points/262898/4jwjh1l_1756920994473.jpg",
        "location": "本栖湖",
        "point_id": "4jwjh1l",
        "point_name": "浩庵キャンプ場 管理栋",
        "remark": ""
      },
      "type": "Feature"
    },
    {
      "geometry": {
        "coordinates": [
          138.575415,
          35.472291
        ],
        "type": "Point"
      },
      "properties": {
        "bangumi_id": 262898,
        "bangumi_title": "电影 摇曳露营△",
        "ep_cut": "",
        "image_url": "https://w.junreimap.com/images/points/262898/4jwjjgf_1756920997346.jpg",
        "location": "本栖湖",
        "point_id": "4jwjjgf",
        "point_name": "浩庵キャンプ場 管理栋",
        "remark": ""
      },
      "type": "Feature"
    },
    {
      "geometry": {
        "coordinates": [
          138.575115,
          35.472428
        ],
        "type": "Point"
      },
      "properties": {
        "bangumi_id": 262898,
        "bangumi_title": "电影 摇曳露营△",
        "ep_cut": "",
        "image_url": "https://w.junreimap.com/images/points/262898/4jwj4d5_1756920977899.jpg",
        "location": "本栖湖",
        "point_id": "4jwj4d5",
        "point_name": "浩庵キャンプ場 管理栋",
        "remark": ""
      },
      "type": "Feature"
    },
    {
      "geometry": {
        "coordinates": [
          138.575029,
          35.472355
        ],
        "type": "Point"
      },
      "properties": {
        "bangumi_id": 262898,
        "bangumi_title": "电影 摇曳露营△",
        "ep_cut": "",
        "image_url": "https://w.junreimap.com/images/points/262898/4jwja8s_1756920985462.jpg",
        "location": "本栖湖",
        "point_id": "4jwja8s",
        "point_name": "浩庵キャンプ場 管理栋",
        "remark": ""
      },
      "type": "Feature"
    },
    {
      "geometry": {
        "coordinates": [
          138.4024,
          35.472435
        ],
        "type": "Point"
      },
      "properties": {
        "bangumi_id": 262898,
        "bangumi_title": "电影 摇曳露营△",
        "ep_cut": "",
        "image_url": "https://w.junreimap.com/images/points/262898/4idvakl_1756921779086.jpg",
        "location": "身延町​みのぶ​自然​の​里",
        "point_id": "4idvakl",
        "point_name": "みのぶ自然の里キャンプ場山サイト",
        "remark": "抚子等人建造的露营地原型（管理栋除外），位于南阿尔卑斯山中，本馆设有大浴场，也可以选择住宿。营地分为本馆前的“柚子营地”和3公里外的“山之营地”，它包含作品中出现过的铁骨圆顶下的“铁骨营地”。营业时间4~11月，IN 1-5PM/ OUT 11AM。基本住宿费1100日元/晚/人，帐篷每顶4400日元（铁骨营地6600日元）。"
      },
      "type": "Feature"
    },
    {
      "geometry": {
        "coordinates": [
          138.40243,
          35.472455
        ],
        "type": "Point"
      },
      "properties": {
        "bangumi_id": 262898,
        "bangumi_title": "电影 摇曳露营△",
        "ep_cut": "",
        "image_url": "https://w.junreimap.com/images/points/262898/4jx9ii0_1756922209217.jpg",
        "location": "身延町​みのぶ​自然​の​里",
        "point_id": "4jx9ii0",
        "point_name": "みのぶ自然の里キャンプ場山サイト",
        "remark": "抚子等人建造的露营地原型（管理栋除外），位于南阿尔卑斯山中，本馆设有大浴场，也可以选择住宿。营地分为本馆前的“柚子营地”和3公里外的“山之营地”，它包含作品中出现过的铁骨圆顶下的“铁骨营地”。营业时间4~11月，IN 1-5PM/ OUT 11AM。基本住宿费1100日元/晚/人，帐篷每顶4400日元（铁骨营地6600日元）。"
      },
      "type": "Feature"
    },
    {
      "geometry": {
        "coordinates": [
          138.402459,
          35.472468
        ],
        "type": "Point"
      },
      "properties": {
        "bangumi_id": 262898,
        "bangumi_title": "电影 摇曳露营△",
        "ep_cut": "",
        "image_url": "https://w.junreimap.com/images/points/262898/4jx9le4_1756922213036.jpg",
        "location": "身延町​みのぶ​自然​の​里",
        "point_id": "4jx9le4",
        "point_name": "みのぶ自然の里キャンプ場山サイト",
        "remark": "抚子等人建造的露营地原型（管理栋除外），位于南阿尔卑斯山中，本馆设有大浴场，也可以选择住宿。营地分为本馆前的“柚子营地”和3公里外的“山之营地”，它包含作品中出现过的铁骨圆顶下的“铁骨营地”。营业时间4~11月，IN 1-5PM/ OUT 11AM。基本住宿费1100日元/晚/人，帐篷每顶4400日元（铁骨营地6600日元）。"
      },
      "type": "Feature"
    },
    {
      "geometry": {
        "coordinates": [
          138.402595,
          35.472503
        ],
        "type": "Point"
      },
      "properties": {
        "bangumi_id": 262898,
        "bangumi_title": "电影 摇曳露营△",
        "ep_cut": "",
        "image_url": "https://w.junreimap.com/images/points/262898/4jx0fb1_1756921785182.jpg",
        "location": "身延町​みのぶ​自然​の​里",
        "point_id": "4jx0fb1",
        "point_name": "みのぶ自然の里キャンプ場山サイト",
        "remark": "抚子等人建造的露营地原型（管理栋除外），位于南阿尔卑斯山中，本馆设有大浴场，也可以选择住宿。营地分为本馆前的“柚子营地”和3公里外的“山之营地”，它包含作品中出现过的铁骨圆顶下的“铁骨营地”。营业时间4~11月，IN 1-5PM/ OUT 11AM。基本住宿费1100日元/晚/人，帐篷每顶4400日元（铁骨营地6600日元）。"
      },
      "type": "Feature"
    },
    {
      "geometry": {
        "coordinates": [
          138.402686,
          35.472497
        ],
        "type": "Point"
      },
      "properties": {
        "bangumi_id": 262898,
        "bangumi_title": "电影 摇曳露营△",
        "ep_cut": "",
        "image_url": "https://w.junreimap.com/images/points/262898/4jx0jzk_1756921791890.jpg",
        "location": "身延町​みのぶ​自然​の​里",
        "point_id": "4jx0jzk",
        "point_name": "みのぶ自然の里キャンプ場山サイト",
        "remark": "抚子等人建造的露营地原型（管理栋除外），位于南阿尔卑斯山中，本馆设有大浴场，也可以选择住宿。营地分为本馆前的“柚子营地”和3公里外的“山之营地”，它包含作品中出现过的铁骨圆顶下的“铁骨营地”。营业时间4~11月，IN 1-5PM/ OUT 11AM。基本住宿费1100日元/晚/人，帐篷每顶4400日元（铁骨营地6600日元）。"
      },
      "type": "Feature"
    },
    {
      "geometry": {
        "coordinates": [
          138.402716,
          35.472463
        ],
        "type": "Point"
      },
      "properties": {
        "bangumi_id": 262898,
        "bangumi_title": "电影 摇曳露营△",
        "ep_cut": "",
        "image_url": "https://w.junreimap.com/images/points/262898/4jx0tug_1756921806252.jpg",
        "location": "身延町​みのぶ​自然​の​里",
        "point_id": "4jx0tug",
        "point_name": "みのぶ自然の里キャンプ場山サイト",
        "remark": "抚子等人建造的露营地原型（管理栋除外），位于南阿尔卑斯山中，本馆设有大浴场，也可以选择住宿。营地分为本馆前的“柚子营地”和3公里外的“山之营地”，它包含作品中出现过的铁骨圆顶下的“铁骨营地”。营业时间4~11月，IN 1-5PM/ OUT 11AM。基本住宿费1100日元/晚/人，帐篷每顶4400日元（铁骨营地6600日元）。"
      },
      "type": "Feature"
    },
    {
      "geometry": {
        "coordinates": [
          138.402602,
          35.472364
        ],
        "type": "Point"
      },
      "properties": {
        "bangumi_id": 262898,
        "bangumi_title": "电影 摇曳露营△",
        "ep_cut": "",
        "image_url": "https://w.junreimap.com/images/points/262898/4jx1h1j_1756921836777.jpg",
        "location": "身延町​みのぶ​自然​の​里",
        "point_id": "4jx1h1j",
        "point_name": "みのぶ自然の里キャンプ場山サイト",
        "remark": "抚子等人建造的露营地原型（管理栋除外），位于南阿尔卑斯山中，本馆设有大浴场，也可以选择住宿。营地分为本馆前的“柚子营地”和3公里外的“山之营地”，它包含作品中出现过的铁骨圆顶下的“铁骨营地”。营业时间4~11月，IN 1-5PM/ OUT 11AM。基本住宿费1100日元/晚/人，帐篷每顶4400日元（铁骨营地6600日元）。"
      },
      "type": "Feature"
    },
    {
      "geometry": {
        "coordinates": [
          138.402634,
          35.472356
        ],
        "type": "Point"
      },
      "properties": {
        "bangumi_id": 262898,
        "bangumi_title": "电影 摇曳露营△",
        "ep_cut": "",
        "image_url": "https://w.junreimap.com/images/points/262898/4jx20n4_1756921860634.jpg",
        "location": "身延町​みのぶ​自然​の​里",
        "point_id": "4jx20n4",
        "point_name": "みのぶ自然の里キャンプ場山サイト",
        "remark": "抚子等人建造的露营地原型（管理栋除外），位于南阿尔卑斯山中，本馆设有大浴场，也可以选择住宿。营地分为本馆前的“柚子营地”和3公里外的“山之营地”，它包含作品中出现过的铁骨圆顶下的“铁骨营地”。营业时间4~11月，IN 1-5PM/ OUT 11AM。基本住宿费1100日元/晚/人，帐篷每顶4400日元（铁骨营地6600日元）。"
      },
      "type": "Feature"
    },
    {
      "geometry": {
        "coordinates": [
          138.402666,
          35.472346
        ],
        "type": "Point"
      },
      "properties": {
        "bangumi_id": 262898,
        "bangumi_title": "电影 摇曳露营△",
        "ep_cut": "",
        "image_url": "https://w.junreimap.com/images/points/262898/4jx239k_1756921863021.jpg",
        "location": "身延町​みのぶ​自然​の​里",
        "point_id": "4jx239k",
        "point_name": "みのぶ自然の里キャンプ場山サイト",
        "remark": "抚子等人建造的露营地原型（管理栋除外），位于南阿尔卑斯山中，本馆设有大浴场，也可以选择住宿。营地分为本馆前的“柚子营地”和3公里外的“山之营地”，它包含作品中出现过的铁骨圆顶下的“铁骨营地”。营业时间4~11月，IN 1-5PM/ OUT 11AM。基本住宿费1100日元/晚/人，帐篷每顶4400日元（铁骨营地6600日元）。"
      },
      "type": "Feature"
    },
    {
      "geometry": {
        "coordinates": [
          138.402674,
          35.472371
        ],
        "type": "Point"
      },
      "properties": {
        "bangumi_id": 262898,
        "bangumi_title": "电影 摇曳露营△",
        "ep_cut": "",
        "image_url": "https://w.junreimap.com/images/points/262898/4jx7ob1_1756922123291.jpg",
        "location": "身延町​みのぶ​自然​の​里",
        "point_id": "4jx7ob1",
        "point_name": "みのぶ自然の里キャンプ場山サイト",
        "remark": "抚子等人建造的露营地原型（管理栋除外），位于南阿尔卑斯山中，本馆设有大浴场，也可以选择住宿。营地分为本馆前的“柚子营地”和3公里外的“山之营地”，它包含作品中出现过的铁骨圆顶下的“铁骨营地”。营业时间4~11月，IN 1-5PM/ OUT 11AM。基本住宿费1100日元/晚/人，帐篷每顶4400日元（铁骨营地6600日元）。"
      },
      "type": "Feature"
    },
    {
      "geometry": {
        "coordinates": [
          138.402707,
          35.472363
        ],
        "type": "Point"
      },
      "properties": {
        "bangumi_id": 262898,
        "bangumi_title": "电影 摇曳露营△",
        "ep_cut": "",
        "image_url": "https://w.junreimap.com/images/points/262898/4jx8i8u_1756922164787.jpg",
        "location": "身延町​みのぶ​自然​の​里",
        "point_id": "4jx8i8u",
        "point_name": "みのぶ自然の里キャンプ場山サイト",
        "remark": "抚子等人建造的露营地原型（管理栋除外），位于南阿尔卑斯山中，本馆设有大浴场，也可以选择住宿。营地分为本馆前的“柚子营地”和3公里外的“山之营地”，它包含作品中出现过的铁骨圆顶下的“铁骨营地”。营业时间4~11月，IN 1-5PM/ OUT 11AM。基本住宿费1100日元/晚/人，帐篷每顶4400日元（铁骨营地6600日元）。"
      },
      "type": "Feature"
    },
    {
      "geometry": {
        "coordinates": [
          138.402747,
          35.472325
        ],
        "type": "Point"
      },
      "properties": {
        "bangumi_id": 262898,
        "bangumi_title": "电影 摇曳露营△",
        "ep_cut": "",
        "image_url": "https://w.junreimap.com/images/points/262898/4jx4lfb_1756921980110.jpg",
        "location": "身延町​みのぶ​自然​の​里",
        "point_id": "4jx4lfb",
        "point_name": "みのぶ自然の里キャンプ場山サイト",
        "remark": "抚子等人建造的露营地原型（管理栋除外），位于南阿尔卑斯山中，本馆设有大浴场，也可以选择住宿。营地分为本馆前的“柚子营地”和3公里外的“山之营地”，它包含作品中出现过的铁骨圆顶下的“铁骨营地”。营业时间4~11月，IN 1-5PM/ OUT 11AM。基本住宿费1100日元/晚/人，帐篷每顶4400日元（铁骨营地6600日元）。"
      },
      "type": "Feature"
    },
    {
      "geometry": {
        "coordinates": [
          138.40264,
          35.472379
        ],
        "type": "Point"
      },
      "properties": {
        "bangumi_id": 262898,
        "bangumi_title": "电影 摇曳露营△",
        "ep_cut": "",
        "image_url": "https://w.junreimap.com/images/points/262898/4jx73ry_1756922097345.jpg",
        "location": "身延町​みのぶ​自然​の​里",
        "point_id": "4jx73ry",
        "point_name": "みのぶ自然の里キャンプ場山サイト",
        "remark": "抚子等人建造的露营地原型（管理栋除外），位于南阿尔卑斯山中，本馆设有大浴场，也可以选择住宿。营地分为本馆前的“柚子营地”和3公里外的“山之营地”，它包含作品中出现过的铁骨圆顶下的“铁骨营地”。营业时间4~11月，IN 1-5PM/ OUT 11AM。基本住宿费1100日元/晚/人，帐篷每顶4400日元（铁骨营地6600日元）。"
      },
      "type": "Feature"
    },
    {
      "geometry": {
        "coordinates": [
          138.402687,
          35.47234
        ],
        "type": "Point"
      },
      "properties": {
        "bangumi_id": 262898,
        "bangumi_title": "电影 摇曳露营△",
        "ep_cut": "",
        "image_url": "https://w.junreimap.com/images/points/262898/4jx3grw_1756921926897.jpg",
        "location": "身延町​みのぶ​自然​の​里",
        "point_id": "4jx3grw",
        "point_name": "みのぶ自然の里キャンプ場山サイト",
        "remark": "抚子等人建造的露营地原型（管理栋除外），位于南阿尔卑斯山中，本馆设有大浴场，也可以选择住宿。营地分为本馆前的“柚子营地”和3公里外的“山之营地”，它包含作品中出现过的铁骨圆顶下的“铁骨营地”。营业时间4~11月，IN 1-5PM/ OUT 11AM。基本住宿费1100日元/晚/人，帐篷每顶4400日元（铁骨营地6600日元）。"
      },
      "type": "Feature"
    },
    {
      "geometry": {
        "coordinates": [
          138.402719,
          35.472334
        ],
        "type": "Point"
      },
      "properties": {
        "bangumi_id": 262898,
        "bangumi_title": "电影 摇曳露营△",
        "ep_cut": "",
        "image_url": "https://w.junreimap.com/images/points/262898/4jx2705_1756921868086.jpg",
        "location": "身延町​みのぶ​自然​の​里",
        "point_id": "4jx2705",
        "point_name": "みのぶ自然の里キャンプ場山サイト",
        "remark": "抚子等人建造的露营地原型（管理栋除外），位于南阿尔卑斯山中，本馆设有大浴场，也可以选择住宿。营地分为本馆前的“柚子营地”和3公里外的“山之营地”，它包含作品中出现过的铁骨圆顶下的“铁骨营地”。营业时间4~11月，IN 1-5PM/ OUT 11AM。基本住宿费1100日元/晚/人，帐篷每顶4400日元（铁骨营地6600日元）。"
      },
      "type": "Feature"
    },
    {
      "geometry": {
        "coordinates": [
          138.402683,
          35.471979
        ],
        "type": "Point"
      },
      "properties": {
        "bangumi_id": 262898,
        "bangumi_title": "电影 摇曳露营△",
        "ep_cut": "",
        "image_url": "https://w.junreimap.com/images/points/262898/4jx2b69_1756921875261.jpg",
        "location": "身延町​みのぶ​自然​の​里",
        "point_id": "4jx2b69",
        "point_name": "みのぶ自然の里キャンプ場山サイト",
        "remark": "抚子等人建造的露营地原型（管理栋除外），位于南阿尔卑斯山中，本馆设有大浴场，也可以选择住宿。营地分为本馆前的“柚子营地”和3公里外的“山之营地”，它包含作品中出现过的铁骨圆顶下的“铁骨营地”。营业时间4~11月，IN 1-5PM/ OUT 11AM。基本住宿费1100日元/晚/人，帐篷每顶4400日元（铁骨营地6600日元）。"
      },
      "type": "Feature"
    },
    {
      "geometry": {
        "coordinates": [
          138.402641,
          35.47199
        ],
        "type": "Point"
      },
      "properties": {
        "bangumi_id": 262898,
        "bangumi_title": "电影 摇曳露营△",
        "ep_cut": "",
        "image_url": "https://w.junreimap.com/images/points/262898/4jx2ez8_1756921878191.jpg",
        "location": "身延町​みのぶ​自然​の​里",
        "point_id": "4jx2ez8",
        "point_name": "みのぶ自然の里キャンプ場山サイト",
        "remark": "抚子等人建造的露营地原型（管理栋除外），位于南阿尔卑斯山中，本馆设有大浴场，也可以选择住宿。营地分为本馆前的“柚子营地”和3公里外的“山之营地”，它包含作品中出现过的铁骨圆顶下的“铁骨营地”。营业时间4~11月，IN 1-5PM/ OUT 11AM。基本住宿费1100日元/晚/人，帐篷每顶4400日元（铁骨营地6600日元）。"
      },
      "type": "Feature"
    },
    {
      "geometry": {
        "coordinates": [
          138.402633,
          35.471912
        ],
        "type": "Point"
      },
      "properties": {
        "bangumi_id": 262898,
        "bangumi_title": "电影 摇曳露营△",
        "ep_cut": "",
        "image_url": "https://w.junreimap.com/images/points/262898/4jx83yp_1756922144594.jpg",
        "location": "身延町​みのぶ​自然​の​里",
        "point_id": "4jx83yp",
        "point_name": "みのぶ自然の里キャンプ場山サイト",
        "remark": "抚子等人建造的露营地原型（管理栋除外），位于南阿尔卑斯山中，本馆设有大浴场，也可以选择住宿。营地分为本馆前的“柚子营地”和3公里外的“山之营地”，它包含作品中出现过的铁骨圆顶下的“铁骨营地”。营业时间4~11月，IN 1-5PM/ OUT 11AM。基本住宿费1100日元/晚/人，帐篷每顶4400日元（铁骨营地6600日元）。"
      },
      "type": "Feature"
    },
    {
      "geometry": {
        "coordinates": [
          138.402654,
          35.471947
        ],
        "type": "Point"
      },
      "properties": {
        "bangumi_id": 262898,
        "bangumi_title": "电影 摇曳露营△",
        "ep_cut": "",
        "image_url": "https://w.junreimap.com/images/user/1099/bangumi/262898/points/r3jqw1r0v-1734591288324.jpg",
        "location": "身延町​みのぶ​自然​の​里",
        "point_id": "r3jqw1r0v",
        "point_name": "みのぶ自然の里キャンプ場山サイト",
        "remark": ""
      },
      "type": "Feature"
    },
    {
      "geometry": {
        "coordinates": [
          138.402622,
          35.471957
        ],
        "type": "Point"
      },
      "properties": {
        "bangumi_id": 262898,
        "bangumi_title": "电影 摇曳露营△",
        "ep_cut": "",
        "image_url": "https://w.junreimap.com/images/points/262898/4jx3oec_1756921936842.jpg",
        "location": "身延町​みのぶ​自然​の​里",
        "point_id": "4jx3oec",
        "point_name": "みのぶ自然の里キャンプ場山サイト",
        "remark": "抚子等人建造的露营地原型（管理栋除外），位于南阿尔卑斯山中，本馆设有大浴场，也可以选择住宿。营地分为本馆前的“柚子营地”和3公里外的“山之营地”，它包含作品中出现过的铁骨圆顶下的“铁骨营地”。营业时间4~11月，IN 1-5PM/ OUT 11AM。基本住宿费1100日元/晚/人，帐篷每顶4400日元（铁骨营地6600日元）。"
      },
      "type": "Feature"
    },
    {
      "geometry": {
        "coordinates": [
          138.402672,
          35.471901
        ],
        "type": "Point"
      },
      "properties": {
        "bangumi_id": 262898,
        "bangumi_title": "电影 摇曳露营△",
        "ep_cut": "",
        "image_url": "https://w.junreimap.com/images/points/262898/4jx8ojp_1756922170691.jpg",
        "location": "身延町​みのぶ​自然​の​里",
        "point_id": "4jx8ojp",
        "point_name": "みのぶ自然の里キャンプ場山サイト",
        "remark": "抚子等人建造的露营地原型（管理栋除外），位于南阿尔卑斯山中，本馆设有大浴场，也可以选择住宿。营地分为本馆前的“柚子营地”和3公里外的“山之营地”，它包含作品中出现过的铁骨圆顶下的“铁骨营地”。营业时间4~11月，IN 1-5PM/ OUT 11AM。基本住宿费1100日元/晚/人，帐篷每顶4400日元（铁骨营地6600日元）。"
      },
      "type": "Feature"
    },
    {
      "geometry": {
        "coordinates": [
          138.402722,
          35.471959
        ],
        "type": "Point"
      },
      "properties": {
        "bangumi_id": 262898,
        "bangumi_title": "电影 摇曳露营△",
        "ep_cut": "",
        "image_url": "https://w.junreimap.com/images/points/262898/4jx7hch_1756922114412.jpg",
        "location": "身延町​みのぶ​自然​の​里",
        "point_id": "4jx7hch",
        "point_name": "みのぶ自然の里キャンプ場山サイト",
        "remark": "抚子等人建造的露营地原型（管理栋除外），位于南阿尔卑斯山中，本馆设有大浴场，也可以选择住宿。营地分为本馆前的“柚子营地”和3公里外的“山之营地”，它包含作品中出现过的铁骨圆顶下的“铁骨营地”。营业时间4~11月，IN 1-5PM/ OUT 11AM。基本住宿费1100日元/晚/人，帐篷每顶4400日元（铁骨营地6600日元）。"
      },
      "type": "Feature"
    },
    {
      "geometry": {
        "coordinates": [
          138.402636,
          35.472052
        ],
        "type": "Point"
      },
      "properties": {
        "bangumi_id": 262898,
        "bangumi_title": "电影 摇曳露营△",
        "ep_cut": "",
        "image_url": "https://w.junreimap.com/images/user/1099/bangumi/262898/points/r3jrflhhk-1734591320202.jpg",
        "location": "身延町​みのぶ​自然​の​里",
        "point_id": "r3jrflhhk",
        "point_name": "みのぶ自然の里キャンプ場山サイト",
        "remark": ""
      },
      "type": "Feature"
    },
    {
      "geometry": {
        "coordinates": [
          138.402684,
          35.471939
        ],
        "type": "Point"
      },
      "properties": {
        "bangumi_id": 262898,
        "bangumi_title": "电影 摇曳露营△",
        "ep_cut": "",
        "image_url": "https://w.junreimap.com/images/points/262898/4jx48ie_1756921962921.jpg",
        "location": "身延町​みのぶ​自然​の​里",
        "point_id": "4jx48ie",
        "point_name": "みのぶ自然の里キャンプ場山サイト",
        "remark": "抚子等人建造的露营地原型（管理栋除外），位于南阿尔卑斯山中，本馆设有大浴场，也可以选择住宿。营地分为本馆前的“柚子营地”和3公里外的“山之营地”，它包含作品中出现过的铁骨圆顶下的“铁骨营地”。营业时间4~11月，IN 1-5PM/ OUT 11AM。基本住宿费1100日元/晚/人，帐篷每顶4400日元（铁骨营地6600日元）。"
      },
      "type": "Feature"
    },
    {
      "geometry": {
        "coordinates": [
          138.402677,
          35.472063
        ],
        "type": "Point"
      },
      "properties": {
        "bangumi_id": 262898,
        "bangumi_title": "电影 摇曳露营△",
        "ep_cut": "",
        "image_url": "https://w.junreimap.com/images/points/262898/4jx4a99_1756921965358.jpg",
        "location": "身延町​みのぶ​自然​の​里",
        "point_id": "4jx4a99",
        "point_name": "みのぶ自然の里キャンプ場山サイト",
        "remark": "抚子等人建造的露营地原型（管理栋除外），位于南阿尔卑斯山中，本馆设有大浴场，也可以选择住宿。营地分为本馆前的“柚子营地”和3公里外的“山之营地”，它包含作品中出现过的铁骨圆顶下的“铁骨营地”。营业时间4~11月，IN 1-5PM/ OUT 11AM。基本住宿费1100日元/晚/人，帐篷每顶4400日元（铁骨营地6600日元）。"
      },
      "type": "Feature"
    },
    {
      "geometry": {
        "coordinates": [
          138.402919,
          35.471877
        ],
        "type": "Point"
      },
      "properties": {
        "bangumi_id": 262898,
        "bangumi_title": "电影 摇曳露营△",
        "ep_cut": "",
        "image_url": "https://w.junreimap.com/images/points/262898/4jx6hap_1756922072332.jpg",
        "location": "身延町​みのぶ​自然​の​里",
        "point_id": "4jx6hap",
        "point_name": "みのぶ自然の里キャンプ場山サイト",
        "remark": "抚子等人建造的露营地原型（管理栋除外），位于南阿尔卑斯山中，本馆设有大浴场，也可以选择住宿。营地分为本馆前的“柚子营地”和3公里外的“山之营地”，它包含作品中出现过的铁骨圆顶下的“铁骨营地”。营业时间4~11月，IN 1-5PM/ OUT 11AM。基本住宿费1100日元/晚/人，帐篷每顶4400日元（铁骨营地6600日元）。"
      },
      "type": "Feature"
    },
    {
      "geometry": {
        "coordinates": [
          138.402327,
          35.471968
        ],
        "type": "Point"
      },
      "properties": {
        "bangumi_id": 262898,
        "bangumi_title": "电影 摇曳露营△",
        "ep_cut": "",
        "image_url": "https://w.junreimap.com/images/points/262898/4jx8ri1_1756922174806.jpg",
        "location": "身延町​みのぶ​自然​の​里",
        "point_id": "4jx8ri1",
        "point_name": "みのぶ自然の里キャンプ場山サイト",
        "remark": "抚子等人建造的露营地原型（管理栋除外），位于南阿尔卑斯山中，本馆设有大浴场，也可以选择住宿。营地分为本馆前的“柚子营地”和3公里外的“山之营地”，它包含作品中出现过的铁骨圆顶下的“铁骨营地”。营业时间4~11月，IN 1-5PM/ OUT 11AM。基本住宿费1100日元/晚/人，帐篷每顶4400日元（铁骨营地6600日元）。"
      },
      "type": "Feature"
    },
    {
      "geometry": {
        "coordinates": [
          138.40315,
          35.472016
        ],
        "type": "Point"
      },
      "properties": {
        "bangumi_id": 262898,
        "bangumi_title": "电影 摇曳露营△",
        "ep_cut": "",
        "image_url": "https://w.junreimap.com/images/points/262898/4jx9308_1756922189292.jpg",
        "location": "身延町​みのぶ​自然​の​里",
        "point_id": "4jx9308",
        "point_name": "みのぶ自然の里キャンプ場山サイト",
        "remark": "抚子等人建造的露营地原型（管理栋除外），位于南阿尔卑斯山中，本馆设有大浴场，也可以选择住宿。营地分为本馆前的“柚子营地”和3公里外的“山之营地”，它包含作品中出现过的铁骨圆顶下的“铁骨营地”。营业时间4~11月，IN 1-5PM/ OUT 11AM。基本住宿费1100日元/晚/人，帐篷每顶4400日元（铁骨营地6600日元）。"
      },
      "type": "Feature"
    },
    {
      "geometry": {
        "coordinates": [
          138.402894,
          35.471839
        ],
        "type": "Point"
      },
      "properties": {
        "bangumi_id": 262898,
        "bangumi_title": "电影 摇曳露营△",
        "ep_cut": "",
        "image_url": "https://w.junreimap.com/images/points/262898/4jx89i9_1756922151046.jpg",
        "location": "身延町​みのぶ​自然​の​里",
        "point_id": "4jx89i9",
        "point_name": "みのぶ自然の里キャンプ場山サイト",
        "remark": "抚子等人建造的露营地原型（管理栋除外），位于南阿尔卑斯山中，本馆设有大浴场，也可以选择住宿。营地分为本馆前的“柚子营地”和3公里外的“山之营地”，它包含作品中出现过的铁骨圆顶下的“铁骨营地”。营业时间4~11月，IN 1-5PM/ OUT 11AM。基本住宿费1100日元/晚/人，帐篷每顶4400日元（铁骨营地6600日元）。"
      },
      "type": "Feature"
    },
    {
      "geometry": {
        "coordinates": [
          138.402935,
          35.471908
        ],
        "type": "Point"
      },
      "properties": {
        "bangumi_id": 262898,
        "bangumi_title": "电影 摇曳露营△",
        "ep_cut": "",
        "image_url": "https://w.junreimap.com/images/points/262898/4jx6n75_1756922075452.jpg",
        "location": "身延町​みのぶ​自然​の​里",
        "point_id": "4jx6n75",
        "point_name": "みのぶ自然の里キャンプ場山サイト",
        "remark": "抚子等人建造的露营地原型（管理栋除外），位于南阿尔卑斯山中，本馆设有大浴场，也可以选择住宿。营地分为本馆前的“柚子营地”和3公里外的“山之营地”，它包含作品中出现过的铁骨圆顶下的“铁骨营地”。营业时间4~11月，IN 1-5PM/ OUT 11AM。基本住宿费1100日元/晚/人，帐篷每顶4400日元（铁骨营地6600日元）。"
      },
      "type": "Feature"
    },
    {
      "geometry": {
        "coordinates": [
          138.402994,
          35.471891
        ],
        "type": "Point"
      },
      "properties": {
        "bangumi_id": 262898,
        "bangumi_title": "电影 摇曳露营△",
        "ep_cut": "",
        "image_url": "https://w.junreimap.com/images/points/262898/4jx7ce7_1756922108807.jpg",
        "location": "身延町​みのぶ​自然​の​里",
        "point_id": "4jx7ce7",
        "point_name": "みのぶ自然の里キャンプ場山サイト",
        "remark": "抚子等人建造的露营地原型（管理栋除外），位于南阿尔卑斯山中，本馆设有大浴场，也可以选择住宿。营地分为本馆前的“柚子营地”和3公里外的“山之营地”，它包含作品中出现过的铁骨圆顶下的“铁骨营地”。营业时间4~11月，IN 1-5PM/ OUT 11AM。基本住宿费1100日元/晚/人，帐篷每顶4400日元（铁骨营地6600日元）。"
      },
      "type": "Feature"
    },
    {
      "geometry": {
        "coordinates": [
          138.402799,
          35.471914
        ],
        "type": "Point"
      },
      "properties": {
        "bangumi_id": 262898,
        "bangumi_title": "电影 摇曳露营△",
        "ep_cut": "",
        "image_url": "https://w.junreimap.com/images/points/262898/4jx6ter_1756922084300.jpg",
        "location": "身延町​みのぶ​自然​の​里",
        "point_id": "4jx6ter",
        "point_name": "みのぶ自然の里キャンプ場山サイト",
        "remark": "抚子等人建造的露营地原型（管理栋除外），位于南阿尔卑斯山中，本馆设有大浴场，也可以选择住宿。营地分为本馆前的“柚子营地”和3公里外的“山之营地”，它包含作品中出现过的铁骨圆顶下的“铁骨营地”。营业时间4~11月，IN 1-5PM/ OUT 11AM。基本住宿费1100日元/晚/人，帐篷每顶4400日元（铁骨营地6600日元）。"
      },
      "type": "Feature"
    },
    {
      "geometry": {
        "coordinates": [
          138.402859,
          35.471897
        ],
        "type": "Point"
      },
      "properties": {
        "bangumi_id": 262898,
        "bangumi_title": "电影 摇曳露营△",
        "ep_cut": "",
        "image_url": "https://w.junreimap.com/images/points/262898/4jx6zdu_1756922090901.jpg",
        "location": "身延町​みのぶ​自然​の​里",
        "point_id": "4jx6zdu",
        "point_name": "みのぶ自然の里キャンプ場山サイト",
        "remark": "抚子等人建造的露营地原型（管理栋除外），位于南阿尔卑斯山中，本馆设有大浴场，也可以选择住宿。营地分为本馆前的“柚子营地”和3公里外的“山之营地”，它包含作品中出现过的铁骨圆顶下的“铁骨营地”。营业时间4~11月，IN 1-5PM/ OUT 11AM。基本住宿费1100日元/晚/人，帐篷每顶4400日元（铁骨营地6600日元）。"
      },
      "type": "Feature"
    },
    {
      "geometry": {
        "coordinates": [
          138.402403,
          35.472314
        ],
        "type": "Point"
      },
      "properties": {
        "bangumi_id": 262898,
        "bangumi_title": "电影 摇曳露营△",
        "ep_cut": "",
        "image_url": "https://w.junreimap.com/images/user/1099/bangumi/262898/points/r3k1zu0gu-1734591967101.jpg",
        "location": "身延町​みのぶ​自然​の​里",
        "point_id": "r3k1zu0gu",
        "point_name": "みのぶ自然の里キャンプ場山サイト",
        "remark": ""
      },
      "type": "Feature"
    },
    {
      "geometry": {
        "coordinates": [
          138.402261,
          35.472
        ],
        "type": "Point"
      },
      "properties": {
        "bangumi_id": 262898,
        "bangumi_title": "电影 摇曳露营△",
        "ep_cut": "",
        "image_url": "https://w.junreimap.com/images/points/262898/4jx2j4d_1756921886555.jpg",
        "location": "身延町​みのぶ​自然​の​里",
        "point_id": "4jx2j4d",
        "point_name": "みのぶ自然の里キャンプ場山サイト",
        "remark": ""
      },
      "type": "Feature"
    },
    {
      "geometry": {
        "coordinates": [
          138.402217,
          35.472018
        ],
        "type": "Point"
      },
      "properties": {
        "bangumi_id": 262898,
        "bangumi_title": "电影 摇曳露营△",
        "ep_cut": "",
        "image_url": "https://w.junreimap.com/images/points/262898/4jx2q1o_1756921894465.jpg",
        "location": "身延町​みのぶ​自然​の​里",
        "point_id": "4jx2q1o",
        "point_name": "みのぶ自然の里キャンプ場山サイト",
        "remark": "抚子等人建造的露营地原型（管理栋除外），位于南阿尔卑斯山中，本馆设有大浴场，也可以选择住宿。营地分为本馆前的“柚子营地”和3公里外的“山之营地”，它包含作品中出现过的铁骨圆顶下的“铁骨营地”。营业时间4~11月，IN 1-5PM/ OUT 11AM。基本住宿费1100日元/晚/人，帐篷每顶4400日元（铁骨营地6600日元）。"
      },
      "type": "Feature"
    },
    {
      "geometry": {
        "coordinates": [
          138.402283,
          35.471982
        ],
        "type": "Point"
      },
      "properties": {
        "bangumi_id": 262898,
        "bangumi_title": "电影 摇曳露营△",
        "ep_cut": "",
        "image_url": "https://w.junreimap.com/images/points/262898/4jx4iw8_1756921976394.jpg",
        "location": "身延町​みのぶ​自然​の​里",
        "point_id": "4jx4iw8",
        "point_name": "みのぶ自然の里キャンプ場山サイト",
        "remark": "抚子等人建造的露营地原型（管理栋除外），位于南阿尔卑斯山中，本馆设有大浴场，也可以选择住宿。营地分为本馆前的“柚子营地”和3公里外的“山之营地”，它包含作品中出现过的铁骨圆顶下的“铁骨营地”。营业时间4~11月，IN 1-5PM/ OUT 11AM。基本住宿费1100日元/晚/人，帐篷每顶4400日元（铁骨营地6600日元）。"
      },
      "type": "Feature"
    },
    {
      "geometry": {
        "coordinates": [
          138.402179,
          35.472035
        ],
        "type": "Point"
      },
      "properties": {
        "bangumi_id": 262898,
        "bangumi_title": "电影 摇曳露营△",
        "ep_cut": "",
        "image_url": "https://w.junreimap.com/images/points/262898/4jx2th9_1756921896837.jpg",
        "location": "身延町​みのぶ​自然​の​里",
        "point_id": "4jx2th9",
        "point_name": "みのぶ自然の里キャンプ場山サイト",
        "remark": "抚子等人建造的露营地原型（管理栋除外），位于南阿尔卑斯山中，本馆设有大浴场，也可以选择住宿。营地分为本馆前的“柚子营地”和3公里外的“山之营地”，它包含作品中出现过的铁骨圆顶下的“铁骨营地”。营业时间4~11月，IN 1-5PM/ OUT 11AM。基本住宿费1100日元/晚/人，帐篷每顶4400日元（铁骨营地6600日元）。"
      },
      "type": "Feature"
    },
    {
      "geometry": {
        "coordinates": [
          138.402437,
          35.472085
        ],
        "type": "Point"
      },
      "properties": {
        "bangumi_id": 262898,
        "bangumi_title": "电影 摇曳露营△",
        "ep_cut": "",
        "image_url": "https://w.junreimap.com/images/points/262898/4jx2wws_1756921902922.jpg",
        "location": "身延町​みのぶ​自然​の​里",
        "point_id": "4jx2wws",
        "point_name": "みのぶ自然の里キャンプ場山サイト",
        "remark": "抚子等人建造的露营地原型（管理栋除外），位于南阿尔卑斯山中，本馆设有大浴场，也可以选择住宿。营地分为本馆前的“柚子营地”和3公里外的“山之营地”，它包含作品中出现过的铁骨圆顶下的“铁骨营地”。营业时间4~11月，IN 1-5PM/ OUT 11AM。基本住宿费1100日元/晚/人，帐篷每顶4400日元（铁骨营地6600日元）。"
      },
      "type": "Feature"
    },
    {
      "geometry": {
        "coordinates": [
          138.402319,
          35.472144
        ],
        "type": "Point"
      },
      "properties": {
        "bangumi_id": 262898,
        "bangumi_title": "电影 摇曳露营△",
        "ep_cut": "",
        "image_url": "https://w.junreimap.com/images/points/262898/4jx7vh1_1756922133047.jpg",
        "location": "身延町​みのぶ​自然​の​里",
        "point_id": "4jx7vh1",
        "point_name": "みのぶ自然の里キャンプ場山サイト",
        "remark": "抚子等人建造的露营地原型（管理栋除外），位于南阿尔卑斯山中，本馆设有大浴场，也可以选择住宿。营地分为本馆前的“柚子营地”和3公里外的“山之营地”，它包含作品中出现过的铁骨圆顶下的“铁骨营地”。营业时间4~11月，IN 1-5PM/ OUT 11AM。基本住宿费1100日元/晚/人，帐篷每顶4400日元（铁骨营地6600日元）。"
      },
      "type": "Feature"
    },
    {
      "geometry": {
        "coordinates": [
          138.402374,
          35.472421
        ],
        "type": "Point"
      },
      "properties": {
        "bangumi_id": 262898,
        "bangumi_title": "电影 摇曳露营△",
        "ep_cut": "",
        "image_url": "https://w.junreimap.com/images/points/262898/4jx33oy_1756921911847.jpg",
        "location": "身延町​みのぶ​自然​の​里",
        "point_id": "4jx33oy",
        "point_name": "みのぶ自然の里キャンプ場山サイト",
        "remark": "抚子等人建造的露营地原型（管理栋除外），位于南阿尔卑斯山中，本馆设有大浴场，也可以选择住宿。营地分为本馆前的“柚子营地”和3公里外的“山之营地”，它包含作品中出现过的铁骨圆顶下的“铁骨营地”。营业时间4~11月，IN 1-5PM/ OUT 11AM。基本住宿费1100日元/晚/人，帐篷每顶4400日元（铁骨营地6600日元）。"
      },
      "type": "Feature"
    },
    {
      "geometry": {
        "coordinates": [
          138.402397,
          35.472415
        ],
        "type": "Point"
      },
      "properties": {
        "bangumi_id": 262898,
        "bangumi_title": "电影 摇曳露营△",
        "ep_cut": "",
        "image_url": "https://w.junreimap.com/images/points/262898/4jx3asz_1756921919537.jpg",
        "location": "身延町​みのぶ​自然​の​里",
        "point_id": "4jx3asz",
        "point_name": "みのぶ自然の里キャンプ場山サイト",
        "remark": "抚子等人建造的露营地原型（管理栋除外），位于南阿尔卑斯山中，本馆设有大浴场，也可以选择住宿。营地分为本馆前的“柚子营地”和3公里外的“山之营地”，它包含作品中出现过的铁骨圆顶下的“铁骨营地”。营业时间4~11月，IN 1-5PM/ OUT 11AM。基本住宿费1100日元/晚/人，帐篷每顶4400日元（铁骨营地6600日元）。"
      },
      "type": "Feature"
    },
    {
      "geometry": {
        "coordinates": [
          138.402431,
          35.472425
        ],
        "type": "Point"
      },
      "properties": {
        "bangumi_id": 262898,
        "bangumi_title": "电影 摇曳露营△",
        "ep_cut": "",
        "image_url": "https://w.junreimap.com/images/points/262898/4jx7kk7_1756922119188.jpg",
        "location": "身延町​みのぶ​自然​の​里",
        "point_id": "4jx7kk7",
        "point_name": "みのぶ自然の里キャンプ場山サイト",
        "remark": "抚子等人建造的露营地原型（管理栋除外），位于南阿尔卑斯山中，本馆设有大浴场，也可以选择住宿。营地分为本馆前的“柚子营地”和3公里外的“山之营地”，它包含作品中出现过的铁骨圆顶下的“铁骨营地”。营业时间4~11月，IN 1-5PM/ OUT 11AM。基本住宿费1100日元/晚/人，帐篷每顶4400日元（铁骨营地6600日元）。"
      },
      "type": "Feature"
    },
    {
      "geometry": {
        "coordinates": [
          138.402383,
          35.472428
        ],
        "type": "Point"
      },
      "properties": {
        "bangumi_id": 262898,
        "bangumi_title": "电影 摇曳露营△",
        "ep_cut": "",
        "image_url": "https://w.junreimap.com/images/points/262898/4jx3dom_1756921923714.jpg",
        "location": "身延町​みのぶ​自然​の​里",
        "point_id": "4jx3dom",
        "point_name": "みのぶ自然の里キャンプ場山サイト",
        "remark": "抚子等人建造的露营地原型（管理栋除外），位于南阿尔卑斯山中，本馆设有大浴场，也可以选择住宿。营地分为本馆前的“柚子营地”和3公里外的“山之营地”，它包含作品中出现过的铁骨圆顶下的“铁骨营地”。营业时间4~11月，IN 1-5PM/ OUT 11AM。基本住宿费1100日元/晚/人，帐篷每顶4400日元（铁骨营地6600日元）。"
      },
      "type": "Feature"
    },
    {
      "geometry": {
        "coordinates": [
          138.402357,
          35.47241
        ],
        "type": "Point"
      },
      "properties": {
        "bangumi_id": 262898,
        "bangumi_title": "电影 摇曳露营△",
        "ep_cut": "",
        "image_url": "https://w.junreimap.com/images/points/262898/4jx3t9s_1756921944014.jpg",
        "location": "身延町​みのぶ​自然​の​里",
        "point_id": "4jx3t9s",
        "point_name": "みのぶ自然の里キャンプ場山サイト",
        "remark": "抚子等人建造的露营地原型（管理栋除外），位于南阿尔卑斯山中，本馆设有大浴场，也可以选择住宿。营地分为本馆前的“柚子营地”和3公里外的“山之营地”，它包含作品中出现过的铁骨圆顶下的“铁骨营地”。营业时间4~11月，IN 1-5PM/ OUT 11AM。基本住宿费1100日元/晚/人，帐篷每顶4400日元（铁骨营地6600日元）。"
      },
      "type": "Feature"
    },
    {
      "geometry": {
        "coordinates": [
          138.402419,
          35.472445
        ],
        "type": "Point"
      },
      "properties": {
        "bangumi_id": 262898,
        "bangumi_title": "电影 摇曳露营△",
        "ep_cut": "",
        "image_url": "https://w.junreimap.com/images/points/262898/4jx3w38_1756921947037.jpg",
        "location": "身延町​みのぶ​自然​の​里",
        "point_id": "4jx3w38",
        "point_name": "みのぶ自然の里キャンプ場山サイト",
        "remark": "抚子等人建造的露营地原型（管理栋除外），位于南阿尔卑斯山中，本馆设有大浴场，也可以选择住宿。营地分为本馆前的“柚子营地”和3公里外的“山之营地”，它包含作品中出现过的铁骨圆顶下的“铁骨营地”。营业时间4~11月，IN 1-5PM/ OUT 11AM。基本住宿费1100日元/晚/人，帐篷每顶4400日元（铁骨营地6600日元）。"
      },
      "type": "Feature"
    },
    {
      "geometry": {
        "coordinates": [
          138.402446,
          35.472458
        ],
        "type": "Point"
      },
      "properties": {
        "bangumi_id": 262898,
        "bangumi_title": "电影 摇曳露营△",
        "ep_cut": "",
        "image_url": "https://w.junreimap.com/images/points/262898/4jx4ooj_1756921983711.jpg",
        "location": "身延町​みのぶ​自然​の​里",
        "point_id": "4jx4ooj",
        "point_name": "みのぶ自然の里キャンプ場山サイト",
        "remark": "抚子等人建造的露营地原型（管理栋除外），位于南阿尔卑斯山中，本馆设有大浴场，也可以选择住宿。营地分为本馆前的“柚子营地”和3公里外的“山之营地”，它包含作品中出现过的铁骨圆顶下的“铁骨营地”。营业时间4~11月，IN 1-5PM/ OUT 11AM。基本住宿费1100日元/晚/人，帐篷每顶4400日元（铁骨营地6600日元）。"
      },
      "type": "Feature"
    },
    {
      "geometry": {
        "coordinates": [
          138.402477,
          35.472445
        ],
        "type": "Point"
      },
      "properties": {
        "bangumi_id": 262898,
        "bangumi_title": "电影 摇曳露营△",
        "ep_cut": "",
        "image_url": "https://w.junreimap.com/images/points/262898/4jx52zf_1756922002415.jpg",
        "location": "身延町​みのぶ​自然​の​里",
        "point_id": "4jx52zf",
        "point_name": "みのぶ自然の里キャンプ場山サイト",
        "remark": "抚子等人建造的露营地原型（管理栋除外），位于南阿尔卑斯山中，本馆设有大浴场，也可以选择住宿。营地分为本馆前的“柚子营地”和3公里外的“山之营地”，它包含作品中出现过的铁骨圆顶下的“铁骨营地”。营业时间4~11月，IN 1-5PM/ OUT 11AM。基本住宿费1100日元/晚/人，帐篷每顶4400日元（铁骨营地6600日元）。"
      },
      "type": "Feature"
    },
    {
      "geometry": {
        "coordinates": [
          138.417207,
          35.397078
        ],
        "type": "Point"
      },
      "properties": {
        "bangumi_id": 262898,
        "bangumi_title": "电影 摇曳露营△",
        "ep_cut": "",
        "image_url": "https://w.junreimap.com/images/points/262898/4juiz8s_1756917663675.jpg",
        "location": "身延山久远寺",
        "point_id": "4juiz8s",
        "point_name": "身延山久遠寺 奥​之​院​思​親​閣​本堂",
        "remark": ""
      },
      "type": "Feature"
    },
    {
      "geometry": {
        "coordinates": [
          138.417061,
          35.3972
        ],
        "type": "Point"
      },
      "properties": {
        "bangumi_id": 262898,
        "bangumi_title": "电影 摇曳露营△",
        "ep_cut": "",
        "image_url": "https://w.junreimap.com/images/points/262898/4juk6pl_1756917669076.jpg",
        "location": "身延山久远寺",
        "point_id": "4juk6pl",
        "point_name": "身延山久遠寺 奥​之​院​思​親​閣​本堂",
        "remark": ""
      },
      "type": "Feature"
    },
    {
      "geometry": {
        "coordinates": [
          138.417073,
          35.397166
        ],
        "type": "Point"
      },
      "properties": {
        "bangumi_id": 262898,
        "bangumi_title": "电影 摇曳露营△",
        "ep_cut": "",
        "image_url": "https://w.junreimap.com/images/points/262898/4juk99b_1756917671911.jpg",
        "location": "身延山久远寺",
        "point_id": "4juk99b",
        "point_name": "身延山久遠寺 奥​之​院​思​親​閣​本堂",
        "remark": ""
      },
      "type": "Feature"
    },
    {
      "geometry": {
        "coordinates": [
          138.417264,
          35.396832
        ],
        "type": "Point"
      },
      "properties": {
        "bangumi_id": 262898,
        "bangumi_title": "电影 摇曳露营△",
        "ep_cut": "",
        "image_url": "https://w.junreimap.com/images/points/262898/4jukfmo_1756917681159.jpg",
        "location": "身延山久远寺",
        "point_id": "4jukfmo",
        "point_name": "身延山久遠寺 奥​之​院​思​親​閣​本堂",
        "remark": ""
      },
      "type": "Feature"
    },
    {
      "geometry": {
        "coordinates": [
          138.417314,
          35.396723
        ],
        "type": "Point"
      },
      "properties": {
        "bangumi_id": 262898,
        "bangumi_title": "电影 摇曳露营△",
        "ep_cut": "",
        "image_url": "https://w.junreimap.com/images/points/262898/4jukqv6_1756917694617.jpg",
        "location": "身延山久远寺",
        "point_id": "4jukqv6",
        "point_name": "身延山久遠寺 奥​之​院​思​親​閣​本堂",
        "remark": ""
      },
      "type": "Feature"
    },
    {
      "geometry": {
        "coordinates": [
          138.417335,
          35.396682
        ],
        "type": "Point"
      },
      "properties": {
        "bangumi_id": 262898,
        "bangumi_title": "电影 摇曳露营△",
        "ep_cut": "",
        "image_url": "https://w.junreimap.com/images/points/262898/4jukstf_1756917697318.jpg",
        "location": "身延山久远寺",
        "point_id": "4jukstf",
        "point_name": "身延山久遠寺 奥​之​院​思​親​閣​本堂",
        "remark": ""
      },
      "type": "Feature"
    },
    {
      "geometry": {
        "coordinates": [
          138.417284,
          35.396797
        ],
        "type": "Point"
      },
      "properties": {
        "bangumi_id": 262898,
        "bangumi_title": "电影 摇曳露营△",
        "ep_cut": "",
        "image_url": "https://w.junreimap.com/images/points/262898/4jukilw_1756917683860.jpg",
        "location": "身延山久远寺",
        "point_id": "4jukilw",
        "point_name": "身延山久遠寺 奥​之​院​思​親​閣​本堂",
        "remark": ""
      },
      "type": "Feature"
    },
    {
      "geometry": {
        "coordinates": [
          138.4173,
          35.396758
        ],
        "type": "Point"
      },
      "properties": {
        "bangumi_id": 262898,
        "bangumi_title": "电影 摇曳露营△",
        "ep_cut": "",
        "image_url": "https://w.junreimap.com/images/points/262898/4jukkoy_1756917686881.jpg",
        "location": "身延山久远寺",
        "point_id": "4jukkoy",
        "point_name": "身延山久遠寺 奥​之​院​思​親​閣​本堂",
        "remark": ""
      },
      "type": "Feature"
    },
    {
      "geometry": {
        "coordinates": [
          138.417154,
          35.396482
        ],
        "type": "Point"
      },
      "properties": {
        "bangumi_id": 262898,
        "bangumi_title": "电影 摇曳露营△",
        "ep_cut": "",
        "image_url": "https://w.junreimap.com/images/points/262898/4jul8r5_1756917721150.jpg",
        "location": "身延山久远寺",
        "point_id": "4jul8r5",
        "point_name": "身延山久遠寺 山顶",
        "remark": ""
      },
      "type": "Feature"
    },
    {
      "geometry": {
        "coordinates": [
          138.416796,
          35.395763
        ],
        "type": "Point"
      },
      "properties": {
        "bangumi_id": 262898,
        "bangumi_title": "电影 摇曳露营△",
        "ep_cut": "",
        "image_url": "https://w.junreimap.com/images/points/262898/4juoeba_1756917865685.jpg",
        "location": "身延山久远寺",
        "point_id": "4juoeba",
        "point_name": "身延山久遠寺 山顶",
        "remark": ""
      },
      "type": "Feature"
    },
    {
      "geometry": {
        "coordinates": [
          138.417442,
          35.395481
        ],
        "type": "Point"
      },
      "properties": {
        "bangumi_id": 262898,
        "bangumi_title": "电影 摇曳露营△",
        "ep_cut": "",
        "image_url": "https://w.junreimap.com/images/points/262898/4julhpr_1756917729154.jpg",
        "location": "身延山久远寺",
        "point_id": "4julhpr",
        "point_name": "身延山久遠寺 缆车",
        "remark": ""
      },
      "type": "Feature"
    },
    {
      "geometry": {
        "coordinates": [
          138.417478,
          35.395416
        ],
        "type": "Point"
      },
      "properties": {
        "bangumi_id": 262898,
        "bangumi_title": "电影 摇曳露营△",
        "ep_cut": "",
        "image_url": "https://w.junreimap.com/images/points/262898/4julk6y_1756917732577.jpg",
        "location": "身延山久远寺",
        "point_id": "4julk6y",
        "point_name": "身延山久遠寺 缆车",
        "remark": ""
      },
      "type": "Feature"
    },
    {
      "geometry": {
        "coordinates": [
          138.417511,
          35.395366
        ],
        "type": "Point"
      },
      "properties": {
        "bangumi_id": 262898,
        "bangumi_title": "电影 摇曳露营△",
        "ep_cut": "",
        "image_url": "https://w.junreimap.com/images/points/262898/4julm4s_1756917735307.jpg",
        "location": "身延山久远寺",
        "point_id": "4julm4s",
        "point_name": "身延山久遠寺 缆车",
        "remark": ""
      },
      "type": "Feature"
    },
    {
      "geometry": {
        "coordinates": [
          138.424766,
          35.383523
        ],
        "type": "Point"
      },
      "properties": {
        "bangumi_id": 262898,
        "bangumi_title": "电影 摇曳露营△",
        "ep_cut": "",
        "image_url": "https://w.junreimap.com/images/points/262898/4jumafr_1756917808950.jpg",
        "location": "身延山久远寺",
        "point_id": "4jumafr",
        "point_name": "身延山久遠寺 缆车入口",
        "remark": ""
      },
      "type": "Feature"
    },
    {
      "geometry": {
        "coordinates": [
          138.424814,
          35.383539
        ],
        "type": "Point"
      },
      "properties": {
        "bangumi_id": 262898,
        "bangumi_title": "电影 摇曳露营△",
        "ep_cut": "",
        "image_url": "https://w.junreimap.com/images/points/262898/4junbqa_1756917814599.jpg",
        "location": "身延山久远寺",
        "point_id": "4junbqa",
        "point_name": "身延山久遠寺 缆车入口",
        "remark": ""
      },
      "type": "Feature"
    },
    {
      "geometry": {
        "coordinates": [
          138.42487,
          35.383552
        ],
        "type": "Point"
      },
      "properties": {
        "bangumi_id": 262898,
        "bangumi_title": "电影 摇曳露营△",
        "ep_cut": "",
        "image_url": "https://w.junreimap.com/images/points/262898/4jund80_1756917816679.jpg",
        "location": "身延山久远寺",
        "point_id": "4jund80",
        "point_name": "身延山久遠寺 缆车入口",
        "remark": ""
      },
      "type": "Feature"
    },
    {
      "geometry": {
        "coordinates": [
          138.424892,
          35.383507
        ],
        "type": "Point"
      },
      "properties": {
        "bangumi_id": 262898,
        "bangumi_title": "电影 摇曳露营△",
        "ep_cut": "",
        "image_url": "https://w.junreimap.com/images/points/262898/4junf6z_1756917819229.jpg",
        "location": "身延山久远寺",
        "point_id": "4junf6z",
        "point_name": "身延山久遠寺 缆车入口",
        "remark": ""
      },
      "type": "Feature"
    },
    {
      "geometry": {
        "coordinates": [
          138.424841,
          35.383489
        ],
        "type": "Point"
      },
      "properties": {
        "bangumi_id": 262898,
        "bangumi_title": "电影 摇曳露营△",
        "ep_cut": "",
        "image_url": "https://w.junreimap.com/images/points/262898/4jungw8_1756917821351.jpg",
        "location": "身延山久远寺",
        "point_id": "4jungw8",
        "point_name": "身延山久遠寺 缆车入口",
        "remark": ""
      },
      "type": "Feature"
    },
    {
      "geometry": {
        "coordinates": [
          138.459475,
          35.281954
        ],
        "type": "Point"
      },
      "properties": {
        "bangumi_id": 262898,
        "bangumi_title": "电影 摇曳露营△",
        "ep_cut": "",
        "image_url": "https://w.junreimap.com/images/points/262898/4id9zrh_1756920600313.jpg",
        "location": "内船",
        "point_id": "4id9zrh",
        "point_name": "南部桥",
        "remark": ""
      },
      "type": "Feature"
    },
    {
      "geometry": {
        "coordinates": [
          138.459319,
          35.281942
        ],
        "type": "Point"
      },
      "properties": {
        "bangumi_id": 262898,
        "bangumi_title": "电影 摇曳露营△",
        "ep_cut": "",
        "image_url": "https://w.junreimap.com/images/points/262898/4jwb396_1756920603054.jpg",
        "location": "内船",
        "point_id": "4jwb396",
        "point_name": "南部桥",
        "remark": ""
      },
      "type": "Feature"
    },
    {
      "geometry": {
        "coordinates": [
          138.459618,
          35.281946
        ],
        "type": "Point"
      },
      "properties": {
        "bangumi_id": 262898,
        "bangumi_title": "电影 摇曳露营△",
        "ep_cut": "",
        "image_url": "https://w.junreimap.com/images/points/262898/4jwb4vh_1756920605498.jpg",
        "location": "内船",
        "point_id": "4jwb4vh",
        "point_name": "南部桥",
        "remark": ""
      },
      "type": "Feature"
    },
    {
      "geometry": {
        "coordinates": [
          138.459186,
          35.281953
        ],
        "type": "Point"
      },
      "properties": {
        "bangumi_id": 262898,
        "bangumi_title": "电影 摇曳露营△",
        "ep_cut": "",
        "image_url": "https://w.junreimap.com/images/points/262898/4jwb6sb_1756920609954.jpg",
        "location": "内船",
        "point_id": "4jwb6sb",
        "point_name": "南部桥",
        "remark": ""
      },
      "type": "Feature"
    },
    {
      "geometry": {
        "coordinates": [
          138.456423,
          35.28232
        ],
        "type": "Point"
      },
      "properties": {
        "bangumi_id": 262898,
        "bangumi_title": "电影 摇曳露营△",
        "ep_cut": "",
        "image_url": "https://w.junreimap.com/images/points/262898/4jwbm40_1756920628131.jpg",
        "location": "内船",
        "point_id": "4jwbm40",
        "point_name": "抚子家",
        "remark": "虽然现实里没有抚子家，但是周围的群山、建筑和地面还是有一定可参考性的。"
      },
      "type": "Feature"
    },
    {
      "geometry": {
        "coordinates": [
          138.456391,
          35.282274
        ],
        "type": "Point"
      },
      "properties": {
        "bangumi_id": 262898,
        "bangumi_title": "电影 摇曳露营△",
        "ep_cut": "",
        "image_url": "https://w.junreimap.com/images/points/262898/4jwbogl_1756920631159.jpg",
        "location": "内船",
        "point_id": "4jwbogl",
        "point_name": "抚子家",
        "remark": "虽然现实里没有抚子家，但是周围的群山、建筑和地面还是有一定可参考性的。"
      },
      "type": "Feature"
    },
    {
      "geometry": {
        "coordinates": [
          138.456368,
          35.282237
        ],
        "type": "Point"
      },
      "properties": {
        "bangumi_id": 262898,
        "bangumi_title": "电影 摇曳露营△",
        "ep_cut": "",
        "image_url": "https://w.junreimap.com/images/points/262898/4jwbqmk_1756920633521.jpg",
        "location": "内船",
        "point_id": "4jwbqmk",
        "point_name": "抚子家",
        "remark": "虽然现实里没有抚子家，但是周围的群山、建筑和地面还是有一定可参考性的。"
      },
      "type": "Feature"
    },
    {
      "geometry": {
        "coordinates": [
          138.456352,
          35.282201
        ],
        "type": "Point"
      },
      "properties": {
        "bangumi_id": 262898,
        "bangumi_title": "电影 摇曳露营△",
        "ep_cut": "",
        "image_url": "https://w.junreimap.com/images/points/262898/4jwbsqr_1756920636218.jpg",
        "location": "内船",
        "point_id": "4jwbsqr",
        "point_name": "抚子家",
        "remark": "虽然现实里没有抚子家，但是周围的群山、建筑和地面还是有一定可参考性的。"
      },
      "type": "Feature"
    },
    {
      "geometry": {
        "coordinates": [
          138.456335,
          35.282162
        ],
        "type": "Point"
      },
      "properties": {
        "bangumi_id": 262898,
        "bangumi_title": "电影 摇曳露营△",
        "ep_cut": "",
        "image_url": "https://w.junreimap.com/images/points/262898/4jwbugj_1756920638663.jpg",
        "location": "内船",
        "point_id": "4jwbugj",
        "point_name": "抚子家",
        "remark": "虽然现实里没有抚子家，但是周围的群山、建筑和地面还是有一定可参考性的。"
      },
      "type": "Feature"
    },
    {
      "geometry": {
        "coordinates": [
          138.451863,
          35.328182
        ],
        "type": "Point"
      },
      "properties": {
        "bangumi_id": 262898,
        "bangumi_title": "电影 摇曳露营△",
        "ep_cut": "",
        "image_url": "https://w.junreimap.com/images/points/262898/4idag1v_1756830616648.jpg",
        "location": "甲斐大島",
        "point_id": "4idag1v",
        "point_name": "甲斐大島駅",
        "remark": "剧场版公式图（慧那part）的取景地，按理说剧场版中慧那出现的所有分镜应该都是大岛附近。我没去大岛，有兴趣的可以找下点。公式图可从官网查看：https://yurucamp.jp/cinema/"
      },
      "type": "Feature"
    },
    {
      "geometry": {
        "coordinates": [
          138.447855,
          35.326242
        ],
        "type": "Point"
      },
      "properties": {
        "bangumi_id": 262898,
        "bangumi_title": "电影 摇曳露营△",
        "ep_cut": "",
        "image_url": "https://w.junreimap.com/images/points/262898/4vdljwo_1757614773132.jpg",
        "location": "甲斐大島",
        "point_id": "4vdljwo",
        "point_name": "富士川河堤",
        "remark": "TV版里慧那也来这里遛过竹轮"
      },
      "type": "Feature"
    },
    {
      "geometry": {
        "coordinates": [
          138.447185,
          35.32492
        ],
        "type": "Point"
      },
      "properties": {
        "bangumi_id": 262898,
        "bangumi_title": "电影 摇曳露营△",
        "ep_cut": "",
        "image_url": "https://w.junreimap.com/images/points/262898/4vdn5u7_1757614847462.jpg",
        "location": "甲斐大島",
        "point_id": "4vdn5u7",
        "point_name": "富士川河堤",
        "remark": ""
      },
      "type": "Feature"
    },
    {
      "geometry": {
        "coordinates": [
          138.44782,
          35.325947
        ],
        "type": "Point"
      },
      "properties": {
        "bangumi_id": 262898,
        "bangumi_title": "电影 摇曳露营△",
        "ep_cut": "",
        "image_url": "https://w.junreimap.com/images/points/262898/4vdmlir_1757614821881.jpg",
        "location": "甲斐大島",
        "point_id": "4vdmlir",
        "point_name": "富士川河堤",
        "remark": ""
      },
      "type": "Feature"
    },
    {
      "geometry": {
        "coordinates": [
          138.44774,
          35.325658
        ],
        "type": "Point"
      },
      "properties": {
        "bangumi_id": 262898,
        "bangumi_title": "电影 摇曳露营△",
        "ep_cut": "",
        "image_url": "https://w.junreimap.com/images/points/262898/4vdmo06_1757614826123.jpg",
        "location": "甲斐大島",
        "point_id": "4vdmo06",
        "point_name": "富士川河堤",
        "remark": ""
      },
      "type": "Feature"
    },
    {
      "geometry": {
        "coordinates": [
          138.447597,
          35.324997
        ],
        "type": "Point"
      },
      "properties": {
        "bangumi_id": 262898,
        "bangumi_title": "电影 摇曳露营△",
        "ep_cut": "",
        "image_url": "https://w.junreimap.com/images/points/262898/4vdmurc_1757614833278.jpg",
        "location": "甲斐大島",
        "point_id": "4vdmurc",
        "point_name": "富士川河堤",
        "remark": ""
      },
      "type": "Feature"
    },
    {
      "geometry": {
        "coordinates": [
          138.447397,
          35.325938
        ],
        "type": "Point"
      },
      "properties": {
        "bangumi_id": 262898,
        "bangumi_title": "电影 摇曳露营△",
        "ep_cut": "",
        "image_url": "https://w.junreimap.com/images/points/262898/4vdn02c_1757614839959.jpg",
        "location": "甲斐大島",
        "point_id": "4vdn02c",
        "point_name": "富士川河堤",
        "remark": ""
      },
      "type": "Feature"
    },
    {
      "geometry": {
        "coordinates": [
          138.447361,
          35.325602
        ],
        "type": "Point"
      },
      "properties": {
        "bangumi_id": 262898,
        "bangumi_title": "电影 摇曳露营△",
        "ep_cut": "",
        "image_url": "https://w.junreimap.com/images/points/262898/4vdn27d_1757614842708.jpg",
        "location": "甲斐大島",
        "point_id": "4vdn27d",
        "point_name": "富士川河堤",
        "remark": ""
      },
      "type": "Feature"
    },
    {
      "geometry": {
        "coordinates": [
          138.447267,
          35.325266
        ],
        "type": "Point"
      },
      "properties": {
        "bangumi_id": 262898,
        "bangumi_title": "电影 摇曳露营△",
        "ep_cut": "",
        "image_url": "https://w.junreimap.com/images/points/262898/4vdn48o_1757614845461.jpg",
        "location": "甲斐大島",
        "point_id": "4vdn48o",
        "point_name": "富士川河堤",
        "remark": ""
      },
      "type": "Feature"
    },
    {
      "geometry": {
        "coordinates": [
          138.447538,
          35.324699
        ],
        "type": "Point"
      },
      "properties": {
        "bangumi_id": 262898,
        "bangumi_title": "电影 摇曳露营△",
        "ep_cut": "",
        "image_url": "https://w.junreimap.com/images/points/262898/4vdmwz4_1757614836124.jpg",
        "location": "甲斐大島",
        "point_id": "4vdmwz4",
        "point_name": "富士川河堤",
        "remark": ""
      },
      "type": "Feature"
    },
    {
      "geometry": {
        "coordinates": [
          138.447481,
          35.32438
        ],
        "type": "Point"
      },
      "properties": {
        "bangumi_id": 262898,
        "bangumi_title": "电影 摇曳露营△",
        "ep_cut": "",
        "image_url": "https://w.junreimap.com/images/points/262898/4vdna9q_1757614854203.jpg",
        "location": "甲斐大島",
        "point_id": "4vdna9q",
        "point_name": "富士川河堤",
        "remark": ""
      },
      "type": "Feature"
    },
    {
      "geometry": {
        "coordinates": [
          138.447491,
          35.326283
        ],
        "type": "Point"
      },
      "properties": {
        "bangumi_id": 262898,
        "bangumi_title": "电影 摇曳露营△",
        "ep_cut": "",
        "image_url": "https://w.junreimap.com/images/points/262898/4vdn86c_1757614850582.jpg",
        "location": "甲斐大島",
        "point_id": "4vdn86c",
        "point_name": "富士川河堤",
        "remark": ""
      },
      "type": "Feature"
    },
    {
      "geometry": {
        "coordinates": [
          137.767093,
          34.726943
        ],
        "type": "Point"
      },
      "properties": {
        "bangumi_id": 262898,
        "bangumi_title": "电影 摇曳露营△",
        "ep_cut": "",
        "image_url": "https://w.junreimap.com/images/points/262898/4if18zt_1756918884432.jpg",
        "location": "滨松",
        "point_id": "4if18zt",
        "point_name": "ナップス 浜松店 前",
        "remark": "不知道为什么谷歌地图没有这家店的信息。这里是绫乃工作的摩托车用品店的原型。"
      },
      "type": "Feature"
    },
    {
      "geometry": {
        "coordinates": [
          137.76702,
          34.726975
        ],
        "type": "Point"
      },
      "properties": {
        "bangumi_id": 262898,
        "bangumi_title": "电影 摇曳露营△",
        "ep_cut": "",
        "image_url": "https://w.junreimap.com/images/points/262898/4jvai6l_1756918896095.jpg",
        "location": "滨松",
        "point_id": "4jvai6l",
        "point_name": "ナップス 浜松店 前",
        "remark": "不知道为什么谷歌地图没有这家店的信息。这里是绫乃工作的摩托车用品店的原型。"
      },
      "type": "Feature"
    },
    {
      "geometry": {
        "coordinates": [
          137.767014,
          34.727002
        ],
        "type": "Point"
      },
      "properties": {
        "bangumi_id": 262898,
        "bangumi_title": "电影 摇曳露营△",
        "ep_cut": "",
        "image_url": "https://w.junreimap.com/images/points/262898/4jvak6i_1756918898777.jpg",
        "location": "滨松",
        "point_id": "4jvak6i",
        "point_name": "ナップス 浜松店 前",
        "remark": "不知道为什么谷歌地图没有这家店的信息。这里是绫乃工作的摩托车用品店的原型。"
      },
      "type": "Feature"
    },
    {
      "geometry": {
        "coordinates": [
          137.767043,
          34.727025
        ],
        "type": "Point"
      },
      "properties": {
        "bangumi_id": 262898,
        "bangumi_title": "电影 摇曳露营△",
        "ep_cut": "",
        "image_url": "https://w.junreimap.com/images/points/262898/4jvaluo_1756918901039.jpg",
        "location": "滨松",
        "point_id": "4jvaluo",
        "point_name": "ナップス 浜松店 前",
        "remark": "不知道为什么谷歌地图没有这家店的信息。这里是绫乃工作的摩托车用品店的原型。"
      },
      "type": "Feature"
    },
    {
      "geometry": {
        "coordinates": [
          137.76704,
          34.727044
        ],
        "type": "Point"
      },
      "properties": {
        "bangumi_id": 262898,
        "bangumi_title": "电影 摇曳露营△",
        "ep_cut": "",
        "image_url": "https://w.junreimap.com/images/points/262898/4jvapla_1756918906043.jpg",
        "location": "滨松",
        "point_id": "4jvapla",
        "point_name": "ナップス 浜松店 前",
        "remark": "不知道为什么谷歌地图没有这家店的信息。这里是绫乃工作的摩托车用品店的原型。"
      },
      "type": "Feature"
    },
    {
      "geometry": {
        "coordinates": [
          137.76704,
          34.727063
        ],
        "type": "Point"
      },
      "properties": {
        "bangumi_id": 262898,
        "bangumi_title": "电影 摇曳露营△",
        "ep_cut": "",
        "image_url": "https://w.junreimap.com/images/points/262898/4jvb2yv_1756918923196.jpg",
        "location": "滨松",
        "point_id": "4jvb2yv",
        "point_name": "ナップス 浜松店 前",
        "remark": "不知道为什么谷歌地图没有这家店的信息。这里是绫乃工作的摩托车用品店的原型。"
      },
      "type": "Feature"
    },
    {
      "geometry": {
        "coordinates": [
          137.767036,
          34.727081
        ],
        "type": "Point"
      },
      "properties": {
        "bangumi_id": 262898,
        "bangumi_title": "电影 摇曳露营△",
        "ep_cut": "",
        "image_url": "https://w.junreimap.com/images/points/262898/4jvb5s7_1756918927346.jpg",
        "location": "滨松",
        "point_id": "4jvb5s7",
        "point_name": "ナップス 浜松店 前",
        "remark": "不知道为什么谷歌地图没有这家店的信息。这里是绫乃工作的摩托车用品店的原型。"
      },
      "type": "Feature"
    },
    {
      "geometry": {
        "coordinates": [
          137.76709,
          34.726966
        ],
        "type": "Point"
      },
      "properties": {
        "bangumi_id": 262898,
        "bangumi_title": "电影 摇曳露营△",
        "ep_cut": "",
        "image_url": "https://w.junreimap.com/images/points/262898/4jvb85b_1756918935917.jpg",
        "location": "滨松",
        "point_id": "4jvb85b",
        "point_name": "ナップス 浜松店 前",
        "remark": "不知道为什么谷歌地图没有这家店的信息。这里是绫乃工作的摩托车用品店的原型。"
      },
      "type": "Feature"
    },
    {
      "geometry": {
        "coordinates": [
          137.767115,
          34.726967
        ],
        "type": "Point"
      },
      "properties": {
        "bangumi_id": 262898,
        "bangumi_title": "电影 摇曳露营△",
        "ep_cut": "",
        "image_url": "https://w.junreimap.com/images/points/262898/4jvbeo8_1756918938719.jpg",
        "location": "滨松",
        "point_id": "4jvbeo8",
        "point_name": "ナップス 浜松店 前",
        "remark": "不知道为什么谷歌地图没有这家店的信息。这里是绫乃工作的摩托车用品店的原型。"
      },
      "type": "Feature"
    },
    {
      "geometry": {
        "coordinates": [
          137.767113,
          34.726943
        ],
        "type": "Point"
      },
      "properties": {
        "bangumi_id": 262898,
        "bangumi_title": "电影 摇曳露营△",
        "ep_cut": "",
        "image_url": "https://w.junreimap.com/images/points/262898/4jvbgnb_1756918941797.jpg",
        "location": "滨松",
        "point_id": "4jvbgnb",
        "point_name": "ナップス 浜松店 前",
        "remark": "不知道为什么谷歌地图没有这家店的信息。这里是绫乃工作的摩托车用品店的原型。"
      },
      "type": "Feature"
    },
    {
      "geometry": {
        "coordinates": [
          137.734484,
          34.703687
        ],
        "type": "Point"
      },
      "properties": {
        "bangumi_id": 262898,
        "bangumi_title": "电影 摇曳露营△",
        "ep_cut": "",
        "image_url": "https://w.junreimap.com/images/points/262898/4jvcfz8_1756918988451.jpg",
        "location": "滨松",
        "point_id": "4jvcfz8",
        "point_name": "浜松站",
        "remark": "芝麻凛带回给同事吃的滨松特产，在滨松站的商场里可以买到同款特产。又甜又硬……"
      },
      "type": "Feature"
    }
  ],
  "type": "FeatureCollection"
}