{
  "features": [
    {
      "geometry": {
        "coordinates": [
          138.893812,
          35.423545
        ],
        "type": "Point"
      },
      "properties": {
        "bangumi_id": 262897,
        "bangumi_title": "摇曳露营△ 二期",
        "ep_cut": "",
        "image_url": "",
        "location": "",
        "point_id": "9o8uhnx",
        "point_name": "【关于私有地无断侵入的提醒】",
        "remark": "在摇曳露营相关词条中，存在大量位于露营地、学校等设施内的地标。在拜访这些地标前，请确保已获得相关许可。请注意：绝大部分露营地为私有地性质，在check-in前擅自进入扎营地等露营地区域属“无端侵入”违法行为，亦可能被认定为对扎营者的财产、隐私和安全构成了潜在威胁。官方公告：https://yurucamp.jp/news/information/6319"
      },
      "type": "Feature"
    },
    {
      "geometry": {
        "coordinates": [
          138.893894,
          35.423583
        ],
        "type": "Point"
      },
      "properties": {
        "bangumi_id": 262897,
        "bangumi_title": "摇曳露营△ 二期",
        "ep_cut": "",
        "image_url": "",
        "location": "",
        "point_id": "f57i6zv",
        "point_name": "【词条大修提醒】",
        "remark": "S02预计在6~7月份期间进行大修和点位核实（是的！咕了两年的S02终于要动工了！），大修期间S02的新地标提交请尽量通过官群提交，S01/S03/剧场版不影响，谢谢~"
      },
      "type": "Feature"
    },
    {
      "geometry": {
        "coordinates": [
          138.458826,
          35.418507
        ],
        "type": "Point"
      },
      "properties": {
        "bangumi_id": 262897,
        "bangumi_title": "摇曳露营△ 二期",
        "ep_cut": 2,
        "image_url": "https://w.junreimap.com/images/points/262897/gccmbr8_1782585661197.webp",
        "location": "波高岛",
        "point_id": "gccmbr8",
        "point_name": "波高島駅 前",
        "remark": "第8话中，野营三人组归途中电车经过的站牌，是离小明和葵家最近的车站。从甲斐常葉駅站出发大约7分钟到达。虽然车站门口有可以停车的空地，但JR官方标注的是无停车位，且周围没看到停车标识。TEL: 050-3772-3910（JR东海）"
      },
      "type": "Feature"
    },
    {
      "geometry": {
        "coordinates": [
          138.459094,
          35.418342
        ],
        "type": "Point"
      },
      "properties": {
        "bangumi_id": 262897,
        "bangumi_title": "摇曳露营△ 二期",
        "ep_cut": 4,
        "image_url": "https://w.junreimap.com/images/points/262897/5fchw27wa_1673452380599.jpg",
        "location": "波高岛",
        "point_id": "5fchw27wa",
        "point_name": "波高島駅 前",
        "remark": "第8话中，野营三人组归途中电车经过的站牌，是离小明和葵家最近的车站。从甲斐常葉駅站出发大约7分钟到达。虽然车站门口有可以停车的空地，但JR官方标注的是无停车位，且周围没看到停车标识。TEL: 050-3772-3910（JR东海）"
      },
      "type": "Feature"
    },
    {
      "geometry": {
        "coordinates": [
          138.441476,
          35.433039
        ],
        "type": "Point"
      },
      "properties": {
        "bangumi_id": 262897,
        "bangumi_title": "摇曳露营△ 二期",
        "ep_cut": 1,
        "image_url": "https://w.junreimap.com/images/points/262897/5fchw27ej_1719894808554.jpg",
        "location": "波高岛",
        "point_id": "5fchw27ej",
        "point_name": "酒の川本 身延店  前",
        "remark": "现在是餐厅 シャトレーゼ 身延店"
      },
      "type": "Feature"
    },
    {
      "geometry": {
        "coordinates": [
          138.44134,
          35.433009
        ],
        "type": "Point"
      },
      "properties": {
        "bangumi_id": 262897,
        "bangumi_title": "摇曳露营△ 二期",
        "ep_cut": 7,
        "image_url": "https://w.junreimap.com/images/points/262897/gccmmoz_1782585673775.webp",
        "location": "波高岛",
        "point_id": "gccmmoz",
        "point_name": "セルバ みのぶ店 前",
        "remark": ""
      },
      "type": "Feature"
    },
    {
      "geometry": {
        "coordinates": [
          138.441278,
          35.432754
        ],
        "type": "Point"
      },
      "properties": {
        "bangumi_id": 262897,
        "bangumi_title": "摇曳露营△ 二期",
        "ep_cut": 7,
        "image_url": "https://w.junreimap.com/images/points/262897/gccmu9o_1782585684033.webp",
        "location": "波高岛",
        "point_id": "gccmu9o",
        "point_name": "セルバ みのぶ店 前",
        "remark": ""
      },
      "type": "Feature"
    },
    {
      "geometry": {
        "coordinates": [
          138.441065,
          35.432834
        ],
        "type": "Point"
      },
      "properties": {
        "bangumi_id": 262897,
        "bangumi_title": "摇曳露营△ 二期",
        "ep_cut": 9,
        "image_url": "https://w.junreimap.com/images/points/262897/gcc4233_1782584807488.webp",
        "location": "波高岛",
        "point_id": "gcc4233",
        "point_name": "セルバ みのぶ店 收银台",
        "remark": "店内有设立打工葵立牌的联动商品区域"
      },
      "type": "Feature"
    },
    {
      "geometry": {
        "coordinates": [
          138.441081,
          35.432811
        ],
        "type": "Point"
      },
      "properties": {
        "bangumi_id": 262897,
        "bangumi_title": "摇曳露营△ 二期",
        "ep_cut": 1,
        "image_url": "https://w.junreimap.com/images/points/262897/gccm0av_1782585644755.webp",
        "location": "波高岛",
        "point_id": "gccm0av",
        "point_name": "セルバ みのぶ店 收银台",
        "remark": ""
      },
      "type": "Feature"
    },
    {
      "geometry": {
        "coordinates": [
          138.465098,
          35.281781
        ],
        "type": "Point"
      },
      "properties": {
        "bangumi_id": 262897,
        "bangumi_title": "摇曳露营△ 二期",
        "ep_cut": 2,
        "image_url": "https://w.junreimap.com/images/points/262897/5fchw288i_1673452361225.jpg",
        "location": "内船",
        "point_id": "5fchw288i",
        "point_name": "内船駅",
        "remark": ""
      },
      "type": "Feature"
    },
    {
      "geometry": {
        "coordinates": [
          138.465127,
          35.281675
        ],
        "type": "Point"
      },
      "properties": {
        "bangumi_id": 262897,
        "bangumi_title": "摇曳露营△ 二期",
        "ep_cut": 2,
        "image_url": "https://w.junreimap.com/images/points/262897/gcbufo2_1782584360121.webp",
        "location": "内船",
        "point_id": "gcbufo2",
        "point_name": "内船駅",
        "remark": ""
      },
      "type": "Feature"
    },
    {
      "geometry": {
        "coordinates": [
          138.46492,
          35.281459
        ],
        "type": "Point"
      },
      "properties": {
        "bangumi_id": 262897,
        "bangumi_title": "摇曳露营△ 二期",
        "ep_cut": 2,
        "image_url": "https://w.junreimap.com/images/points/262897/5fchw283o_1673452361730.jpg",
        "location": "内船",
        "point_id": "5fchw283o",
        "point_name": "内船駅前",
        "remark": ""
      },
      "type": "Feature"
    },
    {
      "geometry": {
        "coordinates": [
          138.465011,
          35.281562
        ],
        "type": "Point"
      },
      "properties": {
        "bangumi_id": 262897,
        "bangumi_title": "摇曳露营△ 二期",
        "ep_cut": 2,
        "image_url": "https://w.junreimap.com/images/points/262897/gcbu2ud_1782584342395.webp",
        "location": "内船",
        "point_id": "gcbu2ud",
        "point_name": "内船駅前",
        "remark": ""
      },
      "type": "Feature"
    },
    {
      "geometry": {
        "coordinates": [
          138.46272,
          35.283184
        ],
        "type": "Point"
      },
      "properties": {
        "bangumi_id": 262897,
        "bangumi_title": "摇曳露营△ 二期",
        "ep_cut": 1,
        "image_url": "https://w.junreimap.com/images/points/262897/449c5xt_1755975041883.jpg",
        "location": "内船",
        "point_id": "449c5xt",
        "point_name": "Yamazaki Daily Store 南部内船店",
        "remark": "旅途常伴~咖喱面~虽然大概都知道，还是介绍一下——这是日清咖喱面"
      },
      "type": "Feature"
    },
    {
      "geometry": {
        "coordinates": [
          138.462774,
          35.283136
        ],
        "type": "Point"
      },
      "properties": {
        "bangumi_id": 262897,
        "bangumi_title": "摇曳露营△ 二期",
        "ep_cut": 1,
        "image_url": "https://w.junreimap.com/images/points/262897/gcbvje7_1782584422794.webp",
        "location": "内船",
        "point_id": "gcbvje7",
        "point_name": "Yamazaki Daily Store 南部内船店",
        "remark": ""
      },
      "type": "Feature"
    },
    {
      "geometry": {
        "coordinates": [
          138.462807,
          35.283064
        ],
        "type": "Point"
      },
      "properties": {
        "bangumi_id": 262897,
        "bangumi_title": "摇曳露营△ 二期",
        "ep_cut": 1,
        "image_url": "https://w.junreimap.com/images/points/262897/gcbvw12_1782584429706.webp",
        "location": "内船",
        "point_id": "gcbvw12",
        "point_name": "Yamazaki Daily Store 南部内船店",
        "remark": ""
      },
      "type": "Feature"
    },
    {
      "geometry": {
        "coordinates": [
          138.462812,
          35.283107
        ],
        "type": "Point"
      },
      "properties": {
        "bangumi_id": 262897,
        "bangumi_title": "摇曳露营△ 二期",
        "ep_cut": 1,
        "image_url": "https://w.junreimap.com/images/points/262897/gcbw2ha_1782584434635.webp",
        "location": "内船",
        "point_id": "gcbw2ha",
        "point_name": "Yamazaki Daily Store 南部内船店",
        "remark": ""
      },
      "type": "Feature"
    },
    {
      "geometry": {
        "coordinates": [
          138.462739,
          35.283149
        ],
        "type": "Point"
      },
      "properties": {
        "bangumi_id": 262897,
        "bangumi_title": "摇曳露营△ 二期",
        "ep_cut": 1,
        "image_url": "https://w.junreimap.com/images/points/262897/gcbwgf7_1782584452705.webp",
        "location": "内船",
        "point_id": "gcbwgf7",
        "point_name": "Yamazaki Daily Store 南部内船店",
        "remark": ""
      },
      "type": "Feature"
    },
    {
      "geometry": {
        "coordinates": [
          138.462773,
          35.283093
        ],
        "type": "Point"
      },
      "properties": {
        "bangumi_id": 262897,
        "bangumi_title": "摇曳露营△ 二期",
        "ep_cut": 1,
        "image_url": "https://w.junreimap.com/images/points/262897/gcbw5xm_1782584439031.webp",
        "location": "内船",
        "point_id": "gcbw5xm",
        "point_name": "Yamazaki Daily Store 南部内船店",
        "remark": ""
      },
      "type": "Feature"
    },
    {
      "geometry": {
        "coordinates": [
          138.462733,
          35.283057
        ],
        "type": "Point"
      },
      "properties": {
        "bangumi_id": 262897,
        "bangumi_title": "摇曳露营△ 二期",
        "ep_cut": 1,
        "image_url": "https://w.junreimap.com/images/points/262897/5fchw27t4_1673452348116.jpg",
        "location": "内船",
        "point_id": "5fchw27t4",
        "point_name": "Yamazaki Daily Store 南部内船店",
        "remark": ""
      },
      "type": "Feature"
    },
    {
      "geometry": {
        "coordinates": [
          138.462781,
          35.283057
        ],
        "type": "Point"
      },
      "properties": {
        "bangumi_id": 262897,
        "bangumi_title": "摇曳露营△ 二期",
        "ep_cut": 1,
        "image_url": "https://w.junreimap.com/images/points/262897/gcbzjrt_1782584604721.webp",
        "location": "内船",
        "point_id": "gcbzjrt",
        "point_name": "Yamazaki Daily Store 南部内船店",
        "remark": ""
      },
      "type": "Feature"
    },
    {
      "geometry": {
        "coordinates": [
          138.462674,
          35.283095
        ],
        "type": "Point"
      },
      "properties": {
        "bangumi_id": 262897,
        "bangumi_title": "摇曳露营△ 二期",
        "ep_cut": 9,
        "image_url": "https://w.junreimap.com/images/points/262897/5fchw288l_1673452418712.jpg",
        "location": "内船",
        "point_id": "5fchw288l",
        "point_name": "Yamazaki Daily Store 南部内船店",
        "remark": ""
      },
      "type": "Feature"
    },
    {
      "geometry": {
        "coordinates": [
          138.459986,
          35.288298
        ],
        "type": "Point"
      },
      "properties": {
        "bangumi_id": 262897,
        "bangumi_title": "摇曳露营△ 二期",
        "ep_cut": 1,
        "image_url": "https://w.junreimap.com/images/points/262897/5fchw27rg_1673452347640.jpg",
        "location": "内船",
        "point_id": "5fchw27rg",
        "point_name": "土瓶沢橋",
        "remark": ""
      },
      "type": "Feature"
    },
    {
      "geometry": {
        "coordinates": [
          138.462149,
          35.282317
        ],
        "type": "Point"
      },
      "properties": {
        "bangumi_id": 262897,
        "bangumi_title": "摇曳露营△ 二期",
        "ep_cut": 1,
        "image_url": "https://w.junreimap.com/images/points/262897/5fchw27do_1673452348596.jpg",
        "location": "内船",
        "point_id": "5fchw27do",
        "point_name": "南部橋",
        "remark": ""
      },
      "type": "Feature"
    },
    {
      "geometry": {
        "coordinates": [
          138.459546,
          35.281993
        ],
        "type": "Point"
      },
      "properties": {
        "bangumi_id": 262897,
        "bangumi_title": "摇曳露营△ 二期",
        "ep_cut": 2,
        "image_url": "https://w.junreimap.com/images/points/262897/gcbxe1t_1782584496350.webp",
        "location": "内船",
        "point_id": "gcbxe1t",
        "point_name": "南部橋",
        "remark": ""
      },
      "type": "Feature"
    },
    {
      "geometry": {
        "coordinates": [
          138.45947,
          35.281993
        ],
        "type": "Point"
      },
      "properties": {
        "bangumi_id": 262897,
        "bangumi_title": "摇曳露营△ 二期",
        "ep_cut": 2,
        "image_url": "https://w.junreimap.com/images/points/262897/gcbxjl0_1782584508976.webp",
        "location": "内船",
        "point_id": "gcbxjl0",
        "point_name": "南部橋",
        "remark": ""
      },
      "type": "Feature"
    },
    {
      "geometry": {
        "coordinates": [
          138.458949,
          35.282007
        ],
        "type": "Point"
      },
      "properties": {
        "bangumi_id": 262897,
        "bangumi_title": "摇曳露营△ 二期",
        "ep_cut": 8,
        "image_url": "https://w.junreimap.com/images/points/262897/gcbxmy2_1782584521912.webp",
        "location": "内船",
        "point_id": "gcbxmy2",
        "point_name": "南部橋",
        "remark": ""
      },
      "type": "Feature"
    },
    {
      "geometry": {
        "coordinates": [
          138.459347,
          35.282453
        ],
        "type": "Point"
      },
      "properties": {
        "bangumi_id": 262897,
        "bangumi_title": "摇曳露营△ 二期",
        "ep_cut": 1,
        "image_url": "https://w.junreimap.com/images/points/262897/gcbyfwq_1782584545263.webp",
        "location": "内船",
        "point_id": "gcbyfwq",
        "point_name": "南部橋",
        "remark": ""
      },
      "type": "Feature"
    },
    {
      "geometry": {
        "coordinates": [
          138.456488,
          35.282437
        ],
        "type": "Point"
      },
      "properties": {
        "bangumi_id": 262897,
        "bangumi_title": "摇曳露营△ 二期",
        "ep_cut": 4,
        "image_url": "https://w.junreimap.com/images/points/262897/5fchw27zi_1673452381695.jpg",
        "location": "内船",
        "point_id": "5fchw27zi",
        "point_name": "南部橋 西",
        "remark": ""
      },
      "type": "Feature"
    },
    {
      "geometry": {
        "coordinates": [
          138.45648,
          35.282339
        ],
        "type": "Point"
      },
      "properties": {
        "bangumi_id": 262897,
        "bangumi_title": "摇曳露营△ 二期",
        "ep_cut": 3,
        "image_url": "https://w.junreimap.com/images/points/262897/gcc12pz_1782584669254.webp",
        "location": "内船",
        "point_id": "gcc12pz",
        "point_name": "南部橋 西",
        "remark": ""
      },
      "type": "Feature"
    },
    {
      "geometry": {
        "coordinates": [
          138.453672,
          35.549859
        ],
        "type": "Point"
      },
      "properties": {
        "bangumi_id": 262897,
        "bangumi_title": "摇曳露营△ 二期",
        "ep_cut": 2,
        "image_url": "https://w.junreimap.com/images/points/262897/5fchw27be_1673452358854.jpg",
        "location": "鳅泽",
        "point_id": "5fchw27be",
        "point_name": "鳅泽公民馆附近",
        "remark": ""
      },
      "type": "Feature"
    },
    {
      "geometry": {
        "coordinates": [
          138.475496,
          35.433746
        ],
        "type": "Point"
      },
      "properties": {
        "bangumi_id": 262897,
        "bangumi_title": "摇曳露营△ 二期",
        "ep_cut": 1,
        "image_url": "https://w.junreimap.com/images/points/262897/5fchw27od_1673452347073.jpg",
        "location": "下部温泉",
        "point_id": "5fchw27od",
        "point_name": "身延線 竹の島踏切",
        "remark": ""
      },
      "type": "Feature"
    },
    {
      "geometry": {
        "coordinates": [
          138.507638,
          35.465938
        ],
        "type": "Point"
      },
      "properties": {
        "bangumi_id": 262897,
        "bangumi_title": "摇曳露营△ 二期",
        "ep_cut": 1,
        "image_url": "https://w.junreimap.com/images/points/262897/5fchw27mi_1673452346518.jpg",
        "location": "古关 - 山梨",
        "point_id": "5fchw27mi",
        "point_name": "長塩上橋",
        "remark": ""
      },
      "type": "Feature"
    },
    {
      "geometry": {
        "coordinates": [
          138.524383,
          35.475404
        ],
        "type": "Point"
      },
      "properties": {
        "bangumi_id": 262897,
        "bangumi_title": "摇曳露营△ 二期",
        "ep_cut": 1,
        "image_url": "https://w.junreimap.com/images/points/262897/5fchw27rb_1673452346030.jpg",
        "location": "古关 - 山梨",
        "point_id": "5fchw27rb",
        "point_name": "古関郵便局以北",
        "remark": ""
      },
      "type": "Feature"
    },
    {
      "geometry": {
        "coordinates": [
          138.523605,
          35.47441
        ],
        "type": "Point"
      },
      "properties": {
        "bangumi_id": 262897,
        "bangumi_title": "摇曳露营△ 二期",
        "ep_cut": 1,
        "image_url": "https://w.junreimap.com/images/points/262897/5fchw27m9_1673452345555.jpg",
        "location": "古关 - 山梨",
        "point_id": "5fchw27m9",
        "point_name": "参宮司橋 西",
        "remark": ""
      },
      "type": "Feature"
    },
    {
      "geometry": {
        "coordinates": [
          138.523943,
          35.474423
        ],
        "type": "Point"
      },
      "properties": {
        "bangumi_id": 262897,
        "bangumi_title": "摇曳露营△ 二期",
        "ep_cut": 1,
        "image_url": "https://w.junreimap.com/images/points/262897/5fchw27oo_1673452345071.jpg",
        "location": "古关 - 山梨",
        "point_id": "5fchw27oo",
        "point_name": "参宮司橋",
        "remark": ""
      },
      "type": "Feature"
    },
    {
      "geometry": {
        "coordinates": [
          138.523933,
          35.474944
        ],
        "type": "Point"
      },
      "properties": {
        "bangumi_id": 262897,
        "bangumi_title": "摇曳露营△ 二期",
        "ep_cut": 1,
        "image_url": "https://w.junreimap.com/images/points/262897/5fchw27pi_1673452341747.jpg",
        "location": "古关 - 山梨",
        "point_id": "5fchw27pi",
        "point_name": "武田書店（旧古関郵便局）",
        "remark": ""
      },
      "type": "Feature"
    },
    {
      "geometry": {
        "coordinates": [
          138.523886,
          35.474885
        ],
        "type": "Point"
      },
      "properties": {
        "bangumi_id": 262897,
        "bangumi_title": "摇曳露营△ 二期",
        "ep_cut": 1,
        "image_url": "https://w.junreimap.com/images/points/262897/g50trro_1782142591107.webp",
        "location": "古关 - 山梨",
        "point_id": "g50trro",
        "point_name": "武田書店（旧古関郵便局）",
        "remark": ""
      },
      "type": "Feature"
    },
    {
      "geometry": {
        "coordinates": [
          138.523728,
          35.474654
        ],
        "type": "Point"
      },
      "properties": {
        "bangumi_id": 262897,
        "bangumi_title": "摇曳露营△ 二期",
        "ep_cut": 1,
        "image_url": "https://w.junreimap.com/images/points/262897/5fchw27d6_1673452341203.jpg",
        "location": "古关 - 山梨",
        "point_id": "5fchw27d6",
        "point_name": "県道404号",
        "remark": ""
      },
      "type": "Feature"
    },
    {
      "geometry": {
        "coordinates": [
          138.52027,
          35.470894
        ],
        "type": "Point"
      },
      "properties": {
        "bangumi_id": 262897,
        "bangumi_title": "摇曳露营△ 二期",
        "ep_cut": 2,
        "image_url": "https://w.junreimap.com/images/points/262897/5fchw27um_1673452360776.jpg",
        "location": "古关 - 山梨",
        "point_id": "5fchw27um",
        "point_name": "古关隧道西侧",
        "remark": ""
      },
      "type": "Feature"
    },
    {
      "geometry": {
        "coordinates": [
          138.226412,
          34.595693
        ],
        "type": "Point"
      },
      "properties": {
        "bangumi_id": 262897,
        "bangumi_title": "摇曳露营△ 二期",
        "ep_cut": 1,
        "image_url": "https://w.junreimap.com/images/points/262897/f5o8wau_1780005144469.jpg",
        "location": "御前埼灯台 - 御前崎市",
        "point_id": "f5o8wau",
        "point_name": "御前埼灯台",
        "remark": ""
      },
      "type": "Feature"
    },
    {
      "geometry": {
        "coordinates": [
          138.22645,
          34.595682
        ],
        "type": "Point"
      },
      "properties": {
        "bangumi_id": 262897,
        "bangumi_title": "摇曳露营△ 二期",
        "ep_cut": 2,
        "image_url": "https://w.junreimap.com/images/user/1093/bangumi/262897/points/3jjtwf6-1754722882727.jpg",
        "location": "御前埼灯台 - 御前崎市",
        "point_id": "3jjtwf6",
        "point_name": "御前埼灯台",
        "remark": ""
      },
      "type": "Feature"
    },
    {
      "geometry": {
        "coordinates": [
          138.226431,
          34.595724
        ],
        "type": "Point"
      },
      "properties": {
        "bangumi_id": 262897,
        "bangumi_title": "摇曳露营△ 二期",
        "ep_cut": 2,
        "image_url": "https://w.junreimap.com/images/points/262897/5fchw276e_1673452349091.jpg",
        "location": "御前埼灯台 - 御前崎市",
        "point_id": "5fchw276e",
        "point_name": "御前埼灯台",
        "remark": ""
      },
      "type": "Feature"
    },
    {
      "geometry": {
        "coordinates": [
          138.226715,
          34.595062
        ],
        "type": "Point"
      },
      "properties": {
        "bangumi_id": 262897,
        "bangumi_title": "摇曳露营△ 二期",
        "ep_cut": 2,
        "image_url": "https://w.junreimap.com/images/points/262897/5fchw27ht_1673452349583.jpg",
        "location": "御前埼灯台 - 御前崎市",
        "point_id": "5fchw27ht",
        "point_name": "静岡県最南端の岬",
        "remark": ""
      },
      "type": "Feature"
    },
    {
      "geometry": {
        "coordinates": [
          138.226064,
          34.595692
        ],
        "type": "Point"
      },
      "properties": {
        "bangumi_id": 262897,
        "bangumi_title": "摇曳露营△ 二期",
        "ep_cut": 2,
        "image_url": "https://w.junreimap.com/images/points/262897/f5o9xuz_1780005193947.jpg",
        "location": "御前埼灯台 - 御前崎市",
        "point_id": "f5o9xuz",
        "point_name": "御前埼灯台",
        "remark": ""
      },
      "type": "Feature"
    },
    {
      "geometry": {
        "coordinates": [
          138.22584,
          34.595611
        ],
        "type": "Point"
      },
      "properties": {
        "bangumi_id": 262897,
        "bangumi_title": "摇曳露营△ 二期",
        "ep_cut": 2,
        "image_url": "https://w.junreimap.com/images/points/262897/5fchw27g7_1673452350127.jpg",
        "location": "御前埼灯台 - 御前崎市",
        "point_id": "5fchw27g7",
        "point_name": "御前埼灯台",
        "remark": ""
      },
      "type": "Feature"
    },
    {
      "geometry": {
        "coordinates": [
          138.227205,
          34.595354
        ],
        "type": "Point"
      },
      "properties": {
        "bangumi_id": 262897,
        "bangumi_title": "摇曳露营△ 二期",
        "ep_cut": 2,
        "image_url": "https://w.junreimap.com/images/user/1093/bangumi/262897/points/3jjwrzx-1754723010578.jpg",
        "location": "御前埼灯台 - 御前崎市",
        "point_id": "3jjwrzx",
        "point_name": "市営 灯台下駐車場",
        "remark": "中央右侧白色栏杆已经更换为五根白色水泥柱(2025)"
      },
      "type": "Feature"
    },
    {
      "geometry": {
        "coordinates": [
          138.227367,
          34.595392
        ],
        "type": "Point"
      },
      "properties": {
        "bangumi_id": 262897,
        "bangumi_title": "摇曳露营△ 二期",
        "ep_cut": 2,
        "image_url": "https://w.junreimap.com/images/points/262897/5fchw27ng_1673452351056.jpg",
        "location": "御前埼灯台 - 御前崎市",
        "point_id": "5fchw27ng",
        "point_name": "御前埼灯台駐車場",
        "remark": ""
      },
      "type": "Feature"
    },
    {
      "geometry": {
        "coordinates": [
          138.226807,
          34.595225
        ],
        "type": "Point"
      },
      "properties": {
        "bangumi_id": 262897,
        "bangumi_title": "摇曳露营△ 二期",
        "ep_cut": 2,
        "image_url": "https://w.junreimap.com/images/user/1093/bangumi/262897/points/3jjxcbe-1754723029836.jpg",
        "location": "御前埼灯台 - 御前崎市",
        "point_id": "3jjxcbe",
        "point_name": "市営 灯台下駐車場",
        "remark": ""
      },
      "type": "Feature"
    },
    {
      "geometry": {
        "coordinates": [
          138.207594,
          34.600426
        ],
        "type": "Point"
      },
      "properties": {
        "bangumi_id": 262897,
        "bangumi_title": "摇曳露营△ 二期",
        "ep_cut": 2,
        "image_url": "https://w.junreimap.com/images/points/262897/f5od01y_1780005335558.jpg",
        "location": "御前埼灯台 - 御前崎市",
        "point_id": "f5od01y",
        "point_name": "御前崎サンロード",
        "remark": ""
      },
      "type": "Feature"
    },
    {
      "geometry": {
        "coordinates": [
          138.20704,
          34.60053
        ],
        "type": "Point"
      },
      "properties": {
        "bangumi_id": 262897,
        "bangumi_title": "摇曳露营△ 二期",
        "ep_cut": 2,
        "image_url": "https://w.junreimap.com/images/points/262897/f5od554_1780005341513.jpg",
        "location": "御前埼灯台 - 御前崎市",
        "point_id": "f5od554",
        "point_name": "御前崎サンロード",
        "remark": ""
      },
      "type": "Feature"
    },
    {
      "geometry": {
        "coordinates": [
          138.205843,
          34.60077
        ],
        "type": "Point"
      },
      "properties": {
        "bangumi_id": 262897,
        "bangumi_title": "摇曳露营△ 二期",
        "ep_cut": 2,
        "image_url": "https://w.junreimap.com/images/points/262897/f5odmf5_1780005363692.jpg",
        "location": "御前埼灯台 - 御前崎市",
        "point_id": "f5odmf5",
        "point_name": "御前崎サンロード",
        "remark": ""
      },
      "type": "Feature"
    },
    {
      "geometry": {
        "coordinates": [
          138.226519,
          34.595155
        ],
        "type": "Point"
      },
      "properties": {
        "bangumi_id": 262897,
        "bangumi_title": "摇曳露营△ 二期",
        "ep_cut": 2,
        "image_url": "https://w.junreimap.com/images/points/262897/f5obkvq_1780005268805.jpg",
        "location": "御前埼灯台 - 御前崎市",
        "point_id": "f5obkvq",
        "point_name": "市営 灯台下駐車場",
        "remark": ""
      },
      "type": "Feature"
    },
    {
      "geometry": {
        "coordinates": [
          138.225707,
          34.595706
        ],
        "type": "Point"
      },
      "properties": {
        "bangumi_id": 262897,
        "bangumi_title": "摇曳露营△ 二期",
        "ep_cut": 2,
        "image_url": "https://w.junreimap.com/images/user/1093/bangumi/262897/points/3jjimpg-1754722353979.jpg",
        "location": "御前埼灯台 - 御前崎市",
        "point_id": "3jjimpg",
        "point_name": "みさき売店",
        "remark": "左侧的栏杆已经更换。みさき売店的店主是在此工作了60年的住在附近的老奶奶，店内可以买到一些动画周边"
      },
      "type": "Feature"
    },
    {
      "geometry": {
        "coordinates": [
          138.22572,
          34.595706
        ],
        "type": "Point"
      },
      "properties": {
        "bangumi_id": 262897,
        "bangumi_title": "摇曳露营△ 二期",
        "ep_cut": 2,
        "image_url": "https://w.junreimap.com/images/points/262897/f5ob7qv_1780005252173.jpg",
        "location": "御前埼灯台 - 御前崎市",
        "point_id": "f5ob7qv",
        "point_name": "みさき売店",
        "remark": ""
      },
      "type": "Feature"
    },
    {
      "geometry": {
        "coordinates": [
          138.225748,
          34.595702
        ],
        "type": "Point"
      },
      "properties": {
        "bangumi_id": 262897,
        "bangumi_title": "摇曳露营△ 二期",
        "ep_cut": 2,
        "image_url": "https://w.junreimap.com/images/user/1093/bangumi/262897/points/3jjmg6z-1754722520515.jpg",
        "location": "御前埼灯台 - 御前崎市",
        "point_id": "3jjmg6z",
        "point_name": "みさき売店",
        "remark": "左侧的栏杆已经更换。みさき売店的店主是在此工作了60年的住在附近的老奶奶，店内可以买到一些动画周边"
      },
      "type": "Feature"
    },
    {
      "geometry": {
        "coordinates": [
          138.225731,
          34.595593
        ],
        "type": "Point"
      },
      "properties": {
        "bangumi_id": 262897,
        "bangumi_title": "摇曳露营△ 二期",
        "ep_cut": 2,
        "image_url": "https://w.junreimap.com/images/points/262897/f5obhae_1780005264044.jpg",
        "location": "御前埼灯台 - 御前崎市",
        "point_id": "f5obhae",
        "point_name": "みさき売店",
        "remark": ""
      },
      "type": "Feature"
    },
    {
      "geometry": {
        "coordinates": [
          138.225726,
          34.595671
        ],
        "type": "Point"
      },
      "properties": {
        "bangumi_id": 262897,
        "bangumi_title": "摇曳露营△ 二期",
        "ep_cut": 2,
        "image_url": "https://w.junreimap.com/images/points/262897/f5obofs_1780005280418.jpg",
        "location": "御前埼灯台 - 御前崎市",
        "point_id": "f5obofs",
        "point_name": "みさき売店",
        "remark": ""
      },
      "type": "Feature"
    },
    {
      "geometry": {
        "coordinates": [
          138.225703,
          34.595676
        ],
        "type": "Point"
      },
      "properties": {
        "bangumi_id": 262897,
        "bangumi_title": "摇曳露营△ 二期",
        "ep_cut": 2,
        "image_url": "https://w.junreimap.com/images/points/262897/f5obwz9_1780005290561.jpg",
        "location": "御前埼灯台 - 御前崎市",
        "point_id": "f5obwz9",
        "point_name": "みさき売店",
        "remark": ""
      },
      "type": "Feature"
    },
    {
      "geometry": {
        "coordinates": [
          138.225801,
          34.595776
        ],
        "type": "Point"
      },
      "properties": {
        "bangumi_id": 262897,
        "bangumi_title": "摇曳露营△ 二期",
        "ep_cut": 2,
        "image_url": "https://w.junreimap.com/images/user/1093/bangumi/262897/points/3jjofiw-1754722625936.jpg",
        "location": "御前埼灯台 - 御前崎市",
        "point_id": "3jjofiw",
        "point_name": "みさき売店",
        "remark": "栏杆已经更换。みさき売店的店主是在此工作了60年的住在附近的老奶奶，店内可以买到一些动画周边"
      },
      "type": "Feature"
    },
    {
      "geometry": {
        "coordinates": [
          138.225833,
          34.595634
        ],
        "type": "Point"
      },
      "properties": {
        "bangumi_id": 262897,
        "bangumi_title": "摇曳露营△ 二期",
        "ep_cut": 2,
        "image_url": "https://w.junreimap.com/images/points/262897/5fchw27eq_1673452350591.jpg",
        "location": "御前埼灯台 - 御前崎市",
        "point_id": "5fchw27eq",
        "point_name": "犬の足跡",
        "remark": ""
      },
      "type": "Feature"
    },
    {
      "geometry": {
        "coordinates": [
          137.864955,
          34.728948
        ],
        "type": "Point"
      },
      "properties": {
        "bangumi_id": 262897,
        "bangumi_title": "摇曳露营△ 二期",
        "ep_cut": 2,
        "image_url": "https://w.junreimap.com/images/points/262897/f5p02uf_1780006413385.jpg",
        "location": "見付天神矢奈比賣神社 - 磐田市",
        "point_id": "f5p02uf",
        "point_name": "見付天神 矢奈比賣神社 停车场",
        "remark": ""
      },
      "type": "Feature"
    },
    {
      "geometry": {
        "coordinates": [
          137.865039,
          34.729031
        ],
        "type": "Point"
      },
      "properties": {
        "bangumi_id": 262897,
        "bangumi_title": "摇曳露营△ 二期",
        "ep_cut": 2,
        "image_url": "https://w.junreimap.com/images/points/262897/f5p07wu_1780006418461.jpg",
        "location": "見付天神矢奈比賣神社 - 磐田市",
        "point_id": "f5p07wu",
        "point_name": "見付天神 矢奈比賣神社 停车场",
        "remark": ""
      },
      "type": "Feature"
    },
    {
      "geometry": {
        "coordinates": [
          137.863519,
          34.727787
        ],
        "type": "Point"
      },
      "properties": {
        "bangumi_id": 262897,
        "bangumi_title": "摇曳露营△ 二期",
        "ep_cut": 2,
        "image_url": "https://w.junreimap.com/images/user/1093/bangumi/262897/points/3jks2h3-1754724462138.jpg",
        "location": "見付天神矢奈比賣神社 - 磐田市",
        "point_id": "3jks2h3",
        "point_name": "見付天神 矢奈比賣神社 大鳥居",
        "remark": ""
      },
      "type": "Feature"
    },
    {
      "geometry": {
        "coordinates": [
          137.863634,
          34.728072
        ],
        "type": "Point"
      },
      "properties": {
        "bangumi_id": 262897,
        "bangumi_title": "摇曳露营△ 二期",
        "ep_cut": 2,
        "image_url": "https://w.junreimap.com/images/points/262897/f5p2gkz_1780006523174.jpg",
        "location": "見付天神矢奈比賣神社 - 磐田市",
        "point_id": "f5p2gkz",
        "point_name": "見付天神 矢奈比賣神社 大鳥居",
        "remark": ""
      },
      "type": "Feature"
    },
    {
      "geometry": {
        "coordinates": [
          137.863688,
          34.728304
        ],
        "type": "Point"
      },
      "properties": {
        "bangumi_id": 262897,
        "bangumi_title": "摇曳露营△ 二期",
        "ep_cut": 2,
        "image_url": "https://w.junreimap.com/images/user/1020/bangumi/262897/points/gjp1jd3ll-1704824452364.jpg",
        "location": "見付天神矢奈比賣神社 - 磐田市",
        "point_id": "gjp1jd3ll",
        "point_name": "見付天神 矢奈比賣神社 赤鳥居",
        "remark": ""
      },
      "type": "Feature"
    },
    {
      "geometry": {
        "coordinates": [
          137.86377,
          34.728378
        ],
        "type": "Point"
      },
      "properties": {
        "bangumi_id": 262897,
        "bangumi_title": "摇曳露营△ 二期",
        "ep_cut": 2,
        "image_url": "https://w.junreimap.com/images/user/1020/bangumi/262897/points/gjp0uk8o2-1704824393616.jpg",
        "location": "見付天神矢奈比賣神社 - 磐田市",
        "point_id": "gjp0uk8o2",
        "point_name": "見付天神 矢奈比賣神社 霊犬悉平太郎像",
        "remark": ""
      },
      "type": "Feature"
    },
    {
      "geometry": {
        "coordinates": [
          137.863932,
          34.728722
        ],
        "type": "Point"
      },
      "properties": {
        "bangumi_id": 262897,
        "bangumi_title": "摇曳露营△ 二期",
        "ep_cut": 2,
        "image_url": "https://w.junreimap.com/images/points/262897/f5p8ppl_1780006817532.jpg",
        "location": "見付天神矢奈比賣神社 - 磐田市",
        "point_id": "f5p8ppl",
        "point_name": "見付天神 矢奈比賣神社",
        "remark": ""
      },
      "type": "Feature"
    },
    {
      "geometry": {
        "coordinates": [
          137.864076,
          34.729191
        ],
        "type": "Point"
      },
      "properties": {
        "bangumi_id": 262897,
        "bangumi_title": "摇曳露营△ 二期",
        "ep_cut": 2,
        "image_url": "https://w.junreimap.com/images/user/1020/bangumi/262897/points/gjot1s5s2-1704824084582.jpg",
        "location": "見付天神矢奈比賣神社 - 磐田市",
        "point_id": "gjot1s5s2",
        "point_name": "見付天神 矢奈比賣神社 御守贼",
        "remark": ""
      },
      "type": "Feature"
    },
    {
      "geometry": {
        "coordinates": [
          137.864077,
          34.729117
        ],
        "type": "Point"
      },
      "properties": {
        "bangumi_id": 262897,
        "bangumi_title": "摇曳露营△ 二期",
        "ep_cut": 2,
        "image_url": "https://w.junreimap.com/images/points/262897/f5p37dh_1780006563528.jpg",
        "location": "見付天神矢奈比賣神社 - 磐田市",
        "point_id": "f5p37dh",
        "point_name": "見付天神 矢奈比賣神社",
        "remark": ""
      },
      "type": "Feature"
    },
    {
      "geometry": {
        "coordinates": [
          137.864172,
          34.729514
        ],
        "type": "Point"
      },
      "properties": {
        "bangumi_id": 262897,
        "bangumi_title": "摇曳露营△ 二期",
        "ep_cut": 2,
        "image_url": "https://w.junreimap.com/images/user/1020/bangumi/262897/points/gjox4bm7j-1704824174353.jpg",
        "location": "見付天神矢奈比賣神社 - 磐田市",
        "point_id": "gjox4bm7j",
        "point_name": "見付天神 矢奈比賣神社",
        "remark": ""
      },
      "type": "Feature"
    },
    {
      "geometry": {
        "coordinates": [
          137.864101,
          34.729667
        ],
        "type": "Point"
      },
      "properties": {
        "bangumi_id": 262897,
        "bangumi_title": "摇曳露营△ 二期",
        "ep_cut": 1,
        "image_url": "https://w.junreimap.com/images/points/262897/f5o7rqj_1780005102878.jpg",
        "location": "見付天神矢奈比賣神社 - 磐田市",
        "point_id": "f5o7rqj",
        "point_name": "見付天神 矢奈比賣神社",
        "remark": ""
      },
      "type": "Feature"
    },
    {
      "geometry": {
        "coordinates": [
          137.864034,
          34.729717
        ],
        "type": "Point"
      },
      "properties": {
        "bangumi_id": 262897,
        "bangumi_title": "摇曳露营△ 二期",
        "ep_cut": 2,
        "image_url": "https://w.junreimap.com/images/user/1020/bangumi/262897/points/gjoeb01e9-1704823131192.jpg",
        "location": "見付天神矢奈比賣神社 - 磐田市",
        "point_id": "gjoeb01e9",
        "point_name": "見付天神 矢奈比賣神社 願かけ牛(雌)",
        "remark": ""
      },
      "type": "Feature"
    },
    {
      "geometry": {
        "coordinates": [
          137.864092,
          34.729747
        ],
        "type": "Point"
      },
      "properties": {
        "bangumi_id": 262897,
        "bangumi_title": "摇曳露营△ 二期",
        "ep_cut": 2,
        "image_url": "https://w.junreimap.com/images/points/262897/f5p48q7_1780006606049.jpg",
        "location": "見付天神矢奈比賣神社 - 磐田市",
        "point_id": "f5p48q7",
        "point_name": "見付天神 矢奈比賣神社",
        "remark": ""
      },
      "type": "Feature"
    },
    {
      "geometry": {
        "coordinates": [
          137.864123,
          34.729747
        ],
        "type": "Point"
      },
      "properties": {
        "bangumi_id": 262897,
        "bangumi_title": "摇曳露营△ 二期",
        "ep_cut": 2,
        "image_url": "https://w.junreimap.com/images/points/262897/f5p4bw3_1780006610106.jpg",
        "location": "見付天神矢奈比賣神社 - 磐田市",
        "point_id": "f5p4bw3",
        "point_name": "見付天神 矢奈比賣神社",
        "remark": ""
      },
      "type": "Feature"
    },
    {
      "geometry": {
        "coordinates": [
          137.864072,
          34.729746
        ],
        "type": "Point"
      },
      "properties": {
        "bangumi_id": 262897,
        "bangumi_title": "摇曳露营△ 二期",
        "ep_cut": 2,
        "image_url": "https://w.junreimap.com/images/points/262897/f5p4o0u_1780006626028.jpg",
        "location": "見付天神矢奈比賣神社 - 磐田市",
        "point_id": "f5p4o0u",
        "point_name": "見付天神 矢奈比賣神社",
        "remark": ""
      },
      "type": "Feature"
    },
    {
      "geometry": {
        "coordinates": [
          137.864162,
          34.729716
        ],
        "type": "Point"
      },
      "properties": {
        "bangumi_id": 262897,
        "bangumi_title": "摇曳露营△ 二期",
        "ep_cut": 2,
        "image_url": "https://w.junreimap.com/images/points/262897/f5p5axw_1780006657734.jpg",
        "location": "見付天神矢奈比賣神社 - 磐田市",
        "point_id": "f5p5axw",
        "point_name": "見付天神 矢奈比賣神社",
        "remark": ""
      },
      "type": "Feature"
    },
    {
      "geometry": {
        "coordinates": [
          137.864409,
          34.729708
        ],
        "type": "Point"
      },
      "properties": {
        "bangumi_id": 262897,
        "bangumi_title": "摇曳露营△ 二期",
        "ep_cut": 2,
        "image_url": "https://w.junreimap.com/images/user/1093/bangumi/262897/points/3jl1pfi-1754724913661.jpg",
        "location": "見付天神矢奈比賣神社 - 磐田市",
        "point_id": "3jl1pfi",
        "point_name": "神札・御守授与所 御祈祷受付",
        "remark": ""
      },
      "type": "Feature"
    },
    {
      "geometry": {
        "coordinates": [
          137.864307,
          34.729735
        ],
        "type": "Point"
      },
      "properties": {
        "bangumi_id": 262897,
        "bangumi_title": "摇曳露营△ 二期",
        "ep_cut": 2,
        "image_url": "https://w.junreimap.com/images/points/262897/f5p5jsk_1780006667955.jpg",
        "location": "見付天神矢奈比賣神社 - 磐田市",
        "point_id": "f5p5jsk",
        "point_name": "神札・御守授与所 御祈祷受付",
        "remark": ""
      },
      "type": "Feature"
    },
    {
      "geometry": {
        "coordinates": [
          137.864333,
          34.729738
        ],
        "type": "Point"
      },
      "properties": {
        "bangumi_id": 262897,
        "bangumi_title": "摇曳露营△ 二期",
        "ep_cut": 2,
        "image_url": "https://w.junreimap.com/images/points/262897/f5p5pr7_1780006674367.jpg",
        "location": "見付天神矢奈比賣神社 - 磐田市",
        "point_id": "f5p5pr7",
        "point_name": "神札・御守授与所 御祈祷受付",
        "remark": ""
      },
      "type": "Feature"
    },
    {
      "geometry": {
        "coordinates": [
          137.864325,
          34.729639
        ],
        "type": "Point"
      },
      "properties": {
        "bangumi_id": 262897,
        "bangumi_title": "摇曳露营△ 二期",
        "ep_cut": 2,
        "image_url": "https://w.junreimap.com/images/user/1020/bangumi/262897/points/gjp8nhv23-1704824875171.jpg",
        "location": "見付天神矢奈比賣神社 - 磐田市",
        "point_id": "gjp8nhv23",
        "point_name": "神札・御守授与所 御祈祷受付",
        "remark": ""
      },
      "type": "Feature"
    },
    {
      "geometry": {
        "coordinates": [
          137.864685,
          34.73014
        ],
        "type": "Point"
      },
      "properties": {
        "bangumi_id": 262897,
        "bangumi_title": "摇曳露营△ 二期",
        "ep_cut": 2,
        "image_url": "https://w.junreimap.com/images/points/262897/f5p7xpg_1780006780845.jpg",
        "location": "見付天神矢奈比賣神社 - 磐田市",
        "point_id": "f5p7xpg",
        "point_name": "神札・御守授与所 御祈祷受付",
        "remark": ""
      },
      "type": "Feature"
    },
    {
      "geometry": {
        "coordinates": [
          137.86447,
          34.729679
        ],
        "type": "Point"
      },
      "properties": {
        "bangumi_id": 262897,
        "bangumi_title": "摇曳露营△ 二期",
        "ep_cut": 2,
        "image_url": "https://w.junreimap.com/images/points/262897/f5p85c3_1780006788620.jpg",
        "location": "見付天神矢奈比賣神社 - 磐田市",
        "point_id": "f5p85c3",
        "point_name": "神札・御守授与所 御祈祷受付",
        "remark": ""
      },
      "type": "Feature"
    },
    {
      "geometry": {
        "coordinates": [
          137.865026,
          34.732399
        ],
        "type": "Point"
      },
      "properties": {
        "bangumi_id": 262897,
        "bangumi_title": "摇曳露营△ 二期",
        "ep_cut": 2,
        "image_url": "https://w.junreimap.com/images/user/1093/bangumi/262897/points/3jl6867-1754725124107.jpg",
        "location": "見付天神矢奈比賣神社 - 磐田市",
        "point_id": "3jl6867",
        "point_name": "霊犬神社",
        "remark": ""
      },
      "type": "Feature"
    },
    {
      "geometry": {
        "coordinates": [
          137.865018,
          34.732451
        ],
        "type": "Point"
      },
      "properties": {
        "bangumi_id": 262897,
        "bangumi_title": "摇曳露营△ 二期",
        "ep_cut": 2,
        "image_url": "https://w.junreimap.com/images/points/262897/f5p65ss_1780006695836.jpg",
        "location": "見付天神矢奈比賣神社 - 磐田市",
        "point_id": "f5p65ss",
        "point_name": "霊犬神社 太郎之碑",
        "remark": ""
      },
      "type": "Feature"
    },
    {
      "geometry": {
        "coordinates": [
          137.865009,
          34.732452
        ],
        "type": "Point"
      },
      "properties": {
        "bangumi_id": 262897,
        "bangumi_title": "摇曳露营△ 二期",
        "ep_cut": 2,
        "image_url": "https://w.junreimap.com/images/user/1093/bangumi/262897/points/3jl8lpd-1754725252485.jpg",
        "location": "見付天神矢奈比賣神社 - 磐田市",
        "point_id": "3jl8lpd",
        "point_name": "霊犬神社 太郎之碑",
        "remark": ""
      },
      "type": "Feature"
    },
    {
      "geometry": {
        "coordinates": [
          137.865015,
          34.732461
        ],
        "type": "Point"
      },
      "properties": {
        "bangumi_id": 262897,
        "bangumi_title": "摇曳露营△ 二期",
        "ep_cut": 2,
        "image_url": "https://w.junreimap.com/images/user/1093/bangumi/262897/points/3jl7jl1-1754725191569.jpg",
        "location": "見付天神矢奈比賣神社 - 磐田市",
        "point_id": "3jl7jl1",
        "point_name": "霊犬神社 太郎之碑",
        "remark": ""
      },
      "type": "Feature"
    },
    {
      "geometry": {
        "coordinates": [
          137.864899,
          34.731631
        ],
        "type": "Point"
      },
      "properties": {
        "bangumi_id": 262897,
        "bangumi_title": "摇曳露营△ 二期",
        "ep_cut": 2,
        "image_url": "https://w.junreimap.com/images/points/262897/f5p74li_1780006748478.jpg",
        "location": "見付天神矢奈比賣神社 - 磐田市",
        "point_id": "f5p74li",
        "point_name": "つつじ公園",
        "remark": ""
      },
      "type": "Feature"
    },
    {
      "geometry": {
        "coordinates": [
          137.864889,
          34.731586
        ],
        "type": "Point"
      },
      "properties": {
        "bangumi_id": 262897,
        "bangumi_title": "摇曳露营△ 二期",
        "ep_cut": 2,
        "image_url": "https://w.junreimap.com/images/points/262897/f5p7e5h_1780006752652.jpg",
        "location": "見付天神矢奈比賣神社 - 磐田市",
        "point_id": "f5p7e5h",
        "point_name": "つつじ公園",
        "remark": ""
      },
      "type": "Feature"
    },
    {
      "geometry": {
        "coordinates": [
          137.864766,
          34.731
        ],
        "type": "Point"
      },
      "properties": {
        "bangumi_id": 262897,
        "bangumi_title": "摇曳露营△ 二期",
        "ep_cut": 2,
        "image_url": "https://w.junreimap.com/images/points/262897/f5p7j5z_1780006760129.jpg",
        "location": "見付天神矢奈比賣神社 - 磐田市",
        "point_id": "f5p7j5z",
        "point_name": "つつじ公園",
        "remark": ""
      },
      "type": "Feature"
    },
    {
      "geometry": {
        "coordinates": [
          137.864838,
          34.731222
        ],
        "type": "Point"
      },
      "properties": {
        "bangumi_id": 262897,
        "bangumi_title": "摇曳露营△ 二期",
        "ep_cut": 2,
        "image_url": "https://w.junreimap.com/images/points/262897/f5p7mvi_1780006764115.jpg",
        "location": "見付天神矢奈比賣神社 - 磐田市",
        "point_id": "f5p7mvi",
        "point_name": "つつじ公園",
        "remark": ""
      },
      "type": "Feature"
    },
    {
      "geometry": {
        "coordinates": [
          137.864823,
          34.731091
        ],
        "type": "Point"
      },
      "properties": {
        "bangumi_id": 262897,
        "bangumi_title": "摇曳露营△ 二期",
        "ep_cut": 2,
        "image_url": "https://w.junreimap.com/images/points/262897/f5p7s1g_1780006771053.jpg",
        "location": "見付天神矢奈比賣神社 - 磐田市",
        "point_id": "f5p7s1g",
        "point_name": "つつじ公園",
        "remark": ""
      },
      "type": "Feature"
    },
    {
      "geometry": {
        "coordinates": [
          137.807062,
          34.652601
        ],
        "type": "Point"
      },
      "properties": {
        "bangumi_id": 262897,
        "bangumi_title": "摇曳露营△ 二期",
        "ep_cut": 1,
        "image_url": "https://w.junreimap.com/images/points/262897/f5o5klx_1780004990201.jpg",
        "location": "龙洋海洋公园 - 磐田",
        "point_id": "f5o5klx",
        "point_name": "竜洋海洋公園オートキャンプ場",
        "remark": ""
      },
      "type": "Feature"
    },
    {
      "geometry": {
        "coordinates": [
          137.806927,
          34.652606
        ],
        "type": "Point"
      },
      "properties": {
        "bangumi_id": 262897,
        "bangumi_title": "摇曳露营△ 二期",
        "ep_cut": 2,
        "image_url": "https://w.junreimap.com/images/points/262897/f5pcgzn_1780006992057.jpg",
        "location": "龙洋海洋公园 - 磐田",
        "point_id": "f5pcgzn",
        "point_name": "竜洋海洋公園オートキャンプ場",
        "remark": ""
      },
      "type": "Feature"
    },
    {
      "geometry": {
        "coordinates": [
          137.807002,
          34.652418
        ],
        "type": "Point"
      },
      "properties": {
        "bangumi_id": 262897,
        "bangumi_title": "摇曳露营△ 二期",
        "ep_cut": 2,
        "image_url": "https://w.junreimap.com/images/points/262897/f5peo7f_1780007092385.jpg",
        "location": "龙洋海洋公园 - 磐田",
        "point_id": "f5peo7f",
        "point_name": "竜洋海洋公園オートキャンプ場",
        "remark": ""
      },
      "type": "Feature"
    },
    {
      "geometry": {
        "coordinates": [
          137.806981,
          34.652523
        ],
        "type": "Point"
      },
      "properties": {
        "bangumi_id": 262897,
        "bangumi_title": "摇曳露营△ 二期",
        "ep_cut": 2,
        "image_url": "https://w.junreimap.com/images/points/262897/f5peukl_1780007100305.jpg",
        "location": "龙洋海洋公园 - 磐田",
        "point_id": "f5peukl",
        "point_name": "竜洋海洋公園オートキャンプ場",
        "remark": ""
      },
      "type": "Feature"
    },
    {
      "geometry": {
        "coordinates": [
          137.807002,
          34.652321
        ],
        "type": "Point"
      },
      "properties": {
        "bangumi_id": 262897,
        "bangumi_title": "摇曳露营△ 二期",
        "ep_cut": 2,
        "image_url": "https://w.junreimap.com/images/points/262897/f5peyls_1780007105519.jpg",
        "location": "龙洋海洋公园 - 磐田",
        "point_id": "f5peyls",
        "point_name": "竜洋海洋公園オートキャンプ場",
        "remark": ""
      },
      "type": "Feature"
    },
    {
      "geometry": {
        "coordinates": [
          137.806896,
          34.652477
        ],
        "type": "Point"
      },
      "properties": {
        "bangumi_id": 262897,
        "bangumi_title": "摇曳露营△ 二期",
        "ep_cut": 2,
        "image_url": "https://w.junreimap.com/images/points/262897/f5pf1ld_1780007110182.jpg",
        "location": "龙洋海洋公园 - 磐田",
        "point_id": "f5pf1ld",
        "point_name": "竜洋海洋公園オートキャンプ場",
        "remark": ""
      },
      "type": "Feature"
    },
    {
      "geometry": {
        "coordinates": [
          137.807053,
          34.652149
        ],
        "type": "Point"
      },
      "properties": {
        "bangumi_id": 262897,
        "bangumi_title": "摇曳露营△ 二期",
        "ep_cut": 2,
        "image_url": "https://w.junreimap.com/images/points/262897/f5pf7a8_1780007116731.jpg",
        "location": "龙洋海洋公园 - 磐田",
        "point_id": "f5pf7a8",
        "point_name": "竜洋海洋公園オートキャンプ場",
        "remark": ""
      },
      "type": "Feature"
    },
    {
      "geometry": {
        "coordinates": [
          137.803453,
          34.648631
        ],
        "type": "Point"
      },
      "properties": {
        "bangumi_id": 262897,
        "bangumi_title": "摇曳露营△ 二期",
        "ep_cut": 2,
        "image_url": "https://w.junreimap.com/images/points/262897/f5pfbl5_1780007123281.jpg",
        "location": "龙洋海洋公园 - 磐田",
        "point_id": "f5pfbl5",
        "point_name": "竜洋海洋公園オートキャンプ場",
        "remark": ""
      },
      "type": "Feature"
    },
    {
      "geometry": {
        "coordinates": [
          137.806952,
          34.652688
        ],
        "type": "Point"
      },
      "properties": {
        "bangumi_id": 262897,
        "bangumi_title": "摇曳露营△ 二期",
        "ep_cut": 2,
        "image_url": "https://w.junreimap.com/images/points/262897/f5pcosl_1780006999594.jpg",
        "location": "龙洋海洋公园 - 磐田",
        "point_id": "f5pcosl",
        "point_name": "竜洋海洋公園オートキャンプ場",
        "remark": ""
      },
      "type": "Feature"
    },
    {
      "geometry": {
        "coordinates": [
          137.806769,
          34.652527
        ],
        "type": "Point"
      },
      "properties": {
        "bangumi_id": 262897,
        "bangumi_title": "摇曳露营△ 二期",
        "ep_cut": 2,
        "image_url": "https://w.junreimap.com/images/points/262897/f5pdoa2_1780007045784.jpg",
        "location": "龙洋海洋公园 - 磐田",
        "point_id": "f5pdoa2",
        "point_name": "竜洋海洋公園オートキャンプ場",
        "remark": ""
      },
      "type": "Feature"
    },
    {
      "geometry": {
        "coordinates": [
          137.807823,
          34.650113
        ],
        "type": "Point"
      },
      "properties": {
        "bangumi_id": 262897,
        "bangumi_title": "摇曳露营△ 二期",
        "ep_cut": 2,
        "image_url": "https://w.junreimap.com/images/points/262897/f5pdrtj_1780007050434.jpg",
        "location": "龙洋海洋公园 - 磐田",
        "point_id": "f5pdrtj",
        "point_name": "竜洋海洋公園オートキャンプ場",
        "remark": ""
      },
      "type": "Feature"
    },
    {
      "geometry": {
        "coordinates": [
          137.806809,
          34.651246
        ],
        "type": "Point"
      },
      "properties": {
        "bangumi_id": 262897,
        "bangumi_title": "摇曳露营△ 二期",
        "ep_cut": 2,
        "image_url": "https://w.junreimap.com/images/user/1093/bangumi/262897/points/5fchw27ib-1754725367388.jpg",
        "location": "龙洋海洋公园 - 磐田",
        "point_id": "5fchw27ib",
        "point_name": "竜洋海洋公園オートキャンプ場",
        "remark": ""
      },
      "type": "Feature"
    },
    {
      "geometry": {
        "coordinates": [
          137.807114,
          34.652706
        ],
        "type": "Point"
      },
      "properties": {
        "bangumi_id": 262897,
        "bangumi_title": "摇曳露营△ 二期",
        "ep_cut": 2,
        "image_url": "https://w.junreimap.com/images/points/262897/5fchw27rn_1673452353978.jpg",
        "location": "龙洋海洋公园 - 磐田",
        "point_id": "5fchw27rn",
        "point_name": "竜洋海洋公園オートキャンプ場",
        "remark": ""
      },
      "type": "Feature"
    },
    {
      "geometry": {
        "coordinates": [
          137.807152,
          34.652303
        ],
        "type": "Point"
      },
      "properties": {
        "bangumi_id": 262897,
        "bangumi_title": "摇曳露营△ 二期",
        "ep_cut": 2,
        "image_url": "https://w.junreimap.com/images/points/262897/f5qc1wh_1780008650728.jpg",
        "location": "龙洋海洋公园 - 磐田",
        "point_id": "f5qc1wh",
        "point_name": "竜洋海洋公園オートキャンプ場",
        "remark": ""
      },
      "type": "Feature"
    },
    {
      "geometry": {
        "coordinates": [
          137.807166,
          34.652248
        ],
        "type": "Point"
      },
      "properties": {
        "bangumi_id": 262897,
        "bangumi_title": "摇曳露营△ 二期",
        "ep_cut": 2,
        "image_url": "https://w.junreimap.com/images/points/262897/f5qc548_1780008658011.jpg",
        "location": "龙洋海洋公园 - 磐田",
        "point_id": "f5qc548",
        "point_name": "竜洋海洋公園オートキャンプ場",
        "remark": ""
      },
      "type": "Feature"
    },
    {
      "geometry": {
        "coordinates": [
          137.807189,
          34.652185
        ],
        "type": "Point"
      },
      "properties": {
        "bangumi_id": 262897,
        "bangumi_title": "摇曳露营△ 二期",
        "ep_cut": 2,
        "image_url": "https://w.junreimap.com/images/points/262897/f5qca40_1780008662056.jpg",
        "location": "龙洋海洋公园 - 磐田",
        "point_id": "f5qca40",
        "point_name": "竜洋海洋公園オートキャンプ場",
        "remark": ""
      },
      "type": "Feature"
    },
    {
      "geometry": {
        "coordinates": [
          137.807215,
          34.652121
        ],
        "type": "Point"
      },
      "properties": {
        "bangumi_id": 262897,
        "bangumi_title": "摇曳露营△ 二期",
        "ep_cut": 2,
        "image_url": "https://w.junreimap.com/images/points/262897/f5qcdbg_1780008665966.jpg",
        "location": "龙洋海洋公园 - 磐田",
        "point_id": "f5qcdbg",
        "point_name": "竜洋海洋公園オートキャンプ場",
        "remark": ""
      },
      "type": "Feature"
    },
    {
      "geometry": {
        "coordinates": [
          137.805388,
          34.652146
        ],
        "type": "Point"
      },
      "properties": {
        "bangumi_id": 262897,
        "bangumi_title": "摇曳露营△ 二期",
        "ep_cut": 2,
        "image_url": "https://w.junreimap.com/images/points/262897/f5qciqb_1780008672816.jpg",
        "location": "龙洋海洋公园 - 磐田",
        "point_id": "f5qciqb",
        "point_name": "竜洋海洋公園オートキャンプ場",
        "remark": ""
      },
      "type": "Feature"
    },
    {
      "geometry": {
        "coordinates": [
          137.805601,
          34.648352
        ],
        "type": "Point"
      },
      "properties": {
        "bangumi_id": 262897,
        "bangumi_title": "摇曳露营△ 二期",
        "ep_cut": 2,
        "image_url": "https://w.junreimap.com/images/points/262897/f5pe1yi_1780007063735.jpg",
        "location": "龙洋海洋公园 - 磐田",
        "point_id": "f5pe1yi",
        "point_name": "竜洋海洋公園オートキャンプ場",
        "remark": ""
      },
      "type": "Feature"
    },
    {
      "geometry": {
        "coordinates": [
          137.804446,
          34.648521
        ],
        "type": "Point"
      },
      "properties": {
        "bangumi_id": 262897,
        "bangumi_title": "摇曳露营△ 二期",
        "ep_cut": 2,
        "image_url": "https://w.junreimap.com/images/points/262897/f5pe8ey_1780007071747.jpg",
        "location": "龙洋海洋公园 - 磐田",
        "point_id": "f5pe8ey",
        "point_name": "竜洋海洋公園オートキャンプ場",
        "remark": ""
      },
      "type": "Feature"
    },
    {
      "geometry": {
        "coordinates": [
          137.806634,
          34.65221
        ],
        "type": "Point"
      },
      "properties": {
        "bangumi_id": 262897,
        "bangumi_title": "摇曳露营△ 二期",
        "ep_cut": 2,
        "image_url": "https://w.junreimap.com/images/user/1093/bangumi/262897/points/3jm9w6f-1754726978854.jpg",
        "location": "龙洋海洋公园 - 磐田",
        "point_id": "3jm9w6f",
        "point_name": "ピザ移動販売",
        "remark": ""
      },
      "type": "Feature"
    },
    {
      "geometry": {
        "coordinates": [
          137.80263,
          34.647681
        ],
        "type": "Point"
      },
      "properties": {
        "bangumi_id": 262897,
        "bangumi_title": "摇曳露营△ 二期",
        "ep_cut": 2,
        "image_url": "https://w.junreimap.com/images/user/1093/bangumi/262897/points/3jllkva-1754725838513.jpg",
        "location": "龙洋海洋公园 - 磐田",
        "point_id": "3jllkva",
        "point_name": "掛塚灯台",
        "remark": ""
      },
      "type": "Feature"
    },
    {
      "geometry": {
        "coordinates": [
          137.802499,
          34.647873
        ],
        "type": "Point"
      },
      "properties": {
        "bangumi_id": 262897,
        "bangumi_title": "摇曳露营△ 二期",
        "ep_cut": 2,
        "image_url": "https://w.junreimap.com/images/points/262897/5fchw27ut_1673452355551.jpg",
        "location": "龙洋海洋公园 - 磐田",
        "point_id": "5fchw27ut",
        "point_name": "掛塚灯台",
        "remark": ""
      },
      "type": "Feature"
    },
    {
      "geometry": {
        "coordinates": [
          137.807629,
          34.650456
        ],
        "type": "Point"
      },
      "properties": {
        "bangumi_id": 262897,
        "bangumi_title": "摇曳露营△ 二期",
        "ep_cut": 2,
        "image_url": "https://w.junreimap.com/images/points/262897/5fchw27j0_1673452354998.jpg",
        "location": "龙洋海洋公园 - 磐田",
        "point_id": "5fchw27j0",
        "point_name": "しおさい竜洋なぎさ広場",
        "remark": ""
      },
      "type": "Feature"
    },
    {
      "geometry": {
        "coordinates": [
          137.806972,
          34.652772
        ],
        "type": "Point"
      },
      "properties": {
        "bangumi_id": 262897,
        "bangumi_title": "摇曳露营△ 二期",
        "ep_cut": 2,
        "image_url": "https://w.junreimap.com/images/user/1093/bangumi/262897/points/3jm58lm-1754726771022.jpg",
        "location": "龙洋海洋公园 - 磐田",
        "point_id": "3jm58lm",
        "point_name": "竜洋海洋公園 オートキャンプ場",
        "remark": ""
      },
      "type": "Feature"
    },
    {
      "geometry": {
        "coordinates": [
          137.806518,
          34.653456
        ],
        "type": "Point"
      },
      "properties": {
        "bangumi_id": 262897,
        "bangumi_title": "摇曳露营△ 二期",
        "ep_cut": 3,
        "image_url": "https://w.junreimap.com/images/points/262897/5fchw288d_1673452362179.jpg",
        "location": "龙洋海洋公园 - 磐田",
        "point_id": "5fchw288d",
        "point_name": "竜洋海洋公園  北侧",
        "remark": ""
      },
      "type": "Feature"
    },
    {
      "geometry": {
        "coordinates": [
          137.807046,
          34.650205
        ],
        "type": "Point"
      },
      "properties": {
        "bangumi_id": 262897,
        "bangumi_title": "摇曳露营△ 二期",
        "ep_cut": 2,
        "image_url": "https://w.junreimap.com/images/points/262897/f5pcwcu_1780007009998.jpg",
        "location": "龙洋海洋公园 - 磐田",
        "point_id": "f5pcwcu",
        "point_name": "竜洋海洋公園",
        "remark": ""
      },
      "type": "Feature"
    },
    {
      "geometry": {
        "coordinates": [
          137.805888,
          34.648499
        ],
        "type": "Point"
      },
      "properties": {
        "bangumi_id": 262897,
        "bangumi_title": "摇曳露营△ 二期",
        "ep_cut": 2,
        "image_url": "https://w.junreimap.com/images/user/1093/bangumi/262897/points/3jliwtc-1754725719546.jpg",
        "location": "龙洋海洋公园 - 磐田",
        "point_id": "3jliwtc",
        "point_name": "掛塚灯台",
        "remark": "此处已经修成了海堤，右侧风力发电机已经拆除"
      },
      "type": "Feature"
    },
    {
      "geometry": {
        "coordinates": [
          138.452959,
          35.361317
        ],
        "type": "Point"
      },
      "properties": {
        "bangumi_id": 262897,
        "bangumi_title": "摇曳露营△ 二期",
        "ep_cut": 4,
        "image_url": "https://w.junreimap.com/images/points/262897/5fchw27xj_1673452379008.jpg",
        "location": "身延",
        "point_id": "5fchw27xj",
        "point_name": "身延駅内 1号站台",
        "remark": ""
      },
      "type": "Feature"
    },
    {
      "geometry": {
        "coordinates": [
          138.453103,
          35.361415
        ],
        "type": "Point"
      },
      "properties": {
        "bangumi_id": 262897,
        "bangumi_title": "摇曳露营△ 二期",
        "ep_cut": 4,
        "image_url": "https://w.junreimap.com/images/points/262897/gcdp5xa_1782587471685.webp",
        "location": "身延",
        "point_id": "gcdp5xa",
        "point_name": "身延駅内 2/3号站台",
        "remark": ""
      },
      "type": "Feature"
    },
    {
      "geometry": {
        "coordinates": [
          138.453107,
          35.36143
        ],
        "type": "Point"
      },
      "properties": {
        "bangumi_id": 262897,
        "bangumi_title": "摇曳露营△ 二期",
        "ep_cut": 4,
        "image_url": "https://w.junreimap.com/images/points/262897/gcdq2mj_1782587514532.webp",
        "location": "身延",
        "point_id": "gcdq2mj",
        "point_name": "身延駅内 2/3号站台",
        "remark": ""
      },
      "type": "Feature"
    },
    {
      "geometry": {
        "coordinates": [
          138.453095,
          35.361426
        ],
        "type": "Point"
      },
      "properties": {
        "bangumi_id": 262897,
        "bangumi_title": "摇曳露营△ 二期",
        "ep_cut": 4,
        "image_url": "https://w.junreimap.com/images/points/262897/gcdq6a7_1782587519024.webp",
        "location": "身延",
        "point_id": "gcdq6a7",
        "point_name": "身延駅内 2/3号站台",
        "remark": ""
      },
      "type": "Feature"
    },
    {
      "geometry": {
        "coordinates": [
          138.45312,
          35.361415
        ],
        "type": "Point"
      },
      "properties": {
        "bangumi_id": 262897,
        "bangumi_title": "摇曳露营△ 二期",
        "ep_cut": 4,
        "image_url": "https://w.junreimap.com/images/points/262897/gcdqa6o_1782587525646.webp",
        "location": "身延",
        "point_id": "gcdqa6o",
        "point_name": "身延駅内 2/3号站台",
        "remark": ""
      },
      "type": "Feature"
    },
    {
      "geometry": {
        "coordinates": [
          138.453108,
          35.361445
        ],
        "type": "Point"
      },
      "properties": {
        "bangumi_id": 262897,
        "bangumi_title": "摇曳露营△ 二期",
        "ep_cut": 4,
        "image_url": "https://w.junreimap.com/images/points/262897/gcdqeb4_1782587529172.webp",
        "location": "身延",
        "point_id": "gcdqeb4",
        "point_name": "身延駅内 2/3号站台",
        "remark": ""
      },
      "type": "Feature"
    },
    {
      "geometry": {
        "coordinates": [
          138.45311,
          35.361452
        ],
        "type": "Point"
      },
      "properties": {
        "bangumi_id": 262897,
        "bangumi_title": "摇曳露营△ 二期",
        "ep_cut": 4,
        "image_url": "https://w.junreimap.com/images/points/262897/gcdqgiw_1782587532484.webp",
        "location": "身延",
        "point_id": "gcdqgiw",
        "point_name": "身延駅内 2/3号站台",
        "remark": ""
      },
      "type": "Feature"
    },
    {
      "geometry": {
        "coordinates": [
          138.453111,
          35.361461
        ],
        "type": "Point"
      },
      "properties": {
        "bangumi_id": 262897,
        "bangumi_title": "摇曳露营△ 二期",
        "ep_cut": 4,
        "image_url": "https://w.junreimap.com/images/points/262897/gcdqj9c_1782587535643.webp",
        "location": "身延",
        "point_id": "gcdqj9c",
        "point_name": "身延駅内 2/3号站台",
        "remark": ""
      },
      "type": "Feature"
    },
    {
      "geometry": {
        "coordinates": [
          138.453115,
          35.361473
        ],
        "type": "Point"
      },
      "properties": {
        "bangumi_id": 262897,
        "bangumi_title": "摇曳露营△ 二期",
        "ep_cut": 4,
        "image_url": "https://w.junreimap.com/images/points/262897/gcdrbq5_1782587572622.webp",
        "location": "身延",
        "point_id": "gcdrbq5",
        "point_name": "身延駅内 2/3号站台",
        "remark": ""
      },
      "type": "Feature"
    },
    {
      "geometry": {
        "coordinates": [
          138.453194,
          35.36144
        ],
        "type": "Point"
      },
      "properties": {
        "bangumi_id": 262897,
        "bangumi_title": "摇曳露营△ 二期",
        "ep_cut": 4,
        "image_url": "https://w.junreimap.com/images/points/262897/gcdqm2b_1782587539232.webp",
        "location": "身延",
        "point_id": "gcdqm2b",
        "point_name": "JR身延駅 电车内",
        "remark": ""
      },
      "type": "Feature"
    },
    {
      "geometry": {
        "coordinates": [
          138.453193,
          35.361421
        ],
        "type": "Point"
      },
      "properties": {
        "bangumi_id": 262897,
        "bangumi_title": "摇曳露营△ 二期",
        "ep_cut": 4,
        "image_url": "https://w.junreimap.com/images/points/262897/gcdqpqj_1782587544028.webp",
        "location": "身延",
        "point_id": "gcdqpqj",
        "point_name": "JR身延駅 电车内",
        "remark": ""
      },
      "type": "Feature"
    },
    {
      "geometry": {
        "coordinates": [
          138.453121,
          35.361443
        ],
        "type": "Point"
      },
      "properties": {
        "bangumi_id": 262897,
        "bangumi_title": "摇曳露营△ 二期",
        "ep_cut": 4,
        "image_url": "https://w.junreimap.com/images/points/262897/5fchw284y_1673452380090.jpg",
        "location": "身延",
        "point_id": "5fchw284y",
        "point_name": "身延駅内 2/3号站台",
        "remark": ""
      },
      "type": "Feature"
    },
    {
      "geometry": {
        "coordinates": [
          138.453099,
          35.361389
        ],
        "type": "Point"
      },
      "properties": {
        "bangumi_id": 262897,
        "bangumi_title": "摇曳露营△ 二期",
        "ep_cut": 4,
        "image_url": "https://w.junreimap.com/images/points/262897/gcdowh4_1782587459511.webp",
        "location": "身延",
        "point_id": "gcdowh4",
        "point_name": "身延駅内 地下通道",
        "remark": ""
      },
      "type": "Feature"
    },
    {
      "geometry": {
        "coordinates": [
          138.453026,
          35.361381
        ],
        "type": "Point"
      },
      "properties": {
        "bangumi_id": 262897,
        "bangumi_title": "摇曳露营△ 二期",
        "ep_cut": 4,
        "image_url": "https://w.junreimap.com/images/points/262897/5fchw28ci_1673452379535.jpg",
        "location": "身延",
        "point_id": "5fchw28ci",
        "point_name": "身延駅内 地下連絡通路",
        "remark": ""
      },
      "type": "Feature"
    },
    {
      "geometry": {
        "coordinates": [
          138.453096,
          35.361376
        ],
        "type": "Point"
      },
      "properties": {
        "bangumi_id": 262897,
        "bangumi_title": "摇曳露营△ 二期",
        "ep_cut": 4,
        "image_url": "https://w.junreimap.com/images/points/262897/gcdosnk_1782587456775.webp",
        "location": "身延",
        "point_id": "gcdosnk",
        "point_name": "身延駅内 地下通道",
        "remark": ""
      },
      "type": "Feature"
    },
    {
      "geometry": {
        "coordinates": [
          138.453101,
          35.361404
        ],
        "type": "Point"
      },
      "properties": {
        "bangumi_id": 262897,
        "bangumi_title": "摇曳露营△ 二期",
        "ep_cut": 4,
        "image_url": "https://w.junreimap.com/images/points/262897/gcdoyo4_1782587462560.webp",
        "location": "身延",
        "point_id": "gcdoyo4",
        "point_name": "身延駅内 地下通道",
        "remark": ""
      },
      "type": "Feature"
    },
    {
      "geometry": {
        "coordinates": [
          138.45289,
          35.361258
        ],
        "type": "Point"
      },
      "properties": {
        "bangumi_id": 262897,
        "bangumi_title": "摇曳露营△ 二期",
        "ep_cut": 4,
        "image_url": "https://w.junreimap.com/images/user/1020/bangumi/262897/points/gjpbf6uml-1704825060835.jpg",
        "location": "身延",
        "point_id": "gjpbf6uml",
        "point_name": "身延駅内",
        "remark": ""
      },
      "type": "Feature"
    },
    {
      "geometry": {
        "coordinates": [
          138.452766,
          35.361196
        ],
        "type": "Point"
      },
      "properties": {
        "bangumi_id": 262897,
        "bangumi_title": "摇曳露营△ 二期",
        "ep_cut": 4,
        "image_url": "https://w.junreimap.com/images/points/262897/5fchw28hr_1673452378508.jpg",
        "location": "身延",
        "point_id": "5fchw28hr",
        "point_name": "身延駅 前",
        "remark": ""
      },
      "type": "Feature"
    },
    {
      "geometry": {
        "coordinates": [
          138.452374,
          35.361557
        ],
        "type": "Point"
      },
      "properties": {
        "bangumi_id": 262897,
        "bangumi_title": "摇曳露营△ 二期",
        "ep_cut": 4,
        "image_url": "https://w.junreimap.com/images/points/262897/gcdoiyy_1782587441957.webp",
        "location": "身延",
        "point_id": "gcdoiyy",
        "point_name": "栄昇堂北侧（富士川河岸）",
        "remark": ""
      },
      "type": "Feature"
    },
    {
      "geometry": {
        "coordinates": [
          138.452256,
          35.361938
        ],
        "type": "Point"
      },
      "properties": {
        "bangumi_id": 262897,
        "bangumi_title": "摇曳露营△ 二期",
        "ep_cut": 6,
        "image_url": "https://w.junreimap.com/images/points/262897/gcdgmp4_1782587075408.webp",
        "location": "身延",
        "point_id": "gcdgmp4",
        "point_name": "栄昇堂北侧（富士川河岸）",
        "remark": "需要到下方的步道朝东面拍摄"
      },
      "type": "Feature"
    },
    {
      "geometry": {
        "coordinates": [
          138.452247,
          35.361892
        ],
        "type": "Point"
      },
      "properties": {
        "bangumi_id": 262897,
        "bangumi_title": "摇曳露营△ 二期",
        "ep_cut": 6,
        "image_url": "https://w.junreimap.com/images/points/262897/gcdgwvt_1782587087041.webp",
        "location": "身延",
        "point_id": "gcdgwvt",
        "point_name": "栄昇堂北侧（富士川河岸）",
        "remark": "需要到下方的步道朝东面拍摄"
      },
      "type": "Feature"
    },
    {
      "geometry": {
        "coordinates": [
          138.452324,
          35.361924
        ],
        "type": "Point"
      },
      "properties": {
        "bangumi_id": 262897,
        "bangumi_title": "摇曳露营△ 二期",
        "ep_cut": 6,
        "image_url": "https://w.junreimap.com/images/points/262897/gcdhl13_1782587118273.webp",
        "location": "身延",
        "point_id": "gcdhl13",
        "point_name": "栄昇堂北侧（富士川河岸）",
        "remark": ""
      },
      "type": "Feature"
    },
    {
      "geometry": {
        "coordinates": [
          138.452399,
          35.361806
        ],
        "type": "Point"
      },
      "properties": {
        "bangumi_id": 262897,
        "bangumi_title": "摇曳露营△ 二期",
        "ep_cut": 4,
        "image_url": "https://w.junreimap.com/images/points/262897/5fchw2863_1673452378002.jpg",
        "location": "身延",
        "point_id": "5fchw2863",
        "point_name": "栄昇堂北侧（富士川河岸）",
        "remark": ""
      },
      "type": "Feature"
    },
    {
      "geometry": {
        "coordinates": [
          138.452388,
          35.361761
        ],
        "type": "Point"
      },
      "properties": {
        "bangumi_id": 262897,
        "bangumi_title": "摇曳露营△ 二期",
        "ep_cut": 4,
        "image_url": "https://w.junreimap.com/images/points/262897/gcds7u3_1782587614570.webp",
        "location": "身延",
        "point_id": "gcds7u3",
        "point_name": "栄昇堂北侧（富士川河岸）",
        "remark": ""
      },
      "type": "Feature"
    },
    {
      "geometry": {
        "coordinates": [
          138.452422,
          35.362136
        ],
        "type": "Point"
      },
      "properties": {
        "bangumi_id": 262897,
        "bangumi_title": "摇曳露营△ 二期",
        "ep_cut": 4,
        "image_url": "https://w.junreimap.com/images/points/262897/gcdo1ak_1782587419391.webp",
        "location": "身延",
        "point_id": "gcdo1ak",
        "point_name": "栄昇堂北侧（富士川河岸）",
        "remark": "附近随便找个路灯就行"
      },
      "type": "Feature"
    },
    {
      "geometry": {
        "coordinates": [
          138.45244,
          35.362182
        ],
        "type": "Point"
      },
      "properties": {
        "bangumi_id": 262897,
        "bangumi_title": "摇曳露营△ 二期",
        "ep_cut": 4,
        "image_url": "https://w.junreimap.com/images/points/262897/gcdobxr_1782587432818.webp",
        "location": "身延",
        "point_id": "gcdobxr",
        "point_name": "栄昇堂北侧（富士川河岸）",
        "remark": ""
      },
      "type": "Feature"
    },
    {
      "geometry": {
        "coordinates": [
          138.452418,
          35.362015
        ],
        "type": "Point"
      },
      "properties": {
        "bangumi_id": 262897,
        "bangumi_title": "摇曳露营△ 二期",
        "ep_cut": 4,
        "image_url": "https://w.junreimap.com/images/points/262897/gcdrwm0_1782587599959.webp",
        "location": "身延",
        "point_id": "gcdrwm0",
        "point_name": "栄昇堂北侧（富士川河岸）",
        "remark": ""
      },
      "type": "Feature"
    },
    {
      "geometry": {
        "coordinates": [
          138.452413,
          35.361977
        ],
        "type": "Point"
      },
      "properties": {
        "bangumi_id": 262897,
        "bangumi_title": "摇曳露营△ 二期",
        "ep_cut": 4,
        "image_url": "https://w.junreimap.com/images/points/262897/gcdrza6_1782587602980.webp",
        "location": "身延",
        "point_id": "gcdrza6",
        "point_name": "栄昇堂北侧（富士川河岸）",
        "remark": ""
      },
      "type": "Feature"
    },
    {
      "geometry": {
        "coordinates": [
          138.452823,
          35.363372
        ],
        "type": "Point"
      },
      "properties": {
        "bangumi_id": 262897,
        "bangumi_title": "摇曳露营△ 二期",
        "ep_cut": 4,
        "image_url": "https://w.junreimap.com/images/points/262897/5fchw28b8_1673452377457.jpg",
        "location": "身延",
        "point_id": "5fchw28b8",
        "point_name": "願い橋",
        "remark": ""
      },
      "type": "Feature"
    },
    {
      "geometry": {
        "coordinates": [
          138.452097,
          35.365275
        ],
        "type": "Point"
      },
      "properties": {
        "bangumi_id": 262897,
        "bangumi_title": "摇曳露营△ 二期",
        "ep_cut": 2,
        "image_url": "https://w.junreimap.com/images/points/262897/f5qqnjc_1780009333988.jpg",
        "location": "身延",
        "point_id": "f5qqnjc",
        "point_name": "（右）富士川身延桥北侧",
        "remark": "右侧的图是富士川身延桥北侧段"
      },
      "type": "Feature"
    },
    {
      "geometry": {
        "coordinates": [
          138.440382,
          35.372169
        ],
        "type": "Point"
      },
      "properties": {
        "bangumi_id": 262897,
        "bangumi_title": "摇曳露营△ 二期",
        "ep_cut": 1,
        "image_url": "https://w.junreimap.com/images/points/262897/gcdk686_1782587238793.webp",
        "location": "身延",
        "point_id": "gcdk686",
        "point_name": "波木井川河川敷",
        "remark": ""
      },
      "type": "Feature"
    },
    {
      "geometry": {
        "coordinates": [
          138.440361,
          35.37217
        ],
        "type": "Point"
      },
      "properties": {
        "bangumi_id": 262897,
        "bangumi_title": "摇曳露营△ 二期",
        "ep_cut": 1,
        "image_url": "https://w.junreimap.com/images/points/262897/gcdkh21_1782587252761.webp",
        "location": "身延",
        "point_id": "gcdkh21",
        "point_name": "波木井川河川敷",
        "remark": ""
      },
      "type": "Feature"
    },
    {
      "geometry": {
        "coordinates": [
          138.440386,
          35.372142
        ],
        "type": "Point"
      },
      "properties": {
        "bangumi_id": 262897,
        "bangumi_title": "摇曳露营△ 二期",
        "ep_cut": 1,
        "image_url": "https://w.junreimap.com/images/points/262897/gcdkkhp_1782587257465.webp",
        "location": "身延",
        "point_id": "gcdkkhp",
        "point_name": "波木井川河川敷",
        "remark": ""
      },
      "type": "Feature"
    },
    {
      "geometry": {
        "coordinates": [
          138.440334,
          35.372174
        ],
        "type": "Point"
      },
      "properties": {
        "bangumi_id": 262897,
        "bangumi_title": "摇曳露营△ 二期",
        "ep_cut": 1,
        "image_url": "https://w.junreimap.com/images/points/262897/gcdkmxn_1782587260372.webp",
        "location": "身延",
        "point_id": "gcdkmxn",
        "point_name": "波木井川河川敷",
        "remark": "实际上这里草坪下方全是废弃物"
      },
      "type": "Feature"
    },
    {
      "geometry": {
        "coordinates": [
          138.440314,
          35.372214
        ],
        "type": "Point"
      },
      "properties": {
        "bangumi_id": 262897,
        "bangumi_title": "摇曳露营△ 二期",
        "ep_cut": 1,
        "image_url": "https://w.junreimap.com/images/points/262897/5fchw27fb_1673452344033.jpg",
        "location": "身延",
        "point_id": "5fchw27fb",
        "point_name": "波木井川河川敷",
        "remark": ""
      },
      "type": "Feature"
    },
    {
      "geometry": {
        "coordinates": [
          138.441007,
          35.37164
        ],
        "type": "Point"
      },
      "properties": {
        "bangumi_id": 262897,
        "bangumi_title": "摇曳露营△ 二期",
        "ep_cut": 1,
        "image_url": "https://w.junreimap.com/images/points/262897/gcdiyhc_1782587183690.webp",
        "location": "身延",
        "point_id": "gcdiyhc",
        "point_name": "身延郵便局",
        "remark": "可从外侧小路朝车库门右侧拍摄，请勿入内"
      },
      "type": "Feature"
    },
    {
      "geometry": {
        "coordinates": [
          138.441352,
          35.371619
        ],
        "type": "Point"
      },
      "properties": {
        "bangumi_id": 262897,
        "bangumi_title": "摇曳露营△ 二期",
        "ep_cut": 1,
        "image_url": "https://w.junreimap.com/images/user/1093/bangumi/262897/points/3jj9uxq-1754721944782.jpg",
        "location": "身延",
        "point_id": "3jj9uxq",
        "point_name": "身延郵便局",
        "remark": "里面有抚子等身立牌和抚子送邮件时骑的红色自行车原型，也有动画周边贩卖（明信片之类的）"
      },
      "type": "Feature"
    },
    {
      "geometry": {
        "coordinates": [
          138.44111,
          35.371643
        ],
        "type": "Point"
      },
      "properties": {
        "bangumi_id": 262897,
        "bangumi_title": "摇曳露营△ 二期",
        "ep_cut": 1,
        "image_url": "https://w.junreimap.com/images/points/262897/5fchw27n0_1673452343295.jpg",
        "location": "身延",
        "point_id": "5fchw27n0",
        "point_name": "身延郵便局",
        "remark": "此画面是邮局西侧的门（邮局里面有抚子等身立牌和抚子送邮件时骑的红色自行车原型，也有动画周边贩卖（明信片之类的）"
      },
      "type": "Feature"
    },
    {
      "geometry": {
        "coordinates": [
          138.446088,
          35.377121
        ],
        "type": "Point"
      },
      "properties": {
        "bangumi_id": 262897,
        "bangumi_title": "摇曳露营△ 二期",
        "ep_cut": 1,
        "image_url": "https://w.junreimap.com/images/points/262897/5fchw27ir_1673452342789.jpg",
        "location": "身延",
        "point_id": "5fchw27ir",
        "point_name": "波木井",
        "remark": ""
      },
      "type": "Feature"
    },
    {
      "geometry": {
        "coordinates": [
          138.446122,
          35.37718
        ],
        "type": "Point"
      },
      "properties": {
        "bangumi_id": 262897,
        "bangumi_title": "摇曳露营△ 二期",
        "ep_cut": 1,
        "image_url": "https://w.junreimap.com/images/points/262897/gcdhwcw_1782587132869.webp",
        "location": "身延",
        "point_id": "gcdhwcw",
        "point_name": "波木井",
        "remark": ""
      },
      "type": "Feature"
    },
    {
      "geometry": {
        "coordinates": [
          138.44386,
          35.371632
        ],
        "type": "Point"
      },
      "properties": {
        "bangumi_id": 262897,
        "bangumi_title": "摇曳露营△ 二期",
        "ep_cut": 1,
        "image_url": "https://w.junreimap.com/images/points/262897/5fchw27tw_1673452344509.jpg",
        "location": "身延",
        "point_id": "5fchw27tw",
        "point_name": "波木井橋",
        "remark": ""
      },
      "type": "Feature"
    },
    {
      "geometry": {
        "coordinates": [
          138.443867,
          35.371655
        ],
        "type": "Point"
      },
      "properties": {
        "bangumi_id": 262897,
        "bangumi_title": "摇曳露营△ 二期",
        "ep_cut": 1,
        "image_url": "https://w.junreimap.com/images/points/262897/gcdlese_1782587296639.webp",
        "location": "身延",
        "point_id": "gcdlese",
        "point_name": "波木井橋",
        "remark": ""
      },
      "type": "Feature"
    },
    {
      "geometry": {
        "coordinates": [
          138.448395,
          35.380811
        ],
        "type": "Point"
      },
      "properties": {
        "bangumi_id": 262897,
        "bangumi_title": "摇曳露营△ 二期",
        "ep_cut": 2,
        "image_url": "https://w.junreimap.com/images/points/262897/5fchw27w0_1673452358395.jpg",
        "location": "身延",
        "point_id": "5fchw27w0",
        "point_name": "身延鈑金 附近",
        "remark": ""
      },
      "type": "Feature"
    },
    {
      "geometry": {
        "coordinates": [
          138.424679,
          35.381596
        ],
        "type": "Point"
      },
      "properties": {
        "bangumi_id": 262897,
        "bangumi_title": "摇曳露营△ 二期",
        "ep_cut": 1,
        "image_url": "https://w.junreimap.com/images/points/262897/ceug4lu_1774102691762_cut.jpg",
        "location": "身延",
        "point_id": "ceug4lu",
        "point_name": "身延山久遠寺 本堂",
        "remark": ""
      },
      "type": "Feature"
    },
    {
      "geometry": {
        "coordinates": [
          138.424781,
          35.383193
        ],
        "type": "Point"
      },
      "properties": {
        "bangumi_id": 262897,
        "bangumi_title": "摇曳露营△ 二期",
        "ep_cut": 2,
        "image_url": "https://w.junreimap.com/images/points/262897/gce4068_1782588165206.webp",
        "location": "身延",
        "point_id": "gce4068",
        "point_name": "身延山奥之院 缆车入口",
        "remark": "在缆车入口南侧的小道上可以拍到旗帜"
      },
      "type": "Feature"
    },
    {
      "geometry": {
        "coordinates": [
          138.424762,
          35.383482
        ],
        "type": "Point"
      },
      "properties": {
        "bangumi_id": 262897,
        "bangumi_title": "摇曳露营△ 二期",
        "ep_cut": 2,
        "image_url": "https://w.junreimap.com/images/points/262897/5fchw27pw_1673452356498.jpg",
        "location": "身延",
        "point_id": "5fchw27pw",
        "point_name": "身延山奥之院 缆车入口",
        "remark": ""
      },
      "type": "Feature"
    },
    {
      "geometry": {
        "coordinates": [
          138.424632,
          35.383896
        ],
        "type": "Point"
      },
      "properties": {
        "bangumi_id": 262897,
        "bangumi_title": "摇曳露营△ 二期",
        "ep_cut": 2,
        "image_url": "https://w.junreimap.com/images/points/262897/gce4f75_1782588183856.webp",
        "location": "身延",
        "point_id": "gce4f75",
        "point_name": "身延山奥之院 缆车入口",
        "remark": ""
      },
      "type": "Feature"
    },
    {
      "geometry": {
        "coordinates": [
          138.424237,
          35.384423
        ],
        "type": "Point"
      },
      "properties": {
        "bangumi_id": 262897,
        "bangumi_title": "摇曳露营△ 二期",
        "ep_cut": 2,
        "image_url": "https://w.junreimap.com/images/points/262897/gce4jh5_1782588189324.webp",
        "location": "身延",
        "point_id": "gce4jh5",
        "point_name": "身延山奥之院 缆车入口",
        "remark": "可以通过拍摄反方向缆车实现"
      },
      "type": "Feature"
    },
    {
      "geometry": {
        "coordinates": [
          138.423895,
          35.384969
        ],
        "type": "Point"
      },
      "properties": {
        "bangumi_id": 262897,
        "bangumi_title": "摇曳露营△ 二期",
        "ep_cut": 2,
        "image_url": "https://w.junreimap.com/images/points/262897/gce4ns1_1782588194557.webp",
        "location": "身延",
        "point_id": "gce4ns1",
        "point_name": "身延山奥之院 缆车入口",
        "remark": "理论上底下的登山道可以从下往上拍到缆车，但我没实际爬过，不能确定"
      },
      "type": "Feature"
    },
    {
      "geometry": {
        "coordinates": [
          138.423761,
          35.385228
        ],
        "type": "Point"
      },
      "properties": {
        "bangumi_id": 262897,
        "bangumi_title": "摇曳露营△ 二期",
        "ep_cut": 2,
        "image_url": "https://w.junreimap.com/images/points/262897/gce4qa5_1782588197640.webp",
        "location": "身延",
        "point_id": "gce4qa5",
        "point_name": "身延山奥之院 缆车入口",
        "remark": "缆车内通常人很多"
      },
      "type": "Feature"
    },
    {
      "geometry": {
        "coordinates": [
          138.418652,
          35.39332
        ],
        "type": "Point"
      },
      "properties": {
        "bangumi_id": 262897,
        "bangumi_title": "摇曳露营△ 二期",
        "ep_cut": 2,
        "image_url": "https://w.junreimap.com/images/points/262897/gce4t7x_1782588202202.webp",
        "location": "身延",
        "point_id": "gce4t7x",
        "point_name": "身延山奥之院 缆车入口",
        "remark": "大约在爬升到中段之后可以拍到同样的景色。由于末班缆车在傍晚，想拍夜景的话可能需要等到冬天。"
      },
      "type": "Feature"
    },
    {
      "geometry": {
        "coordinates": [
          138.417458,
          35.395459
        ],
        "type": "Point"
      },
      "properties": {
        "bangumi_id": 262897,
        "bangumi_title": "摇曳露营△ 二期",
        "ep_cut": 2,
        "image_url": "https://w.junreimap.com/images/points/262897/gce5180_1782588212542.webp",
        "location": "身延",
        "point_id": "gce5180",
        "point_name": "身延山奥之院 缆车入口",
        "remark": ""
      },
      "type": "Feature"
    },
    {
      "geometry": {
        "coordinates": [
          138.417178,
          35.395898
        ],
        "type": "Point"
      },
      "properties": {
        "bangumi_id": 262897,
        "bangumi_title": "摇曳露营△ 二期",
        "ep_cut": 2,
        "image_url": "https://w.junreimap.com/images/points/262897/gce6om2_1782588307530.webp",
        "location": "身延",
        "point_id": "gce6om2",
        "point_name": "身延山奥之院 山上",
        "remark": "有少量摇曳露营联动商品在售"
      },
      "type": "Feature"
    },
    {
      "geometry": {
        "coordinates": [
          138.417164,
          35.395931
        ],
        "type": "Point"
      },
      "properties": {
        "bangumi_id": 262897,
        "bangumi_title": "摇曳露营△ 二期",
        "ep_cut": 2,
        "image_url": "https://w.junreimap.com/images/points/262897/gce75ou_1782588310981.webp",
        "location": "身延",
        "point_id": "gce75ou",
        "point_name": "身延山奥之院 山上",
        "remark": "有少量摇曳露营联动商品在售"
      },
      "type": "Feature"
    },
    {
      "geometry": {
        "coordinates": [
          138.417151,
          35.395971
        ],
        "type": "Point"
      },
      "properties": {
        "bangumi_id": 262897,
        "bangumi_title": "摇曳露营△ 二期",
        "ep_cut": 2,
        "image_url": "https://w.junreimap.com/images/points/262897/gce7869_1782588314619.webp",
        "location": "身延",
        "point_id": "gce7869",
        "point_name": "身延山奥之院 山上",
        "remark": "除樱花口味是550日元外，其余口味的团子均为500日元。作品中朱莉拿的是艾草味和豆腐皮味。"
      },
      "type": "Feature"
    },
    {
      "geometry": {
        "coordinates": [
          138.417163,
          35.395977
        ],
        "type": "Point"
      },
      "properties": {
        "bangumi_id": 262897,
        "bangumi_title": "摇曳露营△ 二期",
        "ep_cut": 2,
        "image_url": "https://w.junreimap.com/images/points/262897/gcecdnn_1782588555248.webp",
        "location": "身延",
        "point_id": "gcecdnn",
        "point_name": "身延山奥之院 山上",
        "remark": "这里标的是艾草味和豆腐皮味团子，虽然不知道为什么都画成了酱油味。"
      },
      "type": "Feature"
    },
    {
      "geometry": {
        "coordinates": [
          138.417172,
          35.395965
        ],
        "type": "Point"
      },
      "properties": {
        "bangumi_id": 262897,
        "bangumi_title": "摇曳露营△ 二期",
        "ep_cut": 2,
        "image_url": "https://w.junreimap.com/images/points/262897/gcechxf_1782588560879.webp",
        "location": "身延",
        "point_id": "gcechxf",
        "point_name": "身延山奥之院 山上",
        "remark": ""
      },
      "type": "Feature"
    },
    {
      "geometry": {
        "coordinates": [
          138.417141,
          35.395968
        ],
        "type": "Point"
      },
      "properties": {
        "bangumi_id": 262897,
        "bangumi_title": "摇曳露营△ 二期",
        "ep_cut": 2,
        "image_url": "https://w.junreimap.com/images/points/262897/gcecpqw_1782588573299.webp",
        "location": "身延",
        "point_id": "gcecpqw",
        "point_name": "身延山奥之院 山上",
        "remark": ""
      },
      "type": "Feature"
    },
    {
      "geometry": {
        "coordinates": [
          138.417148,
          35.395958
        ],
        "type": "Point"
      },
      "properties": {
        "bangumi_id": 262897,
        "bangumi_title": "摇曳露营△ 二期",
        "ep_cut": 2,
        "image_url": "https://w.junreimap.com/images/points/262897/gcecl4q_1782588564536.webp",
        "location": "身延",
        "point_id": "gcecl4q",
        "point_name": "身延山奥之院 山上",
        "remark": ""
      },
      "type": "Feature"
    },
    {
      "geometry": {
        "coordinates": [
          138.417028,
          35.396022
        ],
        "type": "Point"
      },
      "properties": {
        "bangumi_id": 262897,
        "bangumi_title": "摇曳露营△ 二期",
        "ep_cut": 2,
        "image_url": "https://w.junreimap.com/images/points/262897/gcelvz3_1782589001013.webp",
        "location": "身延",
        "point_id": "gcelvz3",
        "point_name": "身延山奥之院 山上缆车站 前",
        "remark": ""
      },
      "type": "Feature"
    },
    {
      "geometry": {
        "coordinates": [
          138.417088,
          35.39604
        ],
        "type": "Point"
      },
      "properties": {
        "bangumi_id": 262897,
        "bangumi_title": "摇曳露营△ 二期",
        "ep_cut": 2,
        "image_url": "https://w.junreimap.com/images/points/262897/gcelzwx_1782589003537.webp",
        "location": "身延",
        "point_id": "gcelzwx",
        "point_name": "身延山奥之院 山上缆车站 前",
        "remark": ""
      },
      "type": "Feature"
    },
    {
      "geometry": {
        "coordinates": [
          138.416828,
          35.39608
        ],
        "type": "Point"
      },
      "properties": {
        "bangumi_id": 262897,
        "bangumi_title": "摇曳露营△ 二期",
        "ep_cut": 2,
        "image_url": "https://w.junreimap.com/images/points/262897/gceir59_1782588859382.webp",
        "location": "身延",
        "point_id": "gceir59",
        "point_name": "身延山奥之院 山上缆车站 前",
        "remark": ""
      },
      "type": "Feature"
    },
    {
      "geometry": {
        "coordinates": [
          138.416766,
          35.396057
        ],
        "type": "Point"
      },
      "properties": {
        "bangumi_id": 262897,
        "bangumi_title": "摇曳露营△ 二期",
        "ep_cut": 2,
        "image_url": "https://w.junreimap.com/images/points/262897/gcej0df_1782588864835.webp",
        "location": "身延",
        "point_id": "gcej0df",
        "point_name": "身延山奥之院 山上缆车站 前",
        "remark": ""
      },
      "type": "Feature"
    },
    {
      "geometry": {
        "coordinates": [
          138.41679,
          35.396121
        ],
        "type": "Point"
      },
      "properties": {
        "bangumi_id": 262897,
        "bangumi_title": "摇曳露营△ 二期",
        "ep_cut": 2,
        "image_url": "https://w.junreimap.com/images/points/262897/gcejbwv_1782588879306.webp",
        "location": "身延",
        "point_id": "gcejbwv",
        "point_name": "身延山奥之院 山上缆车站 前",
        "remark": "这个立牌已经移除"
      },
      "type": "Feature"
    },
    {
      "geometry": {
        "coordinates": [
          138.416696,
          35.396021
        ],
        "type": "Point"
      },
      "properties": {
        "bangumi_id": 262897,
        "bangumi_title": "摇曳露营△ 二期",
        "ep_cut": 2,
        "image_url": "https://w.junreimap.com/images/points/262897/5fchw27rx_1673452356940.jpg",
        "location": "身延",
        "point_id": "5fchw27rx",
        "point_name": "身延山奥之院 山上缆车站 前",
        "remark": ""
      },
      "type": "Feature"
    },
    {
      "geometry": {
        "coordinates": [
          138.416394,
          35.395656
        ],
        "type": "Point"
      },
      "properties": {
        "bangumi_id": 262897,
        "bangumi_title": "摇曳露营△ 二期",
        "ep_cut": 2,
        "image_url": "https://w.junreimap.com/images/points/262897/f5qun45_1780009521710.jpg",
        "location": "身延",
        "point_id": "f5qun45",
        "point_name": "身延山奥之院 東側展望台",
        "remark": "如果我没记错的话，左侧比较接近身延山展望台东望富士山的风景"
      },
      "type": "Feature"
    },
    {
      "geometry": {
        "coordinates": [
          138.416716,
          35.39576
        ],
        "type": "Point"
      },
      "properties": {
        "bangumi_id": 262897,
        "bangumi_title": "摇曳露营△ 二期",
        "ep_cut": 2,
        "image_url": "https://w.junreimap.com/images/user/1093/bangumi/262897/points/3jm3ahb-1754726668324.jpg",
        "location": "身延",
        "point_id": "3jm3ahb",
        "point_name": "身延山奥之院 東側展望台",
        "remark": ""
      },
      "type": "Feature"
    },
    {
      "geometry": {
        "coordinates": [
          138.416618,
          35.395722
        ],
        "type": "Point"
      },
      "properties": {
        "bangumi_id": 262897,
        "bangumi_title": "摇曳露营△ 二期",
        "ep_cut": 2,
        "image_url": "https://w.junreimap.com/images/user/1093/bangumi/262897/points/3jm3tgm-1754726697451.jpg",
        "location": "身延",
        "point_id": "3jm3tgm",
        "point_name": "身延山奥之院 東側展望台",
        "remark": ""
      },
      "type": "Feature"
    },
    {
      "geometry": {
        "coordinates": [
          138.416509,
          35.395694
        ],
        "type": "Point"
      },
      "properties": {
        "bangumi_id": 262897,
        "bangumi_title": "摇曳露营△ 二期",
        "ep_cut": 2,
        "image_url": "https://w.junreimap.com/images/points/262897/5fchw27kd_1673452357935.jpg",
        "location": "身延",
        "point_id": "5fchw27kd",
        "point_name": "身延山奥之院 東側展望台",
        "remark": ""
      },
      "type": "Feature"
    },
    {
      "geometry": {
        "coordinates": [
          138.416576,
          35.395713
        ],
        "type": "Point"
      },
      "properties": {
        "bangumi_id": 262897,
        "bangumi_title": "摇曳露营△ 二期",
        "ep_cut": 2,
        "image_url": "https://w.junreimap.com/images/points/262897/gcekg21_1782588931516.webp",
        "location": "身延",
        "point_id": "gcekg21",
        "point_name": "身延山奥之院 東側展望台",
        "remark": ""
      },
      "type": "Feature"
    },
    {
      "geometry": {
        "coordinates": [
          138.416549,
          35.395608
        ],
        "type": "Point"
      },
      "properties": {
        "bangumi_id": 262897,
        "bangumi_title": "摇曳露营△ 二期",
        "ep_cut": 2,
        "image_url": "https://w.junreimap.com/images/points/262897/gcel4h9_1782588962713.webp",
        "location": "身延",
        "point_id": "gcel4h9",
        "point_name": "身延山奥之院 東側展望台",
        "remark": ""
      },
      "type": "Feature"
    },
    {
      "geometry": {
        "coordinates": [
          138.41644,
          35.395581
        ],
        "type": "Point"
      },
      "properties": {
        "bangumi_id": 262897,
        "bangumi_title": "摇曳露营△ 二期",
        "ep_cut": 2,
        "image_url": "https://w.junreimap.com/images/points/262897/gcel6gb_1782588965455.webp",
        "location": "身延",
        "point_id": "gcel6gb",
        "point_name": "身延山奥之院 東側展望台",
        "remark": "自拍杆倒立才能实现的拍摄位置"
      },
      "type": "Feature"
    },
    {
      "geometry": {
        "coordinates": [
          138.416719,
          35.395663
        ],
        "type": "Point"
      },
      "properties": {
        "bangumi_id": 262897,
        "bangumi_title": "摇曳露营△ 二期",
        "ep_cut": 2,
        "image_url": "https://w.junreimap.com/images/points/262897/gcelesr_1782588976453.webp",
        "location": "身延",
        "point_id": "gcelesr",
        "point_name": "身延山奥之院 東側展望台",
        "remark": ""
      },
      "type": "Feature"
    },
    {
      "geometry": {
        "coordinates": [
          138.417291,
          35.39663
        ],
        "type": "Point"
      },
      "properties": {
        "bangumi_id": 262897,
        "bangumi_title": "摇曳露营△ 二期",
        "ep_cut": 2,
        "image_url": "https://w.junreimap.com/images/points/262897/gceju9z_1782588906098.webp",
        "location": "身延",
        "point_id": "gceju9z",
        "point_name": "身延山奥之院 思親閣",
        "remark": ""
      },
      "type": "Feature"
    },
    {
      "geometry": {
        "coordinates": [
          138.417315,
          35.396581
        ],
        "type": "Point"
      },
      "properties": {
        "bangumi_id": 262897,
        "bangumi_title": "摇曳露营△ 二期",
        "ep_cut": 2,
        "image_url": "https://w.junreimap.com/images/points/262897/gcejnix_1782588896692.webp",
        "location": "身延",
        "point_id": "gcejnix",
        "point_name": "身延山奥之院 思親閣",
        "remark": ""
      },
      "type": "Feature"
    },
    {
      "geometry": {
        "coordinates": [
          138.417317,
          35.396442
        ],
        "type": "Point"
      },
      "properties": {
        "bangumi_id": 262897,
        "bangumi_title": "摇曳露营△ 二期",
        "ep_cut": 2,
        "image_url": "https://w.junreimap.com/images/points/262897/5fchw27vt_1673452357461.jpg",
        "location": "身延",
        "point_id": "5fchw27vt",
        "point_name": "身延山奥之院 思親閣",
        "remark": ""
      },
      "type": "Feature"
    },
    {
      "geometry": {
        "coordinates": [
          138.417205,
          35.397074
        ],
        "type": "Point"
      },
      "properties": {
        "bangumi_id": 262897,
        "bangumi_title": "摇曳露营△ 二期",
        "ep_cut": 2,
        "image_url": "https://w.junreimap.com/images/user/1093/bangumi/262897/points/3jlyc9u-1754726452546.jpg",
        "location": "身延",
        "point_id": "3jlyc9u",
        "point_name": "身延山奥之院 思親閣",
        "remark": ""
      },
      "type": "Feature"
    },
    {
      "geometry": {
        "coordinates": [
          138.417073,
          35.397197
        ],
        "type": "Point"
      },
      "properties": {
        "bangumi_id": 262897,
        "bangumi_title": "摇曳露营△ 二期",
        "ep_cut": 2,
        "image_url": "https://w.junreimap.com/images/points/262897/gcek356_1782588914804.webp",
        "location": "身延",
        "point_id": "gcek356",
        "point_name": "身延山奥之院 思親閣",
        "remark": ""
      },
      "type": "Feature"
    },
    {
      "geometry": {
        "coordinates": [
          138.417078,
          35.397166
        ],
        "type": "Point"
      },
      "properties": {
        "bangumi_id": 262897,
        "bangumi_title": "摇曳露营△ 二期",
        "ep_cut": 2,
        "image_url": "https://w.junreimap.com/images/points/262897/gcek7hf_1782588920083.webp",
        "location": "身延",
        "point_id": "gcek7hf",
        "point_name": "身延山奥之院 思親閣",
        "remark": ""
      },
      "type": "Feature"
    },
    {
      "geometry": {
        "coordinates": [
          138.4171,
          35.397172
        ],
        "type": "Point"
      },
      "properties": {
        "bangumi_id": 262897,
        "bangumi_title": "摇曳露营△ 二期",
        "ep_cut": 2,
        "image_url": "https://w.junreimap.com/images/points/262897/gcek9b4_1782588922440.webp",
        "location": "身延",
        "point_id": "gcek9b4",
        "point_name": "身延山奥之院 思親閣",
        "remark": ""
      },
      "type": "Feature"
    },
    {
      "geometry": {
        "coordinates": [
          138.424488,
          35.537853
        ],
        "type": "Point"
      },
      "properties": {
        "bangumi_id": 262897,
        "bangumi_title": "摇曳露营△ 二期",
        "ep_cut": 2,
        "image_url": "https://w.junreimap.com/images/points/262897/5fchw277a_1673452359364.jpg",
        "location": "高下ダイヤモンド富士スポット",
        "point_id": "5fchw277a",
        "point_name": "県道420号",
        "remark": ""
      },
      "type": "Feature"
    },
    {
      "geometry": {
        "coordinates": [
          138.419157,
          35.537816
        ],
        "type": "Point"
      },
      "properties": {
        "bangumi_id": 262897,
        "bangumi_title": "摇曳露营△ 二期",
        "ep_cut": 2,
        "image_url": "https://w.junreimap.com/images/points/262897/5fchw27w4_1673452359805.jpg",
        "location": "高下ダイヤモンド富士スポット",
        "point_id": "5fchw27w4",
        "point_name": "県道420号",
        "remark": ""
      },
      "type": "Feature"
    },
    {
      "geometry": {
        "coordinates": [
          138.415997,
          35.533762
        ],
        "type": "Point"
      },
      "properties": {
        "bangumi_id": 262897,
        "bangumi_title": "摇曳露营△ 二期",
        "ep_cut": 2,
        "image_url": "https://w.junreimap.com/images/points/262897/5fchw27nc_1673452360338.jpg",
        "location": "高下ダイヤモンド富士スポット",
        "point_id": "5fchw27nc",
        "point_name": "ダイヤモンド富士スポット駐車場",
        "remark": "实际上看到的富士山很小，需要长焦才能拍出画面中的效果"
      },
      "type": "Feature"
    },
    {
      "geometry": {
        "coordinates": [
          138.416038,
          35.533827
        ],
        "type": "Point"
      },
      "properties": {
        "bangumi_id": 262897,
        "bangumi_title": "摇曳露营△ 二期",
        "ep_cut": 2,
        "image_url": "https://w.junreimap.com/images/points/262897/f5qnwv8_1780009204055.jpg",
        "location": "高下ダイヤモンド富士スポット",
        "point_id": "f5qnwv8",
        "point_name": "ダイヤモンド富士スポット駐車場",
        "remark": ""
      },
      "type": "Feature"
    },
    {
      "geometry": {
        "coordinates": [
          138.415932,
          35.533864
        ],
        "type": "Point"
      },
      "properties": {
        "bangumi_id": 262897,
        "bangumi_title": "摇曳露营△ 二期",
        "ep_cut": 2,
        "image_url": "https://w.junreimap.com/images/points/262897/f5qo90l_1780009218988.jpg",
        "location": "高下ダイヤモンド富士スポット",
        "point_id": "f5qo90l",
        "point_name": "ダイヤモンド富士スポット駐車場",
        "remark": ""
      },
      "type": "Feature"
    },
    {
      "geometry": {
        "coordinates": [
          138.416102,
          35.533778
        ],
        "type": "Point"
      },
      "properties": {
        "bangumi_id": 262897,
        "bangumi_title": "摇曳露营△ 二期",
        "ep_cut": 2,
        "image_url": "https://w.junreimap.com/images/points/262897/f5qobu8_1780009222504.jpg",
        "location": "高下ダイヤモンド富士スポット",
        "point_id": "f5qobu8",
        "point_name": "ダイヤモンド富士スポット駐車場",
        "remark": ""
      },
      "type": "Feature"
    },
    {
      "geometry": {
        "coordinates": [
          137.792331,
          34.662292
        ],
        "type": "Point"
      },
      "properties": {
        "bangumi_id": 262897,
        "bangumi_title": "摇曳露营△ 二期",
        "ep_cut": 3,
        "image_url": "https://w.junreimap.com/images/points/262897/5fchw2876_1673452362703.jpg",
        "location": "滨松",
        "point_id": "5fchw2876",
        "point_name": "遠州大橋",
        "remark": ""
      },
      "type": "Feature"
    },
    {
      "geometry": {
        "coordinates": [
          137.785103,
          34.661877
        ],
        "type": "Point"
      },
      "properties": {
        "bangumi_id": 262897,
        "bangumi_title": "摇曳露营△ 二期",
        "ep_cut": 3,
        "image_url": "https://w.junreimap.com/images/points/262897/5fchw27xg_1673452363166.jpg",
        "location": "滨松",
        "point_id": "5fchw27xg",
        "point_name": "遠州大橋西",
        "remark": ""
      },
      "type": "Feature"
    },
    {
      "geometry": {
        "coordinates": [
          137.751402,
          34.662
        ],
        "type": "Point"
      },
      "properties": {
        "bangumi_id": 262897,
        "bangumi_title": "摇曳露营△ 二期",
        "ep_cut": 3,
        "image_url": "https://w.junreimap.com/images/points/262897/5fchw27wv_1673452363654.jpg",
        "location": "滨松",
        "point_id": "5fchw27wv",
        "point_name": "風車公園付近",
        "remark": ""
      },
      "type": "Feature"
    },
    {
      "geometry": {
        "coordinates": [
          137.879143,
          34.664186
        ],
        "type": "Point"
      },
      "properties": {
        "bangumi_id": 262897,
        "bangumi_title": "摇曳露营△ 二期",
        "ep_cut": 2,
        "image_url": "https://w.junreimap.com/images/points/262897/f5pjeyz_1780007315299.jpg",
        "location": "福田海岸 - 滨松",
        "point_id": "f5pjeyz",
        "point_name": "福田海岸",
        "remark": ""
      },
      "type": "Feature"
    },
    {
      "geometry": {
        "coordinates": [
          137.879676,
          34.664056
        ],
        "type": "Point"
      },
      "properties": {
        "bangumi_id": 262897,
        "bangumi_title": "摇曳露营△ 二期",
        "ep_cut": 2,
        "image_url": "https://w.junreimap.com/images/points/262897/f5pk4xp_1780007348620.jpg",
        "location": "福田海岸 - 滨松",
        "point_id": "f5pk4xp",
        "point_name": "福田海岸 停车场",
        "remark": ""
      },
      "type": "Feature"
    },
    {
      "geometry": {
        "coordinates": [
          137.879285,
          34.663181
        ],
        "type": "Point"
      },
      "properties": {
        "bangumi_id": 262897,
        "bangumi_title": "摇曳露营△ 二期",
        "ep_cut": 2,
        "image_url": "https://w.junreimap.com/images/points/262897/f5phibe_1780007308326.jpg",
        "location": "福田海岸 - 滨松",
        "point_id": "f5phibe",
        "point_name": "福田海岸",
        "remark": ""
      },
      "type": "Feature"
    },
    {
      "geometry": {
        "coordinates": [
          137.880552,
          34.662891
        ],
        "type": "Point"
      },
      "properties": {
        "bangumi_id": 262897,
        "bangumi_title": "摇曳露营△ 二期",
        "ep_cut": "",
        "image_url": "https://w.junreimap.com/images/user/1093/bangumi/262897/points/3jlsr9v-1754726249597.jpg",
        "location": "福田海岸 - 滨松",
        "point_id": "3jlsr9v",
        "point_name": "福田海岸 賀正鳥居",
        "remark": "每年12月15日-1月12日才会设置"
      },
      "type": "Feature"
    },
    {
      "geometry": {
        "coordinates": [
          137.880487,
          34.663094
        ],
        "type": "Point"
      },
      "properties": {
        "bangumi_id": 262897,
        "bangumi_title": "摇曳露营△ 二期",
        "ep_cut": 2,
        "image_url": "https://w.junreimap.com/images/points/262897/f5pkt9e_1780007381082.jpg",
        "location": "福田海岸 - 滨松",
        "point_id": "f5pkt9e",
        "point_name": "福田海岸 賀正鳥居",
        "remark": ""
      },
      "type": "Feature"
    },
    {
      "geometry": {
        "coordinates": [
          137.880326,
          34.662972
        ],
        "type": "Point"
      },
      "properties": {
        "bangumi_id": 262897,
        "bangumi_title": "摇曳露营△ 二期",
        "ep_cut": 2,
        "image_url": "https://w.junreimap.com/images/points/262897/f5pmax3_1780007448578.jpg",
        "location": "福田海岸 - 滨松",
        "point_id": "f5pmax3",
        "point_name": "福田海岸 賀正鳥居",
        "remark": ""
      },
      "type": "Feature"
    },
    {
      "geometry": {
        "coordinates": [
          137.880115,
          34.663135
        ],
        "type": "Point"
      },
      "properties": {
        "bangumi_id": 262897,
        "bangumi_title": "摇曳露营△ 二期",
        "ep_cut": 2,
        "image_url": "https://w.junreimap.com/images/points/262897/f5pmf39_1780007453618.jpg",
        "location": "福田海岸 - 滨松",
        "point_id": "f5pmf39",
        "point_name": "福田海岸 賀正鳥居",
        "remark": ""
      },
      "type": "Feature"
    },
    {
      "geometry": {
        "coordinates": [
          137.879516,
          34.66341
        ],
        "type": "Point"
      },
      "properties": {
        "bangumi_id": 262897,
        "bangumi_title": "摇曳露营△ 二期",
        "ep_cut": 2,
        "image_url": "https://w.junreimap.com/images/points/262897/f5pmiqz_1780007460108.jpg",
        "location": "福田海岸 - 滨松",
        "point_id": "f5pmiqz",
        "point_name": "福田海岸 賀正鳥居",
        "remark": ""
      },
      "type": "Feature"
    },
    {
      "geometry": {
        "coordinates": [
          137.88112,
          34.663624
        ],
        "type": "Point"
      },
      "properties": {
        "bangumi_id": 262897,
        "bangumi_title": "摇曳露营△ 二期",
        "ep_cut": 2,
        "image_url": "https://w.junreimap.com/images/points/262897/f5pl1ir_1780007389422.jpg",
        "location": "福田海岸 - 滨松",
        "point_id": "f5pl1ir",
        "point_name": "福田海岸 賀正鳥居",
        "remark": ""
      },
      "type": "Feature"
    },
    {
      "geometry": {
        "coordinates": [
          137.880207,
          34.661854
        ],
        "type": "Point"
      },
      "properties": {
        "bangumi_id": 262897,
        "bangumi_title": "摇曳露营△ 二期",
        "ep_cut": 2,
        "image_url": "https://w.junreimap.com/images/points/262897/f5plbxd_1780007402981.jpg",
        "location": "福田海岸 - 滨松",
        "point_id": "f5plbxd",
        "point_name": "福田海岸",
        "remark": ""
      },
      "type": "Feature"
    },
    {
      "geometry": {
        "coordinates": [
          137.881366,
          34.662146
        ],
        "type": "Point"
      },
      "properties": {
        "bangumi_id": 262897,
        "bangumi_title": "摇曳露营△ 二期",
        "ep_cut": 2,
        "image_url": "https://w.junreimap.com/images/points/262897/5fchw27lh_1673452356004.jpg",
        "location": "福田海岸 - 滨松",
        "point_id": "5fchw27lh",
        "point_name": "福田海岸",
        "remark": ""
      },
      "type": "Feature"
    },
    {
      "geometry": {
        "coordinates": [
          137.881119,
          34.66211
        ],
        "type": "Point"
      },
      "properties": {
        "bangumi_id": 262897,
        "bangumi_title": "摇曳露营△ 二期",
        "ep_cut": 2,
        "image_url": "https://w.junreimap.com/images/points/262897/f5plp98_1780007420171.jpg",
        "location": "福田海岸 - 滨松",
        "point_id": "f5plp98",
        "point_name": "福田海岸 差分",
        "remark": ""
      },
      "type": "Feature"
    },
    {
      "geometry": {
        "coordinates": [
          137.607161,
          34.695671
        ],
        "type": "Point"
      },
      "properties": {
        "bangumi_id": 262897,
        "bangumi_title": "摇曳露营△ 二期",
        "ep_cut": 1,
        "image_url": "https://w.junreimap.com/images/user/1093/bangumi/262897/points/3jj1kzi-1754721553577.jpg",
        "location": "渚园- 弁天岛 - 滨松",
        "point_id": "3jj1kzi",
        "point_name": "渚桥",
        "remark": ""
      },
      "type": "Feature"
    },
    {
      "geometry": {
        "coordinates": [
          137.607174,
          34.695702
        ],
        "type": "Point"
      },
      "properties": {
        "bangumi_id": 262897,
        "bangumi_title": "摇曳露营△ 二期",
        "ep_cut": "",
        "image_url": "https://w.junreimap.com/images/points/262897/49zghmo_1756321232425.jpg",
        "location": "渚园- 弁天岛 - 滨松",
        "point_id": "49zghmo",
        "point_name": "渚桥",
        "remark": ""
      },
      "type": "Feature"
    },
    {
      "geometry": {
        "coordinates": [
          137.607114,
          34.695589
        ],
        "type": "Point"
      },
      "properties": {
        "bangumi_id": 262897,
        "bangumi_title": "摇曳露营△ 二期",
        "ep_cut": 1,
        "image_url": "https://w.junreimap.com/images/points/262897/f5ldmw2_1780000330689.jpg",
        "location": "渚园- 弁天岛 - 滨松",
        "point_id": "f5ldmw2",
        "point_name": "渚桥",
        "remark": ""
      },
      "type": "Feature"
    },
    {
      "geometry": {
        "coordinates": [
          137.607225,
          34.695592
        ],
        "type": "Point"
      },
      "properties": {
        "bangumi_id": 262897,
        "bangumi_title": "摇曳露营△ 二期",
        "ep_cut": 1,
        "image_url": "https://w.junreimap.com/images/points/262897/f5lduya_1780000335740.jpg",
        "location": "渚园- 弁天岛 - 滨松",
        "point_id": "f5lduya",
        "point_name": "渚桥",
        "remark": ""
      },
      "type": "Feature"
    },
    {
      "geometry": {
        "coordinates": [
          137.607138,
          34.695618
        ],
        "type": "Point"
      },
      "properties": {
        "bangumi_id": 262897,
        "bangumi_title": "摇曳露营△ 二期",
        "ep_cut": 1,
        "image_url": "https://w.junreimap.com/images/points/262897/f5ldxj6_1780000340508.jpg",
        "location": "渚园- 弁天岛 - 滨松",
        "point_id": "f5ldxj6",
        "point_name": "渚桥",
        "remark": ""
      },
      "type": "Feature"
    },
    {
      "geometry": {
        "coordinates": [
          137.607113,
          34.695587
        ],
        "type": "Point"
      },
      "properties": {
        "bangumi_id": 262897,
        "bangumi_title": "摇曳露营△ 二期",
        "ep_cut": 1,
        "image_url": "https://w.junreimap.com/images/user/1093/bangumi/262897/points/3jiynaw-1754721519108.jpg",
        "location": "渚园- 弁天岛 - 滨松",
        "point_id": "3jiynaw",
        "point_name": "渚桥",
        "remark": ""
      },
      "type": "Feature"
    },
    {
      "geometry": {
        "coordinates": [
          137.607346,
          34.69595
        ],
        "type": "Point"
      },
      "properties": {
        "bangumi_id": 262897,
        "bangumi_title": "摇曳露营△ 二期",
        "ep_cut": 3,
        "image_url": "https://w.junreimap.com/images/points/262897/5fchw284l_1780000757385.jpg",
        "location": "渚园- 弁天岛 - 滨松",
        "point_id": "5fchw284l",
        "point_name": "渚橋",
        "remark": ""
      },
      "type": "Feature"
    },
    {
      "geometry": {
        "coordinates": [
          137.607073,
          34.697138
        ],
        "type": "Point"
      },
      "properties": {
        "bangumi_id": 262897,
        "bangumi_title": "摇曳露营△ 二期",
        "ep_cut": 3,
        "image_url": "https://w.junreimap.com/images/points/262897/f5lwugl_1780001222242.jpg",
        "location": "渚园- 弁天岛 - 滨松",
        "point_id": "f5lwugl",
        "point_name": "渚園 管理事務室",
        "remark": ""
      },
      "type": "Feature"
    },
    {
      "geometry": {
        "coordinates": [
          137.607115,
          34.697121
        ],
        "type": "Point"
      },
      "properties": {
        "bangumi_id": 262897,
        "bangumi_title": "摇曳露营△ 二期",
        "ep_cut": 3,
        "image_url": "https://w.junreimap.com/images/points/262897/5fchw2831_1673452364607.jpg",
        "location": "渚园- 弁天岛 - 滨松",
        "point_id": "5fchw2831",
        "point_name": "渚園 管理事務室",
        "remark": ""
      },
      "type": "Feature"
    },
    {
      "geometry": {
        "coordinates": [
          137.607161,
          34.697431
        ],
        "type": "Point"
      },
      "properties": {
        "bangumi_id": 262897,
        "bangumi_title": "摇曳露营△ 二期",
        "ep_cut": 3,
        "image_url": "https://w.junreimap.com/images/points/262897/f5lmkyk_1780000743073.jpg",
        "location": "渚园- 弁天岛 - 滨松",
        "point_id": "f5lmkyk",
        "point_name": "渚園 キャンプ場",
        "remark": ""
      },
      "type": "Feature"
    },
    {
      "geometry": {
        "coordinates": [
          137.607136,
          34.697441
        ],
        "type": "Point"
      },
      "properties": {
        "bangumi_id": 262897,
        "bangumi_title": "摇曳露营△ 二期",
        "ep_cut": 3,
        "image_url": "https://w.junreimap.com/images/points/262897/5fchw2853_1780000706818.jpg",
        "location": "渚园- 弁天岛 - 滨松",
        "point_id": "5fchw2853",
        "point_name": "渚園 キャンプ場",
        "remark": ""
      },
      "type": "Feature"
    },
    {
      "geometry": {
        "coordinates": [
          137.606699,
          34.698691
        ],
        "type": "Point"
      },
      "properties": {
        "bangumi_id": 262897,
        "bangumi_title": "摇曳露营△ 二期",
        "ep_cut": 3,
        "image_url": "https://w.junreimap.com/images/points/262897/f5lx29r_1780001235181.jpg",
        "location": "渚园- 弁天岛 - 滨松",
        "point_id": "f5lx29r",
        "point_name": "渚園 キャンプ場",
        "remark": ""
      },
      "type": "Feature"
    },
    {
      "geometry": {
        "coordinates": [
          137.608925,
          34.708662
        ],
        "type": "Point"
      },
      "properties": {
        "bangumi_id": 262897,
        "bangumi_title": "摇曳露营△ 二期",
        "ep_cut": 3,
        "image_url": "https://w.junreimap.com/images/points/262897/f5lxujk_1780001272044.jpg",
        "location": "渚园- 弁天岛 - 滨松",
        "point_id": "f5lxujk",
        "point_name": "中之岛大桥",
        "remark": ""
      },
      "type": "Feature"
    },
    {
      "geometry": {
        "coordinates": [
          137.609249,
          34.708129
        ],
        "type": "Point"
      },
      "properties": {
        "bangumi_id": 262897,
        "bangumi_title": "摇曳露营△ 二期",
        "ep_cut": 3,
        "image_url": "https://w.junreimap.com/images/points/262897/5fchw28jz_1780001305340.jpg",
        "location": "渚园- 弁天岛 - 滨松",
        "point_id": "5fchw28jz",
        "point_name": "中之岛大桥",
        "remark": ""
      },
      "type": "Feature"
    },
    {
      "geometry": {
        "coordinates": [
          137.608586,
          34.687534
        ],
        "type": "Point"
      },
      "properties": {
        "bangumi_id": 262897,
        "bangumi_title": "摇曳露营△ 二期",
        "ep_cut": 3,
        "image_url": "https://w.junreimap.com/images/points/262897/5fchw28dg_1673452364102.jpg",
        "location": "弁天岛-滨松",
        "point_id": "5fchw28dg",
        "point_name": "弁天大橋東",
        "remark": ""
      },
      "type": "Feature"
    },
    {
      "geometry": {
        "coordinates": [
          137.60705,
          34.688156
        ],
        "type": "Point"
      },
      "properties": {
        "bangumi_id": 262897,
        "bangumi_title": "摇曳露营△ 二期",
        "ep_cut": 3,
        "image_url": "https://w.junreimap.com/images/points/262897/5fchw287g_1719894920316.jpg",
        "location": "弁天岛-滨松",
        "point_id": "5fchw287g",
        "point_name": "弁天大橋",
        "remark": ""
      },
      "type": "Feature"
    },
    {
      "geometry": {
        "coordinates": [
          137.603872,
          34.689058
        ],
        "type": "Point"
      },
      "properties": {
        "bangumi_id": 262897,
        "bangumi_title": "摇曳露营△ 二期",
        "ep_cut": 3,
        "image_url": "https://w.junreimap.com/images/points/262897/5fchw2855_1673452368334.jpg",
        "location": "弁天岛-滨松",
        "point_id": "5fchw2855",
        "point_name": "開春楼",
        "remark": ""
      },
      "type": "Feature"
    },
    {
      "geometry": {
        "coordinates": [
          137.603914,
          34.689044
        ],
        "type": "Point"
      },
      "properties": {
        "bangumi_id": 262897,
        "bangumi_title": "摇曳露营△ 二期",
        "ep_cut": 3,
        "image_url": "https://w.junreimap.com/images/points/262897/f5lupt4_1780001126400.jpg",
        "location": "弁天岛-滨松",
        "point_id": "f5lupt4",
        "point_name": "開春楼",
        "remark": ""
      },
      "type": "Feature"
    },
    {
      "geometry": {
        "coordinates": [
          137.603837,
          34.689071
        ],
        "type": "Point"
      },
      "properties": {
        "bangumi_id": 262897,
        "bangumi_title": "摇曳露营△ 二期",
        "ep_cut": 3,
        "image_url": "https://w.junreimap.com/images/points/262897/f5luut9_1780001129507.jpg",
        "location": "弁天岛-滨松",
        "point_id": "f5luut9",
        "point_name": "開春楼",
        "remark": ""
      },
      "type": "Feature"
    },
    {
      "geometry": {
        "coordinates": [
          137.603812,
          34.689081
        ],
        "type": "Point"
      },
      "properties": {
        "bangumi_id": 262897,
        "bangumi_title": "摇曳露营△ 二期",
        "ep_cut": 3,
        "image_url": "https://w.junreimap.com/images/points/262897/f5lux29_1780001131852.jpg",
        "location": "弁天岛-滨松",
        "point_id": "f5lux29",
        "point_name": "開春楼",
        "remark": ""
      },
      "type": "Feature"
    },
    {
      "geometry": {
        "coordinates": [
          137.603752,
          34.688955
        ],
        "type": "Point"
      },
      "properties": {
        "bangumi_id": 262897,
        "bangumi_title": "摇曳露营△ 二期",
        "ep_cut": 3,
        "image_url": "https://w.junreimap.com/images/points/262897/f5lv2ln_1780001140605.jpg",
        "location": "弁天岛-滨松",
        "point_id": "f5lv2ln",
        "point_name": "開春楼",
        "remark": ""
      },
      "type": "Feature"
    },
    {
      "geometry": {
        "coordinates": [
          137.603775,
          34.688935
        ],
        "type": "Point"
      },
      "properties": {
        "bangumi_id": 262897,
        "bangumi_title": "摇曳露营△ 二期",
        "ep_cut": 3,
        "image_url": "https://w.junreimap.com/images/points/262897/f5lv7ct_1780001145421.jpg",
        "location": "弁天岛-滨松",
        "point_id": "f5lv7ct",
        "point_name": "開春楼",
        "remark": ""
      },
      "type": "Feature"
    },
    {
      "geometry": {
        "coordinates": [
          137.603951,
          34.689027
        ],
        "type": "Point"
      },
      "properties": {
        "bangumi_id": 262897,
        "bangumi_title": "摇曳露营△ 二期",
        "ep_cut": 3,
        "image_url": "https://w.junreimap.com/images/points/262897/f5lv0l9_1780001136565.jpg",
        "location": "弁天岛-滨松",
        "point_id": "f5lv0l9",
        "point_name": "開春楼",
        "remark": ""
      },
      "type": "Feature"
    },
    {
      "geometry": {
        "coordinates": [
          137.603661,
          34.688719
        ],
        "type": "Point"
      },
      "properties": {
        "bangumi_id": 262897,
        "bangumi_title": "摇曳露营△ 二期",
        "ep_cut": 3,
        "image_url": "https://w.junreimap.com/images/points/262897/f5lvdw5_1780001157918.jpg",
        "location": "弁天岛-滨松",
        "point_id": "f5lvdw5",
        "point_name": "開春楼 南侧",
        "remark": ""
      },
      "type": "Feature"
    },
    {
      "geometry": {
        "coordinates": [
          137.603353,
          34.688485
        ],
        "type": "Point"
      },
      "properties": {
        "bangumi_id": 262897,
        "bangumi_title": "摇曳露营△ 二期",
        "ep_cut": 3,
        "image_url": "https://w.junreimap.com/images/points/262897/f5lvmhr_1780001166549.jpg",
        "location": "弁天岛-滨松",
        "point_id": "f5lvmhr",
        "point_name": "開春楼 南侧",
        "remark": ""
      },
      "type": "Feature"
    },
    {
      "geometry": {
        "coordinates": [
          137.603389,
          34.68847
        ],
        "type": "Point"
      },
      "properties": {
        "bangumi_id": 262897,
        "bangumi_title": "摇曳露营△ 二期",
        "ep_cut": 3,
        "image_url": "https://w.junreimap.com/images/points/262897/f5lvraz_1780001170819.jpg",
        "location": "弁天岛-滨松",
        "point_id": "f5lvraz",
        "point_name": "開春楼 南侧",
        "remark": ""
      },
      "type": "Feature"
    },
    {
      "geometry": {
        "coordinates": [
          137.603433,
          34.688452
        ],
        "type": "Point"
      },
      "properties": {
        "bangumi_id": 262897,
        "bangumi_title": "摇曳露营△ 二期",
        "ep_cut": 3,
        "image_url": "https://w.junreimap.com/images/points/262897/f5lvx3e_1780001178944.jpg",
        "location": "弁天岛-滨松",
        "point_id": "f5lvx3e",
        "point_name": "開春楼 南侧",
        "remark": ""
      },
      "type": "Feature"
    },
    {
      "geometry": {
        "coordinates": [
          137.60341,
          34.688494
        ],
        "type": "Point"
      },
      "properties": {
        "bangumi_id": 262897,
        "bangumi_title": "摇曳露营△ 二期",
        "ep_cut": 4,
        "image_url": "https://w.junreimap.com/images/points/262897/f5mydh6_1780002973175.jpg",
        "location": "弁天岛-滨松",
        "point_id": "f5mydh6",
        "point_name": "開春楼 南侧 差分",
        "remark": ""
      },
      "type": "Feature"
    },
    {
      "geometry": {
        "coordinates": [
          137.603471,
          34.688436
        ],
        "type": "Point"
      },
      "properties": {
        "bangumi_id": 262897,
        "bangumi_title": "摇曳露营△ 二期",
        "ep_cut": 3,
        "image_url": "https://w.junreimap.com/images/points/262897/f5lw981_1780001195035.jpg",
        "location": "弁天岛-滨松",
        "point_id": "f5lw981",
        "point_name": "開春楼 南侧",
        "remark": ""
      },
      "type": "Feature"
    },
    {
      "geometry": {
        "coordinates": [
          137.60344,
          34.688496
        ],
        "type": "Point"
      },
      "properties": {
        "bangumi_id": 262897,
        "bangumi_title": "摇曳露营△ 二期",
        "ep_cut": 3,
        "image_url": "https://w.junreimap.com/images/points/262897/f5lwfzc_1780001204008.jpg",
        "location": "弁天岛-滨松",
        "point_id": "f5lwfzc",
        "point_name": "開春楼 南侧",
        "remark": ""
      },
      "type": "Feature"
    },
    {
      "geometry": {
        "coordinates": [
          137.6025,
          34.687199
        ],
        "type": "Point"
      },
      "properties": {
        "bangumi_id": 262897,
        "bangumi_title": "摇曳露营△ 二期",
        "ep_cut": 3,
        "image_url": "https://w.junreimap.com/images/points/262897/f5lw2d1_1780001186646.jpg",
        "location": "弁天岛-滨松",
        "point_id": "f5lw2d1",
        "point_name": "開春楼 南侧",
        "remark": ""
      },
      "type": "Feature"
    },
    {
      "geometry": {
        "coordinates": [
          137.578888,
          34.744076
        ],
        "type": "Point"
      },
      "properties": {
        "bangumi_id": 262897,
        "bangumi_title": "摇曳露营△ 二期",
        "ep_cut": 3,
        "image_url": "https://w.junreimap.com/images/points/262897/f5mon4h_1780002518872.jpg",
        "location": "弁天岛-滨松",
        "point_id": "f5mon4h",
        "point_name": "滨名湖",
        "remark": ""
      },
      "type": "Feature"
    },
    {
      "geometry": {
        "coordinates": [
          137.599852,
          34.679234
        ],
        "type": "Point"
      },
      "properties": {
        "bangumi_id": 262897,
        "bangumi_title": "摇曳露营△ 二期",
        "ep_cut": 3,
        "image_url": "https://w.junreimap.com/images/points/262897/5fchw28ce_1673452366896.jpg",
        "location": "舞阪 - 滨松",
        "point_id": "5fchw28ce",
        "point_name": "浜松市舞阪表浜駐車場（有料）",
        "remark": ""
      },
      "type": "Feature"
    },
    {
      "geometry": {
        "coordinates": [
          137.598882,
          34.67905
        ],
        "type": "Point"
      },
      "properties": {
        "bangumi_id": 262897,
        "bangumi_title": "摇曳露营△ 二期",
        "ep_cut": 3,
        "image_url": "https://w.junreimap.com/images/points/262897/5fchw285t_1780000939858.jpg",
        "location": "舞阪 - 滨松",
        "point_id": "5fchw285t",
        "point_name": "浜名大橋 东侧",
        "remark": "从停车场向西走，站在堤上向南拍摄"
      },
      "type": "Feature"
    },
    {
      "geometry": {
        "coordinates": [
          137.598846,
          34.678908
        ],
        "type": "Point"
      },
      "properties": {
        "bangumi_id": 262897,
        "bangumi_title": "摇曳露营△ 二期",
        "ep_cut": 3,
        "image_url": "https://w.junreimap.com/images/points/262897/f5lptie_1780000894643.jpg",
        "location": "舞阪 - 滨松",
        "point_id": "f5lptie",
        "point_name": "浜名大橋 东侧",
        "remark": ""
      },
      "type": "Feature"
    },
    {
      "geometry": {
        "coordinates": [
          137.598848,
          34.678811
        ],
        "type": "Point"
      },
      "properties": {
        "bangumi_id": 262897,
        "bangumi_title": "摇曳露营△ 二期",
        "ep_cut": 3,
        "image_url": "https://w.junreimap.com/images/points/262897/f5lrfb2_1780000968858.jpg",
        "location": "舞阪 - 滨松",
        "point_id": "f5lrfb2",
        "point_name": "浜名大橋 东侧",
        "remark": ""
      },
      "type": "Feature"
    },
    {
      "geometry": {
        "coordinates": [
          137.598797,
          34.677569
        ],
        "type": "Point"
      },
      "properties": {
        "bangumi_id": 262897,
        "bangumi_title": "摇曳露营△ 二期",
        "ep_cut": 3,
        "image_url": "https://w.junreimap.com/images/points/262897/f5lrupu_1780000990288.jpg",
        "location": "舞阪 - 滨松",
        "point_id": "f5lrupu",
        "point_name": "浜名大橋 东侧",
        "remark": ""
      },
      "type": "Feature"
    },
    {
      "geometry": {
        "coordinates": [
          137.598915,
          34.677574
        ],
        "type": "Point"
      },
      "properties": {
        "bangumi_id": 262897,
        "bangumi_title": "摇曳露营△ 二期",
        "ep_cut": 3,
        "image_url": "https://w.junreimap.com/images/points/262897/f5lryk2_1780000993618.jpg",
        "location": "舞阪 - 滨松",
        "point_id": "f5lryk2",
        "point_name": "浜名大橋 东侧",
        "remark": ""
      },
      "type": "Feature"
    },
    {
      "geometry": {
        "coordinates": [
          137.599745,
          34.677203
        ],
        "type": "Point"
      },
      "properties": {
        "bangumi_id": 262897,
        "bangumi_title": "摇曳露营△ 二期",
        "ep_cut": 3,
        "image_url": "https://w.junreimap.com/images/points/262897/f5ls2ay_1780001000309.jpg",
        "location": "舞阪 - 滨松",
        "point_id": "f5ls2ay",
        "point_name": "浜名大橋 东侧",
        "remark": ""
      },
      "type": "Feature"
    },
    {
      "geometry": {
        "coordinates": [
          137.599783,
          34.676803
        ],
        "type": "Point"
      },
      "properties": {
        "bangumi_id": 262897,
        "bangumi_title": "摇曳露营△ 二期",
        "ep_cut": 3,
        "image_url": "https://w.junreimap.com/images/points/262897/f5ls5i2_1780001005681.jpg",
        "location": "舞阪 - 滨松",
        "point_id": "f5ls5i2",
        "point_name": "浜名大橋 东侧",
        "remark": ""
      },
      "type": "Feature"
    },
    {
      "geometry": {
        "coordinates": [
          137.599777,
          34.677004
        ],
        "type": "Point"
      },
      "properties": {
        "bangumi_id": 262897,
        "bangumi_title": "摇曳露营△ 二期",
        "ep_cut": 3,
        "image_url": "https://w.junreimap.com/images/points/262897/f5ls9va_1780001008668.jpg",
        "location": "舞阪 - 滨松",
        "point_id": "f5ls9va",
        "point_name": "浜名大橋 东侧",
        "remark": ""
      },
      "type": "Feature"
    },
    {
      "geometry": {
        "coordinates": [
          137.599367,
          34.677091
        ],
        "type": "Point"
      },
      "properties": {
        "bangumi_id": 262897,
        "bangumi_title": "摇曳露营△ 二期",
        "ep_cut": 3,
        "image_url": "https://w.junreimap.com/images/points/262897/f5ltcdt_1780001059680.jpg",
        "location": "舞阪 - 滨松",
        "point_id": "f5ltcdt",
        "point_name": "浜名大橋 东侧",
        "remark": ""
      },
      "type": "Feature"
    },
    {
      "geometry": {
        "coordinates": [
          137.600177,
          34.677418
        ],
        "type": "Point"
      },
      "properties": {
        "bangumi_id": 262897,
        "bangumi_title": "摇曳露营△ 二期",
        "ep_cut": 3,
        "image_url": "https://w.junreimap.com/images/points/262897/f5ltkjs_1780001071368.jpg",
        "location": "舞阪 - 滨松",
        "point_id": "f5ltkjs",
        "point_name": "浜名大橋 东侧",
        "remark": ""
      },
      "type": "Feature"
    },
    {
      "geometry": {
        "coordinates": [
          137.600512,
          34.676151
        ],
        "type": "Point"
      },
      "properties": {
        "bangumi_id": 262897,
        "bangumi_title": "摇曳露营△ 二期",
        "ep_cut": 3,
        "image_url": "https://w.junreimap.com/images/points/262897/f5ltuc7_1780001081754.jpg",
        "location": "舞阪 - 滨松",
        "point_id": "f5ltuc7",
        "point_name": "浜名大橋 东侧",
        "remark": ""
      },
      "type": "Feature"
    },
    {
      "geometry": {
        "coordinates": [
          137.599459,
          34.676911
        ],
        "type": "Point"
      },
      "properties": {
        "bangumi_id": 262897,
        "bangumi_title": "摇曳露营△ 二期",
        "ep_cut": 3,
        "image_url": "https://w.junreimap.com/images/points/262897/f5ltwbd_1780001084220.jpg",
        "location": "舞阪 - 滨松",
        "point_id": "f5ltwbd",
        "point_name": "浜名大橋 东侧",
        "remark": ""
      },
      "type": "Feature"
    },
    {
      "geometry": {
        "coordinates": [
          137.597836,
          34.673343
        ],
        "type": "Point"
      },
      "properties": {
        "bangumi_id": 262897,
        "bangumi_title": "摇曳露营△ 二期",
        "ep_cut": 3,
        "image_url": "https://w.junreimap.com/images/points/262897/f5lsd8s_1780001012957.jpg",
        "location": "舞阪 - 滨松",
        "point_id": "f5lsd8s",
        "point_name": "灯塔",
        "remark": "虽然灯塔长得一样，但似乎地面不太像？这可能是涨潮后的画面？"
      },
      "type": "Feature"
    },
    {
      "geometry": {
        "coordinates": [
          137.61352,
          34.764183
        ],
        "type": "Point"
      },
      "properties": {
        "bangumi_id": 262897,
        "bangumi_title": "摇曳露营△ 二期",
        "ep_cut": 3,
        "image_url": "https://w.junreimap.com/images/points/262897/5fchw2806_1780001384697.jpg",
        "location": "馆山寺-滨松",
        "point_id": "5fchw2806",
        "point_name": "大村酒店 前",
        "remark": "此处北望抬头"
      },
      "type": "Feature"
    },
    {
      "geometry": {
        "coordinates": [
          137.613335,
          34.766146
        ],
        "type": "Point"
      },
      "properties": {
        "bangumi_id": 262897,
        "bangumi_title": "摇曳露营△ 二期",
        "ep_cut": 3,
        "image_url": "https://w.junreimap.com/images/points/262897/5fchw28az_1780001616300.jpg",
        "location": "馆山寺-滨松",
        "point_id": "5fchw28az",
        "point_name": "うなぎ専門の店 志ぶき",
        "remark": ""
      },
      "type": "Feature"
    },
    {
      "geometry": {
        "coordinates": [
          137.613253,
          34.766411
        ],
        "type": "Point"
      },
      "properties": {
        "bangumi_id": 262897,
        "bangumi_title": "摇曳露营△ 二期",
        "ep_cut": 3,
        "image_url": "https://w.junreimap.com/images/points/262897/f5m6ku9_1780001676553.jpg",
        "location": "馆山寺-滨松",
        "point_id": "f5m6ku9",
        "point_name": "うなぎ専門の店 志ぶき",
        "remark": "没找到完全一样的招牌，但是差不多的设计还是有的"
      },
      "type": "Feature"
    },
    {
      "geometry": {
        "coordinates": [
          137.61308,
          34.767247
        ],
        "type": "Point"
      },
      "properties": {
        "bangumi_id": 262897,
        "bangumi_title": "摇曳露营△ 二期",
        "ep_cut": 3,
        "image_url": "https://w.junreimap.com/images/points/262897/f5m64ce_1780001670129.jpg",
        "location": "馆山寺-滨松",
        "point_id": "f5m64ce",
        "point_name": "喜福",
        "remark": "看板被台风刮坏了"
      },
      "type": "Feature"
    },
    {
      "geometry": {
        "coordinates": [
          137.612769,
          34.763527
        ],
        "type": "Point"
      },
      "properties": {
        "bangumi_id": 262897,
        "bangumi_title": "摇曳露营△ 二期",
        "ep_cut": 3,
        "image_url": "https://w.junreimap.com/images/points/262897/5fchw28aj_1673452371310.jpg",
        "location": "馆山寺-滨松",
        "point_id": "5fchw28aj",
        "point_name": "しず花",
        "remark": ""
      },
      "type": "Feature"
    },
    {
      "geometry": {
        "coordinates": [
          137.61271,
          34.763475
        ],
        "type": "Point"
      },
      "properties": {
        "bangumi_id": 262897,
        "bangumi_title": "摇曳露营△ 二期",
        "ep_cut": 3,
        "image_url": "https://w.junreimap.com/images/points/262897/f5m7f6i_1780001715589.jpg",
        "location": "馆山寺-滨松",
        "point_id": "f5m7f6i",
        "point_name": "しず花",
        "remark": ""
      },
      "type": "Feature"
    },
    {
      "geometry": {
        "coordinates": [
          137.61271,
          34.763482
        ],
        "type": "Point"
      },
      "properties": {
        "bangumi_id": 262897,
        "bangumi_title": "摇曳露营△ 二期",
        "ep_cut": 3,
        "image_url": "https://w.junreimap.com/images/points/262897/f5m7thi_1780001734287.jpg",
        "location": "馆山寺-滨松",
        "point_id": "f5m7thi",
        "point_name": "しず花",
        "remark": ""
      },
      "type": "Feature"
    },
    {
      "geometry": {
        "coordinates": [
          137.651308,
          34.80764
        ],
        "type": "Point"
      },
      "properties": {
        "bangumi_id": 262897,
        "bangumi_title": "摇曳露营△ 二期",
        "ep_cut": 3,
        "image_url": "https://w.junreimap.com/images/points/262897/5fchw289a_1673452371878.jpg",
        "location": "气贺-天龙滨名湖铁道",
        "point_id": "5fchw289a",
        "point_name": "藤田屋",
        "remark": ""
      },
      "type": "Feature"
    },
    {
      "geometry": {
        "coordinates": [
          137.651758,
          34.807198
        ],
        "type": "Point"
      },
      "properties": {
        "bangumi_id": 262897,
        "bangumi_title": "摇曳露营△ 二期",
        "ep_cut": 3,
        "image_url": "https://w.junreimap.com/images/points/262897/5fchw280k_1780001753870.jpg",
        "location": "气贺-天龙滨名湖铁道",
        "point_id": "5fchw280k",
        "point_name": "気賀駅",
        "remark": ""
      },
      "type": "Feature"
    },
    {
      "geometry": {
        "coordinates": [
          137.651591,
          34.807164
        ],
        "type": "Point"
      },
      "properties": {
        "bangumi_id": 262897,
        "bangumi_title": "摇曳露营△ 二期",
        "ep_cut": 3,
        "image_url": "https://w.junreimap.com/images/points/262897/f5m8g91_1780001763248.jpg",
        "location": "天龙滨名湖铁道 电车",
        "point_id": "f5m8g91",
        "point_name": "天龙滨名湖铁道 电车内",
        "remark": ""
      },
      "type": "Feature"
    },
    {
      "geometry": {
        "coordinates": [
          137.651628,
          34.807161
        ],
        "type": "Point"
      },
      "properties": {
        "bangumi_id": 262897,
        "bangumi_title": "摇曳露营△ 二期",
        "ep_cut": 3,
        "image_url": "https://w.junreimap.com/images/points/262897/f5m8p3y_1780001775332.jpg",
        "location": "天龙滨名湖铁道 电车",
        "point_id": "f5m8p3y",
        "point_name": "天龙滨名湖铁道 电车内",
        "remark": ""
      },
      "type": "Feature"
    },
    {
      "geometry": {
        "coordinates": [
          137.627018,
          34.802406
        ],
        "type": "Point"
      },
      "properties": {
        "bangumi_id": 262897,
        "bangumi_title": "摇曳露营△ 二期",
        "ep_cut": 3,
        "image_url": "https://w.junreimap.com/images/points/262897/5fchw28fk_1673452373014.jpg",
        "location": "西气贺-天龙滨名湖铁道",
        "point_id": "5fchw28fk",
        "point_name": "西気賀站附近",
        "remark": "旧位置还没有铁轨高，需要往上移动才能俯瞰"
      },
      "type": "Feature"
    },
    {
      "geometry": {
        "coordinates": [
          137.599345,
          34.789352
        ],
        "type": "Point"
      },
      "properties": {
        "bangumi_id": 262897,
        "bangumi_title": "摇曳露营△ 二期",
        "ep_cut": 3,
        "image_url": "https://w.junreimap.com/images/points/262897/5fchw28nr_1780001813809.jpg",
        "location": "滨名湖佐久米 - 天龙滨名湖铁道 - 静冈",
        "point_id": "5fchw28nr",
        "point_name": "滨名湖佐久米站",
        "remark": ""
      },
      "type": "Feature"
    },
    {
      "geometry": {
        "coordinates": [
          137.599333,
          34.78927
        ],
        "type": "Point"
      },
      "properties": {
        "bangumi_id": 262897,
        "bangumi_title": "摇曳露营△ 二期",
        "ep_cut": 3,
        "image_url": "https://w.junreimap.com/images/points/262897/f5m9rb2_1780001824027.jpg",
        "location": "滨名湖佐久米 - 天龙滨名湖铁道 - 静冈",
        "point_id": "f5m9rb2",
        "point_name": "滨名湖佐久米站",
        "remark": ""
      },
      "type": "Feature"
    },
    {
      "geometry": {
        "coordinates": [
          137.599316,
          34.789303
        ],
        "type": "Point"
      },
      "properties": {
        "bangumi_id": 262897,
        "bangumi_title": "摇曳露营△ 二期",
        "ep_cut": 3,
        "image_url": "https://w.junreimap.com/images/points/262897/f5m9u38_1780001827930.jpg",
        "location": "滨名湖佐久米 - 天龙滨名湖铁道 - 静冈",
        "point_id": "f5m9u38",
        "point_name": "滨名湖佐久米站",
        "remark": ""
      },
      "type": "Feature"
    },
    {
      "geometry": {
        "coordinates": [
          137.599328,
          34.789318
        ],
        "type": "Point"
      },
      "properties": {
        "bangumi_id": 262897,
        "bangumi_title": "摇曳露营△ 二期",
        "ep_cut": 3,
        "image_url": "https://w.junreimap.com/images/points/262897/f5m9xl3_1780001832104.jpg",
        "location": "滨名湖佐久米 - 天龙滨名湖铁道 - 静冈",
        "point_id": "f5m9xl3",
        "point_name": "滨名湖佐久米站",
        "remark": ""
      },
      "type": "Feature"
    },
    {
      "geometry": {
        "coordinates": [
          137.599327,
          34.789258
        ],
        "type": "Point"
      },
      "properties": {
        "bangumi_id": 262897,
        "bangumi_title": "摇曳露营△ 二期",
        "ep_cut": 3,
        "image_url": "https://w.junreimap.com/images/points/262897/f5mbk18_1780001908809.jpg",
        "location": "滨名湖佐久米 - 天龙滨名湖铁道 - 静冈",
        "point_id": "f5mbk18",
        "point_name": "滨名湖佐久米站",
        "remark": ""
      },
      "type": "Feature"
    },
    {
      "geometry": {
        "coordinates": [
          137.599327,
          34.789266
        ],
        "type": "Point"
      },
      "properties": {
        "bangumi_id": 262897,
        "bangumi_title": "摇曳露营△ 二期",
        "ep_cut": 3,
        "image_url": "https://w.junreimap.com/images/points/262897/f5mbmce_1780001910923.jpg",
        "location": "滨名湖佐久米 - 天龙滨名湖铁道 - 静冈",
        "point_id": "f5mbmce",
        "point_name": "滨名湖佐久米站",
        "remark": ""
      },
      "type": "Feature"
    },
    {
      "geometry": {
        "coordinates": [
          137.599333,
          34.789239
        ],
        "type": "Point"
      },
      "properties": {
        "bangumi_id": 262897,
        "bangumi_title": "摇曳露营△ 二期",
        "ep_cut": 3,
        "image_url": "https://w.junreimap.com/images/points/262897/f5ma113_1780001840201.jpg",
        "location": "滨名湖佐久米 - 天龙滨名湖铁道 - 静冈",
        "point_id": "f5ma113",
        "point_name": "滨名湖佐久米站",
        "remark": ""
      },
      "type": "Feature"
    },
    {
      "geometry": {
        "coordinates": [
          137.599331,
          34.789205
        ],
        "type": "Point"
      },
      "properties": {
        "bangumi_id": 262897,
        "bangumi_title": "摇曳露营△ 二期",
        "ep_cut": 3,
        "image_url": "https://w.junreimap.com/images/points/262897/f5ma6ru_1780001844976.jpg",
        "location": "滨名湖佐久米 - 天龙滨名湖铁道 - 静冈",
        "point_id": "f5ma6ru",
        "point_name": "滨名湖佐久米站",
        "remark": ""
      },
      "type": "Feature"
    },
    {
      "geometry": {
        "coordinates": [
          137.59933,
          34.789197
        ],
        "type": "Point"
      },
      "properties": {
        "bangumi_id": 262897,
        "bangumi_title": "摇曳露营△ 二期",
        "ep_cut": 3,
        "image_url": "https://w.junreimap.com/images/points/262897/f5mabjc_1780001850459.jpg",
        "location": "滨名湖佐久米 - 天龙滨名湖铁道 - 静冈",
        "point_id": "f5mabjc",
        "point_name": "滨名湖佐久米站",
        "remark": ""
      },
      "type": "Feature"
    },
    {
      "geometry": {
        "coordinates": [
          137.599205,
          34.789146
        ],
        "type": "Point"
      },
      "properties": {
        "bangumi_id": 262897,
        "bangumi_title": "摇曳露营△ 二期",
        "ep_cut": 3,
        "image_url": "https://w.junreimap.com/images/points/262897/f5maf3i_1780001855015.jpg",
        "location": "滨名湖佐久米 - 天龙滨名湖铁道 - 静冈",
        "point_id": "f5maf3i",
        "point_name": "滨名湖佐久米站",
        "remark": ""
      },
      "type": "Feature"
    },
    {
      "geometry": {
        "coordinates": [
          137.599317,
          34.789149
        ],
        "type": "Point"
      },
      "properties": {
        "bangumi_id": 262897,
        "bangumi_title": "摇曳露营△ 二期",
        "ep_cut": 3,
        "image_url": "https://w.junreimap.com/images/points/262897/f5maj5c_1780001860368.jpg",
        "location": "滨名湖佐久米 - 天龙滨名湖铁道 - 静冈",
        "point_id": "f5maj5c",
        "point_name": "滨名湖佐久米站",
        "remark": ""
      },
      "type": "Feature"
    },
    {
      "geometry": {
        "coordinates": [
          137.599383,
          34.78918
        ],
        "type": "Point"
      },
      "properties": {
        "bangumi_id": 262897,
        "bangumi_title": "摇曳露营△ 二期",
        "ep_cut": 3,
        "image_url": "https://w.junreimap.com/images/points/262897/f5maoms_1780001867474.jpg",
        "location": "滨名湖佐久米 - 天龙滨名湖铁道 - 静冈",
        "point_id": "f5maoms",
        "point_name": "滨名湖佐久米站",
        "remark": ""
      },
      "type": "Feature"
    },
    {
      "geometry": {
        "coordinates": [
          137.599561,
          34.788919
        ],
        "type": "Point"
      },
      "properties": {
        "bangumi_id": 262897,
        "bangumi_title": "摇曳露营△ 二期",
        "ep_cut": 3,
        "image_url": "https://w.junreimap.com/images/points/262897/f5maw49_1780001877581.jpg",
        "location": "滨名湖佐久米 - 天龙滨名湖铁道 - 静冈",
        "point_id": "f5maw49",
        "point_name": "滨名湖佐久米站",
        "remark": "此处西北望"
      },
      "type": "Feature"
    },
    {
      "geometry": {
        "coordinates": [
          137.599392,
          34.78918
        ],
        "type": "Point"
      },
      "properties": {
        "bangumi_id": 262897,
        "bangumi_title": "摇曳露营△ 二期",
        "ep_cut": 3,
        "image_url": "https://w.junreimap.com/images/points/262897/f5mb49m_1780001889347.jpg",
        "location": "滨名湖佐久米 - 天龙滨名湖铁道 - 静冈",
        "point_id": "f5mb49m",
        "point_name": "滨名湖佐久米站",
        "remark": ""
      },
      "type": "Feature"
    },
    {
      "geometry": {
        "coordinates": [
          137.599429,
          34.789171
        ],
        "type": "Point"
      },
      "properties": {
        "bangumi_id": 262897,
        "bangumi_title": "摇曳露营△ 二期",
        "ep_cut": 3,
        "image_url": "https://w.junreimap.com/images/points/262897/f5mb8hs_1780001892740.jpg",
        "location": "滨名湖佐久米 - 天龙滨名湖铁道 - 静冈",
        "point_id": "f5mb8hs",
        "point_name": "滨名湖佐久米站",
        "remark": ""
      },
      "type": "Feature"
    },
    {
      "geometry": {
        "coordinates": [
          137.599383,
          34.789185
        ],
        "type": "Point"
      },
      "properties": {
        "bangumi_id": 262897,
        "bangumi_title": "摇曳露营△ 二期",
        "ep_cut": 3,
        "image_url": "https://w.junreimap.com/images/points/262897/f5mbatz_1780001896027.jpg",
        "location": "滨名湖佐久米 - 天龙滨名湖铁道 - 静冈",
        "point_id": "f5mbatz",
        "point_name": "滨名湖佐久米站",
        "remark": ""
      },
      "type": "Feature"
    },
    {
      "geometry": {
        "coordinates": [
          137.59942,
          34.789171
        ],
        "type": "Point"
      },
      "properties": {
        "bangumi_id": 262897,
        "bangumi_title": "摇曳露营△ 二期",
        "ep_cut": 3,
        "image_url": "https://w.junreimap.com/images/points/262897/f5mbdts_1780001899923.jpg",
        "location": "滨名湖佐久米 - 天龙滨名湖铁道 - 静冈",
        "point_id": "f5mbdts",
        "point_name": "滨名湖佐久米站",
        "remark": ""
      },
      "type": "Feature"
    },
    {
      "geometry": {
        "coordinates": [
          137.599505,
          34.789568
        ],
        "type": "Point"
      },
      "properties": {
        "bangumi_id": 262897,
        "bangumi_title": "摇曳露营△ 二期",
        "ep_cut": 3,
        "image_url": "https://w.junreimap.com/images/points/262897/202bopo_1751367872387.jpg",
        "location": "滨名湖佐久米站",
        "point_id": "202bopo",
        "point_name": "さくめ(Sakume) 前 差分",
        "remark": "营业时间11AM~2PM/4PM~6PM，周一/周二定休日。营业前一小时开放现场排队登记领号，相当火，不准时登记可能吃不到。使用滨名湖产野生/养殖鳗鱼的鳗鱼饭餐馆，定价4400日元（大/一匹半）、3200日元（中/一匹）和1900日元（小/半匹）。TEL：053-526-1758。不接受预约，只接受walk in。"
      },
      "type": "Feature"
    },
    {
      "geometry": {
        "coordinates": [
          137.599507,
          34.789557
        ],
        "type": "Point"
      },
      "properties": {
        "bangumi_id": 262897,
        "bangumi_title": "摇曳露营△ 二期",
        "ep_cut": 3,
        "image_url": "https://w.junreimap.com/images/points/262897/f5meajh_1780002035477.jpg",
        "location": "滨名湖佐久米 - 天龙滨名湖铁道 - 静冈",
        "point_id": "f5meajh",
        "point_name": "さくめ(Sakume) 前 差分",
        "remark": "营业时间11AM~2PM/4PM~6PM，周一/周二定休日。营业前一小时开放现场排队登记领号，相当火，不准时登记可能吃不到。使用滨名湖产野生/养殖鳗鱼的鳗鱼饭餐馆，定价4400日元（大/一匹半）、3200日元（中/一匹）和1900日元（小/半匹）。TEL：053-526-1758。不接受预约，只接受walk in。"
      },
      "type": "Feature"
    },
    {
      "geometry": {
        "coordinates": [
          137.59953,
          34.789581
        ],
        "type": "Point"
      },
      "properties": {
        "bangumi_id": 262897,
        "bangumi_title": "摇曳露营△ 二期",
        "ep_cut": 3,
        "image_url": "https://w.junreimap.com/images/points/262897/f5mikvt_1780002236281.jpg",
        "location": "滨名湖佐久米 - 天龙滨名湖铁道 - 静冈",
        "point_id": "f5mikvt",
        "point_name": "さくめ(Sakume) 前 差分",
        "remark": ""
      },
      "type": "Feature"
    },
    {
      "geometry": {
        "coordinates": [
          137.599536,
          34.789585
        ],
        "type": "Point"
      },
      "properties": {
        "bangumi_id": 262897,
        "bangumi_title": "摇曳露营△ 二期",
        "ep_cut": 3,
        "image_url": "https://w.junreimap.com/images/points/262897/f5men0j_1780002053378.jpg",
        "location": "滨名湖佐久米 - 天龙滨名湖铁道 - 静冈",
        "point_id": "f5men0j",
        "point_name": "さくめ(Sakume)",
        "remark": ""
      },
      "type": "Feature"
    },
    {
      "geometry": {
        "coordinates": [
          137.599549,
          34.789599
        ],
        "type": "Point"
      },
      "properties": {
        "bangumi_id": 262897,
        "bangumi_title": "摇曳露营△ 二期",
        "ep_cut": 3,
        "image_url": "https://w.junreimap.com/images/points/262897/f5mercr_1780002057547.jpg",
        "location": "滨名湖佐久米 - 天龙滨名湖铁道 - 静冈",
        "point_id": "f5mercr",
        "point_name": "さくめ(Sakume)",
        "remark": ""
      },
      "type": "Feature"
    },
    {
      "geometry": {
        "coordinates": [
          137.599577,
          34.78962
        ],
        "type": "Point"
      },
      "properties": {
        "bangumi_id": 262897,
        "bangumi_title": "摇曳露营△ 二期",
        "ep_cut": 3,
        "image_url": "https://w.junreimap.com/images/points/262897/f5metz8_1780002060712.jpg",
        "location": "滨名湖佐久米 - 天龙滨名湖铁道 - 静冈",
        "point_id": "f5metz8",
        "point_name": "さくめ(Sakume)",
        "remark": ""
      },
      "type": "Feature"
    },
    {
      "geometry": {
        "coordinates": [
          137.599568,
          34.789605
        ],
        "type": "Point"
      },
      "properties": {
        "bangumi_id": 262897,
        "bangumi_title": "摇曳露营△ 二期",
        "ep_cut": 3,
        "image_url": "https://w.junreimap.com/images/points/262897/f5mezag_1780002067974.jpg",
        "location": "滨名湖佐久米 - 天龙滨名湖铁道 - 静冈",
        "point_id": "f5mezag",
        "point_name": "さくめ(Sakume)",
        "remark": ""
      },
      "type": "Feature"
    },
    {
      "geometry": {
        "coordinates": [
          137.599571,
          34.789599
        ],
        "type": "Point"
      },
      "properties": {
        "bangumi_id": 262897,
        "bangumi_title": "摇曳露营△ 二期",
        "ep_cut": 3,
        "image_url": "https://w.junreimap.com/images/points/262897/204rebk_1751371916958.jpg",
        "location": "滨名湖佐久米 - 天龙滨名湖铁道 - 静冈",
        "point_id": "204rebk",
        "point_name": "さくめ(Sakume)",
        "remark": "芝麻凛和抚子坐在靠近厨房的柜台的中间两个位置。"
      },
      "type": "Feature"
    },
    {
      "geometry": {
        "coordinates": [
          137.599574,
          34.789604
        ],
        "type": "Point"
      },
      "properties": {
        "bangumi_id": 262897,
        "bangumi_title": "摇曳露营△ 二期",
        "ep_cut": 3,
        "image_url": "https://w.junreimap.com/images/points/262897/204pwle_1751371855240.jpg",
        "location": "滨名湖佐久米 - 天龙滨名湖铁道 - 静冈",
        "point_id": "204pwle",
        "point_name": "さくめ(Sakume)",
        "remark": "实际定价和作品里有些许不同，三种套餐分别是4400日元（大/一匹半）、3200日元（中/一匹）和1900日元（小/半匹）。"
      },
      "type": "Feature"
    },
    {
      "geometry": {
        "coordinates": [
          137.599579,
          34.789601
        ],
        "type": "Point"
      },
      "properties": {
        "bangumi_id": 262897,
        "bangumi_title": "摇曳露营△ 二期",
        "ep_cut": 3,
        "image_url": "https://w.junreimap.com/images/points/262897/f5mf64b_1780002076476.jpg",
        "location": "滨名湖佐久米 - 天龙滨名湖铁道 - 静冈",
        "point_id": "f5mf64b",
        "point_name": "さくめ(Sakume)",
        "remark": ""
      },
      "type": "Feature"
    },
    {
      "geometry": {
        "coordinates": [
          137.599586,
          34.7896
        ],
        "type": "Point"
      },
      "properties": {
        "bangumi_id": 262897,
        "bangumi_title": "摇曳露营△ 二期",
        "ep_cut": 3,
        "image_url": "https://w.junreimap.com/images/points/262897/f5mf7r3_1780002078756.jpg",
        "location": "滨名湖佐久米 - 天龙滨名湖铁道 - 静冈",
        "point_id": "f5mf7r3",
        "point_name": "さくめ(Sakume)",
        "remark": ""
      },
      "type": "Feature"
    },
    {
      "geometry": {
        "coordinates": [
          137.599576,
          34.789597
        ],
        "type": "Point"
      },
      "properties": {
        "bangumi_id": 262897,
        "bangumi_title": "摇曳露营△ 二期",
        "ep_cut": 3,
        "image_url": "https://w.junreimap.com/images/points/262897/f5mf9oy_1780002081205.jpg",
        "location": "滨名湖佐久米 - 天龙滨名湖铁道 - 静冈",
        "point_id": "f5mf9oy",
        "point_name": "さくめ(Sakume)",
        "remark": ""
      },
      "type": "Feature"
    },
    {
      "geometry": {
        "coordinates": [
          137.599583,
          34.789596
        ],
        "type": "Point"
      },
      "properties": {
        "bangumi_id": 262897,
        "bangumi_title": "摇曳露营△ 二期",
        "ep_cut": 3,
        "image_url": "https://w.junreimap.com/images/points/262897/f5mfbep_1780002083137.jpg",
        "location": "滨名湖佐久米 - 天龙滨名湖铁道 - 静冈",
        "point_id": "f5mfbep",
        "point_name": "さくめ(Sakume)",
        "remark": ""
      },
      "type": "Feature"
    },
    {
      "geometry": {
        "coordinates": [
          137.599567,
          34.7896
        ],
        "type": "Point"
      },
      "properties": {
        "bangumi_id": 262897,
        "bangumi_title": "摇曳露营△ 二期",
        "ep_cut": 3,
        "image_url": "https://w.junreimap.com/images/points/262897/f5mfds3_1780002086667.jpg",
        "location": "滨名湖佐久米 - 天龙滨名湖铁道 - 静冈",
        "point_id": "f5mfds3",
        "point_name": "さくめ(Sakume)",
        "remark": ""
      },
      "type": "Feature"
    },
    {
      "geometry": {
        "coordinates": [
          137.599591,
          34.789599
        ],
        "type": "Point"
      },
      "properties": {
        "bangumi_id": 262897,
        "bangumi_title": "摇曳露营△ 二期",
        "ep_cut": 3,
        "image_url": "https://w.junreimap.com/images/points/262897/f5mffy9_1780002090626.jpg",
        "location": "滨名湖佐久米 - 天龙滨名湖铁道 - 静冈",
        "point_id": "f5mffy9",
        "point_name": "さくめ(Sakume)",
        "remark": ""
      },
      "type": "Feature"
    },
    {
      "geometry": {
        "coordinates": [
          137.599561,
          34.789602
        ],
        "type": "Point"
      },
      "properties": {
        "bangumi_id": 262897,
        "bangumi_title": "摇曳露营△ 二期",
        "ep_cut": 3,
        "image_url": "https://w.junreimap.com/images/points/262897/f5mfj4s_1780002093739.jpg",
        "location": "滨名湖佐久米 - 天龙滨名湖铁道 - 静冈",
        "point_id": "f5mfj4s",
        "point_name": "さくめ(Sakume)",
        "remark": ""
      },
      "type": "Feature"
    },
    {
      "geometry": {
        "coordinates": [
          137.599563,
          34.789607
        ],
        "type": "Point"
      },
      "properties": {
        "bangumi_id": 262897,
        "bangumi_title": "摇曳露营△ 二期",
        "ep_cut": 3,
        "image_url": "https://w.junreimap.com/images/points/262897/f5mfodj_1780002101026.jpg",
        "location": "滨名湖佐久米 - 天龙滨名湖铁道 - 静冈",
        "point_id": "f5mfodj",
        "point_name": "さくめ(Sakume)",
        "remark": ""
      },
      "type": "Feature"
    },
    {
      "geometry": {
        "coordinates": [
          137.599588,
          34.789595
        ],
        "type": "Point"
      },
      "properties": {
        "bangumi_id": 262897,
        "bangumi_title": "摇曳露营△ 二期",
        "ep_cut": 3,
        "image_url": "https://w.junreimap.com/images/points/262897/f5mfs14_1780002105058.jpg",
        "location": "滨名湖佐久米 - 天龙滨名湖铁道 - 静冈",
        "point_id": "f5mfs14",
        "point_name": "さくめ(Sakume)",
        "remark": ""
      },
      "type": "Feature"
    },
    {
      "geometry": {
        "coordinates": [
          137.599574,
          34.789612
        ],
        "type": "Point"
      },
      "properties": {
        "bangumi_id": 262897,
        "bangumi_title": "摇曳露营△ 二期",
        "ep_cut": 3,
        "image_url": "https://w.junreimap.com/images/points/262897/f5mfur9_1780002108703.jpg",
        "location": "滨名湖佐久米 - 天龙滨名湖铁道 - 静冈",
        "point_id": "f5mfur9",
        "point_name": "さくめ(Sakume)",
        "remark": "此处杀鱼使用的是背剖法，具体可参考：https://www.bilibili.com/video/BV1NjGnzjErt"
      },
      "type": "Feature"
    },
    {
      "geometry": {
        "coordinates": [
          137.599559,
          34.789608
        ],
        "type": "Point"
      },
      "properties": {
        "bangumi_id": 262897,
        "bangumi_title": "摇曳露营△ 二期",
        "ep_cut": 3,
        "image_url": "https://w.junreimap.com/images/points/262897/f5mhin6_1780002186899.jpg",
        "location": "滨名湖佐久米 - 天龙滨名湖铁道 - 静冈",
        "point_id": "f5mhin6",
        "point_name": "さくめ(Sakume)",
        "remark": ""
      },
      "type": "Feature"
    },
    {
      "geometry": {
        "coordinates": [
          137.599557,
          34.789604
        ],
        "type": "Point"
      },
      "properties": {
        "bangumi_id": 262897,
        "bangumi_title": "摇曳露营△ 二期",
        "ep_cut": 3,
        "image_url": "https://w.junreimap.com/images/points/262897/f5mhlus_1780002190440.jpg",
        "location": "滨名湖佐久米 - 天龙滨名湖铁道 - 静冈",
        "point_id": "f5mhlus",
        "point_name": "さくめ(Sakume)",
        "remark": ""
      },
      "type": "Feature"
    },
    {
      "geometry": {
        "coordinates": [
          137.599573,
          34.789608
        ],
        "type": "Point"
      },
      "properties": {
        "bangumi_id": 262897,
        "bangumi_title": "摇曳露营△ 二期",
        "ep_cut": 3,
        "image_url": "https://w.junreimap.com/images/points/262897/f5mhny4_1780002192924.jpg",
        "location": "滨名湖佐久米 - 天龙滨名湖铁道 - 静冈",
        "point_id": "f5mhny4",
        "point_name": "さくめ(Sakume)",
        "remark": ""
      },
      "type": "Feature"
    },
    {
      "geometry": {
        "coordinates": [
          137.599576,
          34.789603
        ],
        "type": "Point"
      },
      "properties": {
        "bangumi_id": 262897,
        "bangumi_title": "摇曳露营△ 二期",
        "ep_cut": 3,
        "image_url": "https://w.junreimap.com/images/points/262897/f5mhq8k_1780002199792.jpg",
        "location": "滨名湖佐久米 - 天龙滨名湖铁道 - 静冈",
        "point_id": "f5mhq8k",
        "point_name": "さくめ(Sakume)",
        "remark": "餐具一模一样"
      },
      "type": "Feature"
    },
    {
      "geometry": {
        "coordinates": [
          137.599582,
          34.789601
        ],
        "type": "Point"
      },
      "properties": {
        "bangumi_id": 262897,
        "bangumi_title": "摇曳露营△ 二期",
        "ep_cut": 3,
        "image_url": "https://w.junreimap.com/images/points/262897/f5mi2zk_1780002212677.jpg",
        "location": "滨名湖佐久米 - 天龙滨名湖铁道 - 静冈",
        "point_id": "f5mi2zk",
        "point_name": "さくめ(Sakume)",
        "remark": ""
      },
      "type": "Feature"
    },
    {
      "geometry": {
        "coordinates": [
          137.59957,
          34.789604
        ],
        "type": "Point"
      },
      "properties": {
        "bangumi_id": 262897,
        "bangumi_title": "摇曳露营△ 二期",
        "ep_cut": 3,
        "image_url": "https://w.junreimap.com/images/points/262897/f5mi7ng_1780002218661.jpg",
        "location": "滨名湖佐久米 - 天龙滨名湖铁道 - 静冈",
        "point_id": "f5mi7ng",
        "point_name": "さくめ(Sakume)",
        "remark": ""
      },
      "type": "Feature"
    },
    {
      "geometry": {
        "coordinates": [
          137.59677,
          34.788523
        ],
        "type": "Point"
      },
      "properties": {
        "bangumi_id": 262897,
        "bangumi_title": "摇曳露营△ 二期",
        "ep_cut": 3,
        "image_url": "https://w.junreimap.com/images/points/262897/5fchw284e_1673452374617.jpg",
        "location": "滨名湖佐久米 - 天龙滨名湖铁道 - 静冈",
        "point_id": "5fchw284e",
        "point_name": "東名高速 高架下踏切",
        "remark": "天竜浜名湖鉄道 浜名湖佐久米~東都筑間 万楽踏切"
      },
      "type": "Feature"
    },
    {
      "geometry": {
        "coordinates": [
          137.589398,
          34.784986
        ],
        "type": "Point"
      },
      "properties": {
        "bangumi_id": 262897,
        "bangumi_title": "摇曳露营△ 二期",
        "ep_cut": 3,
        "image_url": "https://w.junreimap.com/images/points/262897/f5mj9im_1780002268626.jpg",
        "location": "滨名湖佐久米 - 天龙滨名湖铁道 - 静冈",
        "point_id": "f5mj9im",
        "point_name": "日東​工業​(株)​三ケ日​荘 前",
        "remark": ""
      },
      "type": "Feature"
    },
    {
      "geometry": {
        "coordinates": [
          137.588651,
          34.785242
        ],
        "type": "Point"
      },
      "properties": {
        "bangumi_id": 262897,
        "bangumi_title": "摇曳露营△ 二期",
        "ep_cut": 3,
        "image_url": "https://w.junreimap.com/images/points/262897/5fchw284v_1673452375239.jpg",
        "location": "滨名湖佐久米 - 天龙滨名湖铁道 - 静冈",
        "point_id": "5fchw284v",
        "point_name": "日東​工業​(株)​三ケ日​荘 前",
        "remark": "实际上抚子老家建筑物所在地是一片空地"
      },
      "type": "Feature"
    },
    {
      "geometry": {
        "coordinates": [
          137.588761,
          34.785221
        ],
        "type": "Point"
      },
      "properties": {
        "bangumi_id": 262897,
        "bangumi_title": "摇曳露营△ 二期",
        "ep_cut": 3,
        "image_url": "https://w.junreimap.com/images/points/262897/f5mkc9a_1780002318282.jpg",
        "location": "滨名湖佐久米 - 天龙滨名湖铁道 - 静冈",
        "point_id": "f5mkc9a",
        "point_name": "日東​工業​(株)​三ケ日​荘 前",
        "remark": ""
      },
      "type": "Feature"
    },
    {
      "geometry": {
        "coordinates": [
          137.588935,
          34.785149
        ],
        "type": "Point"
      },
      "properties": {
        "bangumi_id": 262897,
        "bangumi_title": "摇曳露营△ 二期",
        "ep_cut": 1,
        "image_url": "https://w.junreimap.com/images/points/262897/5fchw27li_1780000395015.jpg",
        "location": "滨名湖佐久米 - 天龙滨名湖铁道 - 静冈",
        "point_id": "5fchw27li",
        "point_name": "日東​工業​(株)​三ケ日​荘 前",
        "remark": ""
      },
      "type": "Feature"
    },
    {
      "geometry": {
        "coordinates": [
          137.588822,
          34.785172
        ],
        "type": "Point"
      },
      "properties": {
        "bangumi_id": 262897,
        "bangumi_title": "摇曳露营△ 二期",
        "ep_cut": 3,
        "image_url": "https://w.junreimap.com/images/points/262897/f5mpcc7_1780002551279.jpg",
        "location": "滨名湖佐久米 - 天龙滨名湖铁道 - 静冈",
        "point_id": "f5mpcc7",
        "point_name": "日東​工業​(株)​三ケ日​荘 前",
        "remark": ""
      },
      "type": "Feature"
    },
    {
      "geometry": {
        "coordinates": [
          137.589026,
          34.785019
        ],
        "type": "Point"
      },
      "properties": {
        "bangumi_id": 262897,
        "bangumi_title": "摇曳露营△ 二期",
        "ep_cut": 3,
        "image_url": "https://w.junreimap.com/images/points/262897/f5mw83k_1780002874032.jpg",
        "location": "滨名湖佐久米 - 天龙滨名湖铁道 - 静冈",
        "point_id": "f5mw83k",
        "point_name": "日東​工業​(株)​三ケ日​荘 前",
        "remark": ""
      },
      "type": "Feature"
    },
    {
      "geometry": {
        "coordinates": [
          137.58872,
          34.785199
        ],
        "type": "Point"
      },
      "properties": {
        "bangumi_id": 262897,
        "bangumi_title": "摇曳露营△ 二期",
        "ep_cut": 3,
        "image_url": "https://w.junreimap.com/images/points/262897/f5mwe0n_1780002880306.jpg",
        "location": "滨名湖佐久米 - 天龙滨名湖铁道 - 静冈",
        "point_id": "f5mwe0n",
        "point_name": "日東​工業​(株)​三ケ日​荘 前",
        "remark": ""
      },
      "type": "Feature"
    },
    {
      "geometry": {
        "coordinates": [
          137.588843,
          34.785202
        ],
        "type": "Point"
      },
      "properties": {
        "bangumi_id": 262897,
        "bangumi_title": "摇曳露营△ 二期",
        "ep_cut": 3,
        "image_url": "https://w.junreimap.com/images/points/262897/f5mx5qz_1780002916551.jpg",
        "location": "滨名湖佐久米 - 天龙滨名湖铁道 - 静冈",
        "point_id": "f5mx5qz",
        "point_name": "日東​工業​(株)​三ケ日​荘 前",
        "remark": ""
      },
      "type": "Feature"
    },
    {
      "geometry": {
        "coordinates": [
          137.58885,
          34.784989
        ],
        "type": "Point"
      },
      "properties": {
        "bangumi_id": 262897,
        "bangumi_title": "摇曳露营△ 二期",
        "ep_cut": 3,
        "image_url": "https://w.junreimap.com/images/points/262897/f5mxivg_1780002935587.jpg",
        "location": "滨名湖佐久米 - 天龙滨名湖铁道 - 静冈",
        "point_id": "f5mxivg",
        "point_name": "日東​工業​(株)​三ケ日​荘 前 俯瞰",
        "remark": ""
      },
      "type": "Feature"
    },
    {
      "geometry": {
        "coordinates": [
          137.588761,
          34.784746
        ],
        "type": "Point"
      },
      "properties": {
        "bangumi_id": 262897,
        "bangumi_title": "摇曳露营△ 二期",
        "ep_cut": 3,
        "image_url": "https://w.junreimap.com/images/points/262897/f5mpi3y_1780002559021.jpg",
        "location": "滨名湖佐久米 - 天龙滨名湖铁道 - 静冈",
        "point_id": "f5mpi3y",
        "point_name": "日東​工業​(株)​三ケ日​荘 前",
        "remark": ""
      },
      "type": "Feature"
    },
    {
      "geometry": {
        "coordinates": [
          137.590429,
          34.784773
        ],
        "type": "Point"
      },
      "properties": {
        "bangumi_id": 262897,
        "bangumi_title": "摇曳露营△ 二期",
        "ep_cut": 3,
        "image_url": "https://w.junreimap.com/images/points/262897/f5mpmbz_1780002566673.jpg",
        "location": "滨名湖佐久米 - 天龙滨名湖铁道 - 静冈",
        "point_id": "f5mpmbz",
        "point_name": "日東​工業​(株)​三ケ日​荘 前",
        "remark": ""
      },
      "type": "Feature"
    },
    {
      "geometry": {
        "coordinates": [
          137.608726,
          34.797466
        ],
        "type": "Point"
      },
      "properties": {
        "bangumi_id": 262897,
        "bangumi_title": "摇曳露营△ 二期",
        "ep_cut": 3,
        "image_url": "https://w.junreimap.com/images/points/262897/f5mrvw3_1780002672868.jpg",
        "location": "寸座 - 天龙滨名湖铁道 - 静冈",
        "point_id": "f5mrvw3",
        "point_name": "奥浜名湖展望公園 展望台",
        "remark": ""
      },
      "type": "Feature"
    },
    {
      "geometry": {
        "coordinates": [
          137.608346,
          34.798144
        ],
        "type": "Point"
      },
      "properties": {
        "bangumi_id": 262897,
        "bangumi_title": "摇曳露营△ 二期",
        "ep_cut": 3,
        "image_url": "https://w.junreimap.com/images/points/262897/f5mrnfx_1780002721577.jpg",
        "location": "寸座 - 天龙滨名湖铁道 - 静冈",
        "point_id": "f5mrnfx",
        "point_name": "奥浜名湖展望公園 展望台",
        "remark": ""
      },
      "type": "Feature"
    },
    {
      "geometry": {
        "coordinates": [
          137.608318,
          34.79813
        ],
        "type": "Point"
      },
      "properties": {
        "bangumi_id": 262897,
        "bangumi_title": "摇曳露营△ 二期",
        "ep_cut": 3,
        "image_url": "https://w.junreimap.com/images/points/262897/f5mt2o1_1780002725244.jpg",
        "location": "寸座 - 天龙滨名湖铁道 - 静冈",
        "point_id": "f5mt2o1",
        "point_name": "奥浜名湖展望公園 展望台",
        "remark": ""
      },
      "type": "Feature"
    },
    {
      "geometry": {
        "coordinates": [
          137.60883,
          34.797998
        ],
        "type": "Point"
      },
      "properties": {
        "bangumi_id": 262897,
        "bangumi_title": "摇曳露营△ 二期",
        "ep_cut": 3,
        "image_url": "https://w.junreimap.com/images/points/262897/f5mt7uh_1780002734105.jpg",
        "location": "寸座 - 天龙滨名湖铁道 - 静冈",
        "point_id": "f5mt7uh",
        "point_name": "奥浜名湖展望公園 展望台",
        "remark": ""
      },
      "type": "Feature"
    },
    {
      "geometry": {
        "coordinates": [
          137.608277,
          34.798121
        ],
        "type": "Point"
      },
      "properties": {
        "bangumi_id": 262897,
        "bangumi_title": "摇曳露营△ 二期",
        "ep_cut": 3,
        "image_url": "https://w.junreimap.com/images/points/262897/5fchw2847_1673452375809.jpg",
        "location": "寸座 - 天龙滨名湖铁道 - 静冈",
        "point_id": "5fchw2847",
        "point_name": "奥浜名湖展望公園 展望台",
        "remark": "展望台因白蚁腐蚀，于2021年3月被拆除，现已不存"
      },
      "type": "Feature"
    },
    {
      "geometry": {
        "coordinates": [
          137.608361,
          34.798027
        ],
        "type": "Point"
      },
      "properties": {
        "bangumi_id": 262897,
        "bangumi_title": "摇曳露营△ 二期",
        "ep_cut": 3,
        "image_url": "https://w.junreimap.com/images/points/262897/f5mtfyv_1780002744328.jpg",
        "location": "寸座 - 天龙滨名湖铁道 - 静冈",
        "point_id": "f5mtfyv",
        "point_name": "奥浜名湖展望公園 展望台",
        "remark": ""
      },
      "type": "Feature"
    },
    {
      "geometry": {
        "coordinates": [
          137.60839,
          34.79803
        ],
        "type": "Point"
      },
      "properties": {
        "bangumi_id": 262897,
        "bangumi_title": "摇曳露营△ 二期",
        "ep_cut": 3,
        "image_url": "https://w.junreimap.com/images/points/262897/f5mto4o_1780002753513.jpg",
        "location": "寸座 - 天龙滨名湖铁道 - 静冈",
        "point_id": "f5mto4o",
        "point_name": "奥浜名湖展望公園 展望台",
        "remark": ""
      },
      "type": "Feature"
    },
    {
      "geometry": {
        "coordinates": [
          137.608387,
          34.798039
        ],
        "type": "Point"
      },
      "properties": {
        "bangumi_id": 262897,
        "bangumi_title": "摇曳露营△ 二期",
        "ep_cut": 3,
        "image_url": "https://w.junreimap.com/images/points/262897/f5mtshq_1780002758766.jpg",
        "location": "寸座 - 天龙滨名湖铁道 - 静冈",
        "point_id": "f5mtshq",
        "point_name": "奥浜名湖展望公園 展望台",
        "remark": ""
      },
      "type": "Feature"
    },
    {
      "geometry": {
        "coordinates": [
          137.608369,
          34.798041
        ],
        "type": "Point"
      },
      "properties": {
        "bangumi_id": 262897,
        "bangumi_title": "摇曳露营△ 二期",
        "ep_cut": 3,
        "image_url": "https://w.junreimap.com/images/points/262897/f5mtv00_1780002761783.jpg",
        "location": "寸座 - 天龙滨名湖铁道 - 静冈",
        "point_id": "f5mtv00",
        "point_name": "奥浜名湖展望公園 展望台",
        "remark": ""
      },
      "type": "Feature"
    },
    {
      "geometry": {
        "coordinates": [
          137.608324,
          34.797967
        ],
        "type": "Point"
      },
      "properties": {
        "bangumi_id": 262897,
        "bangumi_title": "摇曳露营△ 二期",
        "ep_cut": 3,
        "image_url": "https://w.junreimap.com/images/points/262897/f5mty3b_1780002766012.jpg",
        "location": "寸座 - 天龙滨名湖铁道 - 静冈",
        "point_id": "f5mty3b",
        "point_name": "奥浜名湖展望公園 展望台",
        "remark": ""
      },
      "type": "Feature"
    },
    {
      "geometry": {
        "coordinates": [
          137.615799,
          34.793416
        ],
        "type": "Point"
      },
      "properties": {
        "bangumi_id": 262897,
        "bangumi_title": "摇曳露营△ 二期",
        "ep_cut": 3,
        "image_url": "https://w.junreimap.com/images/points/262897/f5mucf8_1780002851410.jpg",
        "location": "寸座 - 天龙滨名湖铁道 - 静冈",
        "point_id": "f5mucf8",
        "point_name": "姬街道",
        "remark": ""
      },
      "type": "Feature"
    },
    {
      "geometry": {
        "coordinates": [
          137.615809,
          34.793435
        ],
        "type": "Point"
      },
      "properties": {
        "bangumi_id": 262897,
        "bangumi_title": "摇曳露营△ 二期",
        "ep_cut": 3,
        "image_url": "https://w.junreimap.com/images/points/262897/f5mvvtl_1780002856491.jpg",
        "location": "寸座 - 天龙滨名湖铁道 - 静冈",
        "point_id": "f5mvvtl",
        "point_name": "姬街道",
        "remark": ""
      },
      "type": "Feature"
    },
    {
      "geometry": {
        "coordinates": [
          137.615823,
          34.793405
        ],
        "type": "Point"
      },
      "properties": {
        "bangumi_id": 262897,
        "bangumi_title": "摇曳露营△ 二期",
        "ep_cut": 3,
        "image_url": "https://w.junreimap.com/images/points/262897/f5mvyr6_1780002860229.jpg",
        "location": "寸座 - 天龙滨名湖铁道 - 静冈",
        "point_id": "f5mvyr6",
        "point_name": "姬街道",
        "remark": ""
      },
      "type": "Feature"
    },
    {
      "geometry": {
        "coordinates": [
          137.618248,
          34.793205
        ],
        "type": "Point"
      },
      "properties": {
        "bangumi_id": 262897,
        "bangumi_title": "摇曳露营△ 二期",
        "ep_cut": 3,
        "image_url": "https://w.junreimap.com/images/points/262897/5fchw2854_1673452376367.jpg",
        "location": "寸座 - 天龙滨名湖铁道 - 静冈",
        "point_id": "5fchw2854",
        "point_name": "またねアヤちゃん",
        "remark": ""
      },
      "type": "Feature"
    },
    {
      "geometry": {
        "coordinates": [
          137.734288,
          34.703373
        ],
        "type": "Point"
      },
      "properties": {
        "bangumi_id": 262897,
        "bangumi_title": "摇曳露营△ 二期",
        "ep_cut": 3,
        "image_url": "https://w.junreimap.com/images/points/262897/f5mkx9n_1780002346770.jpg",
        "location": "滨松站 - 滨松",
        "point_id": "f5mkx9n",
        "point_name": "滨松名物！うなぎパイ！",
        "remark": "在车站这里的特产商店里可以买到滨松特产——春华堂鳗鱼派！很硬，很甜！价格1,155円起（依据规格不同而变化）。"
      },
      "type": "Feature"
    },
    {
      "geometry": {
        "coordinates": [
          137.768325,
          34.720635
        ],
        "type": "Point"
      },
      "properties": {
        "bangumi_id": 262897,
        "bangumi_title": "摇曳露营△ 二期",
        "ep_cut": 4,
        "image_url": "https://w.junreimap.com/images/points/262897/46v8wtj_1756132766411.jpg",
        "location": "天龙川-滨松",
        "point_id": "46v8wtj",
        "point_name": "SWEN浜松店",
        "remark": "从身延跑到滨松的怪力超人抚子.jpg"
      },
      "type": "Feature"
    },
    {
      "geometry": {
        "coordinates": [
          137.768184,
          34.720732
        ],
        "type": "Point"
      },
      "properties": {
        "bangumi_id": 262897,
        "bangumi_title": "摇曳露营△ 二期",
        "ep_cut": 4,
        "image_url": "https://w.junreimap.com/images/points/262897/5fchw2827_1673452376926.jpg",
        "location": "天龙川-滨松",
        "point_id": "5fchw2827",
        "point_name": "SWEN浜松店",
        "remark": ""
      },
      "type": "Feature"
    },
    {
      "geometry": {
        "coordinates": [
          137.768088,
          34.720799
        ],
        "type": "Point"
      },
      "properties": {
        "bangumi_id": 262897,
        "bangumi_title": "摇曳露营△ 二期",
        "ep_cut": "OP1",
        "image_url": "https://w.junreimap.com/images/points/262897/46uyn4c_1756132282811.jpg",
        "location": "天龙川-滨松",
        "point_id": "46uyn4c",
        "point_name": "SWEN浜松店",
        "remark": ""
      },
      "type": "Feature"
    },
    {
      "geometry": {
        "coordinates": [
          137.768072,
          34.720846
        ],
        "type": "Point"
      },
      "properties": {
        "bangumi_id": 262897,
        "bangumi_title": "摇曳露营△ 二期",
        "ep_cut": 1,
        "image_url": "https://w.junreimap.com/images/points/262897/46uyuqe_1756132292974.jpg",
        "location": "天龙川-滨松",
        "point_id": "46uyuqe",
        "point_name": "SWEN浜松店",
        "remark": ""
      },
      "type": "Feature"
    },
    {
      "geometry": {
        "coordinates": [
          137.768064,
          34.720873
        ],
        "type": "Point"
      },
      "properties": {
        "bangumi_id": 262897,
        "bangumi_title": "摇曳露营△ 二期",
        "ep_cut": 4,
        "image_url": "https://w.junreimap.com/images/points/262897/46uyx0a_1756132297579.jpg",
        "location": "天龙川-滨松",
        "point_id": "46uyx0a",
        "point_name": "SWEN浜松店",
        "remark": ""
      },
      "type": "Feature"
    },
    {
      "geometry": {
        "coordinates": [
          137.768057,
          34.720899
        ],
        "type": "Point"
      },
      "properties": {
        "bangumi_id": 262897,
        "bangumi_title": "摇曳露营△ 二期",
        "ep_cut": 4,
        "image_url": "https://w.junreimap.com/images/points/262897/46uz0ml_1756132300425.jpg",
        "location": "天龙川-滨松",
        "point_id": "46uz0ml",
        "point_name": "SWEN浜松店",
        "remark": ""
      },
      "type": "Feature"
    },
    {
      "geometry": {
        "coordinates": [
          137.768084,
          34.72081
        ],
        "type": "Point"
      },
      "properties": {
        "bangumi_id": 262897,
        "bangumi_title": "摇曳露营△ 二期",
        "ep_cut": 4,
        "image_url": "https://w.junreimap.com/images/points/262897/46uz40g_1756132305406.jpg",
        "location": "天龙川-滨松",
        "point_id": "46uz40g",
        "point_name": "SWEN浜松店",
        "remark": ""
      },
      "type": "Feature"
    },
    {
      "geometry": {
        "coordinates": [
          137.768068,
          34.72086
        ],
        "type": "Point"
      },
      "properties": {
        "bangumi_id": 262897,
        "bangumi_title": "摇曳露营△ 二期",
        "ep_cut": 4,
        "image_url": "https://w.junreimap.com/images/points/262897/46uzi7x_1756132324031.jpg",
        "location": "天龙川-滨松",
        "point_id": "46uzi7x",
        "point_name": "SWEN浜松店",
        "remark": ""
      },
      "type": "Feature"
    },
    {
      "geometry": {
        "coordinates": [
          137.76806,
          34.720887
        ],
        "type": "Point"
      },
      "properties": {
        "bangumi_id": 262897,
        "bangumi_title": "摇曳露营△ 二期",
        "ep_cut": 4,
        "image_url": "https://w.junreimap.com/images/points/262897/46uzl8d_1756132327168.jpg",
        "location": "天龙川-滨松",
        "point_id": "46uzl8d",
        "point_name": "SWEN浜松店",
        "remark": ""
      },
      "type": "Feature"
    },
    {
      "geometry": {
        "coordinates": [
          137.768075,
          34.720833
        ],
        "type": "Point"
      },
      "properties": {
        "bangumi_id": 262897,
        "bangumi_title": "摇曳露营△ 二期",
        "ep_cut": 4,
        "image_url": "https://w.junreimap.com/images/points/262897/46uz6l6_1756132313860.jpg",
        "location": "天龙川-滨松",
        "point_id": "46uz6l6",
        "point_name": "SWEN浜松店",
        "remark": ""
      },
      "type": "Feature"
    },
    {
      "geometry": {
        "coordinates": [
          137.76808,
          34.72082
        ],
        "type": "Point"
      },
      "properties": {
        "bangumi_id": 262897,
        "bangumi_title": "摇曳露营△ 二期",
        "ep_cut": 1,
        "image_url": "https://w.junreimap.com/images/points/262897/46uypuj_1756132286760.jpg",
        "location": "天龙川-滨松",
        "point_id": "46uypuj",
        "point_name": "SWEN浜松店",
        "remark": ""
      },
      "type": "Feature"
    },
    {
      "geometry": {
        "coordinates": [
          138.795712,
          35.483774
        ],
        "type": "Point"
      },
      "properties": {
        "bangumi_id": 262897,
        "bangumi_title": "摇曳露营△ 二期",
        "ep_cut": 5,
        "image_url": "https://w.junreimap.com/images/points/262897/5fchw287d_1779992868102.jpg",
        "location": "富士山駅",
        "point_id": "5fchw287d",
        "point_name": "富士山駅 前",
        "remark": ""
      },
      "type": "Feature"
    },
    {
      "geometry": {
        "coordinates": [
          138.795763,
          35.483735
        ],
        "type": "Point"
      },
      "properties": {
        "bangumi_id": 262897,
        "bangumi_title": "摇曳露营△ 二期",
        "ep_cut": 5,
        "image_url": "https://w.junreimap.com/images/points/262897/f5h0syg_1779993008334.jpg",
        "location": "富士山駅",
        "point_id": "f5h0syg",
        "point_name": "富士山駅 前",
        "remark": ""
      },
      "type": "Feature"
    },
    {
      "geometry": {
        "coordinates": [
          138.795762,
          35.483721
        ],
        "type": "Point"
      },
      "properties": {
        "bangumi_id": 262897,
        "bangumi_title": "摇曳露营△ 二期",
        "ep_cut": 5,
        "image_url": "https://w.junreimap.com/images/points/262897/f5h0wsm_1779993019077.jpg",
        "location": "富士山駅",
        "point_id": "f5h0wsm",
        "point_name": "富士山駅 前",
        "remark": ""
      },
      "type": "Feature"
    },
    {
      "geometry": {
        "coordinates": [
          138.795745,
          35.483736
        ],
        "type": "Point"
      },
      "properties": {
        "bangumi_id": 262897,
        "bangumi_title": "摇曳露营△ 二期",
        "ep_cut": 5,
        "image_url": "https://w.junreimap.com/images/points/262897/f5h15au_1779993025049.jpg",
        "location": "富士山駅",
        "point_id": "f5h15au",
        "point_name": "富士山駅 前",
        "remark": ""
      },
      "type": "Feature"
    },
    {
      "geometry": {
        "coordinates": [
          138.795764,
          35.483749
        ],
        "type": "Point"
      },
      "properties": {
        "bangumi_id": 262897,
        "bangumi_title": "摇曳露营△ 二期",
        "ep_cut": 5,
        "image_url": "https://w.junreimap.com/images/points/262897/f5h18pz_1779993028769.jpg",
        "location": "富士山駅",
        "point_id": "f5h18pz",
        "point_name": "富士山駅 前",
        "remark": ""
      },
      "type": "Feature"
    },
    {
      "geometry": {
        "coordinates": [
          138.795781,
          35.483735
        ],
        "type": "Point"
      },
      "properties": {
        "bangumi_id": 262897,
        "bangumi_title": "摇曳露营△ 二期",
        "ep_cut": 5,
        "image_url": "https://w.junreimap.com/images/points/262897/f5h1c3e_1779993033339.jpg",
        "location": "富士山駅",
        "point_id": "f5h1c3e",
        "point_name": "富士山駅 前",
        "remark": ""
      },
      "type": "Feature"
    },
    {
      "geometry": {
        "coordinates": [
          138.795483,
          35.483769
        ],
        "type": "Point"
      },
      "properties": {
        "bangumi_id": 262897,
        "bangumi_title": "摇曳露营△ 二期",
        "ep_cut": 5,
        "image_url": "https://w.junreimap.com/images/points/262897/f5h1fps_1779993040774.jpg",
        "location": "富士山駅",
        "point_id": "f5h1fps",
        "point_name": "富士山駅 前",
        "remark": ""
      },
      "type": "Feature"
    },
    {
      "geometry": {
        "coordinates": [
          138.795596,
          35.483757
        ],
        "type": "Point"
      },
      "properties": {
        "bangumi_id": 262897,
        "bangumi_title": "摇曳露营△ 二期",
        "ep_cut": 5,
        "image_url": "https://w.junreimap.com/images/points/262897/f5gzryo_1779992960486.jpg",
        "location": "富士山駅",
        "point_id": "f5gzryo",
        "point_name": "富士山駅 前",
        "remark": "旗子挂在行车道南侧的柱子上"
      },
      "type": "Feature"
    },
    {
      "geometry": {
        "coordinates": [
          138.795338,
          35.483778
        ],
        "type": "Point"
      },
      "properties": {
        "bangumi_id": 262897,
        "bangumi_title": "摇曳露营△ 二期",
        "ep_cut": 5,
        "image_url": "https://w.junreimap.com/images/points/262897/f5hf1s7_1779993675663.jpg",
        "location": "富士山駅",
        "point_id": "f5hf1s7",
        "point_name": "富士山駅 ハタオリマチ案内所",
        "remark": ""
      },
      "type": "Feature"
    },
    {
      "geometry": {
        "coordinates": [
          138.795351,
          35.483778
        ],
        "type": "Point"
      },
      "properties": {
        "bangumi_id": 262897,
        "bangumi_title": "摇曳露营△ 二期",
        "ep_cut": 5,
        "image_url": "https://w.junreimap.com/images/points/262897/f5hfaw9_1779993684655.jpg",
        "location": "富士山駅",
        "point_id": "f5hfaw9",
        "point_name": "富士山駅 ハタオリマチ案内所",
        "remark": ""
      },
      "type": "Feature"
    },
    {
      "geometry": {
        "coordinates": [
          138.795363,
          35.483775
        ],
        "type": "Point"
      },
      "properties": {
        "bangumi_id": 262897,
        "bangumi_title": "摇曳露营△ 二期",
        "ep_cut": 5,
        "image_url": "https://w.junreimap.com/images/points/262897/f5hfjii_1779993696147.jpg",
        "location": "富士山駅",
        "point_id": "f5hfjii",
        "point_name": "富士山駅 ハタオリマチ案内所",
        "remark": ""
      },
      "type": "Feature"
    },
    {
      "geometry": {
        "coordinates": [
          138.795349,
          35.483768
        ],
        "type": "Point"
      },
      "properties": {
        "bangumi_id": 262897,
        "bangumi_title": "摇曳露营△ 二期",
        "ep_cut": 5,
        "image_url": "https://w.junreimap.com/images/points/262897/f5hfmar_1779993699386.jpg",
        "location": "富士山駅",
        "point_id": "f5hfmar",
        "point_name": "富士山駅 ハタオリマチ案内所",
        "remark": "以墙上的告示板为参照物"
      },
      "type": "Feature"
    },
    {
      "geometry": {
        "coordinates": [
          138.795337,
          35.483768
        ],
        "type": "Point"
      },
      "properties": {
        "bangumi_id": 262897,
        "bangumi_title": "摇曳露营△ 二期",
        "ep_cut": 5,
        "image_url": "https://w.junreimap.com/images/points/262897/f5hfy3l_1779993714932.jpg",
        "location": "富士山駅",
        "point_id": "f5hfy3l",
        "point_name": "富士山駅 ハタオリマチ案内所",
        "remark": ""
      },
      "type": "Feature"
    },
    {
      "geometry": {
        "coordinates": [
          138.795362,
          35.483764
        ],
        "type": "Point"
      },
      "properties": {
        "bangumi_id": 262897,
        "bangumi_title": "摇曳露营△ 二期",
        "ep_cut": 5,
        "image_url": "https://w.junreimap.com/images/points/262897/f5hg0r4_1779993718832.jpg",
        "location": "富士山駅",
        "point_id": "f5hg0r4",
        "point_name": "富士山駅 ハタオリマチ案内所",
        "remark": ""
      },
      "type": "Feature"
    },
    {
      "geometry": {
        "coordinates": [
          138.795326,
          35.483797
        ],
        "type": "Point"
      },
      "properties": {
        "bangumi_id": 262897,
        "bangumi_title": "摇曳露营△ 二期",
        "ep_cut": 5,
        "image_url": "https://w.junreimap.com/images/points/262897/5fchw27zy_1673452382212.jpg",
        "location": "富士山駅",
        "point_id": "5fchw27zy",
        "point_name": "富士山駅 ハタオリマチ案内所",
        "remark": ""
      },
      "type": "Feature"
    },
    {
      "geometry": {
        "coordinates": [
          138.795299,
          35.483797
        ],
        "type": "Point"
      },
      "properties": {
        "bangumi_id": 262897,
        "bangumi_title": "摇曳露营△ 二期",
        "ep_cut": 5,
        "image_url": "https://w.junreimap.com/images/points/262897/f5hilr1_1779993839400.jpg",
        "location": "富士山駅",
        "point_id": "f5hilr1",
        "point_name": "富士山駅 ハタオリマチ案内所",
        "remark": ""
      },
      "type": "Feature"
    },
    {
      "geometry": {
        "coordinates": [
          138.795195,
          35.483743
        ],
        "type": "Point"
      },
      "properties": {
        "bangumi_id": 262897,
        "bangumi_title": "摇曳露营△ 二期",
        "ep_cut": 5,
        "image_url": "https://w.junreimap.com/images/points/262897/f5hgdr6_1779993739496.jpg",
        "location": "富士山駅",
        "point_id": "f5hgdr6",
        "point_name": "富士山駅 ハタオリマチ案内所",
        "remark": "也可以在这里买巴士车票"
      },
      "type": "Feature"
    },
    {
      "geometry": {
        "coordinates": [
          138.795218,
          35.483717
        ],
        "type": "Point"
      },
      "properties": {
        "bangumi_id": 262897,
        "bangumi_title": "摇曳露营△ 二期",
        "ep_cut": 5,
        "image_url": "https://w.junreimap.com/images/points/262897/f5hgqb2_1779993751169.jpg",
        "location": "富士山駅",
        "point_id": "f5hgqb2",
        "point_name": "富士山駅 ハタオリマチ案内所",
        "remark": "宣传海报在入口左侧的分发看板上可以免费领取，但封面不一致"
      },
      "type": "Feature"
    },
    {
      "geometry": {
        "coordinates": [
          138.795248,
          35.483728
        ],
        "type": "Point"
      },
      "properties": {
        "bangumi_id": 262897,
        "bangumi_title": "摇曳露营△ 二期",
        "ep_cut": 5,
        "image_url": "https://w.junreimap.com/images/points/262897/f5hh6f3_1779993773127.jpg",
        "location": "富士山駅",
        "point_id": "f5hh6f3",
        "point_name": "富士山駅 ハタオリマチ案内所",
        "remark": ""
      },
      "type": "Feature"
    },
    {
      "geometry": {
        "coordinates": [
          138.795268,
          35.48374
        ],
        "type": "Point"
      },
      "properties": {
        "bangumi_id": 262897,
        "bangumi_title": "摇曳露营△ 二期",
        "ep_cut": 5,
        "image_url": "https://w.junreimap.com/images/points/262897/f5hh9h8_1779993776296.jpg",
        "location": "富士山駅",
        "point_id": "f5hh9h8",
        "point_name": "富士山駅 ハタオリマチ案内所",
        "remark": ""
      },
      "type": "Feature"
    },
    {
      "geometry": {
        "coordinates": [
          138.795197,
          35.483717
        ],
        "type": "Point"
      },
      "properties": {
        "bangumi_id": 262897,
        "bangumi_title": "摇曳露营△ 二期",
        "ep_cut": 5,
        "image_url": "https://w.junreimap.com/images/points/262897/f5hhdfy_1779993781435.jpg",
        "location": "富士山駅",
        "point_id": "f5hhdfy",
        "point_name": "富士山駅 ハタオリマチ案内所",
        "remark": ""
      },
      "type": "Feature"
    },
    {
      "geometry": {
        "coordinates": [
          138.795176,
          35.483753
        ],
        "type": "Point"
      },
      "properties": {
        "bangumi_id": 262897,
        "bangumi_title": "摇曳露营△ 二期",
        "ep_cut": 5,
        "image_url": "https://w.junreimap.com/images/points/262897/f5hhikc_1779993788584.jpg",
        "location": "富士山駅",
        "point_id": "f5hhikc",
        "point_name": "富士山駅 ハタオリマチ案内所",
        "remark": ""
      },
      "type": "Feature"
    },
    {
      "geometry": {
        "coordinates": [
          138.79523,
          35.483749
        ],
        "type": "Point"
      },
      "properties": {
        "bangumi_id": 262897,
        "bangumi_title": "摇曳露营△ 二期",
        "ep_cut": 5,
        "image_url": "https://w.junreimap.com/images/points/262897/f5hhksd_1779993790865.jpg",
        "location": "富士山駅",
        "point_id": "f5hhksd",
        "point_name": "富士山駅 ハタオリマチ案内所",
        "remark": "实际上往山中湖方向的巴士确实也是在这个位置停。去山中湖有两条巴士路线，一条是Fujikko-go(Loop Shuttle(Right))，另一条是Kawaguchiko Station-Zendana-Gotemba Station。"
      },
      "type": "Feature"
    },
    {
      "geometry": {
        "coordinates": [
          138.807192,
          35.472714
        ],
        "type": "Point"
      },
      "properties": {
        "bangumi_id": 262897,
        "bangumi_title": "摇曳露营△ 二期",
        "ep_cut": 5,
        "image_url": "https://w.junreimap.com/images/points/262897/f5jbqzy_1779996906157.jpg",
        "location": "富士山駅",
        "point_id": "f5jbqzy",
        "point_name": "セブン-イレブン 富士吉田富士見バイパス南店 附近",
        "remark": ""
      },
      "type": "Feature"
    },
    {
      "geometry": {
        "coordinates": [
          138.795432,
          35.483784
        ],
        "type": "Point"
      },
      "properties": {
        "bangumi_id": 262897,
        "bangumi_title": "摇曳露营△ 二期",
        "ep_cut": 5,
        "image_url": "https://w.junreimap.com/images/points/262897/5fchw2817_1673452382789.jpg",
        "location": "富士山駅",
        "point_id": "5fchw2817",
        "point_name": "富士山站前",
        "remark": "实际上往山中湖方向的巴士确实也是在这个位置停。去山中湖有两条巴士路线，一条是Fujikko-go(Loop Shuttle(Right))，另一条是Kawaguchiko Station-Zendana-Gotemba Station。"
      },
      "type": "Feature"
    },
    {
      "geometry": {
        "coordinates": [
          138.795291,
          35.483819
        ],
        "type": "Point"
      },
      "properties": {
        "bangumi_id": 262897,
        "bangumi_title": "摇曳露营△ 二期",
        "ep_cut": 5,
        "image_url": "https://w.junreimap.com/images/points/262897/f5hiey5_1779993830129.jpg",
        "location": "富士山駅",
        "point_id": "f5hiey5",
        "point_name": "富士山站前",
        "remark": "去山中湖有两条巴士路线，一条是Fujikko-go(Loop Shuttle(Right))，另一条是Kawaguchiko Station-Zendana-Gotemba Station。"
      },
      "type": "Feature"
    },
    {
      "geometry": {
        "coordinates": [
          138.795298,
          35.483817
        ],
        "type": "Point"
      },
      "properties": {
        "bangumi_id": 262897,
        "bangumi_title": "摇曳露营△ 二期",
        "ep_cut": 5,
        "image_url": "https://w.junreimap.com/images/points/262897/f5k6lsn_1779998318939.jpg",
        "location": "富士山駅",
        "point_id": "f5k6lsn",
        "point_name": "富士山站前",
        "remark": ""
      },
      "type": "Feature"
    },
    {
      "geometry": {
        "coordinates": [
          138.795315,
          35.483813
        ],
        "type": "Point"
      },
      "properties": {
        "bangumi_id": 262897,
        "bangumi_title": "摇曳露营△ 二期",
        "ep_cut": 5,
        "image_url": "https://w.junreimap.com/images/points/262897/f5k7frs_1779998356941.jpg",
        "location": "富士山駅",
        "point_id": "f5k7frs",
        "point_name": "富士山站前",
        "remark": ""
      },
      "type": "Feature"
    },
    {
      "geometry": {
        "coordinates": [
          138.795306,
          35.483817
        ],
        "type": "Point"
      },
      "properties": {
        "bangumi_id": 262897,
        "bangumi_title": "摇曳露营△ 二期",
        "ep_cut": 5,
        "image_url": "https://w.junreimap.com/images/points/262897/f5hiwar_1779993855342.jpg",
        "location": "富士山駅",
        "point_id": "f5hiwar",
        "point_name": "富士山站前",
        "remark": "去山中湖有两条巴士路线，一条是Fujikko-go(Loop Shuttle(Right))，另一条是Kawaguchiko Station-Zendana-Gotemba Station。"
      },
      "type": "Feature"
    },
    {
      "geometry": {
        "coordinates": [
          138.804215,
          35.458624
        ],
        "type": "Point"
      },
      "properties": {
        "bangumi_id": 262897,
        "bangumi_title": "摇曳露营△ 二期",
        "ep_cut": 5,
        "image_url": "https://w.junreimap.com/images/points/262897/f5jd54z_1779997050303.jpg",
        "location": "道の駅 富士吉田",
        "point_id": "f5jd54z",
        "point_name": "道の駅 富士吉田",
        "remark": ""
      },
      "type": "Feature"
    },
    {
      "geometry": {
        "coordinates": [
          138.802299,
          35.458375
        ],
        "type": "Point"
      },
      "properties": {
        "bangumi_id": 262897,
        "bangumi_title": "摇曳露营△ 二期",
        "ep_cut": 5,
        "image_url": "https://w.junreimap.com/images/points/262897/f5jimb9_1779997200932.jpg",
        "location": "道の駅 富士吉田",
        "point_id": "f5jimb9",
        "point_name": "道の駅 富士吉田",
        "remark": ""
      },
      "type": "Feature"
    },
    {
      "geometry": {
        "coordinates": [
          138.802499,
          35.458565
        ],
        "type": "Point"
      },
      "properties": {
        "bangumi_id": 262897,
        "bangumi_title": "摇曳露营△ 二期",
        "ep_cut": 5,
        "image_url": "https://w.junreimap.com/images/points/262897/f5jisqt_1779997207943.jpg",
        "location": "道の駅 富士吉田",
        "point_id": "f5jisqt",
        "point_name": "道の駅 富士吉田",
        "remark": ""
      },
      "type": "Feature"
    },
    {
      "geometry": {
        "coordinates": [
          138.803175,
          35.458974
        ],
        "type": "Point"
      },
      "properties": {
        "bangumi_id": 262897,
        "bangumi_title": "摇曳露营△ 二期",
        "ep_cut": 5,
        "image_url": "https://w.junreimap.com/images/points/262897/f5jhl6o_1779997151284.jpg",
        "location": "道の駅 富士吉田",
        "point_id": "f5jhl6o",
        "point_name": "道の駅 富士吉田",
        "remark": ""
      },
      "type": "Feature"
    },
    {
      "geometry": {
        "coordinates": [
          138.802603,
          35.458944
        ],
        "type": "Point"
      },
      "properties": {
        "bangumi_id": 262897,
        "bangumi_title": "摇曳露营△ 二期",
        "ep_cut": 5,
        "image_url": "https://w.junreimap.com/images/points/262897/f5jhq54_1779997158452.jpg",
        "location": "道の駅 富士吉田",
        "point_id": "f5jhq54",
        "point_name": "道の駅 富士吉田",
        "remark": ""
      },
      "type": "Feature"
    },
    {
      "geometry": {
        "coordinates": [
          138.803224,
          35.458871
        ],
        "type": "Point"
      },
      "properties": {
        "bangumi_id": 262897,
        "bangumi_title": "摇曳露营△ 二期",
        "ep_cut": 5,
        "image_url": "https://w.junreimap.com/images/points/262897/5fchw28lk_1673452384467.jpg",
        "location": "道の駅 富士吉田",
        "point_id": "5fchw28lk",
        "point_name": "モンベル 富士吉田店",
        "remark": ""
      },
      "type": "Feature"
    },
    {
      "geometry": {
        "coordinates": [
          138.803228,
          35.458831
        ],
        "type": "Point"
      },
      "properties": {
        "bangumi_id": 262897,
        "bangumi_title": "摇曳露营△ 二期",
        "ep_cut": 5,
        "image_url": "https://w.junreimap.com/images/points/262897/f5jkur9_1779997306309.jpg",
        "location": "道の駅 富士吉田",
        "point_id": "f5jkur9",
        "point_name": "モンベル 富士吉田店",
        "remark": ""
      },
      "type": "Feature"
    },
    {
      "geometry": {
        "coordinates": [
          138.803216,
          35.458915
        ],
        "type": "Point"
      },
      "properties": {
        "bangumi_id": 262897,
        "bangumi_title": "摇曳露营△ 二期",
        "ep_cut": 8,
        "image_url": "https://w.junreimap.com/images/points/262897/f5kd6v1_1779998625252.jpg",
        "location": "道の駅 富士吉田",
        "point_id": "f5kd6v1",
        "point_name": "モンベル 富士吉田店",
        "remark": ""
      },
      "type": "Feature"
    },
    {
      "geometry": {
        "coordinates": [
          138.80332,
          35.458944
        ],
        "type": "Point"
      },
      "properties": {
        "bangumi_id": 262897,
        "bangumi_title": "摇曳露营△ 二期",
        "ep_cut": 8,
        "image_url": "https://w.junreimap.com/images/points/262897/f5kfatx_1779998725681.jpg",
        "location": "道の駅 富士吉田",
        "point_id": "f5kfatx",
        "point_name": "モンベル 富士吉田店",
        "remark": ""
      },
      "type": "Feature"
    },
    {
      "geometry": {
        "coordinates": [
          138.803326,
          35.458945
        ],
        "type": "Point"
      },
      "properties": {
        "bangumi_id": 262897,
        "bangumi_title": "摇曳露营△ 二期",
        "ep_cut": 8,
        "image_url": "https://w.junreimap.com/images/points/262897/f5kfez0_1779998729152.jpg",
        "location": "道の駅 富士吉田",
        "point_id": "f5kfez0",
        "point_name": "モンベル 富士吉田店",
        "remark": ""
      },
      "type": "Feature"
    },
    {
      "geometry": {
        "coordinates": [
          138.80331,
          35.45892
        ],
        "type": "Point"
      },
      "properties": {
        "bangumi_id": 262897,
        "bangumi_title": "摇曳露营△ 二期",
        "ep_cut": 5,
        "image_url": "https://w.junreimap.com/images/points/262897/f5jj4sg_1779997223457.jpg",
        "location": "道の駅 富士吉田",
        "point_id": "f5jj4sg",
        "point_name": "モンベル 富士吉田店",
        "remark": ""
      },
      "type": "Feature"
    },
    {
      "geometry": {
        "coordinates": [
          138.803321,
          35.458939
        ],
        "type": "Point"
      },
      "properties": {
        "bangumi_id": 262897,
        "bangumi_title": "摇曳露营△ 二期",
        "ep_cut": 5,
        "image_url": "https://w.junreimap.com/images/points/262897/f5jj8ki_1779997227615.jpg",
        "location": "道の駅 富士吉田",
        "point_id": "f5jj8ki",
        "point_name": "モンベル 富士吉田店",
        "remark": ""
      },
      "type": "Feature"
    },
    {
      "geometry": {
        "coordinates": [
          138.803324,
          35.458929
        ],
        "type": "Point"
      },
      "properties": {
        "bangumi_id": 262897,
        "bangumi_title": "摇曳露营△ 二期",
        "ep_cut": 5,
        "image_url": "https://w.junreimap.com/images/points/262897/f5jl2u9_1779997314315.jpg",
        "location": "道の駅 富士吉田",
        "point_id": "f5jl2u9",
        "point_name": "モンベル 富士吉田店",
        "remark": ""
      },
      "type": "Feature"
    },
    {
      "geometry": {
        "coordinates": [
          138.803314,
          35.458939
        ],
        "type": "Point"
      },
      "properties": {
        "bangumi_id": 262897,
        "bangumi_title": "摇曳露营△ 二期",
        "ep_cut": 5,
        "image_url": "https://w.junreimap.com/images/points/262897/f5jjcjz_1779997257358.jpg",
        "location": "道の駅 富士吉田",
        "point_id": "f5jjcjz",
        "point_name": "モンベル 富士吉田店",
        "remark": ""
      },
      "type": "Feature"
    },
    {
      "geometry": {
        "coordinates": [
          138.803313,
          35.458944
        ],
        "type": "Point"
      },
      "properties": {
        "bangumi_id": 262897,
        "bangumi_title": "摇曳露营△ 二期",
        "ep_cut": 5,
        "image_url": "https://w.junreimap.com/images/points/262897/f5jk05v_1779997264686.jpg",
        "location": "道の駅 富士吉田",
        "point_id": "f5jk05v",
        "point_name": "モンベル 富士吉田店",
        "remark": ""
      },
      "type": "Feature"
    },
    {
      "geometry": {
        "coordinates": [
          138.803314,
          35.458931
        ],
        "type": "Point"
      },
      "properties": {
        "bangumi_id": 262897,
        "bangumi_title": "摇曳露营△ 二期",
        "ep_cut": 5,
        "image_url": "https://w.junreimap.com/images/points/262897/f5jk5ys_1779997270964.jpg",
        "location": "道の駅 富士吉田",
        "point_id": "f5jk5ys",
        "point_name": "モンベル 富士吉田店",
        "remark": ""
      },
      "type": "Feature"
    },
    {
      "geometry": {
        "coordinates": [
          138.803315,
          35.458926
        ],
        "type": "Point"
      },
      "properties": {
        "bangumi_id": 262897,
        "bangumi_title": "摇曳露营△ 二期",
        "ep_cut": 5,
        "image_url": "https://w.junreimap.com/images/points/262897/f5jk7z5_1779997273552.jpg",
        "location": "道の駅 富士吉田",
        "point_id": "f5jk7z5",
        "point_name": "モンベル 富士吉田店",
        "remark": ""
      },
      "type": "Feature"
    },
    {
      "geometry": {
        "coordinates": [
          138.803531,
          35.458926
        ],
        "type": "Point"
      },
      "properties": {
        "bangumi_id": 262897,
        "bangumi_title": "摇曳露营△ 二期",
        "ep_cut": 5,
        "image_url": "https://w.junreimap.com/images/points/262897/f5jkdpc_1779997281468.jpg",
        "location": "道の駅 富士吉田",
        "point_id": "f5jkdpc",
        "point_name": "モンベル 富士吉田店",
        "remark": ""
      },
      "type": "Feature"
    },
    {
      "geometry": {
        "coordinates": [
          138.80351,
          35.459082
        ],
        "type": "Point"
      },
      "properties": {
        "bangumi_id": 262897,
        "bangumi_title": "摇曳露营△ 二期",
        "ep_cut": 5,
        "image_url": "https://w.junreimap.com/images/points/262897/f5jkn6m_1779997294354.jpg",
        "location": "道の駅 富士吉田",
        "point_id": "f5jkn6m",
        "point_name": "モンベル 富士吉田店",
        "remark": ""
      },
      "type": "Feature"
    },
    {
      "geometry": {
        "coordinates": [
          138.803486,
          35.459096
        ],
        "type": "Point"
      },
      "properties": {
        "bangumi_id": 262897,
        "bangumi_title": "摇曳露营△ 二期",
        "ep_cut": 5,
        "image_url": "https://w.junreimap.com/images/points/262897/f5jkrhs_1779997298745.jpg",
        "location": "道の駅 富士吉田",
        "point_id": "f5jkrhs",
        "point_name": "モンベル 富士吉田店",
        "remark": ""
      },
      "type": "Feature"
    },
    {
      "geometry": {
        "coordinates": [
          138.803505,
          35.458862
        ],
        "type": "Point"
      },
      "properties": {
        "bangumi_id": 262897,
        "bangumi_title": "摇曳露营△ 二期",
        "ep_cut": 5,
        "image_url": "https://w.junreimap.com/images/points/262897/45eiua7_1756044212785.jpg",
        "location": "道の駅 富士吉田",
        "point_id": "45eiua7",
        "point_name": "モンベル 富士吉田店",
        "remark": "背景的帆船在店内的南侧商品区"
      },
      "type": "Feature"
    },
    {
      "geometry": {
        "coordinates": [
          138.808333,
          35.454775
        ],
        "type": "Point"
      },
      "properties": {
        "bangumi_id": 262897,
        "bangumi_title": "摇曳露营△ 二期",
        "ep_cut": 5,
        "image_url": "https://w.junreimap.com/images/points/262897/f5jmdz3_1779997480076.jpg",
        "location": "道の駅 富士吉田",
        "point_id": "f5jmdz3",
        "point_name": "旧鎌倉往還",
        "remark": "未验证推断点位，按巴士路线推理，在这条路上"
      },
      "type": "Feature"
    },
    {
      "geometry": {
        "coordinates": [
          138.842582,
          35.429752
        ],
        "type": "Point"
      },
      "properties": {
        "bangumi_id": 262897,
        "bangumi_title": "摇曳露营△ 二期",
        "ep_cut": 5,
        "image_url": "https://w.junreimap.com/images/points/262897/f5jszky_1779997683467.jpg",
        "location": "山中湖溫泉紅富士之湯",
        "point_id": "f5jszky",
        "point_name": "山中湖溫泉紅富士之湯",
        "remark": ""
      },
      "type": "Feature"
    },
    {
      "geometry": {
        "coordinates": [
          138.842755,
          35.429753
        ],
        "type": "Point"
      },
      "properties": {
        "bangumi_id": 262897,
        "bangumi_title": "摇曳露营△ 二期",
        "ep_cut": 5,
        "image_url": "https://w.junreimap.com/images/points/262897/5fchw28j6_1673452385009.jpg",
        "location": "山中湖溫泉紅富士之湯",
        "point_id": "5fchw28j6",
        "point_name": "山中湖溫泉紅富士之湯",
        "remark": ""
      },
      "type": "Feature"
    },
    {
      "geometry": {
        "coordinates": [
          138.842576,
          35.430136
        ],
        "type": "Point"
      },
      "properties": {
        "bangumi_id": 262897,
        "bangumi_title": "摇曳露营△ 二期",
        "ep_cut": 5,
        "image_url": "https://w.junreimap.com/images/points/262897/f5jrb5n_1779997605279.jpg",
        "location": "山中湖溫泉紅富士之湯",
        "point_id": "f5jrb5n",
        "point_name": "山中湖溫泉紅富士之湯",
        "remark": ""
      },
      "type": "Feature"
    },
    {
      "geometry": {
        "coordinates": [
          138.842618,
          35.430156
        ],
        "type": "Point"
      },
      "properties": {
        "bangumi_id": 262897,
        "bangumi_title": "摇曳露营△ 二期",
        "ep_cut": 5,
        "image_url": "https://w.junreimap.com/images/points/262897/f5js0hr_1779997638609.jpg",
        "location": "山中湖溫泉紅富士之湯",
        "point_id": "f5js0hr",
        "point_name": "山中湖溫泉紅富士之湯",
        "remark": ""
      },
      "type": "Feature"
    },
    {
      "geometry": {
        "coordinates": [
          138.842654,
          35.430168
        ],
        "type": "Point"
      },
      "properties": {
        "bangumi_id": 262897,
        "bangumi_title": "摇曳露营△ 二期",
        "ep_cut": 5,
        "image_url": "https://w.junreimap.com/images/points/262897/f5js3ym_1779997641669.jpg",
        "location": "山中湖溫泉紅富士之湯",
        "point_id": "f5js3ym",
        "point_name": "山中湖溫泉紅富士之湯",
        "remark": ""
      },
      "type": "Feature"
    },
    {
      "geometry": {
        "coordinates": [
          138.842682,
          35.430179
        ],
        "type": "Point"
      },
      "properties": {
        "bangumi_id": 262897,
        "bangumi_title": "摇曳露营△ 二期",
        "ep_cut": 5,
        "image_url": "https://w.junreimap.com/images/points/262897/f5js610_1779997644498.jpg",
        "location": "山中湖溫泉紅富士之湯",
        "point_id": "f5js610",
        "point_name": "山中湖溫泉紅富士之湯",
        "remark": ""
      },
      "type": "Feature"
    },
    {
      "geometry": {
        "coordinates": [
          138.842592,
          35.430114
        ],
        "type": "Point"
      },
      "properties": {
        "bangumi_id": 262897,
        "bangumi_title": "摇曳露营△ 二期",
        "ep_cut": 5,
        "image_url": "https://w.junreimap.com/images/points/262897/f5js9jr_1779997649247.jpg",
        "location": "山中湖溫泉紅富士之湯",
        "point_id": "f5js9jr",
        "point_name": "山中湖溫泉紅富士之湯",
        "remark": ""
      },
      "type": "Feature"
    },
    {
      "geometry": {
        "coordinates": [
          138.842629,
          35.430125
        ],
        "type": "Point"
      },
      "properties": {
        "bangumi_id": 262897,
        "bangumi_title": "摇曳露营△ 二期",
        "ep_cut": 5,
        "image_url": "https://w.junreimap.com/images/points/262897/f5jsbqn_1779997651620.jpg",
        "location": "山中湖溫泉紅富士之湯",
        "point_id": "f5jsbqn",
        "point_name": "山中湖溫泉紅富士之湯",
        "remark": ""
      },
      "type": "Feature"
    },
    {
      "geometry": {
        "coordinates": [
          138.842664,
          35.430136
        ],
        "type": "Point"
      },
      "properties": {
        "bangumi_id": 262897,
        "bangumi_title": "摇曳露营△ 二期",
        "ep_cut": 5,
        "image_url": "https://w.junreimap.com/images/points/262897/f5jsdoe_1779997654235.jpg",
        "location": "山中湖溫泉紅富士之湯",
        "point_id": "f5jsdoe",
        "point_name": "山中湖溫泉紅富士之湯",
        "remark": ""
      },
      "type": "Feature"
    },
    {
      "geometry": {
        "coordinates": [
          138.842695,
          35.430155
        ],
        "type": "Point"
      },
      "properties": {
        "bangumi_id": 262897,
        "bangumi_title": "摇曳露营△ 二期",
        "ep_cut": 5,
        "image_url": "https://w.junreimap.com/images/points/262897/f5jsfjd_1779997656586.jpg",
        "location": "山中湖溫泉紅富士之湯",
        "point_id": "f5jsfjd",
        "point_name": "山中湖溫泉紅富士之湯",
        "remark": ""
      },
      "type": "Feature"
    },
    {
      "geometry": {
        "coordinates": [
          138.842605,
          35.430089
        ],
        "type": "Point"
      },
      "properties": {
        "bangumi_id": 262897,
        "bangumi_title": "摇曳露营△ 二期",
        "ep_cut": 5,
        "image_url": "https://w.junreimap.com/images/points/262897/f5jshg5_1779997659272.jpg",
        "location": "山中湖溫泉紅富士之湯",
        "point_id": "f5jshg5",
        "point_name": "山中湖溫泉紅富士之湯",
        "remark": ""
      },
      "type": "Feature"
    },
    {
      "geometry": {
        "coordinates": [
          138.842636,
          35.430104
        ],
        "type": "Point"
      },
      "properties": {
        "bangumi_id": 262897,
        "bangumi_title": "摇曳露营△ 二期",
        "ep_cut": 5,
        "image_url": "https://w.junreimap.com/images/points/262897/f5jsjlz_1779997662164.jpg",
        "location": "山中湖溫泉紅富士之湯",
        "point_id": "f5jsjlz",
        "point_name": "山中湖溫泉紅富士之湯",
        "remark": ""
      },
      "type": "Feature"
    },
    {
      "geometry": {
        "coordinates": [
          138.842673,
          35.430115
        ],
        "type": "Point"
      },
      "properties": {
        "bangumi_id": 262897,
        "bangumi_title": "摇曳露营△ 二期",
        "ep_cut": 5,
        "image_url": "https://w.junreimap.com/images/points/262897/f5jslok_1779997664649.jpg",
        "location": "山中湖溫泉紅富士之湯",
        "point_id": "f5jslok",
        "point_name": "山中湖溫泉紅富士之湯",
        "remark": ""
      },
      "type": "Feature"
    },
    {
      "geometry": {
        "coordinates": [
          138.842712,
          35.430131
        ],
        "type": "Point"
      },
      "properties": {
        "bangumi_id": 262897,
        "bangumi_title": "摇曳露营△ 二期",
        "ep_cut": 5,
        "image_url": "https://w.junreimap.com/images/points/262897/f5jsnlh_1779997667468.jpg",
        "location": "山中湖溫泉紅富士之湯",
        "point_id": "f5jsnlh",
        "point_name": "山中湖溫泉紅富士之湯",
        "remark": ""
      },
      "type": "Feature"
    },
    {
      "geometry": {
        "coordinates": [
          138.842548,
          35.430121
        ],
        "type": "Point"
      },
      "properties": {
        "bangumi_id": 262897,
        "bangumi_title": "摇曳露营△ 二期",
        "ep_cut": 5,
        "image_url": "https://w.junreimap.com/images/points/262897/f5jsqts_1779997671407.jpg",
        "location": "山中湖溫泉紅富士之湯",
        "point_id": "f5jsqts",
        "point_name": "山中湖溫泉紅富士之湯",
        "remark": ""
      },
      "type": "Feature"
    },
    {
      "geometry": {
        "coordinates": [
          138.842562,
          35.430099
        ],
        "type": "Point"
      },
      "properties": {
        "bangumi_id": 262897,
        "bangumi_title": "摇曳露营△ 二期",
        "ep_cut": 5,
        "image_url": "https://w.junreimap.com/images/points/262897/f5jssqp_1779997673909.jpg",
        "location": "山中湖溫泉紅富士之湯",
        "point_id": "f5jssqp",
        "point_name": "山中湖溫泉紅富士之湯",
        "remark": ""
      },
      "type": "Feature"
    },
    {
      "geometry": {
        "coordinates": [
          138.843297,
          35.42924
        ],
        "type": "Point"
      },
      "properties": {
        "bangumi_id": 262897,
        "bangumi_title": "摇曳露营△ 二期",
        "ep_cut": 5,
        "image_url": "https://w.junreimap.com/images/points/262897/5fchw28lf_1779997771260.jpg",
        "location": "山中湖溫泉紅富士之湯",
        "point_id": "5fchw28lf",
        "point_name": "紅富士の湯 前",
        "remark": ""
      },
      "type": "Feature"
    },
    {
      "geometry": {
        "coordinates": [
          138.843414,
          35.429355
        ],
        "type": "Point"
      },
      "properties": {
        "bangumi_id": 262897,
        "bangumi_title": "摇曳露营△ 二期",
        "ep_cut": 5,
        "image_url": "https://w.junreimap.com/images/points/262897/f5jv26m_1779997780794.jpg",
        "location": "山中湖溫泉紅富士之湯",
        "point_id": "f5jv26m",
        "point_name": "紅富士の湯 前",
        "remark": ""
      },
      "type": "Feature"
    },
    {
      "geometry": {
        "coordinates": [
          138.843333,
          35.429332
        ],
        "type": "Point"
      },
      "properties": {
        "bangumi_id": 262897,
        "bangumi_title": "摇曳露营△ 二期",
        "ep_cut": 5,
        "image_url": "https://w.junreimap.com/images/points/262897/f5jvb0u_1779997790372.jpg",
        "location": "山中湖溫泉紅富士之湯",
        "point_id": "f5jvb0u",
        "point_name": "紅富士の湯 前",
        "remark": ""
      },
      "type": "Feature"
    },
    {
      "geometry": {
        "coordinates": [
          138.843365,
          35.4293
        ],
        "type": "Point"
      },
      "properties": {
        "bangumi_id": 262897,
        "bangumi_title": "摇曳露营△ 二期",
        "ep_cut": 5,
        "image_url": "https://w.junreimap.com/images/points/262897/f5jsv4u_1779997764144.jpg",
        "location": "山中湖溫泉紅富士之湯",
        "point_id": "f5jsv4u",
        "point_name": "紅富士の湯 前",
        "remark": ""
      },
      "type": "Feature"
    },
    {
      "geometry": {
        "coordinates": [
          138.846988,
          35.433891
        ],
        "type": "Point"
      },
      "properties": {
        "bangumi_id": 262897,
        "bangumi_title": "摇曳露营△ 二期",
        "ep_cut": 5,
        "image_url": "https://w.junreimap.com/images/points/262897/5fchw27zo_1673452386183.jpg",
        "location": "オギノ山中湖店",
        "point_id": "5fchw27zo",
        "point_name": "オギノ​山中湖​店​食品館",
        "remark": ""
      },
      "type": "Feature"
    },
    {
      "geometry": {
        "coordinates": [
          138.847379,
          35.434035
        ],
        "type": "Point"
      },
      "properties": {
        "bangumi_id": 262897,
        "bangumi_title": "摇曳露营△ 二期",
        "ep_cut": 5,
        "image_url": "https://w.junreimap.com/images/points/262897/f5jwpbb_1779997982767.jpg",
        "location": "オギノ山中湖店",
        "point_id": "f5jwpbb",
        "point_name": "オギノ​山中湖​店​食品館",
        "remark": ""
      },
      "type": "Feature"
    },
    {
      "geometry": {
        "coordinates": [
          138.84742,
          35.434026
        ],
        "type": "Point"
      },
      "properties": {
        "bangumi_id": 262897,
        "bangumi_title": "摇曳露营△ 二期",
        "ep_cut": 5,
        "image_url": "https://w.junreimap.com/images/points/262897/f5jzq47_1779997998147.jpg",
        "location": "オギノ山中湖店",
        "point_id": "f5jzq47",
        "point_name": "オギノ​山中湖​店​食品館",
        "remark": ""
      },
      "type": "Feature"
    },
    {
      "geometry": {
        "coordinates": [
          138.847458,
          35.434013
        ],
        "type": "Point"
      },
      "properties": {
        "bangumi_id": 262897,
        "bangumi_title": "摇曳露营△ 二期",
        "ep_cut": 5,
        "image_url": "https://w.junreimap.com/images/points/262897/f5jzyn9_1779998009842.jpg",
        "location": "オギノ山中湖店",
        "point_id": "f5jzyn9",
        "point_name": "オギノ​山中湖​店​食品館",
        "remark": ""
      },
      "type": "Feature"
    },
    {
      "geometry": {
        "coordinates": [
          138.84691,
          35.433469
        ],
        "type": "Point"
      },
      "properties": {
        "bangumi_id": 262897,
        "bangumi_title": "摇曳露营△ 二期",
        "ep_cut": 5,
        "image_url": "https://w.junreimap.com/images/points/262897/f5k1f34_1779998083866.jpg",
        "location": "オギノ山中湖店",
        "point_id": "f5k1f34",
        "point_name": "オギノ山中湖店",
        "remark": "此处向东方向的主馆拍摄"
      },
      "type": "Feature"
    },
    {
      "geometry": {
        "coordinates": [
          138.87061,
          35.42709
        ],
        "type": "Point"
      },
      "properties": {
        "bangumi_id": 262897,
        "bangumi_title": "摇曳露营△ 二期",
        "ep_cut": 5,
        "image_url": "https://w.junreimap.com/images/points/262897/5fchw28i5_1673452386749.jpg",
        "location": "長池親水公園",
        "point_id": "5fchw28i5",
        "point_name": "長池親水公園",
        "remark": ""
      },
      "type": "Feature"
    },
    {
      "geometry": {
        "coordinates": [
          138.87074,
          35.427062
        ],
        "type": "Point"
      },
      "properties": {
        "bangumi_id": 262897,
        "bangumi_title": "摇曳露营△ 二期",
        "ep_cut": 5,
        "image_url": "https://w.junreimap.com/images/points/262897/f5k5vdl_1779998286195.jpg",
        "location": "長池親水公園",
        "point_id": "f5k5vdl",
        "point_name": "長池親水公園",
        "remark": ""
      },
      "type": "Feature"
    },
    {
      "geometry": {
        "coordinates": [
          138.875161,
          35.407192
        ],
        "type": "Point"
      },
      "properties": {
        "bangumi_id": 262897,
        "bangumi_title": "摇曳露营△ 二期",
        "ep_cut": 5,
        "image_url": "https://w.junreimap.com/images/user/0/bangumi/262897/points/4opr30e-1757212128316.jpg",
        "location": "山中湖南侧",
        "point_id": "4opr30e",
        "point_name": "ハンモック​カフェ",
        "remark": ""
      },
      "type": "Feature"
    },
    {
      "geometry": {
        "coordinates": [
          138.8929,
          35.423401
        ],
        "type": "Point"
      },
      "properties": {
        "bangumi_id": 262897,
        "bangumi_title": "摇曳露营△ 二期",
        "ep_cut": 5,
        "image_url": "https://w.junreimap.com/images/points/262897/5fchw28ku_1673452387275.jpg",
        "location": "みさきキャンプ場 - 山中湖",
        "point_id": "5fchw28ku",
        "point_name": "巴士站（みさき / Misaki）",
        "remark": ""
      },
      "type": "Feature"
    },
    {
      "geometry": {
        "coordinates": [
          138.892904,
          35.423366
        ],
        "type": "Point"
      },
      "properties": {
        "bangumi_id": 262897,
        "bangumi_title": "摇曳露营△ 二期",
        "ep_cut": 5,
        "image_url": "https://w.junreimap.com/images/points/262897/f5k8jib_1779998409738.jpg",
        "location": "みさきキャンプ場 - 山中湖",
        "point_id": "f5k8jib",
        "point_name": "巴士站（みさき / Misaki）",
        "remark": ""
      },
      "type": "Feature"
    },
    {
      "geometry": {
        "coordinates": [
          138.892933,
          35.423428
        ],
        "type": "Point"
      },
      "properties": {
        "bangumi_id": 262897,
        "bangumi_title": "摇曳露营△ 二期",
        "ep_cut": 5,
        "image_url": "https://w.junreimap.com/images/points/262897/f5k8ozq_1779998416745.jpg",
        "location": "みさきキャンプ場 - 山中湖",
        "point_id": "f5k8ozq",
        "point_name": "巴士站（みさき / Misaki）",
        "remark": ""
      },
      "type": "Feature"
    },
    {
      "geometry": {
        "coordinates": [
          138.893208,
          35.423181
        ],
        "type": "Point"
      },
      "properties": {
        "bangumi_id": 262897,
        "bangumi_title": "摇曳露营△ 二期",
        "ep_cut": 5,
        "image_url": "https://w.junreimap.com/images/points/262897/5fchw28fv_1673452388080.jpg",
        "location": "みさきキャンプ場 - 山中湖",
        "point_id": "5fchw28fv",
        "point_name": "みさきキャンプ場 入口",
        "remark": ""
      },
      "type": "Feature"
    },
    {
      "geometry": {
        "coordinates": [
          138.893561,
          35.422732
        ],
        "type": "Point"
      },
      "properties": {
        "bangumi_id": 262897,
        "bangumi_title": "摇曳露营△ 二期",
        "ep_cut": 5,
        "image_url": "https://w.junreimap.com/images/points/262897/f5k986n_1779998440598.jpg",
        "location": "みさきキャンプ場 - 山中湖",
        "point_id": "f5k986n",
        "point_name": "みさきキャンプ場 入口",
        "remark": ""
      },
      "type": "Feature"
    },
    {
      "geometry": {
        "coordinates": [
          138.893619,
          35.422843
        ],
        "type": "Point"
      },
      "properties": {
        "bangumi_id": 262897,
        "bangumi_title": "摇曳露营△ 二期",
        "ep_cut": 5,
        "image_url": "https://w.junreimap.com/images/points/262897/f5k9epe_1779998449995.jpg",
        "location": "みさきキャンプ場 - 山中湖",
        "point_id": "f5k9epe",
        "point_name": "みさきキャンプ場 入口",
        "remark": ""
      },
      "type": "Feature"
    },
    {
      "geometry": {
        "coordinates": [
          138.893977,
          35.422948
        ],
        "type": "Point"
      },
      "properties": {
        "bangumi_id": 262897,
        "bangumi_title": "摇曳露营△ 二期",
        "ep_cut": 5,
        "image_url": "https://w.junreimap.com/images/points/262897/f5k9l6r_1779998466465.jpg",
        "location": "みさきキャンプ場 - 山中湖",
        "point_id": "f5k9l6r",
        "point_name": "みさきキャンプ場 管理栋",
        "remark": ""
      },
      "type": "Feature"
    },
    {
      "geometry": {
        "coordinates": [
          138.89392,
          35.423197
        ],
        "type": "Point"
      },
      "properties": {
        "bangumi_id": 262897,
        "bangumi_title": "摇曳露营△ 二期",
        "ep_cut": 6,
        "image_url": "https://w.junreimap.com/images/points/262897/f5fvon5_1779991111295.jpg",
        "location": "みさきキャンプ場 - 山中湖",
        "point_id": "f5fvon5",
        "point_name": "みさきキャンプ場 管理栋",
        "remark": ""
      },
      "type": "Feature"
    },
    {
      "geometry": {
        "coordinates": [
          138.893968,
          35.423216
        ],
        "type": "Point"
      },
      "properties": {
        "bangumi_id": 262897,
        "bangumi_title": "摇曳露营△ 二期",
        "ep_cut": 6,
        "image_url": "https://w.junreimap.com/images/points/262897/f5fwbti_1779991121395.jpg",
        "location": "みさきキャンプ場 - 山中湖",
        "point_id": "f5fwbti",
        "point_name": "みさきキャンプ場 管理栋",
        "remark": ""
      },
      "type": "Feature"
    },
    {
      "geometry": {
        "coordinates": [
          138.894019,
          35.423237
        ],
        "type": "Point"
      },
      "properties": {
        "bangumi_id": 262897,
        "bangumi_title": "摇曳露营△ 二期",
        "ep_cut": 6,
        "image_url": "https://w.junreimap.com/images/points/262897/f5fwh75_1779991127410.jpg",
        "location": "みさきキャンプ場 - 山中湖",
        "point_id": "f5fwh75",
        "point_name": "みさきキャンプ場 管理栋",
        "remark": ""
      },
      "type": "Feature"
    },
    {
      "geometry": {
        "coordinates": [
          138.893997,
          35.423278
        ],
        "type": "Point"
      },
      "properties": {
        "bangumi_id": 262897,
        "bangumi_title": "摇曳露营△ 二期",
        "ep_cut": 5,
        "image_url": "https://w.junreimap.com/images/points/262897/f5kalge_1779998504743.jpg",
        "location": "みさきキャンプ場 - 山中湖",
        "point_id": "f5kalge",
        "point_name": "みさきキャンプ場 管理栋",
        "remark": ""
      },
      "type": "Feature"
    },
    {
      "geometry": {
        "coordinates": [
          138.894015,
          35.423284
        ],
        "type": "Point"
      },
      "properties": {
        "bangumi_id": 262897,
        "bangumi_title": "摇曳露营△ 二期",
        "ep_cut": 5,
        "image_url": "https://w.junreimap.com/images/points/262897/f5kantg_1779998507125.jpg",
        "location": "みさきキャンプ場 - 山中湖",
        "point_id": "f5kantg",
        "point_name": "みさきキャンプ場 管理栋",
        "remark": ""
      },
      "type": "Feature"
    },
    {
      "geometry": {
        "coordinates": [
          138.894122,
          35.423276
        ],
        "type": "Point"
      },
      "properties": {
        "bangumi_id": 262897,
        "bangumi_title": "摇曳露营△ 二期",
        "ep_cut": 5,
        "image_url": "https://w.junreimap.com/images/points/262897/f5kauu1_1779998516475.jpg",
        "location": "みさきキャンプ場 - 山中湖",
        "point_id": "f5kauu1",
        "point_name": "みさきキャンプ場 管理栋",
        "remark": ""
      },
      "type": "Feature"
    },
    {
      "geometry": {
        "coordinates": [
          138.89429,
          35.423055
        ],
        "type": "Point"
      },
      "properties": {
        "bangumi_id": 262897,
        "bangumi_title": "摇曳露营△ 二期",
        "ep_cut": 6,
        "image_url": "https://w.junreimap.com/images/points/262897/f5f3vaj_1779989794511.jpg",
        "location": "みさきキャンプ場 - 山中湖",
        "point_id": "f5f3vaj",
        "point_name": "みさきキャンプ場 南侧",
        "remark": ""
      },
      "type": "Feature"
    },
    {
      "geometry": {
        "coordinates": [
          138.894567,
          35.422518
        ],
        "type": "Point"
      },
      "properties": {
        "bangumi_id": 262897,
        "bangumi_title": "摇曳露营△ 二期",
        "ep_cut": 5,
        "image_url": "https://w.junreimap.com/images/points/262897/f5k9xew_1779998476837.jpg",
        "location": "みさきキャンプ場 - 山中湖",
        "point_id": "f5k9xew",
        "point_name": "みさきキャンプ場 南侧",
        "remark": ""
      },
      "type": "Feature"
    },
    {
      "geometry": {
        "coordinates": [
          138.894382,
          35.422921
        ],
        "type": "Point"
      },
      "properties": {
        "bangumi_id": 262897,
        "bangumi_title": "摇曳露营△ 二期",
        "ep_cut": 5,
        "image_url": "https://w.junreimap.com/images/points/262897/5fchw27xi_1673452388687.jpg",
        "location": "みさきキャンプ場 - 山中湖",
        "point_id": "5fchw27xi",
        "point_name": "みさきキャンプ場 南侧",
        "remark": ""
      },
      "type": "Feature"
    },
    {
      "geometry": {
        "coordinates": [
          138.894547,
          35.422911
        ],
        "type": "Point"
      },
      "properties": {
        "bangumi_id": 262897,
        "bangumi_title": "摇曳露营△ 二期",
        "ep_cut": 5,
        "image_url": "https://w.junreimap.com/images/points/262897/f5kab6e_1779998491136.jpg",
        "location": "みさきキャンプ場 - 山中湖",
        "point_id": "f5kab6e",
        "point_name": "みさきキャンプ場 南侧",
        "remark": ""
      },
      "type": "Feature"
    },
    {
      "geometry": {
        "coordinates": [
          138.894664,
          35.422771
        ],
        "type": "Point"
      },
      "properties": {
        "bangumi_id": 262897,
        "bangumi_title": "摇曳露营△ 二期",
        "ep_cut": 5,
        "image_url": "https://w.junreimap.com/images/points/262897/f5kags4_1779998498420.jpg",
        "location": "みさきキャンプ場 - 山中湖",
        "point_id": "f5kags4",
        "point_name": "みさきキャンプ場 南侧",
        "remark": ""
      },
      "type": "Feature"
    },
    {
      "geometry": {
        "coordinates": [
          138.894405,
          35.42308
        ],
        "type": "Point"
      },
      "properties": {
        "bangumi_id": 262897,
        "bangumi_title": "摇曳露营△ 二期",
        "ep_cut": 6,
        "image_url": "https://w.junreimap.com/images/points/262897/f5faetl_1779990101598.jpg",
        "location": "みさきキャンプ場 - 山中湖",
        "point_id": "f5faetl",
        "point_name": "みさきキャンプ場 南侧",
        "remark": ""
      },
      "type": "Feature"
    },
    {
      "geometry": {
        "coordinates": [
          138.89418,
          35.422742
        ],
        "type": "Point"
      },
      "properties": {
        "bangumi_id": 262897,
        "bangumi_title": "摇曳露营△ 二期",
        "ep_cut": 7,
        "image_url": "https://w.junreimap.com/images/points/262897/f5kb2va_1779998526807.jpg",
        "location": "みさきキャンプ場 - 山中湖",
        "point_id": "f5kb2va",
        "point_name": "みさきキャンプ場 南侧",
        "remark": ""
      },
      "type": "Feature"
    },
    {
      "geometry": {
        "coordinates": [
          138.895092,
          35.422514
        ],
        "type": "Point"
      },
      "properties": {
        "bangumi_id": 262897,
        "bangumi_title": "摇曳露营△ 二期",
        "ep_cut": 6,
        "image_url": "https://w.junreimap.com/images/points/262897/f5fao88_1779990111129.jpg",
        "location": "みさきキャンプ場 - 山中湖",
        "point_id": "f5fao88",
        "point_name": "みさきキャンプ場 南侧",
        "remark": "需要从湖面上向西拍摄"
      },
      "type": "Feature"
    },
    {
      "geometry": {
        "coordinates": [
          138.895928,
          35.423061
        ],
        "type": "Point"
      },
      "properties": {
        "bangumi_id": 262897,
        "bangumi_title": "摇曳露营△ 二期",
        "ep_cut": 6,
        "image_url": "https://w.junreimap.com/images/points/262897/f5fb3p9_1779990130852.jpg",
        "location": "みさきキャンプ場 - 山中湖",
        "point_id": "f5fb3p9",
        "point_name": "みさきキャンプ場 南侧",
        "remark": "需要从湖面上向西拍摄"
      },
      "type": "Feature"
    },
    {
      "geometry": {
        "coordinates": [
          138.894674,
          35.422943
        ],
        "type": "Point"
      },
      "properties": {
        "bangumi_id": 262897,
        "bangumi_title": "摇曳露营△ 二期",
        "ep_cut": 6,
        "image_url": "https://w.junreimap.com/images/points/262897/f5fls3a_1779990628448.jpg",
        "location": "みさきキャンプ場 - 山中湖",
        "point_id": "f5fls3a",
        "point_name": "みさきキャンプ場 南侧",
        "remark": ""
      },
      "type": "Feature"
    },
    {
      "geometry": {
        "coordinates": [
          138.894773,
          35.42307
        ],
        "type": "Point"
      },
      "properties": {
        "bangumi_id": 262897,
        "bangumi_title": "摇曳露营△ 二期",
        "ep_cut": 6,
        "image_url": "https://w.junreimap.com/images/2168/2026-05/5a65598f2157c4abfd78a7e426d681a0.jpeg",
        "location": "みさきキャンプ場 - 山中湖",
        "point_id": "f5g2wk7",
        "point_name": "みさきキャンプ場 南侧",
        "remark": ""
      },
      "type": "Feature"
    },
    {
      "geometry": {
        "coordinates": [
          138.894726,
          35.423023
        ],
        "type": "Point"
      },
      "properties": {
        "bangumi_id": 262897,
        "bangumi_title": "摇曳露营△ 二期",
        "ep_cut": 6,
        "image_url": "https://w.junreimap.com/images/2168/2026-05/ff9a4bb8d109a3f738b9fb75152fb95a.jpeg",
        "location": "みさきキャンプ場 - 山中湖",
        "point_id": "f5g33h3",
        "point_name": "みさきキャンプ場 南侧",
        "remark": ""
      },
      "type": "Feature"
    },
    {
      "geometry": {
        "coordinates": [
          138.894333,
          35.422989
        ],
        "type": "Point"
      },
      "properties": {
        "bangumi_id": 262897,
        "bangumi_title": "摇曳露营△ 二期",
        "ep_cut": 6,
        "image_url": "https://w.junreimap.com/images/2168/2026-05/f2a94a211264810992c92f5608de852e.jpeg",
        "location": "みさきキャンプ場 - 山中湖",
        "point_id": "f5g38jz",
        "point_name": "みさきキャンプ場 南侧",
        "remark": ""
      },
      "type": "Feature"
    },
    {
      "geometry": {
        "coordinates": [
          138.894028,
          35.422712
        ],
        "type": "Point"
      },
      "properties": {
        "bangumi_id": 262897,
        "bangumi_title": "摇曳露营△ 二期",
        "ep_cut": 6,
        "image_url": "https://w.junreimap.com/images/2168/2026-05/bdb52be29e5012cfced5563b46279b30.jpeg",
        "location": "みさきキャンプ場 - 山中湖",
        "point_id": "f5g3hea",
        "point_name": "みさきキャンプ場 南侧",
        "remark": ""
      },
      "type": "Feature"
    },
    {
      "geometry": {
        "coordinates": [
          138.894563,
          35.42299
        ],
        "type": "Point"
      },
      "properties": {
        "bangumi_id": 262897,
        "bangumi_title": "摇曳露营△ 二期",
        "ep_cut": 6,
        "image_url": "https://w.junreimap.com/images/points/262897/f5fwnlf_1779991135229.jpg",
        "location": "みさきキャンプ場 - 山中湖",
        "point_id": "f5fwnlf",
        "point_name": "みさきキャンプ場 南侧",
        "remark": ""
      },
      "type": "Feature"
    },
    {
      "geometry": {
        "coordinates": [
          138.894923,
          35.42312
        ],
        "type": "Point"
      },
      "properties": {
        "bangumi_id": 262897,
        "bangumi_title": "摇曳露营△ 二期",
        "ep_cut": 6,
        "image_url": "https://w.junreimap.com/images/points/262897/f5flyb2_1779990646787.jpg",
        "location": "みさきキャンプ場 - 山中湖",
        "point_id": "f5flyb2",
        "point_name": "みさきキャンプ場 南侧",
        "remark": ""
      },
      "type": "Feature"
    },
    {
      "geometry": {
        "coordinates": [
          138.895669,
          35.423751
        ],
        "type": "Point"
      },
      "properties": {
        "bangumi_id": 262897,
        "bangumi_title": "摇曳露营△ 二期",
        "ep_cut": 6,
        "image_url": "https://w.junreimap.com/images/points/262897/f5fbkg4_1779990157623.jpg",
        "location": "みさきキャンプ場 - 山中湖",
        "point_id": "f5fbkg4",
        "point_name": "みさきキャンプ場 东侧",
        "remark": "向西南方向拍摄"
      },
      "type": "Feature"
    },
    {
      "geometry": {
        "coordinates": [
          138.894921,
          35.423449
        ],
        "type": "Point"
      },
      "properties": {
        "bangumi_id": 262897,
        "bangumi_title": "摇曳露营△ 二期",
        "ep_cut": 6,
        "image_url": "https://w.junreimap.com/images/points/262897/f5fmdl8_1779990662185.jpg",
        "location": "みさきキャンプ場 - 山中湖",
        "point_id": "f5fmdl8",
        "point_name": "みさきキャンプ場 东侧",
        "remark": ""
      },
      "type": "Feature"
    },
    {
      "geometry": {
        "coordinates": [
          138.895499,
          35.423675
        ],
        "type": "Point"
      },
      "properties": {
        "bangumi_id": 262897,
        "bangumi_title": "摇曳露营△ 二期",
        "ep_cut": 6,
        "image_url": "https://w.junreimap.com/images/points/262897/f5fc2ig_1779990174887.jpg",
        "location": "みさきキャンプ場 - 山中湖",
        "point_id": "f5fc2ig",
        "point_name": "みさきキャンプ場 东侧",
        "remark": ""
      },
      "type": "Feature"
    },
    {
      "geometry": {
        "coordinates": [
          138.896509,
          35.426067
        ],
        "type": "Point"
      },
      "properties": {
        "bangumi_id": 262897,
        "bangumi_title": "摇曳露营△ 二期",
        "ep_cut": 6,
        "image_url": "https://w.junreimap.com/images/points/262897/f5fcctx_1779990192585.jpg",
        "location": "みさきキャンプ場 - 山中湖",
        "point_id": "f5fcctx",
        "point_name": "みさきキャンプ場 东侧",
        "remark": "理论上需要从湖面向南拍摄，实际上岸边带个长焦也有希望拍到。"
      },
      "type": "Feature"
    },
    {
      "geometry": {
        "coordinates": [
          138.896856,
          35.424426
        ],
        "type": "Point"
      },
      "properties": {
        "bangumi_id": 262897,
        "bangumi_title": "摇曳露营△ 二期",
        "ep_cut": 6,
        "image_url": "https://w.junreimap.com/images/points/262897/f5fd4fs_1779990223771.jpg",
        "location": "みさきキャンプ場 - 山中湖",
        "point_id": "f5fd4fs",
        "point_name": "みさきキャンプ場 东侧",
        "remark": ""
      },
      "type": "Feature"
    },
    {
      "geometry": {
        "coordinates": [
          138.896516,
          35.424177
        ],
        "type": "Point"
      },
      "properties": {
        "bangumi_id": 262897,
        "bangumi_title": "摇曳露营△ 二期",
        "ep_cut": 6,
        "image_url": "https://w.junreimap.com/images/points/262897/f5fdbjw_1779990233223.jpg",
        "location": "みさきキャンプ場 - 山中湖",
        "point_id": "f5fdbjw",
        "point_name": "みさきキャンプ場 东侧",
        "remark": ""
      },
      "type": "Feature"
    },
    {
      "geometry": {
        "coordinates": [
          138.896516,
          35.425512
        ],
        "type": "Point"
      },
      "properties": {
        "bangumi_id": 262897,
        "bangumi_title": "摇曳露营△ 二期",
        "ep_cut": 6,
        "image_url": "https://w.junreimap.com/images/points/262897/f5fdep0_1779990237563.jpg",
        "location": "みさきキャンプ場 - 山中湖",
        "point_id": "f5fdep0",
        "point_name": "みさきキャンプ場 东侧",
        "remark": ""
      },
      "type": "Feature"
    },
    {
      "geometry": {
        "coordinates": [
          138.897329,
          35.424423
        ],
        "type": "Point"
      },
      "properties": {
        "bangumi_id": 262897,
        "bangumi_title": "摇曳露营△ 二期",
        "ep_cut": 6,
        "image_url": "https://w.junreimap.com/images/points/262897/5fchw2883_1673452389189.jpg",
        "location": "みさきキャンプ場 - 山中湖",
        "point_id": "5fchw2883",
        "point_name": "みさきキャンプ場 东侧",
        "remark": ""
      },
      "type": "Feature"
    },
    {
      "geometry": {
        "coordinates": [
          138.896774,
          35.4243
        ],
        "type": "Point"
      },
      "properties": {
        "bangumi_id": 262897,
        "bangumi_title": "摇曳露营△ 二期",
        "ep_cut": 6,
        "image_url": "https://w.junreimap.com/images/points/262897/f5fl85f_1779990603624.jpg",
        "location": "みさきキャンプ場 - 山中湖",
        "point_id": "f5fl85f",
        "point_name": "みさきキャンプ場 东侧",
        "remark": ""
      },
      "type": "Feature"
    },
    {
      "geometry": {
        "coordinates": [
          138.896123,
          35.423962
        ],
        "type": "Point"
      },
      "properties": {
        "bangumi_id": 262897,
        "bangumi_title": "摇曳露营△ 二期",
        "ep_cut": 6,
        "image_url": "https://w.junreimap.com/images/points/262897/f5frcz0_1779990888216.jpg",
        "location": "みさきキャンプ場 - 山中湖",
        "point_id": "f5frcz0",
        "point_name": "みさきキャンプ場 东侧",
        "remark": ""
      },
      "type": "Feature"
    },
    {
      "geometry": {
        "coordinates": [
          138.89799,
          35.428962
        ],
        "type": "Point"
      },
      "properties": {
        "bangumi_id": 262897,
        "bangumi_title": "摇曳露营△ 二期",
        "ep_cut": 6,
        "image_url": "https://w.junreimap.com/images/points/262897/f5frljv_1779990900509.jpg",
        "location": "山中湖平野観光案内所",
        "point_id": "f5frljv",
        "point_name": "マリモ通り",
        "remark": ""
      },
      "type": "Feature"
    },
    {
      "geometry": {
        "coordinates": [
          138.897908,
          35.428953
        ],
        "type": "Point"
      },
      "properties": {
        "bangumi_id": 262897,
        "bangumi_title": "摇曳露营△ 二期",
        "ep_cut": 6,
        "image_url": "https://w.junreimap.com/images/points/262897/f5frrcu_1779990907288.jpg",
        "location": "山中湖平野観光案内所",
        "point_id": "f5frrcu",
        "point_name": "マリモ通り",
        "remark": ""
      },
      "type": "Feature"
    },
    {
      "geometry": {
        "coordinates": [
          138.898057,
          35.428944
        ],
        "type": "Point"
      },
      "properties": {
        "bangumi_id": 262897,
        "bangumi_title": "摇曳露营△ 二期",
        "ep_cut": 6,
        "image_url": "https://w.junreimap.com/images/points/262897/f5ft0an_1779990966082.jpg",
        "location": "山中湖平野観光案内所",
        "point_id": "f5ft0an",
        "point_name": "マリモ通り",
        "remark": ""
      },
      "type": "Feature"
    },
    {
      "geometry": {
        "coordinates": [
          138.898654,
          35.428507
        ],
        "type": "Point"
      },
      "properties": {
        "bangumi_id": 262897,
        "bangumi_title": "摇曳露营△ 二期",
        "ep_cut": 5,
        "image_url": "https://w.junreimap.com/images/points/262897/f5k861l_1779998391281.jpg",
        "location": "山中湖平野観光案内所",
        "point_id": "f5k861l",
        "point_name": "マリモ通り",
        "remark": ""
      },
      "type": "Feature"
    },
    {
      "geometry": {
        "coordinates": [
          138.903078,
          35.426202
        ],
        "type": "Point"
      },
      "properties": {
        "bangumi_id": 262897,
        "bangumi_title": "摇曳露营△ 二期",
        "ep_cut": 5,
        "image_url": "https://w.junreimap.com/images/points/262897/f5fuql7_1779998342542.jpg",
        "location": "山中湖平野観光案内所",
        "point_id": "f5fuql7",
        "point_name": "山中湖平野観光案内所",
        "remark": ""
      },
      "type": "Feature"
    },
    {
      "geometry": {
        "coordinates": [
          138.482504,
          35.444787
        ],
        "type": "Point"
      },
      "properties": {
        "bangumi_id": 262897,
        "bangumi_title": "摇曳露营△ 二期",
        "ep_cut": 6,
        "image_url": "https://w.junreimap.com/images/user/1093/bangumi/262897/points/lrg9rj5qd-1719537831842.jpg",
        "location": "甲斐常葉",
        "point_id": "lrg9rj5qd",
        "point_name": "志摩凛家（外观原型）",
        "remark": "位置原型在古関"
      },
      "type": "Feature"
    },
    {
      "geometry": {
        "coordinates": [
          138.602847,
          35.225692
        ],
        "type": "Point"
      },
      "properties": {
        "bangumi_id": 262897,
        "bangumi_title": "摇曳露营△ 二期",
        "ep_cut": 7,
        "image_url": "https://w.junreimap.com/images/user/1020/bangumi/262897/points/gk2118oo2-1704852734167.jpg",
        "location": "西富士宮站 - 富士宫市",
        "point_id": "gk2118oo2",
        "point_name": "西富士宮駅 前",
        "remark": ""
      },
      "type": "Feature"
    },
    {
      "geometry": {
        "coordinates": [
          138.602738,
          35.225599
        ],
        "type": "Point"
      },
      "properties": {
        "bangumi_id": 262897,
        "bangumi_title": "摇曳露营△ 二期",
        "ep_cut": 7,
        "image_url": "https://w.junreimap.com/images/points/262897/5fchw27xe_1673452389673.jpg",
        "location": "西富士宮站 - 富士宫市",
        "point_id": "5fchw27xe",
        "point_name": "西富士宮駅 前",
        "remark": ""
      },
      "type": "Feature"
    },
    {
      "geometry": {
        "coordinates": [
          138.602823,
          35.225637
        ],
        "type": "Point"
      },
      "properties": {
        "bangumi_id": 262897,
        "bangumi_title": "摇曳露营△ 二期",
        "ep_cut": 7,
        "image_url": "https://w.junreimap.com/images/user/1020/bangumi/262897/points/gk1zjo118-1704852641526.jpg",
        "location": "西富士宮站 - 富士宫市",
        "point_id": "gk1zjo118",
        "point_name": "西富士宮駅 前",
        "remark": ""
      },
      "type": "Feature"
    },
    {
      "geometry": {
        "coordinates": [
          138.602723,
          35.225624
        ],
        "type": "Point"
      },
      "properties": {
        "bangumi_id": 262897,
        "bangumi_title": "摇曳露营△ 二期",
        "ep_cut": 7,
        "image_url": "https://w.junreimap.com/images/points/262897/f5n8g2p_1780003442746.jpg",
        "location": "西富士宮站 - 富士宫市",
        "point_id": "f5n8g2p",
        "point_name": "西富士宮駅 前",
        "remark": ""
      },
      "type": "Feature"
    },
    {
      "geometry": {
        "coordinates": [
          138.602795,
          35.225592
        ],
        "type": "Point"
      },
      "properties": {
        "bangumi_id": 262897,
        "bangumi_title": "摇曳露营△ 二期",
        "ep_cut": 7,
        "image_url": "https://w.junreimap.com/images/points/262897/f5n8l0l_1780003451013.jpg",
        "location": "西富士宮站 - 富士宫市",
        "point_id": "f5n8l0l",
        "point_name": "西富士宮駅 前",
        "remark": ""
      },
      "type": "Feature"
    },
    {
      "geometry": {
        "coordinates": [
          138.602807,
          35.225607
        ],
        "type": "Point"
      },
      "properties": {
        "bangumi_id": 262897,
        "bangumi_title": "摇曳露营△ 二期",
        "ep_cut": 7,
        "image_url": "https://w.junreimap.com/images/points/262897/f5n8xt5_1780003465430.jpg",
        "location": "西富士宮站 - 富士宫市",
        "point_id": "f5n8xt5",
        "point_name": "西富士宮駅 前 差分",
        "remark": ""
      },
      "type": "Feature"
    },
    {
      "geometry": {
        "coordinates": [
          138.61043,
          35.225424
        ],
        "type": "Point"
      },
      "properties": {
        "bangumi_id": 262897,
        "bangumi_title": "摇曳露营△ 二期",
        "ep_cut": 7,
        "image_url": "https://w.junreimap.com/images/user/1099/bangumi/262897/points/qls793z0h-1733199132620.jpg",
        "location": "富士山本宮浅間大社",
        "point_id": "qls793z0h",
        "point_name": "富士山本宮浅間大社 二之鳥居",
        "remark": ""
      },
      "type": "Feature"
    },
    {
      "geometry": {
        "coordinates": [
          138.610496,
          35.225396
        ],
        "type": "Point"
      },
      "properties": {
        "bangumi_id": 262897,
        "bangumi_title": "摇曳露营△ 二期",
        "ep_cut": 7,
        "image_url": "https://w.junreimap.com/images/points/262897/5fchw27zt_1673452392187.jpg",
        "location": "富士山本宮浅間大社",
        "point_id": "5fchw27zt",
        "point_name": "富士山本宮浅間大社 二之鳥居",
        "remark": ""
      },
      "type": "Feature"
    },
    {
      "geometry": {
        "coordinates": [
          138.610495,
          35.225458
        ],
        "type": "Point"
      },
      "properties": {
        "bangumi_id": 262897,
        "bangumi_title": "摇曳露营△ 二期",
        "ep_cut": 7,
        "image_url": "https://w.junreimap.com/images/points/262897/f5nacly_1780003531297.jpg",
        "location": "富士山本宮浅間大社",
        "point_id": "f5nacly",
        "point_name": "富士山本宮浅間大社 二之鳥居",
        "remark": ""
      },
      "type": "Feature"
    },
    {
      "geometry": {
        "coordinates": [
          138.610491,
          35.225427
        ],
        "type": "Point"
      },
      "properties": {
        "bangumi_id": 262897,
        "bangumi_title": "摇曳露营△ 二期",
        "ep_cut": 7,
        "image_url": "https://w.junreimap.com/images/points/262897/f5najuy_1780003541157.jpg",
        "location": "富士山本宮浅間大社",
        "point_id": "f5najuy",
        "point_name": "富士山本宮浅間大社 二之鳥居",
        "remark": ""
      },
      "type": "Feature"
    },
    {
      "geometry": {
        "coordinates": [
          138.610342,
          35.225447
        ],
        "type": "Point"
      },
      "properties": {
        "bangumi_id": 262897,
        "bangumi_title": "摇曳露营△ 二期",
        "ep_cut": 7,
        "image_url": "https://w.junreimap.com/images/points/262897/f5nan5n_1780003545870.jpg",
        "location": "富士山本宮浅間大社",
        "point_id": "f5nan5n",
        "point_name": "富士山本宮浅間大社 二之鳥居",
        "remark": ""
      },
      "type": "Feature"
    },
    {
      "geometry": {
        "coordinates": [
          138.610413,
          35.225168
        ],
        "type": "Point"
      },
      "properties": {
        "bangumi_id": 262897,
        "bangumi_title": "摇曳露营△ 二期",
        "ep_cut": 7,
        "image_url": "https://w.junreimap.com/images/points/262897/f5ndmwi_1780003685152.jpg",
        "location": "富士山本宮浅間大社",
        "point_id": "f5ndmwi",
        "point_name": "富士山本宮浅間大社 二之鳥居",
        "remark": ""
      },
      "type": "Feature"
    },
    {
      "geometry": {
        "coordinates": [
          138.609987,
          35.226937
        ],
        "type": "Point"
      },
      "properties": {
        "bangumi_id": 262897,
        "bangumi_title": "摇曳露营△ 二期",
        "ep_cut": 7,
        "image_url": "https://w.junreimap.com/images/points/262897/5fchw286o_1673452393176.jpg",
        "location": "富士山本宮浅間大社",
        "point_id": "5fchw286o",
        "point_name": "富士山本宮浅間大社 手水舎",
        "remark": ""
      },
      "type": "Feature"
    },
    {
      "geometry": {
        "coordinates": [
          138.610195,
          35.226506
        ],
        "type": "Point"
      },
      "properties": {
        "bangumi_id": 262897,
        "bangumi_title": "摇曳露营△ 二期",
        "ep_cut": 7,
        "image_url": "https://w.junreimap.com/images/points/262897/5fchw28cm_1673452392679.jpg",
        "location": "富士山本宮浅間大社",
        "point_id": "5fchw28cm",
        "point_name": "富士山本宮浅間大社 三之鳥居 附近",
        "remark": ""
      },
      "type": "Feature"
    },
    {
      "geometry": {
        "coordinates": [
          138.61023,
          35.226624
        ],
        "type": "Point"
      },
      "properties": {
        "bangumi_id": 262897,
        "bangumi_title": "摇曳露营△ 二期",
        "ep_cut": 7,
        "image_url": "https://w.junreimap.com/images/user/0/bangumi/262897/points/86i36th-1764817815378.jpg",
        "location": "富士山本宮浅間大社",
        "point_id": "86i36th",
        "point_name": "富士山本宮浅間大社 流鏑馬の像",
        "remark": ""
      },
      "type": "Feature"
    },
    {
      "geometry": {
        "coordinates": [
          138.610078,
          35.227254
        ],
        "type": "Point"
      },
      "properties": {
        "bangumi_id": 262897,
        "bangumi_title": "摇曳露营△ 二期",
        "ep_cut": 7,
        "image_url": "https://w.junreimap.com/images/points/262897/5fchw28jt_1673452393684.jpg",
        "location": "富士山本宮浅間大社",
        "point_id": "5fchw28jt",
        "point_name": "富士山本宮浅間大社 拝殿",
        "remark": ""
      },
      "type": "Feature"
    },
    {
      "geometry": {
        "coordinates": [
          138.610071,
          35.227288
        ],
        "type": "Point"
      },
      "properties": {
        "bangumi_id": 262897,
        "bangumi_title": "摇曳露营△ 二期",
        "ep_cut": 7,
        "image_url": "https://w.junreimap.com/images/points/262897/f5nbxx3_1780003605730.jpg",
        "location": "富士山本宮浅間大社",
        "point_id": "f5nbxx3",
        "point_name": "富士山本宮浅間大社 拝殿",
        "remark": ""
      },
      "type": "Feature"
    },
    {
      "geometry": {
        "coordinates": [
          138.609596,
          35.227409
        ],
        "type": "Point"
      },
      "properties": {
        "bangumi_id": 262897,
        "bangumi_title": "摇曳露营△ 二期",
        "ep_cut": 7,
        "image_url": "https://w.junreimap.com/images/points/262897/f5nc4g5_1780003614763.jpg",
        "location": "富士山本宮浅間大社",
        "point_id": "f5nc4g5",
        "point_name": "富士山本宮浅間大社 拝殿 西侧",
        "remark": "在西侧向东北方拍摄"
      },
      "type": "Feature"
    },
    {
      "geometry": {
        "coordinates": [
          138.610197,
          35.225019
        ],
        "type": "Point"
      },
      "properties": {
        "bangumi_id": 262897,
        "bangumi_title": "摇曳露营△ 二期",
        "ep_cut": 7,
        "image_url": "https://w.junreimap.com/images/points/262897/f5ndtgy_1780003698221.jpg",
        "location": "富士山本宮浅間大社",
        "point_id": "f5ndtgy",
        "point_name": "富士宮やきそばアンテナショップ",
        "remark": "进来东侧第一家店就是这家炒荞麦面店，时隔太久不太记得价格多少了，总之不贵好吃。"
      },
      "type": "Feature"
    },
    {
      "geometry": {
        "coordinates": [
          138.610226,
          35.224959
        ],
        "type": "Point"
      },
      "properties": {
        "bangumi_id": 262897,
        "bangumi_title": "摇曳露营△ 二期",
        "ep_cut": 7,
        "image_url": "https://w.junreimap.com/images/points/262897/f5ne5em_1780003708816.jpg",
        "location": "富士山本宮浅間大社",
        "point_id": "f5ne5em",
        "point_name": "富士宮やきそばアンテナショップ",
        "remark": "进来东侧第一家店就是这家炒荞麦面店，时隔太久不太记得价格多少了，总之不贵好吃。"
      },
      "type": "Feature"
    },
    {
      "geometry": {
        "coordinates": [
          138.61013,
          35.224949
        ],
        "type": "Point"
      },
      "properties": {
        "bangumi_id": 262897,
        "bangumi_title": "摇曳露营△ 二期",
        "ep_cut": 7,
        "image_url": "https://w.junreimap.com/images/points/262897/5fchw28ig_1673452394178.jpg",
        "location": "富士山本宮浅間大社",
        "point_id": "5fchw28ig",
        "point_name": "富士宮やきそばアンテナショップ",
        "remark": ""
      },
      "type": "Feature"
    },
    {
      "geometry": {
        "coordinates": [
          138.610215,
          35.225015
        ],
        "type": "Point"
      },
      "properties": {
        "bangumi_id": 262897,
        "bangumi_title": "摇曳露营△ 二期",
        "ep_cut": 7,
        "image_url": "https://w.junreimap.com/images/points/262897/f5nfyyu_1780003795098.jpg",
        "location": "富士山本宮浅間大社",
        "point_id": "f5nfyyu",
        "point_name": "富士宮やきそばアンテナショップ",
        "remark": ""
      },
      "type": "Feature"
    },
    {
      "geometry": {
        "coordinates": [
          138.610116,
          35.225031
        ],
        "type": "Point"
      },
      "properties": {
        "bangumi_id": 262897,
        "bangumi_title": "摇曳露营△ 二期",
        "ep_cut": 7,
        "image_url": "https://w.junreimap.com/images/points/262897/f5ng3fz_1780003799771.jpg",
        "location": "富士山本宮浅間大社",
        "point_id": "f5ng3fz",
        "point_name": "富士宮やきそばアンテナショップ",
        "remark": "此处向西拍摄"
      },
      "type": "Feature"
    },
    {
      "geometry": {
        "coordinates": [
          138.598591,
          35.238347
        ],
        "type": "Point"
      },
      "properties": {
        "bangumi_id": 262897,
        "bangumi_title": "摇曳露营△ 二期",
        "ep_cut": 7,
        "image_url": "https://w.junreimap.com/images/points/262897/5fchw2862_1673452396556.jpg",
        "location": "お好み食堂伊東沿途（西富士宫市）",
        "point_id": "5fchw2862",
        "point_name": "レオパレス​G​クレフ​淀師",
        "remark": "取景位置右侧有新建建筑物遮挡"
      },
      "type": "Feature"
    },
    {
      "geometry": {
        "coordinates": [
          138.599173,
          35.238495
        ],
        "type": "Point"
      },
      "properties": {
        "bangumi_id": 262897,
        "bangumi_title": "摇曳露营△ 二期",
        "ep_cut": 7,
        "image_url": "https://w.junreimap.com/images/points/262897/f5nh9cr_1780003853971.jpg",
        "location": "お好み食堂伊東沿途（西富士宫市）",
        "point_id": "f5nh9cr",
        "point_name": "レオパレス​G​クレフ​淀師",
        "remark": ""
      },
      "type": "Feature"
    },
    {
      "geometry": {
        "coordinates": [
          138.596553,
          35.24112
        ],
        "type": "Point"
      },
      "properties": {
        "bangumi_id": 262897,
        "bangumi_title": "摇曳露营△ 二期",
        "ep_cut": 7,
        "image_url": "https://w.junreimap.com/images/points/262897/45h7a6w_1756048706072.jpg",
        "location": "お好み食堂伊東沿途（西富士宫市）",
        "point_id": "45h7a6w",
        "point_name": "お好み食堂伊東",
        "remark": "线下真的排队超级长……赶时间的话可能没时间进去吃。"
      },
      "type": "Feature"
    },
    {
      "geometry": {
        "coordinates": [
          138.596483,
          35.241025
        ],
        "type": "Point"
      },
      "properties": {
        "bangumi_id": 262897,
        "bangumi_title": "摇曳露营△ 二期",
        "ep_cut": 7,
        "image_url": "https://w.junreimap.com/images/points/262897/45h7he0_1756048715672.jpg",
        "location": "お好み食堂伊東沿途（西富士宫市）",
        "point_id": "45h7he0",
        "point_name": "お好み食堂伊東",
        "remark": "线下真的排队超级长……赶时间的话可能没时间进去吃。"
      },
      "type": "Feature"
    },
    {
      "geometry": {
        "coordinates": [
          138.596514,
          35.240986
        ],
        "type": "Point"
      },
      "properties": {
        "bangumi_id": 262897,
        "bangumi_title": "摇曳露营△ 二期",
        "ep_cut": 7,
        "image_url": "https://w.junreimap.com/images/points/262897/45h6b0a_1756048661111.jpg",
        "location": "お好み食堂伊東沿途（西富士宫市）",
        "point_id": "45h6b0a",
        "point_name": "お好み食堂伊東",
        "remark": "线下真的排队超级长……赶时间的话可能没时间进去吃。"
      },
      "type": "Feature"
    },
    {
      "geometry": {
        "coordinates": [
          138.596535,
          35.241175
        ],
        "type": "Point"
      },
      "properties": {
        "bangumi_id": 262897,
        "bangumi_title": "摇曳露营△ 二期",
        "ep_cut": 7,
        "image_url": "https://w.junreimap.com/images/points/262897/f5nhjs5_1780003877672.jpg",
        "location": "お好み食堂伊東沿途（西富士宫市）",
        "point_id": "f5nhjs5",
        "point_name": "お好み食堂伊東",
        "remark": ""
      },
      "type": "Feature"
    },
    {
      "geometry": {
        "coordinates": [
          138.596525,
          35.241184
        ],
        "type": "Point"
      },
      "properties": {
        "bangumi_id": 262897,
        "bangumi_title": "摇曳露营△ 二期",
        "ep_cut": 7,
        "image_url": "https://w.junreimap.com/images/points/262897/f5nhu6e_1780003880858.jpg",
        "location": "お好み食堂伊東沿途（西富士宫市）",
        "point_id": "f5nhu6e",
        "point_name": "お好み食堂伊東",
        "remark": ""
      },
      "type": "Feature"
    },
    {
      "geometry": {
        "coordinates": [
          138.596545,
          35.241167
        ],
        "type": "Point"
      },
      "properties": {
        "bangumi_id": 262897,
        "bangumi_title": "摇曳露营△ 二期",
        "ep_cut": 7,
        "image_url": "https://w.junreimap.com/images/points/262897/f5nhw2s_1780003883440.jpg",
        "location": "お好み食堂伊東沿途（西富士宫市）",
        "point_id": "f5nhw2s",
        "point_name": "お好み食堂伊東",
        "remark": ""
      },
      "type": "Feature"
    },
    {
      "geometry": {
        "coordinates": [
          138.596517,
          35.241194
        ],
        "type": "Point"
      },
      "properties": {
        "bangumi_id": 262897,
        "bangumi_title": "摇曳露营△ 二期",
        "ep_cut": 7,
        "image_url": "https://w.junreimap.com/images/points/262897/f5ni1mr_1780003890139.jpg",
        "location": "お好み食堂伊東沿途（西富士宫市）",
        "point_id": "f5ni1mr",
        "point_name": "お好み食堂伊東",
        "remark": ""
      },
      "type": "Feature"
    },
    {
      "geometry": {
        "coordinates": [
          138.596508,
          35.241205
        ],
        "type": "Point"
      },
      "properties": {
        "bangumi_id": 262897,
        "bangumi_title": "摇曳露营△ 二期",
        "ep_cut": 7,
        "image_url": "https://w.junreimap.com/images/points/262897/f5ni2zq_1780003892136.jpg",
        "location": "お好み食堂伊東沿途（西富士宫市）",
        "point_id": "f5ni2zq",
        "point_name": "お好み食堂伊東",
        "remark": ""
      },
      "type": "Feature"
    },
    {
      "geometry": {
        "coordinates": [
          138.5965,
          35.241213
        ],
        "type": "Point"
      },
      "properties": {
        "bangumi_id": 262897,
        "bangumi_title": "摇曳露营△ 二期",
        "ep_cut": 7,
        "image_url": "https://w.junreimap.com/images/points/262897/f5ni4u6_1780003894923.jpg",
        "location": "お好み食堂伊東沿途（西富士宫市）",
        "point_id": "f5ni4u6",
        "point_name": "お好み食堂伊東",
        "remark": ""
      },
      "type": "Feature"
    },
    {
      "geometry": {
        "coordinates": [
          138.596551,
          35.241158
        ],
        "type": "Point"
      },
      "properties": {
        "bangumi_id": 262897,
        "bangumi_title": "摇曳露营△ 二期",
        "ep_cut": 7,
        "image_url": "https://w.junreimap.com/images/points/262897/f5ni7e9_1780003901608.jpg",
        "location": "お好み食堂伊東沿途（西富士宫市）",
        "point_id": "f5ni7e9",
        "point_name": "お好み食堂伊東",
        "remark": ""
      },
      "type": "Feature"
    },
    {
      "geometry": {
        "coordinates": [
          138.596547,
          35.241187
        ],
        "type": "Point"
      },
      "properties": {
        "bangumi_id": 262897,
        "bangumi_title": "摇曳露营△ 二期",
        "ep_cut": 7,
        "image_url": "https://w.junreimap.com/images/points/262897/f5nictb_1780003904878.jpg",
        "location": "お好み食堂伊東沿途（西富士宫市）",
        "point_id": "f5nictb",
        "point_name": "お好み食堂伊東",
        "remark": ""
      },
      "type": "Feature"
    },
    {
      "geometry": {
        "coordinates": [
          138.596515,
          35.241176
        ],
        "type": "Point"
      },
      "properties": {
        "bangumi_id": 262897,
        "bangumi_title": "摇曳露营△ 二期",
        "ep_cut": 7,
        "image_url": "https://w.junreimap.com/images/points/262897/f5nif55_1780003907980.jpg",
        "location": "お好み食堂伊東沿途（西富士宫市）",
        "point_id": "f5nif55",
        "point_name": "お好み食堂伊東",
        "remark": ""
      },
      "type": "Feature"
    },
    {
      "geometry": {
        "coordinates": [
          138.596541,
          35.241192
        ],
        "type": "Point"
      },
      "properties": {
        "bangumi_id": 262897,
        "bangumi_title": "摇曳露营△ 二期",
        "ep_cut": 7,
        "image_url": "https://w.junreimap.com/images/points/262897/f5nijmm_1780003913434.jpg",
        "location": "お好み食堂伊東沿途（西富士宫市）",
        "point_id": "f5nijmm",
        "point_name": "お好み食堂伊東",
        "remark": ""
      },
      "type": "Feature"
    },
    {
      "geometry": {
        "coordinates": [
          138.59652,
          35.241171
        ],
        "type": "Point"
      },
      "properties": {
        "bangumi_id": 262897,
        "bangumi_title": "摇曳露营△ 二期",
        "ep_cut": 7,
        "image_url": "https://w.junreimap.com/images/points/262897/f5nilpw_1780003916333.jpg",
        "location": "お好み食堂伊東沿途（西富士宫市）",
        "point_id": "f5nilpw",
        "point_name": "お好み食堂伊東",
        "remark": ""
      },
      "type": "Feature"
    },
    {
      "geometry": {
        "coordinates": [
          138.596526,
          35.241165
        ],
        "type": "Point"
      },
      "properties": {
        "bangumi_id": 262897,
        "bangumi_title": "摇曳露营△ 二期",
        "ep_cut": 7,
        "image_url": "https://w.junreimap.com/images/points/262897/f5nin8u_1780003918228.jpg",
        "location": "お好み食堂伊東沿途（西富士宫市）",
        "point_id": "f5nin8u",
        "point_name": "お好み食堂伊東",
        "remark": ""
      },
      "type": "Feature"
    },
    {
      "geometry": {
        "coordinates": [
          138.599514,
          35.234007
        ],
        "type": "Point"
      },
      "properties": {
        "bangumi_id": 262897,
        "bangumi_title": "摇曳露营△ 二期",
        "ep_cut": 7,
        "image_url": "https://w.junreimap.com/images/points/262897/5fchw28ib_1673452402419.jpg",
        "location": "お好み食堂伊東沿途（西富士宫市）",
        "point_id": "5fchw28ib",
        "point_name": "Potato 淀川店",
        "remark": ""
      },
      "type": "Feature"
    },
    {
      "geometry": {
        "coordinates": [
          138.618283,
          35.141245
        ],
        "type": "Point"
      },
      "properties": {
        "bangumi_id": 262897,
        "bangumi_title": "摇曳露营△ 二期",
        "ep_cut": 7,
        "image_url": "https://w.junreimap.com/images/points/262897/f5nm2gq_1780004079157.jpg",
        "location": "富士川駅 - 富士市",
        "point_id": "f5nm2gq",
        "point_name": "富士川駅 前",
        "remark": ""
      },
      "type": "Feature"
    },
    {
      "geometry": {
        "coordinates": [
          138.618287,
          35.141258
        ],
        "type": "Point"
      },
      "properties": {
        "bangumi_id": 262897,
        "bangumi_title": "摇曳露营△ 二期",
        "ep_cut": 7,
        "image_url": "https://w.junreimap.com/images/points/262897/f5nn505_1780004128615.jpg",
        "location": "富士川駅 - 富士市",
        "point_id": "f5nn505",
        "point_name": "富士川駅 前",
        "remark": ""
      },
      "type": "Feature"
    },
    {
      "geometry": {
        "coordinates": [
          138.618196,
          35.141163
        ],
        "type": "Point"
      },
      "properties": {
        "bangumi_id": 262897,
        "bangumi_title": "摇曳露营△ 二期",
        "ep_cut": 7,
        "image_url": "https://w.junreimap.com/images/points/262897/5fchw283z_1673452402940.jpg",
        "location": "富士川駅 - 富士市",
        "point_id": "5fchw283z",
        "point_name": "富士川駅 前",
        "remark": ""
      },
      "type": "Feature"
    },
    {
      "geometry": {
        "coordinates": [
          138.618153,
          35.141244
        ],
        "type": "Point"
      },
      "properties": {
        "bangumi_id": 262897,
        "bangumi_title": "摇曳露营△ 二期",
        "ep_cut": 7,
        "image_url": "https://w.junreimap.com/images/points/262897/f5nn94f_1780004134061.jpg",
        "location": "富士川駅 - 富士市",
        "point_id": "f5nn94f",
        "point_name": "富士川駅 前",
        "remark": "在路沿边打开谷歌地图导航可复刻"
      },
      "type": "Feature"
    },
    {
      "geometry": {
        "coordinates": [
          138.6182,
          35.141222
        ],
        "type": "Point"
      },
      "properties": {
        "bangumi_id": 262897,
        "bangumi_title": "摇曳露营△ 二期",
        "ep_cut": 7,
        "image_url": "https://w.junreimap.com/images/points/262897/f5nntcw_1780004159558.jpg",
        "location": "富士川駅 - 富士市",
        "point_id": "f5nntcw",
        "point_name": "富士川駅 前",
        "remark": ""
      },
      "type": "Feature"
    },
    {
      "geometry": {
        "coordinates": [
          138.618176,
          35.141312
        ],
        "type": "Point"
      },
      "properties": {
        "bangumi_id": 262897,
        "bangumi_title": "摇曳露营△ 二期",
        "ep_cut": 7,
        "image_url": "https://w.junreimap.com/images/points/262897/f5nnv3t_1780004162241.jpg",
        "location": "富士川駅 - 富士市",
        "point_id": "f5nnv3t",
        "point_name": "富士川駅 前",
        "remark": "此处西望"
      },
      "type": "Feature"
    },
    {
      "geometry": {
        "coordinates": [
          138.618271,
          35.141257
        ],
        "type": "Point"
      },
      "properties": {
        "bangumi_id": 262897,
        "bangumi_title": "摇曳露营△ 二期",
        "ep_cut": 7,
        "image_url": "https://w.junreimap.com/images/points/262897/f5no1xd_1780004170583.jpg",
        "location": "富士川駅 - 富士市",
        "point_id": "f5no1xd",
        "point_name": "富士川駅 前",
        "remark": ""
      },
      "type": "Feature"
    },
    {
      "geometry": {
        "coordinates": [
          138.618001,
          35.141446
        ],
        "type": "Point"
      },
      "properties": {
        "bangumi_id": 262897,
        "bangumi_title": "摇曳露营△ 二期",
        "ep_cut": 7,
        "image_url": "https://w.junreimap.com/images/points/262897/f5no5hl_1780004175711.jpg",
        "location": "富士川駅 - 富士市",
        "point_id": "f5no5hl",
        "point_name": "富士川駅 前",
        "remark": ""
      },
      "type": "Feature"
    },
    {
      "geometry": {
        "coordinates": [
          138.613646,
          35.144389
        ],
        "type": "Point"
      },
      "properties": {
        "bangumi_id": 262897,
        "bangumi_title": "摇曳露营△ 二期",
        "ep_cut": 8,
        "image_url": "https://w.junreimap.com/images/points/262897/f5np7hi_1780004225343.jpg",
        "location": "野田山健康緑地公園 キャンプ場",
        "point_id": "f5np7hi",
        "point_name": "隧道",
        "remark": ""
      },
      "type": "Feature"
    },
    {
      "geometry": {
        "coordinates": [
          138.613676,
          35.144389
        ],
        "type": "Point"
      },
      "properties": {
        "bangumi_id": 262897,
        "bangumi_title": "摇曳露营△ 二期",
        "ep_cut": 8,
        "image_url": "https://w.junreimap.com/images/points/262897/5fchw28c9_1673452404007.jpg",
        "location": "野田山健康緑地公園 キャンプ場",
        "point_id": "5fchw28c9",
        "point_name": "隧道",
        "remark": ""
      },
      "type": "Feature"
    },
    {
      "geometry": {
        "coordinates": [
          138.613236,
          35.14453
        ],
        "type": "Point"
      },
      "properties": {
        "bangumi_id": 262897,
        "bangumi_title": "摇曳露营△ 二期",
        "ep_cut": 8,
        "image_url": "https://w.junreimap.com/images/points/262897/f5npduz_1780004234164.jpg",
        "location": "野田山健康緑地公園 キャンプ場",
        "point_id": "f5npduz",
        "point_name": "隧道出口",
        "remark": "出隧道后走一段再回头拍摄"
      },
      "type": "Feature"
    },
    {
      "geometry": {
        "coordinates": [
          138.612759,
          35.145139
        ],
        "type": "Point"
      },
      "properties": {
        "bangumi_id": 262897,
        "bangumi_title": "摇曳露营△ 二期",
        "ep_cut": 8,
        "image_url": "https://w.junreimap.com/images/points/262897/5fchw288x_1673452404543.jpg",
        "location": "野田山健康緑地公園 キャンプ場",
        "point_id": "5fchw288x",
        "point_name": "富士川地域福祉センター 附近",
        "remark": ""
      },
      "type": "Feature"
    },
    {
      "geometry": {
        "coordinates": [
          138.610941,
          35.145997
        ],
        "type": "Point"
      },
      "properties": {
        "bangumi_id": 262897,
        "bangumi_title": "摇曳露营△ 二期",
        "ep_cut": 8,
        "image_url": "https://w.junreimap.com/images/points/262897/5fchw27wu_1780004275613.jpg",
        "location": "野田山健康緑地公園 キャンプ場",
        "point_id": "5fchw27wu",
        "point_name": "富士川地域福祉センター 附近",
        "remark": ""
      },
      "type": "Feature"
    },
    {
      "geometry": {
        "coordinates": [
          138.613021,
          35.147966
        ],
        "type": "Point"
      },
      "properties": {
        "bangumi_id": 262897,
        "bangumi_title": "摇曳露营△ 二期",
        "ep_cut": 8,
        "image_url": "https://w.junreimap.com/images/points/262897/5fchw27yt_1780004298029.jpg",
        "location": "野田山健康緑地公園 キャンプ場",
        "point_id": "5fchw27yt",
        "point_name": "半山腰展望城景处",
        "remark": ""
      },
      "type": "Feature"
    },
    {
      "geometry": {
        "coordinates": [
          138.613078,
          35.147986
        ],
        "type": "Point"
      },
      "properties": {
        "bangumi_id": 262897,
        "bangumi_title": "摇曳露营△ 二期",
        "ep_cut": 8,
        "image_url": "https://w.junreimap.com/images/points/262897/f5nqwi5_1780004305430.jpg",
        "location": "野田山健康緑地公園 キャンプ場",
        "point_id": "f5nqwi5",
        "point_name": "半山腰展望城景处",
        "remark": ""
      },
      "type": "Feature"
    },
    {
      "geometry": {
        "coordinates": [
          138.613,
          35.147932
        ],
        "type": "Point"
      },
      "properties": {
        "bangumi_id": 262897,
        "bangumi_title": "摇曳露营△ 二期",
        "ep_cut": 8,
        "image_url": "https://w.junreimap.com/images/points/262897/f5nqzy9_1780004312114.jpg",
        "location": "野田山健康緑地公園 キャンプ場",
        "point_id": "f5nqzy9",
        "point_name": "半山腰展望城景处",
        "remark": ""
      },
      "type": "Feature"
    },
    {
      "geometry": {
        "coordinates": [
          138.613002,
          35.14796
        ],
        "type": "Point"
      },
      "properties": {
        "bangumi_id": 262897,
        "bangumi_title": "摇曳露营△ 二期",
        "ep_cut": 8,
        "image_url": "https://w.junreimap.com/images/points/262897/f5nr6q9_1780004316930.jpg",
        "location": "野田山健康緑地公園 キャンプ場",
        "point_id": "f5nr6q9",
        "point_name": "半山腰展望城景处",
        "remark": ""
      },
      "type": "Feature"
    },
    {
      "geometry": {
        "coordinates": [
          138.612941,
          35.148011
        ],
        "type": "Point"
      },
      "properties": {
        "bangumi_id": 262897,
        "bangumi_title": "摇曳露营△ 二期",
        "ep_cut": 8,
        "image_url": "https://w.junreimap.com/images/points/262897/f5nrabd_1780004321805.jpg",
        "location": "野田山健康緑地公園 キャンプ場",
        "point_id": "f5nrabd",
        "point_name": "半山腰展望城景处",
        "remark": ""
      },
      "type": "Feature"
    },
    {
      "geometry": {
        "coordinates": [
          138.607198,
          35.152137
        ],
        "type": "Point"
      },
      "properties": {
        "bangumi_id": 262897,
        "bangumi_title": "摇曳露营△ 二期",
        "ep_cut": 12,
        "image_url": "https://w.junreimap.com/images/points/262897/5fchw27zf_1673452406140.jpg",
        "location": "野田山健康緑地公園 キャンプ場",
        "point_id": "5fchw27zf",
        "point_name": "途中",
        "remark": ""
      },
      "type": "Feature"
    },
    {
      "geometry": {
        "coordinates": [
          138.606975,
          35.15212
        ],
        "type": "Point"
      },
      "properties": {
        "bangumi_id": 262897,
        "bangumi_title": "摇曳露营△ 二期",
        "ep_cut": 8,
        "image_url": "https://w.junreimap.com/images/points/262897/f5nyfi4_1780004654732.jpg",
        "location": "野田山健康緑地公園 キャンプ場",
        "point_id": "f5nyfi4",
        "point_name": "野田山健康緑地公園 キャンプ場 地图",
        "remark": ""
      },
      "type": "Feature"
    },
    {
      "geometry": {
        "coordinates": [
          138.598726,
          35.149713
        ],
        "type": "Point"
      },
      "properties": {
        "bangumi_id": 262897,
        "bangumi_title": "摇曳露营△ 二期",
        "ep_cut": 8,
        "image_url": "https://w.junreimap.com/images/points/262897/f5nt9xj_1780004414760.jpg",
        "location": "野田山健康緑地公園 キャンプ場",
        "point_id": "f5nt9xj",
        "point_name": "途中",
        "remark": "非准确位置"
      },
      "type": "Feature"
    },
    {
      "geometry": {
        "coordinates": [
          138.598573,
          35.149481
        ],
        "type": "Point"
      },
      "properties": {
        "bangumi_id": 262897,
        "bangumi_title": "摇曳露营△ 二期",
        "ep_cut": 8,
        "image_url": "https://w.junreimap.com/images/points/262897/f5nth29_1780004423678.jpg",
        "location": "野田山健康緑地公園 キャンプ場",
        "point_id": "f5nth29",
        "point_name": "途中",
        "remark": "非准确位置"
      },
      "type": "Feature"
    },
    {
      "geometry": {
        "coordinates": [
          138.597633,
          35.14845
        ],
        "type": "Point"
      },
      "properties": {
        "bangumi_id": 262897,
        "bangumi_title": "摇曳露营△ 二期",
        "ep_cut": 8,
        "image_url": "https://w.junreimap.com/images/points/262897/f5nuuct_1780004502385.jpg",
        "location": "野田山健康緑地公園 キャンプ場",
        "point_id": "f5nuuct",
        "point_name": "野田山健康緑地公園 キャンプ場",
        "remark": ""
      },
      "type": "Feature"
    },
    {
      "geometry": {
        "coordinates": [
          138.598008,
          35.148219
        ],
        "type": "Point"
      },
      "properties": {
        "bangumi_id": 262897,
        "bangumi_title": "摇曳露营△ 二期",
        "ep_cut": 8,
        "image_url": "https://w.junreimap.com/images/points/262897/f5nxzn0_1780004634307.jpg",
        "location": "野田山健康緑地公園 キャンプ場",
        "point_id": "f5nxzn0",
        "point_name": "野田山健康緑地公園 キャンプ場",
        "remark": ""
      },
      "type": "Feature"
    },
    {
      "geometry": {
        "coordinates": [
          138.597333,
          35.148029
        ],
        "type": "Point"
      },
      "properties": {
        "bangumi_id": 262897,
        "bangumi_title": "摇曳露营△ 二期",
        "ep_cut": 8,
        "image_url": "https://w.junreimap.com/images/points/262897/5fchw27zb_1673452406647.jpg",
        "location": "野田山健康緑地公園 キャンプ場",
        "point_id": "5fchw27zb",
        "point_name": "野田山健康緑地公園 キャンプ場 俯瞰",
        "remark": ""
      },
      "type": "Feature"
    },
    {
      "geometry": {
        "coordinates": [
          138.597251,
          35.148247
        ],
        "type": "Point"
      },
      "properties": {
        "bangumi_id": 262897,
        "bangumi_title": "摇曳露营△ 二期",
        "ep_cut": 8,
        "image_url": "https://w.junreimap.com/images/points/262897/f5nvczb_1780004511610.jpg",
        "location": "野田山健康緑地公園 キャンプ場",
        "point_id": "f5nvczb",
        "point_name": "野田山健康緑地公園 キャンプ場",
        "remark": ""
      },
      "type": "Feature"
    },
    {
      "geometry": {
        "coordinates": [
          138.597257,
          35.147841
        ],
        "type": "Point"
      },
      "properties": {
        "bangumi_id": 262897,
        "bangumi_title": "摇曳露营△ 二期",
        "ep_cut": 8,
        "image_url": "https://w.junreimap.com/images/points/262897/f5nvght_1780004516095.jpg",
        "location": "野田山健康緑地公園 キャンプ場",
        "point_id": "f5nvght",
        "point_name": "野田山健康緑地公園 キャンプ場 差分",
        "remark": ""
      },
      "type": "Feature"
    },
    {
      "geometry": {
        "coordinates": [
          138.597644,
          35.148291
        ],
        "type": "Point"
      },
      "properties": {
        "bangumi_id": 262897,
        "bangumi_title": "摇曳露营△ 二期",
        "ep_cut": 8,
        "image_url": "https://w.junreimap.com/images/points/262897/f5nvriw_1780004532266.jpg",
        "location": "野田山健康緑地公園 キャンプ場",
        "point_id": "f5nvriw",
        "point_name": "野田山健康緑地公園 キャンプ場",
        "remark": ""
      },
      "type": "Feature"
    },
    {
      "geometry": {
        "coordinates": [
          138.597724,
          35.148565
        ],
        "type": "Point"
      },
      "properties": {
        "bangumi_id": 262897,
        "bangumi_title": "摇曳露营△ 二期",
        "ep_cut": 8,
        "image_url": "https://w.junreimap.com/images/points/262897/f5nvvxu_1780004536062.jpg",
        "location": "野田山健康緑地公園 キャンプ場",
        "point_id": "f5nvvxu",
        "point_name": "野田山健康緑地公園 キャンプ場",
        "remark": ""
      },
      "type": "Feature"
    },
    {
      "geometry": {
        "coordinates": [
          138.597164,
          35.148517
        ],
        "type": "Point"
      },
      "properties": {
        "bangumi_id": 262897,
        "bangumi_title": "摇曳露营△ 二期",
        "ep_cut": 8,
        "image_url": "https://w.junreimap.com/images/points/262897/f5nvyfl_1780004539096.jpg",
        "location": "野田山健康緑地公園 キャンプ場",
        "point_id": "f5nvyfl",
        "point_name": "野田山健康緑地公園 キャンプ場",
        "remark": ""
      },
      "type": "Feature"
    },
    {
      "geometry": {
        "coordinates": [
          138.597583,
          35.147974
        ],
        "type": "Point"
      },
      "properties": {
        "bangumi_id": 262897,
        "bangumi_title": "摇曳露营△ 二期",
        "ep_cut": 8,
        "image_url": "https://w.junreimap.com/images/points/262897/f5nw2mi_1780004544905.jpg",
        "location": "野田山健康緑地公園 キャンプ場",
        "point_id": "f5nw2mi",
        "point_name": "野田山健康緑地公園 キャンプ場",
        "remark": ""
      },
      "type": "Feature"
    },
    {
      "geometry": {
        "coordinates": [
          138.597465,
          35.14789
        ],
        "type": "Point"
      },
      "properties": {
        "bangumi_id": 262897,
        "bangumi_title": "摇曳露营△ 二期",
        "ep_cut": 8,
        "image_url": "https://w.junreimap.com/images/points/262897/f5nw5mf_1780004570328.jpg",
        "location": "野田山健康緑地公園 キャンプ場",
        "point_id": "f5nw5mf",
        "point_name": "野田山健康緑地公園 キャンプ場",
        "remark": ""
      },
      "type": "Feature"
    },
    {
      "geometry": {
        "coordinates": [
          138.597086,
          35.14799
        ],
        "type": "Point"
      },
      "properties": {
        "bangumi_id": 262897,
        "bangumi_title": "摇曳露营△ 二期",
        "ep_cut": 8,
        "image_url": "https://w.junreimap.com/images/points/262897/f5nwpbu_1780004574428.jpg",
        "location": "野田山健康緑地公園 キャンプ場",
        "point_id": "f5nwpbu",
        "point_name": "野田山健康緑地公園 キャンプ場",
        "remark": ""
      },
      "type": "Feature"
    },
    {
      "geometry": {
        "coordinates": [
          138.597314,
          35.148176
        ],
        "type": "Point"
      },
      "properties": {
        "bangumi_id": 262897,
        "bangumi_title": "摇曳露营△ 二期",
        "ep_cut": 8,
        "image_url": "https://w.junreimap.com/images/points/262897/f5nwrb5_1780004577044.jpg",
        "location": "野田山健康緑地公園 キャンプ場",
        "point_id": "f5nwrb5",
        "point_name": "野田山健康緑地公園 キャンプ場",
        "remark": ""
      },
      "type": "Feature"
    },
    {
      "geometry": {
        "coordinates": [
          138.597369,
          35.148229
        ],
        "type": "Point"
      },
      "properties": {
        "bangumi_id": 262897,
        "bangumi_title": "摇曳露营△ 二期",
        "ep_cut": 8,
        "image_url": "https://w.junreimap.com/images/points/262897/f5nwup6_1780004581247.jpg",
        "location": "野田山健康緑地公園 キャンプ場",
        "point_id": "f5nwup6",
        "point_name": "野田山健康緑地公園 キャンプ場",
        "remark": ""
      },
      "type": "Feature"
    },
    {
      "geometry": {
        "coordinates": [
          138.597397,
          35.148142
        ],
        "type": "Point"
      },
      "properties": {
        "bangumi_id": 262897,
        "bangumi_title": "摇曳露营△ 二期",
        "ep_cut": 8,
        "image_url": "https://w.junreimap.com/images/points/262897/f5nwx5g_1780004584233.jpg",
        "location": "野田山健康緑地公園 キャンプ場",
        "point_id": "f5nwx5g",
        "point_name": "野田山健康緑地公園 キャンプ場",
        "remark": ""
      },
      "type": "Feature"
    },
    {
      "geometry": {
        "coordinates": [
          138.597099,
          35.148185
        ],
        "type": "Point"
      },
      "properties": {
        "bangumi_id": 262897,
        "bangumi_title": "摇曳露营△ 二期",
        "ep_cut": 8,
        "image_url": "https://w.junreimap.com/images/points/262897/f5nx02l_1780004588506.jpg",
        "location": "野田山健康緑地公園 キャンプ場",
        "point_id": "f5nx02l",
        "point_name": "野田山健康緑地公園 キャンプ場",
        "remark": ""
      },
      "type": "Feature"
    },
    {
      "geometry": {
        "coordinates": [
          138.597159,
          35.148148
        ],
        "type": "Point"
      },
      "properties": {
        "bangumi_id": 262897,
        "bangumi_title": "摇曳露营△ 二期",
        "ep_cut": 8,
        "image_url": "https://w.junreimap.com/images/points/262897/f5nx3yp_1780004593144.jpg",
        "location": "野田山健康緑地公園 キャンプ場",
        "point_id": "f5nx3yp",
        "point_name": "野田山健康緑地公園 キャンプ場",
        "remark": ""
      },
      "type": "Feature"
    },
    {
      "geometry": {
        "coordinates": [
          138.597637,
          35.148071
        ],
        "type": "Point"
      },
      "properties": {
        "bangumi_id": 262897,
        "bangumi_title": "摇曳露营△ 二期",
        "ep_cut": 8,
        "image_url": "https://w.junreimap.com/images/points/262897/f5nx7zy_1780004604278.jpg",
        "location": "野田山健康緑地公園 キャンプ場",
        "point_id": "f5nx7zy",
        "point_name": "野田山健康緑地公園 キャンプ場",
        "remark": ""
      },
      "type": "Feature"
    },
    {
      "geometry": {
        "coordinates": [
          138.597738,
          35.148036
        ],
        "type": "Point"
      },
      "properties": {
        "bangumi_id": 262897,
        "bangumi_title": "摇曳露营△ 二期",
        "ep_cut": 8,
        "image_url": "https://w.junreimap.com/images/points/262897/f5nxhc0_1780004610601.jpg",
        "location": "野田山健康緑地公園 キャンプ場",
        "point_id": "f5nxhc0",
        "point_name": "野田山健康緑地公園 キャンプ場",
        "remark": ""
      },
      "type": "Feature"
    },
    {
      "geometry": {
        "coordinates": [
          138.597677,
          35.147982
        ],
        "type": "Point"
      },
      "properties": {
        "bangumi_id": 262897,
        "bangumi_title": "摇曳露营△ 二期",
        "ep_cut": 8,
        "image_url": "https://w.junreimap.com/images/points/262897/f5nxk7f_1780004614167.jpg",
        "location": "野田山健康緑地公園 キャンプ場",
        "point_id": "f5nxk7f",
        "point_name": "野田山健康緑地公園 キャンプ場",
        "remark": ""
      },
      "type": "Feature"
    },
    {
      "geometry": {
        "coordinates": [
          138.597857,
          35.148075
        ],
        "type": "Point"
      },
      "properties": {
        "bangumi_id": 262897,
        "bangumi_title": "摇曳露营△ 二期",
        "ep_cut": 8,
        "image_url": "https://w.junreimap.com/images/points/262897/f5nxnx0_1780004620264.jpg",
        "location": "野田山健康緑地公園 キャンプ場",
        "point_id": "f5nxnx0",
        "point_name": "野田山健康緑地公園 キャンプ場",
        "remark": ""
      },
      "type": "Feature"
    },
    {
      "geometry": {
        "coordinates": [
          138.597501,
          35.147963
        ],
        "type": "Point"
      },
      "properties": {
        "bangumi_id": 262897,
        "bangumi_title": "摇曳露营△ 二期",
        "ep_cut": 8,
        "image_url": "https://w.junreimap.com/images/points/262897/f5nyqlp_1780004669258.jpg",
        "location": "野田山健康緑地公園 キャンプ場",
        "point_id": "f5nyqlp",
        "point_name": "野田山健康緑地公園 キャンプ場",
        "remark": ""
      },
      "type": "Feature"
    },
    {
      "geometry": {
        "coordinates": [
          138.597429,
          35.147907
        ],
        "type": "Point"
      },
      "properties": {
        "bangumi_id": 262897,
        "bangumi_title": "摇曳露营△ 二期",
        "ep_cut": 8,
        "image_url": "https://w.junreimap.com/images/points/262897/f5nytxr_1780004673621.jpg",
        "location": "野田山健康緑地公園 キャンプ場",
        "point_id": "f5nytxr",
        "point_name": "野田山健康緑地公園 キャンプ場",
        "remark": ""
      },
      "type": "Feature"
    },
    {
      "geometry": {
        "coordinates": [
          138.597499,
          35.147879
        ],
        "type": "Point"
      },
      "properties": {
        "bangumi_id": 262897,
        "bangumi_title": "摇曳露营△ 二期",
        "ep_cut": 8,
        "image_url": "https://w.junreimap.com/images/points/262897/f5nyxe4_1780004677687.jpg",
        "location": "野田山健康緑地公園 キャンプ場",
        "point_id": "f5nyxe4",
        "point_name": "野田山健康緑地公園 キャンプ場",
        "remark": ""
      },
      "type": "Feature"
    },
    {
      "geometry": {
        "coordinates": [
          138.597708,
          35.147954
        ],
        "type": "Point"
      },
      "properties": {
        "bangumi_id": 262897,
        "bangumi_title": "摇曳露营△ 二期",
        "ep_cut": 8,
        "image_url": "https://w.junreimap.com/images/points/262897/f5nz07e_1780004681445.jpg",
        "location": "野田山健康緑地公園 キャンプ場",
        "point_id": "f5nz07e",
        "point_name": "野田山健康緑地公園 キャンプ場",
        "remark": ""
      },
      "type": "Feature"
    },
    {
      "geometry": {
        "coordinates": [
          138.597473,
          35.147856
        ],
        "type": "Point"
      },
      "properties": {
        "bangumi_id": 262897,
        "bangumi_title": "摇曳露营△ 二期",
        "ep_cut": 8,
        "image_url": "https://w.junreimap.com/images/points/262897/f5nz3mj_1780004685834.jpg",
        "location": "野田山健康緑地公園 キャンプ場",
        "point_id": "f5nz3mj",
        "point_name": "野田山健康緑地公園 キャンプ場",
        "remark": ""
      },
      "type": "Feature"
    },
    {
      "geometry": {
        "coordinates": [
          138.597447,
          35.147871
        ],
        "type": "Point"
      },
      "properties": {
        "bangumi_id": 262897,
        "bangumi_title": "摇曳露营△ 二期",
        "ep_cut": 8,
        "image_url": "https://w.junreimap.com/images/points/262897/f5nz6qi_1780004689875.jpg",
        "location": "野田山健康緑地公園 キャンプ場",
        "point_id": "f5nz6qi",
        "point_name": "野田山健康緑地公園 キャンプ場",
        "remark": ""
      },
      "type": "Feature"
    },
    {
      "geometry": {
        "coordinates": [
          138.597409,
          35.148428
        ],
        "type": "Point"
      },
      "properties": {
        "bangumi_id": 262897,
        "bangumi_title": "摇曳露营△ 二期",
        "ep_cut": 8,
        "image_url": "https://w.junreimap.com/images/points/262897/f5nzb2j_1780004696484.jpg",
        "location": "野田山健康緑地公園 キャンプ場",
        "point_id": "f5nzb2j",
        "point_name": "野田山健康緑地公園 キャンプ場",
        "remark": ""
      },
      "type": "Feature"
    },
    {
      "geometry": {
        "coordinates": [
          138.597422,
          35.147882
        ],
        "type": "Point"
      },
      "properties": {
        "bangumi_id": 262897,
        "bangumi_title": "摇曳露营△ 二期",
        "ep_cut": 8,
        "image_url": "https://w.junreimap.com/images/points/262897/f5nziwg_1780004708209.jpg",
        "location": "野田山健康緑地公園 キャンプ場",
        "point_id": "f5nziwg",
        "point_name": "野田山健康緑地公園 キャンプ場",
        "remark": ""
      },
      "type": "Feature"
    },
    {
      "geometry": {
        "coordinates": [
          138.597447,
          35.147901
        ],
        "type": "Point"
      },
      "properties": {
        "bangumi_id": 262897,
        "bangumi_title": "摇曳露营△ 二期",
        "ep_cut": 8,
        "image_url": "https://w.junreimap.com/images/points/262897/f5nzmk8_1780004710914.jpg",
        "location": "野田山健康緑地公園 キャンプ場",
        "point_id": "f5nzmk8",
        "point_name": "野田山健康緑地公園 キャンプ場",
        "remark": ""
      },
      "type": "Feature"
    },
    {
      "geometry": {
        "coordinates": [
          138.59743,
          35.147946
        ],
        "type": "Point"
      },
      "properties": {
        "bangumi_id": 262897,
        "bangumi_title": "摇曳露营△ 二期",
        "ep_cut": 8,
        "image_url": "https://w.junreimap.com/images/points/262897/f5nzosb_1780004717654.jpg",
        "location": "野田山健康緑地公園 キャンプ場",
        "point_id": "f5nzosb",
        "point_name": "野田山健康緑地公園 キャンプ場",
        "remark": ""
      },
      "type": "Feature"
    },
    {
      "geometry": {
        "coordinates": [
          138.597434,
          35.147917
        ],
        "type": "Point"
      },
      "properties": {
        "bangumi_id": 262897,
        "bangumi_title": "摇曳露营△ 二期",
        "ep_cut": 8,
        "image_url": "https://w.junreimap.com/images/points/262897/f5nzv0g_1780004721582.jpg",
        "location": "野田山健康緑地公園 キャンプ場",
        "point_id": "f5nzv0g",
        "point_name": "野田山健康緑地公園 キャンプ場",
        "remark": ""
      },
      "type": "Feature"
    },
    {
      "geometry": {
        "coordinates": [
          138.597532,
          35.148338
        ],
        "type": "Point"
      },
      "properties": {
        "bangumi_id": 262897,
        "bangumi_title": "摇曳露营△ 二期",
        "ep_cut": 8,
        "image_url": "https://w.junreimap.com/images/points/262897/f5nzzw1_1780004728033.jpg",
        "location": "野田山健康緑地公園 キャンプ場",
        "point_id": "f5nzzw1",
        "point_name": "野田山健康緑地公園 キャンプ場",
        "remark": ""
      },
      "type": "Feature"
    },
    {
      "geometry": {
        "coordinates": [
          138.598175,
          35.148265
        ],
        "type": "Point"
      },
      "properties": {
        "bangumi_id": 262897,
        "bangumi_title": "摇曳露营△ 二期",
        "ep_cut": 8,
        "image_url": "https://w.junreimap.com/images/points/262897/f5o03ye_1780004733564.jpg",
        "location": "野田山健康緑地公園 キャンプ場",
        "point_id": "f5o03ye",
        "point_name": "野田山健康緑地公園 キャンプ場",
        "remark": ""
      },
      "type": "Feature"
    },
    {
      "geometry": {
        "coordinates": [
          138.597177,
          35.149094
        ],
        "type": "Point"
      },
      "properties": {
        "bangumi_id": 262897,
        "bangumi_title": "摇曳露营△ 二期",
        "ep_cut": 8,
        "image_url": "https://w.junreimap.com/images/points/262897/f5o0b23_1780004745955.jpg",
        "location": "野田山健康緑地公園 キャンプ場",
        "point_id": "f5o0b23",
        "point_name": "野田山健康緑地公園 キャンプ場",
        "remark": ""
      },
      "type": "Feature"
    },
    {
      "geometry": {
        "coordinates": [
          138.597125,
          35.149046
        ],
        "type": "Point"
      },
      "properties": {
        "bangumi_id": 262897,
        "bangumi_title": "摇曳露营△ 二期",
        "ep_cut": 8,
        "image_url": "https://w.junreimap.com/images/points/262897/f5o0hh1_1780004750608.jpg",
        "location": "野田山健康緑地公園 キャンプ場",
        "point_id": "f5o0hh1",
        "point_name": "野田山健康緑地公園 キャンプ場",
        "remark": ""
      },
      "type": "Feature"
    },
    {
      "geometry": {
        "coordinates": [
          138.597063,
          35.14899
        ],
        "type": "Point"
      },
      "properties": {
        "bangumi_id": 262897,
        "bangumi_title": "摇曳露营△ 二期",
        "ep_cut": 8,
        "image_url": "https://w.junreimap.com/images/points/262897/f5o0l6f_1780004756126.jpg",
        "location": "野田山健康緑地公園 キャンプ場",
        "point_id": "f5o0l6f",
        "point_name": "野田山健康緑地公園 キャンプ場",
        "remark": ""
      },
      "type": "Feature"
    },
    {
      "geometry": {
        "coordinates": [
          138.597167,
          35.148977
        ],
        "type": "Point"
      },
      "properties": {
        "bangumi_id": 262897,
        "bangumi_title": "摇曳露营△ 二期",
        "ep_cut": 8,
        "image_url": "https://w.junreimap.com/images/points/262897/f5o0tds_1780004768765.jpg",
        "location": "野田山健康緑地公園 キャンプ場",
        "point_id": "f5o0tds",
        "point_name": "野田山健康緑地公園 キャンプ場",
        "remark": ""
      },
      "type": "Feature"
    },
    {
      "geometry": {
        "coordinates": [
          138.597275,
          35.14906
        ],
        "type": "Point"
      },
      "properties": {
        "bangumi_id": 262897,
        "bangumi_title": "摇曳露营△ 二期",
        "ep_cut": 8,
        "image_url": "https://w.junreimap.com/images/points/262897/f5o0zjs_1780004774793.jpg",
        "location": "野田山健康緑地公園 キャンプ場",
        "point_id": "f5o0zjs",
        "point_name": "野田山健康緑地公園 キャンプ場",
        "remark": ""
      },
      "type": "Feature"
    },
    {
      "geometry": {
        "coordinates": [
          138.596896,
          35.148971
        ],
        "type": "Point"
      },
      "properties": {
        "bangumi_id": 262897,
        "bangumi_title": "摇曳露营△ 二期",
        "ep_cut": 8,
        "image_url": "https://w.junreimap.com/images/points/262897/f5o1421_1780004781450.jpg",
        "location": "野田山健康緑地公園 キャンプ場",
        "point_id": "f5o1421",
        "point_name": "野田山健康緑地公園 キャンプ場",
        "remark": ""
      },
      "type": "Feature"
    },
    {
      "geometry": {
        "coordinates": [
          138.597112,
          35.148952
        ],
        "type": "Point"
      },
      "properties": {
        "bangumi_id": 262897,
        "bangumi_title": "摇曳露营△ 二期",
        "ep_cut": 8,
        "image_url": "https://w.junreimap.com/images/points/262897/f5o2xtq_1780004865091.jpg",
        "location": "野田山健康緑地公園 キャンプ場",
        "point_id": "f5o2xtq",
        "point_name": "野田山健康緑地公園 キャンプ場",
        "remark": ""
      },
      "type": "Feature"
    },
    {
      "geometry": {
        "coordinates": [
          138.59705,
          35.148926
        ],
        "type": "Point"
      },
      "properties": {
        "bangumi_id": 262897,
        "bangumi_title": "摇曳露营△ 二期",
        "ep_cut": 8,
        "image_url": "https://w.junreimap.com/images/points/262897/f5o31le_1780004869780.jpg",
        "location": "野田山健康緑地公園 キャンプ場",
        "point_id": "f5o31le",
        "point_name": "野田山健康緑地公園 キャンプ場",
        "remark": ""
      },
      "type": "Feature"
    },
    {
      "geometry": {
        "coordinates": [
          138.596846,
          35.149004
        ],
        "type": "Point"
      },
      "properties": {
        "bangumi_id": 262897,
        "bangumi_title": "摇曳露营△ 二期",
        "ep_cut": 8,
        "image_url": "https://w.junreimap.com/images/points/262897/f5o378x_1780004877743.jpg",
        "location": "野田山健康緑地公園 キャンプ場",
        "point_id": "f5o378x",
        "point_name": "野田山健康緑地公園 キャンプ場",
        "remark": ""
      },
      "type": "Feature"
    },
    {
      "geometry": {
        "coordinates": [
          138.597279,
          35.148627
        ],
        "type": "Point"
      },
      "properties": {
        "bangumi_id": 262897,
        "bangumi_title": "摇曳露营△ 二期",
        "ep_cut": 8,
        "image_url": "https://w.junreimap.com/images/points/262897/f5o3c0u_1780004884668.jpg",
        "location": "野田山健康緑地公園 キャンプ場",
        "point_id": "f5o3c0u",
        "point_name": "野田山健康緑地公園 キャンプ場",
        "remark": ""
      },
      "type": "Feature"
    },
    {
      "geometry": {
        "coordinates": [
          138.597226,
          35.149041
        ],
        "type": "Point"
      },
      "properties": {
        "bangumi_id": 262897,
        "bangumi_title": "摇曳露营△ 二期",
        "ep_cut": 8,
        "image_url": "https://w.junreimap.com/images/points/262897/f5o17sq_1780004784874.jpg",
        "location": "野田山健康緑地公園 キャンプ場",
        "point_id": "f5o17sq",
        "point_name": "野田山健康緑地公園 キャンプ場",
        "remark": ""
      },
      "type": "Feature"
    },
    {
      "geometry": {
        "coordinates": [
          138.597338,
          35.149094
        ],
        "type": "Point"
      },
      "properties": {
        "bangumi_id": 262897,
        "bangumi_title": "摇曳露营△ 二期",
        "ep_cut": 8,
        "image_url": "https://w.junreimap.com/images/points/262897/f5o1b9f_1780004789309.jpg",
        "location": "野田山健康緑地公園 キャンプ場",
        "point_id": "f5o1b9f",
        "point_name": "野田山健康緑地公園 キャンプ場",
        "remark": ""
      },
      "type": "Feature"
    },
    {
      "geometry": {
        "coordinates": [
          138.597236,
          35.14914
        ],
        "type": "Point"
      },
      "properties": {
        "bangumi_id": 262897,
        "bangumi_title": "摇曳露营△ 二期",
        "ep_cut": 8,
        "image_url": "https://w.junreimap.com/images/points/262897/f5o1efu_1780004793316.jpg",
        "location": "野田山健康緑地公園 キャンプ場",
        "point_id": "f5o1efu",
        "point_name": "野田山健康緑地公園 キャンプ場",
        "remark": ""
      },
      "type": "Feature"
    },
    {
      "geometry": {
        "coordinates": [
          138.597259,
          35.148968
        ],
        "type": "Point"
      },
      "properties": {
        "bangumi_id": 262897,
        "bangumi_title": "摇曳露营△ 二期",
        "ep_cut": 8,
        "image_url": "https://w.junreimap.com/images/points/262897/f5o1lw6_1780004804763.jpg",
        "location": "野田山健康緑地公園 キャンプ場",
        "point_id": "f5o1lw6",
        "point_name": "野田山健康緑地公園 キャンプ場",
        "remark": ""
      },
      "type": "Feature"
    },
    {
      "geometry": {
        "coordinates": [
          138.667576,
          35.161705
        ],
        "type": "Point"
      },
      "properties": {
        "bangumi_id": 262897,
        "bangumi_title": "摇曳露营△ 二期",
        "ep_cut": 13,
        "image_url": "https://w.junreimap.com/images/points/262897/5fchw29eq_1673452463341.jpg",
        "location": "富士市中央公園 - 富士市",
        "point_id": "5fchw29eq",
        "point_name": "源平橋（中央公園北侧）",
        "remark": ""
      },
      "type": "Feature"
    },
    {
      "geometry": {
        "coordinates": [
          138.37559,
          35.41268
        ],
        "type": "Point"
      },
      "properties": {
        "bangumi_id": 262897,
        "bangumi_title": "摇曳露营△ 二期",
        "ep_cut": 7,
        "image_url": "https://w.junreimap.com/images/points/262897/5fchw27zr_1673452391679.jpg",
        "location": "早川町",
        "point_id": "5fchw27zr",
        "point_name": "県道37号",
        "remark": ""
      },
      "type": "Feature"
    },
    {
      "geometry": {
        "coordinates": [
          138.377257,
          35.397268
        ],
        "type": "Point"
      },
      "properties": {
        "bangumi_id": 262897,
        "bangumi_title": "摇曳露营△ 二期",
        "ep_cut": 7,
        "image_url": "https://w.junreimap.com/images/points/262897/f5r0bah_1780009801363.jpg",
        "location": "早川町",
        "point_id": "f5r0bah",
        "point_name": "喜久屋（歴史文化公園休憩処）",
        "remark": ""
      },
      "type": "Feature"
    },
    {
      "geometry": {
        "coordinates": [
          138.377368,
          35.397247
        ],
        "type": "Point"
      },
      "properties": {
        "bangumi_id": 262897,
        "bangumi_title": "摇曳露营△ 二期",
        "ep_cut": 7,
        "image_url": "https://w.junreimap.com/images/points/262897/f5r155j_1780009830166.jpg",
        "location": "早川町",
        "point_id": "f5r155j",
        "point_name": "喜久屋（歴史文化公園休憩処）",
        "remark": ""
      },
      "type": "Feature"
    },
    {
      "geometry": {
        "coordinates": [
          138.377491,
          35.397271
        ],
        "type": "Point"
      },
      "properties": {
        "bangumi_id": 262897,
        "bangumi_title": "摇曳露营△ 二期",
        "ep_cut": 7,
        "image_url": "https://w.junreimap.com/images/points/262897/5fchw28lb_1673452390180.jpg",
        "location": "早川町",
        "point_id": "5fchw28lb",
        "point_name": "喜久屋（歴史文化公園休憩処）",
        "remark": ""
      },
      "type": "Feature"
    },
    {
      "geometry": {
        "coordinates": [
          138.37718,
          35.397209
        ],
        "type": "Point"
      },
      "properties": {
        "bangumi_id": 262897,
        "bangumi_title": "摇曳露营△ 二期",
        "ep_cut": 7,
        "image_url": "https://w.junreimap.com/images/points/262897/5fchw27zl_1673452390674.jpg",
        "location": "早川町",
        "point_id": "5fchw27zl",
        "point_name": "喜久屋（歴史文化公園休憩処）",
        "remark": ""
      },
      "type": "Feature"
    },
    {
      "geometry": {
        "coordinates": [
          138.377081,
          35.397265
        ],
        "type": "Point"
      },
      "properties": {
        "bangumi_id": 262897,
        "bangumi_title": "摇曳露营△ 二期",
        "ep_cut": 7,
        "image_url": "https://w.junreimap.com/images/points/262897/f5r1g5b_1780009835949.jpg",
        "location": "早川町",
        "point_id": "f5r1g5b",
        "point_name": "喜久屋（歴史文化公園休憩処）",
        "remark": ""
      },
      "type": "Feature"
    },
    {
      "geometry": {
        "coordinates": [
          138.376748,
          35.397132
        ],
        "type": "Point"
      },
      "properties": {
        "bangumi_id": 262897,
        "bangumi_title": "摇曳露营△ 二期",
        "ep_cut": 7,
        "image_url": "https://w.junreimap.com/images/points/262897/f5r2f6b_1780009881475.jpg",
        "location": "早川町",
        "point_id": "f5r2f6b",
        "point_name": "喜久屋（歴史文化公園休憩処） 西侧",
        "remark": ""
      },
      "type": "Feature"
    },
    {
      "geometry": {
        "coordinates": [
          138.376716,
          35.397128
        ],
        "type": "Point"
      },
      "properties": {
        "bangumi_id": 262897,
        "bangumi_title": "摇曳露营△ 二期",
        "ep_cut": 7,
        "image_url": "https://w.junreimap.com/images/points/262897/f5r2j9b_1780009885788.jpg",
        "location": "早川町",
        "point_id": "f5r2j9b",
        "point_name": "喜久屋（歴史文化公園休憩処） 西侧",
        "remark": ""
      },
      "type": "Feature"
    },
    {
      "geometry": {
        "coordinates": [
          138.37671,
          35.397099
        ],
        "type": "Point"
      },
      "properties": {
        "bangumi_id": 262897,
        "bangumi_title": "摇曳露营△ 二期",
        "ep_cut": 7,
        "image_url": "https://w.junreimap.com/images/points/262897/f5r2ly3_1780009888858.jpg",
        "location": "早川町",
        "point_id": "f5r2ly3",
        "point_name": "喜久屋（歴史文化公園休憩処） 西侧",
        "remark": ""
      },
      "type": "Feature"
    },
    {
      "geometry": {
        "coordinates": [
          138.37662,
          35.397413
        ],
        "type": "Point"
      },
      "properties": {
        "bangumi_id": 262897,
        "bangumi_title": "摇曳露营△ 二期",
        "ep_cut": 7,
        "image_url": "https://w.junreimap.com/images/points/262897/f5r354e_1780009915137.jpg",
        "location": "早川町",
        "point_id": "f5r354e",
        "point_name": "清水屋",
        "remark": ""
      },
      "type": "Feature"
    },
    {
      "geometry": {
        "coordinates": [
          138.376554,
          35.397437
        ],
        "type": "Point"
      },
      "properties": {
        "bangumi_id": 262897,
        "bangumi_title": "摇曳露营△ 二期",
        "ep_cut": 7,
        "image_url": "https://w.junreimap.com/images/points/262897/f5r3i6d_1780009930650.jpg",
        "location": "早川町",
        "point_id": "f5r3i6d",
        "point_name": "清水屋",
        "remark": ""
      },
      "type": "Feature"
    },
    {
      "geometry": {
        "coordinates": [
          138.376536,
          35.397444
        ],
        "type": "Point"
      },
      "properties": {
        "bangumi_id": 262897,
        "bangumi_title": "摇曳露营△ 二期",
        "ep_cut": 7,
        "image_url": "https://w.junreimap.com/images/points/262897/f5r3m9f_1780009935647.jpg",
        "location": "早川町",
        "point_id": "f5r3m9f",
        "point_name": "清水屋",
        "remark": ""
      },
      "type": "Feature"
    },
    {
      "geometry": {
        "coordinates": [
          138.376534,
          35.397452
        ],
        "type": "Point"
      },
      "properties": {
        "bangumi_id": 262897,
        "bangumi_title": "摇曳露营△ 二期",
        "ep_cut": 7,
        "image_url": "https://w.junreimap.com/images/points/262897/f5r3nt2_1780009937980.jpg",
        "location": "早川町",
        "point_id": "f5r3nt2",
        "point_name": "宿の駅清水屋",
        "remark": ""
      },
      "type": "Feature"
    },
    {
      "geometry": {
        "coordinates": [
          138.376534,
          35.397462
        ],
        "type": "Point"
      },
      "properties": {
        "bangumi_id": 262897,
        "bangumi_title": "摇曳露营△ 二期",
        "ep_cut": 7,
        "image_url": "https://w.junreimap.com/images/points/262897/f5r3sfn_1780009944213.jpg",
        "location": "早川町",
        "point_id": "f5r3sfn",
        "point_name": "宿の駅清水屋",
        "remark": ""
      },
      "type": "Feature"
    },
    {
      "geometry": {
        "coordinates": [
          138.376531,
          35.397472
        ],
        "type": "Point"
      },
      "properties": {
        "bangumi_id": 262897,
        "bangumi_title": "摇曳露营△ 二期",
        "ep_cut": 7,
        "image_url": "https://w.junreimap.com/images/points/262897/f5r3ug4_1780009946819.jpg",
        "location": "早川町",
        "point_id": "f5r3ug4",
        "point_name": "宿の駅清水屋",
        "remark": ""
      },
      "type": "Feature"
    },
    {
      "geometry": {
        "coordinates": [
          138.37653,
          35.39748
        ],
        "type": "Point"
      },
      "properties": {
        "bangumi_id": 262897,
        "bangumi_title": "摇曳露营△ 二期",
        "ep_cut": 7,
        "image_url": "https://w.junreimap.com/images/points/262897/f5r3wr4_1780009949368.jpg",
        "location": "早川町",
        "point_id": "f5r3wr4",
        "point_name": "宿の駅清水屋",
        "remark": ""
      },
      "type": "Feature"
    },
    {
      "geometry": {
        "coordinates": [
          138.376519,
          35.397479
        ],
        "type": "Point"
      },
      "properties": {
        "bangumi_id": 262897,
        "bangumi_title": "摇曳露营△ 二期",
        "ep_cut": 7,
        "image_url": "https://w.junreimap.com/images/points/262897/f5r3yeo_1780009951514.jpg",
        "location": "早川町",
        "point_id": "f5r3yeo",
        "point_name": "宿の駅清水屋",
        "remark": ""
      },
      "type": "Feature"
    },
    {
      "geometry": {
        "coordinates": [
          138.376519,
          35.397468
        ],
        "type": "Point"
      },
      "properties": {
        "bangumi_id": 262897,
        "bangumi_title": "摇曳露营△ 二期",
        "ep_cut": 7,
        "image_url": "https://w.junreimap.com/images/points/262897/f5r40dc_1780009954601.jpg",
        "location": "早川町",
        "point_id": "f5r40dc",
        "point_name": "宿の駅清水屋",
        "remark": ""
      },
      "type": "Feature"
    },
    {
      "geometry": {
        "coordinates": [
          138.376542,
          35.39739
        ],
        "type": "Point"
      },
      "properties": {
        "bangumi_id": 262897,
        "bangumi_title": "摇曳露营△ 二期",
        "ep_cut": 7,
        "image_url": "https://w.junreimap.com/images/points/262897/f5r44i6_1780009961226.jpg",
        "location": "早川町",
        "point_id": "f5r44i6",
        "point_name": "宿の駅清水屋",
        "remark": ""
      },
      "type": "Feature"
    },
    {
      "geometry": {
        "coordinates": [
          138.376517,
          35.397436
        ],
        "type": "Point"
      },
      "properties": {
        "bangumi_id": 262897,
        "bangumi_title": "摇曳露营△ 二期",
        "ep_cut": 6,
        "image_url": "https://w.junreimap.com/images/points/262897/5fchw281i_1673452391176.jpg",
        "location": "早川町",
        "point_id": "5fchw281i",
        "point_name": "清水屋",
        "remark": ""
      },
      "type": "Feature"
    },
    {
      "geometry": {
        "coordinates": [
          138.369383,
          35.408962
        ],
        "type": "Point"
      },
      "properties": {
        "bangumi_id": 262897,
        "bangumi_title": "摇曳露营△ 二期",
        "ep_cut": 7,
        "image_url": "https://w.junreimap.com/images/points/262897/5fchw282q_1719911916454.jpg",
        "location": "早川町",
        "point_id": "5fchw282q",
        "point_name": "赤沢宿の案内標識",
        "remark": ""
      },
      "type": "Feature"
    },
    {
      "geometry": {
        "coordinates": [
          138.366414,
          35.41016
        ],
        "type": "Point"
      },
      "properties": {
        "bangumi_id": 262897,
        "bangumi_title": "摇曳露营△ 二期",
        "ep_cut": 7,
        "image_url": "https://w.junreimap.com/images/points/262897/f5r50fh_1780010001931.jpg",
        "location": "早川町",
        "point_id": "f5r50fh",
        "point_name": "角瀬発電所付近",
        "remark": ""
      },
      "type": "Feature"
    },
    {
      "geometry": {
        "coordinates": [
          138.366267,
          35.410193
        ],
        "type": "Point"
      },
      "properties": {
        "bangumi_id": 262897,
        "bangumi_title": "摇曳露营△ 二期",
        "ep_cut": 7,
        "image_url": "https://w.junreimap.com/images/points/262897/5fchw28go_1673452394662.jpg",
        "location": "早川町",
        "point_id": "5fchw28go",
        "point_name": "角瀬発電所付近",
        "remark": ""
      },
      "type": "Feature"
    },
    {
      "geometry": {
        "coordinates": [
          138.361769,
          35.41206
        ],
        "type": "Point"
      },
      "properties": {
        "bangumi_id": 262897,
        "bangumi_title": "摇曳露营△ 二期",
        "ep_cut": 7,
        "image_url": "https://w.junreimap.com/images/points/262897/f5r556d_1780010008338.jpg",
        "location": "早川町",
        "point_id": "f5r556d",
        "point_name": "角瀬発電所付近",
        "remark": ""
      },
      "type": "Feature"
    },
    {
      "geometry": {
        "coordinates": [
          138.356981,
          35.411109
        ],
        "type": "Point"
      },
      "properties": {
        "bangumi_id": 262897,
        "bangumi_title": "摇曳露营△ 二期",
        "ep_cut": 8,
        "image_url": "https://w.junreimap.com/images/points/262897/5fchw287z_1673452409287.jpg",
        "location": "早川町",
        "point_id": "5fchw287z",
        "point_name": "県道810号と県道37号分岐",
        "remark": ""
      },
      "type": "Feature"
    },
    {
      "geometry": {
        "coordinates": [
          138.331181,
          35.497722
        ],
        "type": "Point"
      },
      "properties": {
        "bangumi_id": 262897,
        "bangumi_title": "摇曳露营△ 二期",
        "ep_cut": 7,
        "image_url": "https://w.junreimap.com/images/points/262897/5fchw28es_1673452395136.jpg",
        "location": "新倉 - 早川町",
        "point_id": "5fchw28es",
        "point_name": "新栃の木橋",
        "remark": ""
      },
      "type": "Feature"
    },
    {
      "geometry": {
        "coordinates": [
          138.315135,
          35.524424
        ],
        "type": "Point"
      },
      "properties": {
        "bangumi_id": 262897,
        "bangumi_title": "摇曳露营△ 二期",
        "ep_cut": 7,
        "image_url": "https://w.junreimap.com/images/points/262897/5fchw28nm_1673452395632.jpg",
        "location": "新倉 - 早川町",
        "point_id": "5fchw28nm",
        "point_name": "湯島の大杉",
        "remark": ""
      },
      "type": "Feature"
    },
    {
      "geometry": {
        "coordinates": [
          138.313598,
          35.524474
        ],
        "type": "Point"
      },
      "properties": {
        "bangumi_id": 262897,
        "bangumi_title": "摇曳露营△ 二期",
        "ep_cut": 7,
        "image_url": "https://w.junreimap.com/images/points/262897/5fchw28ks_1673452396096.jpg",
        "location": "新倉 - 早川町",
        "point_id": "5fchw28ks",
        "point_name": "湯島の大杉 入口",
        "remark": ""
      },
      "type": "Feature"
    },
    {
      "geometry": {
        "coordinates": [
          138.313614,
          35.524554
        ],
        "type": "Point"
      },
      "properties": {
        "bangumi_id": 262897,
        "bangumi_title": "摇曳露营△ 二期",
        "ep_cut": 7,
        "image_url": "https://w.junreimap.com/images/points/262897/f5r6hpy_1780010070193.jpg",
        "location": "新倉 - 早川町",
        "point_id": "f5r6hpy",
        "point_name": "湯島の大杉 入口",
        "remark": ""
      },
      "type": "Feature"
    },
    {
      "geometry": {
        "coordinates": [
          138.313471,
          35.524366
        ],
        "type": "Point"
      },
      "properties": {
        "bangumi_id": 262897,
        "bangumi_title": "摇曳露营△ 二期",
        "ep_cut": 7,
        "image_url": "https://w.junreimap.com/images/points/262897/f5r7aq4_1780010107602.jpg",
        "location": "新倉 - 早川町",
        "point_id": "f5r7aq4",
        "point_name": "湯島の大杉 入口",
        "remark": ""
      },
      "type": "Feature"
    },
    {
      "geometry": {
        "coordinates": [
          138.340991,
          35.429345
        ],
        "type": "Point"
      },
      "properties": {
        "bangumi_id": 262897,
        "bangumi_title": "摇曳露营△ 二期",
        "ep_cut": 8,
        "image_url": "https://w.junreimap.com/images/points/262897/5fchw27ya_1673452413386.jpg",
        "location": "宗傳寺周边 - 早川町",
        "point_id": "5fchw27ya",
        "point_name": "早川町ジビエ  YAMATO",
        "remark": ""
      },
      "type": "Feature"
    },
    {
      "geometry": {
        "coordinates": [
          138.340959,
          35.429346
        ],
        "type": "Point"
      },
      "properties": {
        "bangumi_id": 262897,
        "bangumi_title": "摇曳露营△ 二期",
        "ep_cut": 8,
        "image_url": "https://w.junreimap.com/images/points/262897/f5r7kws_1780010120933.jpg",
        "location": "宗傳寺周边 - 早川町",
        "point_id": "f5r7kws",
        "point_name": "早川町ジビエ  YAMATO",
        "remark": ""
      },
      "type": "Feature"
    },
    {
      "geometry": {
        "coordinates": [
          138.340984,
          35.429385
        ],
        "type": "Point"
      },
      "properties": {
        "bangumi_id": 262897,
        "bangumi_title": "摇曳露营△ 二期",
        "ep_cut": 8,
        "image_url": "https://w.junreimap.com/images/points/262897/f5r7nuv_1780010124880.jpg",
        "location": "宗傳寺周边 - 早川町",
        "point_id": "f5r7nuv",
        "point_name": "早川町ジビエ  YAMATO",
        "remark": ""
      },
      "type": "Feature"
    },
    {
      "geometry": {
        "coordinates": [
          138.341016,
          35.429383
        ],
        "type": "Point"
      },
      "properties": {
        "bangumi_id": 262897,
        "bangumi_title": "摇曳露营△ 二期",
        "ep_cut": 8,
        "image_url": "https://w.junreimap.com/images/points/262897/f5r7qtp_1780010128313.jpg",
        "location": "宗傳寺周边 - 早川町",
        "point_id": "f5r7qtp",
        "point_name": "早川町ジビエ  YAMATO",
        "remark": ""
      },
      "type": "Feature"
    },
    {
      "geometry": {
        "coordinates": [
          138.340954,
          35.42938
        ],
        "type": "Point"
      },
      "properties": {
        "bangumi_id": 262897,
        "bangumi_title": "摇曳露营△ 二期",
        "ep_cut": 8,
        "image_url": "https://w.junreimap.com/images/points/262897/f5r7v7q_1780010135141.jpg",
        "location": "宗傳寺周边 - 早川町",
        "point_id": "f5r7v7q",
        "point_name": "早川町ジビエ  YAMATO",
        "remark": ""
      },
      "type": "Feature"
    },
    {
      "geometry": {
        "coordinates": [
          138.300492,
          35.578026
        ],
        "type": "Point"
      },
      "properties": {
        "bangumi_id": 262897,
        "bangumi_title": "摇曳露营△ 二期",
        "ep_cut": 7,
        "image_url": "https://w.junreimap.com/images/points/262897/5fchw28no_1673452399933.jpg",
        "location": "奈良田温泉 - 早川町",
        "point_id": "5fchw28no",
        "point_name": "奈良田温泉 駐車場",
        "remark": ""
      },
      "type": "Feature"
    },
    {
      "geometry": {
        "coordinates": [
          138.301552,
          35.576741
        ],
        "type": "Point"
      },
      "properties": {
        "bangumi_id": 262897,
        "bangumi_title": "摇曳露营△ 二期",
        "ep_cut": 7,
        "image_url": "https://w.junreimap.com/images/points/262897/5fchw285g_1673452400422.jpg",
        "location": "奈良田温泉 - 早川町",
        "point_id": "5fchw285g",
        "point_name": "古民家カフェ 鍵屋付近",
        "remark": ""
      },
      "type": "Feature"
    },
    {
      "geometry": {
        "coordinates": [
          138.302107,
          35.576685
        ],
        "type": "Point"
      },
      "properties": {
        "bangumi_id": 262897,
        "bangumi_title": "摇曳露营△ 二期",
        "ep_cut": 7,
        "image_url": "https://w.junreimap.com/images/points/262897/5fchw283c_1673452400928.jpg",
        "location": "奈良田温泉 - 早川町",
        "point_id": "5fchw283c",
        "point_name": "古民家カフェ 鍵屋",
        "remark": ""
      },
      "type": "Feature"
    },
    {
      "geometry": {
        "coordinates": [
          138.301301,
          35.576633
        ],
        "type": "Point"
      },
      "properties": {
        "bangumi_id": 262897,
        "bangumi_title": "摇曳露营△ 二期",
        "ep_cut": 7,
        "image_url": "https://w.junreimap.com/images/points/262897/5fchw2803_1673452401405.jpg",
        "location": "奈良田温泉 - 早川町",
        "point_id": "5fchw2803",
        "point_name": "奈良田の里温泉 看板",
        "remark": ""
      },
      "type": "Feature"
    },
    {
      "geometry": {
        "coordinates": [
          138.30177,
          35.576443
        ],
        "type": "Point"
      },
      "properties": {
        "bangumi_id": 262897,
        "bangumi_title": "摇曳露营△ 二期",
        "ep_cut": 7,
        "image_url": "https://w.junreimap.com/images/points/262897/5fchw27zh_1673452401906.jpg",
        "location": "奈良田温泉 - 早川町",
        "point_id": "5fchw27zh",
        "point_name": "奈良田の里温泉 女帝の湯",
        "remark": ""
      },
      "type": "Feature"
    },
    {
      "geometry": {
        "coordinates": [
          138.30162,
          35.57645
        ],
        "type": "Point"
      },
      "properties": {
        "bangumi_id": 262897,
        "bangumi_title": "摇曳露营△ 二期",
        "ep_cut": 7,
        "image_url": "https://w.junreimap.com/images/user/1093/bangumi/262897/points/8v6dgx0-1766309827513.jpg",
        "location": "奈良田温泉 - 早川町",
        "point_id": "8v6dgx0",
        "point_name": "古民家カフェに向かう桜さんを覗く志摩リン",
        "remark": ""
      },
      "type": "Feature"
    },
    {
      "geometry": {
        "coordinates": [
          138.303915,
          35.58249
        ],
        "type": "Point"
      },
      "properties": {
        "bangumi_id": 262897,
        "bangumi_title": "摇曳露营△ 二期",
        "ep_cut": 8,
        "image_url": "https://w.junreimap.com/images/points/262897/5fchw287t_1673452408750.jpg",
        "location": "奈良田温泉 - 早川町",
        "point_id": "5fchw287t",
        "point_name": "橋",
        "remark": ""
      },
      "type": "Feature"
    },
    {
      "geometry": {
        "coordinates": [
          138.303352,
          35.579885
        ],
        "type": "Point"
      },
      "properties": {
        "bangumi_id": 262897,
        "bangumi_title": "摇曳露营△ 二期",
        "ep_cut": 8,
        "image_url": "https://w.junreimap.com/images/points/262897/5fchw28i7_1673452407164.jpg",
        "location": "奈良田温泉 - 早川町",
        "point_id": "5fchw28i7",
        "point_name": "分岐案内標識",
        "remark": ""
      },
      "type": "Feature"
    },
    {
      "geometry": {
        "coordinates": [
          138.30584,
          35.590132
        ],
        "type": "Point"
      },
      "properties": {
        "bangumi_id": 262897,
        "bangumi_title": "摇曳露营△ 二期",
        "ep_cut": 8,
        "image_url": "https://w.junreimap.com/images/points/262897/5fchw28bk_1673452407667.jpg",
        "location": "奈良田温泉 - 早川町",
        "point_id": "5fchw28bk",
        "point_name": "開運隧道",
        "remark": ""
      },
      "type": "Feature"
    },
    {
      "geometry": {
        "coordinates": [
          138.3059,
          35.589783
        ],
        "type": "Point"
      },
      "properties": {
        "bangumi_id": 262897,
        "bangumi_title": "摇曳露营△ 二期",
        "ep_cut": 8,
        "image_url": "https://w.junreimap.com/images/points/262897/5fchw289h_1673452408199.jpg",
        "location": "奈良田温泉 - 早川町",
        "point_id": "5fchw289h",
        "point_name": "開運隧道付近",
        "remark": ""
      },
      "type": "Feature"
    },
    {
      "geometry": {
        "coordinates": [
          138.331387,
          35.409522
        ],
        "type": "Point"
      },
      "properties": {
        "bangumi_id": 262897,
        "bangumi_title": "摇曳露营△ 二期",
        "ep_cut": 8,
        "image_url": "https://w.junreimap.com/images/points/262897/5fchw28a6_1673452409843.jpg",
        "location": "雨畑湖",
        "point_id": "5fchw28a6",
        "point_name": "下見原隧道",
        "remark": ""
      },
      "type": "Feature"
    },
    {
      "geometry": {
        "coordinates": [
          138.327707,
          35.408621
        ],
        "type": "Point"
      },
      "properties": {
        "bangumi_id": 262897,
        "bangumi_title": "摇曳露营△ 二期",
        "ep_cut": 8,
        "image_url": "https://w.junreimap.com/images/user/1012/bangumi/262897/points/5fchw28k7-1719911468902.jpg",
        "location": "雨畑湖",
        "point_id": "5fchw28k7",
        "point_name": "雨畑湖",
        "remark": ""
      },
      "type": "Feature"
    },
    {
      "geometry": {
        "coordinates": [
          138.32971,
          35.405768
        ],
        "type": "Point"
      },
      "properties": {
        "bangumi_id": 262897,
        "bangumi_title": "摇曳露营△ 二期",
        "ep_cut": 8,
        "image_url": "https://w.junreimap.com/images/points/262897/5fchw28n8_1673452410431.jpg",
        "location": "雨畑湖",
        "point_id": "5fchw28n8",
        "point_name": "ヴィラ雨畑前",
        "remark": ""
      },
      "type": "Feature"
    },
    {
      "geometry": {
        "coordinates": [
          138.329257,
          35.406605
        ],
        "type": "Point"
      },
      "properties": {
        "bangumi_id": 262897,
        "bangumi_title": "摇曳露营△ 二期",
        "ep_cut": 8,
        "image_url": "https://w.junreimap.com/images/points/262897/5fchw28d4_1719911577023.jpg",
        "location": "雨畑湖",
        "point_id": "5fchw28d4",
        "point_name": "馬場隧道",
        "remark": ""
      },
      "type": "Feature"
    },
    {
      "geometry": {
        "coordinates": [
          138.329872,
          35.40532
        ],
        "type": "Point"
      },
      "properties": {
        "bangumi_id": 262897,
        "bangumi_title": "摇曳露营△ 二期",
        "ep_cut": 8,
        "image_url": "https://w.junreimap.com/images/points/262897/5fchw27xx_1673452411062.jpg",
        "location": "雨畑湖",
        "point_id": "5fchw27xx",
        "point_name": "早川町の案内板",
        "remark": ""
      },
      "type": "Feature"
    },
    {
      "geometry": {
        "coordinates": [
          138.328927,
          35.404976
        ],
        "type": "Point"
      },
      "properties": {
        "bangumi_id": 262897,
        "bangumi_title": "摇曳露营△ 二期",
        "ep_cut": 8,
        "image_url": "https://w.junreimap.com/images/points/262897/5fchw283p_1673452411658.jpg",
        "location": "雨畑湖",
        "point_id": "5fchw283p",
        "point_name": "雨畑湖",
        "remark": ""
      },
      "type": "Feature"
    },
    {
      "geometry": {
        "coordinates": [
          138.329716,
          35.40514
        ],
        "type": "Point"
      },
      "properties": {
        "bangumi_id": 262897,
        "bangumi_title": "摇曳露营△ 二期",
        "ep_cut": 8,
        "image_url": "https://w.junreimap.com/images/points/262897/5fchw2839_1673452412241.jpg",
        "location": "雨畑湖",
        "point_id": "5fchw2839",
        "point_name": "雨畑湖",
        "remark": ""
      },
      "type": "Feature"
    },
    {
      "geometry": {
        "coordinates": [
          138.330858,
          35.404964
        ],
        "type": "Point"
      },
      "properties": {
        "bangumi_id": 262897,
        "bangumi_title": "摇曳露营△ 二期",
        "ep_cut": 8,
        "image_url": "https://w.junreimap.com/images/points/262897/5fchw284z_1673452412827.jpg",
        "location": "雨畑湖",
        "point_id": "5fchw284z",
        "point_name": "雨畑の吊橋",
        "remark": ""
      },
      "type": "Feature"
    },
    {
      "geometry": {
        "coordinates": [
          138.329392,
          35.405709
        ],
        "type": "Point"
      },
      "properties": {
        "bangumi_id": 262897,
        "bangumi_title": "摇曳露营△ 二期",
        "ep_cut": 8,
        "image_url": "https://w.junreimap.com/images/points/262897/5fchw28jk_1673452415377.jpg",
        "location": "雨畑湖",
        "point_id": "5fchw28jk",
        "point_name": "ヴィラ雨畑・すず里の湯",
        "remark": ""
      },
      "type": "Feature"
    },
    {
      "geometry": {
        "coordinates": [
          138.574915,
          35.47234
        ],
        "type": "Point"
      },
      "properties": {
        "bangumi_id": 262897,
        "bangumi_title": "摇曳露营△ 二期",
        "ep_cut": 1,
        "image_url": "https://w.junreimap.com/images/points/262897/5fchw27sy_1673452342245.jpg",
        "location": "本栖湖",
        "point_id": "5fchw27sy",
        "point_name": "本栖湖",
        "remark": ""
      },
      "type": "Feature"
    },
    {
      "geometry": {
        "coordinates": [
          138.57207,
          35.475571
        ],
        "type": "Point"
      },
      "properties": {
        "bangumi_id": 262897,
        "bangumi_title": "摇曳露营△ 二期",
        "ep_cut": 9,
        "image_url": "https://w.junreimap.com/images/points/262897/5fchw287r_1673452415927.jpg",
        "location": "本栖湖",
        "point_id": "5fchw287r",
        "point_name": "中之倉トンネル",
        "remark": ""
      },
      "type": "Feature"
    },
    {
      "geometry": {
        "coordinates": [
          138.575315,
          35.474326
        ],
        "type": "Point"
      },
      "properties": {
        "bangumi_id": 262897,
        "bangumi_title": "摇曳露营△ 二期",
        "ep_cut": 9,
        "image_url": "https://w.junreimap.com/images/points/262897/5fchw28m6_1673452416493.jpg",
        "location": "本栖湖",
        "point_id": "5fchw28m6",
        "point_name": "中之倉トンネル 本栖湖側",
        "remark": ""
      },
      "type": "Feature"
    },
    {
      "geometry": {
        "coordinates": [
          138.605468,
          35.462743
        ],
        "type": "Point"
      },
      "properties": {
        "bangumi_id": 262897,
        "bangumi_title": "摇曳露营△ 二期",
        "ep_cut": 9,
        "image_url": "https://w.junreimap.com/images/points/262897/5fchw28gh_1673452417046.jpg",
        "location": "本栖湖",
        "point_id": "5fchw28gh",
        "point_name": "本栖交差点（本栖湖入口）",
        "remark": ""
      },
      "type": "Feature"
    },
    {
      "geometry": {
        "coordinates": [
          138.581747,
          35.475402
        ],
        "type": "Point"
      },
      "properties": {
        "bangumi_id": 262897,
        "bangumi_title": "摇曳露营△ 二期",
        "ep_cut": 13,
        "image_url": "https://w.junreimap.com/images/points/262897/5fchw290v_1673452463850.jpg",
        "location": "本栖湖",
        "point_id": "5fchw290v",
        "point_name": "身延町案内標識",
        "remark": ""
      },
      "type": "Feature"
    },
    {
      "geometry": {
        "coordinates": [
          138.575542,
          35.47403
        ],
        "type": "Point"
      },
      "properties": {
        "bangumi_id": 262897,
        "bangumi_title": "摇曳露营△ 二期",
        "ep_cut": 13,
        "image_url": "https://w.junreimap.com/images/points/262897/5fchw2912_1673452464352.jpg",
        "location": "本栖湖",
        "point_id": "5fchw2912",
        "point_name": "本栖湖展望公園",
        "remark": ""
      },
      "type": "Feature"
    },
    {
      "geometry": {
        "coordinates": [
          138.605719,
          35.462725
        ],
        "type": "Point"
      },
      "properties": {
        "bangumi_id": 262897,
        "bangumi_title": "摇曳露营△ 二期",
        "ep_cut": 9,
        "image_url": "https://w.junreimap.com/images/user/1093/bangumi/262897/points/2dhazi0-1752179047517.jpg",
        "location": "本栖湖",
        "point_id": "2dhazi0",
        "point_name": "本栖みち",
        "remark": ""
      },
      "type": "Feature"
    },
    {
      "geometry": {
        "coordinates": [
          138.576016,
          35.373018
        ],
        "type": "Point"
      },
      "properties": {
        "bangumi_id": 262897,
        "bangumi_title": "摇曳露营△ 二期",
        "ep_cut": 9,
        "image_url": "https://w.junreimap.com/images/points/262897/5fchw28dc_1673452417624.jpg",
        "location": "猪之头 - 朝霧高原",
        "point_id": "5fchw28dc",
        "point_name": "セブン-イレブン 富士宮朝霧高原店",
        "remark": ""
      },
      "type": "Feature"
    },
    {
      "geometry": {
        "coordinates": [
          138.576001,
          35.372537
        ],
        "type": "Point"
      },
      "properties": {
        "bangumi_id": 262897,
        "bangumi_title": "摇曳露营△ 二期",
        "ep_cut": 9,
        "image_url": "https://w.junreimap.com/images/points/262897/5fchw28kd_1673452418184.jpg",
        "location": "猪之头 - 朝霧高原",
        "point_id": "5fchw28kd",
        "point_name": "セブン-イレブン 富士宮朝霧高原店 附近",
        "remark": ""
      },
      "type": "Feature"
    },
    {
      "geometry": {
        "coordinates": [
          138.575782,
          35.37289
        ],
        "type": "Point"
      },
      "properties": {
        "bangumi_id": 262897,
        "bangumi_title": "摇曳露营△ 二期",
        "ep_cut": 9,
        "image_url": "https://w.junreimap.com/images/user/1093/bangumi/262897/points/2dhe2yz-1752179201459.jpg",
        "location": "猪之头 - 朝霧高原",
        "point_id": "2dhe2yz",
        "point_name": "セブン-イレブン 富士宮朝霧高原店",
        "remark": "目送爷爷离开"
      },
      "type": "Feature"
    },
    {
      "geometry": {
        "coordinates": [
          138.575828,
          35.372892
        ],
        "type": "Point"
      },
      "properties": {
        "bangumi_id": 262897,
        "bangumi_title": "摇曳露营△ 二期",
        "ep_cut": 9,
        "image_url": "https://w.junreimap.com/images/points/262897/46uv9g7_1756132126395.jpg",
        "location": "猪之头 - 朝霧高原",
        "point_id": "46uv9g7",
        "point_name": "セブン-イレブン 富士宮朝霧高原店",
        "remark": ""
      },
      "type": "Feature"
    },
    {
      "geometry": {
        "coordinates": [
          138.575877,
          35.372888
        ],
        "type": "Point"
      },
      "properties": {
        "bangumi_id": 262897,
        "bangumi_title": "摇曳露营△ 二期",
        "ep_cut": 9,
        "image_url": "https://w.junreimap.com/images/points/262897/46uvcel_1756132129837.jpg",
        "location": "猪之头 - 朝霧高原",
        "point_id": "46uvcel",
        "point_name": "セブン-イレブン 富士宮朝霧高原店",
        "remark": ""
      },
      "type": "Feature"
    },
    {
      "geometry": {
        "coordinates": [
          138.575783,
          35.372933
        ],
        "type": "Point"
      },
      "properties": {
        "bangumi_id": 262897,
        "bangumi_title": "摇曳露营△ 二期",
        "ep_cut": 9,
        "image_url": "https://w.junreimap.com/images/points/262897/46uvgum_1756132136645.jpg",
        "location": "猪之头 - 朝霧高原",
        "point_id": "46uvgum",
        "point_name": "セブン-イレブン 富士宮朝霧高原店",
        "remark": ""
      },
      "type": "Feature"
    },
    {
      "geometry": {
        "coordinates": [
          138.575781,
          35.372965
        ],
        "type": "Point"
      },
      "properties": {
        "bangumi_id": 262897,
        "bangumi_title": "摇曳露营△ 二期",
        "ep_cut": 9,
        "image_url": "https://w.junreimap.com/images/points/262897/46uvl5x_1756132140213.jpg",
        "location": "猪之头 - 朝霧高原",
        "point_id": "46uvl5x",
        "point_name": "セブン-イレブン 富士宮朝霧高原店",
        "remark": ""
      },
      "type": "Feature"
    },
    {
      "geometry": {
        "coordinates": [
          138.575828,
          35.372941
        ],
        "type": "Point"
      },
      "properties": {
        "bangumi_id": 262897,
        "bangumi_title": "摇曳露营△ 二期",
        "ep_cut": 9,
        "image_url": "https://w.junreimap.com/images/points/262897/46uvnqa_1756132148009.jpg",
        "location": "猪之头 - 朝霧高原",
        "point_id": "46uvnqa",
        "point_name": "セブン-イレブン 富士宮朝霧高原店",
        "remark": ""
      },
      "type": "Feature"
    },
    {
      "geometry": {
        "coordinates": [
          138.576021,
          35.372878
        ],
        "type": "Point"
      },
      "properties": {
        "bangumi_id": 262897,
        "bangumi_title": "摇曳露营△ 二期",
        "ep_cut": 9,
        "image_url": "https://w.junreimap.com/images/points/262897/46uvurp_1756132152697.jpg",
        "location": "猪之头 - 朝霧高原",
        "point_id": "46uvurp",
        "point_name": "セブン-イレブン 富士宮朝霧高原店",
        "remark": ""
      },
      "type": "Feature"
    },
    {
      "geometry": {
        "coordinates": [
          138.79049,
          35.024713
        ],
        "type": "Point"
      },
      "properties": {
        "bangumi_id": 262897,
        "bangumi_title": "摇曳露营△ 二期",
        "ep_cut": 10,
        "image_url": "https://w.junreimap.com/images/points/262897/5fchw28ea_1673452419269.jpg",
        "location": "伊豆半岛（等待大修）",
        "point_id": "5fchw28ea",
        "point_name": "S2-10 富士山ビュースポット西浦江梨",
        "remark": ""
      },
      "type": "Feature"
    },
    {
      "geometry": {
        "coordinates": [
          138.786735,
          35.027788
        ],
        "type": "Point"
      },
      "properties": {
        "bangumi_id": 262897,
        "bangumi_title": "摇曳露营△ 二期",
        "ep_cut": 10,
        "image_url": "https://w.junreimap.com/images/points/262897/5fchw28f5_1719911674302.jpg",
        "location": "伊豆半岛（等待大修）",
        "point_id": "5fchw28f5",
        "point_name": "S2-10 大瀬神社 鳥居前",
        "remark": ""
      },
      "type": "Feature"
    },
    {
      "geometry": {
        "coordinates": [
          138.787915,
          35.028912
        ],
        "type": "Point"
      },
      "properties": {
        "bangumi_id": 262897,
        "bangumi_title": "摇曳露营△ 二期",
        "ep_cut": 10,
        "image_url": "https://w.junreimap.com/images/points/262897/5fchw28a2_1673452419817.jpg",
        "location": "伊豆半岛（等待大修）",
        "point_id": "5fchw28a2",
        "point_name": "S2-10 ビャクシン樹林",
        "remark": "https://www.google.com/maps/@35.0288968,138.7879007,3a,90y,90.08h,92.81t/data=!3m7!1e1!3m5!1sAF1QipM1VVyZy-z9e2Lwu060QW6DQ7jA9DSlxFCPH33C!2e10!3e11!7i3840!8i1920"
      },
      "type": "Feature"
    },
    {
      "geometry": {
        "coordinates": [
          138.787675,
          35.029525
        ],
        "type": "Point"
      },
      "properties": {
        "bangumi_id": 262897,
        "bangumi_title": "摇曳露营△ 二期",
        "ep_cut": 10,
        "image_url": "https://w.junreimap.com/images/points/262897/5fchw28ij_1673452420892.jpg",
        "location": "伊豆半岛（等待大修）",
        "point_id": "5fchw28ij",
        "point_name": "S2-10 神池",
        "remark": ""
      },
      "type": "Feature"
    },
    {
      "geometry": {
        "coordinates": [
          138.937901,
          35.006491
        ],
        "type": "Point"
      },
      "properties": {
        "bangumi_id": 262897,
        "bangumi_title": "摇曳露营△ 二期",
        "ep_cut": 10,
        "image_url": "https://w.junreimap.com/images/points/262897/5fchw28g5_1673452421442.jpg",
        "location": "伊豆半岛（等待大修）",
        "point_id": "5fchw28g5",
        "point_name": "S2-10 城山付近",
        "remark": ""
      },
      "type": "Feature"
    },
    {
      "geometry": {
        "coordinates": [
          138.773753,
          34.747173
        ],
        "type": "Point"
      },
      "properties": {
        "bangumi_id": 262897,
        "bangumi_title": "摇曳露营△ 二期",
        "ep_cut": 10,
        "image_url": "https://w.junreimap.com/images/points/262897/5fchw27z3_1673452421977.jpg",
        "location": "伊豆半岛（等待大修）",
        "point_id": "5fchw27z3",
        "point_name": "S2-10 蛇石峠 9km 案内標識",
        "remark": ""
      },
      "type": "Feature"
    },
    {
      "geometry": {
        "coordinates": [
          138.810367,
          34.712965
        ],
        "type": "Point"
      },
      "properties": {
        "bangumi_id": 262897,
        "bangumi_title": "摇曳露营△ 二期",
        "ep_cut": 10,
        "image_url": "https://w.junreimap.com/images/points/262897/5fchw28jq_1673452422523.jpg",
        "location": "伊豆半岛（等待大修）",
        "point_id": "5fchw28jq",
        "point_name": "S2-10 蛇石峠 途中",
        "remark": ""
      },
      "type": "Feature"
    },
    {
      "geometry": {
        "coordinates": [
          138.794509,
          34.692862
        ],
        "type": "Point"
      },
      "properties": {
        "bangumi_id": 262897,
        "bangumi_title": "摇曳露营△ 二期",
        "ep_cut": 10,
        "image_url": "https://w.junreimap.com/images/points/262897/5fchw286g_1673452423093.jpg",
        "location": "伊豆半岛（等待大修）",
        "point_id": "5fchw286g",
        "point_name": "S2-10 伊勢海老の標語",
        "remark": ""
      },
      "type": "Feature"
    },
    {
      "geometry": {
        "coordinates": [
          138.92251,
          34.855389
        ],
        "type": "Point"
      },
      "properties": {
        "bangumi_id": 262897,
        "bangumi_title": "摇曳露营△ 二期",
        "ep_cut": 10,
        "image_url": "https://w.junreimap.com/images/points/262897/5fchw27x3_1673452423603.jpg",
        "location": "伊豆半岛（等待大修）",
        "point_id": "5fchw27x3",
        "point_name": "S2-10 道の駅 天城越え 案内標識",
        "remark": ""
      },
      "type": "Feature"
    },
    {
      "geometry": {
        "coordinates": [
          138.922033,
          34.856056
        ],
        "type": "Point"
      },
      "properties": {
        "bangumi_id": 262897,
        "bangumi_title": "摇曳露营△ 二期",
        "ep_cut": 10,
        "image_url": "https://w.junreimap.com/images/points/262897/5fchw28b9_1673452424098.jpg",
        "location": "伊豆半岛（等待大修）",
        "point_id": "5fchw28b9",
        "point_name": "S2-10 天城わさびの里 生産者直営 わさびの店",
        "remark": ""
      },
      "type": "Feature"
    },
    {
      "geometry": {
        "coordinates": [
          138.93915,
          34.791932
        ],
        "type": "Point"
      },
      "properties": {
        "bangumi_id": 262897,
        "bangumi_title": "摇曳露营△ 二期",
        "ep_cut": 10,
        "image_url": "https://w.junreimap.com/images/points/262897/5fchw28by_1719911683031.jpg",
        "location": "伊豆半岛（等待大修）",
        "point_id": "5fchw28by",
        "point_name": "S2-10 河津七滝ループ橋",
        "remark": ""
      },
      "type": "Feature"
    },
    {
      "geometry": {
        "coordinates": [
          138.915144,
          34.642103
        ],
        "type": "Point"
      },
      "properties": {
        "bangumi_id": 262897,
        "bangumi_title": "摇曳露营△ 二期",
        "ep_cut": 10,
        "image_url": "https://w.junreimap.com/images/points/262897/5fchw27xl_1673452424649.jpg",
        "location": "伊豆半岛（等待大修）",
        "point_id": "5fchw27xl",
        "point_name": "S2-10 龍宮窟 駐車場",
        "remark": ""
      },
      "type": "Feature"
    },
    {
      "geometry": {
        "coordinates": [
          138.915564,
          34.642093
        ],
        "type": "Point"
      },
      "properties": {
        "bangumi_id": 262897,
        "bangumi_title": "摇曳露营△ 二期",
        "ep_cut": 10,
        "image_url": "https://w.junreimap.com/images/points/262897/5fchw28ah_1673452425196.jpg",
        "location": "伊豆半岛（等待大修）",
        "point_id": "5fchw28ah",
        "point_name": "S2-10 龍宮窟",
        "remark": ""
      },
      "type": "Feature"
    },
    {
      "geometry": {
        "coordinates": [
          138.982395,
          34.764247
        ],
        "type": "Point"
      },
      "properties": {
        "bangumi_id": 262897,
        "bangumi_title": "摇曳露营△ 二期",
        "ep_cut": 10,
        "image_url": "https://w.junreimap.com/images/points/262897/5fchw2897_1673452425759.jpg",
        "location": "伊豆半岛（等待大修）",
        "point_id": "5fchw2897",
        "point_name": "S2-10 涅槃堂桜見晴台",
        "remark": ""
      },
      "type": "Feature"
    },
    {
      "geometry": {
        "coordinates": [
          138.989922,
          34.749147
        ],
        "type": "Point"
      },
      "properties": {
        "bangumi_id": 262897,
        "bangumi_title": "摇曳露营△ 二期",
        "ep_cut": 10,
        "image_url": "https://w.junreimap.com/images/points/262897/5fchw2826_1673452426353.jpg",
        "location": "伊豆半岛（等待大修）",
        "point_id": "5fchw2826",
        "point_name": "S2-10 河津桜並木 菜の花ロード",
        "remark": ""
      },
      "type": "Feature"
    },
    {
      "geometry": {
        "coordinates": [
          138.982926,
          34.761325
        ],
        "type": "Point"
      },
      "properties": {
        "bangumi_id": 262897,
        "bangumi_title": "摇曳露营△ 二期",
        "ep_cut": 10,
        "image_url": "https://w.junreimap.com/images/points/262897/5fchw285r_1673452427077.jpg",
        "location": "伊豆半岛（等待大修）",
        "point_id": "5fchw285r",
        "point_name": "S2-10 かわずいでゆ橋",
        "remark": ""
      },
      "type": "Feature"
    },
    {
      "geometry": {
        "coordinates": [
          138.954977,
          34.675295
        ],
        "type": "Point"
      },
      "properties": {
        "bangumi_id": 262897,
        "bangumi_title": "摇曳露营△ 二期",
        "ep_cut": 10,
        "image_url": "https://w.junreimap.com/images/points/262897/5fchw28m5_1673452427631.jpg",
        "location": "伊豆半岛（等待大修）",
        "point_id": "5fchw28m5",
        "point_name": "S2-10 まどが浜 海遊公園",
        "remark": ""
      },
      "type": "Feature"
    },
    {
      "geometry": {
        "coordinates": [
          138.955031,
          34.675456
        ],
        "type": "Point"
      },
      "properties": {
        "bangumi_id": 262897,
        "bangumi_title": "摇曳露营△ 二期",
        "ep_cut": 10,
        "image_url": "https://w.junreimap.com/images/points/262897/5fchw28cg_1673452428181.jpg",
        "location": "伊豆半岛（等待大修）",
        "point_id": "5fchw28cg",
        "point_name": "S2-10 錨",
        "remark": ""
      },
      "type": "Feature"
    },
    {
      "geometry": {
        "coordinates": [
          138.955393,
          34.675838
        ],
        "type": "Point"
      },
      "properties": {
        "bangumi_id": 262897,
        "bangumi_title": "摇曳露营△ 二期",
        "ep_cut": 10,
        "image_url": "https://w.junreimap.com/images/points/262897/5fchw27z6_1673452428721.jpg",
        "location": "伊豆半岛（等待大修）",
        "point_id": "5fchw27z6",
        "point_name": "S2-10 下田温泉 海遊の足湯",
        "remark": ""
      },
      "type": "Feature"
    },
    {
      "geometry": {
        "coordinates": [
          138.951198,
          34.674604
        ],
        "type": "Point"
      },
      "properties": {
        "bangumi_id": 262897,
        "bangumi_title": "摇曳露营△ 二期",
        "ep_cut": 10,
        "image_url": "https://w.junreimap.com/images/user/1093/bangumi/262897/points/rabv25kj4-1752178213420.jpg",
        "location": "伊豆半岛（等待大修）",
        "point_id": "rabv25kj4",
        "point_name": "Cafe&Hamburger Ra-maru 店内",
        "remark": ""
      },
      "type": "Feature"
    },
    {
      "geometry": {
        "coordinates": [
          138.95134,
          34.674516
        ],
        "type": "Point"
      },
      "properties": {
        "bangumi_id": 262897,
        "bangumi_title": "摇曳露营△ 二期",
        "ep_cut": 10,
        "image_url": "https://w.junreimap.com/images/points/262897/5fchw28nh_1673452429321.jpg",
        "location": "伊豆半岛（等待大修）",
        "point_id": "5fchw28nh",
        "point_name": "Cafe&Hamburger Ra-maru",
        "remark": ""
      },
      "type": "Feature"
    },
    {
      "geometry": {
        "coordinates": [
          138.946496,
          34.677226
        ],
        "type": "Point"
      },
      "properties": {
        "bangumi_id": 262897,
        "bangumi_title": "摇曳露营△ 二期",
        "ep_cut": 10,
        "image_url": "https://w.junreimap.com/images/points/262897/5fchw27zd_1673452430410.jpg",
        "location": "伊豆半岛（等待大修）",
        "point_id": "5fchw27zd",
        "point_name": "S2-10 新下田橋",
        "remark": ""
      },
      "type": "Feature"
    },
    {
      "geometry": {
        "coordinates": [
          138.951782,
          34.674549
        ],
        "type": "Point"
      },
      "properties": {
        "bangumi_id": 262897,
        "bangumi_title": "摇曳露营△ 二期",
        "ep_cut": 10,
        "image_url": "https://w.junreimap.com/images/points/262897/5fchw27zj_1673452429864.jpg",
        "location": "伊豆半岛（等待大修）",
        "point_id": "5fchw27zj",
        "point_name": "駐車場 出口",
        "remark": ""
      },
      "type": "Feature"
    },
    {
      "geometry": {
        "coordinates": [
          138.943817,
          34.681793
        ],
        "type": "Point"
      },
      "properties": {
        "bangumi_id": 262897,
        "bangumi_title": "摇曳露营△ 二期",
        "ep_cut": 10,
        "image_url": "https://w.junreimap.com/images/points/262897/5fchw28ii_1673452430962.jpg",
        "location": "伊豆半岛（等待大修）",
        "point_id": "5fchw28ii",
        "point_name": "S2-10 Maxvalu 伊豆下田店",
        "remark": ""
      },
      "type": "Feature"
    },
    {
      "geometry": {
        "coordinates": [
          138.970731,
          34.673646
        ],
        "type": "Point"
      },
      "properties": {
        "bangumi_id": 262897,
        "bangumi_title": "摇曳露营△ 二期",
        "ep_cut": 10,
        "image_url": "https://w.junreimap.com/images/points/262897/5fchw28jw_1673452431485.jpg",
        "location": "伊豆半岛（等待大修）",
        "point_id": "5fchw28jw",
        "point_name": "S2-10 万宝商店",
        "remark": ""
      },
      "type": "Feature"
    },
    {
      "geometry": {
        "coordinates": [
          138.983516,
          34.661917
        ],
        "type": "Point"
      },
      "properties": {
        "bangumi_id": 262897,
        "bangumi_title": "摇曳露营△ 二期",
        "ep_cut": 10,
        "image_url": "https://w.junreimap.com/images/points/262897/5fchw28kk_1673452432000.jpg",
        "location": "伊豆半岛（等待大修）",
        "point_id": "5fchw28kk",
        "point_name": "S2-10 爪木崎 入口",
        "remark": ""
      },
      "type": "Feature"
    },
    {
      "geometry": {
        "coordinates": [
          138.983793,
          34.661574
        ],
        "type": "Point"
      },
      "properties": {
        "bangumi_id": 262897,
        "bangumi_title": "摇曳露营△ 二期",
        "ep_cut": 10,
        "image_url": "https://w.junreimap.com/images/points/262897/5fchw28fr_1673452432563.jpg",
        "location": "伊豆半岛（等待大修）",
        "point_id": "5fchw28fr",
        "point_name": "S2-10 須崎区観光案内所（料金所）",
        "remark": ""
      },
      "type": "Feature"
    },
    {
      "geometry": {
        "coordinates": [
          138.98507,
          34.659985
        ],
        "type": "Point"
      },
      "properties": {
        "bangumi_id": 262897,
        "bangumi_title": "摇曳露营△ 二期",
        "ep_cut": 10,
        "image_url": "https://w.junreimap.com/images/points/262897/5fchw28ly_1673452433600.jpg",
        "location": "伊豆半岛（等待大修）",
        "point_id": "5fchw28ly",
        "point_name": "S2-10 爪木埼",
        "remark": ""
      },
      "type": "Feature"
    },
    {
      "geometry": {
        "coordinates": [
          138.984319,
          34.660616
        ],
        "type": "Point"
      },
      "properties": {
        "bangumi_id": 262897,
        "bangumi_title": "摇曳露营△ 二期",
        "ep_cut": 10,
        "image_url": "https://w.junreimap.com/images/points/262897/5fchw28iz_1673452433072.jpg",
        "location": "伊豆半岛（等待大修）",
        "point_id": "5fchw28iz",
        "point_name": "S2-10 爪木埼",
        "remark": ""
      },
      "type": "Feature"
    },
    {
      "geometry": {
        "coordinates": [
          138.765645,
          34.777279
        ],
        "type": "Point"
      },
      "properties": {
        "bangumi_id": 262897,
        "bangumi_title": "摇曳露营△ 二期",
        "ep_cut": "",
        "image_url": "",
        "location": "伊豆半岛（等待大修）",
        "point_id": "5fchw28h6",
        "point_name": "S2-11 沢田公園",
        "remark": ""
      },
      "type": "Feature"
    },
    {
      "geometry": {
        "coordinates": [
          138.986754,
          34.658871
        ],
        "type": "Point"
      },
      "properties": {
        "bangumi_id": 262897,
        "bangumi_title": "摇曳露营△ 二期",
        "ep_cut": 10,
        "image_url": "https://w.junreimap.com/images/points/262897/5fchw28cb_1719911727222.jpg",
        "location": "伊豆半岛（等待大修）",
        "point_id": "5fchw28cb",
        "point_name": "S2-10 爪木埼灯台",
        "remark": ""
      },
      "type": "Feature"
    },
    {
      "geometry": {
        "coordinates": [
          138.984839,
          34.658612
        ],
        "type": "Point"
      },
      "properties": {
        "bangumi_id": 262897,
        "bangumi_title": "摇曳露营△ 二期",
        "ep_cut": 10,
        "image_url": "https://w.junreimap.com/images/points/262897/5fchw28ar_1673452434108.jpg",
        "location": "伊豆半岛（等待大修）",
        "point_id": "5fchw28ar",
        "point_name": "S2-10 俵磯",
        "remark": ""
      },
      "type": "Feature"
    },
    {
      "geometry": {
        "coordinates": [
          138.984019,
          34.661063
        ],
        "type": "Point"
      },
      "properties": {
        "bangumi_id": 262897,
        "bangumi_title": "摇曳露营△ 二期",
        "ep_cut": 10,
        "image_url": "https://w.junreimap.com/images/points/262897/5fchw28bz_1673452434600.jpg",
        "location": "伊豆半岛（等待大修）",
        "point_id": "5fchw28bz",
        "point_name": "S2-10 爪木埼",
        "remark": ""
      },
      "type": "Feature"
    },
    {
      "geometry": {
        "coordinates": [
          138.998379,
          34.74426
        ],
        "type": "Point"
      },
      "properties": {
        "bangumi_id": 262897,
        "bangumi_title": "摇曳露营△ 二期",
        "ep_cut": 10,
        "image_url": "https://w.junreimap.com/images/points/262897/5fchw286h_1673452435615.jpg",
        "location": "伊豆半岛（等待大修）",
        "point_id": "5fchw286h",
        "point_name": "S2-10 河津浜海水浴場前",
        "remark": ""
      },
      "type": "Feature"
    },
    {
      "geometry": {
        "coordinates": [
          138.989263,
          34.723463
        ],
        "type": "Point"
      },
      "properties": {
        "bangumi_id": 262897,
        "bangumi_title": "摇曳露营△ 二期",
        "ep_cut": 10,
        "image_url": "https://w.junreimap.com/images/points/262897/5fchw283m_1673452435117.jpg",
        "location": "伊豆半岛（等待大修）",
        "point_id": "5fchw283m",
        "point_name": "S2-10 小湊一号隧道",
        "remark": ""
      },
      "type": "Feature"
    },
    {
      "geometry": {
        "coordinates": [
          139.019181,
          34.759378
        ],
        "type": "Point"
      },
      "properties": {
        "bangumi_id": 262897,
        "bangumi_title": "摇曳露营△ 二期",
        "ep_cut": 10,
        "image_url": "https://w.junreimap.com/images/points/262897/5fchw287p_1673452436126.jpg",
        "location": "伊豆半岛（等待大修）",
        "point_id": "5fchw287p",
        "point_name": "S2-10 伊豆オレンヂセンター",
        "remark": ""
      },
      "type": "Feature"
    },
    {
      "geometry": {
        "coordinates": [
          139.025263,
          34.764939
        ],
        "type": "Point"
      },
      "properties": {
        "bangumi_id": 262897,
        "bangumi_title": "摇曳露营△ 二期",
        "ep_cut": 10,
        "image_url": "https://w.junreimap.com/images/points/262897/5fchw27yf_1673452436649.jpg",
        "location": "伊豆半岛（等待大修）",
        "point_id": "5fchw27yf",
        "point_name": "S2-10 東伊豆町 案内標識",
        "remark": ""
      },
      "type": "Feature"
    },
    {
      "geometry": {
        "coordinates": [
          139.016587,
          34.794257
        ],
        "type": "Point"
      },
      "properties": {
        "bangumi_id": 262897,
        "bangumi_title": "摇曳露营△ 二期",
        "ep_cut": 10,
        "image_url": "https://w.junreimap.com/images/points/262897/5fchw288o_1673452437151.jpg",
        "location": "伊豆半岛（等待大修）",
        "point_id": "5fchw288o",
        "point_name": "S2-10 細野高原ツリーハウス村 付近",
        "remark": ""
      },
      "type": "Feature"
    },
    {
      "geometry": {
        "coordinates": [
          139.016047,
          34.794424
        ],
        "type": "Point"
      },
      "properties": {
        "bangumi_id": 262897,
        "bangumi_title": "摇曳露营△ 二期",
        "ep_cut": 10,
        "image_url": "https://w.junreimap.com/images/points/262897/5fchw28lm_1673452437667.jpg",
        "location": "伊豆半岛（等待大修）",
        "point_id": "5fchw28lm",
        "point_name": "S2-10 細野高原ツリーハウス村 付近",
        "remark": ""
      },
      "type": "Feature"
    },
    {
      "geometry": {
        "coordinates": [
          139.013265,
          34.796032
        ],
        "type": "Point"
      },
      "properties": {
        "bangumi_id": 262897,
        "bangumi_title": "摇曳露营△ 二期",
        "ep_cut": 10,
        "image_url": "https://w.junreimap.com/images/points/262897/5fchw280s_1673452438202.jpg",
        "location": "伊豆半岛（等待大修）",
        "point_id": "5fchw280s",
        "point_name": "S2-10 稲取細野高原 第1駐車場",
        "remark": ""
      },
      "type": "Feature"
    },
    {
      "geometry": {
        "coordinates": [
          138.998997,
          34.804755
        ],
        "type": "Point"
      },
      "properties": {
        "bangumi_id": 262897,
        "bangumi_title": "摇曳露营△ 二期",
        "ep_cut": 10,
        "image_url": "https://w.junreimap.com/images/points/262897/5fchw287e_1673452438791.jpg",
        "location": "伊豆半岛（等待大修）",
        "point_id": "5fchw287e",
        "point_name": "S2-10 三筋山下駐車場",
        "remark": ""
      },
      "type": "Feature"
    },
    {
      "geometry": {
        "coordinates": [
          138.995508,
          34.804708
        ],
        "type": "Point"
      },
      "properties": {
        "bangumi_id": 262897,
        "bangumi_title": "摇曳露营△ 二期",
        "ep_cut": 11,
        "image_url": "https://w.junreimap.com/images/points/262897/5fchw28dd_1673452439326.jpg",
        "location": "伊豆半岛（等待大修）",
        "point_id": "5fchw28dd",
        "point_name": "S2-11 三筋山山頂展望台",
        "remark": ""
      },
      "type": "Feature"
    },
    {
      "geometry": {
        "coordinates": [
          139.038827,
          34.789268
        ],
        "type": "Point"
      },
      "properties": {
        "bangumi_id": 262897,
        "bangumi_title": "摇曳露营△ 二期",
        "ep_cut": 11,
        "image_url": "https://w.junreimap.com/images/points/262897/5fchw27xf_1673452439825.jpg",
        "location": "伊豆半岛（等待大修）",
        "point_id": "5fchw27xf",
        "point_name": "S2-11 稲取高原芝生広場（ツリーハウス）",
        "remark": ""
      },
      "type": "Feature"
    },
    {
      "geometry": {
        "coordinates": [
          138.777734,
          34.76782
        ],
        "type": "Point"
      },
      "properties": {
        "bangumi_id": 262897,
        "bangumi_title": "摇曳露营△ 二期",
        "ep_cut": 11,
        "image_url": "https://w.junreimap.com/images/points/262897/5fchw285z_1673452440341.jpg",
        "location": "伊豆半岛（等待大修）",
        "point_id": "5fchw285z",
        "point_name": "S2-11 浜橋交差点",
        "remark": ""
      },
      "type": "Feature"
    },
    {
      "geometry": {
        "coordinates": [
          138.771318,
          34.77297
        ],
        "type": "Point"
      },
      "properties": {
        "bangumi_id": 262897,
        "bangumi_title": "摇曳露营△ 二期",
        "ep_cut": 11,
        "image_url": "https://w.junreimap.com/images/points/262897/5fchw27wl_1673452440854.jpg",
        "location": "伊豆半岛（等待大修）",
        "point_id": "5fchw27wl",
        "point_name": "S2-11 仁科漁港付近",
        "remark": ""
      },
      "type": "Feature"
    },
    {
      "geometry": {
        "coordinates": [
          138.765706,
          34.784701
        ],
        "type": "Point"
      },
      "properties": {
        "bangumi_id": 262897,
        "bangumi_title": "摇曳露营△ 二期",
        "ep_cut": 11,
        "image_url": "https://w.junreimap.com/images/points/262897/5fchw28cx_1673452441357.jpg",
        "location": "伊豆半岛（等待大修）",
        "point_id": "5fchw28cx",
        "point_name": "S2-11 海辺のかくれ湯 清流",
        "remark": ""
      },
      "type": "Feature"
    },
    {
      "geometry": {
        "coordinates": [
          138.765608,
          34.842794
        ],
        "type": "Point"
      },
      "properties": {
        "bangumi_id": 262897,
        "bangumi_title": "摇曳露营△ 二期",
        "ep_cut": 11,
        "image_url": "https://w.junreimap.com/images/points/262897/5fchw27ye_1673452441846.jpg",
        "location": "伊豆半岛（等待大修）",
        "point_id": "5fchw27ye",
        "point_name": "S2-11 キャンプ黄金崎",
        "remark": ""
      },
      "type": "Feature"
    },
    {
      "geometry": {
        "coordinates": [
          138.761126,
          34.842273
        ],
        "type": "Point"
      },
      "properties": {
        "bangumi_id": 262897,
        "bangumi_title": "摇曳露营△ 二期",
        "ep_cut": 11,
        "image_url": "https://w.junreimap.com/images/points/262897/5fchw284g_1673452442354.jpg",
        "location": "伊豆半岛（等待大修）",
        "point_id": "5fchw284g",
        "point_name": "S2-11 黄金崎",
        "remark": ""
      },
      "type": "Feature"
    },
    {
      "geometry": {
        "coordinates": [
          138.761799,
          34.841725
        ],
        "type": "Point"
      },
      "properties": {
        "bangumi_id": 262897,
        "bangumi_title": "摇曳露营△ 二期",
        "ep_cut": 11,
        "image_url": "https://w.junreimap.com/images/points/262897/5fchw28mu_1673452443907.jpg",
        "location": "伊豆半岛（等待大修）",
        "point_id": "5fchw28mu",
        "point_name": "S2-11 黄金崎公園",
        "remark": ""
      },
      "type": "Feature"
    },
    {
      "geometry": {
        "coordinates": [
          138.761203,
          34.841793
        ],
        "type": "Point"
      },
      "properties": {
        "bangumi_id": 262897,
        "bangumi_title": "摇曳露营△ 二期",
        "ep_cut": 11,
        "image_url": "https://w.junreimap.com/images/points/262897/5fchw27zp_1673452442870.jpg",
        "location": "伊豆半岛（等待大修）",
        "point_id": "5fchw27zp",
        "point_name": "S2-11 馬ロック",
        "remark": ""
      },
      "type": "Feature"
    },
    {
      "geometry": {
        "coordinates": [
          138.761494,
          34.841404
        ],
        "type": "Point"
      },
      "properties": {
        "bangumi_id": 262897,
        "bangumi_title": "摇曳露营△ 二期",
        "ep_cut": 11,
        "image_url": "https://w.junreimap.com/images/points/262897/5fchw2860_1673452443387.jpg",
        "location": "伊豆半岛（等待大修）",
        "point_id": "5fchw2860",
        "point_name": "S2-11 航海王 伊豆の伊三郎像",
        "remark": ""
      },
      "type": "Feature"
    },
    {
      "geometry": {
        "coordinates": [
          138.766667,
          34.976563
        ],
        "type": "Point"
      },
      "properties": {
        "bangumi_id": 262897,
        "bangumi_title": "摇曳露营△ 二期",
        "ep_cut": 1,
        "image_url": "https://w.junreimap.com/images/points/262897/448z91x_1755974446280.jpg",
        "location": "伊豆半岛（等待大修）",
        "point_id": "448z91x",
        "point_name": "御滨岬",
        "remark": "第一话芝麻凛和爸爸讨论伊豆时提到的著名景点"
      },
      "type": "Feature"
    },
    {
      "geometry": {
        "coordinates": [
          138.768166,
          34.780932
        ],
        "type": "Point"
      },
      "properties": {
        "bangumi_id": 262897,
        "bangumi_title": "摇曳露营△ 二期",
        "ep_cut": 11,
        "image_url": "https://w.junreimap.com/images/points/262897/5fchw280p_1673452444404.jpg",
        "location": "伊豆半岛（等待大修）",
        "point_id": "5fchw280p",
        "point_name": "S2-11 堂ヶ島 町営無料駐車場付近",
        "remark": ""
      },
      "type": "Feature"
    },
    {
      "geometry": {
        "coordinates": [
          138.765879,
          34.777274
        ],
        "type": "Point"
      },
      "properties": {
        "bangumi_id": 262897,
        "bangumi_title": "摇曳露营△ 二期",
        "ep_cut": 11,
        "image_url": "https://w.junreimap.com/images/points/262897/5fchw28jo_1673452444944.jpg",
        "location": "伊豆半岛（等待大修）",
        "point_id": "5fchw28jo",
        "point_name": "S2-11 沢田公園駐車場",
        "remark": ""
      },
      "type": "Feature"
    },
    {
      "geometry": {
        "coordinates": [
          138.765748,
          34.777423
        ],
        "type": "Point"
      },
      "properties": {
        "bangumi_id": 262897,
        "bangumi_title": "摇曳露营△ 二期",
        "ep_cut": 11,
        "image_url": "https://w.junreimap.com/images/points/262897/5fchw282z_1673452445472.jpg",
        "location": "伊豆半岛（等待大修）",
        "point_id": "5fchw282z",
        "point_name": "S2-11 沢田公園 露天風呂",
        "remark": ""
      },
      "type": "Feature"
    },
    {
      "geometry": {
        "coordinates": [
          138.768496,
          34.78183
        ],
        "type": "Point"
      },
      "properties": {
        "bangumi_id": 262897,
        "bangumi_title": "摇曳露营△ 二期",
        "ep_cut": 12,
        "image_url": "https://w.junreimap.com/images/points/262897/5fchw28mn_1673452445975.jpg",
        "location": "伊豆半岛（等待大修）",
        "point_id": "5fchw28mn",
        "point_name": "S2-12 堂ヶ島食堂",
        "remark": ""
      },
      "type": "Feature"
    },
    {
      "geometry": {
        "coordinates": [
          138.767499,
          34.782238
        ],
        "type": "Point"
      },
      "properties": {
        "bangumi_id": 262897,
        "bangumi_title": "摇曳露营△ 二期",
        "ep_cut": 12,
        "image_url": "https://w.junreimap.com/images/user/0/bangumi/262897/points/5fchw28dz-1720014841882.jpg",
        "location": "伊豆半岛（等待大修）",
        "point_id": "5fchw28dz",
        "point_name": "S2-12 堂ヶ島公園",
        "remark": ""
      },
      "type": "Feature"
    },
    {
      "geometry": {
        "coordinates": [
          138.766279,
          34.781685
        ],
        "type": "Point"
      },
      "properties": {
        "bangumi_id": 262897,
        "bangumi_title": "摇曳露营△ 二期",
        "ep_cut": 12,
        "image_url": "https://w.junreimap.com/images/points/262897/5fchw28lc_1673452446488.jpg",
        "location": "伊豆半岛（等待大修）",
        "point_id": "5fchw28lc",
        "point_name": "S2-12 堂ヶ島",
        "remark": ""
      },
      "type": "Feature"
    },
    {
      "geometry": {
        "coordinates": [
          138.7662,
          34.782695
        ],
        "type": "Point"
      },
      "properties": {
        "bangumi_id": 262897,
        "bangumi_title": "摇曳露营△ 二期",
        "ep_cut": 12,
        "image_url": "https://w.junreimap.com/images/points/262897/5fchw27y0_1673452447004.jpg",
        "location": "伊豆半岛（等待大修）",
        "point_id": "5fchw27y0",
        "point_name": "S2-12 天窓洞",
        "remark": ""
      },
      "type": "Feature"
    },
    {
      "geometry": {
        "coordinates": [
          138.766275,
          34.781707
        ],
        "type": "Point"
      },
      "properties": {
        "bangumi_id": 262897,
        "bangumi_title": "摇曳露营△ 二期",
        "ep_cut": 12,
        "image_url": "https://w.junreimap.com/images/user/0/bangumi/262897/points/7lvnizb-1763570988874.jpg",
        "location": "伊豆半岛（等待大修）",
        "point_id": "7lvnizb",
        "point_name": "堂ヶ島",
        "remark": "和前一帧那张背影图用了一样的远景图切割来的，想要自拍达到有点苦难T_T"
      },
      "type": "Feature"
    },
    {
      "geometry": {
        "coordinates": [
          138.761844,
          34.784724
        ],
        "type": "Point"
      },
      "properties": {
        "bangumi_id": 262897,
        "bangumi_title": "摇曳露营△ 二期",
        "ep_cut": 12,
        "image_url": "https://w.junreimap.com/images/points/262897/5fchw2851_1673452447503.jpg",
        "location": "伊豆半岛（等待大修）",
        "point_id": "5fchw2851",
        "point_name": "S2-12 堂ヶ島のトンボロ",
        "remark": ""
      },
      "type": "Feature"
    },
    {
      "geometry": {
        "coordinates": [
          138.763023,
          34.785732
        ],
        "type": "Point"
      },
      "properties": {
        "bangumi_id": 262897,
        "bangumi_title": "摇曳露营△ 二期",
        "ep_cut": 12,
        "image_url": "https://w.junreimap.com/images/points/262897/5fchw29cw_1673452448000.jpg",
        "location": "伊豆半岛（等待大修）",
        "point_id": "5fchw29cw",
        "point_name": "S2-12 瀬浜海岸",
        "remark": ""
      },
      "type": "Feature"
    },
    {
      "geometry": {
        "coordinates": [
          138.761092,
          34.783884
        ],
        "type": "Point"
      },
      "properties": {
        "bangumi_id": 262897,
        "bangumi_title": "摇曳露营△ 二期",
        "ep_cut": 12,
        "image_url": "https://w.junreimap.com/images/points/262897/5fchw292n_1673452448509.jpg",
        "location": "伊豆半岛（等待大修）",
        "point_id": "5fchw292n",
        "point_name": "S2-12 象島（伝兵衛島）",
        "remark": ""
      },
      "type": "Feature"
    },
    {
      "geometry": {
        "coordinates": [
          138.760693,
          34.78379
        ],
        "type": "Point"
      },
      "properties": {
        "bangumi_id": 262897,
        "bangumi_title": "摇曳露营△ 二期",
        "ep_cut": 12,
        "image_url": "https://w.junreimap.com/images/points/262897/5fchw29c7_1673452449254.jpg",
        "location": "伊豆半岛（等待大修）",
        "point_id": "5fchw29c7",
        "point_name": "S2-12 象島",
        "remark": ""
      },
      "type": "Feature"
    },
    {
      "geometry": {
        "coordinates": [
          138.777185,
          34.767996
        ],
        "type": "Point"
      },
      "properties": {
        "bangumi_id": 262897,
        "bangumi_title": "摇曳露营△ 二期",
        "ep_cut": 12,
        "image_url": "https://w.junreimap.com/images/points/262897/5fchw293x_1673452449850.jpg",
        "location": "伊豆半岛（等待大修）",
        "point_id": "5fchw293x",
        "point_name": "S2-12 Food Store Aoki西伊豆店",
        "remark": ""
      },
      "type": "Feature"
    },
    {
      "geometry": {
        "coordinates": [
          138.822437,
          34.85851
        ],
        "type": "Point"
      },
      "properties": {
        "bangumi_id": 262897,
        "bangumi_title": "摇曳露营△ 二期",
        "ep_cut": 12,
        "image_url": "https://w.junreimap.com/images/points/262897/5fchw2984_1673452450871.jpg",
        "location": "伊豆半岛（等待大修）",
        "point_id": "5fchw2984",
        "point_name": "S2-12 県道410号 途中",
        "remark": ""
      },
      "type": "Feature"
    },
    {
      "geometry": {
        "coordinates": [
          138.791755,
          34.847862
        ],
        "type": "Point"
      },
      "properties": {
        "bangumi_id": 262897,
        "bangumi_title": "摇曳露营△ 二期",
        "ep_cut": 12,
        "image_url": "https://w.junreimap.com/images/points/262897/5fchw29ce_1673452450356.jpg",
        "location": "伊豆半岛（等待大修）",
        "point_id": "5fchw29ce",
        "point_name": "S2-12 西天城高原「牧場の家」案内標識",
        "remark": ""
      },
      "type": "Feature"
    },
    {
      "geometry": {
        "coordinates": [
          138.838209,
          34.857211
        ],
        "type": "Point"
      },
      "properties": {
        "bangumi_id": 262897,
        "bangumi_title": "摇曳露营△ 二期",
        "ep_cut": 12,
        "image_url": "https://w.junreimap.com/images/points/262897/5fchw299h_1673452451387.jpg",
        "location": "伊豆半岛（等待大修）",
        "point_id": "5fchw299h",
        "point_name": "S2-12 西天城高原「牧場の家」前",
        "remark": ""
      },
      "type": "Feature"
    },
    {
      "geometry": {
        "coordinates": [
          138.837198,
          34.959542
        ],
        "type": "Point"
      },
      "properties": {
        "bangumi_id": 262897,
        "bangumi_title": "摇曳露营△ 二期",
        "ep_cut": 12,
        "image_url": "https://w.junreimap.com/images/points/262897/5fchw2915_1673452451901.jpg",
        "location": "伊豆半岛（等待大修）",
        "point_id": "5fchw2915",
        "point_name": "S2-12 西伊豆スカイライン 達磨山北側登山口付近",
        "remark": ""
      },
      "type": "Feature"
    },
    {
      "geometry": {
        "coordinates": [
          138.850665,
          34.975199
        ],
        "type": "Point"
      },
      "properties": {
        "bangumi_id": 262897,
        "bangumi_title": "摇曳露营△ 二期",
        "ep_cut": 12,
        "image_url": "https://w.junreimap.com/images/points/262897/5fchw28wm_1673452452414.jpg",
        "location": "伊豆半岛（等待大修）",
        "point_id": "5fchw28wm",
        "point_name": "S2-12 だるま山高原レストハウス 案内標識",
        "remark": ""
      },
      "type": "Feature"
    },
    {
      "geometry": {
        "coordinates": [
          138.850766,
          34.975825
        ],
        "type": "Point"
      },
      "properties": {
        "bangumi_id": 262897,
        "bangumi_title": "摇曳露营△ 二期",
        "ep_cut": 12,
        "image_url": "https://w.junreimap.com/images/user/1093/bangumi/262897/points/5fchw28z4-1752172102100.jpg",
        "location": "伊豆半岛（等待大修）",
        "point_id": "5fchw28z4",
        "point_name": "達磨山展望台",
        "remark": ""
      },
      "type": "Feature"
    },
    {
      "geometry": {
        "coordinates": [
          138.853714,
          34.974565
        ],
        "type": "Point"
      },
      "properties": {
        "bangumi_id": 262897,
        "bangumi_title": "摇曳露营△ 二期",
        "ep_cut": 12,
        "image_url": "https://w.junreimap.com/images/points/262897/5fchw28zf_1673452453431.jpg",
        "location": "伊豆半岛（等待大修）",
        "point_id": "5fchw28zf",
        "point_name": "S2-12 だるま山高原キャンプ場 入口",
        "remark": ""
      },
      "type": "Feature"
    },
    {
      "geometry": {
        "coordinates": [
          138.85435,
          34.974438
        ],
        "type": "Point"
      },
      "properties": {
        "bangumi_id": 262897,
        "bangumi_title": "摇曳露营△ 二期",
        "ep_cut": 12,
        "image_url": "https://w.junreimap.com/images/points/262897/5fchw292v_1673452453939.jpg",
        "location": "伊豆半岛（等待大修）",
        "point_id": "5fchw292v",
        "point_name": "S2-12 だるま山高原キャンプ場",
        "remark": ""
      },
      "type": "Feature"
    },
    {
      "geometry": {
        "coordinates": [
          138.770267,
          34.983365
        ],
        "type": "Point"
      },
      "properties": {
        "bangumi_id": 262897,
        "bangumi_title": "摇曳露营△ 二期",
        "ep_cut": 12,
        "image_url": "https://w.junreimap.com/images/user/1093/bangumi/262897/points/5fchw28zo-1752172515701.jpg",
        "location": "伊豆半岛（等待大修）",
        "point_id": "5fchw28zo",
        "point_name": "戸田　出逢い岬",
        "remark": ""
      },
      "type": "Feature"
    },
    {
      "geometry": {
        "coordinates": [
          138.770031,
          34.983027
        ],
        "type": "Point"
      },
      "properties": {
        "bangumi_id": 262897,
        "bangumi_title": "摇曳露营△ 二期",
        "ep_cut": 12,
        "image_url": "https://w.junreimap.com/images/user/1093/bangumi/262897/points/5fchw2972-1752172633790.jpg",
        "location": "伊豆半岛（等待大修）",
        "point_id": "5fchw2972",
        "point_name": "出逢い岬",
        "remark": ""
      },
      "type": "Feature"
    },
    {
      "geometry": {
        "coordinates": [
          138.837161,
          34.959476
        ],
        "type": "Point"
      },
      "properties": {
        "bangumi_id": 262897,
        "bangumi_title": "摇曳露营△ 二期",
        "ep_cut": 12,
        "image_url": "https://w.junreimap.com/images/points/262897/5fchw2968_1673452455540.jpg",
        "location": "伊豆半岛（等待大修）",
        "point_id": "5fchw2968",
        "point_name": "S2-12 達磨山北側登山口",
        "remark": ""
      },
      "type": "Feature"
    },
    {
      "geometry": {
        "coordinates": [
          138.837714,
          34.957992
        ],
        "type": "Point"
      },
      "properties": {
        "bangumi_id": 262897,
        "bangumi_title": "摇曳露营△ 二期",
        "ep_cut": 12,
        "image_url": "https://w.junreimap.com/images/points/262897/5fchw28qu_1673452456138.jpg",
        "location": "伊豆半岛（等待大修）",
        "point_id": "5fchw28qu",
        "point_name": "達磨山 登山道",
        "remark": ""
      },
      "type": "Feature"
    },
    {
      "geometry": {
        "coordinates": [
          139.104397,
          34.887855
        ],
        "type": "Point"
      },
      "properties": {
        "bangumi_id": 262897,
        "bangumi_title": "摇曳露营△ 二期",
        "ep_cut": 13,
        "image_url": "https://w.junreimap.com/images/points/262897/5fchw28z7_1673452456641.jpg",
        "location": "伊豆半岛（等待大修）",
        "point_id": "5fchw28z7",
        "point_name": "広井酒店の外",
        "remark": ""
      },
      "type": "Feature"
    },
    {
      "geometry": {
        "coordinates": [
          139.102131,
          34.900965
        ],
        "type": "Point"
      },
      "properties": {
        "bangumi_id": 262897,
        "bangumi_title": "摇曳露营△ 二期",
        "ep_cut": 13,
        "image_url": "https://w.junreimap.com/images/points/262897/5fchw297k_1673452457160.jpg",
        "location": "伊豆半岛（等待大修）",
        "point_id": "5fchw297k",
        "point_name": "S2-13 県道111号",
        "remark": ""
      },
      "type": "Feature"
    },
    {
      "geometry": {
        "coordinates": [
          139.097371,
          34.907875
        ],
        "type": "Point"
      },
      "properties": {
        "bangumi_id": 262897,
        "bangumi_title": "摇曳露营△ 二期",
        "ep_cut": 13,
        "image_url": "https://w.junreimap.com/images/points/262897/5fchw28uz_1673452457701.jpg",
        "location": "伊豆半岛（等待大修）",
        "point_id": "5fchw28uz",
        "point_name": "S2-13 大室山登山リフト付近",
        "remark": ""
      },
      "type": "Feature"
    },
    {
      "geometry": {
        "coordinates": [
          139.097182,
          34.907557
        ],
        "type": "Point"
      },
      "properties": {
        "bangumi_id": 262897,
        "bangumi_title": "摇曳露营△ 二期",
        "ep_cut": 13,
        "image_url": "https://w.junreimap.com/images/points/262897/5fchw28o7_1673452458203.jpg",
        "location": "伊豆半岛（等待大修）",
        "point_id": "5fchw28o7",
        "point_name": "S2-13 大室山登山リフト",
        "remark": ""
      },
      "type": "Feature"
    },
    {
      "geometry": {
        "coordinates": [
          139.095768,
          34.905321
        ],
        "type": "Point"
      },
      "properties": {
        "bangumi_id": 262897,
        "bangumi_title": "摇曳露营△ 二期",
        "ep_cut": 13,
        "image_url": "https://w.junreimap.com/images/points/262897/5fchw28t5_1673452458699.jpg",
        "location": "伊豆半岛（等待大修）",
        "point_id": "5fchw28t5",
        "point_name": "S2-13 大室山登山リフト 山頂駅",
        "remark": ""
      },
      "type": "Feature"
    },
    {
      "geometry": {
        "coordinates": [
          139.096051,
          34.903167
        ],
        "type": "Point"
      },
      "properties": {
        "bangumi_id": 262897,
        "bangumi_title": "摇曳露营△ 二期",
        "ep_cut": 13,
        "image_url": "https://w.junreimap.com/images/points/262897/5fchw28pu_1673452459216.jpg",
        "location": "伊豆半岛（等待大修）",
        "point_id": "5fchw28pu",
        "point_name": "S2-13 八ヶ岳地蔵尊",
        "remark": ""
      },
      "type": "Feature"
    },
    {
      "geometry": {
        "coordinates": [
          139.094973,
          34.903062
        ],
        "type": "Point"
      },
      "properties": {
        "bangumi_id": 262897,
        "bangumi_title": "摇曳露营△ 二期",
        "ep_cut": 13,
        "image_url": "https://w.junreimap.com/images/points/262897/5fchw28v8_1673452459726.jpg",
        "location": "伊豆半岛（等待大修）",
        "point_id": "5fchw28v8",
        "point_name": "S2-13 大室山",
        "remark": ""
      },
      "type": "Feature"
    },
    {
      "geometry": {
        "coordinates": [
          139.09548,
          34.905416
        ],
        "type": "Point"
      },
      "properties": {
        "bangumi_id": 262897,
        "bangumi_title": "摇曳露营△ 二期",
        "ep_cut": 13,
        "image_url": "https://w.junreimap.com/images/points/262897/5fchw298w_1673452460232.jpg",
        "location": "伊豆半岛（等待大修）",
        "point_id": "5fchw298w",
        "point_name": "S2-13 大室山富士山展望所",
        "remark": ""
      },
      "type": "Feature"
    },
    {
      "geometry": {
        "coordinates": [
          139.09817,
          34.907536
        ],
        "type": "Point"
      },
      "properties": {
        "bangumi_id": 262897,
        "bangumi_title": "摇曳露营△ 二期",
        "ep_cut": 13,
        "image_url": "https://w.junreimap.com/images/points/262897/5fchw28xj_1673452460731.jpg",
        "location": "伊豆半岛（等待大修）",
        "point_id": "5fchw28xj",
        "point_name": "S2-13 伊豆シャボテン動物公園入口",
        "remark": ""
      },
      "type": "Feature"
    },
    {
      "geometry": {
        "coordinates": [
          139.102065,
          34.907395
        ],
        "type": "Point"
      },
      "properties": {
        "bangumi_id": 262897,
        "bangumi_title": "摇曳露营△ 二期",
        "ep_cut": 13,
        "image_url": "https://w.junreimap.com/images/user/0/bangumi/262897/points/5fchw28on-1720625540873.jpg",
        "location": "伊豆半岛（等待大修）",
        "point_id": "5fchw28on",
        "point_name": "S2-13 伊豆サボテンパーク 正門",
        "remark": ""
      },
      "type": "Feature"
    },
    {
      "geometry": {
        "coordinates": [
          139.10168,
          34.906155
        ],
        "type": "Point"
      },
      "properties": {
        "bangumi_id": 262897,
        "bangumi_title": "摇曳露营△ 二期",
        "ep_cut": 13,
        "image_url": "https://w.junreimap.com/images/points/262897/5fchw2950_1673452461242.jpg",
        "location": "伊豆半岛（等待大修）",
        "point_id": "5fchw2950",
        "point_name": "S2-13 元祖カピバラの露天風呂",
        "remark": ""
      },
      "type": "Feature"
    },
    {
      "geometry": {
        "coordinates": [
          138.850773,
          34.975393
        ],
        "type": "Point"
      },
      "properties": {
        "bangumi_id": 262897,
        "bangumi_title": "摇曳露营△ 二期",
        "ep_cut": 13,
        "image_url": "https://w.junreimap.com/images/points/262897/5fchw28po_1673452461768.jpg",
        "location": "伊豆半岛（等待大修）",
        "point_id": "5fchw28po",
        "point_name": "S2-13 だるま山高原レストハウス駐車場",
        "remark": ""
      },
      "type": "Feature"
    },
    {
      "geometry": {
        "coordinates": [
          138.918697,
          34.977029
        ],
        "type": "Point"
      },
      "properties": {
        "bangumi_id": 262897,
        "bangumi_title": "摇曳露营△ 二期",
        "ep_cut": 13,
        "image_url": "https://w.junreimap.com/images/points/262897/5fchw290x_1673452462293.jpg",
        "location": "伊豆半岛（等待大修）",
        "point_id": "5fchw290x",
        "point_name": "S2-13 修善寺温泉案内標識",
        "remark": ""
      },
      "type": "Feature"
    },
    {
      "geometry": {
        "coordinates": [
          138.856943,
          34.973597
        ],
        "type": "Point"
      },
      "properties": {
        "bangumi_id": 262897,
        "bangumi_title": "摇曳露营△ 二期",
        "ep_cut": 12,
        "image_url": "https://w.junreimap.com/images/user/1093/bangumi/262897/points/2dd8fl7-1752172233911.jpg",
        "location": "伊豆半岛（等待大修）",
        "point_id": "2dd8fl7",
        "point_name": "だるま山高原キャンプ場",
        "remark": ""
      },
      "type": "Feature"
    },
    {
      "geometry": {
        "coordinates": [
          138.85689,
          34.973632
        ],
        "type": "Point"
      },
      "properties": {
        "bangumi_id": 262897,
        "bangumi_title": "摇曳露营△ 二期",
        "ep_cut": 12,
        "image_url": "https://w.junreimap.com/images/user/1093/bangumi/262897/points/2ddbit0-1752172352845.jpg",
        "location": "伊豆半岛（等待大修）",
        "point_id": "2ddbit0",
        "point_name": "だるま山高原キャンプ場",
        "remark": ""
      },
      "type": "Feature"
    },
    {
      "geometry": {
        "coordinates": [
          138.839294,
          34.954979
        ],
        "type": "Point"
      },
      "properties": {
        "bangumi_id": 262897,
        "bangumi_title": "摇曳露营△ 二期",
        "ep_cut": 16,
        "image_url": "https://w.junreimap.com/images/user/1093/bangumi/262897/points/2devyrs-1752175010519.jpg",
        "location": "伊豆半岛（等待大修）",
        "point_id": "2devyrs",
        "point_name": "達磨山山頂",
        "remark": ""
      },
      "type": "Feature"
    },
    {
      "geometry": {
        "coordinates": [
          138.837062,
          34.959791
        ],
        "type": "Point"
      },
      "properties": {
        "bangumi_id": 262897,
        "bangumi_title": "摇曳露营△ 二期",
        "ep_cut": 1,
        "image_url": "https://w.junreimap.com/images/points/262897/4495ekx_1755974723556.jpg",
        "location": "伊豆半岛（等待大修）",
        "point_id": "4495ekx",
        "point_name": "西伊豆スカイライン",
        "remark": "第一话芝麻凛和爸爸讨论伊豆时提到的著名景点\n都是是西伊豆skyline上的一个点，但原坐标便宜很大，隔了一座山峰。"
      },
      "type": "Feature"
    },
    {
      "geometry": {
        "coordinates": [
          138.837307,
          34.958218
        ],
        "type": "Point"
      },
      "properties": {
        "bangumi_id": 262897,
        "bangumi_title": "摇曳露营△ 二期",
        "ep_cut": 12,
        "image_url": "https://w.junreimap.com/images/user/1093/bangumi/262897/points/2dex83j-1752175053563.jpg",
        "location": "伊豆半岛（等待大修）",
        "point_id": "2dex83j",
        "point_name": "達磨山　登山道",
        "remark": ""
      },
      "type": "Feature"
    },
    {
      "geometry": {
        "coordinates": [
          138.839161,
          34.954851
        ],
        "type": "Point"
      },
      "properties": {
        "bangumi_id": 262897,
        "bangumi_title": "摇曳露营△ 二期",
        "ep_cut": 12,
        "image_url": "https://w.junreimap.com/images/user/1093/bangumi/262897/points/2df102n-1752175219969.jpg",
        "location": "伊豆半岛（等待大修）",
        "point_id": "2df102n",
        "point_name": "達磨山　山頂　日の出",
        "remark": ""
      },
      "type": "Feature"
    },
    {
      "geometry": {
        "coordinates": [
          139.104644,
          34.887854
        ],
        "type": "Point"
      },
      "properties": {
        "bangumi_id": 262897,
        "bangumi_title": "摇曳露营△ 二期",
        "ep_cut": 13,
        "image_url": "https://w.junreimap.com/images/user/1093/bangumi/262897/points/2df6hgb-1752175477136.jpg",
        "location": "伊豆半岛（等待大修）",
        "point_id": "2df6hgb",
        "point_name": "広井酒店　店内",
        "remark": "店内有大量的摇曳露营△周边贩卖，值得拜访"
      },
      "type": "Feature"
    },
    {
      "geometry": {
        "coordinates": [
          139.096001,
          34.905244
        ],
        "type": "Point"
      },
      "properties": {
        "bangumi_id": 262897,
        "bangumi_title": "摇曳露营△ 二期",
        "ep_cut": 13,
        "image_url": "https://w.junreimap.com/images/user/1093/bangumi/262897/points/2dfb8zp-1752175701253.jpg",
        "location": "伊豆半岛（等待大修）",
        "point_id": "2dfb8zp",
        "point_name": "大室山　山頂駅",
        "remark": ""
      },
      "type": "Feature"
    },
    {
      "geometry": {
        "coordinates": [
          139.096883,
          34.903621
        ],
        "type": "Point"
      },
      "properties": {
        "bangumi_id": 262897,
        "bangumi_title": "摇曳露营△ 二期",
        "ep_cut": 13,
        "image_url": "https://w.junreimap.com/images/user/1093/bangumi/262897/points/2dfd2ug-1752175790240.jpg",
        "location": "伊豆半岛（等待大修）",
        "point_id": "2dfd2ug",
        "point_name": "大室山　山頂",
        "remark": ""
      },
      "type": "Feature"
    },
    {
      "geometry": {
        "coordinates": [
          138.765913,
          34.84315
        ],
        "type": "Point"
      },
      "properties": {
        "bangumi_id": 262897,
        "bangumi_title": "摇曳露营△ 二期",
        "ep_cut": 11,
        "image_url": "https://w.junreimap.com/images/user/1093/bangumi/262897/points/2dfy3b3-1752176770131.jpg",
        "location": "伊豆半岛（等待大修）",
        "point_id": "2dfy3b3",
        "point_name": "キャンプ黄金崎",
        "remark": ""
      },
      "type": "Feature"
    },
    {
      "geometry": {
        "coordinates": [
          138.765596,
          34.843016
        ],
        "type": "Point"
      },
      "properties": {
        "bangumi_id": 262897,
        "bangumi_title": "摇曳露营△ 二期",
        "ep_cut": 11,
        "image_url": "https://w.junreimap.com/images/user/1093/bangumi/262897/points/2dg6jcy-1752177159146.jpg",
        "location": "伊豆半岛（等待大修）",
        "point_id": "2dg6jcy",
        "point_name": "キャンプ黄金崎",
        "remark": ""
      },
      "type": "Feature"
    },
    {
      "geometry": {
        "coordinates": [
          138.765796,
          34.843117
        ],
        "type": "Point"
      },
      "properties": {
        "bangumi_id": 262897,
        "bangumi_title": "摇曳露营△ 二期",
        "ep_cut": 11,
        "image_url": "https://w.junreimap.com/images/user/1093/bangumi/262897/points/2dg7l9k-1752177213791.jpg",
        "location": "伊豆半岛（等待大修）",
        "point_id": "2dg7l9k",
        "point_name": "キャンプ黄金崎",
        "remark": ""
      },
      "type": "Feature"
    },
    {
      "geometry": {
        "coordinates": [
          138.765674,
          34.843121
        ],
        "type": "Point"
      },
      "properties": {
        "bangumi_id": 262897,
        "bangumi_title": "摇曳露营△ 二期",
        "ep_cut": 11,
        "image_url": "https://w.junreimap.com/images/user/1093/bangumi/262897/points/2dg86u8-1752177238529.jpg",
        "location": "伊豆半岛（等待大修）",
        "point_id": "2dg86u8",
        "point_name": "キャンプ黄金崎",
        "remark": ""
      },
      "type": "Feature"
    },
    {
      "geometry": {
        "coordinates": [
          138.765886,
          34.843105
        ],
        "type": "Point"
      },
      "properties": {
        "bangumi_id": 262897,
        "bangumi_title": "摇曳露营△ 二期",
        "ep_cut": 11,
        "image_url": "https://w.junreimap.com/images/user/1093/bangumi/262897/points/2dg91yr-1752177278974.jpg",
        "location": "伊豆半岛（等待大修）",
        "point_id": "2dg91yr",
        "point_name": "キャンプ黄金崎",
        "remark": ""
      },
      "type": "Feature"
    },
    {
      "geometry": {
        "coordinates": [
          138.766154,
          34.84326
        ],
        "type": "Point"
      },
      "properties": {
        "bangumi_id": 262897,
        "bangumi_title": "摇曳露营△ 二期",
        "ep_cut": 11,
        "image_url": "https://w.junreimap.com/images/user/1093/bangumi/262897/points/2dg9o5m-1752177304042.jpg",
        "location": "伊豆半岛（等待大修）",
        "point_id": "2dg9o5m",
        "point_name": "キャンプ黄金崎",
        "remark": ""
      },
      "type": "Feature"
    },
    {
      "geometry": {
        "coordinates": [
          138.845664,
          34.602212
        ],
        "type": "Point"
      },
      "properties": {
        "bangumi_id": 262897,
        "bangumi_title": "摇曳露营△ 二期",
        "ep_cut": 10,
        "image_url": "https://w.junreimap.com/images/user/1093/bangumi/262897/points/2dgegcp-1752177557586.jpg",
        "location": "伊豆半岛（等待大修）",
        "point_id": "2dgegcp",
        "point_name": "伊豆半島最南端  石廊崎",
        "remark": "仅仅在介绍伊豆半岛地质公园时出现了这一画面，在动画中沒有实际到访过。但仍然非常值得一去"
      },
      "type": "Feature"
    },
    {
      "geometry": {
        "coordinates": [
          138.794474,
          34.692939
        ],
        "type": "Point"
      },
      "properties": {
        "bangumi_id": 262897,
        "bangumi_title": "摇曳露营△ 二期",
        "ep_cut": 10,
        "image_url": "https://w.junreimap.com/images/user/1093/bangumi/262897/points/2dglo9p-1752177867165.jpg",
        "location": "伊豆半岛（等待大修）",
        "point_id": "2dglo9p",
        "point_name": "伊勢海老の標語",
        "remark": "下面有摇曳露营△小牌子"
      },
      "type": "Feature"
    },
    {
      "geometry": {
        "coordinates": [
          138.951152,
          34.674601
        ],
        "type": "Point"
      },
      "properties": {
        "bangumi_id": 262897,
        "bangumi_title": "摇曳露营△ 二期",
        "ep_cut": 10,
        "image_url": "https://w.junreimap.com/images/user/1093/bangumi/262897/points/2dgyc33-1752178462521.jpg",
        "location": "伊豆半岛（等待大修）",
        "point_id": "2dgyc33",
        "point_name": "Cafe&Hamburger Ra-maru 店内",
        "remark": "店内的桌子和椅子和动画中完全一样"
      },
      "type": "Feature"
    },
    {
      "geometry": {
        "coordinates": [
          138.986532,
          34.658912
        ],
        "type": "Point"
      },
      "properties": {
        "bangumi_id": 262897,
        "bangumi_title": "摇曳露营△ 二期",
        "ep_cut": 10,
        "image_url": "https://w.junreimap.com/images/user/0/bangumi/262897/points/be5vwwi-1771811408625.jpg",
        "location": "伊豆半岛（等待大修）",
        "point_id": "be5vwwi",
        "point_name": "爪木埼灯台",
        "remark": ""
      },
      "type": "Feature"
    },
    {
      "geometry": {
        "coordinates": [
          138.532909,
          35.659361
        ],
        "type": "Point"
      },
      "properties": {
        "bangumi_id": 262897,
        "bangumi_title": "摇曳露营△ 二期",
        "ep_cut": 4,
        "image_url": "https://w.junreimap.com/images/points/262897/qr2up8_1748627977750.jpg",
        "location": "竜王駅-中央本线-山梨县",
        "point_id": "qr2up8",
        "point_name": "純手打ちそば処 藤義",
        "remark": "荞麦面馆，从龙王站打车4分钟正好1000日元（也可以步行半小时左右）。菜单第一页就是漫画对应页的菜品介绍（这道菜和作品里一模一样，非常好认）。冰水免费，也可单点饮品。停车场50台。TEL:055-279-3668。11AM~3PM/5PM~9PM。定休日周四。"
      },
      "type": "Feature"
    },
    {
      "geometry": {
        "coordinates": [
          138.532902,
          35.659401
        ],
        "type": "Point"
      },
      "properties": {
        "bangumi_id": 262897,
        "bangumi_title": "摇曳露营△ 二期",
        "ep_cut": 5,
        "image_url": "https://w.junreimap.com/images/points/262897/f5qgfmw_1780008856030.jpg",
        "location": "竜王駅-中央本线-山梨县",
        "point_id": "f5qgfmw",
        "point_name": "純手打ちそば処 藤義",
        "remark": "荞麦面馆，从龙王站打车4分钟正好1000日元（也可以步行半小时左右）。菜单第一页就是漫画对应页的菜品介绍（这道菜和作品里一模一样，非常好认）。冰水免费，也可单点饮品。停车场50台。TEL:055-279-3668。11AM~3PM/5PM~9PM。定休日周四。"
      },
      "type": "Feature"
    },
    {
      "geometry": {
        "coordinates": [
          138.532915,
          35.659451
        ],
        "type": "Point"
      },
      "properties": {
        "bangumi_id": 262897,
        "bangumi_title": "摇曳露营△ 二期",
        "ep_cut": 5,
        "image_url": "https://w.junreimap.com/images/points/262897/f5qgll3_1780008861774.jpg",
        "location": "竜王駅-中央本线-山梨县",
        "point_id": "f5qgll3",
        "point_name": "純手打ちそば処 藤義",
        "remark": "荞麦面馆，从龙王站打车4分钟正好1000日元（也可以步行半小时左右）。菜单第一页就是漫画对应页的菜品介绍（这道菜和作品里一模一样，非常好认）。冰水免费，也可单点饮品。停车场50台。TEL:055-279-3668。11AM~3PM/5PM~9PM。定休日周四。"
      },
      "type": "Feature"
    },
    {
      "geometry": {
        "coordinates": [
          138.532913,
          35.65942
        ],
        "type": "Point"
      },
      "properties": {
        "bangumi_id": 262897,
        "bangumi_title": "摇曳露营△ 二期",
        "ep_cut": 5,
        "image_url": "https://w.junreimap.com/images/points/262897/f5qgp7f_1780008867418.jpg",
        "location": "竜王駅-中央本线-山梨县",
        "point_id": "f5qgp7f",
        "point_name": "純手打ちそば処 藤義",
        "remark": "荞麦面馆，从龙王站打车4分钟正好1000日元（也可以步行半小时左右）。菜单第一页就是漫画对应页的菜品介绍（这道菜和作品里一模一样，非常好认）。冰水免费，也可单点饮品。停车场50台。TEL:055-279-3668。11AM~3PM/5PM~9PM。定休日周四。"
      },
      "type": "Feature"
    },
    {
      "geometry": {
        "coordinates": [
          138.532924,
          35.659468
        ],
        "type": "Point"
      },
      "properties": {
        "bangumi_id": 262897,
        "bangumi_title": "摇曳露营△ 二期",
        "ep_cut": 7,
        "image_url": "https://w.junreimap.com/images/points/262897/f5qgsoy_1780008870868.jpg",
        "location": "竜王駅-中央本线-山梨县",
        "point_id": "f5qgsoy",
        "point_name": "純手打ちそば処 藤義",
        "remark": "荞麦面馆，从龙王站打车4分钟正好1000日元（也可以步行半小时左右）。菜单第一页就是漫画对应页的菜品介绍（这道菜和作品里一模一样，非常好认）。冰水免费，也可单点饮品。停车场50台。TEL:055-279-3668。11AM~3PM/5PM~9PM。定休日周四。"
      },
      "type": "Feature"
    },
    {
      "geometry": {
        "coordinates": [
          138.532952,
          35.659476
        ],
        "type": "Point"
      },
      "properties": {
        "bangumi_id": 262897,
        "bangumi_title": "摇曳露营△ 二期",
        "ep_cut": 7,
        "image_url": "https://w.junreimap.com/images/points/262897/f5qgvek_1780008874428.jpg",
        "location": "竜王駅-中央本线-山梨县",
        "point_id": "f5qgvek",
        "point_name": "純手打ちそば処 藤義",
        "remark": "荞麦面馆，从龙王站打车4分钟正好1000日元（也可以步行半小时左右）。菜单第一页就是漫画对应页的菜品介绍（这道菜和作品里一模一样，非常好认）。冰水免费，也可单点饮品。停车场50台。TEL:055-279-3668。11AM~3PM/5PM~9PM。定休日周四。"
      },
      "type": "Feature"
    },
    {
      "geometry": {
        "coordinates": [
          138.532887,
          35.659445
        ],
        "type": "Point"
      },
      "properties": {
        "bangumi_id": 262897,
        "bangumi_title": "摇曳露营△ 二期",
        "ep_cut": 9,
        "image_url": "https://w.junreimap.com/images/points/262897/f5qfqq9_1780008821999.jpg",
        "location": "竜王駅-中央本线-山梨县",
        "point_id": "f5qfqq9",
        "point_name": "純手打ちそば処 藤義",
        "remark": "荞麦面馆，从龙王站打车4分钟正好1000日元（也可以步行半小时左右）。菜单第一页就是漫画对应页的菜品介绍（这道菜和作品里一模一样，非常好认）。冰水免费，也可单点饮品。停车场50台。TEL:055-279-3668。11AM~3PM/5PM~9PM。定休日周四。"
      },
      "type": "Feature"
    },
    {
      "geometry": {
        "coordinates": [
          138.532904,
          35.659438
        ],
        "type": "Point"
      },
      "properties": {
        "bangumi_id": 262897,
        "bangumi_title": "摇曳露营△ 二期",
        "ep_cut": 4,
        "image_url": "https://w.junreimap.com/images/points/262897/f5qftuk_1780008825640.jpg",
        "location": "竜王駅-中央本线-山梨县",
        "point_id": "f5qftuk",
        "point_name": "純手打ちそば処 藤義",
        "remark": "荞麦面馆，从龙王站打车4分钟正好1000日元（也可以步行半小时左右）。菜单第一页就是漫画对应页的菜品介绍（这道菜和作品里一模一样，非常好认）。冰水免费，也可单点饮品。停车场50台。TEL:055-279-3668。11AM~3PM/5PM~9PM。定休日周四。"
      },
      "type": "Feature"
    },
    {
      "geometry": {
        "coordinates": [
          138.532867,
          35.659453
        ],
        "type": "Point"
      },
      "properties": {
        "bangumi_id": 262897,
        "bangumi_title": "摇曳露营△ 二期",
        "ep_cut": 4,
        "image_url": "https://w.junreimap.com/images/points/262897/f5qfvxj_1780008828258.jpg",
        "location": "竜王駅-中央本线-山梨县",
        "point_id": "f5qfvxj",
        "point_name": "純手打ちそば処 藤義",
        "remark": "荞麦面馆，从龙王站打车4分钟正好1000日元（也可以步行半小时左右）。菜单第一页就是漫画对应页的菜品介绍（这道菜和作品里一模一样，非常好认）。冰水免费，也可单点饮品。停车场50台。TEL:055-279-3668。11AM~3PM/5PM~9PM。定休日周四。"
      },
      "type": "Feature"
    },
    {
      "geometry": {
        "coordinates": [
          138.532883,
          35.659432
        ],
        "type": "Point"
      },
      "properties": {
        "bangumi_id": 262897,
        "bangumi_title": "摇曳露营△ 二期",
        "ep_cut": 4,
        "image_url": "https://w.junreimap.com/images/points/262897/f5qfz36_1780008832743.jpg",
        "location": "竜王駅-中央本线-山梨县",
        "point_id": "f5qfz36",
        "point_name": "純手打ちそば処 藤義",
        "remark": "荞麦面馆，从龙王站打车4分钟正好1000日元（也可以步行半小时左右）。菜单第一页就是漫画对应页的菜品介绍（这道菜和作品里一模一样，非常好认）。冰水免费，也可单点饮品。停车场50台。TEL:055-279-3668。11AM~3PM/5PM~9PM。定休日周四。"
      },
      "type": "Feature"
    },
    {
      "geometry": {
        "coordinates": [
          138.532861,
          35.659439
        ],
        "type": "Point"
      },
      "properties": {
        "bangumi_id": 262897,
        "bangumi_title": "摇曳露营△ 二期",
        "ep_cut": 4,
        "image_url": "https://w.junreimap.com/images/points/262897/f5qg1i7_1780008835646.jpg",
        "location": "竜王駅-中央本线-山梨县",
        "point_id": "f5qg1i7",
        "point_name": "純手打ちそば処 藤義",
        "remark": "荞麦面馆，从龙王站打车4分钟正好1000日元（也可以步行半小时左右）。菜单第一页就是漫画对应页的菜品介绍（这道菜和作品里一模一样，非常好认）。冰水免费，也可单点饮品。停车场50台。TEL:055-279-3668。11AM~3PM/5PM~9PM。定休日周四。"
      },
      "type": "Feature"
    },
    {
      "geometry": {
        "coordinates": [
          138.532899,
          35.659425
        ],
        "type": "Point"
      },
      "properties": {
        "bangumi_id": 262897,
        "bangumi_title": "摇曳露营△ 二期",
        "ep_cut": 4,
        "image_url": "https://w.junreimap.com/images/points/262897/f5qg33c_1780008837699.jpg",
        "location": "竜王駅-中央本线-山梨县",
        "point_id": "f5qg33c",
        "point_name": "純手打ちそば処 藤義",
        "remark": "荞麦面馆，从龙王站打车4分钟正好1000日元（也可以步行半小时左右）。菜单第一页就是漫画对应页的菜品介绍（这道菜和作品里一模一样，非常好认）。冰水免费，也可单点饮品。停车场50台。TEL:055-279-3668。11AM~3PM/5PM~9PM。定休日周四。"
      },
      "type": "Feature"
    },
    {
      "geometry": {
        "coordinates": [
          138.532846,
          35.659446
        ],
        "type": "Point"
      },
      "properties": {
        "bangumi_id": 262897,
        "bangumi_title": "摇曳露营△ 二期",
        "ep_cut": 4,
        "image_url": "https://w.junreimap.com/images/points/262897/f5qg6dg_1780008842232.jpg",
        "location": "竜王駅-中央本线-山梨县",
        "point_id": "f5qg6dg",
        "point_name": "純手打ちそば処 藤義",
        "remark": "荞麦面馆，从龙王站打车4分钟正好1000日元（也可以步行半小时左右）。菜单第一页就是漫画对应页的菜品介绍（这道菜和作品里一模一样，非常好认）。冰水免费，也可单点饮品。停车场50台。TEL:055-279-3668。11AM~3PM/5PM~9PM。定休日周四。"
      },
      "type": "Feature"
    },
    {
      "geometry": {
        "coordinates": [
          138.532851,
          35.65946
        ],
        "type": "Point"
      },
      "properties": {
        "bangumi_id": 262897,
        "bangumi_title": "摇曳露营△ 二期",
        "ep_cut": 4,
        "image_url": "https://w.junreimap.com/images/points/262897/f5qg8hw_1780008844753.jpg",
        "location": "竜王駅-中央本线-山梨县",
        "point_id": "f5qg8hw",
        "point_name": "純手打ちそば処 藤義",
        "remark": "荞麦面馆，从龙王站打车4分钟正好1000日元（也可以步行半小时左右）。菜单第一页就是漫画对应页的菜品介绍（这道菜和作品里一模一样，非常好认）。冰水免费，也可单点饮品。停车场50台。TEL:055-279-3668。11AM~3PM/5PM~9PM。定休日周四。"
      },
      "type": "Feature"
    },
    {
      "geometry": {
        "coordinates": [
          138.532918,
          35.659431
        ],
        "type": "Point"
      },
      "properties": {
        "bangumi_id": 262897,
        "bangumi_title": "摇曳露营△ 二期",
        "ep_cut": 4,
        "image_url": "https://w.junreimap.com/images/points/262897/f5qga7m_1780008847335.jpg",
        "location": "竜王駅-中央本线-山梨县",
        "point_id": "f5qga7m",
        "point_name": "純手打ちそば処 藤義",
        "remark": "荞麦面馆，从龙王站打车4分钟正好1000日元（也可以步行半小时左右）。菜单第一页就是漫画对应页的菜品介绍（这道菜和作品里一模一样，非常好认）。冰水免费，也可单点饮品。停车场50台。TEL:055-279-3668。11AM~3PM/5PM~9PM。定休日周四。"
      },
      "type": "Feature"
    },
    {
      "geometry": {
        "coordinates": [
          138.532926,
          35.659416
        ],
        "type": "Point"
      },
      "properties": {
        "bangumi_id": 262897,
        "bangumi_title": "摇曳露营△ 二期",
        "ep_cut": 4,
        "image_url": "https://w.junreimap.com/images/points/262897/f5qgd4q_1780008850874.jpg",
        "location": "竜王駅-中央本线-山梨县",
        "point_id": "f5qgd4q",
        "point_name": "純手打ちそば処 藤義",
        "remark": "荞麦面馆，从龙王站打车4分钟正好1000日元（也可以步行半小时左右）。菜单第一页就是漫画对应页的菜品介绍（这道菜和作品里一模一样，非常好认）。冰水免费，也可单点饮品。停车场50台。TEL:055-279-3668。11AM~3PM/5PM~9PM。定休日周四。"
      },
      "type": "Feature"
    },
    {
      "geometry": {
        "coordinates": [
          138.5256,
          35.19826
        ],
        "type": "Point"
      },
      "properties": {
        "bangumi_id": 262897,
        "bangumi_title": "摇曳露营△ 二期",
        "ep_cut": 13,
        "image_url": "https://w.junreimap.com/images/points/262897/5fchw28q0_1673452462819.jpg",
        "location": "白鸟山 - 芝川站",
        "point_id": "5fchw28q0",
        "point_name": "南部町案内標識",
        "remark": ""
      },
      "type": "Feature"
    },
    {
      "geometry": {
        "coordinates": [
          138.03293,
          34.752022
        ],
        "type": "Point"
      },
      "properties": {
        "bangumi_id": 262897,
        "bangumi_title": "摇曳露营△ 二期",
        "ep_cut": 2,
        "image_url": "https://w.junreimap.com/images/user/1093/bangumi/262897/points/5fchw279x-1754723405046.jpg",
        "location": "日本茶きみくら本店 - 挂川市",
        "point_id": "5fchw279x",
        "point_name": "日本茶きみくら 本店 外",
        "remark": ""
      },
      "type": "Feature"
    },
    {
      "geometry": {
        "coordinates": [
          138.032857,
          34.752071
        ],
        "type": "Point"
      },
      "properties": {
        "bangumi_id": 262897,
        "bangumi_title": "摇曳露营△ 二期",
        "ep_cut": 2,
        "image_url": "https://w.junreimap.com/images/user/1093/bangumi/262897/points/3jk48pj-1754723352326.jpg",
        "location": "日本茶きみくら本店 - 挂川市",
        "point_id": "3jk48pj",
        "point_name": "日本茶きみくら 本店 外",
        "remark": ""
      },
      "type": "Feature"
    },
    {
      "geometry": {
        "coordinates": [
          138.032775,
          34.752096
        ],
        "type": "Point"
      },
      "properties": {
        "bangumi_id": 262897,
        "bangumi_title": "摇曳露营△ 二期",
        "ep_cut": 2,
        "image_url": "https://w.junreimap.com/images/points/262897/f5onevr_1780005823002.jpg",
        "location": "日本茶きみくら本店 - 挂川市",
        "point_id": "f5onevr",
        "point_name": "日本茶きみくら 本店 外",
        "remark": ""
      },
      "type": "Feature"
    },
    {
      "geometry": {
        "coordinates": [
          138.032859,
          34.752025
        ],
        "type": "Point"
      },
      "properties": {
        "bangumi_id": 262897,
        "bangumi_title": "摇曳露营△ 二期",
        "ep_cut": 2,
        "image_url": "https://w.junreimap.com/images/points/262897/f5ovgxr_1780006198174.jpg",
        "location": "日本茶きみくら本店 - 挂川市",
        "point_id": "f5ovgxr",
        "point_name": "日本茶きみくら 本店 外",
        "remark": ""
      },
      "type": "Feature"
    },
    {
      "geometry": {
        "coordinates": [
          138.032745,
          34.752045
        ],
        "type": "Point"
      },
      "properties": {
        "bangumi_id": 262897,
        "bangumi_title": "摇曳露营△ 二期",
        "ep_cut": 2,
        "image_url": "https://w.junreimap.com/images/user/1093/bangumi/262897/points/3jk0vcq-1754723210751.jpg",
        "location": "日本茶きみくら本店 - 挂川市",
        "point_id": "3jk0vcq",
        "point_name": "日本茶きみくら 本店",
        "remark": ""
      },
      "type": "Feature"
    },
    {
      "geometry": {
        "coordinates": [
          138.032763,
          34.752066
        ],
        "type": "Point"
      },
      "properties": {
        "bangumi_id": 262897,
        "bangumi_title": "摇曳露营△ 二期",
        "ep_cut": 2,
        "image_url": "https://w.junreimap.com/images/points/262897/f5oje3h_1780005632843.jpg",
        "location": "日本茶きみくら本店 - 挂川市",
        "point_id": "f5oje3h",
        "point_name": "日本茶きみくら 本店",
        "remark": ""
      },
      "type": "Feature"
    },
    {
      "geometry": {
        "coordinates": [
          138.032743,
          34.752075
        ],
        "type": "Point"
      },
      "properties": {
        "bangumi_id": 262897,
        "bangumi_title": "摇曳露营△ 二期",
        "ep_cut": 2,
        "image_url": "https://w.junreimap.com/images/points/262897/f5omemz_1780005773808.jpg",
        "location": "日本茶きみくら本店 - 挂川市",
        "point_id": "f5omemz",
        "point_name": "日本茶きみくら 本店",
        "remark": ""
      },
      "type": "Feature"
    },
    {
      "geometry": {
        "coordinates": [
          138.032734,
          34.752064
        ],
        "type": "Point"
      },
      "properties": {
        "bangumi_id": 262897,
        "bangumi_title": "摇曳露营△ 二期",
        "ep_cut": 2,
        "image_url": "https://w.junreimap.com/images/points/262897/f5omiyu_1780005779127.jpg",
        "location": "日本茶きみくら本店 - 挂川市",
        "point_id": "f5omiyu",
        "point_name": "日本茶きみくら 本店",
        "remark": ""
      },
      "type": "Feature"
    },
    {
      "geometry": {
        "coordinates": [
          138.032733,
          34.752079
        ],
        "type": "Point"
      },
      "properties": {
        "bangumi_id": 262897,
        "bangumi_title": "摇曳露营△ 二期",
        "ep_cut": 2,
        "image_url": "https://w.junreimap.com/images/points/262897/f5omna3_1780005785487.jpg",
        "location": "日本茶きみくら本店 - 挂川市",
        "point_id": "f5omna3",
        "point_name": "日本茶きみくら 本店",
        "remark": ""
      },
      "type": "Feature"
    },
    {
      "geometry": {
        "coordinates": [
          138.032722,
          34.75207
        ],
        "type": "Point"
      },
      "properties": {
        "bangumi_id": 262897,
        "bangumi_title": "摇曳露营△ 二期",
        "ep_cut": 2,
        "image_url": "https://w.junreimap.com/images/points/262897/f5omr0x_1780005789446.jpg",
        "location": "日本茶きみくら本店 - 挂川市",
        "point_id": "f5omr0x",
        "point_name": "日本茶きみくら 本店",
        "remark": ""
      },
      "type": "Feature"
    },
    {
      "geometry": {
        "coordinates": [
          138.032776,
          34.752027
        ],
        "type": "Point"
      },
      "properties": {
        "bangumi_id": 262897,
        "bangumi_title": "摇曳露营△ 二期",
        "ep_cut": 2,
        "image_url": "https://w.junreimap.com/images/user/1093/bangumi/262897/points/3jk30pa-1754723299600.jpg",
        "location": "日本茶きみくら本店 - 挂川市",
        "point_id": "3jk30pa",
        "point_name": "日本茶きみくら 本店",
        "remark": ""
      },
      "type": "Feature"
    },
    {
      "geometry": {
        "coordinates": [
          138.032749,
          34.75207
        ],
        "type": "Point"
      },
      "properties": {
        "bangumi_id": 262897,
        "bangumi_title": "摇曳露营△ 二期",
        "ep_cut": 2,
        "image_url": "https://w.junreimap.com/images/points/262897/f5on50y_1780005807894.jpg",
        "location": "日本茶きみくら本店 - 挂川市",
        "point_id": "f5on50y",
        "point_name": "日本茶きみくら 本店",
        "remark": ""
      },
      "type": "Feature"
    },
    {
      "geometry": {
        "coordinates": [
          138.032758,
          34.752072
        ],
        "type": "Point"
      },
      "properties": {
        "bangumi_id": 262897,
        "bangumi_title": "摇曳露营△ 二期",
        "ep_cut": 2,
        "image_url": "https://w.junreimap.com/images/points/262897/f5on8b0_1780005812844.jpg",
        "location": "日本茶きみくら本店 - 挂川市",
        "point_id": "f5on8b0",
        "point_name": "日本茶きみくら 本店",
        "remark": ""
      },
      "type": "Feature"
    },
    {
      "geometry": {
        "coordinates": [
          138.03275,
          34.752079
        ],
        "type": "Point"
      },
      "properties": {
        "bangumi_id": 262897,
        "bangumi_title": "摇曳露营△ 二期",
        "ep_cut": 2,
        "image_url": "https://w.junreimap.com/images/points/262897/f5onby1_1780005816517.jpg",
        "location": "日本茶きみくら本店 - 挂川市",
        "point_id": "f5onby1",
        "point_name": "日本茶きみくら 本店",
        "remark": ""
      },
      "type": "Feature"
    },
    {
      "geometry": {
        "coordinates": [
          138.03266,
          34.752068
        ],
        "type": "Point"
      },
      "properties": {
        "bangumi_id": 262897,
        "bangumi_title": "摇曳露营△ 二期",
        "ep_cut": 2,
        "image_url": "https://w.junreimap.com/images/user/1093/bangumi/262897/points/3jk97tw-1754723586928.jpg",
        "location": "日本茶きみくら本店 - 挂川市",
        "point_id": "3jk97tw",
        "point_name": "日本茶きみくら 本店",
        "remark": ""
      },
      "type": "Feature"
    },
    {
      "geometry": {
        "coordinates": [
          138.032685,
          34.752097
        ],
        "type": "Point"
      },
      "properties": {
        "bangumi_id": 262897,
        "bangumi_title": "摇曳露营△ 二期",
        "ep_cut": 2,
        "image_url": "https://w.junreimap.com/images/user/1093/bangumi/262897/points/3jk9umw-1754723613539.jpg",
        "location": "日本茶きみくら本店 - 挂川市",
        "point_id": "3jk9umw",
        "point_name": "日本茶きみくら 本店",
        "remark": "窗外沒有树林，是制茶厂的厂房.... 志摩凛点的是「抹茶ティラミスと緑茶セット（1000円）」"
      },
      "type": "Feature"
    },
    {
      "geometry": {
        "coordinates": [
          138.032673,
          34.752085
        ],
        "type": "Point"
      },
      "properties": {
        "bangumi_id": 262897,
        "bangumi_title": "摇曳露营△ 二期",
        "ep_cut": 2,
        "image_url": "https://w.junreimap.com/images/points/262897/f5ovxe6_1780006220409.jpg",
        "location": "日本茶きみくら本店 - 挂川市",
        "point_id": "f5ovxe6",
        "point_name": "日本茶きみくら 本店",
        "remark": ""
      },
      "type": "Feature"
    },
    {
      "geometry": {
        "coordinates": [
          138.032692,
          34.752109
        ],
        "type": "Point"
      },
      "properties": {
        "bangumi_id": 262897,
        "bangumi_title": "摇曳露营△ 二期",
        "ep_cut": 2,
        "image_url": "https://w.junreimap.com/images/points/262897/f5ow1mw_1780006223720.jpg",
        "location": "日本茶きみくら本店 - 挂川市",
        "point_id": "f5ow1mw",
        "point_name": "日本茶きみくら 本店",
        "remark": ""
      },
      "type": "Feature"
    },
    {
      "geometry": {
        "coordinates": [
          138.032682,
          34.752123
        ],
        "type": "Point"
      },
      "properties": {
        "bangumi_id": 262897,
        "bangumi_title": "摇曳露营△ 二期",
        "ep_cut": 2,
        "image_url": "https://w.junreimap.com/images/points/262897/f5ow4s0_1780006228800.jpg",
        "location": "日本茶きみくら本店 - 挂川市",
        "point_id": "f5ow4s0",
        "point_name": "日本茶きみくら 本店",
        "remark": ""
      },
      "type": "Feature"
    },
    {
      "geometry": {
        "coordinates": [
          138.032704,
          34.75212
        ],
        "type": "Point"
      },
      "properties": {
        "bangumi_id": 262897,
        "bangumi_title": "摇曳露营△ 二期",
        "ep_cut": 2,
        "image_url": "https://w.junreimap.com/images/user/1093/bangumi/262897/points/3jkfd1y-1754723873547.jpg",
        "location": "日本茶きみくら本店 - 挂川市",
        "point_id": "3jkfd1y",
        "point_name": "日本茶きみくら 本店",
        "remark": "拍照对比用。志摩凛点的是「抹茶ティラミスと緑茶セット（1000円）」"
      },
      "type": "Feature"
    },
    {
      "geometry": {
        "coordinates": [
          137.259056,
          36.142814
        ],
        "type": "Point"
      },
      "properties": {
        "bangumi_id": 262897,
        "bangumi_title": "摇曳露营△ 二期",
        "ep_cut": 1,
        "image_url": "https://w.junreimap.com/images/points/262897/45do68t_1756042796135.jpg",
        "location": "高山市-岐阜县",
        "point_id": "45do68t",
        "point_name": "飛騨小町",
        "remark": "EP1犬子提到会在高山过新年。右侧的店铺在现实中是“飛騨小町”，飞驒牛可丽饼（飛騨牛コロッケ）是店内名物。"
      },
      "type": "Feature"
    },
    {
      "geometry": {
        "coordinates": [
          137.259472,
          36.141782
        ],
        "type": "Point"
      },
      "properties": {
        "bangumi_id": 262897,
        "bangumi_title": "摇曳露营△ 二期",
        "ep_cut": 4,
        "image_url": "https://w.junreimap.com/images/points/262897/45dqwc5_1756042912875.jpg",
        "location": "高山市-岐阜县",
        "point_id": "45dqwc5",
        "point_name": "三町",
        "remark": "後方的荞麦面店是现实中的“志田”"
      },
      "type": "Feature"
    },
    {
      "geometry": {
        "coordinates": [
          137.552763,
          36.192543
        ],
        "type": "Point"
      },
      "properties": {
        "bangumi_id": 262897,
        "bangumi_title": "摇曳露营△ 二期",
        "ep_cut": 4,
        "image_url": "https://w.junreimap.com/images/points/262897/45dtmtj_1756043042821.jpg",
        "location": "高山市-岐阜县",
        "point_id": "45dtmtj",
        "point_name": "奥飛騨温泉郷平湯",
        "remark": "平湯温泉参考点位，实际整个区域都是平汤温泉乡"
      },
      "type": "Feature"
    },
    {
      "geometry": {
        "coordinates": [
          137.895518,
          35.73489
        ],
        "type": "Point"
      },
      "properties": {
        "bangumi_id": 262897,
        "bangumi_title": "摇曳露营△ 二期",
        "ep_cut": 1,
        "image_url": "https://w.junreimap.com/images/user/2168/bangumi/262897/points/45ljpam-1756056020264.jpg",
        "location": "駒根市-长野县",
        "point_id": "45ljpam",
        "point_name": "早太郎像",
        "remark": "此时芝麻凛脑海中浮现的是第一季中出现过的光前寺早太郎像。"
      },
      "type": "Feature"
    },
    {
      "geometry": {
        "coordinates": [
          137.603739,
          34.688356
        ],
        "type": "Point"
      },
      "properties": {
        "bangumi_id": 262897,
        "bangumi_title": "摇曳露营△ 二期",
        "ep_cut": "联动相关",
        "image_url": "https://w.junreimap.com/images/user/0/bangumi/262897/points/4vc9w5s-1785620592788.webp",
        "location": "弁天島（滨松市-静冈）",
        "point_id": "4vc9w5s",
        "point_name": "圣地巡礼纪念指示牌",
        "remark": "大概在这个位置附近的草地上有圣地巡礼纪念指示牌"
      },
      "type": "Feature"
    }
  ],
  "type": "FeatureCollection"
}