{
  "features": [
    {
      "geometry": {
        "coordinates": [
          136.654386,
          35.451401
        ],
        "type": "Point"
      },
      "properties": {
        "bangumi_id": 282372,
        "bangumi_title": "安达与岛村",
        "ep_cut": 10,
        "image_url": "https://w.junreimap.com/images/points/282372/il57h5cjt_1710588049657.jpg",
        "location": "モレラ岐阜 周辺",
        "point_id": "il57h5cjt",
        "point_name": "1. 本巣市立土貴野小学校",
        "remark": "樽见和岛村的小学母校的原型，岛村妹也正在这里上学。在小说第四卷第二章中，樽见与岛村一起出去玩时就是在这个校门口集合的。之后她们前往了「31. 鉄板厨房天てん 北方店」「這一天，我站在約定的地點，也就是小學的校門口。雖然很好奇竟然不是約在車站前面，不過樽見好像有想好要去哪裡，於是我就把整件事都交給她決定了。」柚原もけ版漫画：19话21页动画：第10话14:15"
      },
      "type": "Feature"
    },
    {
      "geometry": {
        "coordinates": [
          136.666523,
          35.449729
        ],
        "type": "Point"
      },
      "properties": {
        "bangumi_id": 282372,
        "bangumi_title": "安达与岛村",
        "ep_cut": 1,
        "image_url": "https://w.junreimap.com/images/points/282372/il57h5dby_1710588053280.jpg",
        "location": "モレラ岐阜 周辺",
        "point_id": "il57h5dby",
        "point_name": "2.1 古墳公園通り",
        "remark": "动画第1话20:37，俩人一起去往岛村家的路上经过的小桥。※ 这里是住宅区，注意音量与举止"
      },
      "type": "Feature"
    },
    {
      "geometry": {
        "coordinates": [
          136.66671,
          35.449745
        ],
        "type": "Point"
      },
      "properties": {
        "bangumi_id": 282372,
        "bangumi_title": "安达与岛村",
        "ep_cut": 1,
        "image_url": "https://w.junreimap.com/images/points/282372/il57h5djx_1710588268386.jpg",
        "location": "モレラ岐阜 周辺",
        "point_id": "il57h5djx",
        "point_name": "2.2 电线杆",
        "remark": ""
      },
      "type": "Feature"
    },
    {
      "geometry": {
        "coordinates": [
          136.666852,
          35.450122
        ],
        "type": "Point"
      },
      "properties": {
        "bangumi_id": 282372,
        "bangumi_title": "安达与岛村",
        "ep_cut": 1,
        "image_url": "https://w.junreimap.com/images/points/282372/il57h5dtp_1710588269010.jpg",
        "location": "モレラ岐阜 周辺",
        "point_id": "il57h5dtp",
        "point_name": "2.3 岛村模仿飞机的地方",
        "remark": "『心裡這股小小的興奮，賜給了我一雙翅膀。「模仿飛機，咻～」我試著將雙手往水平方向伸直，行走一小段路。距離開始對此感到難為情，還需要幾步呢？』"
      },
      "type": "Feature"
    },
    {
      "geometry": {
        "coordinates": [
          136.66657,
          35.449286
        ],
        "type": "Point"
      },
      "properties": {
        "bangumi_id": 282372,
        "bangumi_title": "安达与岛村",
        "ep_cut": "",
        "image_url": "",
        "location": "モレラ岐阜 周辺",
        "point_id": "il57h5dt3",
        "point_name": "2.4 推荐的拍摄点",
        "remark": "「2.1 古墳公園通り」的照片要在这里拍"
      },
      "type": "Feature"
    },
    {
      "geometry": {
        "coordinates": [
          136.671261,
          35.457767
        ],
        "type": "Point"
      },
      "properties": {
        "bangumi_id": 282372,
        "bangumi_title": "安达与岛村",
        "ep_cut": 6,
        "image_url": "https://w.junreimap.com/images/points/282372/il57h5db3_1710588269403.jpg",
        "location": "モレラ岐阜 周辺",
        "point_id": "il57h5db3",
        "point_name": "3. 見延公園",
        "remark": "小说第二卷「白色相簿」中，安达投掷回旋镖并宣言要成为岛村最要好朋友的公园。「在購物中心前方那條道路對面、旁邊有汽車駕訓班的公園裡，除了我們以外沒有其他人在。放寒假的小朋友們應該都待在家裡打電動吧。生鏽的遊樂器材暴露在冬天的寒風中，上頭快要剝落的塗料一角因而製造出受到寒風吹拂的聲響。」动画：第6话20:26原文中提到的汽車駕訓班就是「4. 北方自動車学校」"
      },
      "type": "Feature"
    },
    {
      "geometry": {
        "coordinates": [
          136.673181,
          35.458396
        ],
        "type": "Point"
      },
      "properties": {
        "bangumi_id": 282372,
        "bangumi_title": "安达与岛村",
        "ep_cut": "",
        "image_url": "",
        "location": "モレラ岐阜 周辺",
        "point_id": "il57h5d8s",
        "point_name": "4. 北方自動車学校",
        "remark": "小说第四卷第三章安达骑车到购物中心（6. モレラ岐阜）时经过的驾校。「我經過汽車駕訓班前面，穿過西裝店的停車場，最後來到曾和島村來過幾次的購物中心。我也沒其他地方可以消磨時間，來這裡或許正好。」"
      },
      "type": "Feature"
    },
    {
      "geometry": {
        "coordinates": [
          136.676042,
          35.455124
        ],
        "type": "Point"
      },
      "properties": {
        "bangumi_id": 282372,
        "bangumi_title": "安达与岛村",
        "ep_cut": "",
        "image_url": "",
        "location": "モレラ岐阜 周辺",
        "point_id": "il57h5dbk",
        "point_name": "5. 洋服の青山 本巣店",
        "remark": "小说第四卷第三章安达骑车到购物中心（6. モレラ岐阜）时经过的西裝店。「我經過汽車駕訓班前面，穿過西裝店的停車場，最後來到曾和島村來過幾次的購物中心。我也沒其他地方可以消磨時間，來這裡或許正好。」"
      },
      "type": "Feature"
    },
    {
      "geometry": {
        "coordinates": [
          136.673477,
          35.45628
        ],
        "type": "Point"
      },
      "properties": {
        "bangumi_id": 282372,
        "bangumi_title": "安达与岛村",
        "ep_cut": 3,
        "image_url": "https://w.junreimap.com/images/points/282372/il57h5d8j_1710580676549.jpg",
        "location": "モレラ岐阜 周辺",
        "point_id": "il57h5d8j",
        "point_name": "6. モレラ岐阜",
        "remark": "小说:    第一卷「等邊TRIANGLE」中，安达与岛村第一次一起在周末来这里玩结果遇到了社妹    第二卷「白色相簿」中，安达与岛村第一次圣诞约会的地点    第三卷第一章中，安达特意带岛村到这里看情人节海报并提出要送巧克力的地方    第三卷第三章中，岛村带妹妹和社妹来这里看电影    第四卷第三章中，安达在这里的宠物店偶遇樽见和占卜师    第五卷第三话中，安达在岛村之刃后在这里和岛村和好    第九卷第四章中，安达与岛村第二次圣诞约会的地点动画:    第3话13:40    第6话12:43    第3话13:06柚原もけ版漫画：第5话p1书中出现了超多次的购物中心，说是安达与岛村的主题公园也不为过。※ 设施本身禁止拍摄，如有需要请联系相关人员获取许可地图：https://malera-gifu.com/floorguide/"
      },
      "type": "Feature"
    },
    {
      "geometry": {
        "coordinates": [
          136.679637,
          35.454299
        ],
        "type": "Point"
      },
      "properties": {
        "bangumi_id": 282372,
        "bangumi_title": "安达与岛村",
        "ep_cut": 3,
        "image_url": "https://w.junreimap.com/images/points/282372/il57h5dhh_1710580687902.jpg",
        "location": "モレラ岐阜 周辺",
        "point_id": "il57h5dhh",
        "point_name": "7. 鞍掛神社",
        "remark": "动画：    第3话06:03、06:24、07:27（社妹露脸）    第7话10:20（社妹与岛村妹相见）神社供奉着素盏鸣命（スサノオノミコト），据说有消除厄运、结缘和招财进宝的功效。"
      },
      "type": "Feature"
    },
    {
      "geometry": {
        "coordinates": [
          136.674882,
          35.451429
        ],
        "type": "Point"
      },
      "properties": {
        "bangumi_id": 282372,
        "bangumi_title": "安达与岛村",
        "ep_cut": "",
        "image_url": "",
        "location": "モレラ岐阜 周辺",
        "point_id": "il57h5dyo",
        "point_name": "8. 眼鏡市場 岐阜本巣店",
        "remark": "小说第三卷「制服PINPON」中，岛村在放学后找安达时路过的眼镜行。「本來在猶豫要不要去加油站旁邊的便利商店看看，不過最後還是打消念頭，橫越眼鏡行那座沒停半輛客人車子的停車場。」"
      },
      "type": "Feature"
    },
    {
      "geometry": {
        "coordinates": [
          136.674892,
          35.443312
        ],
        "type": "Point"
      },
      "properties": {
        "bangumi_id": 282372,
        "bangumi_title": "安达与岛村",
        "ep_cut": 2,
        "image_url": "https://w.junreimap.com/images/points/282372/il57h5dq8_1710580699952.jpg",
        "location": "モレラ岐阜 周辺",
        "point_id": "il57h5dq8",
        "point_name": "9.1 岐阜第一高等学校",
        "remark": "动画中的学校原型。原本是男子学校，但现在已经变成了混合学校。疑似入间人间母校。"
      },
      "type": "Feature"
    },
    {
      "geometry": {
        "coordinates": [
          136.675621,
          35.44446
        ],
        "type": "Point"
      },
      "properties": {
        "bangumi_id": 282372,
        "bangumi_title": "安达与岛村",
        "ep_cut": 4,
        "image_url": "https://w.junreimap.com/images/points/282372/il57h5ddz_1710588269875.jpg",
        "location": "モレラ岐阜 周辺",
        "point_id": "il57h5ddz",
        "point_name": "9.2 河边道路",
        "remark": "动画第4话15:24，安达骑自行车去卡拉OK时经过的河边道路"
      },
      "type": "Feature"
    },
    {
      "geometry": {
        "coordinates": [
          136.6763,
          35.442879
        ],
        "type": "Point"
      },
      "properties": {
        "bangumi_id": 282372,
        "bangumi_title": "安达与岛村",
        "ep_cut": 4,
        "image_url": "https://w.junreimap.com/images/points/282372/il57h5drw_1710588270373.jpg",
        "location": "モレラ岐阜 周辺",
        "point_id": "il57h5drw",
        "point_name": "9.3 河堤",
        "remark": "动画第4话15:14，安达骑自行车去卡拉OK时经过的河堤※ 注意要到对岸去拍照\n在偏下的位置"
      },
      "type": "Feature"
    },
    {
      "geometry": {
        "coordinates": [
          136.673772,
          35.443354
        ],
        "type": "Point"
      },
      "properties": {
        "bangumi_id": 282372,
        "bangumi_title": "安达与岛村",
        "ep_cut": 2,
        "image_url": "https://w.junreimap.com/images/points/282372/il57h5dvn_1710580745116.jpg",
        "location": "モレラ岐阜 周辺",
        "point_id": "il57h5dvn",
        "point_name": "9.4 校门",
        "remark": ""
      },
      "type": "Feature"
    },
    {
      "geometry": {
        "coordinates": [
          136.675037,
          35.4428
        ],
        "type": "Point"
      },
      "properties": {
        "bangumi_id": 282372,
        "bangumi_title": "安达与岛村",
        "ep_cut": 1,
        "image_url": "https://w.junreimap.com/images/points/282372/il5hm3n8a_1710580829756.jpg",
        "location": "モレラ岐阜 周辺",
        "point_id": "il5hm3n8a",
        "point_name": "岐阜第一高等学校体育館",
        "remark": "岐阜第一高等学校的体育馆。"
      },
      "type": "Feature"
    },
    {
      "geometry": {
        "coordinates": [
          136.674044,
          35.44147
        ],
        "type": "Point"
      },
      "properties": {
        "bangumi_id": 282372,
        "bangumi_title": "安达与岛村",
        "ep_cut": "",
        "image_url": "",
        "location": "モレラ岐阜 周辺",
        "point_id": "il57h5dmz",
        "point_name": "10.1 リカーマウンテン 北方店",
        "remark": "动画第9话安达与岛村在放学后去名古屋路上经过的地方"
      },
      "type": "Feature"
    },
    {
      "geometry": {
        "coordinates": [
          136.67441,
          35.441611
        ],
        "type": "Point"
      },
      "properties": {
        "bangumi_id": 282372,
        "bangumi_title": "安达与岛村",
        "ep_cut": 9,
        "image_url": "https://w.junreimap.com/images/points/282372/il57h5dxo_1710588270904.jpg",
        "location": "モレラ岐阜 周辺",
        "point_id": "il57h5dxo",
        "point_name": "10.2 红绿灯",
        "remark": "动画第9话05:53"
      },
      "type": "Feature"
    },
    {
      "geometry": {
        "coordinates": [
          136.674231,
          35.441315
        ],
        "type": "Point"
      },
      "properties": {
        "bangumi_id": 282372,
        "bangumi_title": "安达与岛村",
        "ep_cut": 9,
        "image_url": "https://w.junreimap.com/images/points/282372/il57h5duf_1710588271485.jpg",
        "location": "モレラ岐阜 周辺",
        "point_id": "il57h5duf",
        "point_name": "10.3 停车场",
        "remark": "动画第9话06:00"
      },
      "type": "Feature"
    },
    {
      "geometry": {
        "coordinates": [
          136.675994,
          35.436676
        ],
        "type": "Point"
      },
      "properties": {
        "bangumi_id": 282372,
        "bangumi_title": "安达与岛村",
        "ep_cut": "",
        "image_url": "",
        "location": "モレラ岐阜 周辺",
        "point_id": "il57h5eqb",
        "point_name": "11. ファミリーマート本巣上真桑店",
        "remark": "原作第一卷「制服PINPON」中，安达经常坐的栏杆旁边的便利商店。「本來在猶豫要不要去加油站旁邊的便利商店看看，不過最後還是打消念頭，橫越眼鏡行那座沒停半輛客人車子的停車場。」"
      },
      "type": "Feature"
    },
    {
      "geometry": {
        "coordinates": [
          136.676353,
          35.436616
        ],
        "type": "Point"
      },
      "properties": {
        "bangumi_id": 282372,
        "bangumi_title": "安达与岛村",
        "ep_cut": "",
        "image_url": "https://w.junreimap.com/images/points/282372/il57h5elw_1710582045367.jpg",
        "location": "モレラ岐阜 周辺",
        "point_id": "il57h5elw",
        "point_name": "11.1 安达常坐的栏杆",
        "remark": "原作第一卷「制服PINPON」中，安达经常坐的栏杆动画则是改为了东京的「4. ベンチ」まに版漫画：第2话p5"
      },
      "type": "Feature"
    },
    {
      "geometry": {
        "coordinates": [
          136.676545,
          35.436042
        ],
        "type": "Point"
      },
      "properties": {
        "bangumi_id": 282372,
        "bangumi_title": "安达与岛村",
        "ep_cut": "",
        "image_url": "",
        "location": "モレラ岐阜 周辺",
        "point_id": "il57h5e3y",
        "point_name": "12. 出光 セルフ北方 SS（岐西興産）",
        "remark": "原作第一卷「制服PINPON」中，安达经常坐的栏杆旁边的加油站。「大約在通過了加油站前面的時候，日野突然指向前方，在確認我們的視線沿著看去之後便立刻收手。」"
      },
      "type": "Feature"
    },
    {
      "geometry": {
        "coordinates": [
          136.688777,
          35.440122
        ],
        "type": "Point"
      },
      "properties": {
        "bangumi_id": 282372,
        "bangumi_title": "安达与岛村",
        "ep_cut": 7,
        "image_url": "https://w.junreimap.com/images/points/282372/il57h5egn_1710584384354.jpg",
        "location": "モレラ岐阜 周辺",
        "point_id": "il57h5egn",
        "point_name": "13.1 高橋米穀店",
        "remark": "动画中「永藤肉店」的原型动画：    第3话00:23、12:16    第7话15:41    第8话14:27"
      },
      "type": "Feature"
    },
    {
      "geometry": {
        "coordinates": [
          136.689442,
          35.440159
        ],
        "type": "Point"
      },
      "properties": {
        "bangumi_id": 282372,
        "bangumi_title": "安达与岛村",
        "ep_cut": 11,
        "image_url": "https://w.junreimap.com/images/points/282372/il57h5efm_1710588271981.jpg",
        "location": "モレラ岐阜 周辺",
        "point_id": "il57h5efm",
        "point_name": "13.3 旁边的店铺",
        "remark": "动画第11话17:22，岛村偶遇妹妹和社妹时的背景"
      },
      "type": "Feature"
    },
    {
      "geometry": {
        "coordinates": [
          136.689596,
          35.440486
        ],
        "type": "Point"
      },
      "properties": {
        "bangumi_id": 282372,
        "bangumi_title": "安达与岛村",
        "ep_cut": 11,
        "image_url": "https://w.junreimap.com/images/points/282372/il57h5enp_1710588272639.jpg",
        "location": "モレラ岐阜 周辺",
        "point_id": "il57h5enp",
        "point_name": "14.1 ファミリーマート 北方加茂店",
        "remark": "动画第11话17:27，岛村偶遇妹妹和社妹在这里吃蛋糕。不过在原作小说第四卷附錄「社妹來訪者６」剧情中，实际岛村并没有出场。动画里吃的是草莓蛋糕（えちごしょーと），小说中吃的则是「形狀類似草莓蛋糕的千層蛋糕」（ミルクレープ）"
      },
      "type": "Feature"
    },
    {
      "geometry": {
        "coordinates": [
          136.689742,
          35.440319
        ],
        "type": "Point"
      },
      "properties": {
        "bangumi_id": 282372,
        "bangumi_title": "安达与岛村",
        "ep_cut": 11,
        "image_url": "https://w.junreimap.com/images/points/282372/il57h5ee4_1710588273214.jpg",
        "location": "モレラ岐阜 周辺",
        "point_id": "il57h5ee4",
        "point_name": "14.2 电线杆",
        "remark": "动画第11话17:32，岛村与社妹对话的电线杆"
      },
      "type": "Feature"
    },
    {
      "geometry": {
        "coordinates": [
          136.696662,
          35.437626
        ],
        "type": "Point"
      },
      "properties": {
        "bangumi_id": 282372,
        "bangumi_title": "安达与岛村",
        "ep_cut": "",
        "image_url": "",
        "location": "モレラ岐阜 周辺",
        "point_id": "il57h5e9f",
        "point_name": "15. 岐阜県立 岐阜農林高等学校",
        "remark": "小说第八卷「第一次旅行的一角①」中，岛村在修学旅行中提到的农业高中。「原來也有學校的教育旅行時間跟地點跟我們一樣啊──我如此心想，目送穿著綠色制服的人群離開。我們那裡的農業高中制服也是綠色的，不過他們的顏色比農業高中的還要更暗一點。」"
      },
      "type": "Feature"
    },
    {
      "geometry": {
        "coordinates": [
          136.701257,
          35.435252
        ],
        "type": "Point"
      },
      "properties": {
        "bangumi_id": 282372,
        "bangumi_title": "安达与岛村",
        "ep_cut": "",
        "image_url": "https://w.junreimap.com/images/points/282372/ilhtid8b2_1710608463031.jpg",
        "location": "モレラ岐阜 周辺",
        "point_id": "ilhtid8b2",
        "point_name": "又丸公園",
        "remark": "小说SS封面场景所在地，岛村向安达求婚的公园，也是岛村小时候经常和樽见一起玩的公园，旁边有神社。「追寻着记忆，来到了被树木环绕绿意盎然的公园。这是个建在神社附近的公园，我以前……经常和最要好的朋友一起来。」"
      },
      "type": "Feature"
    },
    {
      "geometry": {
        "coordinates": [
          136.701603,
          35.435259
        ],
        "type": "Point"
      },
      "properties": {
        "bangumi_id": 282372,
        "bangumi_title": "安达与岛村",
        "ep_cut": "",
        "image_url": "",
        "location": "モレラ岐阜 周辺",
        "point_id": "ilhyym0uw",
        "point_name": "津島神社",
        "remark": "又丸公园旁边的神社。"
      },
      "type": "Feature"
    },
    {
      "geometry": {
        "coordinates": [
          136.681449,
          35.4326
        ],
        "type": "Point"
      },
      "properties": {
        "bangumi_id": 282372,
        "bangumi_title": "安达与岛村",
        "ep_cut": "",
        "image_url": "",
        "location": "モレラ岐阜 周辺",
        "point_id": "il57h5e5n",
        "point_name": "16. アピタ 北方店",
        "remark": "小说第八卷「第一次旅行的一角①」中，安达与岛村在学校的自行车停车场谈论去旧金山旅行时提到的购物中心「可是舊金有近到可以說去就去嗎？她是當作去MALera嗎？還是當作去APiTA？」"
      },
      "type": "Feature"
    },
    {
      "geometry": {
        "coordinates": [
          136.683227,
          35.430736
        ],
        "type": "Point"
      },
      "properties": {
        "bangumi_id": 282372,
        "bangumi_title": "安达与岛村",
        "ep_cut": "",
        "image_url": "",
        "location": "モレラ岐阜 周辺",
        "point_id": "il57h5ehn",
        "point_name": "17. 平成公園",
        "remark": "小说第二卷「島村思考中聖誕節進行中」中，岛村与永藤买完回旋镖后试玩的地方。「我們離開停車場，前往位於附近牛丼店後方的噴水廣場。」「雖然廣場上有個三條銀色的線不斷轉來轉去的謎樣物體，不過這裡的樹很少，所以應該還滿適合丟迴力鏢的吧。」"
      },
      "type": "Feature"
    },
    {
      "geometry": {
        "coordinates": [
          136.683595,
          35.430269
        ],
        "type": "Point"
      },
      "properties": {
        "bangumi_id": 282372,
        "bangumi_title": "安达与岛村",
        "ep_cut": "",
        "image_url": "",
        "location": "モレラ岐阜 周辺",
        "point_id": "il57h5ejv",
        "point_name": "18. すき家 岐阜北方店",
        "remark": "小说第二卷「島村思考中聖誕節進行中」中，岛村与永藤买完回旋镖后提到的牛丼店。「我們離開停車場，前往位於附近牛丼店後方的噴水廣場。」"
      },
      "type": "Feature"
    },
    {
      "geometry": {
        "coordinates": [
          136.673174,
          35.453124
        ],
        "type": "Point"
      },
      "properties": {
        "bangumi_id": 282372,
        "bangumi_title": "安达与岛村",
        "ep_cut": "",
        "image_url": "https://w.junreimap.com/images/points/282372/kn2r6q4vt_1716374862086.jpg",
        "location": "モレラ岐阜",
        "point_id": "kn2r6q4vt",
        "point_name": "1F ORANGE PLAZA 東入口",
        "remark": ""
      },
      "type": "Feature"
    },
    {
      "geometry": {
        "coordinates": [
          136.671872,
          35.453327
        ],
        "type": "Point"
      },
      "properties": {
        "bangumi_id": 282372,
        "bangumi_title": "安达与岛村",
        "ep_cut": "",
        "image_url": "https://w.junreimap.com/images/points/282372/kn2sf6ezx_1716374862909.jpg",
        "location": "モレラ岐阜",
        "point_id": "kn2sf6ezx",
        "point_name": "1F ORANGE PLAZA 西入口",
        "remark": ""
      },
      "type": "Feature"
    },
    {
      "geometry": {
        "coordinates": [
          136.672517,
          35.453099
        ],
        "type": "Point"
      },
      "properties": {
        "bangumi_id": 282372,
        "bangumi_title": "安达与岛村",
        "ep_cut": "",
        "image_url": "",
        "location": "モレラ岐阜",
        "point_id": "il57h5epu",
        "point_name": "1F ミスタードーナツモレラ岐阜ショップ",
        "remark": "小说第九卷中出现的甜甜圈店「島村用很小的動作指著甜甜圈店內。面對窗戶的明亮空間瀰漫著甜甜香氣，以及中華料理的味道。午餐時間似乎有出料理類的供人內用。」"
      },
      "type": "Feature"
    },
    {
      "geometry": {
        "coordinates": [
          136.672799,
          35.45394
        ],
        "type": "Point"
      },
      "properties": {
        "bangumi_id": 282372,
        "bangumi_title": "安达与岛村",
        "ep_cut": "",
        "image_url": "https://w.junreimap.com/images/points/282372/il57h5e8w_1716374863648.jpg",
        "location": "モレラ岐阜",
        "point_id": "il57h5e8w",
        "point_name": "1F おひつごはん四六時中 モレラ岐阜店",
        "remark": "小说第三卷中出现的日式定食店。「洋式點心店的對面是日式定食店，他們的電視螢幕正在播放鮪魚祭的畫面。在那個螢幕的光芒照射下，也是挺沒有氣氛的。」（圣地巡礼册子里写动画第7话中也有出场，但没找到在哪）"
      },
      "type": "Feature"
    },
    {
      "geometry": {
        "coordinates": [
          136.672711,
          35.454074
        ],
        "type": "Point"
      },
      "properties": {
        "bangumi_id": 282372,
        "bangumi_title": "安达与岛村",
        "ep_cut": 7,
        "image_url": "https://w.junreimap.com/images/points/282372/il57h5e6b_1710588273802.jpg",
        "location": "モレラ岐阜",
        "point_id": "il57h5e6b",
        "point_name": "1F ビアードパパモレラ岐阜店",
        "remark": "小说第三卷中出现的甜甜圈店。「店面有著黃色的招牌，上頭有鬍子老爺爺的圖像。店名寫著貝……貝兒……貝兒德？BEARD？麵團的香味飄散過來，搔弄著喉嚨深處。店內有賣螺旋麵包跟餅乾泡芙，還有起司蛋糕。」动画：第7话15:05まに版漫画：第13话p17柚原もけ版漫画：第14话p12"
      },
      "type": "Feature"
    },
    {
      "geometry": {
        "coordinates": [
          136.672798,
          35.454291
        ],
        "type": "Point"
      },
      "properties": {
        "bangumi_id": 282372,
        "bangumi_title": "安达与岛村",
        "ep_cut": "",
        "image_url": "",
        "location": "モレラ岐阜",
        "point_id": "il57h5efq",
        "point_name": "1F しゃぶ菜 モレラ岐阜",
        "remark": "小说第三卷中出现的涮涮菜。「我們經過肯德基前面，經過大戶屋前面，最後再經過涮涮菜（註：日本涮涮鍋吃到飽連鎖店名）前面後，來到了別條路上。」"
      },
      "type": "Feature"
    },
    {
      "geometry": {
        "coordinates": [
          136.672894,
          35.454675
        ],
        "type": "Point"
      },
      "properties": {
        "bangumi_id": 282372,
        "bangumi_title": "安达与岛村",
        "ep_cut": 7,
        "image_url": "https://w.junreimap.com/images/points/282372/il57h5e5g_1710588274519.jpg",
        "location": "モレラ岐阜",
        "point_id": "il57h5e5g",
        "point_name": "1F 五穀 岐阜美濃店",
        "remark": "动画第7话14:16出现的背景"
      },
      "type": "Feature"
    },
    {
      "geometry": {
        "coordinates": [
          136.673027,
          35.454541
        ],
        "type": "Point"
      },
      "properties": {
        "bangumi_id": 282372,
        "bangumi_title": "安达与岛村",
        "ep_cut": "",
        "image_url": "",
        "location": "モレラ岐阜",
        "point_id": "il57h5e2d",
        "point_name": "1F 大戸屋 モレラ岐阜店",
        "remark": "小说第三卷中出现的大戶屋。「我們經過肯德基前面，經過大戶屋前面，最後再經過涮涮菜（註：日本涮涮鍋吃到飽連鎖店名）前面後，來到了別條路上。」"
      },
      "type": "Feature"
    },
    {
      "geometry": {
        "coordinates": [
          136.673053,
          35.454657
        ],
        "type": "Point"
      },
      "properties": {
        "bangumi_id": 282372,
        "bangumi_title": "安达与岛村",
        "ep_cut": "",
        "image_url": "",
        "location": "モレラ岐阜",
        "point_id": "il57h5e6j",
        "point_name": "1F ケンタッキー モレラ岐阜店",
        "remark": "小说第三卷中出现的肯德基。「我們經過肯德基前面，經過大戶屋前面，最後再經過涮涮菜（註：日本涮涮鍋吃到飽連鎖店名）前面後，來到了別條路上。」"
      },
      "type": "Feature"
    },
    {
      "geometry": {
        "coordinates": [
          136.673506,
          35.455255
        ],
        "type": "Point"
      },
      "properties": {
        "bangumi_id": 282372,
        "bangumi_title": "安达与岛村",
        "ep_cut": "",
        "image_url": "",
        "location": "モレラ岐阜",
        "point_id": "il57h5edl",
        "point_name": "1F エディオンモレラ岐阜店",
        "remark": "小说第三卷中出现的EDION。「介紹上映中電影的牌子就位在我們的斜後方，一對由上到下看著那塊牌子的男女也牽著手。嗯，那才是普通情況。還有，走向EDION（註：日本連鎖家電量販店）的親子檔也是小男孩跟母親牽著手。」"
      },
      "type": "Feature"
    },
    {
      "geometry": {
        "coordinates": [
          136.673627,
          35.455464
        ],
        "type": "Point"
      },
      "properties": {
        "bangumi_id": 282372,
        "bangumi_title": "安达与岛村",
        "ep_cut": 7,
        "image_url": "https://w.junreimap.com/images/points/282372/il57h5e88_1710588274991.jpg",
        "location": "モレラ岐阜",
        "point_id": "il57h5e88",
        "point_name": "1F JACK IN THE DONUTS モレラ岐阜店",
        "remark": "小说第三卷中出现的甜甜圈店。「位在入口旁邊的這間甜甜圈店幾乎沒有牆壁，在外面都能看見櫃檯的全貌。而這同時代表店員也可以看到我們。」动画：第7话13:50まに版漫画：第13话p14柚原もけ版漫画：第14话p11"
      },
      "type": "Feature"
    },
    {
      "geometry": {
        "coordinates": [
          136.673063,
          35.456232
        ],
        "type": "Point"
      },
      "properties": {
        "bangumi_id": 282372,
        "bangumi_title": "安达与岛村",
        "ep_cut": 11,
        "image_url": "https://w.junreimap.com/images/points/282372/il57h5e66_1710582425704.jpg",
        "location": "モレラ岐阜",
        "point_id": "il57h5e66",
        "point_name": "1F ニトリ モレラ岐阜店",
        "remark": "动画11话04:26出现的商店"
      },
      "type": "Feature"
    },
    {
      "geometry": {
        "coordinates": [
          136.673561,
          35.456122
        ],
        "type": "Point"
      },
      "properties": {
        "bangumi_id": 282372,
        "bangumi_title": "安达与岛村",
        "ep_cut": 11,
        "image_url": "https://w.junreimap.com/images/points/282372/il57h5e7g_1710588275647.jpg",
        "location": "モレラ岐阜",
        "point_id": "il57h5e7g",
        "point_name": "1F ワンラブ（ONE LOVE) モレラ岐阜店",
        "remark": "小说第四卷中安达偶遇樽见的宠物店。「當我煩惱著這種事情走在邊緣走道上時，忽然聽見了很吵雜的聲音。那不是人的聲音，是動物的叫聲。我只轉動雙眼確認聲音來源，看來是間寵物店。最近新開的這間寵物店不只有狗跟貓，還有魚，而且現在好像還有羊──店家是這麼寫的。」动画：11话4:30安达的浏览顺序：熱帯魚 => 昆虫・爬虫類 => 鳥 => 犬・猫"
      },
      "type": "Feature"
    },
    {
      "geometry": {
        "coordinates": [
          136.672546,
          35.454618
        ],
        "type": "Point"
      },
      "properties": {
        "bangumi_id": 282372,
        "bangumi_title": "安达与岛村",
        "ep_cut": "",
        "image_url": "https://w.junreimap.com/images/points/282372/il57h5e97_1710582516832.jpg",
        "location": "モレラ岐阜",
        "point_id": "il57h5e97",
        "point_name": "1F インフォメーション総合案内",
        "remark": "小说第二卷中圣诞约会的见面地点。「決定要約在購物中心裡的市內綜合服務處的人是我。」まに版漫画：第12话p2柚原もけ版漫画：第12话p3安达提前了15分钟（10:45）开始等待，岛村则是在约定时间的前五分钟（10:55）到达。"
      },
      "type": "Feature"
    },
    {
      "geometry": {
        "coordinates": [
          136.673791,
          35.456375
        ],
        "type": "Point"
      },
      "properties": {
        "bangumi_id": 282372,
        "bangumi_title": "安达与岛村",
        "ep_cut": 11,
        "image_url": "https://w.junreimap.com/images/points/282372/il57h5e0n_1710588276424.jpg",
        "location": "モレラ岐阜",
        "point_id": "il57h5e0n",
        "point_name": "1F ゴールドゲート東入口",
        "remark": "小说第四卷中安达哭泣着离开商场时走的出入口。「我走往附近的入口，準備就這樣離開購物中心。」动画：11话06:06"
      },
      "type": "Feature"
    },
    {
      "geometry": {
        "coordinates": [
          136.672395,
          35.454067
        ],
        "type": "Point"
      },
      "properties": {
        "bangumi_id": 282372,
        "bangumi_title": "安达与岛村",
        "ep_cut": 6,
        "image_url": "https://w.junreimap.com/images/points/282372/il57h5efx_1710588279152.jpg",
        "location": "モレラ岐阜",
        "point_id": "il57h5efx",
        "point_name": "2F BLUE PLAZA",
        "remark": "动画中多次出现了同一个 PLAZA，但现实的モレラ岐阜中没有一个 PLAZA 能完美符合动画。感兴趣的话可以结合剧情前后的店面位置找最近的就好。"
      },
      "type": "Feature"
    },
    {
      "geometry": {
        "coordinates": [
          136.672416,
          35.453905
        ],
        "type": "Point"
      },
      "properties": {
        "bangumi_id": 282372,
        "bangumi_title": "安达与岛村",
        "ep_cut": 6,
        "image_url": "https://w.junreimap.com/images/points/282372/il57h5e7o_1710588279843.jpg",
        "location": "モレラ岐阜",
        "point_id": "il57h5e7o",
        "point_name": "1F エスカレーター・BLUE PLAZA",
        "remark": "动画第6话 14:20 和 14:37，安达第一次尝试握岛村手的电梯。小说里坐的是另一边 ROSE PLAZA 的电梯。"
      },
      "type": "Feature"
    },
    {
      "geometry": {
        "coordinates": [
          136.672549,
          35.454665
        ],
        "type": "Point"
      },
      "properties": {
        "bangumi_id": 282372,
        "bangumi_title": "安达与岛村",
        "ep_cut": "",
        "image_url": "",
        "location": "モレラ岐阜",
        "point_id": "il57h5e5z",
        "point_name": "1F エスカレーター・ROSE PLAZA",
        "remark": "小说第二卷中，安达第一次尝试握岛村手的电梯。「綜合服務處的後面就有一個電扶梯。在來到電扶梯前時，我的視線飄往了島村不斷擺動的手。」小说里坐的是另一边 BLUE PLAZA 的电梯。"
      },
      "type": "Feature"
    },
    {
      "geometry": {
        "coordinates": [
          136.67391,
          35.456363
        ],
        "type": "Point"
      },
      "properties": {
        "bangumi_id": 282372,
        "bangumi_title": "安达与岛村",
        "ep_cut": 11,
        "image_url": "https://w.junreimap.com/images/points/282372/il57h5eij_1710588280352.jpg",
        "location": "モレラ岐阜",
        "point_id": "il57h5eij",
        "point_name": "1F HUNT ディーラー前",
        "remark": "小说第四卷第三章「月與決心」中，安达离开商场时遇到占卜师的停车场。「原本是打算先盡快到外頭，再走到腳踏車停車場。不過在走到能看見入口時，我的視線不經意飄向了入口前面的一個地方。牆邊有個人在擺攤子。」动画：11话06:40、08:12"
      },
      "type": "Feature"
    },
    {
      "geometry": {
        "coordinates": [
          136.672076,
          35.452346
        ],
        "type": "Point"
      },
      "properties": {
        "bangumi_id": 282372,
        "bangumi_title": "安达与岛村",
        "ep_cut": "",
        "image_url": "",
        "location": "モレラ岐阜",
        "point_id": "il57h5ebl",
        "point_name": "1F スーパーマーケットバローモレラ店",
        "remark": "小说第一卷「等邊TRIANGLE」中，社妹带安达与岛村就餐时提到的内部超市。「社妹帶我們來到購物中心內部超市前面的店。」※ 已于 2022.2.13 歇业"
      },
      "type": "Feature"
    },
    {
      "geometry": {
        "coordinates": [
          136.671949,
          35.45276
        ],
        "type": "Point"
      },
      "properties": {
        "bangumi_id": 282372,
        "bangumi_title": "安达与岛村",
        "ep_cut": 3,
        "image_url": "https://w.junreimap.com/images/points/282372/il57h5eqi_1710588281148.jpg",
        "location": "モレラ岐阜",
        "point_id": "il57h5eqi",
        "point_name": "1F CHEZ MADU モレラ岐阜店",
        "remark": "小说第一卷第四章中，社妹带安达与岛村吃的餐厅。「社妹帶我們來到購物中心內部超市前面的店。從店門口招牌來看，這間店是以披薩、義大利麵與歐姆蛋舒芙蕾為賣點。」动画：第3话15:58まに版漫画：第8话p2、p3柚原もけ版漫画：第5话p11安达与岛村点的是：ベーコンとズッキーニのピザ、完熟トマトのパスタ社妹点的是：ふわふわオムスフレ※ 现已歇业"
      },
      "type": "Feature"
    },
    {
      "geometry": {
        "coordinates": [
          136.672902,
          35.453927
        ],
        "type": "Point"
      },
      "properties": {
        "bangumi_id": 282372,
        "bangumi_title": "安达与岛村",
        "ep_cut": 6,
        "image_url": "https://w.junreimap.com/images/points/282372/il57h5eff_1710588281577.jpg",
        "location": "モレラ岐阜",
        "point_id": "il57h5eff",
        "point_name": "1F フレッシュネスバーガー モレラ岐阜店",
        "remark": "小说第二卷第六章中，安达与岛村圣诞约会后的午餐餐厅。「我們在打完六局空氣曲棍球之後，便轉移陣地來到一樓的鮮堡裡喝茶。雖然已經過了中午，以午餐來說算有點晚，不過我們也順便在這裡吃了午餐。」动画：第6话17:15小说点餐：    安达：アイスコーヒー    岛村：バーガー、ポテトセット、アイスコーヒー动画点餐：    安达：クラシックバーガー、フライドポテト、アイスコーヒー、ケチャップ    岛村：クラシックチーズバーガー＋パティ1枚追加、オニオンリング、コーンスープ※ 现已歇业"
      },
      "type": "Feature"
    },
    {
      "geometry": {
        "coordinates": [
          136.672212,
          35.454025
        ],
        "type": "Point"
      },
      "properties": {
        "bangumi_id": 282372,
        "bangumi_title": "安达与岛村",
        "ep_cut": "",
        "image_url": "",
        "location": "モレラ岐阜",
        "point_id": "il57h5e40",
        "point_name": "2F illusie300 岐阜モレラ店",
        "remark": "小说第三卷第三章中，一行人前往影院路上经过的三百元店。「我們走過三百圓商店和鞋店前面，抵達大大地用英文寫著某某電影院的地方。」※ 已于 2024.1.14 歇业"
      },
      "type": "Feature"
    },
    {
      "geometry": {
        "coordinates": [
          136.673384,
          35.455199
        ],
        "type": "Point"
      },
      "properties": {
        "bangumi_id": 282372,
        "bangumi_title": "安达与岛村",
        "ep_cut": 6,
        "image_url": "https://w.junreimap.com/images/points/282372/il57h5e6f_1710588298888.jpg",
        "location": "モレラ岐阜",
        "point_id": "il57h5e6f",
        "point_name": "2F ラウンドワンモレラ岐阜店",
        "remark": "游乐场小说第一卷第四章中，俩人与社妹一起在其中玩了保龄球。（社妹使用了蓝色的球）「吃完午餐之後，我們來到購物中心裡的遊樂場。吃完就回去的話也沒什麼意思，所以我和安達討論要不要在裡面逛逛買東西，隨即有個小朋友說這裡似乎很好玩而嬉鬧。缺乏自主性的我與安達，就這樣順其自然被帶來遊樂場。」小说第二卷第六章中，俩人一起在这里玩空气曲棍球。「從推錢機旁邊經過，再繞過賓果遊戲的龐大機台後，我要找的東西就映入了眼簾。位於遊樂場深處的這個空氣曲棍球機台正是我要找的東西。」动画：    第3话18:50    第6话16:01、16:02、16:09まに版漫画：第8话p18柚原もけ版漫画：第5话p24、第12话p15"
      },
      "type": "Feature"
    },
    {
      "geometry": {
        "coordinates": [
          136.672388,
          35.455812
        ],
        "type": "Point"
      },
      "properties": {
        "bangumi_id": 282372,
        "bangumi_title": "安达与岛村",
        "ep_cut": "",
        "image_url": "",
        "location": "モレラ岐阜",
        "point_id": "il57h5ea5",
        "point_name": "2F ABC-MART モレラ岐阜店",
        "remark": "小说第三卷第三章中，一行人前往影院路上经过的鞋店。「我們走過三百圓商店和鞋店前面，抵達大大地用英文寫著某某電影院的地方。」（圣地巡礼册子里写动画第8话中也有出场，但没找到在哪）"
      },
      "type": "Feature"
    },
    {
      "geometry": {
        "coordinates": [
          136.672577,
          35.456681
        ],
        "type": "Point"
      },
      "properties": {
        "bangumi_id": 282372,
        "bangumi_title": "安达与岛村",
        "ep_cut": "",
        "image_url": "",
        "location": "モレラ岐阜",
        "point_id": "il57h5e50",
        "point_name": "2F TSUTAYA BOOKSTORE モレラ岐阜",
        "remark": "小说第三卷第三章中，在遇到岛村前日野原本打算去的书店。『「沒有，我只是來買漫畫。」啊，原來她是想去二樓最裡面的書店啊。』（圣地巡礼册子里写动画第8话中也有出场，但没找到在哪）"
      },
      "type": "Feature"
    },
    {
      "geometry": {
        "coordinates": [
          136.673477,
          35.45628
        ],
        "type": "Point"
      },
      "properties": {
        "bangumi_id": 282372,
        "bangumi_title": "安达与岛村",
        "ep_cut": 8,
        "image_url": "https://w.junreimap.com/images/points/282372/il57h5dzg_1710588299505.jpg",
        "location": "モレラ岐阜",
        "point_id": "il57h5dzg",
        "point_name": "2F TOHO シネマズモレラ岐阜",
        "remark": "小说第三卷第三章中，岛村与妹妹、社妹、日野一起去的电影院。「日野看著電影上映的時間表，然後像是想起什麼事似地說：「啊，對了。」」动画：第8话12:00（动画里日野没去）小说中社妹吃的是焦糖爆米花，动画则是咸味爆米花。"
      },
      "type": "Feature"
    },
    {
      "geometry": {
        "coordinates": [
          136.672389,
          35.453802
        ],
        "type": "Point"
      },
      "properties": {
        "bangumi_id": 282372,
        "bangumi_title": "安达与岛村",
        "ep_cut": 6,
        "image_url": "https://w.junreimap.com/images/points/282372/il57h5eok_1710588300128.jpg",
        "location": "モレラ岐阜",
        "point_id": "il57h5eok",
        "point_name": "2F BLUE PLAZA 2階 エスカレーター手前",
        "remark": "动画第6话14:53，安达握手失败后与岛村对话的地方。实际小说里岛村为了避免妨碍到其他行人，并没有在扶梯口处直接开始对话。"
      },
      "type": "Feature"
    },
    {
      "geometry": {
        "coordinates": [
          136.672695,
          35.45555
        ],
        "type": "Point"
      },
      "properties": {
        "bangumi_id": 282372,
        "bangumi_title": "安达与岛村",
        "ep_cut": 6,
        "image_url": "https://w.junreimap.com/images/points/282372/il57h5egc_1710588300553.jpg",
        "location": "モレラ岐阜",
        "point_id": "il57h5egc",
        "point_name": "2F 椅子",
        "remark": "小说第二卷第六章中，安达与岛村交换圣诞礼物的地方。「把剩下的咖啡在最後一口氣喝完以後，我們就離開了鮮堡。之後我們決定再上到二樓，坐到並排在電扶梯旁的兩張椅子上休息。」动画：第6话18:26"
      },
      "type": "Feature"
    },
    {
      "geometry": {
        "coordinates": [
          136.707003,
          35.441125
        ],
        "type": "Point"
      },
      "properties": {
        "bangumi_id": 282372,
        "bangumi_title": "安达与岛村",
        "ep_cut": 4,
        "image_url": "https://w.junreimap.com/images/points/282372/il57h5e7k_1710588301174.jpg",
        "location": "尻毛 周辺",
        "point_id": "il57h5e7k",
        "point_name": "19. 川部公園",
        "remark": "小说第三卷第三章中，岛村偶遇做体操的社妹的公园。「我看見跟墓地相連的小公園裡，有顆很醒目的頭。她綁在後腦杓的頭髮受到狂風吹拂，因而像是蝴蝶拍打翅膀般飛舞。」动画：第8话16:14---同时也是动画中岛村摸安达头的公园动画第4话20:19、20:35、21:55、23:12（考虑到上面十字路口就有自动贩卖机，这里离「20.9 尻毛村」也不远，这里可能也就是原作中岛村摸安达头的公园？"
      },
      "type": "Feature"
    },
    {
      "geometry": {
        "coordinates": [
          136.716923,
          35.437175
        ],
        "type": "Point"
      },
      "properties": {
        "bangumi_id": 282372,
        "bangumi_title": "安达与岛村",
        "ep_cut": 4,
        "image_url": "https://w.junreimap.com/images/points/282372/il57h5edf_1744364773253.jpg",
        "location": "尻毛 周辺",
        "point_id": "il57h5edf",
        "point_name": "20.1 尻毛橋",
        "remark": "小说第一卷「女高中生HOLIDAY」中，日野和永藤骑车过来的桥。「但日野與永藤像是察覺到我有這個念頭般同時抵達。她們共乘腳踏車經過右方的橋而來。」"
      },
      "type": "Feature"
    },
    {
      "geometry": {
        "coordinates": [
          136.715631,
          35.437304
        ],
        "type": "Point"
      },
      "properties": {
        "bangumi_id": 282372,
        "bangumi_title": "安达与岛村",
        "ep_cut": 4,
        "image_url": "https://w.junreimap.com/images/points/282372/il57h5eoc_1710583005501.jpg",
        "location": "尻毛 周辺",
        "point_id": "il57h5eoc",
        "point_name": "20.2 岐阜尻毛郵便局",
        "remark": "小说第一卷「女高中生HOLIDAY」中，安达与其余三人一起去卡拉OK时的集合地点。「我穿過只有和菓子店與腳踏車修理店營業的商店街，然後越過停駛鐵道的平交道左轉後，馬上就看見了當成會合地點的郵局。經過左手邊的銀行與公車站牌之後，靠在郵局招牌上等待的島村向我揮手。」动画：第4话15:57まに版漫画：第9话p6※ 银行和卡拉OK现已歇业"
      },
      "type": "Feature"
    },
    {
      "geometry": {
        "coordinates": [
          136.715698,
          35.437492
        ],
        "type": "Point"
      },
      "properties": {
        "bangumi_id": 282372,
        "bangumi_title": "安达与岛村",
        "ep_cut": 4,
        "image_url": "https://w.junreimap.com/images/user/0/bangumi/282372/points/nuqn8neza-1725437833048.jpg",
        "location": "尻毛 周辺",
        "point_id": "nuqn8neza",
        "point_name": "岐阜尻毛郵便局",
        "remark": "在马路对面拍比较好"
      },
      "type": "Feature"
    },
    {
      "geometry": {
        "coordinates": [
          136.714611,
          35.437704
        ],
        "type": "Point"
      },
      "properties": {
        "bangumi_id": 282372,
        "bangumi_title": "安达与岛村",
        "ep_cut": 4,
        "image_url": "https://w.junreimap.com/images/points/282372/il57h5ed7_1710588301746.jpg",
        "location": "尻毛 周辺",
        "point_id": "il57h5ed7",
        "point_name": "20.3 电线杆",
        "remark": "动画第4话18:52的电线杆"
      },
      "type": "Feature"
    },
    {
      "geometry": {
        "coordinates": [
          136.714263,
          35.437779
        ],
        "type": "Point"
      },
      "properties": {
        "bangumi_id": 282372,
        "bangumi_title": "安达与岛村",
        "ep_cut": "",
        "image_url": "",
        "location": "尻毛 周辺",
        "point_id": "il57h5e9q",
        "point_name": "20.4 下尻毛 バス停",
        "remark": "小说第一卷「女高中生HOLIDAY」中，安达前往集合地点时提到的公车站牌。「我穿過只有和菓子店與腳踏車修理店營業的商店街，然後越過停駛鐵道的平交道左轉後，馬上就看見了當成會合地點的郵局。經過左手邊的銀行與公車站牌之後，靠在郵局招牌上等待的島村向我揮手。」"
      },
      "type": "Feature"
    },
    {
      "geometry": {
        "coordinates": [
          136.713799,
          35.437999
        ],
        "type": "Point"
      },
      "properties": {
        "bangumi_id": 282372,
        "bangumi_title": "安达与岛村",
        "ep_cut": "",
        "image_url": "",
        "location": "尻毛 周辺",
        "point_id": "il57h5e9m",
        "point_name": "20.5 末廣屋本店",
        "remark": "小说第一卷「女高中生HOLIDAY」中，安达前往集合地点时提到的和果子店。「我穿過只有和菓子店與腳踏車修理店營業的商店街，然後越過停駛鐵道的平交道左轉後，馬上就看見了當成會合地點的郵局。經過左手邊的銀行與公車站牌之後，靠在郵局招牌上等待的島村向我揮手。」"
      },
      "type": "Feature"
    },
    {
      "geometry": {
        "coordinates": [
          136.713469,
          35.438211
        ],
        "type": "Point"
      },
      "properties": {
        "bangumi_id": 282372,
        "bangumi_title": "安达与岛村",
        "ep_cut": "",
        "image_url": "",
        "location": "尻毛 周辺",
        "point_id": "ilhp883oc",
        "point_name": "20.6 名鉄揖斐線踏切跡",
        "remark": "小说第一卷「女高中生HOLIDAY」中，安达前往集合地点时的提到的废弃铁道。「我穿過只有和菓子店與腳踏車修理店營業的商店街，然後越過停駛鐵道的平交道左轉後，馬上就看見了當成會合地點的郵局。經過左手邊的銀行與公車站牌之後，靠在郵局招牌上等待的島村向我揮手。」"
      },
      "type": "Feature"
    },
    {
      "geometry": {
        "coordinates": [
          136.71333,
          35.438261
        ],
        "type": "Point"
      },
      "properties": {
        "bangumi_id": 282372,
        "bangumi_title": "安达与岛村",
        "ep_cut": "",
        "image_url": "",
        "location": "尻毛 周辺",
        "point_id": "il57h5e70",
        "point_name": "20.6 废弃铁道（旧名鉄揖斐線 尻毛駅跡）",
        "remark": "小说第一卷「女高中生HOLIDAY」中，安达前往集合地点时的提到的废弃铁道。「我穿過只有和菓子店與腳踏車修理店營業的商店街，然後越過停駛鐵道的平交道左轉後，馬上就看見了當成會合地點的郵局。經過左手邊的銀行與公車站牌之後，靠在郵局招牌上等待的島村向我揮手。」"
      },
      "type": "Feature"
    },
    {
      "geometry": {
        "coordinates": [
          136.713029,
          35.438711
        ],
        "type": "Point"
      },
      "properties": {
        "bangumi_id": 282372,
        "bangumi_title": "安达与岛村",
        "ep_cut": "",
        "image_url": "",
        "location": "尻毛 周辺",
        "point_id": "il57h5egd",
        "point_name": "20.7 尻毛サイクル",
        "remark": "小说第一卷「女高中生HOLIDAY」中，安达前往集合地点时的提到的自行车修理店。「我穿過只有和菓子店與腳踏車修理店營業的商店街，然後越過停駛鐵道的平交道左轉後，馬上就看見了當成會合地點的郵局。經過左手邊的銀行與公車站牌之後，靠在郵局招牌上等待的島村向我揮手。」"
      },
      "type": "Feature"
    },
    {
      "geometry": {
        "coordinates": [
          136.714491,
          35.437891
        ],
        "type": "Point"
      },
      "properties": {
        "bangumi_id": 282372,
        "bangumi_title": "安达与岛村",
        "ep_cut": "",
        "image_url": "",
        "location": "尻毛 周辺",
        "point_id": "il57h5e6c",
        "point_name": "20.8 岐阜銀行尻毛出張所",
        "remark": "小说第一卷「女高中生HOLIDAY」中，安达前往集合地点时提到的银行。「我穿過只有和菓子店與腳踏車修理店營業的商店街，然後越過停駛鐵道的平交道左轉後，馬上就看見了當成會合地點的郵局。經過左手邊的銀行與公車站牌之後，靠在郵局招牌上等待的島村向我揮手。」※ 已于2012年歇业，现改为停车场"
      },
      "type": "Feature"
    },
    {
      "geometry": {
        "coordinates": [
          136.714885,
          35.438113
        ],
        "type": "Point"
      },
      "properties": {
        "bangumi_id": 282372,
        "bangumi_title": "安达与岛村",
        "ep_cut": 4,
        "image_url": "https://w.junreimap.com/images/points/282372/il57h5ekl_1710588601475.jpg",
        "location": "尻毛 周辺",
        "point_id": "il57h5ekl",
        "point_name": "20.9 尻毛村",
        "remark": "小说第一卷「女高中生HOLIDAY」中，安达与岛村日野永藤一起唱卡拉ok的地方。「建築物外面高掛「某某村」的名稱，裡面同時有托兒所、燒肉店、小餐館與ＫＴＶ。雖然排隊進場方式亂得像是忘記節操這個詞該怎麼寫一樣，但停車場滿是車輛。」动画：第4话16:35、16:47まに版漫画：第9话p10※ 已于2012年歇业，现已重建为养老院"
      },
      "type": "Feature"
    },
    {
      "geometry": {
        "coordinates": [
          136.723039,
          35.431832
        ],
        "type": "Point"
      },
      "properties": {
        "bangumi_id": 282372,
        "bangumi_title": "安达与岛村",
        "ep_cut": "",
        "image_url": "https://w.junreimap.com/images/points/282372/il57h5eap_1778079353479.jpg",
        "location": "尻毛 周辺",
        "point_id": "il57h5eap",
        "point_name": "21. 島西運動場",
        "remark": "小说第七卷第三章中，安达选择的与岛村第一次约会的地点。「目的地就在走過兩條行人穿越道，再轉個彎的地方。那是就蓋在附近的市營運動場。」扔完回旋镖后，她们在长椅上吃起了岛村亲手制作的鸡蛋三明治。※ 使用运动场需要提前预约"
      },
      "type": "Feature"
    },
    {
      "geometry": {
        "coordinates": [
          136.725149,
          35.429355
        ],
        "type": "Point"
      },
      "properties": {
        "bangumi_id": 282372,
        "bangumi_title": "安达与岛村",
        "ep_cut": "",
        "image_url": "https://w.junreimap.com/images/points/282372/il57h5e5b_1710609549920.jpg",
        "location": "尻毛 周辺",
        "point_id": "il57h5e5b",
        "point_name": "22. スポーツクラブ アクトス 岐阜島",
        "remark": "小说第二卷「島村 前往健身房」中，岛村在这里偶遇安达妈妈进行了桑拿比赛。「我們通過商店街那邊的大橋之後，又經過市內運動場，大概從這時候開始能看見一塊藍白色的招牌，配色讓人想起寶礦力水得的招牌上用英文寫著健身房的名稱。」小说第五卷第三话中，安达与岛村一起来这里游泳。「一面以藍色和白色構成，配色看起來極為清爽的招牌迎接我們的到來。健身房跟對街的停車場都停滿了車子。」小说第七卷第三章中，安达与岛村第一次约会约好的会合地点，之后前往了「21. 島西運動場」「我們約好會合的地點是在顯得有些無趣的運動健身房前面。之前曾跟島村一起來過。」"
      },
      "type": "Feature"
    },
    {
      "geometry": {
        "coordinates": [
          136.733543,
          35.425051
        ],
        "type": "Point"
      },
      "properties": {
        "bangumi_id": 282372,
        "bangumi_title": "安达与岛村",
        "ep_cut": "",
        "image_url": "https://w.junreimap.com/images/points/282372/il57h5e1z_1778078960953.jpg",
        "location": "尻毛 周辺",
        "point_id": "il57h5e1z",
        "point_name": "23. カルコス 本店",
        "remark": "小说第七卷第三章中，安达寻找约会特刊与永藤偶遇的书店。「經過一座橋後，就抵達了書店。那是很久以前就存在的大書店，外表是像紅磚一樣的顏色。」moke版漫画中第44话出场。"
      },
      "type": "Feature"
    },
    {
      "geometry": {
        "coordinates": [
          136.734659,
          35.424847
        ],
        "type": "Point"
      },
      "properties": {
        "bangumi_id": 282372,
        "bangumi_title": "安达与岛村",
        "ep_cut": "",
        "image_url": "",
        "location": "尻毛 周辺",
        "point_id": "iljnrvx2h",
        "point_name": "V・drug 岐阜島南店",
        "remark": "小说第七卷第三章「平凡至極的話語」中，安达寻找约会特刊与永藤偶遇的书店旁边的药局。曾为游戏/DVD专卖店マジカルガーデン岐阜島店。「原本盖在旁边专门贩卖游戏跟CD的大间店面，不知何时变成药局了。」\n※「販賣遊戲跟CD的大間店面」 指的是「マジカルガーデン 岐阜島店」，已于 2014.9.21 歇业"
      },
      "type": "Feature"
    },
    {
      "geometry": {
        "coordinates": [
          136.734703,
          35.423993
        ],
        "type": "Point"
      },
      "properties": {
        "bangumi_id": 282372,
        "bangumi_title": "安达与岛村",
        "ep_cut": "",
        "image_url": "https://w.junreimap.com/images/points/282372/il57h5eg7_1778079027058.jpg",
        "location": "尻毛 周辺",
        "point_id": "il57h5eg7",
        "point_name": "24. 島南公園",
        "remark": "小说第七卷第三章中，安达被永藤拉着进行回旋镖特训的公园。「這座蓋在購物中心……一座寬敞程度微妙到我不知道該不該這麼稱呼，總之就是蓋在一間綜合購物大樓旁邊的公園裡，只有我跟永藤。」小说中永藤不仅回家放了东西还换上了写有师傅的T恤，还比安达更早到达公园。考虑到永藤不会骑自行车，永藤的家可能就在附近。moke版漫画中第44话描绘的公园场景与现实有较大差异。"
      },
      "type": "Feature"
    },
    {
      "geometry": {
        "coordinates": [
          136.735919,
          35.423807
        ],
        "type": "Point"
      },
      "properties": {
        "bangumi_id": 282372,
        "bangumi_title": "安达与岛村",
        "ep_cut": "",
        "image_url": "",
        "location": "尻毛 周辺",
        "point_id": "il57h5eca",
        "point_name": "25. トミダヤ島店",
        "remark": "小说第七卷第三章中，安达与永藤进行回旋镖特训的公园附近的购物中心。「這座蓋在購物中心……一座寬敞程度微妙到我不知道該不該這麼稱呼，總之就是蓋在一間綜合購物大樓旁邊的公園裡，只有我跟永藤。」"
      },
      "type": "Feature"
    },
    {
      "geometry": {
        "coordinates": [
          136.741939,
          35.423416
        ],
        "type": "Point"
      },
      "properties": {
        "bangumi_id": 282372,
        "bangumi_title": "安达与岛村",
        "ep_cut": "",
        "image_url": "",
        "location": "尻毛 周辺",
        "point_id": "il6m65jm2",
        "point_name": "大縄場大橋",
        "remark": "小说第七卷第三章中，安达前往书店寻找约会特刊时经过的大桥。「經過一座橋後，就抵達了書店。那是很久以前就存在的大書店，外表是像紅磚一樣的顏色。」"
      },
      "type": "Feature"
    },
    {
      "geometry": {
        "coordinates": [
          136.745094,
          35.423185
        ],
        "type": "Point"
      },
      "properties": {
        "bangumi_id": 282372,
        "bangumi_title": "安达与岛村",
        "ep_cut": "",
        "image_url": "",
        "location": "尻毛 周辺",
        "point_id": "il57h5e49",
        "point_name": "大縄場大橋公園",
        "remark": "小说第十一卷「Ever15」中，岛村清晨投篮遇到和服女的地方。「在几重螺旋状的桥下，有一张很久没有打扫，一端已经发黑的长椅，以及被同样对待的篮框。我在六角形的瓷砖上拍着球，确认没有其他人在使用篮球架。」\n※篮球架的篮板如今已经被拆除了，只剩支架与旁边的告示"
      },
      "type": "Feature"
    },
    {
      "geometry": {
        "coordinates": [
          136.764306,
          35.438649
        ],
        "type": "Point"
      },
      "properties": {
        "bangumi_id": 282372,
        "bangumi_title": "安达与岛村",
        "ep_cut": 2,
        "image_url": "https://w.junreimap.com/images/points/282372/il57h5edo_1710583299543.jpg",
        "location": "長良川 周辺",
        "point_id": "il57h5edo",
        "point_name": "26. 想作新中華料理 昇龍",
        "remark": "安达打工的中华饭店的原型，2024年11月30日停业搬迁。「什麼叫做創意新中華料理？這問題拿來問我，我也不知道。而且即使問店長，店長大概也是一頭霧水。我打工地點的招牌寫的這句話，只能以「謎」這個字來形容。」动画：    第2话16:21、16:37    第8话21:18    第12话09:55、12:34まに版漫画：第5话p9柚原もけ版漫画：第2话p9、p16提到的菜单 - 炸雞塊（からあげ） - 魚翅（フカヒレ） - 饺子（餃子） - 包含了炒饭、小碗拉面、果冻、炸肉块的套餐（定食：炒 飯・ 小 ラ ー メ ン・小 ゼ リ ー・ 唐 揚 げ ）"
      },
      "type": "Feature"
    },
    {
      "geometry": {
        "coordinates": [
          136.761658,
          35.434235
        ],
        "type": "Point"
      },
      "properties": {
        "bangumi_id": 282372,
        "bangumi_title": "安达与岛村",
        "ep_cut": "",
        "image_url": "https://w.junreimap.com/images/points/282372/il5etc0qz_1710589044770.jpg",
        "location": "長良川 周辺",
        "point_id": "il5etc0qz",
        "point_name": "27. 金華橋",
        "remark": "在小说第五卷「來自蔚藍」和第十卷「The Sakura's Ark」中，樽见在桥底的河滩上画下了岛村。「所以，我來到了約好的地點。她約在長良川的金華橋底下。」「冬天的河邊沒有其他人在，這或許沒什麼好意外的。陽光也開始隱約散發出一絲深橘色彩。」「在這個河灘上可以一口氣看見金華山跟岐阜城。」柚原もけ版漫画：第28话p3旁边流淌的长良川以五月至十月季节的鸬鹚捕鱼而闻名。夏季时也会举办小说中提到的全国烟火大赛（长良川）和祭典。"
      },
      "type": "Feature"
    },
    {
      "geometry": {
        "coordinates": [
          136.774629,
          35.440768
        ],
        "type": "Point"
      },
      "properties": {
        "bangumi_id": 282372,
        "bangumi_title": "安达与岛村",
        "ep_cut": "",
        "image_url": "",
        "location": "長良川 周辺",
        "point_id": "il57h5e4c",
        "point_name": "28. 長良川観光ホテル石金",
        "remark": "动画BD第三卷初回限定版特典小说「MURA」中，安达与岛村入住的温泉旅馆。「走出房间，经过画着养鸬鹚情景的螺钿画，看到休息处后，按照告示的指引继续朝里面走，结果真的出现了。芥子色的窗帘拦着左右两边的窗户，摆在房间中央的，是两张蓝色的乒乓球台。」她们所使用的房间推测时一楼本馆的『鶴』『翡翠』『篝』『山吹』中的一个。入选「日本温泉100选」的温泉可以一日游，足浴则是免费的。另外，非常遗憾的是旅馆里实际并没有乒乓球台。官网：https://www.ishikin.co.jp"
      },
      "type": "Feature"
    },
    {
      "geometry": {
        "coordinates": [
          136.781176,
          35.433372
        ],
        "type": "Point"
      },
      "properties": {
        "bangumi_id": 282372,
        "bangumi_title": "安达与岛村",
        "ep_cut": 1,
        "image_url": "https://w.junreimap.com/images/points/282372/il57h5dzo_1710588722272.jpg",
        "location": "長良川 周辺",
        "point_id": "il57h5dzo",
        "point_name": "29. 金華山",
        "remark": "在小说第五卷「來自蔚藍」中，安达去金华桥底见樽见时提到的金华山。「在這個河灘上可以一口氣看見金華山跟岐阜城。我最後一次搭建在那座山上的纜車，是幾歲的時候呢？現在因為我妹也已經長大，所以也不太會出遊了。」动画ED开头的俯视镜头里，右下角的就是金华山。岛村小时候坐过上面山上的缆车。"
      },
      "type": "Feature"
    },
    {
      "geometry": {
        "coordinates": [
          136.772911,
          35.438159
        ],
        "type": "Point"
      },
      "properties": {
        "bangumi_id": 282372,
        "bangumi_title": "安达与岛村",
        "ep_cut": "",
        "image_url": "https://w.junreimap.com/images/points/282372/n5obmts1y_1723473703916.jpg",
        "location": "長良川 周辺",
        "point_id": "n5obmts1y",
        "point_name": "鵜飼​観覧​船​事務所",
        "remark": "柚原もけ漫画第38话。"
      },
      "type": "Feature"
    },
    {
      "geometry": {
        "coordinates": [
          136.773004,
          35.438061
        ],
        "type": "Point"
      },
      "properties": {
        "bangumi_id": 282372,
        "bangumi_title": "安达与岛村",
        "ep_cut": "",
        "image_url": "https://w.junreimap.com/images/points/282372/n5og8xa4b_1723476079565.jpg",
        "location": "長良川 周辺",
        "point_id": "n5og8xa4b",
        "point_name": "鵜飼観覧船待合所",
        "remark": "安达与岛村去看花火大会的碰头地。柚原もけ漫画第38话。"
      },
      "type": "Feature"
    },
    {
      "geometry": {
        "coordinates": [
          136.773124,
          35.438178
        ],
        "type": "Point"
      },
      "properties": {
        "bangumi_id": 282372,
        "bangumi_title": "安达与岛村",
        "ep_cut": "",
        "image_url": "https://w.junreimap.com/images/points/282372/n5p7n5rbb_1723475469626.jpg",
        "location": "長良川 周辺",
        "point_id": "n5p7n5rbb",
        "point_name": "長良橋南と川原町間の階段",
        "remark": ""
      },
      "type": "Feature"
    },
    {
      "geometry": {
        "coordinates": [
          136.773116,
          35.438127
        ],
        "type": "Point"
      },
      "properties": {
        "bangumi_id": 282372,
        "bangumi_title": "安达与岛村",
        "ep_cut": "",
        "image_url": "https://w.junreimap.com/images/points/282372/n5ohqeo0j_1723473996306.jpg",
        "location": "長良川 周辺",
        "point_id": "n5ohqeo0j",
        "point_name": "公衆トイレ",
        "remark": "柚原もけ漫画第38话。"
      },
      "type": "Feature"
    },
    {
      "geometry": {
        "coordinates": [
          136.773365,
          35.439394
        ],
        "type": "Point"
      },
      "properties": {
        "bangumi_id": 282372,
        "bangumi_title": "安达与岛村",
        "ep_cut": "",
        "image_url": "https://w.junreimap.com/images/user/1057/bangumi/282372/points/n5oo4wkfa-1723476767267.jpg",
        "location": "長良川 周辺",
        "point_id": "n5oo4wkfa",
        "point_name": "長良橋",
        "remark": "两人在会和后步行穿过长良桥到长良川北岸。"
      },
      "type": "Feature"
    },
    {
      "geometry": {
        "coordinates": [
          136.763656,
          35.436551
        ],
        "type": "Point"
      },
      "properties": {
        "bangumi_id": 282372,
        "bangumi_title": "安达与岛村",
        "ep_cut": "",
        "image_url": "https://w.junreimap.com/images/points/282372/n5ok8jxz8_1723474071796.jpg",
        "location": "長良川 周辺",
        "point_id": "n5ok8jxz8",
        "point_name": "早田東公園",
        "remark": "安达告白的公园，两个人坐在公园花架下面。柚原もけ漫画第38话。"
      },
      "type": "Feature"
    },
    {
      "geometry": {
        "coordinates": [
          136.763801,
          35.436528
        ],
        "type": "Point"
      },
      "properties": {
        "bangumi_id": 282372,
        "bangumi_title": "安达与岛村",
        "ep_cut": "",
        "image_url": "https://w.junreimap.com/images/points/282372/n5okwpuwx_1723474095267.jpg",
        "location": "長良川 周辺",
        "point_id": "n5okwpuwx",
        "point_name": "早田東公園",
        "remark": "岛村面前是公园的南入口和长良川的堤岸。柚原もけ漫画第38话。"
      },
      "type": "Feature"
    },
    {
      "geometry": {
        "coordinates": [
          136.763737,
          35.436554
        ],
        "type": "Point"
      },
      "properties": {
        "bangumi_id": 282372,
        "bangumi_title": "安达与岛村",
        "ep_cut": "",
        "image_url": "https://w.junreimap.com/images/points/282372/n5olyg362_1723476226394.jpg",
        "location": "長良川 周辺",
        "point_id": "n5olyg362",
        "point_name": "早田東公園",
        "remark": "柚原もけ漫画第38话。"
      },
      "type": "Feature"
    },
    {
      "geometry": {
        "coordinates": [
          136.767503,
          35.440232
        ],
        "type": "Point"
      },
      "properties": {
        "bangumi_id": 282372,
        "bangumi_title": "安达与岛村",
        "ep_cut": "",
        "image_url": "https://w.junreimap.com/images/points/282372/n5p1ze7at_1723475384344.jpg",
        "location": "長良川 周辺",
        "point_id": "n5p1ze7at",
        "point_name": "都ホテル岐阜長良川と隣接駐車場間の道",
        "remark": "安达逃跑后被岛村追上的地方。柚原もけ漫画第38话。"
      },
      "type": "Feature"
    },
    {
      "geometry": {
        "coordinates": [
          136.767462,
          35.440263
        ],
        "type": "Point"
      },
      "properties": {
        "bangumi_id": 282372,
        "bangumi_title": "安达与岛村",
        "ep_cut": "",
        "image_url": "https://w.junreimap.com/images/points/282372/n5p2vy1gh_1723475231250.jpg",
        "location": "長良川 周辺",
        "point_id": "n5p2vy1gh",
        "point_name": "都ホテル岐阜長良川と隣接駐車場間の道",
        "remark": "岛村追上安达之后接受告白的地方。柚原もけ漫画第38话。"
      },
      "type": "Feature"
    },
    {
      "geometry": {
        "coordinates": [
          136.617826,
          35.366778
        ],
        "type": "Point"
      },
      "properties": {
        "bangumi_id": 282372,
        "bangumi_title": "安达与岛村",
        "ep_cut": 9,
        "image_url": "https://w.junreimap.com/images/points/282372/il57h5e8p_1710588722765.jpg",
        "location": "大垣～岐阜 周辺",
        "point_id": "il57h5e8p",
        "point_name": "30. 大垣駅",
        "remark": "动画第9话中，安达与岛村前往名古屋时的场景06:21、06:23、06:25、06:27、06:38"
      },
      "type": "Feature"
    },
    {
      "geometry": {
        "coordinates": [
          136.690461,
          35.412579
        ],
        "type": "Point"
      },
      "properties": {
        "bangumi_id": 282372,
        "bangumi_title": "安达与岛村",
        "ep_cut": 10,
        "image_url": "https://w.junreimap.com/images/points/282372/il57h5e6g_1710588723535.jpg",
        "location": "大垣～岐阜 周辺",
        "point_id": "il57h5e6g",
        "point_name": "31. 鉄板厨房天てん 北方店",
        "remark": "小说第四卷中，樽见与岛村一起吃什锦烧的店。「樽見帶我來吃午餐的地方，是什錦燒店。這是間好像叫作鐵板廚房還是什麼的店，每個餐桌都有設置鐵板。也就是叫客人自己煎。」柚原もけ版漫画：19话28页动画：第10话16:30樽见为岛村煎的是岛村小时候喜欢的起司味什锦烧，并且面团里没有加入卷心菜。※  已于 2021.4 歇业"
      },
      "type": "Feature"
    },
    {
      "geometry": {
        "coordinates": [
          136.700326,
          35.397798
        ],
        "type": "Point"
      },
      "properties": {
        "bangumi_id": 282372,
        "bangumi_title": "安达与岛村",
        "ep_cut": 9,
        "image_url": "https://w.junreimap.com/images/points/282372/il57h5emy_1710588724001.jpg",
        "location": "大垣～岐阜 周辺",
        "point_id": "il57h5emy",
        "point_name": "32. 長良川橋梁",
        "remark": "动画第9话07:35，安达与岛村搭车前往名古屋时出现的场景。※ 由于道路交通量大，拍摄时请注意安全"
      },
      "type": "Feature"
    },
    {
      "geometry": {
        "coordinates": [
          136.756539,
          35.409505
        ],
        "type": "Point"
      },
      "properties": {
        "bangumi_id": 282372,
        "bangumi_title": "安达与岛村",
        "ep_cut": "",
        "image_url": "https://w.junreimap.com/images/points/282372/il57h5eii_1710588969711.jpg",
        "location": "岐阜駅",
        "point_id": "il57h5eii",
        "point_name": "33. 岐阜駅",
        "remark": "小说第一卷「未來FISHING」中,安达与岛村第一次在放学后去买甜甜圈吃的车站。「我們進入兩層樓構造、看起來不是很高級的車站，再進入門口左邊的「Mister Donut」。」小说第三卷第三章中，樽见与岛村搭车前往名古屋的车站。「我逆著夾雜國小、國中、高中學生的返家人潮，猛速騎到車站，急忙趕往甜甜圈店，發現樽見已經到了。」小说第三卷第四章中，安达与岛村搭车前往名古屋的车站。『到車站之後，島村說：「啊，用跑的就能趕上電車。」於是我們跑了起來。雖然我很疑惑她怎麼會知道電車的時間，但我在開始思考之前先動起了雙腳。』小说第五卷第四话「安達再起」中，安达与岛村约好的集合地点。「我們約好在車站前面集合。」小说第七卷「如果沒有在體育館二樓相遇」中，安达与岛村搭乘电车的车站。「我搭公車到車站，再去地下鐵轉搭電車。」小说第十卷「The Sakura's Ark」中，岛村与樽见约好在附近的公交车站见面。「車站這種地方就算常常來，也沒什麼機會搭電車。我在約好見面的公車站附近徘徊，確定沒有看到樽見，才站到導覽圖旁邊。」小说第十卷「Cherry Blossoms for the Two of Us」中，安达与岛村约好的见面地点。「我們是約在車站裡見面。這是我這個月第二次跟人約在車站了。上一次是往外走，現在是往裡面走。」柚原もけ版漫画：第16话p52地图：https://www.nsk-eki.com/asty-gifu/map/"
      },
      "type": "Feature"
    },
    {
      "geometry": {
        "coordinates": [
          136.756614,
          35.409211
        ],
        "type": "Point"
      },
      "properties": {
        "bangumi_id": 282372,
        "bangumi_title": "安达与岛村",
        "ep_cut": "",
        "image_url": "https://w.junreimap.com/images/points/282372/il57h5eii_1710588969711.jpg",
        "location": "岐阜駅",
        "point_id": "kn3jo0eg9",
        "point_name": "33. 岐阜駅中央南口外",
        "remark": "柚原もけ漫画 第16话p52"
      },
      "type": "Feature"
    },
    {
      "geometry": {
        "coordinates": [
          136.756639,
          35.40935
        ],
        "type": "Point"
      },
      "properties": {
        "bangumi_id": 282372,
        "bangumi_title": "安达与岛村",
        "ep_cut": "",
        "image_url": "https://w.junreimap.com/images/points/282372/kn3juinc9_1716376151893.jpg",
        "location": "岐阜駅",
        "point_id": "kn3juinc9",
        "point_name": "33. 岐阜駅中央南口内",
        "remark": "柚原もけ漫画 第1话p38"
      },
      "type": "Feature"
    },
    {
      "geometry": {
        "coordinates": [
          136.757848,
          35.409519
        ],
        "type": "Point"
      },
      "properties": {
        "bangumi_id": 282372,
        "bangumi_title": "安达与岛村",
        "ep_cut": 2,
        "image_url": "https://w.junreimap.com/images/points/282372/il57h5eqd_1710588725971.jpg",
        "location": "岐阜駅",
        "point_id": "il57h5eqd",
        "point_name": "33. [15]ミスタードーナツ JR アスティ岐阜ショップ",
        "remark": "小说第一卷「未來FISHING」中，安达与岛村一起去吃的甜甜圈店。目前因ASTY岐阜改造暂停营业。『我們進入兩層樓構造、看起來不是很高級的車站，再進入門口左邊的「Mister Donut」。』动画：第2话08:43、08:52柚原もけ版漫画：第1话p23、p24、p27岛村吃的是エンゼルフレンチ（天使法兰奇），安达则是ハニーディップ（蜜糖多拿滋）"
      },
      "type": "Feature"
    },
    {
      "geometry": {
        "coordinates": [
          136.758015,
          35.409496
        ],
        "type": "Point"
      },
      "properties": {
        "bangumi_id": 282372,
        "bangumi_title": "安达与岛村",
        "ep_cut": "",
        "image_url": "",
        "location": "岐阜駅",
        "point_id": "il57h5egq",
        "point_name": "33. [16]成城石井アスティ岐阜店",
        "remark": "小说第一卷「未來FISHING」中，安达与岛村提到的超市。「這間車站有很多讓白領族下班喝酒的店，卻幾乎沒有我們會去的店。一樓雖有超市、麵包店與摩斯漢堡，卻都是賣吃的地方。」"
      },
      "type": "Feature"
    },
    {
      "geometry": {
        "coordinates": [
          136.756739,
          35.409462
        ],
        "type": "Point"
      },
      "properties": {
        "bangumi_id": 282372,
        "bangumi_title": "安达与岛村",
        "ep_cut": "",
        "image_url": "",
        "location": "岐阜駅",
        "point_id": "il57h5eoy",
        "point_name": "33. [7]ヴィ・ド・フランス岐阜店",
        "remark": "小说第一卷「未來FISHING」中，安达与岛村提到的面包店。「這間車站有很多讓白領族下班喝酒的店，卻幾乎沒有我們會去的店。一樓雖有超市、麵包店與摩斯漢堡，卻都是賣吃的地方。」"
      },
      "type": "Feature"
    },
    {
      "geometry": {
        "coordinates": [
          136.756434,
          35.409675
        ],
        "type": "Point"
      },
      "properties": {
        "bangumi_id": 282372,
        "bangumi_title": "安达与岛村",
        "ep_cut": "",
        "image_url": "",
        "location": "岐阜駅",
        "point_id": "il57h5egs",
        "point_name": "33. [10]モスバーガーアスティ岐阜店",
        "remark": "小说第一卷「未來FISHING」中，安达与岛村提到的摩斯汉堡店。「這間車站有很多讓白領族下班喝酒的店，卻幾乎沒有我們會去的店。一樓雖有超市、麵包店與摩斯漢堡，卻都是賣吃的地方。」"
      },
      "type": "Feature"
    },
    {
      "geometry": {
        "coordinates": [
          136.75797,
          35.409307
        ],
        "type": "Point"
      },
      "properties": {
        "bangumi_id": 282372,
        "bangumi_title": "安达与岛村",
        "ep_cut": 2,
        "image_url": "https://w.junreimap.com/images/points/282372/il57h5ee6_1710588727451.jpg",
        "location": "岐阜駅",
        "point_id": "il57h5ee6",
        "point_name": "33. [5]薬 マツモトキヨシ アスティ岐阜駅店",
        "remark": "小说第一卷「未來FISHING」中，安达与岛村提到的松本清药局。「裡面有一家松本清藥局，但沒必要刻意去逛。」动画：第2话09:55、10:01\n※ 已于 2024.2.29 歇业"
      },
      "type": "Feature"
    },
    {
      "geometry": {
        "coordinates": [
          136.756543,
          35.409552
        ],
        "type": "Point"
      },
      "properties": {
        "bangumi_id": 282372,
        "bangumi_title": "安达与岛村",
        "ep_cut": "",
        "image_url": "https://w.junreimap.com/images/points/282372/kn3la62bk_1716376152147.jpg",
        "location": "岐阜駅",
        "point_id": "kn3la62bk",
        "point_name": "33. 2F 中央检票口",
        "remark": "柚原もけ漫画 第16话p50"
      },
      "type": "Feature"
    },
    {
      "geometry": {
        "coordinates": [
          136.757168,
          35.409416
        ],
        "type": "Point"
      },
      "properties": {
        "bangumi_id": 282372,
        "bangumi_title": "安达与岛村",
        "ep_cut": "",
        "image_url": "https://w.junreimap.com/images/points/282372/kn3fpl2hx_1716376134650.jpg",
        "location": "岐阜駅",
        "point_id": "kn3fpl2hx",
        "point_name": "33. 1F 岐阜市ステーションプラザ",
        "remark": "柚原もけ漫画中，安达与岛村第一次牵手的地方。柚原もけ漫画 第1话p32。"
      },
      "type": "Feature"
    },
    {
      "geometry": {
        "coordinates": [
          136.757282,
          35.409494
        ],
        "type": "Point"
      },
      "properties": {
        "bangumi_id": 282372,
        "bangumi_title": "安达与岛村",
        "ep_cut": "",
        "image_url": "https://w.junreimap.com/images/points/282372/kn3ggqmnl_1716376152703.jpg",
        "location": "岐阜駅",
        "point_id": "kn3ggqmnl",
        "point_name": "33. 1F 站内通道",
        "remark": "柚原もけ漫画 第1话p30（以前站内通道顶部和漫画一样是有类拱顶结构的，但现在已经没了）"
      },
      "type": "Feature"
    },
    {
      "geometry": {
        "coordinates": [
          136.756973,
          35.409597
        ],
        "type": "Point"
      },
      "properties": {
        "bangumi_id": 282372,
        "bangumi_title": "安达与岛村",
        "ep_cut": "",
        "image_url": "https://w.junreimap.com/images/points/282372/kn3h4c4jd_1716376153712.jpg",
        "location": "岐阜駅",
        "point_id": "kn3h4c4jd",
        "point_name": "33. 1F 中央北口旁扶梯",
        "remark": "柚原もけ漫画 第1话p35（虽然实际电梯样式完全不同，但在考虑到剧情前后的地理位置，确实就是这个扶梯）"
      },
      "type": "Feature"
    },
    {
      "geometry": {
        "coordinates": [
          136.757114,
          35.409553
        ],
        "type": "Point"
      },
      "properties": {
        "bangumi_id": 282372,
        "bangumi_title": "安达与岛村",
        "ep_cut": "",
        "image_url": "https://w.junreimap.com/images/points/282372/kn3h885je_1716376154283.jpg",
        "location": "岐阜駅",
        "point_id": "kn3h885je",
        "point_name": "33. 2F 1号站台",
        "remark": "柚原もけ漫画 第16话p41（坐标是根据照片外的建筑大致推测的，有待实地巡礼修正）"
      },
      "type": "Feature"
    },
    {
      "geometry": {
        "coordinates": [
          136.757562,
          35.409304
        ],
        "type": "Point"
      },
      "properties": {
        "bangumi_id": 282372,
        "bangumi_title": "安达与岛村",
        "ep_cut": "",
        "image_url": "",
        "location": "岐阜駅",
        "point_id": "il57h5ebw",
        "point_name": "33. 1F 电扶梯旁的墙壁",
        "remark": "小说第一卷「未來FISHING」中，安达与岛村一起吃甜甜圈的地方。（动画改为了在电扶梯旁的柱子边上吃）「排隊等了很久總算結帳完走出店門之後，我們決定靠在電扶梯旁的牆壁吃。」小说第三卷第三章中，樽见等岛村的地方。「她穿著制服，卻沒拿書包，在我以前跟安達一起吃甜甜圈的地方等我。」（位置是随便选的，扶梯旁有很多可以靠着吃东西的墙壁）"
      },
      "type": "Feature"
    },
    {
      "geometry": {
        "coordinates": [
          136.757534,
          35.409491
        ],
        "type": "Point"
      },
      "properties": {
        "bangumi_id": 282372,
        "bangumi_title": "安达与岛村",
        "ep_cut": "",
        "image_url": "https://w.junreimap.com/images/points/282372/kn3e2sm24_1716376155036.jpg",
        "location": "岐阜駅",
        "point_id": "kn3e2sm24",
        "point_name": "33. 1F 上行电扶梯",
        "remark": "柚原もけ漫画 第16话p41"
      },
      "type": "Feature"
    },
    {
      "geometry": {
        "coordinates": [
          136.757522,
          35.409396
        ],
        "type": "Point"
      },
      "properties": {
        "bangumi_id": 282372,
        "bangumi_title": "安达与岛村",
        "ep_cut": 12,
        "image_url": "https://w.junreimap.com/images/points/282372/il57h5eqf_1710588729341.jpg",
        "location": "岐阜駅",
        "point_id": "il57h5eqf",
        "point_name": "33. 电扶梯旁的柱子",
        "remark": "小说第一卷「未來FISHING」中，安达与岛村一起吃甜甜圈的地方。（动画改为了在电扶梯旁边的柱子边上吃）「排隊等了很久總算結帳完走出店門之後，我們決定靠在電扶梯旁的牆壁吃。」小说第三卷第三章中，樽见等岛村的地方。「她穿著制服，卻沒拿書包，在我以前跟安達一起吃甜甜圈的地方等我。」动画：    第2话08:50、08:57    第9话10:28（樽见等岛村）    第12话03:00（安达与岛村边吃甜甜圈边商量留宿事宜，不过小说里是在甜甜圈店里吃的）"
      },
      "type": "Feature"
    },
    {
      "geometry": {
        "coordinates": [
          136.757016,
          35.409953
        ],
        "type": "Point"
      },
      "properties": {
        "bangumi_id": 282372,
        "bangumi_title": "安达与岛村",
        "ep_cut": "",
        "image_url": "",
        "location": "岐阜駅",
        "point_id": "il57h5ebs",
        "point_name": "33. 第一次牵手的阶梯",
        "remark": "小说第一卷「未來FISHING」中，安达第一次牵上岛村手的楼梯「並肩行走的安達，握住我的手。事出突然，我不由得停下腳步轉頭看向她。眼神和安達相對，發現她像是在觀察我的反應，心神不寧且眼神游移。」（不过小说里写的是「離開車站行走一小段路後」「有可能是因為我心不在焉，不經意晃到馬路上，她才一時情急拉我的手阻止我」，并没有楼梯相关的描写，不知道为啥巡礼册子会在「33. 階段」里写是在这里牵的手）"
      },
      "type": "Feature"
    },
    {
      "geometry": {
        "coordinates": [
          136.75847,
          35.412498
        ],
        "type": "Point"
      },
      "properties": {
        "bangumi_id": 282372,
        "bangumi_title": "安达与岛村",
        "ep_cut": "",
        "image_url": "https://w.junreimap.com/images/points/282372/ilipugta6_1716376504619.jpg",
        "location": "岐阜駅",
        "point_id": "ilipugta6",
        "point_name": "カラオケ館 岐阜駅前店",
        "remark": "小说第五卷安达、岛村、日野、永藤前往的卡拉OK。柚原もけ版漫画第33话：p5。"
      },
      "type": "Feature"
    },
    {
      "geometry": {
        "coordinates": [
          136.759639,
          35.412239
        ],
        "type": "Point"
      },
      "properties": {
        "bangumi_id": 282372,
        "bangumi_title": "安达与岛村",
        "ep_cut": "",
        "image_url": "https://w.junreimap.com/images/points/282372/ilitzaw4d_1710609909318.jpg",
        "location": "岐阜駅",
        "point_id": "ilitzaw4d",
        "point_name": "岐阜駅前中央商店街 名鉄岐阜駅前",
        "remark": "名铁岐阜站前的人行道，岛村自此从南向北离开，前方有写着「岐阜駅前中央商店街」的牌子。柚原もけ版漫画： 第33话p18。"
      },
      "type": "Feature"
    },
    {
      "geometry": {
        "coordinates": [
          136.75884,
          35.41239
        ],
        "type": "Point"
      },
      "properties": {
        "bangumi_id": 282372,
        "bangumi_title": "安达与岛村",
        "ep_cut": "",
        "image_url": "https://w.junreimap.com/images/points/282372/kn3y2cdtr_1716376505386.jpg",
        "location": "岐阜駅",
        "point_id": "kn3y2cdtr",
        "point_name": "ローソン 岐阜長住三丁目店",
        "remark": "柚原もけ漫画中，安达与岛村唱完卡拉ok分开后，安达骑车经过的便利店。柚原もけ漫画：第33话p19。"
      },
      "type": "Feature"
    },
    {
      "geometry": {
        "coordinates": [
          136.759301,
          35.412292
        ],
        "type": "Point"
      },
      "properties": {
        "bangumi_id": 282372,
        "bangumi_title": "安达与岛村",
        "ep_cut": "",
        "image_url": "https://w.junreimap.com/images/points/282372/ilizrwzze_1710610382800.jpg",
        "location": "岐阜駅",
        "point_id": "ilizrwzze",
        "point_name": "十六銀行 本店",
        "remark": "安达与岛村道别后骑着自行车呐喊的地方。柚原もけ版漫画：第33话p20。"
      },
      "type": "Feature"
    },
    {
      "geometry": {
        "coordinates": [
          136.757917,
          35.412639
        ],
        "type": "Point"
      },
      "properties": {
        "bangumi_id": 282372,
        "bangumi_title": "安达与岛村",
        "ep_cut": 16,
        "image_url": "https://w.junreimap.com/images/points/282372/il57h5el4_1710588730625.jpg",
        "location": "岐阜駅",
        "point_id": "il57h5el4",
        "point_name": "34. 玉宮通り",
        "remark": "小说第十卷封面的取景地。※ 道路人流量较大，建议清晨尽早来拍摄"
      },
      "type": "Feature"
    },
    {
      "geometry": {
        "coordinates": [
          136.823044,
          35.392503
        ],
        "type": "Point"
      },
      "properties": {
        "bangumi_id": 282372,
        "bangumi_title": "安达与岛村",
        "ep_cut": 6,
        "image_url": "https://w.junreimap.com/images/points/282372/il57h5ekk_1710583543047.jpg",
        "location": "各務原 周辺",
        "point_id": "il57h5ekk",
        "point_name": "35. イオンモール各務原",
        "remark": "小说第二卷「安達思考中聖誕節進行中」「島村思考中聖誕節進行中」中，安达与日野、岛村与永藤互相购买圣诞礼物的购物中心。动画第9话06:53柚原もけ版漫画：第11话p14※ 设施本身禁止拍摄，如有需要请联系相关人员获取许可地图：https://www.aeon.jp/sc/kakamigahara/shop/floor/ebook/kakamigahara"
      },
      "type": "Feature"
    },
    {
      "geometry": {
        "coordinates": [
          136.821761,
          35.392539
        ],
        "type": "Point"
      },
      "properties": {
        "bangumi_id": 282372,
        "bangumi_title": "安达与岛村",
        "ep_cut": "",
        "image_url": "",
        "location": "各務原 周辺",
        "point_id": "il57h5e5l",
        "point_name": "35. 1F [2] ペテモ各務原店",
        "remark": "小说第二卷「安達思考中聖誕節進行中」中，安达与日野进入购物中心的入口旁的宠物店。「我們從一樓寵物店旁邊的入口進入購物中心。」"
      },
      "type": "Feature"
    },
    {
      "geometry": {
        "coordinates": [
          136.824172,
          35.392297
        ],
        "type": "Point"
      },
      "properties": {
        "bangumi_id": 282372,
        "bangumi_title": "安达与岛村",
        "ep_cut": "",
        "image_url": "",
        "location": "各務原 周辺",
        "point_id": "il57h5eak",
        "point_name": "35. 1F [33] ポニークリーニング イオンモール各務原店",
        "remark": "小说第二卷「島村思考中聖誕節進行中」中，永藤看到的洗衣店。『在走了一小段路以後，接著便看見洗衣店跟腳底按摩店（有熊的圖樣），於是她就說：「那洗衣機呢？」』"
      },
      "type": "Feature"
    },
    {
      "geometry": {
        "coordinates": [
          136.82395,
          35.392007
        ],
        "type": "Point"
      },
      "properties": {
        "bangumi_id": 282372,
        "bangumi_title": "安达与岛村",
        "ep_cut": 6,
        "image_url": "https://w.junreimap.com/images/points/282372/il57h5ecu_1710583565821.jpg",
        "location": "各務原 周辺",
        "point_id": "il57h5ecu",
        "point_name": "35. 1F [44] 三國屋善五郎イオンモール各務原店",
        "remark": "小说第二卷「安達思考中聖誕節進行中」中，安达与日野光顾的茶店。「經過購物中心裡那每週都會賣不同商品的蛋糕賣場跟酒品賣場前面之後，就看到了麵包店對面那間位於十字路口一角的茶店。」动画：第6话07:17まに版漫画：第11话p13柚原もけ版漫画：第11话p14安达在这里购买了岛村喜欢的「Legend of Africa」茶叶作为礼物。该款茶叶原本已经停产，但受动画的影响而重新上市。"
      },
      "type": "Feature"
    },
    {
      "geometry": {
        "coordinates": [
          136.823122,
          35.392457
        ],
        "type": "Point"
      },
      "properties": {
        "bangumi_id": 282372,
        "bangumi_title": "安达与岛村",
        "ep_cut": 6,
        "image_url": "https://w.junreimap.com/images/points/282372/il57h5em0_1710588732280.jpg",
        "location": "各務原 周辺",
        "point_id": "il57h5em0",
        "point_name": "35. 1F [54] スターバックスコーヒー イオンモール各務原店",
        "remark": "动画第6话中，安达与日野在店内休息时看了结伴出行的岛村与永藤。动画第6话08:24、08:59柚原もけ版漫画：第11话p20"
      },
      "type": "Feature"
    },
    {
      "geometry": {
        "coordinates": [
          136.824093,
          35.391888
        ],
        "type": "Point"
      },
      "properties": {
        "bangumi_id": 282372,
        "bangumi_title": "安达与岛村",
        "ep_cut": "",
        "image_url": "",
        "location": "各務原 周辺",
        "point_id": "il57h5e0e",
        "point_name": "35. 1F [89] BREAD FACTORY パン工場 イオンモール各務原店",
        "remark": "小说第二卷「島村思考中聖誕節進行中」中，让永藤产生了反应的面包卖场。「雖然永藤無視了入口左邊的酒品賣場，不過她對從那裡往左轉之後的麵包賣場產生了反應。」"
      },
      "type": "Feature"
    },
    {
      "geometry": {
        "coordinates": [
          136.821631,
          35.392527
        ],
        "type": "Point"
      },
      "properties": {
        "bangumi_id": 282372,
        "bangumi_title": "安达与岛村",
        "ep_cut": "",
        "image_url": "",
        "location": "各務原 周辺",
        "point_id": "il57h5eol",
        "point_name": "35. 2F [1] スポーツオーソリティ各務原店",
        "remark": "小说第二卷「島村思考中聖誕節進行中」中，岛村买回旋镖的运动用品店。「原本很懷疑這裡真的有賣那種東西嗎，結果不知道為什麼永藤帶我去的那間三樓的運動用品店就有。」"
      },
      "type": "Feature"
    },
    {
      "geometry": {
        "coordinates": [
          136.823227,
          35.393205
        ],
        "type": "Point"
      },
      "properties": {
        "bangumi_id": 282372,
        "bangumi_title": "安达与岛村",
        "ep_cut": "",
        "image_url": "",
        "location": "各務原 周辺",
        "point_id": "il5etc0rg",
        "point_name": "35. 3F [23] ベアハグイオンモール各務原店",
        "remark": "小说第二卷「島村思考中聖誕節進行中」中，永藤看到的脚底按摩店。『在走了一小段路以後，接著便看見洗衣店跟腳底按摩店（有熊的圖樣），於是她就說：「那洗衣機呢？」』"
      },
      "type": "Feature"
    },
    {
      "geometry": {
        "coordinates": [
          136.824817,
          35.391379
        ],
        "type": "Point"
      },
      "properties": {
        "bangumi_id": 282372,
        "bangumi_title": "安达与岛村",
        "ep_cut": "",
        "image_url": "",
        "location": "各務原 周辺",
        "point_id": "kn3olqju8",
        "point_name": "35. イオンスタイル食品売場側入口",
        "remark": "小说第二卷「島村思考中聖誕節進行中」中，岛村与永藤进入购物中心的入口。「我們通過吸菸區前面，進入購物中心。」\n※ 吸烟区现在已经没了"
      },
      "type": "Feature"
    },
    {
      "geometry": {
        "coordinates": [
          136.821535,
          35.392624
        ],
        "type": "Point"
      },
      "properties": {
        "bangumi_id": 282372,
        "bangumi_title": "安达与岛村",
        "ep_cut": "",
        "image_url": "",
        "location": "各務原 周辺",
        "point_id": "il5etc0uw",
        "point_name": "35. ペットショップ側入口",
        "remark": "小说第二卷「安達思考中聖誕節進行中」中，安达与日野进入购物中心的入口。「我們從一樓寵物店旁邊的入口進入購物中心。」"
      },
      "type": "Feature"
    },
    {
      "geometry": {
        "coordinates": [
          136.824034,
          35.391687
        ],
        "type": "Point"
      },
      "properties": {
        "bangumi_id": 282372,
        "bangumi_title": "安达与岛村",
        "ep_cut": "",
        "image_url": "",
        "location": "各務原 周辺",
        "point_id": "il57h5ep3",
        "point_name": "35. 名牌糕点区",
        "remark": "小说第二卷「島村思考中聖誕節進行中」中，永藤帮忙挑选礼物时看到的名牌糕点区。「永藤的視線換看向左邊。她看向名牌糕點區的展示櫃。」"
      },
      "type": "Feature"
    },
    {
      "geometry": {
        "coordinates": [
          136.826585,
          35.388277
        ],
        "type": "Point"
      },
      "properties": {
        "bangumi_id": 282372,
        "bangumi_title": "安达与岛村",
        "ep_cut": 1,
        "image_url": "https://w.junreimap.com/images/points/282372/il57h5eo0_1710588738785.jpg",
        "location": "各務原 周辺",
        "point_id": "il57h5eo0",
        "point_name": "36. つりぼり喜水園",
        "remark": "小说第一卷「未來FISHING」中，岛村与日野一起去的钓鱼池，也是岛村第一次见到社妹的地点。「這樣的我在週日，和日野一起來到釣魚池。」动画：    第1话 23:05    第2话 00:27、00:35、02:23まに版漫画：第3话p20"
      },
      "type": "Feature"
    },
    {
      "geometry": {
        "coordinates": [
          136.843619,
          35.406986
        ],
        "type": "Point"
      },
      "properties": {
        "bangumi_id": 282372,
        "bangumi_title": "安达与岛村",
        "ep_cut": 4,
        "image_url": "https://w.junreimap.com/images/points/282372/il57h5e4e_1710588760864.jpg",
        "location": "各務原 周辺",
        "point_id": "il57h5e4e",
        "point_name": "37.1 那加新橋",
        "remark": "和动画第4、10话中出现的桥非常相似，但从河流的形状和风景来看，可能是不同的桥。动画： 第4话 19:45 第10话 09:16、11:35"
      },
      "type": "Feature"
    },
    {
      "geometry": {
        "coordinates": [
          136.843721,
          35.406505
        ],
        "type": "Point"
      },
      "properties": {
        "bangumi_id": 282372,
        "bangumi_title": "安达与岛村",
        "ep_cut": "",
        "image_url": "https://w.junreimap.com/images/points/282372/il57h5en5_1710588761969.jpg",
        "location": "各務原 周辺",
        "point_id": "il57h5en5",
        "point_name": "37.2 社妹漂流的地方",
        "remark": "（房子暂且不提，河边堤坝的样式就完全不一样，不懂巡礼册子为什么会认为是这里）"
      },
      "type": "Feature"
    },
    {
      "geometry": {
        "coordinates": [
          136.881537,
          35.170915
        ],
        "type": "Point"
      },
      "properties": {
        "bangumi_id": 282372,
        "bangumi_title": "安达与岛村",
        "ep_cut": 9,
        "image_url": "https://w.junreimap.com/images/points/282372/il57h5eek_1710588762514.jpg",
        "location": "愛知",
        "point_id": "il57h5eek",
        "point_name": "1. 名古屋駅",
        "remark": "小说第三卷第三章「編織過去的荊棘，古典玫瑰」、第四章「以及擁抱聖母的愛，金盞花」和第十卷「Cherry Blossoms for the Two of Us」中，安达与岛村来这里购买情人节巧克力。「樽見轉身背對我，看往電車外面。這種狀態不斷持續，就在我開始胡思亂想，心想這輛電車能不能迴轉時，終於抵達了名古屋。」「去名古屋，買巧克力，再跟她交換。順利進行這三個動作，就是今天的目的。」「我們要去名古屋買巧克力。不知道明年會怎麼樣？我們明年就升上三年級了，有辦法去嗎？」动画：第9话 09:02"
      },
      "type": "Feature"
    },
    {
      "geometry": {
        "coordinates": [
          136.882939,
          35.170855
        ],
        "type": "Point"
      },
      "properties": {
        "bangumi_id": 282372,
        "bangumi_title": "安达与岛村",
        "ep_cut": 9,
        "image_url": "https://w.junreimap.com/images/points/282372/il57h5egt_1710588763081.jpg",
        "location": "愛知",
        "point_id": "il57h5egt",
        "point_name": "2. 金時計",
        "remark": "小说第三卷第三章「編織過去的荊棘，古典玫瑰」中，樽见提到的发生了杀人案的金时钟。「妳還記得幾年前在這個時鐘這裡有發生殺人案嗎？」动画：第9话 13:09※ 关于杀人案，详见《6天6人6把枪》"
      },
      "type": "Feature"
    },
    {
      "geometry": {
        "coordinates": [
          136.88318,
          35.170914
        ],
        "type": "Point"
      },
      "properties": {
        "bangumi_id": 282372,
        "bangumi_title": "安达与岛村",
        "ep_cut": 9,
        "image_url": "https://w.junreimap.com/images/points/282372/il57h5edi_1710588763743.jpg",
        "location": "愛知",
        "point_id": "il57h5edi",
        "point_name": "3. ジェイアール 名古屋タカシマヤ（高島屋）",
        "remark": "小说第三卷第三章「編織過去的荊棘，古典玫瑰」、第四章「以及擁抱聖母的愛，金盞花」中，安达与岛村购买情人节巧克力的地方。「進到洋式點心賣場後，我開始煩惱該在哪裡買。結果我還是沒問安達到底喜歡什麼口味，不知道該以什麼標準來挑。稍做思考後，我決定跟著大排長龍的隊伍。」「輪到我們時，只剩下一般的巧克力商品，一盒當中有許多口味，也沒有情人節時可能會看到的心型巧克力。我拿著這一盒巧克力，和島村一起前往地下街的角落。」动画：第9话 09:09、09:35まに版漫画：第16话p9柚原もけ版漫画：第16话p46现实中，高岛屋也确实会在每年情人节期间会举办日本最大的巧克力销售活动「Amour du Chocolat!（アムール・デュ・ショコラ）」。原作和动画中交换的巧克力品牌不明，但在柚原もけ版漫画中是歌帝梵（ゴディバ）巧克力。"
      },
      "type": "Feature"
    },
    {
      "geometry": {
        "coordinates": [
          136.884139,
          35.170667
        ],
        "type": "Point"
      },
      "properties": {
        "bangumi_id": 282372,
        "bangumi_title": "安达与岛村",
        "ep_cut": "",
        "image_url": "https://w.junreimap.com/images/points/282372/il57h5eb4_1710583974468.jpg",
        "location": "愛知",
        "point_id": "il57h5eb4",
        "point_name": "4. 電光掲示板（歩行者案内板）",
        "remark": "小说第三卷第三章「編織過去的荊棘，古典玫瑰」、第四章「以及擁抱聖母的愛，金盞花」中，岛村给安达留言的电子告示板。「目前告示板沒有顯示任何畫面，一片漆黑，在那後方則有一大片紫色天空。」「剛才一片漆黑的告示板上，顯示出「我最喜歡某某人了」、「愛你喲，啾～」等光看就覺得難為情的短文。情侶們看著那些如電車內新聞告示般不斷更替的文字，興奮地說著哪些是自己寫的。看來那是特別為情人節設計的活動。」动画：第9话 18:47まに版漫画：第17话p18柚原もけ版漫画：第17话p20动画中出现的告示板在现实中并不存在。柚原もけ版漫画和まに版漫画的告示板原型不同。"
      },
      "type": "Feature"
    },
    {
      "geometry": {
        "coordinates": [
          136.884224,
          35.171295
        ],
        "type": "Point"
      },
      "properties": {
        "bangumi_id": 282372,
        "bangumi_title": "安达与岛村",
        "ep_cut": 9,
        "image_url": "https://w.junreimap.com/images/points/282372/il57h5ehf_1710588765107.jpg",
        "location": "愛知",
        "point_id": "il57h5ehf",
        "point_name": "5. 飛翔",
        "remark": "小说第三卷第四章「以及擁抱聖母的愛，金盞花」中提到的银色立体艺术品。「島村帶我前往的，是車站外頭。一走到奇妙的銀色立體藝術品附近，就感受到夜風的吹拂。」动画：第9话 15:53站前标志物，高约二十三米，直径二十一米。内部可以进入。※ 已于2022年被完全拆除"
      },
      "type": "Feature"
    },
    {
      "geometry": {
        "coordinates": [
          136.934713,
          35.088315
        ],
        "type": "Point"
      },
      "properties": {
        "bangumi_id": 282372,
        "bangumi_title": "安达与岛村",
        "ep_cut": "",
        "image_url": "",
        "location": "愛知",
        "point_id": "il57h5ecg",
        "point_name": "6. 星宮社（上知我麻社/下知我麻社）",
        "remark": "传说有七颗星从天而降带来神谕的神社。其中包含有「上知我麻社」和「下知我麻社」俩个境内社，社妹的名字就由来于此。星宫社本身则是《电波女与青春男》中出场的另一个外星人的名字由来。"
      },
      "type": "Feature"
    },
    {
      "geometry": {
        "coordinates": [
          136.816383,
          34.859257
        ],
        "type": "Point"
      },
      "properties": {
        "bangumi_id": 282372,
        "bangumi_title": "安达与岛村",
        "ep_cut": "",
        "image_url": "",
        "location": "愛知",
        "point_id": "il57h5ebq",
        "point_name": "7. 中部国際空港 セントレア",
        "remark": "小说第八卷「遠遊」、「第一次旅行的一角①」、「返家」中提到的机场。\n\n我在阳伞底下伸直双脚，放松休息，就正好看到从附近机场起飞的飞机。飞机从低空，从很近的位置飞过。划破空气的声音跟血液在体内循环的声音有点像。或许是因为两者都是在开拓道路前进。\n——《安达与岛村12》"
      },
      "type": "Feature"
    },
    {
      "geometry": {
        "coordinates": [
          136.809626,
          34.863039
        ],
        "type": "Point"
      },
      "properties": {
        "bangumi_id": 282372,
        "bangumi_title": "安达与岛村",
        "ep_cut": "",
        "image_url": "https://w.junreimap.com/images/points/282372/e9u80y4_1778080290827.jpg",
        "location": "愛知",
        "point_id": "e9u80y4",
        "point_name": "中部​国際​空港​セントレア",
        "remark": "从停机坪方向拍摄管制塔。"
      },
      "type": "Feature"
    },
    {
      "geometry": {
        "coordinates": [
          136.823205,
          34.885861
        ],
        "type": "Point"
      },
      "properties": {
        "bangumi_id": 282372,
        "bangumi_title": "安达与岛村",
        "ep_cut": "",
        "image_url": "",
        "location": "愛知",
        "point_id": "puk525a57",
        "point_name": "りんくうビーチ",
        "remark": "我们走下平缓的阶梯，踩进沙子。沙滩上已经绽放着几朵阳伞的花，替白沙的情景增添色彩。阳伞大多是蓝色的。果然是因为蓝色给人凉爽的印象吗？\n沙滩前面是一片经过整理的草皮，也有各种设备。我一边记住淋浴间跟更衣室的位置，一边走下沙滩，然后先做了一件一定要做的事情。也就是找空位，占位子。\n——《安达与岛村12》"
      },
      "type": "Feature"
    },
    {
      "geometry": {
        "coordinates": [
          136.823423,
          34.885
        ],
        "type": "Point"
      },
      "properties": {
        "bangumi_id": 282372,
        "bangumi_title": "安达与岛村",
        "ep_cut": "",
        "image_url": "",
        "location": "愛知",
        "point_id": "puk37eaq2",
        "point_name": "SEA AND SKY TERRACE",
        "remark": "我们决定去那间咖啡厅吃饭休息。周围有很多充满南国风情的树木，让人轻松感受到异国气氛。土黄色的建筑物是有两层楼，从外面看，二楼似乎是露天座位。虽然应该可以对大海一览无遗，可惜的是那里似乎没有空位。\n——《安达与岛村12》"
      },
      "type": "Feature"
    },
    {
      "geometry": {
        "coordinates": [
          136.883213,
          35.170825
        ],
        "type": "Point"
      },
      "properties": {
        "bangumi_id": 282372,
        "bangumi_title": "安达与岛村",
        "ep_cut": 9,
        "image_url": "https://w.junreimap.com/images/points/282372/il6vrrmdx_1710588769026.jpg",
        "location": "愛知",
        "point_id": "il6vrrmdx",
        "point_name": "8. 名古屋駅 桜通口",
        "remark": "名古屋站东侧的樱出口，动画中在此添加了现实中不存在的电子看板。"
      },
      "type": "Feature"
    },
    {
      "geometry": {
        "coordinates": [
          139.539445,
          35.727334
        ],
        "type": "Point"
      },
      "properties": {
        "bangumi_id": 282372,
        "bangumi_title": "安达与岛村",
        "ep_cut": 2,
        "image_url": "https://w.junreimap.com/images/points/282372/il57h5en7_1710589025718.jpg",
        "location": "東京",
        "point_id": "il57h5en7",
        "point_name": "1. 田無駅",
        "remark": "站在二楼北口就能拍到和动画第2话10:08相同角度的照片。"
      },
      "type": "Feature"
    },
    {
      "geometry": {
        "coordinates": [
          139.540139,
          35.72775
        ],
        "type": "Point"
      },
      "properties": {
        "bangumi_id": 282372,
        "bangumi_title": "安达与岛村",
        "ep_cut": 1,
        "image_url": "https://w.junreimap.com/images/points/282372/il57h5eef_1710588771736.jpg",
        "location": "東京",
        "point_id": "il57h5eef",
        "point_name": "2. ASTA 前",
        "remark": "动画取景地。动画还做了左右镜像处理。动画：    第1话09:09    第2话10:12    第9话17:27、17:30、18:05、18:17    第10话20:27    第12话03:26小说中实际是发生在岐阜站前的。"
      },
      "type": "Feature"
    },
    {
      "geometry": {
        "coordinates": [
          139.54,
          35.727972
        ],
        "type": "Point"
      },
      "properties": {
        "bangumi_id": 282372,
        "bangumi_title": "安达与岛村",
        "ep_cut": 2,
        "image_url": "https://w.junreimap.com/images/points/282372/il57h5ee5_1710588773165.jpg",
        "location": "東京",
        "point_id": "il57h5ee5",
        "point_name": "3. 階段",
        "remark": "动画第2话10:23，安达第一次牵上岛村手的楼梯小说中实际是发生在岐阜站前的。见「33. 第一次牵手的阶梯」"
      },
      "type": "Feature"
    },
    {
      "geometry": {
        "coordinates": [
          139.53975,
          35.728361
        ],
        "type": "Point"
      },
      "properties": {
        "bangumi_id": 282372,
        "bangumi_title": "安达与岛村",
        "ep_cut": 1,
        "image_url": "https://w.junreimap.com/images/points/282372/il57h5egh_1710588775175.jpg",
        "location": "東京",
        "point_id": "il57h5egh",
        "point_name": "4. ベンチ",
        "remark": "动画中安达常坐的长椅。动画: 第1话11:11、13:35、19:21、19:42 第2话11:39、11:50 第6话09:41 第8话21:43 第12话03:35实际小说中是坐在栏杆上的。详见「11.1 安达常坐的栏杆」"
      },
      "type": "Feature"
    },
    {
      "geometry": {
        "coordinates": [
          139.539556,
          35.728111
        ],
        "type": "Point"
      },
      "properties": {
        "bangumi_id": 282372,
        "bangumi_title": "安达与岛村",
        "ep_cut": 1,
        "image_url": "https://w.junreimap.com/images/points/282372/il57h5eqj_1710588777172.jpg",
        "location": "東京",
        "point_id": "il57h5eqj",
        "point_name": "5. 横断歩道",
        "remark": "动画第1话11:35中，岛村看到安达坐在长椅上后回头时的背景"
      },
      "type": "Feature"
    },
    {
      "geometry": {
        "coordinates": [
          139.539389,
          35.727722
        ],
        "type": "Point"
      },
      "properties": {
        "bangumi_id": 282372,
        "bangumi_title": "安达与岛村",
        "ep_cut": 1,
        "image_url": "https://w.junreimap.com/images/points/282372/il57h5e3h_1710588780177.jpg",
        "location": "東京",
        "point_id": "il57h5e3h",
        "point_name": "6. 横断歩道",
        "remark": "动画第1话09:35中，岛村和日野永藤一起走过的人行横道。在动画中，日野手里拿着美式热狗（アメリカンドッグ），永藤拿着肉包子（肉まん），岛村则是抱着一杯绿茶。推测这些食品都是她们在人行横道前的7-11便利店购买的。同时也是动画第2话11:01中，安达与岛村第一次牵手走的斑马线。"
      },
      "type": "Feature"
    },
    {
      "geometry": {
        "coordinates": [
          136.853823,
          35.880482
        ],
        "type": "Point"
      },
      "properties": {
        "bangumi_id": 282372,
        "bangumi_title": "安达与岛村",
        "ep_cut": "",
        "image_url": "",
        "location": "岐阜北部",
        "point_id": "ilh8p627d",
        "point_name": "国道158号 白鳥ループ橋",
        "remark": "郡上市白鸟町的螺旋桥。小说第六卷第一話「月曆的彼方」中，岛村一家人去外公外婆家时经过的桥。「我们经过大角度的螺旋状桥梁，又顺著溪边前行。当建筑物变少，色彩单调的山间景色开始变多时，我们通过最后的小桥，这才终于抵达外公外婆的家」，岛村等人应该并未在这座桥上前进，只是从旁路过。"
      },
      "type": "Feature"
    },
    {
      "geometry": {
        "coordinates": [
          136.758089,
          35.40864
        ],
        "type": "Point"
      },
      "properties": {
        "bangumi_id": 282372,
        "bangumi_title": "安达与岛村",
        "ep_cut": "",
        "image_url": "",
        "location": "岐阜駅",
        "point_id": "il57h5e9t",
        "point_name": "アニメイト岐阜",
        "remark": "安达在「電撃文庫超感謝フェア2020」Animate特典短篇「掌心」中，决定成为有钱人买下所有岛村周边的 Animate 店。"
      },
      "type": "Feature"
    },
    {
      "geometry": {
        "coordinates": [
          136.775194,
          35.414608
        ],
        "type": "Point"
      },
      "properties": {
        "bangumi_id": 282372,
        "bangumi_title": "安达与岛村",
        "ep_cut": "",
        "image_url": "",
        "location": "岐阜市",
        "point_id": "il57h5ei3",
        "point_name": "サンマートサカイ 長良店",
        "remark": "TV动画Blu-ray初回限定版特典「Chito」中岛村提到的超市。「我家附近有一家叫Sunmart的超市，因为发音像，我小时候还以为那说的是秋刀鱼呢，明明袋子上都画着太阳了。」Sunmart 在岐阜县内有三个门店，从岛村家可能的大概位置来看，可能是①長良店或者②東栄店。"
      },
      "type": "Feature"
    },
    {
      "geometry": {
        "coordinates": [
          136.774996,
          35.461166
        ],
        "type": "Point"
      },
      "properties": {
        "bangumi_id": 282372,
        "bangumi_title": "安达与岛村",
        "ep_cut": "",
        "image_url": "",
        "location": "岐阜市",
        "point_id": "il57h5ea2",
        "point_name": "サンマートサカイ 東栄店",
        "remark": "TV动画Blu-ray初回限定版特典「Chito」中岛村提到的超市。「我家附近有一家叫Sunmart的超市，因为发音像，我小时候还以为那说的是秋刀鱼呢，明明袋子上都画着太阳了。」Sunmart 在岐阜县内有三个门店，从岛村家可能的大概位置来看，可能是①長良店或者②東栄店。"
      },
      "type": "Feature"
    },
    {
      "geometry": {
        "coordinates": [
          136.845693,
          34.481583
        ],
        "type": "Point"
      },
      "properties": {
        "bangumi_id": 282372,
        "bangumi_title": "安达与岛村",
        "ep_cut": "",
        "image_url": "",
        "location": "三重",
        "point_id": "il57h5eey",
        "point_name": "鳥羽水族館",
        "remark": "小说第八卷「第一次旅行的一角①」中岛村提到的鸟羽水族馆，是日本唯一饲养了儒艮的水族馆。「我仰躺著打開書包。這讓我想起抱著貝殼的海獺布偶。我記得那是很久以前在鳥羽水族館買的，卻沒有擺在我房間。」考虑到初中的岛村正处于叛逆期，这应该是岛村还被称为小岛时去的。这家水族馆养殖种类数量全国第一，海牛、儒艮和海獭都很有名。小说SS中除岛村抱月以外的岛村一家人和社妹一起去了这个水族馆。"
      },
      "type": "Feature"
    },
    {
      "geometry": {
        "coordinates": [
          136.897421,
          35.169251
        ],
        "type": "Point"
      },
      "properties": {
        "bangumi_id": 282372,
        "bangumi_title": "安达与岛村",
        "ep_cut": "",
        "image_url": "",
        "location": "愛知",
        "point_id": "il57h5ec9",
        "point_name": "伏見駅",
        "remark": "小说第七卷「如果沒有在體育館二樓相遇」的if线中，社会人安达会在这个车站换乘。「我搭乘電車到下一站，再次上下樓梯前去轉乘。」"
      },
      "type": "Feature"
    },
    {
      "geometry": {
        "coordinates": [
          -122.415748,
          37.808341
        ],
        "type": "Point"
      },
      "properties": {
        "bangumi_id": 282372,
        "bangumi_title": "安达与岛村",
        "ep_cut": "",
        "image_url": "",
        "location": "加利福尼亚",
        "point_id": "il57h5ei2",
        "point_name": "Fisherman's Wharf Sign, San Francisco, California",
        "remark": "小说第八卷「返家」和「第一次旅行的一角①」中，安达与岛村都提到了有名的螃蟹招牌。这应该就是旧金山渔人码头的著名标志。「稍微想一下之後，浮現腦海的是這個地方。我想去看很有名的螃蟹招牌。」「或許要昨天就先去看有名的螃蟹招牌才對。」顺带一提，推测她们使用的机场是旧金山国际机场。"
      },
      "type": "Feature"
    },
    {
      "geometry": {
        "coordinates": [
          130.37297,
          32.767155
        ],
        "type": "Point"
      },
      "properties": {
        "bangumi_id": 282372,
        "bangumi_title": "安达与岛村",
        "ep_cut": "",
        "image_url": "https://w.junreimap.com/images/points/282372/il5etc11k_1778081598570.jpg",
        "location": "九州",
        "point_id": "il5etc11k",
        "point_name": "九商フェリー(株) 島原港",
        "remark": "小说第八卷「第一次旅行的一角①」中，安达与岛村在修学旅行中乘坐的邮轮。「特地拉長前往下個目的地路程的郵輪之旅、同學們的喧鬧聲、沒有任何掩蔽物的大海、感覺很大的船（好像也沒有很大）的甲板、環繞四周的白色與藍色。」这是一艘在熊本县和长崎县之间往返的邮轮。现实中也确实可以像小说中说的一样在船上喂食海鸥。"
      },
      "type": "Feature"
    },
    {
      "geometry": {
        "coordinates": [
          130.73479,
          32.790916
        ],
        "type": "Point"
      },
      "properties": {
        "bangumi_id": 282372,
        "bangumi_title": "安达与岛村",
        "ep_cut": "",
        "image_url": "",
        "location": "九州",
        "point_id": "il57h5e2l",
        "point_name": "水前寺成趣園",
        "remark": "小说第八卷「第一次旅行的一角①」中修学旅行的目的地之一。「下船經過一小段路後，就到了我也聽過名字的一座公園。雖然它的正式名稱不是公園，是個有神社、漂亮的流水景觀等許多必看之處的有名景點，但我們來這不是為了這些景點，只是要來吃午餐。」现实中的二楼餐厅菜单上也确实有荞麦面和马肉涮涮锅。"
      },
      "type": "Feature"
    },
    {
      "geometry": {
        "coordinates": [
          131.468878,
          33.316718
        ],
        "type": "Point"
      },
      "properties": {
        "bangumi_id": 282372,
        "bangumi_title": "安达与岛村",
        "ep_cut": "",
        "image_url": "https://w.junreimap.com/images/points/282372/e9upya9_1778081133991.jpg",
        "location": "九州",
        "point_id": "e9upya9",
        "point_name": "海地獄",
        "remark": "小说第八卷「第一次旅行的一角①」中修学旅行的目的地之一。「在公園吃完午餐之後，我們真的幾乎沒有參觀景點就搭上遊覽車，開始一趟地獄巡禮。真的就叫這個名字。」，此处提到的地狱巡礼为别府市著名的温泉巡礼路线「別府地獄めぐり」。漫画第50话画出了其中三个地狱，此为海地狱。"
      },
      "type": "Feature"
    },
    {
      "geometry": {
        "coordinates": [
          131.472063,
          33.315978
        ],
        "type": "Point"
      },
      "properties": {
        "bangumi_id": 282372,
        "bangumi_title": "安达与岛村",
        "ep_cut": "",
        "image_url": "https://w.junreimap.com/images/points/282372/e9ufq7k_1778080718155.jpg",
        "location": "九州",
        "point_id": "e9ufq7k",
        "point_name": "かまど地獄",
        "remark": ""
      },
      "type": "Feature"
    },
    {
      "geometry": {
        "coordinates": [
          131.473476,
          33.31611
        ],
        "type": "Point"
      },
      "properties": {
        "bangumi_id": 282372,
        "bangumi_title": "安达与岛村",
        "ep_cut": "",
        "image_url": "https://w.junreimap.com/images/points/282372/e9ucok0_1778080494083.jpg",
        "location": "九州",
        "point_id": "e9ucok0",
        "point_name": "鬼山地獄",
        "remark": "以鳄鱼闻名的鬼山地狱，养了大约80头包括鳄鱼、美洲短吻鳄等不同种类的鳄鱼。"
      },
      "type": "Feature"
    },
    {
      "geometry": {
        "coordinates": [
          131.053482,
          32.885548
        ],
        "type": "Point"
      },
      "properties": {
        "bangumi_id": 282372,
        "bangumi_title": "安达与岛村",
        "ep_cut": "",
        "image_url": "https://w.junreimap.com/images/points/282372/il57h5e74_1778081469949.jpg",
        "location": "九州",
        "point_id": "il57h5e74",
        "point_name": "阿蘇山",
        "remark": "小说第八卷「第一次旅行的一角②」中修学旅行里遭遇浓雾的地方。「一走下停車場，就什麼都看不見了。正確來說不是什麼都看不見，是只看得見一整片白白的濃霧。這時候回過頭，就看到遊覽車的車身也已經被霧掩蓋。」"
      },
      "type": "Feature"
    },
    {
      "geometry": {
        "coordinates": [
          129.791891,
          33.08972
        ],
        "type": "Point"
      },
      "properties": {
        "bangumi_id": 282372,
        "bangumi_title": "安达与岛村",
        "ep_cut": "",
        "image_url": "https://w.junreimap.com/images/points/282372/il57h5elk_1778081547438.jpg",
        "location": "九州",
        "point_id": "il57h5elk",
        "point_name": "ハウステンボス",
        "remark": "小说第八卷「第一次旅行的一角②」中修学旅行的目的地之一。「主題樂園好像是荷蘭風格的，說到荷蘭妳會想到什麼？」"
      },
      "type": "Feature"
    },
    {
      "geometry": {
        "coordinates": [
          139.552627,
          35.319887
        ],
        "type": "Point"
      },
      "properties": {
        "bangumi_id": 282372,
        "bangumi_title": "安达与岛村",
        "ep_cut": "",
        "image_url": "",
        "location": "镰仓",
        "point_id": "ila6a9l21",
        "point_name": "二の鳥居",
        "remark": "「这里是非常有名的鸟居～不管是情侣、新郎新娘，还是来远足的小学生都会来走过一遍喔～直直走进去就可以看到神殿了～」\n学姊像是把事前录好的语音拿出来播放一样，突然开始解说观光景点。她示意的方向上有一座矗立在道路正中央的巨大鸟居。鸟居旁边也有大型的狛犬雕像守着。而那里似乎也真的就如学姊所说，是一个观光景点，可以看到一群应该是跟着旅行团过来的女子一起在鸟居底下拍照。\n——《安达与岛村11》"
      },
      "type": "Feature"
    },
    {
      "geometry": {
        "coordinates": [
          139.546521,
          35.315309
        ],
        "type": "Point"
      },
      "properties": {
        "bangumi_id": 282372,
        "bangumi_title": "安达与岛村",
        "ep_cut": "",
        "image_url": "",
        "location": "镰仓",
        "point_id": "ila6xvnjn",
        "point_name": "六地蔵",
        "remark": "「呃～首先，这里有地藏菩萨。」\n不久，人力车的大车轮旁边就出现了一个应该是观光景点的地方。\n我们眼前有六座戴着红帽与领巾的地藏菩萨。\n——《安达与岛村11》"
      },
      "type": "Feature"
    },
    {
      "geometry": {
        "coordinates": [
          136.883262,
          35.170863
        ],
        "type": "Point"
      },
      "properties": {
        "bangumi_id": 282372,
        "bangumi_title": "安达与岛村",
        "ep_cut": 9,
        "image_url": "https://w.junreimap.com/images/user/2191/bangumi/282372/points/3bhd03t-1754235313703.jpg",
        "location": "愛知",
        "point_id": "3bhd03t",
        "point_name": "名古屋駅 桜通口",
        "remark": "就在揭示板（8. ）旁边，面向揭示板向右转即可。（分开上传目的是方便做实景对比图）"
      },
      "type": "Feature"
    },
    {
      "geometry": {
        "coordinates": [
          136.672387,
          35.453799
        ],
        "type": "Point"
      },
      "properties": {
        "bangumi_id": 282372,
        "bangumi_title": "安达与岛村",
        "ep_cut": 6,
        "image_url": "https://w.junreimap.com/images/user/2099/bangumi/282372/points/3pz1n1x-1755111235357.jpg",
        "location": "モレラ岐阜",
        "point_id": "3pz1n1x",
        "point_name": "2F BLUE PLAZA 2階 エスカレーター手前",
        "remark": "更具体的地点"
      },
      "type": "Feature"
    },
    {
      "geometry": {
        "coordinates": [
          136.679631,
          35.454439
        ],
        "type": "Point"
      },
      "properties": {
        "bangumi_id": 282372,
        "bangumi_title": "安达与岛村",
        "ep_cut": 3,
        "image_url": "https://w.junreimap.com/images/user/2099/bangumi/282372/points/3pzgn42-1755111942620.jpg",
        "location": "モレラ岐阜 周辺",
        "point_id": "3pzgn42",
        "point_name": "鞍掛神社",
        "remark": ""
      },
      "type": "Feature"
    },
    {
      "geometry": {
        "coordinates": [
          136.679606,
          35.454437
        ],
        "type": "Point"
      },
      "properties": {
        "bangumi_id": 282372,
        "bangumi_title": "安达与岛村",
        "ep_cut": 3,
        "image_url": "https://w.junreimap.com/images/user/2099/bangumi/282372/points/3pzhswx-1755111974490.jpg",
        "location": "モレラ岐阜 周辺",
        "point_id": "3pzhswx",
        "point_name": "鞍掛神社",
        "remark": ""
      },
      "type": "Feature"
    },
    {
      "geometry": {
        "coordinates": [
          136.679593,
          35.454413
        ],
        "type": "Point"
      },
      "properties": {
        "bangumi_id": 282372,
        "bangumi_title": "安达与岛村",
        "ep_cut": 3,
        "image_url": "https://w.junreimap.com/images/user/2099/bangumi/282372/points/3pzikui-1755112009166.jpg",
        "location": "モレラ岐阜 周辺",
        "point_id": "3pzikui",
        "point_name": "鞍掛神社",
        "remark": ""
      },
      "type": "Feature"
    },
    {
      "geometry": {
        "coordinates": [
          136.679593,
          35.454413
        ],
        "type": "Point"
      },
      "properties": {
        "bangumi_id": 282372,
        "bangumi_title": "安达与岛村",
        "ep_cut": 6,
        "image_url": "https://w.junreimap.com/images/user/2099/bangumi/282372/points/3pziyzj-1755112058961.jpg",
        "location": "モレラ岐阜 周辺",
        "point_id": "3pziyzj",
        "point_name": "鞍掛神社",
        "remark": ""
      },
      "type": "Feature"
    },
    {
      "geometry": {
        "coordinates": [
          136.679593,
          35.454413
        ],
        "type": "Point"
      },
      "properties": {
        "bangumi_id": 282372,
        "bangumi_title": "安达与岛村",
        "ep_cut": 6,
        "image_url": "https://w.junreimap.com/images/user/2099/bangumi/282372/points/3pzjyty-1755112080814.jpg",
        "location": "モレラ岐阜 周辺",
        "point_id": "3pzjyty",
        "point_name": "鞍掛神社",
        "remark": ""
      },
      "type": "Feature"
    },
    {
      "geometry": {
        "coordinates": [
          136.707009,
          35.441095
        ],
        "type": "Point"
      },
      "properties": {
        "bangumi_id": 282372,
        "bangumi_title": "安达与岛村",
        "ep_cut": 4,
        "image_url": "https://w.junreimap.com/images/user/2099/bangumi/282372/points/3q02id2-1755112943873.jpg",
        "location": "尻毛 周辺",
        "point_id": "3q02id2",
        "point_name": "川部公園",
        "remark": ""
      },
      "type": "Feature"
    },
    {
      "geometry": {
        "coordinates": [
          136.706973,
          35.441095
        ],
        "type": "Point"
      },
      "properties": {
        "bangumi_id": 282372,
        "bangumi_title": "安达与岛村",
        "ep_cut": 4,
        "image_url": "https://w.junreimap.com/images/user/2099/bangumi/282372/points/3q032er-1755112976470.jpg",
        "location": "尻毛 周辺",
        "point_id": "3q032er",
        "point_name": "川部公園",
        "remark": ""
      },
      "type": "Feature"
    },
    {
      "geometry": {
        "coordinates": [
          136.71565,
          35.437362
        ],
        "type": "Point"
      },
      "properties": {
        "bangumi_id": 282372,
        "bangumi_title": "安达与岛村",
        "ep_cut": 4,
        "image_url": "https://w.junreimap.com/images/user/2099/bangumi/282372/points/3q04ewj-1755113050097.jpg",
        "location": "尻毛 周辺",
        "point_id": "3q04ewj",
        "point_name": "岐阜尻毛郵便局",
        "remark": ""
      },
      "type": "Feature"
    },
    {
      "geometry": {
        "coordinates": [
          136.61999,
          35.367033
        ],
        "type": "Point"
      },
      "properties": {
        "bangumi_id": 282372,
        "bangumi_title": "安达与岛村",
        "ep_cut": 9,
        "image_url": "https://w.junreimap.com/images/user/2191/bangumi/282372/points/4bae0l6-1756400067029.jpg",
        "location": "大垣～岐阜 周辺",
        "point_id": "4bae0l6",
        "point_name": "JR東海道本線 車内",
        "remark": "列车原型是JR东海313系电力动车组"
      },
      "type": "Feature"
    },
    {
      "geometry": {
        "coordinates": [
          136.620827,
          35.366982
        ],
        "type": "Point"
      },
      "properties": {
        "bangumi_id": 282372,
        "bangumi_title": "安达与岛村",
        "ep_cut": 9,
        "image_url": "https://w.junreimap.com/images/user/2191/bangumi/282372/points/4bagq13-1756400288718.jpg",
        "location": "大垣～岐阜 周辺",
        "point_id": "4bagq13",
        "point_name": "JR東海道本線車内",
        "remark": "列车原型是JR东海313系电力动车组"
      },
      "type": "Feature"
    }
  ],
  "type": "FeatureCollection"
}