{
  "features": [
    {
      "geometry": {
        "coordinates": [
          139.766137,
          35.635633
        ],
        "type": "Point"
      },
      "properties": {
        "bangumi_id": 296659,
        "bangumi_title": "LoveLive! 虹咲学园校园偶像同好会",
        "ep_cut": "",
        "image_url": "https://w.junreimap.com/images/points/296659/4s6dzr6mj.jpg",
        "location": "イラスト・ジャケットなど",
        "point_id": "4s6dzr6mj",
        "point_name": "レインボーブリッジ 台場線 台場側主塔",
        "remark": "2020.07.29 「無敵級*ビリーバー」ジャケットイラストから一番それらしい場所として登録。首都高速11号台場線上にあり、手前が台場で背景は芝浦。※ 一般道・ゆりかもめ・レインボーバス・都バス・遊歩道は一階層下を通ります 作成日2020.04.15東京都港区,台場地区,中須かすみ"
      },
      "type": "Feature"
    },
    {
      "geometry": {
        "coordinates": [
          139.774987,
          35.635886
        ],
        "type": "Point"
      },
      "properties": {
        "bangumi_id": 296659,
        "bangumi_title": "LoveLive! 虹咲学园校园偶像同好会",
        "ep_cut": "",
        "image_url": "https://w.junreimap.com/images/points/296659/4s6dzr6ea.jpg",
        "location": "イラスト・ジャケットなど",
        "point_id": "4s6dzr6ea",
        "point_name": "レインボープロムナード 台場口",
        "remark": "2020.07.29発売 「未来ハーモニー」「未来ハーモニー」のジャケットイラスト。レインボーブリッジのレインボープロムナード(遊歩道)台場口から入ってすぐのところです。参考情報：レインボーブリッジ　RAINBOW BRIDGE|東京都港湾局公式ホームページhttps://www.kouwan.metro.tokyo.lg.jp/pamphlet/rainbow/4月～10月：9:00～21:00 (最終入場20:30)11月～3月：9::00～18:00 (最終入場17:30)補足：入場無料ですが、自転車は器具で固定され手押しとなるので注意です。作成日2020.05.24東京都港区,台場地区,上原歩夢,中須かすみ,桜坂しずく,朝香果林,宮下愛,近江彼方,エマ･ヴェルデ,天王寺璃奈"
      },
      "type": "Feature"
    },
    {
      "geometry": {
        "coordinates": [
          139.777593,
          35.641075
        ],
        "type": "Point"
      },
      "properties": {
        "bangumi_id": 296659,
        "bangumi_title": "LoveLive! 虹咲学园校园偶像同好会",
        "ep_cut": "",
        "image_url": "https://w.junreimap.com/images/points/296659/4s6dzr6as.jpg",
        "location": "イラスト・ジャケットなど",
        "point_id": "4s6dzr6as",
        "point_name": "豊洲ぐるり公園",
        "remark": "2019.12.15 ラブライブ！虹ヶ咲学園スクールアイドル同好会 First Live \"with You\" DAY2で発表「ラブライブ！虹ヶ咲学園スクールアイドル同好会」 TVアニメティザーイラスト参考情報：・【届け！ときめき――。】『ラブライブ！虹ヶ咲学園スクールアイドル同好会』TVアニメ制作決定!!　1stライブの速報写真&セットリストも到着‼　http://gs.dengeki.com/news/135403/・2020年2月26日（水）新ポート「H1-134.豊洲ぐるり公園」オープン　https://docomo-cycle.jp/koto/information/20200220/近くにレンタルサイクルのスタンドができました作成日2019.12.16更新日2020.03.06江東区豊洲"
      },
      "type": "Feature"
    },
    {
      "geometry": {
        "coordinates": [
          139.771319,
          35.627685
        ],
        "type": "Point"
      },
      "properties": {
        "bangumi_id": 296659,
        "bangumi_title": "LoveLive! 虹咲学园校园偶像同好会",
        "ep_cut": "",
        "image_url": "https://w.junreimap.com/images/points/296659/4s6dzr6l2.jpg",
        "location": "イラスト・ジャケットなど",
        "point_id": "4s6dzr6l2",
        "point_name": "お台場海浜公園 展望デッキ",
        "remark": "2020.09.30 「電撃G's Magazine 2020年11月号」表紙イラストの場所。作成日2020.09.30港区台場,台場地区,お台場海浜公園,ウェストプロムナード,上原歩夢,優木せつ菜"
      },
      "type": "Feature"
    },
    {
      "geometry": {
        "coordinates": [
          139.774937,
          35.628974
        ],
        "type": "Point"
      },
      "properties": {
        "bangumi_id": 296659,
        "bangumi_title": "LoveLive! 虹咲学园校园偶像同好会",
        "ep_cut": "",
        "image_url": "https://w.junreimap.com/images/points/296659/4s6dzr6tj.jpg",
        "location": "イラスト・ジャケットなど",
        "point_id": "4s6dzr6tj",
        "point_name": "デックス3F デッキ",
        "remark": "2020.10.04 ブルーレイ第1巻ジャケット作成日2020.10.04港区台場,台場地区B区画,デックス東京ビーチ,上原歩夢,高咲侑"
      },
      "type": "Feature"
    },
    {
      "geometry": {
        "coordinates": [
          139.77068,
          35.62135
        ],
        "type": "Point"
      },
      "properties": {
        "bangumi_id": 296659,
        "bangumi_title": "LoveLive! 虹咲学园校园偶像同好会",
        "ep_cut": "",
        "image_url": "https://w.junreimap.com/images/points/296659/4s6dzr6pv.jpg",
        "location": "イラスト・ジャケットなど",
        "point_id": "4s6dzr6pv",
        "point_name": "潮風公園 水と緑のプロムナード",
        "remark": "2020.10.30 「電撃G's Magazine 2020年12月号」参考情報：潮風公園｜海上公園なび - 東京港埠頭株式会社https://www.tptc.co.jp/park/01_03作成日2020.10.26品川区東八潮,青海地区,潮風公園,宮下愛,天王寺璃奈"
      },
      "type": "Feature"
    },
    {
      "geometry": {
        "coordinates": [
          139.777566,
          35.615537
        ],
        "type": "Point"
      },
      "properties": {
        "bangumi_id": 296659,
        "bangumi_title": "LoveLive! 虹咲学园校园偶像同好会",
        "ep_cut": "",
        "image_url": "https://w.junreimap.com/images/points/296659/4s6dzr6qx.jpg",
        "location": "イラスト・ジャケットなど",
        "point_id": "4s6dzr6qx",
        "point_name": "火の見櫓 ※閉館",
        "remark": "2020.11.07 法人別全巻購入特典江東区青海,青海地区 E区画 (暫定利用),大江戸温泉物語 東京お台場,高咲侑,上原歩夢"
      },
      "type": "Feature"
    },
    {
      "geometry": {
        "coordinates": [
          139.78231,
          35.626357
        ],
        "type": "Point"
      },
      "properties": {
        "bangumi_id": 296659,
        "bangumi_title": "LoveLive! 虹咲学园校园偶像同好会",
        "ep_cut": "",
        "image_url": "https://w.junreimap.com/images/points/296659/4s6dzr666.jpg",
        "location": "イラスト・ジャケットなど",
        "point_id": "4s6dzr666",
        "point_name": "パレットタウン大観覧車",
        "remark": "2020.11.07 法人別全巻購入特典シースルーゴンドラ。作成日2020.11.07江東区青海,青海地区 青海ST区画 (パレットタウン暫定利用区画),上原歩夢,桜坂しずく,優木せつ菜,A・ZU・NA"
      },
      "type": "Feature"
    },
    {
      "geometry": {
        "coordinates": [
          139.769902,
          35.634739
        ],
        "type": "Point"
      },
      "properties": {
        "bangumi_id": 296659,
        "bangumi_title": "LoveLive! 虹咲学园校园偶像同好会",
        "ep_cut": "",
        "image_url": "https://w.junreimap.com/images/points/296659/4s6dzr6iy.jpg",
        "location": "イラスト・ジャケットなど",
        "point_id": "4s6dzr6iy",
        "point_name": "サウスルート28番橋脚",
        "remark": "2020.11.30 「電撃G's Magazine 2021年1月号」補足：P.6～P.7の全体絵に写るタイルの配置から絞り込み。作成日2020.12.14港区台場,台場地区,レインボーブリッジ,レインボープロムナード,朝香果林,エマ・ヴェルデ"
      },
      "type": "Feature"
    },
    {
      "geometry": {
        "coordinates": [
          139.790795,
          35.629464
        ],
        "type": "Point"
      },
      "properties": {
        "bangumi_id": 296659,
        "bangumi_title": "LoveLive! 虹咲学园校园偶像同好会",
        "ep_cut": "",
        "image_url": "https://w.junreimap.com/images/points/296659/4s6dzr6m6.jpg",
        "location": "イラスト・ジャケットなど",
        "point_id": "4s6dzr6m6",
        "point_name": "水の広場公園(東地区・有明)",
        "remark": "2020.12.16 「電撃G's magazine 2021年1月号増刊 LoveLive！Days ラブライブ！総合マガジン Vol.11」P.4～P.5 「ニジガクでステキな夢を見よう！」のイラスト作成日2020.12.17江東区有明,有明南地区,近江彼方,朝香果林,エマ・ヴェルデ"
      },
      "type": "Feature"
    },
    {
      "geometry": {
        "coordinates": [
          139.784103,
          35.628696
        ],
        "type": "Point"
      },
      "properties": {
        "bangumi_id": 296659,
        "bangumi_title": "LoveLive! 虹咲学园校园偶像同好会",
        "ep_cut": "",
        "image_url": "https://w.junreimap.com/images/points/296659/4s6dzr6fb.jpg",
        "location": "イラスト・ジャケットなど",
        "point_id": "4s6dzr6fb",
        "point_name": "夢の大橋",
        "remark": "2020.12.28 「電撃G's Magazine 2021年2月号」表紙イラストの場所。再現するにはある程度の望遠レンズが必要です。作成日2021.01.16江東区有明,江東区青海,青海地区,有明南地区,桜坂しずく,近江彼方"
      },
      "type": "Feature"
    },
    {
      "geometry": {
        "coordinates": [
          139.787431,
          35.627524
        ],
        "type": "Point"
      },
      "properties": {
        "bangumi_id": 296659,
        "bangumi_title": "LoveLive! 虹咲学园校园偶像同好会",
        "ep_cut": "",
        "image_url": "https://w.junreimap.com/images/points/296659/4s6dzr6b1.jpg",
        "location": "イラスト・ジャケットなど",
        "point_id": "4s6dzr6b1",
        "point_name": "八角形モニュメント",
        "remark": "2021.01.29「電撃G's Magazine 2021年2月号」表紙の侑・歩夢がいる場所。作成日2021.02.03江東区有明,有明南地区,水の広場公園,高咲侑,上原歩夢"
      },
      "type": "Feature"
    },
    {
      "geometry": {
        "coordinates": [
          139.793349,
          35.629729
        ],
        "type": "Point"
      },
      "properties": {
        "bangumi_id": 296659,
        "bangumi_title": "LoveLive! 虹咲学园校园偶像同好会",
        "ep_cut": "",
        "image_url": "https://w.junreimap.com/images/points/296659/4s6dzr6o4.jpg",
        "location": "イラスト・ジャケットなど",
        "point_id": "4s6dzr6o4",
        "point_name": "セブンイレブン前",
        "remark": "2021.03.15「LoveLive!Days ラブライブ！総合マガジン Vol.14」「2人のニジガクスポット」の場所。作成日2021.03.15江東区有明,有明南地区 D区画,東京ビッグサイト,上原歩夢,中須かすみ,購買部"
      },
      "type": "Feature"
    },
    {
      "geometry": {
        "coordinates": [
          139.773367,
          35.628015
        ],
        "type": "Point"
      },
      "properties": {
        "bangumi_id": 296659,
        "bangumi_title": "LoveLive! 虹咲学园校园偶像同好会",
        "ep_cut": "",
        "image_url": "https://w.junreimap.com/images/points/296659/4s6dzr66d.jpg",
        "location": "イラスト・ジャケットなど",
        "point_id": "4s6dzr66d",
        "point_name": "アクアシティ8F 展望スペース",
        "remark": "2021.03.23 「アニメ聖地88 Walker 2021」表紙に写るレインボーブリッジを撮影した場所に近いところとして登録。作成日2021.03.11更新日2021.03.23港区台場,台場地区,C区画,アクアシティお台場"
      },
      "type": "Feature"
    },
    {
      "geometry": {
        "coordinates": [
          139.774753,
          35.624328
        ],
        "type": "Point"
      },
      "properties": {
        "bangumi_id": 296659,
        "bangumi_title": "LoveLive! 虹咲学园校园偶像同好会",
        "ep_cut": "",
        "image_url": "https://w.junreimap.com/images/points/296659/4s6dzr6v7.jpg",
        "location": "3rd Live!パンフレット",
        "point_id": "4s6dzr6v7",
        "point_name": "Zepp Divercity入口",
        "remark": "「虹ヶ咲学園スクールアイドル同好会 3rd Live! School Idol Festival ～夢の始まり～ パンフレット」かすみ・しずく・璃奈がいる場所。作成日2021.04.29江東区青海,青海地区,Q区画,ダイバーシティ東京プラザ,中須かすみ,桜坂しずく,天王寺璃奈"
      },
      "type": "Feature"
    },
    {
      "geometry": {
        "coordinates": [
          139.782457,
          35.627946
        ],
        "type": "Point"
      },
      "properties": {
        "bangumi_id": 296659,
        "bangumi_title": "LoveLive! 虹咲学园校园偶像同好会",
        "ep_cut": "",
        "image_url": "https://w.junreimap.com/images/points/296659/4s6dzr63s.jpg",
        "location": "3rd Live!パンフレット",
        "point_id": "4s6dzr63s",
        "point_name": "夢の大橋脇の階段",
        "remark": "「虹ヶ咲学園スクールアイドル同好会 3rd Live! School Idol Festival ～夢の始まり～ パンフレット」歩夢・愛・せつ菜が居る場所。作成日2021.04.29江東区青海,青海地区,シンボルプロムナード公園,センタープロムナード,夢の大橋,夢の広場,上原歩夢,宮下愛,優木せつ菜"
      },
      "type": "Feature"
    },
    {
      "geometry": {
        "coordinates": [
          139.790749,
          35.629269
        ],
        "type": "Point"
      },
      "properties": {
        "bangumi_id": 296659,
        "bangumi_title": "LoveLive! 虹咲学园校园偶像同好会",
        "ep_cut": "",
        "image_url": "https://w.junreimap.com/images/points/296659/4s6dzr6le.jpg",
        "location": "3rd Live!パンフレット",
        "point_id": "4s6dzr6le",
        "point_name": "水の広場公園",
        "remark": "「虹ヶ咲学園スクールアイドル同好会 3rd Live! School Idol Festival ～夢の始まり～ パンフレット」果林・彼方・エマが居る場所。作成日2021.04.29江東区有明,有明南地区,水の広場公園,朝香果林,近江彼方,エマ・ヴェルデ"
      },
      "type": "Feature"
    },
    {
      "geometry": {
        "coordinates": [
          139.794354,
          35.631185
        ],
        "type": "Point"
      },
      "properties": {
        "bangumi_id": 296659,
        "bangumi_title": "LoveLive! 虹咲学园校园偶像同好会",
        "ep_cut": "",
        "image_url": "https://w.junreimap.com/images/points/296659/4s6dzr6a6.jpg",
        "location": "3rd Live!パンフレット",
        "point_id": "4s6dzr6a6",
        "point_name": "ペデストリアンデッキ",
        "remark": "「虹ヶ咲学園スクールアイドル同好会 3rd Live! School Idol Festival ～夢の始まり～ パンフレット」全員集合の場所。作成日2021.04.29江東区有明,有明南地区 D区画,東京ビッグサイト,高咲侑,上原歩夢,中須かすみ,桜坂しずく,朝香果林,宮下愛,近江彼方,優木せつ菜,天王寺璃奈,エマ・ヴェルデ"
      },
      "type": "Feature"
    },
    {
      "geometry": {
        "coordinates": [
          139.791159,
          35.630149
        ],
        "type": "Point"
      },
      "properties": {
        "bangumi_id": 296659,
        "bangumi_title": "LoveLive! 虹咲学园校园偶像同好会",
        "ep_cut": "",
        "image_url": "https://w.junreimap.com/images/points/296659/4s6dzr6ml.jpg",
        "location": "PV『無敵級*ビリーバー』(初出順)",
        "point_id": "4s6dzr6ml",
        "point_name": "東京ビッグサイト駅ホーム 青海側",
        "remark": "2020.07.29 「無敵級*ビリーバー」虹ヶ咲学園駅へ到着するゆりかもめのカット。豊洲行きの最後尾側。作中では7300系 34編成が登場する。作成日2020.07.29江東区有明,有明南地区,東京ビッグサイト駅"
      },
      "type": "Feature"
    },
    {
      "geometry": {
        "coordinates": [
          139.792741,
          35.631435
        ],
        "type": "Point"
      },
      "properties": {
        "bangumi_id": 296659,
        "bangumi_title": "LoveLive! 虹咲学园校园偶像同好会",
        "ep_cut": "",
        "image_url": "https://w.junreimap.com/images/points/296659/4s6dzr6lv.jpg",
        "location": "PV『無敵級*ビリーバー』(初出順)",
        "point_id": "4s6dzr6lv",
        "point_name": "イーストプロムナード",
        "remark": "2020.07.29 「無敵級*ビリーバー」虹ヶ咲学園校舎のカット。作成日2020.07.29江東区有明,有明南地区,イーストプロムナード"
      },
      "type": "Feature"
    },
    {
      "geometry": {
        "coordinates": [
          139.794514,
          35.629132
        ],
        "type": "Point"
      },
      "properties": {
        "bangumi_id": 296659,
        "bangumi_title": "LoveLive! 虹咲学园校园偶像同好会",
        "ep_cut": "",
        "image_url": "https://w.junreimap.com/images/points/296659/4s6dzr677.jpg",
        "location": "PV『無敵級*ビリーバー』(初出順)",
        "point_id": "4s6dzr677",
        "point_name": "東京ビッグサイト屋上展示場",
        "remark": "2020.07.29「無敵級*ビリーバー」かすみとせつ菜が座っている場所。補足情報：休憩場所として立ち入れますが、必ずしも開いているわけではないのでご注意ください。作成日2020.07.30江東区有明,有明南地区 D区画,東京ビッグサイト,中須かすみ,優木せつ菜"
      },
      "type": "Feature"
    },
    {
      "geometry": {
        "coordinates": [
          139.794051,
          35.629275
        ],
        "type": "Point"
      },
      "properties": {
        "bangumi_id": 296659,
        "bangumi_title": "LoveLive! 虹咲学园校园偶像同好会",
        "ep_cut": "",
        "image_url": "https://w.junreimap.com/images/points/296659/4s6dzr6hn.jpg",
        "location": "PV『無敵級*ビリーバー』(初出順)",
        "point_id": "4s6dzr6hn",
        "point_name": "フードコート＆ビアー Eat iT！",
        "remark": "PV「無敵級*ビリーバー」しずく・かすみ・彼方が新作コッペパンの話をしているところ。参考情報：フードコート＆ビアー　Eat iT！http://www.bigsight.jp/services/shop/restaurant05/作成日2020.07.30江東区有明,有明南地区 D区画,東京ビッグサイト,桜坂しずく,近江彼方,中須かすみ"
      },
      "type": "Feature"
    },
    {
      "geometry": {
        "coordinates": [
          139.776646,
          35.629691
        ],
        "type": "Point"
      },
      "properties": {
        "bangumi_id": 296659,
        "bangumi_title": "LoveLive! 虹咲学园校园偶像同好会",
        "ep_cut": "",
        "image_url": "https://w.junreimap.com/images/points/296659/4s6dzr6sx.jpg",
        "location": "PV『無敵級*ビリーバー』(初出順)",
        "point_id": "4s6dzr6sx",
        "point_name": "ODAIBAゲーマーズ",
        "remark": "2020.07.29「無敵級*ビリーバー」かすみ・エマ・果林がいる場所。捕捉：キッチンカーは『Boulangerie ODAIBA』としてパンのお店にアレンジされています。参考情報：ODAIBAゲーマーズhttps://www.gamers.co.jp/shop/shop_detail/113216/ODAIBA ゲーマーズhttps://www.odaiba-decks.com/shop/tenant/odaiba.html作成日2020.07.30港区台場,台場地区B区画,デックス東京ビーチ,中須かすみ,エマ･ヴェルデ,朝香果林"
      },
      "type": "Feature"
    },
    {
      "geometry": {
        "coordinates": [
          139.775016,
          35.624824
        ],
        "type": "Point"
      },
      "properties": {
        "bangumi_id": 296659,
        "bangumi_title": "LoveLive! 虹咲学园校园偶像同好会",
        "ep_cut": "",
        "image_url": "https://w.junreimap.com/images/points/296659/4s6dzr6oh.jpg",
        "location": "PV『無敵級*ビリーバー』(初出順)",
        "point_id": "4s6dzr6oh",
        "point_name": "Decora Creamery",
        "remark": "2020.07.29「無敵級*ビリーバー」かすみが通りがかったお店。ガンダムの後ろにある入口を入った正面にあります。一人で食べるにはかなりの量なので気をつけましょう...作成日2020.07.30江東区青海,青海地区 Q区画,ダイバーシティ東京プラザ,中須かすみ"
      },
      "type": "Feature"
    },
    {
      "geometry": {
        "coordinates": [
          139.763922,
          35.636338
        ],
        "type": "Point"
      },
      "properties": {
        "bangumi_id": 296659,
        "bangumi_title": "LoveLive! 虹咲学园校园偶像同好会",
        "ep_cut": "",
        "image_url": "https://w.junreimap.com/images/points/296659/4s6dzr6jx.jpg",
        "location": "PV『無敵級*ビリーバー』(初出順)",
        "point_id": "4s6dzr6jx",
        "point_name": "レインボープロムナード",
        "remark": "2020.07.29 「無敵級*ビリーバー」奥に見える柱から、芝浦アンカレイジと台場アンカレイジの真ん中にあたる部分。車両はゆりかもめ 7300系 34編成。捕捉：奥側を走るゆりかもめを左右反転して2倍速にすると劇中に近くなります。作成日2020.06.10東京都港区,台場地区,中須かすみ"
      },
      "type": "Feature"
    },
    {
      "geometry": {
        "coordinates": [
          139.791259,
          35.630146
        ],
        "type": "Point"
      },
      "properties": {
        "bangumi_id": 296659,
        "bangumi_title": "LoveLive! 虹咲学园校园偶像同好会",
        "ep_cut": "",
        "image_url": "https://w.junreimap.com/images/points/296659/4s6dzr6ie.jpg",
        "location": "PV『無敵級*ビリーバー』(初出順)",
        "point_id": "4s6dzr6ie",
        "point_name": "東京ビッグサイト駅ホーム",
        "remark": "2019.07.29「無敵級*ビリーバー」青海駅側の階段手前から有明方面を眺めたアングルモデルは東京ビッグサイト駅 (U11)ですが、劇中では虹ヶ咲学園駅 (U11)となっています。作成日2020.06.10江東区有明,有明南地区,東京ビッグサイト,ゆりかもめ,中須かすみ"
      },
      "type": "Feature"
    },
    {
      "geometry": {
        "coordinates": [
          139.791323,
          35.63019
        ],
        "type": "Point"
      },
      "properties": {
        "bangumi_id": 296659,
        "bangumi_title": "LoveLive! 虹咲学园校园偶像同好会",
        "ep_cut": "",
        "image_url": "https://w.junreimap.com/images/points/296659/4s6dzr6b5.jpg",
        "location": "PV『無敵級*ビリーバー』(初出順)",
        "point_id": "4s6dzr6b5",
        "point_name": "東京ビッグサイト駅ホームエレベーター前",
        "remark": "2020.07.29「無敵級*ビリーバー」青海駅側の階段奥にあるエレベーター前。作成日2020.06.10江東区有明,有明南地区,東京ビッグサイト,ゆりかもめ,中須かすみ"
      },
      "type": "Feature"
    },
    {
      "geometry": {
        "coordinates": [
          139.782294,
          35.626483
        ],
        "type": "Point"
      },
      "properties": {
        "bangumi_id": 296659,
        "bangumi_title": "LoveLive! 虹咲学园校园偶像同好会",
        "ep_cut": "",
        "image_url": "https://w.junreimap.com/images/points/296659/4s6dzr6iz.jpg",
        "location": "PV『無敵級*ビリーバー』(初出順)",
        "point_id": "4s6dzr6iz",
        "point_name": "パレットタウン観覧車",
        "remark": "2020.07.29「無敵級*ビリーバー」お馴染みのパレットタウン観覧車。その入口へ向かう通路。参考情報：東京お台場 パレットタウン大観覧車http://www.daikanransha.com/作成日2020.06.10江東区青海,青海地区 青海ST区画 (パレットタウン暫定利用区画)"
      },
      "type": "Feature"
    },
    {
      "geometry": {
        "coordinates": [
          139.78043,
          35.624919
        ],
        "type": "Point"
      },
      "properties": {
        "bangumi_id": 296659,
        "bangumi_title": "LoveLive! 虹咲学园校园偶像同好会",
        "ep_cut": "",
        "image_url": "https://w.junreimap.com/images/points/296659/4s6dzr6np.jpg",
        "location": "PV『無敵級*ビリーバー』(初出順)",
        "point_id": "4s6dzr6np",
        "point_name": "ヴィーナスフォート2F  サウスアヴェニュー",
        "remark": "2020.07.28「無敵級*ビリーバー」かすみがいるところに近い場所。参考情報：お台場 VenusFort ヴィーナスフォートhttps://www.venusfort.co.jp/floormap/2f.html作成日2020.06.10江東区青海,青海地区 青海ST区画 (パレットタウン暫定利用区画),中須かすみ"
      },
      "type": "Feature"
    },
    {
      "geometry": {
        "coordinates": [
          139.771077,
          35.634942
        ],
        "type": "Point"
      },
      "properties": {
        "bangumi_id": 296659,
        "bangumi_title": "LoveLive! 虹咲学园校园偶像同好会",
        "ep_cut": "",
        "image_url": "https://w.junreimap.com/images/points/296659/4s6dzr6bc.jpg",
        "location": "PV『無敵級*ビリーバー』(初出順)",
        "point_id": "4s6dzr6bc",
        "point_name": "サウスルート P29橋脚",
        "remark": "2020.07.29 「無敵級*ビリーバー」サウスルード P29橋脚。作成日2020.06.10東京都港区,台場地区,レインボーブリッジ,中須かすみ"
      },
      "type": "Feature"
    },
    {
      "geometry": {
        "coordinates": [
          139.76199,
          35.636939
        ],
        "type": "Point"
      },
      "properties": {
        "bangumi_id": 296659,
        "bangumi_title": "LoveLive! 虹咲学园校园偶像同好会",
        "ep_cut": "",
        "image_url": "https://w.junreimap.com/images/points/296659/4s6dzr6gs.jpg",
        "location": "PV『無敵級*ビリーバー』(初出順)",
        "point_id": "4s6dzr6gs",
        "point_name": "レインボーブリッジ 台場線",
        "remark": "2020.07.29 「無敵級*ビリーバー」メインステージ。かすみんの正面が台場側で奥が芝浦側。首都高速11号台場線上にあり、手前が台場で背景は芝浦。※ 一般道・ゆりかもめ・レインボーバス・都バス・遊歩道は一階層下を通ります作成日2020.06.10東京都港区,台場地区,レインボーブリッジ,中須かすみ"
      },
      "type": "Feature"
    },
    {
      "geometry": {
        "coordinates": [
          139.803592,
          35.647219
        ],
        "type": "Point"
      },
      "properties": {
        "bangumi_id": 296659,
        "bangumi_title": "LoveLive! 虹咲学园校园偶像同好会",
        "ep_cut": "",
        "image_url": "https://w.junreimap.com/images/points/296659/4s6dzr6lw.jpg",
        "location": "PV『無敵級*ビリーバー』(初出順)",
        "point_id": "4s6dzr6lw",
        "point_name": "東雲キャナルコート",
        "remark": "2020.07.29「無敵級*ビリーバー」かすみが横になっている場所。接骨院の前であり、この道は近隣住民が多く通ることから真似は慎みましょう。【補足】のちのアニメ虹ヶ咲では歩夢が侑に向けてDream with YouとAwakening Promiseを披露することになる場所。作成日：2020.07.30江東区東雲,東雲キャナルコート,中須かすみ"
      },
      "type": "Feature"
    },
    {
      "geometry": {
        "coordinates": [
          139.805713,
          35.650026
        ],
        "type": "Point"
      },
      "properties": {
        "bangumi_id": 296659,
        "bangumi_title": "LoveLive! 虹咲学园校园偶像同好会",
        "ep_cut": "",
        "image_url": "https://w.junreimap.com/images/points/296659/4s6dzr6g2.jpg",
        "location": "PV『無敵級*ビリーバー』(初出順)",
        "point_id": "4s6dzr6g2",
        "point_name": "辰巳橋",
        "remark": "2020.07.29「無敵級*ビリーバー」かすみが腰掛けている場所。作中は車道から撮ったアングルなので注意。参考：辰巳橋https://www.city.koto.lg.jp/470208/machizukuri/dorohashi/hashiichiran/kudokyo/14926.html作成日：2020.07.30江東区辰巳,江東区東雲,中須かすみ"
      },
      "type": "Feature"
    },
    {
      "geometry": {
        "coordinates": [
          139.810511,
          35.651084
        ],
        "type": "Point"
      },
      "properties": {
        "bangumi_id": 296659,
        "bangumi_title": "LoveLive! 虹咲学园校园偶像同好会",
        "ep_cut": "",
        "image_url": "https://w.junreimap.com/images/points/296659/4s6dzr6i3.jpg",
        "location": "PV『無敵級*ビリーバー』(初出順)",
        "point_id": "4s6dzr6i3",
        "point_name": "辰巳一丁目アパート街区内 公園",
        "remark": "2020.07.29「無敵級*ビリーバー」かすみが座っているベンチの場所。周囲はアパートに囲まれているため騒いだりするのは厳に慎みましょう。補足：お台場から行く場合は都バスやレンタルサイクルがお勧めです。有楽町線辰巳駅から行く場合は写真3枚目のように2番出口から9号線沿いに真っ直ぐ歩くと迷いにくいです。手前味噌ですが巡礼記事に詳述しています。https://zacharylion.hatenablog.com/entry/2020/08/06/181054#%E8%BE%B0%E5%B7%B3%E4%B8%80%E4%B8%81%E7%9B%AE%E3%82%A2%E3%83%91%E3%83%BC%E3%83%88-%E8%A1%97%E5%8C%BA%E5%86%85%E5%85%AC%E5%9C%92作成日：2020.08.04江東区辰巳,中須かすみ"
      },
      "type": "Feature"
    },
    {
      "geometry": {
        "coordinates": [
          139.768677,
          35.63509
        ],
        "type": "Point"
      },
      "properties": {
        "bangumi_id": 296659,
        "bangumi_title": "LoveLive! 虹咲学园校园偶像同好会",
        "ep_cut": "",
        "image_url": "https://w.junreimap.com/images/points/296659/4s6dzr6d1.jpg",
        "location": "PV『無敵級*ビリーバー』(初出順)",
        "point_id": "4s6dzr6d1",
        "point_name": "ノースルート P28橋脚周辺",
        "remark": "2020.07.29 「無敵級*ビリーバー」かすみが旗を掲げて立っている場所に近いアングルの一帯。ここ以外の候補ではお台場海浜公園の岩場(3枚目)が考えられます。【備考】日の向き的にはあの場面は夕陽です。作成日：2020.08.06レインボーブリッジ,ノースルート,中須かすみ,港区台場,台場地区"
      },
      "type": "Feature"
    },
    {
      "geometry": {
        "coordinates": [
          139.795839,
          35.631084
        ],
        "type": "Point"
      },
      "properties": {
        "bangumi_id": 296659,
        "bangumi_title": "LoveLive! 虹咲学园校园偶像同好会",
        "ep_cut": "",
        "image_url": "https://w.junreimap.com/images/points/296659/4s6dzr6ig.jpg",
        "location": "PV『未来ハーモニー』(初出順)",
        "point_id": "4s6dzr6ig",
        "point_name": "連絡ブリッジ",
        "remark": "2020.07.29「未来ハーモニー」歩夢とせつ菜が居る場所作成日2020.07.30更新日2021.12.07江東区有明,有明南地区 D区画,東京ビッグサイト,上原歩夢,優木せつ菜"
      },
      "type": "Feature"
    },
    {
      "geometry": {
        "coordinates": [
          139.777986,
          35.625477
        ],
        "type": "Point"
      },
      "properties": {
        "bangumi_id": 296659,
        "bangumi_title": "LoveLive! 虹咲学园校园偶像同好会",
        "ep_cut": "",
        "image_url": "https://w.junreimap.com/images/points/296659/4s6dzr68j.jpg",
        "location": "PV『未来ハーモニー』(初出順)",
        "point_id": "4s6dzr68j",
        "point_name": "出会い橋 東京テレポート駅側",
        "remark": "2020.07.29「未来ハーモニー」璃奈と彼方が登場する場所。作成日：2020.07.30江東区青海,青海地区,シンボルプロムナード公園,センタープロムナード,出会い橋,天王寺璃奈,近江彼方"
      },
      "type": "Feature"
    },
    {
      "geometry": {
        "coordinates": [
          139.777355,
          35.62991
        ],
        "type": "Point"
      },
      "properties": {
        "bangumi_id": 296659,
        "bangumi_title": "LoveLive! 虹咲学园校园偶像同好会",
        "ep_cut": "",
        "image_url": "https://w.junreimap.com/images/points/296659/4s6dzr6fk.jpg",
        "location": "PV『未来ハーモニー』(初出順)",
        "point_id": "4s6dzr6fk",
        "point_name": "シーリアお台場五番街前",
        "remark": "2020.07.29「未来ハーモニー」彼方が寝ている遊具と、そのすぐ側を愛が歩いて行く場所。捕捉：住宅地に挟まれた場所で住民が多く行き交うため、騒いだりするのは止めましょう作成日：2020.07.30港区台場,台場地区AL区画,シーリアお台場五番街,近江彼方,宮下愛"
      },
      "type": "Feature"
    },
    {
      "geometry": {
        "coordinates": [
          139.779929,
          35.627111
        ],
        "type": "Point"
      },
      "properties": {
        "bangumi_id": 296659,
        "bangumi_title": "LoveLive! 虹咲学园校园偶像同好会",
        "ep_cut": "",
        "image_url": "https://w.junreimap.com/images/points/296659/4s6dzr6d2.jpg",
        "location": "PV『未来ハーモニー』(初出順)",
        "point_id": "4s6dzr6d2",
        "point_name": "テレポートブリッジ",
        "remark": "2020.07.29 「未来ハーモニー」愛と果林がいるところ。捕捉：ウェストプロムナードの支線となる歩道橋。開発当時はスカイウェイと呼称されることが多かった。参考：テレポートブリッジhttps://www.twr.co.jp/guide/tabid/150/pdid/4638/Default.aspx作成日：2020.07.29港区台場,江東区青海,テレポートブリッジ,宮下愛,朝香果林"
      },
      "type": "Feature"
    },
    {
      "geometry": {
        "coordinates": [
          139.781246,
          35.625568
        ],
        "type": "Point"
      },
      "properties": {
        "bangumi_id": 296659,
        "bangumi_title": "LoveLive! 虹咲学园校园偶像同好会",
        "ep_cut": "",
        "image_url": "https://w.junreimap.com/images/points/296659/4s6dzr69x.jpg",
        "location": "PV『未来ハーモニー』(初出順)",
        "point_id": "4s6dzr69x",
        "point_name": "パレットプラザ ※閉館",
        "remark": "2020.07.29 「未来ハーモニー」果林が立っている場所。その下にある地上階を歩夢が歩いていきます。作成日2020.07.30江東区青海,青海地区 青海ST区画 (パレットタウン暫定利用区画),上原歩夢,朝香果林"
      },
      "type": "Feature"
    },
    {
      "geometry": {
        "coordinates": [
          139.778575,
          35.625984
        ],
        "type": "Point"
      },
      "properties": {
        "bangumi_id": 296659,
        "bangumi_title": "LoveLive! 虹咲学园校园偶像同好会",
        "ep_cut": "",
        "image_url": "https://w.junreimap.com/images/points/296659/4s6dzr6ar.jpg",
        "location": "PV『未来ハーモニー』(初出順)",
        "point_id": "4s6dzr6ar",
        "point_name": "東京テレポート駅バスターミナル前",
        "remark": "2020.07.29「未来ハーモニー」菜々(せつ菜)とエマがいる場所。参考：シンボルプロムナード公園は様々な名称の場所に小分けされているため、分かりづらい時はここを参考。見どころ&施設案内｜シンボルプロムナード公園http://www.tptc.co.jp/park/01_04/point作成日：2020.07.29江東区青海,シンボルプロムナード公園,,センタープロムナード,東京テレポート駅バスターミナル,いきものの谷,優木せつ菜,エマ･ヴェルデ"
      },
      "type": "Feature"
    },
    {
      "geometry": {
        "coordinates": [
          139.777669,
          35.630074
        ],
        "type": "Point"
      },
      "properties": {
        "bangumi_id": 296659,
        "bangumi_title": "LoveLive! 虹咲学园校园偶像同好会",
        "ep_cut": "",
        "image_url": "https://w.junreimap.com/images/points/296659/4s6dzr6i1.jpg",
        "location": "PV『未来ハーモニー』(初出順)",
        "point_id": "4s6dzr6i1",
        "point_name": "25 porticos",
        "remark": "2020.07.29 「未来ハーモニー」エマとしずくが歩いている場所。捕捉：25 porticosはフランス人アーティストが手がけ、臨海副都心街びらきが行われた1996年に設置された公共オブジェです。参考：Public Art #5: Daniel Buren’s “25 Porticos”http://www.tokyoartbeat.com/tablog/entries.en/2014/02/public-art-5-daniel-burens-25-porticos.html作成日：2020.07.30港区台場,台場地区AL区画,シーリアお台場五番街,エマ･ヴェルデ,桜坂しずく"
      },
      "type": "Feature"
    },
    {
      "geometry": {
        "coordinates": [
          139.773227,
          35.628573
        ],
        "type": "Point"
      },
      "properties": {
        "bangumi_id": 296659,
        "bangumi_title": "LoveLive! 虹咲学园校园偶像同好会",
        "ep_cut": "",
        "image_url": "https://w.junreimap.com/images/points/296659/4s6dzr64q.jpg",
        "location": "PV『未来ハーモニー』(初出順)",
        "point_id": "4s6dzr64q",
        "point_name": "スカイウォーク",
        "remark": "2020.07.29発売 「未来ハーモニー」階段下から。後ろに見えるのはアクアシティお台場参考情報：お台場海浜公園＆台場公園｜海上公園なびhttp://www.tptc.co.jp/park/01_02?cmdarticlesearch=1&posted_sort=d&absolutepage=2作成日2020.06.10東京都港区,台場地区,お台場海浜公園,桜坂しずく"
      },
      "type": "Feature"
    },
    {
      "geometry": {
        "coordinates": [
          139.762966,
          35.636645
        ],
        "type": "Point"
      },
      "properties": {
        "bangumi_id": 296659,
        "bangumi_title": "LoveLive! 虹咲学园校园偶像同好会",
        "ep_cut": "",
        "image_url": "https://w.junreimap.com/images/points/296659/4s6dzr651.jpg",
        "location": "PV『未来ハーモニー』(初出順)",
        "point_id": "4s6dzr651",
        "point_name": "首都高速11号台場線",
        "remark": "2020.07.29 「未来ハーモニー」首都高速11号台場線上。本作のメインステージにあたる。※ 一般道・ゆりかもめ・レインボーバス・都バス・遊歩道は一階層下を通ります参考情報：レインボーブリッジ　RAINBOW BRIDGE|東京都港湾局公式ホームページhttps://www.kouwan.metro.tokyo.lg.jp/pamphlet/rainbow/レインボーブリッジ｜首都高を知る・楽しむ｜首都高ドライバーズサイトhttps://www.shutoko.jp/fun/lightup/rainbowbridge/作成日2020.06.10東京都港区,台場地区,中須かすみ,レインボーブリッジ"
      },
      "type": "Feature"
    },
    {
      "geometry": {
        "coordinates": [
          139.776468,
          35.629813
        ],
        "type": "Point"
      },
      "properties": {
        "bangumi_id": 296659,
        "bangumi_title": "LoveLive! 虹咲学园校园偶像同好会",
        "ep_cut": "",
        "image_url": "https://w.junreimap.com/images/points/296659/4s6dzr6ka.jpg",
        "location": "PV『未来ハーモニー』(初出順)",
        "point_id": "4s6dzr6ka",
        "point_name": "デックス東京ビーチ3F デッキ",
        "remark": "2020.07.29発売 「未来ハーモニー」3Fデッキからレインボーブリッジ方面を覗いているカット。(歩夢が走る方向には階段がないため、ジョナサン前の階段を降りる→ODAIBAゲーマーズを横切る→お台場海浜公園へ？).補足：・歩夢の正面のカットから手すりとデッキが並行な部分が正解作成日2020.06.10港区台場,台場地区B区画,デックス東京ビーチ,上原歩夢"
      },
      "type": "Feature"
    },
    {
      "geometry": {
        "coordinates": [
          139.773344,
          35.628057
        ],
        "type": "Point"
      },
      "properties": {
        "bangumi_id": 296659,
        "bangumi_title": "LoveLive! 虹咲学园校园偶像同好会",
        "ep_cut": "",
        "image_url": "https://w.junreimap.com/images/points/296659/4s6dzr6em.jpg",
        "location": "PV『未来ハーモニー』(初出順)",
        "point_id": "4s6dzr6em",
        "point_name": "アクアシティお台場5F",
        "remark": "2020.07.29発売 「未来ハーモニー」アクアシティお台場 5Fの展望フロア。(走った先の階段から下層へ降りてお台場海浜公園へ？)参考情報：5F | フロアガイド | アクアシティお台場https://www.aquacity.jp/floorguide/floor.php?floor=5F作成日2020.06.10港区台場,台場地区,C区画,アクアシティお台場,朝香果林,近江彼方"
      },
      "type": "Feature"
    },
    {
      "geometry": {
        "coordinates": [
          139.776988,
          35.624998
        ],
        "type": "Point"
      },
      "properties": {
        "bangumi_id": 296659,
        "bangumi_title": "LoveLive! 虹咲学园校园偶像同好会",
        "ep_cut": "",
        "image_url": "https://w.junreimap.com/images/points/296659/4s6dzr6kw.jpg",
        "location": "PV『未来ハーモニー』(初出順)",
        "point_id": "4s6dzr6kw",
        "point_name": "ダイバーシティオフィス エントランス付近",
        "remark": "2020.07.29「未来ハーモニー」走っていく方向はお台場海浜公園がある方。(ダイバーシティ→青海台場クロスウォーク→お台場海浜公園？)作成日2020.06.10江東区青海,青海地区 Q区画,ダイバーシティ東京プラザ,宮下愛,エマ･ヴェルデ"
      },
      "type": "Feature"
    },
    {
      "geometry": {
        "coordinates": [
          139.775663,
          35.629775
        ],
        "type": "Point"
      },
      "properties": {
        "bangumi_id": 296659,
        "bangumi_title": "LoveLive! 虹咲学园校园偶像同好会",
        "ep_cut": "",
        "image_url": "https://w.junreimap.com/images/points/296659/4s6dzr67m.jpg",
        "location": "PV『未来ハーモニー』(初出順)",
        "point_id": "4s6dzr67m",
        "point_name": "お台場海浜公園中央デッキ",
        "remark": "2020.07.29発売 「未来ハーモニー」お台場海浜公園マリンハウスへ繋がる歩道橋。(お台場海浜公園では登場しないため、マリンハウスからどこへ向かったのかが不明です)参考情報：お台場海浜公園＆台場公園｜海上公園なびhttp://www.tptc.co.jp/park/01_02作成日2020.06.10東京都港区,台場地区,B区画,デックス東京ビーチ,お台場海浜公園,優木せつ菜"
      },
      "type": "Feature"
    },
    {
      "geometry": {
        "coordinates": [
          139.774062,
          35.629746
        ],
        "type": "Point"
      },
      "properties": {
        "bangumi_id": 296659,
        "bangumi_title": "LoveLive! 虹咲学园校园偶像同好会",
        "ep_cut": "",
        "image_url": "https://w.junreimap.com/images/points/296659/4s6dzr6k1.jpg",
        "location": "PV『未来ハーモニー』(初出順)",
        "point_id": "4s6dzr6k1",
        "point_name": "旧ボート桟橋",
        "remark": "2020.07.29発売 「未来ハーモニー」向きはお台場海浜公園の砂浜方向。参考情報：お台場海浜公園＆台場公園｜海上公園なびhttp://www.tptc.co.jp/park/01_02作成日2020.06.10東京都港区,台場地区,お台場海浜公園"
      },
      "type": "Feature"
    },
    {
      "geometry": {
        "coordinates": [
          139.771012,
          35.633264
        ],
        "type": "Point"
      },
      "properties": {
        "bangumi_id": 296659,
        "bangumi_title": "LoveLive! 虹咲学园校园偶像同好会",
        "ep_cut": "",
        "image_url": "https://w.junreimap.com/images/points/296659/4s6dzr678.jpg",
        "location": "PV『未来ハーモニー』(初出順)",
        "point_id": "4s6dzr678",
        "point_name": "台場公園",
        "remark": "2020.07.29発売 「未来ハーモニー」海に面した斜面の近くであり、雑草が生い茂り雨の後は滑ります。街灯もありません。夜間に訪れる場合は注意してください。参考情報：お台場海浜公園＆台場公園｜海上公園なびhttp://www.tptc.co.jp/park/01_02作成日2020.06.10東京都港区,台場地区,お台場海浜公園,台場公園"
      },
      "type": "Feature"
    },
    {
      "geometry": {
        "coordinates": [
          139.774654,
          35.630043
        ],
        "type": "Point"
      },
      "properties": {
        "bangumi_id": 296659,
        "bangumi_title": "LoveLive! 虹咲学园校园偶像同好会",
        "ep_cut": "",
        "image_url": "https://w.junreimap.com/images/points/296659/4s6dzr701.jpg",
        "location": "OP/ED",
        "point_id": "4s6dzr701",
        "point_name": "お台場海浜公園水域",
        "remark": "2020.10.10 「虹色Passions！」近い場所として登録。作成日2020.10.12港区台場,台場地区,お台場海浜公園,高咲侑,虹色Passions！"
      },
      "type": "Feature"
    },
    {
      "geometry": {
        "coordinates": [
          139.794078,
          35.629784
        ],
        "type": "Point"
      },
      "properties": {
        "bangumi_id": 296659,
        "bangumi_title": "LoveLive! 虹咲学园校园偶像同好会",
        "ep_cut": "",
        "image_url": "https://w.junreimap.com/images/points/296659/4s6dzr73s.jpg",
        "location": "OP/ED",
        "point_id": "4s6dzr73s",
        "point_name": "東京ビッグサイトヘリポート",
        "remark": "2020.10.10 「虹色Passions！」会議棟の最上階。普段は立ち入れませんが、8Fにあるレストラン『アルポルト』利用時はヘリポートの真下でご飯を食べられます。作成日2020.10.12江東区有明,有明南地区 D区画,東京ビッグサイト,上原歩夢,中須かすみ,桜坂しずく,朝香果林,宮下愛,近江彼方,優木せつ菜,エマ・ヴェルデ,天王寺璃奈,虹色Passions！"
      },
      "type": "Feature"
    },
    {
      "geometry": {
        "coordinates": [
          139.794292,
          35.627177
        ],
        "type": "Point"
      },
      "properties": {
        "bangumi_id": 296659,
        "bangumi_title": "LoveLive! 虹咲学园校园偶像同好会",
        "ep_cut": "",
        "image_url": "https://w.junreimap.com/images/points/296659/4s6dzr77z.jpg",
        "location": "OP/ED",
        "point_id": "4s6dzr77z",
        "point_name": "有明西ふ頭公園 霧の噴水広場",
        "remark": "2020.10.10 「虹色Passions！」作成日2020.10.12江東区有明,有明南地区,有明西ふ頭公園,虹色Passions！,桜坂しずく,中須かすみ"
      },
      "type": "Feature"
    },
    {
      "geometry": {
        "coordinates": [
          139.791272,
          35.630594
        ],
        "type": "Point"
      },
      "properties": {
        "bangumi_id": 296659,
        "bangumi_title": "LoveLive! 虹咲学园校园偶像同好会",
        "ep_cut": "",
        "image_url": "https://w.junreimap.com/images/points/296659/4s6dzr7fv.jpg",
        "location": "OP/ED",
        "point_id": "4s6dzr7fv",
        "point_name": "東京TFTビル 2F",
        "remark": "2020.10.10 「虹色Passions！」作成日2020.10.12江東区有明,有明南地区 FG区画,東京ファッションタウンビル,上原歩夢,虹色Passions！"
      },
      "type": "Feature"
    },
    {
      "geometry": {
        "coordinates": [
          139.793592,
          35.629563
        ],
        "type": "Point"
      },
      "properties": {
        "bangumi_id": 296659,
        "bangumi_title": "LoveLive! 虹咲学园校园偶像同好会",
        "ep_cut": "",
        "image_url": "https://w.junreimap.com/images/points/296659/4s6dzr71c.jpg",
        "location": "OP/ED",
        "point_id": "4s6dzr71c",
        "point_name": "2F イベントプラザ",
        "remark": "2020.10.10 「虹色Passions！」セブンイレブンの横。作成日2020.10.12江東区有明,有明南地区 D区画,東京ビッグサイト,宮下愛,近江彼方,虹色Passions！"
      },
      "type": "Feature"
    },
    {
      "geometry": {
        "coordinates": [
          139.77627,
          35.625943
        ],
        "type": "Point"
      },
      "properties": {
        "bangumi_id": 296659,
        "bangumi_title": "LoveLive! 虹咲学园校园偶像同好会",
        "ep_cut": "",
        "image_url": "https://w.junreimap.com/images/points/296659/4s6dzr7j5.jpg",
        "location": "OP/ED",
        "point_id": "4s6dzr7j5",
        "point_name": "テレポート駅ゲート",
        "remark": "2020.10.10 「虹色Passions！」作成日2020.10.12江東区青海,青海地区,Q区画,ダイバーシティ東京プラザ,優木せつ菜,虹色Passions！"
      },
      "type": "Feature"
    },
    {
      "geometry": {
        "coordinates": [
          139.77689,
          35.629551
        ],
        "type": "Point"
      },
      "properties": {
        "bangumi_id": 296659,
        "bangumi_title": "LoveLive! 虹咲学园校园偶像同好会",
        "ep_cut": "",
        "image_url": "https://w.junreimap.com/images/points/296659/4s6dzr760.jpg",
        "location": "OP/ED",
        "point_id": "4s6dzr760",
        "point_name": "THEキャラカフェ前",
        "remark": "2020.10.10 「虹色Passions！」作成日2020.10.12港区台場,台場地区B区画,デックス東京ビーチ,高咲侑,優木せつ菜,虹色Passions！"
      },
      "type": "Feature"
    },
    {
      "geometry": {
        "coordinates": [
          139.77514,
          35.618004
        ],
        "type": "Point"
      },
      "properties": {
        "bangumi_id": 296659,
        "bangumi_title": "LoveLive! 虹咲学园校园偶像同好会",
        "ep_cut": "",
        "image_url": "https://w.junreimap.com/images/points/296659/4s6dzr77r.jpg",
        "location": "OP/ED",
        "point_id": "4s6dzr77r",
        "point_name": "THE SOHO Odaiba",
        "remark": "2020.10.10 「虹色Passions！」作成日2020.10.12江東区青海,青海地区 F1-N区画,高咲侑,上原歩夢,中須かすみ,優木せつ菜,桜坂しずく,虹色Passions！"
      },
      "type": "Feature"
    },
    {
      "geometry": {
        "coordinates": [
          139.78068,
          35.626169
        ],
        "type": "Point"
      },
      "properties": {
        "bangumi_id": 296659,
        "bangumi_title": "LoveLive! 虹咲学园校园偶像同好会",
        "ep_cut": "",
        "image_url": "https://w.junreimap.com/images/points/296659/4s6dzr6x7.jpg",
        "location": "OP/ED",
        "point_id": "4s6dzr6x7",
        "point_name": "パレットタウン 東京テレポート駅側階段",
        "remark": "2020.10.10 「虹色Passions！」作成日2020.10.12江東区青海,青海地区 青海ST区画 (パレットタウン暫定利用区画),朝香果林,虹色Passions！"
      },
      "type": "Feature"
    },
    {
      "geometry": {
        "coordinates": [
          139.778397,
          35.6189
        ],
        "type": "Point"
      },
      "properties": {
        "bangumi_id": 296659,
        "bangumi_title": "LoveLive! 虹咲学园校园偶像同好会",
        "ep_cut": "",
        "image_url": "https://w.junreimap.com/images/points/296659/4s6dzr6zs.jpg",
        "location": "OP/ED",
        "point_id": "4s6dzr6zs",
        "point_name": "ウエストプロムナード",
        "remark": "2020.10.10 「虹色Passions！」オブジェ「ROUND STRUCTURE 1995」の手前。作成日2020.10.12江東区青海,青海地区,ウェストプロムナード,ROUND STRUCTURE 1995,虹色Passions！"
      },
      "type": "Feature"
    },
    {
      "geometry": {
        "coordinates": [
          139.785048,
          35.629695
        ],
        "type": "Point"
      },
      "properties": {
        "bangumi_id": 296659,
        "bangumi_title": "LoveLive! 虹咲学园校园偶像同好会",
        "ep_cut": "",
        "image_url": "https://w.junreimap.com/images/points/296659/4s6dzr74u.jpg",
        "location": "OP/ED",
        "point_id": "4s6dzr74u",
        "point_name": "水の広場公園 (東地区)",
        "remark": "2020.10.10 「虹色Passions！」参考情報：夢の大橋を有明側へ渡ったら東京都水の科学館へ向かう途中に「水の広場公園」と書かれた横道があります。そこから入ると辿り着きます。作成日2020.10.12江東区有明,有明南地区,水の広場公園(東地区),朝香果林,宮下愛,近江彼方,エマ・ヴェルデ,天王寺璃奈,虹色Passions！"
      },
      "type": "Feature"
    },
    {
      "geometry": {
        "coordinates": [
          139.775518,
          35.628988
        ],
        "type": "Point"
      },
      "properties": {
        "bangumi_id": 296659,
        "bangumi_title": "LoveLive! 虹咲学园校园偶像同好会",
        "ep_cut": "",
        "image_url": "https://w.junreimap.com/images/points/296659/4s6dzr7c6.jpg",
        "location": "OP/ED",
        "point_id": "4s6dzr7c6",
        "point_name": "東京ジョイポリス入口",
        "remark": "2020.10.10 「虹色Passions！」デックス東京ビーチ3Fにあります。作成日2020.10.12港区台場,台場地区B区画,デックス東京ビーチ,東京ジョイポリス,天王寺璃奈,虹色Passions！"
      },
      "type": "Feature"
    },
    {
      "geometry": {
        "coordinates": [
          139.794188,
          35.628948
        ],
        "type": "Point"
      },
      "properties": {
        "bangumi_id": 296659,
        "bangumi_title": "LoveLive! 虹咲学园校园偶像同好会",
        "ep_cut": "",
        "image_url": "https://w.junreimap.com/images/points/296659/4s6dzr7in.jpg",
        "location": "OP/ED",
        "point_id": "4s6dzr7in",
        "point_name": "西展示棟2F",
        "remark": "2020.10.03 「NEO SKY, NEO MAP!」スクールアイドル同好会部室。実際の場所には部屋はありません。作成日2020.10.04江東区有明,有明南地区 D区画,東京ビッグサイト,高咲侑"
      },
      "type": "Feature"
    },
    {
      "geometry": {
        "coordinates": [
          139.803372,
          35.647176
        ],
        "type": "Point"
      },
      "properties": {
        "bangumi_id": 296659,
        "bangumi_title": "LoveLive! 虹咲学园校园偶像同好会",
        "ep_cut": "",
        "image_url": "https://w.junreimap.com/images/points/296659/4s6dzr6wx.jpg",
        "location": "OP/ED",
        "point_id": "4s6dzr6wx",
        "point_name": "東雲キャナルコートCODAN",
        "remark": "2020.10.03 「NEO SKY, NEO MAP!」おおよその位置として登録しています。作成日2020.10.04江東区東雲,上原歩夢"
      },
      "type": "Feature"
    },
    {
      "geometry": {
        "coordinates": [
          139.775513,
          35.629056
        ],
        "type": "Point"
      },
      "properties": {
        "bangumi_id": 296659,
        "bangumi_title": "LoveLive! 虹咲学园校园偶像同好会",
        "ep_cut": "",
        "image_url": "https://w.junreimap.com/images/points/296659/4s6dzr7d6.jpg",
        "location": "OP/ED",
        "point_id": "4s6dzr7d6",
        "point_name": "デックス4F エスカレータ踊り場",
        "remark": "2020.10.03 「NEO SKY, NEO MAP!」東京ジョイポリス入口の向かいにあるエスカレーターを昇ったところです。作成日2020.10.04港区台場,台場地区B区画,デックス東京ビーチ,東京ジョイポリス,天王寺璃奈,NEO SKY, NEO MAP!"
      },
      "type": "Feature"
    },
    {
      "geometry": {
        "coordinates": [
          139.775652,
          35.624715
        ],
        "type": "Point"
      },
      "properties": {
        "bangumi_id": 296659,
        "bangumi_title": "LoveLive! 虹咲学园校园偶像同好会",
        "ep_cut": "",
        "image_url": "https://w.junreimap.com/images/points/296659/4s6dzr7gg.jpg",
        "location": "OP/ED",
        "point_id": "4s6dzr7gg",
        "point_name": "フェスティバル広場大階段",
        "remark": "2020.10.03 「NEO SKY, NEO MAP!」作成日2020.10.04江東区青海,青海地区,Q区画,ダイバーシティ東京プラザ,優木せつ菜,NEO SKY, NEO MAP!"
      },
      "type": "Feature"
    },
    {
      "geometry": {
        "coordinates": [
          139.779911,
          35.624782
        ],
        "type": "Point"
      },
      "properties": {
        "bangumi_id": 296659,
        "bangumi_title": "LoveLive! 虹咲学园校园偶像同好会",
        "ep_cut": "",
        "image_url": "https://w.junreimap.com/images/points/296659/4s6dzr710.jpg",
        "location": "OP/ED",
        "point_id": "4s6dzr710",
        "point_name": "2F 噴水広場 ※閉館",
        "remark": "2020.10.03 「NEO SKY, NEO MAP!」作成日2020.10.04江東区青海,青海地区 青海ST区画 (パレットタウン暫定利用区画),朝香果林,NEO SKY,NEO MAP!,ヴィーナスフォート"
      },
      "type": "Feature"
    },
    {
      "geometry": {
        "coordinates": [
          139.777894,
          35.632646
        ],
        "type": "Point"
      },
      "properties": {
        "bangumi_id": 296659,
        "bangumi_title": "LoveLive! 虹咲学园校园偶像同好会",
        "ep_cut": "",
        "image_url": "https://w.junreimap.com/images/points/296659/4s6dzr7ar.jpg",
        "location": "OP/ED",
        "point_id": "4s6dzr7ar",
        "point_name": "お台場レインボー公園",
        "remark": "2020.10.03 「NEO SKY, NEO MAP!」更新時点でもっともそれらしい場所として登録しています。作成日2020.10.04港区台場,台場地区,お台場レインボー公園,NEO SKY, NEO MAP!,中須かすみ,桜坂しずく,宮下愛"
      },
      "type": "Feature"
    },
    {
      "geometry": {
        "coordinates": [
          139.777126,
          35.619459
        ],
        "type": "Point"
      },
      "properties": {
        "bangumi_id": 296659,
        "bangumi_title": "LoveLive! 虹咲学园校园偶像同好会",
        "ep_cut": "",
        "image_url": "https://w.junreimap.com/images/points/296659/4s6dzr72t.jpg",
        "location": "OP/ED",
        "point_id": "4s6dzr72t",
        "point_name": "日本科学未来館 ジオ・コスモス",
        "remark": "2020.10.03 「NEO SKY, NEO MAP!」参考情報：日本科学未来館 (Miraikan)https://www.miraikan.jst.go.jp/※新型コロナウイルス感染症の影響により事前の完全予約制となっている点に注意。作成日2020.10.04江東区青海,青海地区 青海GH区画,NEO SKY, NEO MAP!,エマ・ヴェルデ,朝香果林"
      },
      "type": "Feature"
    },
    {
      "geometry": {
        "coordinates": [
          139.775542,
          35.630447
        ],
        "type": "Point"
      },
      "properties": {
        "bangumi_id": 296659,
        "bangumi_title": "LoveLive! 虹咲学园校园偶像同好会",
        "ep_cut": "",
        "image_url": "https://w.junreimap.com/images/points/296659/4s6dzr74p.jpg",
        "location": "OP/ED",
        "point_id": "4s6dzr74p",
        "point_name": "お台場海浜公園",
        "remark": "2020.10.03 「NEO SKY, NEO MAP!」参考情報：お台場海浜公園＆台場公園｜海上公園なびhttp://www.tptc.co.jp/park/01_02作成日2020.10.04港区台場,台場地区,お台場海浜公園,NEO SKY, NEO MAP!,上原歩夢,中須かすみ,桜坂しずく,朝香果林,宮下愛,近江彼方,優木せつ菜,エマ・ヴェルデ,天王寺璃奈,高咲侑"
      },
      "type": "Feature"
    },
    {
      "geometry": {
        "coordinates": [
          139.774736,
          35.623543
        ],
        "type": "Point"
      },
      "properties": {
        "bangumi_id": 296659,
        "bangumi_title": "LoveLive! 虹咲学园校园偶像同好会",
        "ep_cut": "",
        "image_url": "https://w.junreimap.com/images/points/296659/4s6dzr75w.jpg",
        "location": "第01話～第04話 (初出順)",
        "point_id": "4s6dzr75w",
        "point_name": "セントラル広場",
        "remark": "2020.10.03 第01話「はじまりのトキメキ」舞台の説明：・セントラル広場はウェストプロムナード(台場～青海)とセンタープロムナード(青海～有明)が交差する部分に設けられた広場です。イベントなどが行われる会場にもなります。臨海副都心開発時には副都心広場と呼ばれていました。・背景に映り込む金色の棒は「自由の炎像」と呼ばれ、1998年の日仏友好「日本におけるフランス年」を記念して自由の女神像とあわせて設置されたものです。参考情報：見どころ&施設案内｜シンボルプロムナード公園http://www.tptc.co.jp/park/01_04/point作成日2020.10.04江東区青海,青海地区,シンボルプロムナード公園,高咲侑,上原歩夢"
      },
      "type": "Feature"
    },
    {
      "geometry": {
        "coordinates": [
          139.775871,
          35.625346
        ],
        "type": "Point"
      },
      "properties": {
        "bangumi_id": 296659,
        "bangumi_title": "LoveLive! 虹咲学园校园偶像同好会",
        "ep_cut": "",
        "image_url": "https://w.junreimap.com/images/points/296659/4s6dzr789.jpg",
        "location": "第01話～第04話 (初出順)",
        "point_id": "4s6dzr789",
        "point_name": "ハンズ ビー  ※閉店",
        "remark": "2020.10.03 第01話「はじまりのトキメキ」注意：2020.12.29に閉店作成日2020.10.04江東区青海,青海地区 Q区画,ダイバーシティ東京プラザ,高咲侑,上原歩夢"
      },
      "type": "Feature"
    },
    {
      "geometry": {
        "coordinates": [
          139.77517,
          35.623592
        ],
        "type": "Point"
      },
      "properties": {
        "bangumi_id": 296659,
        "bangumi_title": "LoveLive! 虹咲学园校园偶像同好会",
        "ep_cut": "",
        "image_url": "https://w.junreimap.com/images/points/296659/4s6dzr75f.jpg",
        "location": "第01話～第04話 (初出順)",
        "point_id": "4s6dzr75f",
        "point_name": "セントラル広場 ベンチ",
        "remark": "2020.10.03 第01話「はじまりのトキメキ」参考情報：見どころ&施設案内｜シンボルプロムナード公園http://www.tptc.co.jp/park/01_04/point作成日2020.11.13江東区青海,青海地区,シンボルプロムナード公園,高咲侑,上原歩夢"
      },
      "type": "Feature"
    },
    {
      "geometry": {
        "coordinates": [
          139.775622,
          35.62459
        ],
        "type": "Point"
      },
      "properties": {
        "bangumi_id": 296659,
        "bangumi_title": "LoveLive! 虹咲学园校园偶像同好会",
        "ep_cut": "",
        "image_url": "https://w.junreimap.com/images/points/296659/4s6dzr6vu.jpg",
        "location": "第01話～第04話 (初出順)",
        "point_id": "4s6dzr6vu",
        "point_name": "フェスティバル広場",
        "remark": "2020.10.03 第01話「はじまりのトキメキ」作成日2020.09.14江東区青海,青海地区,Q区画,ダイバーシティ東京プラザ,高咲侑,上原歩夢"
      },
      "type": "Feature"
    },
    {
      "geometry": {
        "coordinates": [
          139.773882,
          35.624612
        ],
        "type": "Point"
      },
      "properties": {
        "bangumi_id": 296659,
        "bangumi_title": "LoveLive! 虹咲学园校园偶像同好会",
        "ep_cut": "",
        "image_url": "https://w.junreimap.com/images/points/296659/4s6dzr76r.jpg",
        "location": "第01話～第04話 (初出順)",
        "point_id": "4s6dzr76r",
        "point_name": "台場口側",
        "remark": "2020.10.03 第01話「はじまりのトキメキ」ウェストプロムナード沿いの場所。作成日2020.09.14江東区青海,青海地区,Q区画,ダイバーシティ東京プラザ,ウェストプロムナード"
      },
      "type": "Feature"
    },
    {
      "geometry": {
        "coordinates": [
          139.794091,
          35.629706
        ],
        "type": "Point"
      },
      "properties": {
        "bangumi_id": 296659,
        "bangumi_title": "LoveLive! 虹咲学园校园偶像同好会",
        "ep_cut": "",
        "image_url": "https://w.junreimap.com/images/points/296659/4s6dzr7i1.jpg",
        "location": "第01話～第04話 (初出順)",
        "point_id": "4s6dzr7i1",
        "point_name": "2F エントランス",
        "remark": "2020.10.03 第01話「はじまりのトキメキ」補足：・エスカレーターホールがなくなり緑地に変更され、周囲にも植樹帯ができている。作成日2020.10.04江東区有明,有明南地区 D区画,東京ビッグサイト"
      },
      "type": "Feature"
    },
    {
      "geometry": {
        "coordinates": [
          139.794804,
          35.628884
        ],
        "type": "Point"
      },
      "properties": {
        "bangumi_id": 296659,
        "bangumi_title": "LoveLive! 虹咲学园校园偶像同好会",
        "ep_cut": "",
        "image_url": "https://w.junreimap.com/images/points/296659/4s6dzr6ya.jpg",
        "location": "第01話～第04話 (初出順)",
        "point_id": "4s6dzr6ya",
        "point_name": "西展示棟1F アトリウム",
        "remark": "2020.10.03 第01話「はじまりのトキメキ」作成日2020.10.04江東区有明,有明南地区,D区画,東京ビッグサイト,高咲侑,上原歩夢,宮下愛,天王寺璃奈"
      },
      "type": "Feature"
    },
    {
      "geometry": {
        "coordinates": [
          139.795323,
          35.628847
        ],
        "type": "Point"
      },
      "properties": {
        "bangumi_id": 296659,
        "bangumi_title": "LoveLive! 虹咲学园校园偶像同好会",
        "ep_cut": "",
        "image_url": "https://w.junreimap.com/images/points/296659/4s6dzr74m.jpg",
        "location": "第01話～第04話 (初出順)",
        "point_id": "4s6dzr74m",
        "point_name": "西展示棟1F 商談室(6)",
        "remark": "2020.10.03 第01話「はじまりのトキメキ」2020.10.10 第02話「Cutest♡ガール」スクールアイドル同好会部室(212号室)の位置にある商談室。あくまで同じ位置にあるというだけ。作成日2020.10.03江東区有明,有明南地区,D区画,東京ビッグサイト,高咲侑,上原歩夢,優木せつ菜,中須かすみ"
      },
      "type": "Feature"
    },
    {
      "geometry": {
        "coordinates": [
          139.794177,
          35.629227
        ],
        "type": "Point"
      },
      "properties": {
        "bangumi_id": 296659,
        "bangumi_title": "LoveLive! 虹咲学园校园偶像同好会",
        "ep_cut": "",
        "image_url": "https://w.junreimap.com/images/points/296659/4s6dzr71f.jpg",
        "location": "第01話～第04話 (初出順)",
        "point_id": "4s6dzr71f",
        "point_name": "1F フードコート＆ビアー Eat iT!",
        "remark": "2020.10.03 第01話「はじまりのトキメキ」2020.10.10 第02話「Cutest♡ガール」2020.10.31 第05話「今しかできないことを」補足：催事・イベント開催時のみ営業のため、事前に東京ビッグサイトの来訪者向けお知らせから営業日をご確認下さい。https://www.bigsight.jp/visitor/news/2020/参考情報：フードコート＆ビアー　Eat iT！http://www.bigsight.jp/services/shop/restaurant05/作成日2020.09.28江東区有明,有明南地区 D区画,東京ビッグサイト,エマ・ヴェルデ,朝香果林,中須かすみ,桜坂しずく"
      },
      "type": "Feature"
    },
    {
      "geometry": {
        "coordinates": [
          139.797314,
          35.634342
        ],
        "type": "Point"
      },
      "properties": {
        "bangumi_id": 296659,
        "bangumi_title": "LoveLive! 虹咲学园校园偶像同好会",
        "ep_cut": "",
        "image_url": "https://w.junreimap.com/images/points/296659/4s6dzr784.jpg",
        "location": "第01話～第04話 (初出順)",
        "point_id": "4s6dzr784",
        "point_name": "東京臨海広域防災公園",
        "remark": "2020.10.03 第01話「はじまりのトキメキ」補足：スクスタで登場する学園のグラウンドと似ています。公園自体は遠景の東展示棟以外はあまり似ていません。参考情報：東京臨海広域防災公園｜本公園の役割｜災害時対応フローhttp://www.ktr.mlit.go.jp/showa/tokyorinkai/about/flow.htm作成日2020.10.04江東区有明,有明南地区,有明の丘,東京臨海広域防災公園 "
      },
      "type": "Feature"
    },
    {
      "geometry": {
        "coordinates": [
          139.783645,
          35.633089
        ],
        "type": "Point"
      },
      "properties": {
        "bangumi_id": 296659,
        "bangumi_title": "LoveLive! 虹咲学园校园偶像同好会",
        "ep_cut": "",
        "image_url": "https://w.junreimap.com/images/points/296659/4s6dzr737.jpg",
        "location": "第01話～第04話 (初出順)",
        "point_id": "4s6dzr737",
        "point_name": "有明スポーツセンター",
        "remark": "2020.10.03 第01話「はじまりのトキメキ」2020.10.10 第02話「Cutest♡ガール」参考情報：新型コロナウイルスの影響により、作成日時点では江東区在住・在勤・在学者しか利用できません。有明スポーツセンターhttps://www.koto-hsc.or.jp/sports_center4/作成日2020.10.04江東区有明,有明北地区,有明スポーツセンター"
      },
      "type": "Feature"
    },
    {
      "geometry": {
        "coordinates": [
          139.771162,
          35.620761
        ],
        "type": "Point"
      },
      "properties": {
        "bangumi_id": 296659,
        "bangumi_title": "LoveLive! 虹咲学园校园偶像同好会",
        "ep_cut": "",
        "image_url": "https://w.junreimap.com/images/points/296659/4s6dzr795.jpg",
        "location": "第01話～第04話 (初出順)",
        "point_id": "4s6dzr795",
        "point_name": "日本財団パラアリーナ",
        "remark": "2020.10.03 第01話「はじまりのトキメキ」2020.10.24 第04話「未知なるミチ」細部は異なっています。参考情報：日本財団パラアリーナhttps://www.parasapo.tokyo/paraarena/屋内の参考URL：https://www2.panasonic.biz/ls/solution/works/paraarena.htmlhttps://www.yokogawa-yess.co.jp/archives/production/6677作成日2020.10.10台場地区,品川区東八潮,宮下愛"
      },
      "type": "Feature"
    },
    {
      "geometry": {
        "coordinates": [
          139.778113,
          35.629697
        ],
        "type": "Point"
      },
      "properties": {
        "bangumi_id": 296659,
        "bangumi_title": "LoveLive! 虹咲学园校园偶像同好会",
        "ep_cut": "",
        "image_url": "https://w.junreimap.com/images/points/296659/4s6dzr79z.jpg",
        "location": "第01話～第04話 (初出順)",
        "point_id": "4s6dzr79z",
        "point_name": "お台場海浜公園駅前バス停",
        "remark": "2020.10.03 第01話「はじまりのトキメキ」補足：・乗車するバスは海01 門前仲町行き・バスのデザインと長さが実際に運行されてい都バスと異なる作成日2020.10.04港区台場,台場地区,"
      },
      "type": "Feature"
    },
    {
      "geometry": {
        "coordinates": [
          139.803589,
          35.64719
        ],
        "type": "Point"
      },
      "properties": {
        "bangumi_id": 296659,
        "bangumi_title": "LoveLive! 虹咲学园校园偶像同好会",
        "ep_cut": "",
        "image_url": "https://w.junreimap.com/images/points/296659/4s6dzr7ix.jpg",
        "location": "第01話～第04話 (初出順)",
        "point_id": "4s6dzr7ix",
        "point_name": "東雲キャナルコート CODAN",
        "remark": "2020.10.03 第01話「はじまりのトキメキ」「Dream with You」のステージ。らせん階段も近い場所にあります。注意：店舗・住宅の正面のため滞留したり騒いだりするようなことは厳に慎んで下さい。作成日2020.10.04江東区東雲,東雲キャナルコート,高咲侑,上原歩夢,Dream with You"
      },
      "type": "Feature"
    },
    {
      "geometry": {
        "coordinates": [
          139.803736,
          35.646029
        ],
        "type": "Point"
      },
      "properties": {
        "bangumi_id": 296659,
        "bangumi_title": "LoveLive! 虹咲学园校园偶像同好会",
        "ep_cut": "",
        "image_url": "https://w.junreimap.com/images/points/296659/4s6dzr6y9.jpg",
        "location": "第01話～第04話 (初出順)",
        "point_id": "4s6dzr6y9",
        "point_name": "東雲キャナルコート 螺旋階段",
        "remark": "2020.10.03 第01話「はじまりのトキメキ」作成日2020.11.07江東区東雲,東雲キャナルコート,上原歩夢,Dream with You"
      },
      "type": "Feature"
    },
    {
      "geometry": {
        "coordinates": [
          139.80357,
          35.647059
        ],
        "type": "Point"
      },
      "properties": {
        "bangumi_id": 296659,
        "bangumi_title": "LoveLive! 虹咲学园校园偶像同好会",
        "ep_cut": "",
        "image_url": "https://w.junreimap.com/images/points/296659/4s6dzr7e5.jpg",
        "location": "第01話～第04話 (初出順)",
        "point_id": "4s6dzr7e5",
        "point_name": "mYwaY ※閉店",
        "remark": "2020.10.03 第01話「はじまりのトキメキ」残念ながら2020年4月に閉店。作成日2020.11.07江東区東雲,東雲キャナルコート,高咲侑,上原歩夢,Dream with You"
      },
      "type": "Feature"
    },
    {
      "geometry": {
        "coordinates": [
          139.778049,
          35.625206
        ],
        "type": "Point"
      },
      "properties": {
        "bangumi_id": 296659,
        "bangumi_title": "LoveLive! 虹咲学园校园偶像同好会",
        "ep_cut": "",
        "image_url": "https://w.junreimap.com/images/points/296659/4s6dzr78d.jpg",
        "location": "第01話～第04話 (初出順)",
        "point_id": "4s6dzr78d",
        "point_name": "ヒストリーガレージ入口 ※閉館",
        "remark": "2020.10.03 第01話「はじまりのトキメキ」2022.03.27 閉館2022.06.22〜8.31解体工事中作成日2020.10.04江東区青海,青海地区 青海ST区画 (パレットタウン暫定利用区画),上原歩夢,Dream with You"
      },
      "type": "Feature"
    },
    {
      "geometry": {
        "coordinates": [
          139.775323,
          35.634537
        ],
        "type": "Point"
      },
      "properties": {
        "bangumi_id": 296659,
        "bangumi_title": "LoveLive! 虹咲学园校园偶像同好会",
        "ep_cut": "",
        "image_url": "https://w.junreimap.com/images/points/296659/4s6dzr7f3.jpg",
        "location": "第01話～第04話 (初出順)",
        "point_id": "4s6dzr7f3",
        "point_name": "おだいばビーチ",
        "remark": "2020.10.03 第01話「はじまりのトキメキ」参考情報：お台場海浜公園＆台場公園｜海上公園なびhttp://www.tptc.co.jp/park/01_02作成日2020.10.04港区台場,台場地区,お台場海浜公園,旧防波堤,上原歩夢,Dream with You"
      },
      "type": "Feature"
    },
    {
      "geometry": {
        "coordinates": [
          139.794252,
          35.629596
        ],
        "type": "Point"
      },
      "properties": {
        "bangumi_id": 296659,
        "bangumi_title": "LoveLive! 虹咲学园校园偶像同好会",
        "ep_cut": "",
        "image_url": "https://w.junreimap.com/images/points/296659/4s6dzr6yz.jpg",
        "location": "第01話～第04話 (初出順)",
        "point_id": "4s6dzr6yz",
        "point_name": "会議棟7F 国際会議場ロビー",
        "remark": "2020.10.10 第02話「Cutest♡ガール」注意：基本的に立ち入りのできない場所です。作成日2020.10.12江東区有明,有明南地区 D区画,東京ビッグサイト,朝香果林,優木せつ菜,近江彼方,桜坂しずく,エマ・ヴェルデ,未掲載"
      },
      "type": "Feature"
    },
    {
      "geometry": {
        "coordinates": [
          139.81001,
          35.647126
        ],
        "type": "Point"
      },
      "properties": {
        "bangumi_id": 296659,
        "bangumi_title": "LoveLive! 虹咲学园校园偶像同好会",
        "ep_cut": "",
        "image_url": "https://w.junreimap.com/images/points/296659/4s6dzr7lz.jpg",
        "location": "第01話～第04話 (初出順)",
        "point_id": "4s6dzr7lz",
        "point_name": "辰巳公園 辰巳駅前こどもの広場",
        "remark": "2020.10.10 第02話「Cutest♡ガール」作成日2020.10.12江東区辰巳,高咲侑,上原歩夢,中須かすみ"
      },
      "type": "Feature"
    },
    {
      "geometry": {
        "coordinates": [
          139.797798,
          35.654551
        ],
        "type": "Point"
      },
      "properties": {
        "bangumi_id": 296659,
        "bangumi_title": "LoveLive! 虹咲学园校园偶像同好会",
        "ep_cut": "",
        "image_url": "https://w.junreimap.com/images/points/296659/4s6dzr7mt.jpg",
        "location": "第01話～第04話 (初出順)",
        "point_id": "4s6dzr7mt",
        "point_name": "豊洲四丁目第二公園",
        "remark": "2020.10.10 第02話「Cutest♡ガール」作成日2020.10.12江東区豊洲,高咲侑,上原歩夢,中須かすみ"
      },
      "type": "Feature"
    },
    {
      "geometry": {
        "coordinates": [
          139.768561,
          35.62448
        ],
        "type": "Point"
      },
      "properties": {
        "bangumi_id": 296659,
        "bangumi_title": "LoveLive! 虹咲学园校园偶像同好会",
        "ep_cut": "",
        "image_url": "https://w.junreimap.com/images/points/296659/4s6dzr7k0.jpg",
        "location": "第01話～第04話 (初出順)",
        "point_id": "4s6dzr7k0",
        "point_name": "13号地公園記念碑",
        "remark": "2020.10.10 第02話「Cutest♡ガール」2022.04.01に再開放されました参考情報：潮風公園https://tokyo2020.org/ja/venues/shiokaze-park海上公園なび 潮風公園http://www.tptc.co.jp/park/01_03補足：13号地とは台場・青海・東八潮の住所が付与される前の埋立地一帯の呼称です作成日2020.10.04品川区東八潮,台場地区,潮風公園,高咲侑,上原歩夢,中須かすみ,未掲載"
      },
      "type": "Feature"
    },
    {
      "geometry": {
        "coordinates": [
          139.775228,
          35.629192
        ],
        "type": "Point"
      },
      "properties": {
        "bangumi_id": 296659,
        "bangumi_title": "LoveLive! 虹咲学园校园偶像同好会",
        "ep_cut": "",
        "image_url": "https://w.junreimap.com/images/points/296659/4s6dzr7g1.jpg",
        "location": "第01話～第04話 (初出順)",
        "point_id": "4s6dzr7g1",
        "point_name": "デックス 3Fデッキ",
        "remark": "2020.10.10 第02話「Cutest♡ガール」作成日2020.10.12港区台場,台場地区B区画,デックス東京ビーチ,高咲侑,上原歩夢,中須かすみ"
      },
      "type": "Feature"
    },
    {
      "geometry": {
        "coordinates": [
          139.794467,
          35.631358
        ],
        "type": "Point"
      },
      "properties": {
        "bangumi_id": 296659,
        "bangumi_title": "LoveLive! 虹咲学园校园偶像同好会",
        "ep_cut": "",
        "image_url": "https://w.junreimap.com/images/points/296659/4s6dzr70b.jpg",
        "location": "第01話～第04話 (初出順)",
        "point_id": "4s6dzr70b",
        "point_name": "七つの泉 9角池",
        "remark": "2020.10.10 第02話「Cutest♡ガール」作成日2020.10.12江東区有明,有明南地区 D区画,東京ビッグサイト,宮下愛,天王寺璃奈,高咲侑,中須かすみ"
      },
      "type": "Feature"
    },
    {
      "geometry": {
        "coordinates": [
          139.767662,
          35.625108
        ],
        "type": "Point"
      },
      "properties": {
        "bangumi_id": 296659,
        "bangumi_title": "LoveLive! 虹咲学园校园偶像同好会",
        "ep_cut": "",
        "image_url": "https://w.junreimap.com/images/points/296659/4s6dzr77m.jpg",
        "location": "第01話～第04話 (初出順)",
        "point_id": "4s6dzr77m",
        "point_name": "夕陽の塔",
        "remark": "2020.10.10 第02話「Cutest♡ガール」参考情報：潮風公園https://tokyo2020.org/ja/venues/shiokaze-park海上公園なび 潮風公園http://www.tptc.co.jp/park/01_03作成日2020.10.04品川区東八潮,台場地区,潮風公園,高咲侑,上原歩夢,中須かすみ,Poppin' Up!,未掲載"
      },
      "type": "Feature"
    },
    {
      "geometry": {
        "coordinates": [
          139.778265,
          35.615295
        ],
        "type": "Point"
      },
      "properties": {
        "bangumi_id": 296659,
        "bangumi_title": "LoveLive! 虹咲学园校园偶像同好会",
        "ep_cut": "",
        "image_url": "https://w.junreimap.com/images/points/296659/4s6dzr73e.jpg",
        "location": "第01話～第04話 (初出順)",
        "point_id": "4s6dzr73e",
        "point_name": "東京お台場 大江戸温泉物語 ※閉館",
        "remark": "2020.10.10 第02話「Cutest♡ガール」2021.09.06 閉館補足：2019年に足湯はリニューアルした為、初回放送時点で同じ場所・構図は撮れなくなっています。作成日2020.10.12江東区青海,青海地区 E区画 (暫定利用),中須かすみ,Poppin' Up!"
      },
      "type": "Feature"
    },
    {
      "geometry": {
        "coordinates": [
          139.773484,
          35.627858
        ],
        "type": "Point"
      },
      "properties": {
        "bangumi_id": 296659,
        "bangumi_title": "LoveLive! 虹咲学园校园偶像同好会",
        "ep_cut": "",
        "image_url": "https://w.junreimap.com/images/points/296659/4s6dzr6zj.jpg",
        "location": "第01話～第04話 (初出順)",
        "point_id": "4s6dzr6zj",
        "point_name": "アクアシティお台場3F中央",
        "remark": "2020.10.10 第02話「Cutest♡ガール」作成日2020.10.12港区台場,台場地区,C区画,アクアシティお台場,中須かすみ,Poppin' Up!"
      },
      "type": "Feature"
    },
    {
      "geometry": {
        "coordinates": [
          139.776287,
          35.629741
        ],
        "type": "Point"
      },
      "properties": {
        "bangumi_id": 296659,
        "bangumi_title": "LoveLive! 虹咲学园校园偶像同好会",
        "ep_cut": "",
        "image_url": "https://w.junreimap.com/images/points/296659/4s6dzr7b3.jpg",
        "location": "第01話～第04話 (初出順)",
        "point_id": "4s6dzr7b3",
        "point_name": "1F DOG DEPT+CAFE",
        "remark": "2020.10.10 第02話「Cutest♡ガール」作成日2020.10.12港区台場,台場地区B区画,デックス東京ビーチ,中須かすみ,Poppin' Up!,未掲載"
      },
      "type": "Feature"
    },
    {
      "geometry": {
        "coordinates": [
          139.796368,
          35.638526
        ],
        "type": "Point"
      },
      "properties": {
        "bangumi_id": 296659,
        "bangumi_title": "LoveLive! 虹咲学园校园偶像同好会",
        "ep_cut": "",
        "image_url": "https://w.junreimap.com/images/points/296659/4s6dzr6zr.jpg",
        "location": "第01話～第04話 (初出順)",
        "point_id": "4s6dzr6zr",
        "point_name": "有明二丁目児童遊園前 階段",
        "remark": "2020.10.17 第03話「大好きを叫ぶ」階段部分から優木せつ菜の家のモデルとなったと思しきマンションを見上げるカットです。注意：付近は住宅地と公園のため、滞留する・騒ぐ・侵入するなどの行為は厳に慎んで下さい。作成日2020.10.23有明北地区,角乗り橋,有明二丁目児童遊園,シティタワーズ東京ベイイーストタワー"
      },
      "type": "Feature"
    },
    {
      "geometry": {
        "coordinates": [
          139.794429,
          35.629282
        ],
        "type": "Point"
      },
      "properties": {
        "bangumi_id": 296659,
        "bangumi_title": "LoveLive! 虹咲学园校园偶像同好会",
        "ep_cut": "",
        "image_url": "https://w.junreimap.com/images/points/296659/4s6dzr71r.jpg",
        "location": "第01話～第04話 (初出順)",
        "point_id": "4s6dzr71r",
        "point_name": "2F ベンチ",
        "remark": "2020.10.24 第04話「未知なるミチ」作成日2020.10.25江東区有明,有明南地区 D区画,東京ビッグサイト,高咲侑,上原歩夢,桜坂しずく,近江彼方,宮下愛,天王寺璃奈,エマ・ヴェルデ"
      },
      "type": "Feature"
    },
    {
      "geometry": {
        "coordinates": [
          139.797933,
          35.672412
        ],
        "type": "Point"
      },
      "properties": {
        "bangumi_id": 296659,
        "bangumi_title": "LoveLive! 虹咲学园校园偶像同好会",
        "ep_cut": "",
        "image_url": "https://w.junreimap.com/images/points/296659/4s6dzr7fy.jpg",
        "location": "第01話～第04話 (初出順)",
        "point_id": "4s6dzr7fy",
        "point_name": "もんじゃ焼き くぼ金 ※閉店",
        "remark": "2020.10.24 第04話「未知なるミチ」作成日2020.10.25江東区門前仲町,宮下愛"
      },
      "type": "Feature"
    },
    {
      "geometry": {
        "coordinates": [
          139.797972,
          35.67231
        ],
        "type": "Point"
      },
      "properties": {
        "bangumi_id": 296659,
        "bangumi_title": "LoveLive! 虹咲学园校园偶像同好会",
        "ep_cut": "",
        "image_url": "https://w.junreimap.com/images/points/296659/4s6dzr7cr.jpg",
        "location": "第01話～第04話 (初出順)",
        "point_id": "4s6dzr7cr",
        "point_name": "人情深川ご利益通り",
        "remark": "2020.10.24 第04話「未知なるミチ」作成日2020.10.25江東区門前仲町,宮下愛"
      },
      "type": "Feature"
    },
    {
      "geometry": {
        "coordinates": [
          139.798237,
          35.670696
        ],
        "type": "Point"
      },
      "properties": {
        "bangumi_id": 296659,
        "bangumi_title": "LoveLive! 虹咲学园校园偶像同好会",
        "ep_cut": "",
        "image_url": "https://w.junreimap.com/images/points/296659/4s6dzr726.jpg",
        "location": "第01話～第04話 (初出順)",
        "point_id": "4s6dzr726",
        "point_name": "タイガー餃子会舘 門前仲町店前",
        "remark": "2020.10.24 第04話「未知なるミチ」作成日2020.10.25江東区門前仲町,宮下愛"
      },
      "type": "Feature"
    },
    {
      "geometry": {
        "coordinates": [
          139.798068,
          35.670343
        ],
        "type": "Point"
      },
      "properties": {
        "bangumi_id": 296659,
        "bangumi_title": "LoveLive! 虹咲学园校园偶像同好会",
        "ep_cut": "",
        "image_url": "https://w.junreimap.com/images/points/296659/4s6dzr77k.jpg",
        "location": "第01話～第04話 (初出順)",
        "point_id": "4s6dzr77k",
        "point_name": "巴橋",
        "remark": "2020.10.24 第04話「未知なるミチ」作成日2020.10.25江東区門前仲町,宮下愛"
      },
      "type": "Feature"
    },
    {
      "geometry": {
        "coordinates": [
          139.793218,
          35.655951
        ],
        "type": "Point"
      },
      "properties": {
        "bangumi_id": 296659,
        "bangumi_title": "LoveLive! 虹咲学园校园偶像同好会",
        "ep_cut": "",
        "image_url": "https://w.junreimap.com/images/points/296659/4s6dzr6z7.jpg",
        "location": "第01話～第04話 (初出順)",
        "point_id": "4s6dzr6z7",
        "point_name": "ららぽーと豊洲",
        "remark": "2020.10.24 第04話「未知なるミチ」作成日2020.10.25江東区豊洲,宮下愛"
      },
      "type": "Feature"
    },
    {
      "geometry": {
        "coordinates": [
          139.787744,
          35.647064
        ],
        "type": "Point"
      },
      "properties": {
        "bangumi_id": 296659,
        "bangumi_title": "LoveLive! 虹咲学园校园偶像同好会",
        "ep_cut": "",
        "image_url": "https://w.junreimap.com/images/points/296659/4s6dzr8e6.jpg",
        "location": "第01話～第04話 (初出順)",
        "point_id": "4s6dzr8e6",
        "point_name": "豊洲市場 青果東門",
        "remark": "2020.10.24 第04話「未知なるミチ」作成日2020.10.25江東区豊洲,宮下愛"
      },
      "type": "Feature"
    },
    {
      "geometry": {
        "coordinates": [
          139.779727,
          35.63025
        ],
        "type": "Point"
      },
      "properties": {
        "bangumi_id": 296659,
        "bangumi_title": "LoveLive! 虹咲学园校园偶像同好会",
        "ep_cut": "",
        "image_url": "https://w.junreimap.com/images/points/296659/4s6dzr87c.jpg",
        "location": "第01話～第04話 (初出順)",
        "point_id": "4s6dzr87c",
        "point_name": "オーケーお台場店前",
        "remark": "2020.10.24 第04話「未知なるミチ」作成日2020.10.25港区台場,台場地区"
      },
      "type": "Feature"
    },
    {
      "geometry": {
        "coordinates": [
          139.77931,
          35.630374
        ],
        "type": "Point"
      },
      "properties": {
        "bangumi_id": 296659,
        "bangumi_title": "LoveLive! 虹咲学园校园偶像同好会",
        "ep_cut": "",
        "image_url": "https://w.junreimap.com/images/points/296659/4s6dzr7xk.jpg",
        "location": "第01話～第04話 (初出順)",
        "point_id": "4s6dzr7xk",
        "point_name": "海浜公園入口交差点",
        "remark": "2020.10.24 第04話「未知なるミチ」補足：実地よりも緑が多い作成日2020.11.07港区台場,台場地区,宮下愛"
      },
      "type": "Feature"
    },
    {
      "geometry": {
        "coordinates": [
          139.775533,
          35.635251
        ],
        "type": "Point"
      },
      "properties": {
        "bangumi_id": 296659,
        "bangumi_title": "LoveLive! 虹咲学园校园偶像同好会",
        "ep_cut": "",
        "image_url": "https://w.junreimap.com/images/points/296659/4s6dzr7v8.jpg",
        "location": "第01話～第04話 (初出順)",
        "point_id": "4s6dzr7v8",
        "point_name": "レインボープロムナード台場口",
        "remark": "2020.10.24 第04話「未知なるミチ」作成日2020.10.25港区台場,台場地区,お台場海浜公園"
      },
      "type": "Feature"
    },
    {
      "geometry": {
        "coordinates": [
          139.772061,
          35.635299
        ],
        "type": "Point"
      },
      "properties": {
        "bangumi_id": 296659,
        "bangumi_title": "LoveLive! 虹咲学园校园偶像同好会",
        "ep_cut": "",
        "image_url": "https://w.junreimap.com/images/points/296659/4s6dzr8cc.jpg",
        "location": "第01話～第04話 (初出順)",
        "point_id": "4s6dzr8cc",
        "point_name": "サウスルート30番橋脚",
        "remark": "2020.10.24 第04話「未知なるミチ」作成日2020.10.25港区台場,台場地区,レインボーブリッジ,レインボープロムナード,宮下愛"
      },
      "type": "Feature"
    },
    {
      "geometry": {
        "coordinates": [
          139.785628,
          35.635583
        ],
        "type": "Point"
      },
      "properties": {
        "bangumi_id": 296659,
        "bangumi_title": "LoveLive! 虹咲学园校园偶像同好会",
        "ep_cut": "",
        "image_url": "https://w.junreimap.com/images/points/296659/4s6dzr7xq.jpg",
        "location": "第01話～第04話 (初出順)",
        "point_id": "4s6dzr7xq",
        "point_name": "有明テニスの森向かい側",
        "remark": "2020.10.24 第04話「未知なるミチ」作成日2020.11.07江東区有明,有明北地区,宮下愛"
      },
      "type": "Feature"
    },
    {
      "geometry": {
        "coordinates": [
          139.759218,
          35.665715
        ],
        "type": "Point"
      },
      "properties": {
        "bangumi_id": 296659,
        "bangumi_title": "LoveLive! 虹咲学园校园偶像同好会",
        "ep_cut": "",
        "image_url": "https://w.junreimap.com/images/points/296659/4s6dzr81u.jpg",
        "location": "第01話～第04話 (初出順)",
        "point_id": "4s6dzr81u",
        "point_name": "ゆりかもめ 新橋駅 東口側エスカレーター",
        "remark": "2020.10.24 第04話「未知なるミチ」作成日2020.10.25港区新橋,ゆりかもめ,中須かすみ,桜坂しずく"
      },
      "type": "Feature"
    },
    {
      "geometry": {
        "coordinates": [
          139.759372,
          35.665638
        ],
        "type": "Point"
      },
      "properties": {
        "bangumi_id": 296659,
        "bangumi_title": "LoveLive! 虹咲学园校园偶像同好会",
        "ep_cut": "",
        "image_url": "https://w.junreimap.com/images/points/296659/4s6dzr816.jpg",
        "location": "第01話～第04話 (初出順)",
        "point_id": "4s6dzr816",
        "point_name": "ゆりかもめ 新橋駅",
        "remark": "2020.10.24 第04話「未知なるミチ」作成日2020.10.25港区新橋,ゆりかもめ,中須かすみ,桜坂しずく"
      },
      "type": "Feature"
    },
    {
      "geometry": {
        "coordinates": [
          139.80132,
          35.64546
        ],
        "type": "Point"
      },
      "properties": {
        "bangumi_id": 296659,
        "bangumi_title": "LoveLive! 虹咲学园校园偶像同好会",
        "ep_cut": "",
        "image_url": "https://w.junreimap.com/images/points/296659/4s6dzr7y7.jpg",
        "location": "第01話～第04話 (初出順)",
        "point_id": "4s6dzr7y7",
        "point_name": "深川車庫入口バス停",
        "remark": "2020.10.24 第04話「未知なるミチ」作成日2020.10.25江東区東雲,都バス,高咲侑,上原歩夢"
      },
      "type": "Feature"
    },
    {
      "geometry": {
        "coordinates": [
          139.778941,
          35.631038
        ],
        "type": "Point"
      },
      "properties": {
        "bangumi_id": 296659,
        "bangumi_title": "LoveLive! 虹咲学园校园偶像同好会",
        "ep_cut": "",
        "image_url": "https://w.junreimap.com/images/points/296659/4s6dzr82t.jpg",
        "location": "第01話～第04話 (初出順)",
        "point_id": "4s6dzr82t",
        "point_name": "DAINESE前",
        "remark": "2020.10.24 第04話「未知なるミチ」作成日2020.10.25港区台場,台場地区,優木せつ菜,近江彼方"
      },
      "type": "Feature"
    },
    {
      "geometry": {
        "coordinates": [
          139.7787,
          35.631351
        ],
        "type": "Point"
      },
      "properties": {
        "bangumi_id": 296659,
        "bangumi_title": "LoveLive! 虹咲学园校园偶像同好会",
        "ep_cut": "",
        "image_url": "https://w.junreimap.com/images/points/296659/4s6dzr7yv.jpg",
        "location": "第01話～第04話 (初出順)",
        "point_id": "4s6dzr7yv",
        "point_name": "ローソン お台場海浜公園店横",
        "remark": "2020.10.24 第04話「未知なるミチ」マンション出入口のため、真似しないようにしましょう。作成日2020.10.25港区台場,台場地区,優木せつ菜,近江彼方"
      },
      "type": "Feature"
    },
    {
      "geometry": {
        "coordinates": [
          139.777517,
          35.63301
        ],
        "type": "Point"
      },
      "properties": {
        "bangumi_id": 296659,
        "bangumi_title": "LoveLive! 虹咲学园校园偶像同好会",
        "ep_cut": "",
        "image_url": "https://w.junreimap.com/images/points/296659/4s6dzr89i.jpg",
        "location": "第01話～第04話 (初出順)",
        "point_id": "4s6dzr89i",
        "point_name": "かぜのくじら号 ※撤去済",
        "remark": "2020.10.24 第04話「未知なるミチ」補足：2020年2月までに撤去済。ストビューと航空写真でのみ確認可能。作成日2021.01.13港区台場,台場地区,お台場レインボー公園"
      },
      "type": "Feature"
    },
    {
      "geometry": {
        "coordinates": [
          139.777916,
          35.632655
        ],
        "type": "Point"
      },
      "properties": {
        "bangumi_id": 296659,
        "bangumi_title": "LoveLive! 虹咲学园校园偶像同好会",
        "ep_cut": "",
        "image_url": "https://w.junreimap.com/images/points/296659/4s6dzr7xy.jpg",
        "location": "第01話～第04話 (初出順)",
        "point_id": "4s6dzr7xy",
        "point_name": "お台場レインボー公園 アーチ部",
        "remark": "2020.10.24 第04話「未知なるミチ」作成日2020.10.25港区台場,台場地区,お台場レインボー公園,高咲侑,中須かすみ,桜坂しずく,宮下愛,近江彼方,優木せつ菜,エマ・ヴェルデ,天王寺璃奈,上原歩夢,サイコーハート"
      },
      "type": "Feature"
    },
    {
      "geometry": {
        "coordinates": [
          139.779406,
          35.624561
        ],
        "type": "Point"
      },
      "properties": {
        "bangumi_id": 296659,
        "bangumi_title": "LoveLive! 虹咲学园校园偶像同好会",
        "ep_cut": "",
        "image_url": "https://w.junreimap.com/images/points/296659/4s6dzr7za.jpg",
        "location": "第01話～第04話 (初出順)",
        "point_id": "4s6dzr7za",
        "point_name": "2F フレイヴァ ※閉店",
        "remark": "2020.10.24 第04話「未知なるミチ」店舗撮影禁止。作成日2020.10.25江東区青海,青海地区 青海ST区画 (パレットタウン暫定利用区画),宮下愛,サイコーハー,ヴィーナスフォート"
      },
      "type": "Feature"
    },
    {
      "geometry": {
        "coordinates": [
          139.778878,
          35.624817
        ],
        "type": "Point"
      },
      "properties": {
        "bangumi_id": 296659,
        "bangumi_title": "LoveLive! 虹咲学园校园偶像同好会",
        "ep_cut": "",
        "image_url": "https://w.junreimap.com/images/points/296659/4s6dzr801.jpg",
        "location": "第01話～第04話 (初出順)",
        "point_id": "4s6dzr801",
        "point_name": "メガウェブ ヒストリーガレージ ※閉館",
        "remark": "2020.10.24 第04話「未知なるミチ」補足：展示されているホンダS800の色違いのようなアレンジされた車。作成日2020.10.25江東区青海,青海地区 青海ST区画 (パレットタウン暫定利用区画),宮下愛,サイコーハート"
      },
      "type": "Feature"
    },
    {
      "geometry": {
        "coordinates": [
          139.775818,
          35.629461
        ],
        "type": "Point"
      },
      "properties": {
        "bangumi_id": 296659,
        "bangumi_title": "LoveLive! 虹咲学园校园偶像同好会",
        "ep_cut": "",
        "image_url": "https://w.junreimap.com/images/points/296659/4s6dzr843.jpg",
        "location": "第01話～第04話 (初出順)",
        "point_id": "4s6dzr843",
        "point_name": "アートスポット「ODAIBA」",
        "remark": "2020.10.24 第04話「未知なるミチ」デックス東京ビーチ 3Fシーサイドテラスにあるアートスポット。作成日2020.10.25港区台場,台場地区B区画,デックス東京ビーチ,宮下愛,サイコーハート"
      },
      "type": "Feature"
    },
    {
      "geometry": {
        "coordinates": [
          139.794202,
          35.628951
        ],
        "type": "Point"
      },
      "properties": {
        "bangumi_id": 296659,
        "bangumi_title": "LoveLive! 虹咲学园校园偶像同好会",
        "ep_cut": "",
        "image_url": "https://w.junreimap.com/images/points/296659/4s6dzr841.jpg",
        "location": "第01話～第04話 (初出順)",
        "point_id": "4s6dzr841",
        "point_name": "西展示棟2F 機械室付近",
        "remark": "2020.10.24 第04話「未知なるミチ」2020.10.31 第05話「今しかできないことを」新しいスクールアイドル同好会部室のおおよその位置。階段を上ったすぐ先にあるドアに相当。作成日2020.10.25江東区有明,有明南地区 D区画,東京ビッグサイト,西展示棟アトリウム,高咲侑,上原歩夢,中須かすみ,桜坂しずく,近江彼方,優木せつ菜,宮下愛,天王寺璃奈,エマ・ヴェルデ"
      },
      "type": "Feature"
    },
    {
      "geometry": {
        "coordinates": [
          139.79304,
          35.631076
        ],
        "type": "Point"
      },
      "properties": {
        "bangumi_id": 296659,
        "bangumi_title": "LoveLive! 虹咲学园校园偶像同好会",
        "ep_cut": "",
        "image_url": "https://w.junreimap.com/images/points/296659/4s6dzr7r3.jpg",
        "location": "第05話～第08話 (初出順)",
        "point_id": "4s6dzr7r3",
        "point_name": "やぐら橋",
        "remark": "2020.10.31 第5話「今しかできないことを」作成日2020.11.01江東区有明,有明南地区,エマ・ヴェルデ,朝香果林"
      },
      "type": "Feature"
    },
    {
      "geometry": {
        "coordinates": [
          139.794721,
          35.631334
        ],
        "type": "Point"
      },
      "properties": {
        "bangumi_id": 296659,
        "bangumi_title": "LoveLive! 虹咲学园校园偶像同好会",
        "ep_cut": "",
        "image_url": "https://w.junreimap.com/images/points/296659/4s6dzr7p9.jpg",
        "location": "第05話～第08話 (初出順)",
        "point_id": "4s6dzr7p9",
        "point_name": "2F ペデストリアンデッキ",
        "remark": "2020.10.31 第05話「今しかできないことを」作成日2020.11.21江東区有明,有明南地区 D区画,東京ビッグサイト,ビッグサイト庭園"
      },
      "type": "Feature"
    },
    {
      "geometry": {
        "coordinates": [
          139.796593,
          35.631147
        ],
        "type": "Point"
      },
      "properties": {
        "bangumi_id": 296659,
        "bangumi_title": "LoveLive! 虹咲学园校园偶像同好会",
        "ep_cut": "",
        "image_url": "https://w.junreimap.com/images/points/296659/4s6dzr872.jpg",
        "location": "第05話～第08話 (初出順)",
        "point_id": "4s6dzr872",
        "point_name": "東展示棟2F ガレリア",
        "remark": "2020.10.31 第5話「今しかできないことを」虹ヶ咲学園の教室はスクスタと同様に大規模なアレンジを施された東展示棟がモデル。2021.12.01より再開放。参考情報：https://www.bigsight.jp/organizer/facilities/east.html作成日2020.11.07江東区有明,有明南地区 D区画,東京ビッグサイト"
      },
      "type": "Feature"
    },
    {
      "geometry": {
        "coordinates": [
          139.77607,
          35.620583
        ],
        "type": "Point"
      },
      "properties": {
        "bangumi_id": 296659,
        "bangumi_title": "LoveLive! 虹咲学园校园偶像同好会",
        "ep_cut": "",
        "image_url": "https://w.junreimap.com/images/points/296659/4s6dzr8cg.jpg",
        "location": "第05話～第08話 (初出順)",
        "point_id": "4s6dzr8cg",
        "point_name": "東京国際交流館",
        "remark": "2020.10.31 第05話「今しかできないことを」3枚目の写真のところから入ると目の前に登場します。作成日2020.11.17江東区青海,青海地区 青海GH区画,エマ・ヴェルデ,朝香果林"
      },
      "type": "Feature"
    },
    {
      "geometry": {
        "coordinates": [
          139.776887,
          35.620363
        ],
        "type": "Point"
      },
      "properties": {
        "bangumi_id": 296659,
        "bangumi_title": "LoveLive! 虹咲学园校园偶像同好会",
        "ep_cut": "",
        "image_url": "https://w.junreimap.com/images/points/296659/4s6dzr8dj.jpg",
        "location": "第05話～第08話 (初出順)",
        "point_id": "4s6dzr8dj",
        "point_name": "東京国際交流館前",
        "remark": "2020.10.31 第05話「今しかできないことを」作成日2020.10.04江東区青海,青海地区 青海GH区画,エマ・ヴェルデ,朝香果林,ウェストプロムナード,シンボルプロムナード公園"
      },
      "type": "Feature"
    },
    {
      "geometry": {
        "coordinates": [
          139.776189,
          35.629444
        ],
        "type": "Point"
      },
      "properties": {
        "bangumi_id": 296659,
        "bangumi_title": "LoveLive! 虹咲学园校园偶像同好会",
        "ep_cut": "",
        "image_url": "https://w.junreimap.com/images/points/296659/4s6dzr81s.jpg",
        "location": "第05話～第08話 (初出順)",
        "point_id": "4s6dzr81s",
        "point_name": "お台場たこ焼きミュージアム",
        "remark": "2020.10.31 第05話「今しかできないことを」作成日2020.11.01港区台場,台場地区B区画,デックス東京ビーチ,エマ・ヴェルデ,朝香果林"
      },
      "type": "Feature"
    },
    {
      "geometry": {
        "coordinates": [
          139.771956,
          35.625808
        ],
        "type": "Point"
      },
      "properties": {
        "bangumi_id": 296659,
        "bangumi_title": "LoveLive! 虹咲学园校园偶像同好会",
        "ep_cut": "",
        "image_url": "https://w.junreimap.com/images/points/296659/4s6dzr8cz.jpg",
        "location": "第05話～第08話 (初出順)",
        "point_id": "4s6dzr8cz",
        "point_name": "ドナテロウズ 台場店 ※閉店",
        "remark": "2020.10.31 第05話「今しかできないことを」補足：http://www.donatellos.co.jp/donatellos_news/2020/09/post-51.php＞台場店は9月30日をもちまして閉店いたします。作成日2020.11.01港区台場,台場地区,グランドニッコー東京台場,朝香果林,エマ・ヴェルデ"
      },
      "type": "Feature"
    },
    {
      "geometry": {
        "coordinates": [
          139.77479,
          35.622738
        ],
        "type": "Point"
      },
      "properties": {
        "bangumi_id": 296659,
        "bangumi_title": "LoveLive! 虹咲学园校园偶像同好会",
        "ep_cut": "",
        "image_url": "https://w.junreimap.com/images/points/296659/4s6dzr7yl.jpg",
        "location": "第05話～第08話 (初出順)",
        "point_id": "4s6dzr7yl",
        "point_name": "セントラル広場 共同溝換気口",
        "remark": "2020.10.31 第05話「今しかできないことを」作成日2020.11.01江東区青海,青海地区,シンボルプロムナード公園,エマ・ヴェルデ,朝香果林"
      },
      "type": "Feature"
    },
    {
      "geometry": {
        "coordinates": [
          139.778676,
          35.618573
        ],
        "type": "Point"
      },
      "properties": {
        "bangumi_id": 296659,
        "bangumi_title": "LoveLive! 虹咲学园校园偶像同好会",
        "ep_cut": "",
        "image_url": "https://w.junreimap.com/images/points/296659/4s6dzr7tj.jpg",
        "location": "第05話～第08話 (初出順)",
        "point_id": "4s6dzr7tj",
        "point_name": "重力のない杜",
        "remark": "2020.10.31 第05話「今しかできないことを」作成日2020.11.01江東区青海,青海地区,シンボルプロムナード公園,朝香果林,エマ・ヴェルデ"
      },
      "type": "Feature"
    },
    {
      "geometry": {
        "coordinates": [
          139.77686,
          35.619688
        ],
        "type": "Point"
      },
      "properties": {
        "bangumi_id": 296659,
        "bangumi_title": "LoveLive! 虹咲学园校园偶像同好会",
        "ep_cut": "",
        "image_url": "https://w.junreimap.com/images/points/296659/4s6dzr8dg.jpg",
        "location": "第05話～第08話 (初出順)",
        "point_id": "4s6dzr8dg",
        "point_name": "日本科学未来館 メインエントランス横",
        "remark": "2020.10.31 第05話「今しかできないことを」作成日2020.11.01江東区青海,青海GH区画,国際研究交流大学村,朝香果林,エマ・ヴェルデ"
      },
      "type": "Feature"
    },
    {
      "geometry": {
        "coordinates": [
          139.779325,
          35.618027
        ],
        "type": "Point"
      },
      "properties": {
        "bangumi_id": 296659,
        "bangumi_title": "LoveLive! 虹咲学园校园偶像同好会",
        "ep_cut": "",
        "image_url": "https://w.junreimap.com/images/points/296659/4s6dzr88p.jpg",
        "location": "第05話～第08話 (初出順)",
        "point_id": "4s6dzr88p",
        "point_name": "滝の広場",
        "remark": "2020.10.31 第05話「今しかできないことを」作成日2020.11.01江東区青海,青海地区,シンボルプロムナード公園,朝香果林,エマ・ヴェルデ"
      },
      "type": "Feature"
    },
    {
      "geometry": {
        "coordinates": [
          139.777288,
          35.619788
        ],
        "type": "Point"
      },
      "properties": {
        "bangumi_id": 296659,
        "bangumi_title": "LoveLive! 虹咲学园校园偶像同好会",
        "ep_cut": "",
        "image_url": "https://w.junreimap.com/images/points/296659/4s6dzr8ck.jpg",
        "location": "第05話～第08話 (初出順)",
        "point_id": "4s6dzr8ck",
        "point_name": "日本科学未来館前",
        "remark": "2020.10.31 第05話「今しかできないことを」作成日2020.11.01江東区青海,青海地区 青海GH区画,エマ・ヴェルデ,朝香果林,未掲載"
      },
      "type": "Feature"
    },
    {
      "geometry": {
        "coordinates": [
          139.776368,
          35.619092
        ],
        "type": "Point"
      },
      "properties": {
        "bangumi_id": 296659,
        "bangumi_title": "LoveLive! 虹咲学园校园偶像同好会",
        "ep_cut": "",
        "image_url": "https://w.junreimap.com/images/points/296659/4s6dzr7rg.jpg",
        "location": "第05話～第08話 (初出順)",
        "point_id": "4s6dzr7rg",
        "point_name": "日本科学未来館 ドームシアター",
        "remark": "2020.10.31 第05話「今しかできないことを」補足：座席はC21～C23かその前後列と推定。作成日2020.11.01江東区青海,青海地区 青海GH区画,エマ・ヴェルデ,朝香果林"
      },
      "type": "Feature"
    },
    {
      "geometry": {
        "coordinates": [
          139.776651,
          35.620341
        ],
        "type": "Point"
      },
      "properties": {
        "bangumi_id": 296659,
        "bangumi_title": "LoveLive! 虹咲学园校园偶像同好会",
        "ep_cut": "",
        "image_url": "https://w.junreimap.com/images/points/296659/4s6dzr8ay.jpg",
        "location": "第05話～第08話 (初出順)",
        "point_id": "4s6dzr8ay",
        "point_name": "国際交流館前",
        "remark": "2020.10.31 第05話「今しかできないことを」作成日2020.11.25江東区青海,青海地区 シンボルプロムナード公園,ウェストプロムナード,エマ・ヴェルデ,La Bella Patria"
      },
      "type": "Feature"
    },
    {
      "geometry": {
        "coordinates": [
          139.776125,
          35.629411
        ],
        "type": "Point"
      },
      "properties": {
        "bangumi_id": 296659,
        "bangumi_title": "LoveLive! 虹咲学园校园偶像同好会",
        "ep_cut": "",
        "image_url": "https://w.junreimap.com/images/points/296659/4s6dzr8b8.jpg",
        "location": "第05話～第08話 (初出順)",
        "point_id": "4s6dzr8b8",
        "point_name": "東京恋テラス",
        "remark": "2020.10.31 第05話「今しかできないことを」作成日2020.11.01港区台場,台場地区 B区画,デックス東京ビーチ,エマ・ヴェルデ,La Bella Patria"
      },
      "type": "Feature"
    },
    {
      "geometry": {
        "coordinates": [
          139.774911,
          35.629888
        ],
        "type": "Point"
      },
      "properties": {
        "bangumi_id": 296659,
        "bangumi_title": "LoveLive! 虹咲学园校园偶像同好会",
        "ep_cut": "",
        "image_url": "https://w.junreimap.com/images/points/296659/4s6dzr7si.jpg",
        "location": "第05話～第08話 (初出順)",
        "point_id": "4s6dzr7si",
        "point_name": "お台場モヤイ像",
        "remark": "2020.10.31 第05話「今しかできないことを」参考情報：元となった指出毬亜さんのツイート写真https://twitter.com/sashide_m/status/1189904556534071297?s=20作成日2020.11.01港区台場,台場地区,お台場海浜公園,エマ・ヴェルデ,La Bella Patria"
      },
      "type": "Feature"
    },
    {
      "geometry": {
        "coordinates": [
          139.774936,
          35.628877
        ],
        "type": "Point"
      },
      "properties": {
        "bangumi_id": 296659,
        "bangumi_title": "LoveLive! 虹咲学园校园偶像同好会",
        "ep_cut": "",
        "image_url": "https://w.junreimap.com/images/points/296659/4s6dzr8ag.jpg",
        "location": "第05話～第08話 (初出順)",
        "point_id": "4s6dzr8ag",
        "point_name": "アンカーズ",
        "remark": "2020.10.31 第05話「今しかできないことを」作成日2020.11.01港区台場,台場地区 B区画,デックス東京ビーチ,エマ・ヴェルデ,La Bella Patria,未掲載"
      },
      "type": "Feature"
    },
    {
      "geometry": {
        "coordinates": [
          139.779736,
          35.62506
        ],
        "type": "Point"
      },
      "properties": {
        "bangumi_id": 296659,
        "bangumi_title": "LoveLive! 虹咲学园校园偶像同好会",
        "ep_cut": "",
        "image_url": "https://w.junreimap.com/images/points/296659/4s6dzr7p0.jpg",
        "location": "第05話～第08話 (初出順)",
        "point_id": "4s6dzr7p0",
        "point_name": "MOMI&TOY'S ※閉店",
        "remark": "2020.10.31 第05話「今しかできないことを」作成日2020.11.01江東区青海,青海地区 青海ST区画 (パレットタウン暫定利用区画),エマ・ヴェルデ,La Bella Patria,ヴィーナスフォート"
      },
      "type": "Feature"
    },
    {
      "geometry": {
        "coordinates": [
          139.78193,
          35.627461
        ],
        "type": "Point"
      },
      "properties": {
        "bangumi_id": 296659,
        "bangumi_title": "LoveLive! 虹咲学园校园偶像同好会",
        "ep_cut": "",
        "image_url": "https://w.junreimap.com/images/points/296659/4s6dzr86b.jpg",
        "location": "第05話～第08話 (初出順)",
        "point_id": "4s6dzr86b",
        "point_name": "夢の広場",
        "remark": "2020.10.31 第05話「今しかできないことを」補足：柵の形状、木製の縁、植えられている植物の三点からこの辺りがモデルと考えられます。作成日2020.11.25江東区青海,青海地区 シンボルプロムナード公園,センタープロムナード,エマ・ヴェルデ,La Bella Patria"
      },
      "type": "Feature"
    },
    {
      "geometry": {
        "coordinates": [
          139.779769,
          35.624931
        ],
        "type": "Point"
      },
      "properties": {
        "bangumi_id": 296659,
        "bangumi_title": "LoveLive! 虹咲学园校园偶像同好会",
        "ep_cut": "",
        "image_url": "https://w.junreimap.com/images/points/296659/4s6dzr89l.jpg",
        "location": "第05話～第08話 (初出順)",
        "point_id": "4s6dzr89l",
        "point_name": "2F コベントガーデン グランバザール ※閉店",
        "remark": "2020.10.31 第05話「今しかできないことを」店内撮影禁止。参考情報： 2F Venus GRANDコベントガーデン グランバザール | COVENT GARDEN Grand Bazaarhttps://www.venusfort.co.jp/shop.cgi?sid=895作成日2020.11.01江東区青海,青海地区 青海ST区画 (パレットタウン暫定利用区画),エマ・ヴェルデ,La Bella Patria,ヴィーナスフォート"
      },
      "type": "Feature"
    },
    {
      "geometry": {
        "coordinates": [
          139.779606,
          35.624462
        ],
        "type": "Point"
      },
      "properties": {
        "bangumi_id": 296659,
        "bangumi_title": "LoveLive! 虹咲学园校园偶像同好会",
        "ep_cut": "",
        "image_url": "https://w.junreimap.com/images/points/296659/4s6dzr869.jpg",
        "location": "第05話～第08話 (初出順)",
        "point_id": "4s6dzr869",
        "point_name": "3F unspace2 ※閉店",
        "remark": "2020.10.31 第05話「今しかできないことを」参考情報： 3F Venus OUTLET アンスペース2 | unspace2https://www.venusfort.co.jp/shop.cgi?sid=789作成日2020.11.07江東区青海,青海地区 青海ST区画 (パレットタウン暫定利用区画),エマ・ヴェルデ,La Bella Patria,ヴィーナスフォート"
      },
      "type": "Feature"
    },
    {
      "geometry": {
        "coordinates": [
          139.796186,
          35.631009
        ],
        "type": "Point"
      },
      "properties": {
        "bangumi_id": 296659,
        "bangumi_title": "LoveLive! 虹咲学园校园偶像同好会",
        "ep_cut": "",
        "image_url": "https://w.junreimap.com/images/points/296659/4s6dzr8cj.jpg",
        "location": "第05話～第08話 (初出順)",
        "point_id": "4s6dzr8cj",
        "point_name": "2F 連絡ブリッジ",
        "remark": "2020.11.07 第06話「笑顔のカタチ（⸝⸝>▿"
      },
      "type": "Feature"
    },
    {
      "geometry": {
        "coordinates": [
          139.775271,
          35.628501
        ],
        "type": "Point"
      },
      "properties": {
        "bangumi_id": 296659,
        "bangumi_title": "LoveLive! 虹咲学园校园偶像同好会",
        "ep_cut": "",
        "image_url": "https://w.junreimap.com/images/points/296659/4s6dzr7pq.jpg",
        "location": "第05話～第08話 (初出順)",
        "point_id": "4s6dzr7pq",
        "point_name": "ZERO LATENCY VR",
        "remark": "2020.11.07 第06話「笑顔のカタチ（⸝⸝>▿"
      },
      "type": "Feature"
    },
    {
      "geometry": {
        "coordinates": [
          139.783215,
          35.63608
        ],
        "type": "Point"
      },
      "properties": {
        "bangumi_id": 296659,
        "bangumi_title": "LoveLive! 虹咲学园校园偶像同好会",
        "ep_cut": "",
        "image_url": "https://w.junreimap.com/images/points/296659/4s6dzr7q6.jpg",
        "location": "第05話～第08話 (初出順)",
        "point_id": "4s6dzr7q6",
        "point_name": "ブリリア有明シティタワー前",
        "remark": "2020.11.07 第06話「笑顔のカタチ（⸝⸝>▿"
      },
      "type": "Feature"
    },
    {
      "geometry": {
        "coordinates": [
          139.775508,
          35.628955
        ],
        "type": "Point"
      },
      "properties": {
        "bangumi_id": 296659,
        "bangumi_title": "LoveLive! 虹咲学园校园偶像同好会",
        "ep_cut": "",
        "image_url": "https://w.junreimap.com/images/points/296659/4s6dzr7zj.jpg",
        "location": "第05話～第08話 (初出順)",
        "point_id": "4s6dzr7zj",
        "point_name": "東京ジョイポリスエントランス",
        "remark": "2020.11.07 第06話「笑顔のカタチ（⸝⸝>▿"
      },
      "type": "Feature"
    },
    {
      "geometry": {
        "coordinates": [
          139.794377,
          35.630736
        ],
        "type": "Point"
      },
      "properties": {
        "bangumi_id": 296659,
        "bangumi_title": "LoveLive! 虹咲学园校园偶像同好会",
        "ep_cut": "",
        "image_url": "https://w.junreimap.com/images/points/296659/4s6dzr7oq.jpg",
        "location": "第05話～第08話 (初出順)",
        "point_id": "4s6dzr7oq",
        "point_name": "レセプションホール前",
        "remark": "2020.11.07 第06話「笑顔のカタチ（⸝⸝>▿"
      },
      "type": "Feature"
    },
    {
      "geometry": {
        "coordinates": [
          139.775294,
          35.628746
        ],
        "type": "Point"
      },
      "properties": {
        "bangumi_id": 296659,
        "bangumi_title": "LoveLive! 虹咲学园校园偶像同好会",
        "ep_cut": "",
        "image_url": "https://w.junreimap.com/images/points/296659/4s6dzr82e.jpg",
        "location": "第05話～第08話 (初出順)",
        "point_id": "4s6dzr82e",
        "point_name": "東京ジョイポリス メインステージ",
        "remark": "2020.11.07 第06話「笑顔のカタチ（⸝⸝>▿"
      },
      "type": "Feature"
    },
    {
      "geometry": {
        "coordinates": [
          139.775461,
          35.62864
        ],
        "type": "Point"
      },
      "properties": {
        "bangumi_id": 296659,
        "bangumi_title": "LoveLive! 虹咲学园校园偶像同好会",
        "ep_cut": "",
        "image_url": "https://w.junreimap.com/images/points/296659/4s6dzr7u2.jpg",
        "location": "第05話～第08話 (初出順)",
        "point_id": "4s6dzr7u2",
        "point_name": "東京ジョイポリス クレーンコーナー",
        "remark": "2020.11.07 第06話「笑顔のカタチ（⸝⸝>▿"
      },
      "type": "Feature"
    },
    {
      "geometry": {
        "coordinates": [
          139.775479,
          35.628523
        ],
        "type": "Point"
      },
      "properties": {
        "bangumi_id": 296659,
        "bangumi_title": "LoveLive! 虹咲学园校园偶像同好会",
        "ep_cut": "",
        "image_url": "https://w.junreimap.com/images/points/296659/4s6dzr80w.jpg",
        "location": "第05話～第08話 (初出順)",
        "point_id": "4s6dzr80w",
        "point_name": "クレープおじさん お台場店",
        "remark": "2020.11.07 第06話「笑顔のカタチ（⸝⸝>▿"
      },
      "type": "Feature"
    },
    {
      "geometry": {
        "coordinates": [
          139.775526,
          35.628881
        ],
        "type": "Point"
      },
      "properties": {
        "bangumi_id": 296659,
        "bangumi_title": "LoveLive! 虹咲学园校园偶像同好会",
        "ep_cut": "",
        "image_url": "https://w.junreimap.com/images/points/296659/4s6dzr7vw.jpg",
        "location": "第05話～第08話 (初出順)",
        "point_id": "4s6dzr7vw",
        "point_name": "ディッピンドッツアイスクリーム",
        "remark": "2020.11.07 第06話「笑顔のカタチ（⸝⸝>▿<⸝⸝）」補足：「AbemaTVウルトラゲームスイメージガール決定戦 #4」では優勝した鬼頭さんをはじめお台場レインボー、ストロベリーチーズケーキ、チョコミント味を食べている。作成日2020.11.08港区台場,台場地区 B区画,デックス東京ビーチ,東京ジョイポリス,天王寺璃奈,ツナガルコネクト,未掲載"
      },
      "type": "Feature"
    },
    {
      "geometry": {
        "coordinates": [
          139.802726,
          35.648513
        ],
        "type": "Point"
      },
      "properties": {
        "bangumi_id": 296659,
        "bangumi_title": "LoveLive! 虹咲学园校园偶像同好会",
        "ep_cut": "",
        "image_url": "https://w.junreimap.com/images/points/296659/4s6dzr7ud.jpg",
        "location": "第05話～第08話 (初出順)",
        "point_id": "4s6dzr7ud",
        "point_name": "イオン東雲前",
        "remark": "2020.11.14 第07話「ハルカカナタ」作成日2020.11.15江東区東雲,近江彼方"
      },
      "type": "Feature"
    },
    {
      "geometry": {
        "coordinates": [
          139.795258,
          35.631873
        ],
        "type": "Point"
      },
      "properties": {
        "bangumi_id": 296659,
        "bangumi_title": "LoveLive! 虹咲学园校园偶像同好会",
        "ep_cut": "",
        "image_url": "https://w.junreimap.com/images/points/296659/4s6dzr8eg.jpg",
        "location": "第05話～第08話 (初出順)",
        "point_id": "4s6dzr8eg",
        "point_name": "東京ビッグサイト前交差点近く",
        "remark": "2020.11.14 第07話「ハルカカナタ」作成日2020.11.15江東区有明,有明南地区,高咲侑,宮下愛,近江彼方,近江遥"
      },
      "type": "Feature"
    },
    {
      "geometry": {
        "coordinates": [
          139.794997,
          35.631991
        ],
        "type": "Point"
      },
      "properties": {
        "bangumi_id": 296659,
        "bangumi_title": "LoveLive! 虹咲学园校园偶像同好会",
        "ep_cut": "",
        "image_url": "https://w.junreimap.com/images/points/296659/4s6dzr85z.jpg",
        "location": "第05話～第08話 (初出順)",
        "point_id": "4s6dzr85z",
        "point_name": "青海・有明南連絡線沿い",
        "remark": "2020.11.14 第07話「ハルカカナタ」作成日2020.11.15江東区有明,有明南地区,高咲侑,宮下愛,近江彼方,近江遥"
      },
      "type": "Feature"
    },
    {
      "geometry": {
        "coordinates": [
          139.795125,
          35.632048
        ],
        "type": "Point"
      },
      "properties": {
        "bangumi_id": 296659,
        "bangumi_title": "LoveLive! 虹咲学园校园偶像同好会",
        "ep_cut": "",
        "image_url": "https://w.junreimap.com/images/points/296659/4s6dzr7ov.jpg",
        "location": "第05話～第08話 (初出順)",
        "point_id": "4s6dzr7ov",
        "point_name": "東京ビッグサイト前交差点",
        "remark": "2020.11.14 第07話「ハルカカナタ」作成日2020.11.15江東区有明,有明南地区 高咲侑,近江遥"
      },
      "type": "Feature"
    },
    {
      "geometry": {
        "coordinates": [
          139.778018,
          35.623514
        ],
        "type": "Point"
      },
      "properties": {
        "bangumi_id": 296659,
        "bangumi_title": "LoveLive! 虹咲学园校园偶像同好会",
        "ep_cut": "",
        "image_url": "https://w.junreimap.com/images/points/296659/4s6dzr7ty.jpg",
        "location": "第05話～第08話 (初出順)",
        "point_id": "4s6dzr7ty",
        "point_name": "青海一丁目交差点付近",
        "remark": "2020.11.14 第07話「ハルカカナタ」作成日2020.11.15江東区青海"
      },
      "type": "Feature"
    },
    {
      "geometry": {
        "coordinates": [
          139.778647,
          35.624062
        ],
        "type": "Point"
      },
      "properties": {
        "bangumi_id": 296659,
        "bangumi_title": "LoveLive! 虹咲学园校园偶像同好会",
        "ep_cut": "",
        "image_url": "https://w.junreimap.com/images/points/296659/4s6dzr7qf.jpg",
        "location": "第05話～第08話 (初出順)",
        "point_id": "4s6dzr7qf",
        "point_name": "2F 教会広場 ※閉館",
        "remark": "2020.11.14 第07話「ハルカカナタ」作成日2020.11.15江東区青海,青海地区 青海ST区画 (パレットタウン暫定利用区画),高咲侑,上原歩夢,中須かすみ,桜坂しずく,朝香果林,宮下愛,近江彼方,優木せつ菜,エマ・ヴェルデ,天王寺璃奈,近江遥,Butterfly,ヴィーナスフォート"
      },
      "type": "Feature"
    },
    {
      "geometry": {
        "coordinates": [
          139.778729,
          35.62394
        ],
        "type": "Point"
      },
      "properties": {
        "bangumi_id": 296659,
        "bangumi_title": "LoveLive! 虹咲学园校园偶像同好会",
        "ep_cut": "",
        "image_url": "https://w.junreimap.com/images/points/296659/4s6dzr855.jpg",
        "location": "第05話～第08話 (初出順)",
        "point_id": "4s6dzr855",
        "point_name": "2F No.5エレベータ付近 ※閉館",
        "remark": "2020.11.14 第07話「ハルカカナタ」作成日2020.11.15江東区青海,青海地区 青海ST区画 (パレットタウン暫定利用区画),,近江遥,クリスティーナ,ヴィーナスフォート"
      },
      "type": "Feature"
    },
    {
      "geometry": {
        "coordinates": [
          139.780324,
          35.624833
        ],
        "type": "Point"
      },
      "properties": {
        "bangumi_id": 296659,
        "bangumi_title": "LoveLive! 虹咲学园校园偶像同好会",
        "ep_cut": "",
        "image_url": "https://w.junreimap.com/images/points/296659/4s6dzr83x.jpg",
        "location": "第05話～第08話 (初出順)",
        "point_id": "4s6dzr83x",
        "point_name": "2F サウスアヴェニュー ※閉館",
        "remark": "2020.11.14 第07話「ハルカカナタ」作成日2020.11.15江東区青海,青海地区 青海ST区画 (パレットタウン暫定利用区画),Butterfly,ヴィーナスフォート"
      },
      "type": "Feature"
    },
    {
      "geometry": {
        "coordinates": [
          139.780367,
          35.626558
        ],
        "type": "Point"
      },
      "properties": {
        "bangumi_id": 296659,
        "bangumi_title": "LoveLive! 虹咲学园校园偶像同好会",
        "ep_cut": "",
        "image_url": "https://w.junreimap.com/images/points/296659/4s6dzr82w.jpg",
        "location": "第05話～第08話 (初出順)",
        "point_id": "4s6dzr82w",
        "point_name": "ヴィーナスフォート前",
        "remark": "2020.11.21 第08話「しずく、モノクローム」おおよその位置。作成日2020.11.22江東区青海,青海地区,シンボルプロムナード公園,ウェストプロムナード,東京テレポート駅バスターミナル"
      },
      "type": "Feature"
    },
    {
      "geometry": {
        "coordinates": [
          139.778688,
          35.624235
        ],
        "type": "Point"
      },
      "properties": {
        "bangumi_id": 296659,
        "bangumi_title": "LoveLive! 虹咲学园校园偶像同好会",
        "ep_cut": "",
        "image_url": "https://w.junreimap.com/images/points/296659/4s6dzr7z4.jpg",
        "location": "第05話～第08話 (初出順)",
        "point_id": "4s6dzr7z4",
        "point_name": "2F 湘南パンケーキ ※閉店",
        "remark": "2020.11.21 第08話「しずく、モノクローム」作成日2020.11.22江東区青海,青海地区 青海ST区画 (パレットタウン暫定利用区画),中須かすみ,桜坂しずく,天王寺璃奈,ヴィーナスフォート"
      },
      "type": "Feature"
    },
    {
      "geometry": {
        "coordinates": [
          139.779899,
          35.62477
        ],
        "type": "Point"
      },
      "properties": {
        "bangumi_id": 296659,
        "bangumi_title": "LoveLive! 虹咲学园校园偶像同好会",
        "ep_cut": "",
        "image_url": "https://w.junreimap.com/images/points/296659/4s6dzr7y8.jpg",
        "location": "第05話～第08話 (初出順)",
        "point_id": "4s6dzr7y8",
        "point_name": "2F 噴水広場 ※閉館",
        "remark": "2020.11.21 第08話「しずく、モノクローム」作成日2020.11.22江東区青海,青海地区 青海ST区画 (パレットタウン暫定利用区画),中須かすみ,桜坂しずく,天王寺璃奈,ヴィーナスフォート"
      },
      "type": "Feature"
    },
    {
      "geometry": {
        "coordinates": [
          139.779433,
          35.625262
        ],
        "type": "Point"
      },
      "properties": {
        "bangumi_id": 296659,
        "bangumi_title": "LoveLive! 虹咲学园校园偶像同好会",
        "ep_cut": "",
        "image_url": "https://w.junreimap.com/images/points/296659/4s6dzr8dn.jpg",
        "location": "第05話～第08話 (初出順)",
        "point_id": "4s6dzr8dn",
        "point_name": "3F フランフランバザー ※閉店",
        "remark": "2020.11.21 第08話「しずく、モノクローム」参考情報：3F Venus OUTLET フランフラン バザー | Francfranc BAZARhttps://www.venusfort.co.jp/shop.cgi?sid=635作成日2020.11.25江東区青海,青海地区 青海ST区画 (パレットタウン暫定利用区画),中須かすみ,桜坂しずく,天王寺璃奈,ヴィーナスフォート"
      },
      "type": "Feature"
    },
    {
      "geometry": {
        "coordinates": [
          139.780317,
          35.625266
        ],
        "type": "Point"
      },
      "properties": {
        "bangumi_id": 296659,
        "bangumi_title": "LoveLive! 虹咲学园校园偶像同好会",
        "ep_cut": "",
        "image_url": "https://w.junreimap.com/images/points/296659/4s6dzr89r.jpg",
        "location": "第05話～第08話 (初出順)",
        "point_id": "4s6dzr89r",
        "point_name": "1F LAOX ※閉店",
        "remark": "2020.11.21 第08話「しずく、モノクローム」参考情報：1F Venus FAMILY　ラオックス | LAOXhttps://www.venusfort.co.jp/shop.cgi?sid=669作成日2020.11.25江東区青海,青海地区 青海ST区画 (パレットタウン暫定利用区画),中須かすみ,桜坂しずく,天王寺璃奈,ヴィーナスフォート"
      },
      "type": "Feature"
    },
    {
      "geometry": {
        "coordinates": [
          139.780449,
          35.625223
        ],
        "type": "Point"
      },
      "properties": {
        "bangumi_id": 296659,
        "bangumi_title": "LoveLive! 虹咲学园校园偶像同好会",
        "ep_cut": "",
        "image_url": "https://w.junreimap.com/images/points/296659/4s6dzr85g.jpg",
        "location": "第05話～第08話 (初出順)",
        "point_id": "4s6dzr85g",
        "point_name": "1F ペットパラダイス前 ※閉店",
        "remark": "2020.11.21 第08話「しずく、モノクローム」参考情報：1F Venus FAMILYペットパラダイス | PET PARADISEhttps://www.venusfort.co.jp/shop.cgi?sid=194作成日2020.11.25江東区青海,青海地区 青海ST区画 (パレットタウン暫定利用区画),中須かすみ,桜坂しずく,天王寺璃奈,ヴィーナスフォート"
      },
      "type": "Feature"
    },
    {
      "geometry": {
        "coordinates": [
          139.780913,
          35.62546
        ],
        "type": "Point"
      },
      "properties": {
        "bangumi_id": 296659,
        "bangumi_title": "LoveLive! 虹咲学园校园偶像同好会",
        "ep_cut": "",
        "image_url": "https://w.junreimap.com/images/points/296659/4s6dzr7y0.jpg",
        "location": "第05話～第08話 (初出順)",
        "point_id": "4s6dzr7y0",
        "point_name": "パレットプラザ1F ※閉館",
        "remark": "2020.11.21 第08話「しずく、モノクローム」補足：この場面でかすみんが持っているコットンキャンディのドリンクはヴィジュアル的に「彩茶房」ですが、お台場には出店していません。ダイバーシティの「デコラクリーマリー」では気持ち似たメニューが提供されています。作成日2020.11.22江東区青海,青海地区 青海ST区画 (パレットタウン暫定利用区画),中須かすみ,桜坂しずく,天王寺璃奈,未掲載"
      },
      "type": "Feature"
    },
    {
      "geometry": {
        "coordinates": [
          139.781309,
          35.625359
        ],
        "type": "Point"
      },
      "properties": {
        "bangumi_id": 296659,
        "bangumi_title": "LoveLive! 虹咲学园校园偶像同好会",
        "ep_cut": "",
        "image_url": "https://w.junreimap.com/images/points/296659/4s6dzr7o0.jpg",
        "location": "第05話～第08話 (初出順)",
        "point_id": "4s6dzr7o0",
        "point_name": "パレットプラザ1F 青海駅側 ※閉館",
        "remark": "2020.11.21 第08話「しずく、モノクローム」作成日2020.11.25江東区青海,青海地区 青海ST区画 (パレットタウン暫定利用区画),桜坂しずく"
      },
      "type": "Feature"
    },
    {
      "geometry": {
        "coordinates": [
          139.7814,
          35.625061
        ],
        "type": "Point"
      },
      "properties": {
        "bangumi_id": 296659,
        "bangumi_title": "LoveLive! 虹咲学园校园偶像同好会",
        "ep_cut": "",
        "image_url": "https://w.junreimap.com/images/points/296659/4s6dzr7yk.jpg",
        "location": "第05話～第08話 (初出順)",
        "point_id": "4s6dzr7yk",
        "point_name": "青海駅エレベーター横",
        "remark": "2020.11.21 第08話「しずく、モノクローム」作成日2020.11.22江東区青海,青海地区 青海ST区画 (パレットタウン暫定利用区画),桜坂しずく"
      },
      "type": "Feature"
    },
    {
      "geometry": {
        "coordinates": [
          139.794174,
          35.629754
        ],
        "type": "Point"
      },
      "properties": {
        "bangumi_id": 296659,
        "bangumi_title": "LoveLive! 虹咲学园校园偶像同好会",
        "ep_cut": "",
        "image_url": "https://w.junreimap.com/images/points/296659/4s6dzr85r.jpg",
        "location": "第05話～第08話 (初出順)",
        "point_id": "4s6dzr85r",
        "point_name": "会議棟7F 国際会議場",
        "remark": "2020.11.21 第08話「しずく、モノクローム」普段は立入できません。作成日2020.11.22江東区有明,有明南地区 D区画,東京ビッグサイト,高咲侑,上原歩夢,中須かすみ,桜坂しずく,朝香果林,宮下愛,優木せつ菜,近江彼方,エマ・ヴェルデ,天王寺璃奈,Solitude Rain,未掲載"
      },
      "type": "Feature"
    },
    {
      "geometry": {
        "coordinates": [
          139.777905,
          35.6255
        ],
        "type": "Point"
      },
      "properties": {
        "bangumi_id": 296659,
        "bangumi_title": "LoveLive! 虹咲学园校园偶像同好会",
        "ep_cut": "",
        "image_url": "https://w.junreimap.com/images/points/296659/4s6dzr7ut.jpg",
        "location": "第05話～第08話 (初出順)",
        "point_id": "4s6dzr7ut",
        "point_name": "出会い橋横",
        "remark": "2020.11.21 第08話「しずく、モノクローム」補足：場所は出会い橋側。あじさいの品種は紫陽花小道の階段側のもの。作成日2020.11.22江東区青海,青海地区,シンボルプロムナード公園,センタープロムナード,出会い橋,桜坂しずく,Solitude Rain"
      },
      "type": "Feature"
    },
    {
      "geometry": {
        "coordinates": [
          139.776212,
          35.629526
        ],
        "type": "Point"
      },
      "properties": {
        "bangumi_id": 296659,
        "bangumi_title": "LoveLive! 虹咲学园校园偶像同好会",
        "ep_cut": "",
        "image_url": "https://w.junreimap.com/images/points/296659/4s6dzr7rs.jpg",
        "location": "第05話～第08話 (初出順)",
        "point_id": "4s6dzr7rs",
        "point_name": "アイランド ヴィンテージコーヒー台場店",
        "remark": "2020.11.21 第08話「しずく、モノクローム」作成日2020.11.22港区台場,台場地区 B区画,デックス東京ビーチ,桜坂しずく,Solitude Rain"
      },
      "type": "Feature"
    },
    {
      "geometry": {
        "coordinates": [
          139.779629,
          35.626137
        ],
        "type": "Point"
      },
      "properties": {
        "bangumi_id": 296659,
        "bangumi_title": "LoveLive! 虹咲学园校园偶像同好会",
        "ep_cut": "",
        "image_url": "https://w.junreimap.com/images/points/296659/4s6dzr7sx.jpg",
        "location": "第05話～第08話 (初出順)",
        "point_id": "4s6dzr7sx",
        "point_name": "ブランコベンチ",
        "remark": "2020.11.21 第08話「しずく、モノクローム」2020年4月頃に設置されたもの。5つあるベンチのうち真ん中。作成日2020.11.22江東区青海,青海地区,桜坂しずく,Solitude Rain,シンボルプロムナード公園,センタープロムナード,ブランコ,ベンチ"
      },
      "type": "Feature"
    },
    {
      "geometry": {
        "coordinates": [
          139.786403,
          35.62855
        ],
        "type": "Point"
      },
      "properties": {
        "bangumi_id": 296659,
        "bangumi_title": "LoveLive! 虹咲学园校园偶像同好会",
        "ep_cut": "",
        "image_url": "https://w.junreimap.com/images/points/296659/4s6dzr860.jpg",
        "location": "第05話～第08話 (初出順)",
        "point_id": "4s6dzr860",
        "point_name": "カスケード",
        "remark": "2020.11.21 第08話「しずく、モノクローム」作成日2020.11.22江東区有明,有明南地区,水の広場公園(東地区),カスケード,桜坂しずく,Solitude Rain"
      },
      "type": "Feature"
    },
    {
      "geometry": {
        "coordinates": [
          139.780254,
          35.621105
        ],
        "type": "Point"
      },
      "properties": {
        "bangumi_id": 296659,
        "bangumi_title": "LoveLive! 虹咲学园校园偶像同好会",
        "ep_cut": "",
        "image_url": "https://w.junreimap.com/images/points/296659/4s6dzr7ta.jpg",
        "location": "第05話～第08話 (初出順)",
        "point_id": "4s6dzr7ta",
        "point_name": "青海中央ふ頭公園 ツツジの山",
        "remark": "2020.11.21 第08話「しずく、モノクローム」作成日2020.11.22江東区青海,青海ふ頭,青海中央ふ頭公園,桜坂しずく,オフィーリア,Solitude Rain"
      },
      "type": "Feature"
    },
    {
      "geometry": {
        "coordinates": [
          139.772866,
          35.626044
        ],
        "type": "Point"
      },
      "properties": {
        "bangumi_id": 296659,
        "bangumi_title": "LoveLive! 虹咲学园校园偶像同好会",
        "ep_cut": "",
        "image_url": "https://w.junreimap.com/images/points/296659/4s6dzr7wi.jpg",
        "location": "第05話～第08話 (初出順)",
        "point_id": "4s6dzr7wi",
        "point_name": "ボードウォーク ベンチ",
        "remark": "2020.11.21 第08話「しずく、モノクローム」案内地図の右端にあるベンチ。作成日2020.11.22港区台場,台場地区,ウエストプロムナード,シンボルプロムナード公園,ボードウォーク,ベンチ"
      },
      "type": "Feature"
    },
    {
      "geometry": {
        "coordinates": [
          139.771418,
          35.697733
        ],
        "type": "Point"
      },
      "properties": {
        "bangumi_id": 296659,
        "bangumi_title": "LoveLive! 虹咲学园校园偶像同好会",
        "ep_cut": "",
        "image_url": "https://w.junreimap.com/images/points/296659/4s6dzr8e3.jpg",
        "location": "第05話～第08話 (初出順)",
        "point_id": "4s6dzr8e3",
        "point_name": "セガコラボカフェ秋葉原2号館 ※閉店",
        "remark": "2020.11.21 第08話「しずく、モノクローム」2020年8月30日に閉館。参考情報：＊元ネタとなったスクフェス分室の4コマ漫画【４コマ】虹ヶ咲学園スクールアイドル同好会スクフェス分室_連載第80回https://lovelive-sif.bushimo.jp/annex-80/＊実際に訪れた前田さんの記事と写真「ラブライブ! 虹ヶ咲学園スクールアイドル同好会」のコラボカフェを秋葉原で実施 セガコラボカフェ2号館で11月3日からhttps://jp.ign.com/anime/30494/news/2113虹ヶ咲学園スクールアイドル同好会セガコラボカフェを大西亜玖璃、相良茉優、前田佳織里が訪問！[ラブライブ・スクスタ]https://app.famitsu.com/20181102_1374373/作成日2020.11.25台東区秋葉原,桜坂しずく,前田佳織里,Solitude Rain"
      },
      "type": "Feature"
    },
    {
      "geometry": {
        "coordinates": [
          139.79633,
          35.624673
        ],
        "type": "Point"
      },
      "properties": {
        "bangumi_id": 296659,
        "bangumi_title": "LoveLive! 虹咲学园校园偶像同好会",
        "ep_cut": "",
        "image_url": "https://w.junreimap.com/images/points/296659/4s6dzr8uj.jpg",
        "location": "第05話～第08話 (初出順)",
        "point_id": "4s6dzr8uj",
        "point_name": "10号地その1多目的ふ頭",
        "remark": "2020.11.21 第08話「しずく、モノクローム」有明西ふ頭公園を南下すると辿り着きます。碑によってはクレーンが奥へ移動しています。10号地その1はビッグサイトを含む一帯埋立地に住所が付くまで用いられていた名称です。作成日2020.11.22江東区有明,10号地その1多目的ふ頭,有明西ふ頭公園,桜坂しずく,Solitude Rain"
      },
      "type": "Feature"
    },
    {
      "geometry": {
        "coordinates": [
          139.778382,
          35.629861
        ],
        "type": "Point"
      },
      "properties": {
        "bangumi_id": 296659,
        "bangumi_title": "LoveLive! 虹咲学园校园偶像同好会",
        "ep_cut": "",
        "image_url": "https://w.junreimap.com/images/points/296659/4s6dzr8lz.jpg",
        "location": "第09話～第12話 (初出順)",
        "point_id": "4s6dzr8lz",
        "point_name": "お台場海浜公園駅階段前",
        "remark": "2020.11.28 第09話「仲間でライバル」作成日2020.11.29港区台場,台場地区,お台場海浜公園駅前"
      },
      "type": "Feature"
    },
    {
      "geometry": {
        "coordinates": [
          139.793889,
          35.629747
        ],
        "type": "Point"
      },
      "properties": {
        "bangumi_id": 296659,
        "bangumi_title": "LoveLive! 虹咲学园校园偶像同好会",
        "ep_cut": "",
        "image_url": "https://w.junreimap.com/images/points/296659/4s6dzr90z.jpg",
        "location": "第09話～第12話 (初出順)",
        "point_id": "4s6dzr90z",
        "point_name": "2F 会議棟下",
        "remark": "2020.11.28 第09話「仲間でライバル」作成日2020.11.29江東区有明,有明南地区 D区画,東京ビッグサイト,未掲載"
      },
      "type": "Feature"
    },
    {
      "geometry": {
        "coordinates": [
          139.794334,
          35.629356
        ],
        "type": "Point"
      },
      "properties": {
        "bangumi_id": 296659,
        "bangumi_title": "LoveLive! 虹咲学园校园偶像同好会",
        "ep_cut": "",
        "image_url": "https://w.junreimap.com/images/points/296659/4s6dzr8ty.jpg",
        "location": "第09話～第12話 (初出順)",
        "point_id": "4s6dzr8ty",
        "point_name": "会議棟2F・西展示棟1F連絡階段",
        "remark": "2020.11.28 第09話「仲間でライバル」作成日2020.11.29江東区有明,有明南地区 D区画,東京ビッグサイト,"
      },
      "type": "Feature"
    },
    {
      "geometry": {
        "coordinates": [
          139.793418,
          35.629608
        ],
        "type": "Point"
      },
      "properties": {
        "bangumi_id": 296659,
        "bangumi_title": "LoveLive! 虹咲学园校园偶像同好会",
        "ep_cut": "",
        "image_url": "https://w.junreimap.com/images/points/296659/4s6dzr8y4.jpg",
        "location": "第09話～第12話 (初出順)",
        "point_id": "4s6dzr8y4",
        "point_name": "会議棟2F セブンイレブン横",
        "remark": "2020.11.28 第09話「仲間でライバル」作成日2020.11.29江東区有明,有明南地区 D区画,東京ビッグサイト,,朝香果林,優木せつ菜"
      },
      "type": "Feature"
    },
    {
      "geometry": {
        "coordinates": [
          139.783945,
          35.615333
        ],
        "type": "Point"
      },
      "properties": {
        "bangumi_id": 296659,
        "bangumi_title": "LoveLive! 虹咲学园校园偶像同好会",
        "ep_cut": "",
        "image_url": "https://w.junreimap.com/images/points/296659/4s6dzr940.jpg",
        "location": "第09話～第12話 (初出順)",
        "point_id": "4s6dzr940",
        "point_name": "TACS ODAIBA STUDIO",
        "remark": "2020.11.28 第09話「仲間でライバル」作成日2020.11.29江東区青海,青海ふ頭,朝香果林"
      },
      "type": "Feature"
    },
    {
      "geometry": {
        "coordinates": [
          139.771887,
          35.6274
        ],
        "type": "Point"
      },
      "properties": {
        "bangumi_id": 296659,
        "bangumi_title": "LoveLive! 虹咲学园校园偶像同好会",
        "ep_cut": "",
        "image_url": "https://w.junreimap.com/images/points/296659/4s6dzr95u.jpg",
        "location": "第09話～第12話 (初出順)",
        "point_id": "4s6dzr95u",
        "point_name": "立体交差橋下",
        "remark": "2020.11.28 第09話「仲間でライバル」作成日2020.11.29港区台場,台場地区,ウエストプロムナード,シンボルプロムナード公園,朝香果林"
      },
      "type": "Feature"
    },
    {
      "geometry": {
        "coordinates": [
          139.776656,
          35.628887
        ],
        "type": "Point"
      },
      "properties": {
        "bangumi_id": 296659,
        "bangumi_title": "LoveLive! 虹咲学园校园偶像同好会",
        "ep_cut": "",
        "image_url": "https://w.junreimap.com/images/points/296659/4s6dzr8pg.jpg",
        "location": "第09話～第12話 (初出順)",
        "point_id": "4s6dzr8pg",
        "point_name": "吉野家 お台場デックス店前",
        "remark": "2020.11.28 第09話「仲間でライバル」作成日2020.11.29港区台場,台場地区 B区画,デックス東京ビーチ,朝香果林"
      },
      "type": "Feature"
    },
    {
      "geometry": {
        "coordinates": [
          139.776704,
          35.62975
        ],
        "type": "Point"
      },
      "properties": {
        "bangumi_id": 296659,
        "bangumi_title": "LoveLive! 虹咲学园校园偶像同好会",
        "ep_cut": "",
        "image_url": "https://w.junreimap.com/images/points/296659/4s6dzr937.jpg",
        "location": "第09話～第12話 (初出順)",
        "point_id": "4s6dzr937",
        "point_name": "ODAIBAゲーマーズ前",
        "remark": "2020.11.28 第09話「仲間でライバル」作成日2020.11.29港区台場,台場地区 B区画,デックス東京ビーチ,高咲侑,上原歩夢,優木せつ菜,朝香果林"
      },
      "type": "Feature"
    },
    {
      "geometry": {
        "coordinates": [
          139.773191,
          35.618676
        ],
        "type": "Point"
      },
      "properties": {
        "bangumi_id": 296659,
        "bangumi_title": "LoveLive! 虹咲学园校园偶像同好会",
        "ep_cut": "",
        "image_url": "https://w.junreimap.com/images/points/296659/4s6dzr93k.jpg",
        "location": "第09話～第12話 (初出順)",
        "point_id": "4s6dzr93k",
        "point_name": "宗谷",
        "remark": "2020.11.28 第09話「仲間でライバル」作成日2020.11.29品川区東八潮,,青海北ふ頭公園 ,朝香果林,VIVID WORLD"
      },
      "type": "Feature"
    },
    {
      "geometry": {
        "coordinates": [
          139.780097,
          35.630379
        ],
        "type": "Point"
      },
      "properties": {
        "bangumi_id": 296659,
        "bangumi_title": "LoveLive! 虹咲学园校园偶像同好会",
        "ep_cut": "",
        "image_url": "https://w.junreimap.com/images/points/296659/4s6dzr8io.jpg",
        "location": "第09話～第12話 (初出順)",
        "point_id": "4s6dzr8io",
        "point_name": "ザ・タワーズ台場 1F",
        "remark": "2020.11.28 第09話「仲間でライバル」作成日2020.11.29港区台場,台場地区,台場H区画,朝香果林,VIVID WORLD,"
      },
      "type": "Feature"
    },
    {
      "geometry": {
        "coordinates": [
          139.793189,
          35.629199
        ],
        "type": "Point"
      },
      "properties": {
        "bangumi_id": 296659,
        "bangumi_title": "LoveLive! 虹咲学园校园偶像同好会",
        "ep_cut": "",
        "image_url": "https://w.junreimap.com/images/points/296659/4s6dzr8fr.jpg",
        "location": "第09話～第12話 (初出順)",
        "point_id": "4s6dzr8fr",
        "point_name": "2F 南展示棟入口",
        "remark": "2020.12.05 第10話「夏、はじまる。」江東区有明,有明南地区 D区画,東京ビッグサイト,南展示棟,高咲侑,上原歩夢,中須かすみ,桜坂しずく,朝香果林,宮下愛,優木せつ菜,近江彼方,エマ・ヴェルデ,天王寺璃奈"
      },
      "type": "Feature"
    },
    {
      "geometry": {
        "coordinates": [
          139.794768,
          35.627273
        ],
        "type": "Point"
      },
      "properties": {
        "bangumi_id": 296659,
        "bangumi_title": "LoveLive! 虹咲学园校园偶像同好会",
        "ep_cut": "",
        "image_url": "https://w.junreimap.com/images/points/296659/4s6dzr92g.jpg",
        "location": "第09話～第12話 (初出順)",
        "point_id": "4s6dzr92g",
        "point_name": "南展示棟2F 通路",
        "remark": "2020.12.05 第10話「夏、はじまる。」補足：合宿部屋の入口はコインロッカールームとなっている。江東区有明,有明南地区 D区画,東京ビッグサイト,南展示棟,中須かすみ,桜坂しずく,宮下愛,天王寺璃奈"
      },
      "type": "Feature"
    },
    {
      "geometry": {
        "coordinates": [
          139.796239,
          35.633066
        ],
        "type": "Point"
      },
      "properties": {
        "bangumi_id": 296659,
        "bangumi_title": "LoveLive! 虹咲学园校园偶像同好会",
        "ep_cut": "",
        "image_url": "https://w.junreimap.com/images/points/296659/4s6dzr8sc.jpg",
        "location": "第09話～第12話 (初出順)",
        "point_id": "4s6dzr8sc",
        "point_name": "東京臨海広域防災公園沿い",
        "remark": "2020.12.05 第10話「夏、はじまる。」江東区有明,有明南地区,東京臨海広域防災公園,高咲侑,上原歩夢,中須かすみ,桜坂しずく,朝香果林,宮下愛,優木せつ菜,近江彼方,エマ・ヴェルデ,天王寺璃奈"
      },
      "type": "Feature"
    },
    {
      "geometry": {
        "coordinates": [
          139.794326,
          35.629142
        ],
        "type": "Point"
      },
      "properties": {
        "bangumi_id": 296659,
        "bangumi_title": "LoveLive! 虹咲学园校园偶像同好会",
        "ep_cut": "",
        "image_url": "https://w.junreimap.com/images/points/296659/4s6dzr8xg.jpg",
        "location": "第09話～第12話 (初出順)",
        "point_id": "4s6dzr8xg",
        "point_name": "西展示棟1F 通路",
        "remark": "2020.12.12 第11話「みんなの夢、私の夢」作成日2020.12.13江東区有明,有明南地区 D区画,東京ビッグサイト,未掲載"
      },
      "type": "Feature"
    },
    {
      "geometry": {
        "coordinates": [
          139.77294,
          35.636
        ],
        "type": "Point"
      },
      "properties": {
        "bangumi_id": 296659,
        "bangumi_title": "LoveLive! 虹咲学园校园偶像同好会",
        "ep_cut": "",
        "image_url": "https://w.junreimap.com/images/points/296659/4s6dzr8s2.jpg",
        "location": "第09話～第12話 (初出順)",
        "point_id": "4s6dzr8s2",
        "point_name": "ノースルート31番橋脚",
        "remark": "2020.12.12 第11話「みんなの夢、私の夢」サウスルートとの行き来が可能な場所。作成日2020.12.13港区台場,台場地区,レインボーブリッジ,レインボープロムナード,高咲侑,中須かすみ,宮下愛"
      },
      "type": "Feature"
    },
    {
      "geometry": {
        "coordinates": [
          139.779013,
          35.624243
        ],
        "type": "Point"
      },
      "properties": {
        "bangumi_id": 296659,
        "bangumi_title": "LoveLive! 虹咲学园校园偶像同好会",
        "ep_cut": "",
        "image_url": "https://w.junreimap.com/images/points/296659/4s6dzr8x6.jpg",
        "location": "第09話～第12話 (初出順)",
        "point_id": "4s6dzr8x6",
        "point_name": "2F ブロードアヴェニュー ※閉館",
        "remark": "2020.12.12 第11話「みんなの夢、私の夢」作成日2020.12.13江東区青海,青海地区 青海ST区画 (パレットタウン暫定利用区画),ヴィーナスフォート"
      },
      "type": "Feature"
    },
    {
      "geometry": {
        "coordinates": [
          139.801914,
          35.646997
        ],
        "type": "Point"
      },
      "properties": {
        "bangumi_id": 296659,
        "bangumi_title": "LoveLive! 虹咲学园校园偶像同好会",
        "ep_cut": "",
        "image_url": "https://w.junreimap.com/images/points/296659/4s6dzr8xx.jpg",
        "location": "第09話～第12話 (初出順)",
        "point_id": "4s6dzr8xx",
        "point_name": "東雲一丁目バス停",
        "remark": "2020.12.12 第11話「みんなの夢、私の夢」作成日2020.12.13江東区東雲,上原歩夢,高咲侑"
      },
      "type": "Feature"
    },
    {
      "geometry": {
        "coordinates": [
          139.77618,
          35.629406
        ],
        "type": "Point"
      },
      "properties": {
        "bangumi_id": 296659,
        "bangumi_title": "LoveLive! 虹咲学园校园偶像同好会",
        "ep_cut": "",
        "image_url": "https://w.junreimap.com/images/points/296659/4s6dzr8je.jpg",
        "location": "第09話～第12話 (初出順)",
        "point_id": "4s6dzr8je",
        "point_name": "アイランド・ヴィンテージ・コーヒー",
        "remark": "2020.12.12 第11話「みんなの夢、私の夢」作成日2020.12.13港区台場,台場地区 B区画,デックス東京ビーチ,高咲侑,近江彼方,優木せつ菜,朝香果林,綾小路姫乃,紫藤美咲,クリスティーナ,近江遥"
      },
      "type": "Feature"
    },
    {
      "geometry": {
        "coordinates": [
          139.794536,
          35.631725
        ],
        "type": "Point"
      },
      "properties": {
        "bangumi_id": 296659,
        "bangumi_title": "LoveLive! 虹咲学园校园偶像同好会",
        "ep_cut": "",
        "image_url": "https://w.junreimap.com/images/points/296659/4s6dzr8u9.jpg",
        "location": "第09話～第12話 (初出順)",
        "point_id": "4s6dzr8u9",
        "point_name": "ビッグサイト庭園沿い",
        "remark": "2020.12.12 第11話「みんなの夢、私の夢」同じアングルは中央分離帯へ渡る必要あり。作成日2020.12.13江東区有明,有明南地区,青海・有明南連絡線,中須かすみ,宮下愛"
      },
      "type": "Feature"
    },
    {
      "geometry": {
        "coordinates": [
          139.794689,
          35.629579
        ],
        "type": "Point"
      },
      "properties": {
        "bangumi_id": 296659,
        "bangumi_title": "LoveLive! 虹咲学园校园偶像同好会",
        "ep_cut": "",
        "image_url": "https://w.junreimap.com/images/points/296659/4s6dzr8wr.jpg",
        "location": "第09話～第12話 (初出順)",
        "point_id": "4s6dzr8wr",
        "point_name": "会議棟 2F  南コンコース",
        "remark": "2020.12.12 第11話「みんなの夢、私の夢」作成日2020.12.13江東区有明,有明南地区 D区画,東京ビッグサイト,高咲侑,上原歩夢"
      },
      "type": "Feature"
    },
    {
      "geometry": {
        "coordinates": [
          139.802991,
          35.646619
        ],
        "type": "Point"
      },
      "properties": {
        "bangumi_id": 296659,
        "bangumi_title": "LoveLive! 虹咲学园校园偶像同好会",
        "ep_cut": "",
        "image_url": "https://w.junreimap.com/images/points/296659/4s6dzr8fk.jpg",
        "location": "第09話～第12話 (初出順)",
        "point_id": "4s6dzr8fk",
        "point_name": "東雲キャナルコートＣＯＤＡＮ１１号棟沿い",
        "remark": "2020.12.12 第11話「みんなの夢、私の夢」速度標識と街灯が目印。作成日2020.12.13江東区東雲,高咲侑,上原歩夢"
      },
      "type": "Feature"
    },
    {
      "geometry": {
        "coordinates": [
          139.803101,
          35.648826
        ],
        "type": "Point"
      },
      "properties": {
        "bangumi_id": 296659,
        "bangumi_title": "LoveLive! 虹咲学园校园偶像同好会",
        "ep_cut": "",
        "image_url": "https://w.junreimap.com/images/points/296659/4s6dzr8w3.jpg",
        "location": "第09話～第12話 (初出順)",
        "point_id": "4s6dzr8w3",
        "point_name": "Brillia Ist 東雲キャナルコート前の信号",
        "remark": "2020.12.12 第11話「みんなの夢、私の夢」作成日2020.12.13江東区東雲"
      },
      "type": "Feature"
    },
    {
      "geometry": {
        "coordinates": [
          139.777406,
          35.629295
        ],
        "type": "Point"
      },
      "properties": {
        "bangumi_id": 296659,
        "bangumi_title": "LoveLive! 虹咲学园校园偶像同好会",
        "ep_cut": "",
        "image_url": "https://w.junreimap.com/images/points/296659/4s6dzr8ll.jpg",
        "location": "第09話～第12話 (初出順)",
        "point_id": "4s6dzr8ll",
        "point_name": "お台場海浜公園駅前交番前",
        "remark": "2020.12.19 第12話「花ひらく想い」作成日2020.12.20港区台場,台場地区,未掲載"
      },
      "type": "Feature"
    },
    {
      "geometry": {
        "coordinates": [
          139.793999,
          35.631189
        ],
        "type": "Point"
      },
      "properties": {
        "bangumi_id": 296659,
        "bangumi_title": "LoveLive! 虹咲学园校园偶像同好会",
        "ep_cut": "",
        "image_url": "https://w.junreimap.com/images/points/296659/4s6dzr91d.jpg",
        "location": "第09話～第12話 (初出順)",
        "point_id": "4s6dzr91d",
        "point_name": "七つの泉 六角池",
        "remark": "2020.12.19 第12話「花ひらく想い」分かりづらい時は足下に張られた名称が目印です。(2枚目)作成日2020.12.20江東区有明,有明南地区 D区画,東京ビッグサイト,上原歩夢"
      },
      "type": "Feature"
    },
    {
      "geometry": {
        "coordinates": [
          139.79401,
          35.630113
        ],
        "type": "Point"
      },
      "properties": {
        "bangumi_id": 296659,
        "bangumi_title": "LoveLive! 虹咲学园校园偶像同好会",
        "ep_cut": "",
        "image_url": "https://w.junreimap.com/images/points/296659/4s6dzr8fq.jpg",
        "location": "第09話～第12話 (初出順)",
        "point_id": "4s6dzr8fq",
        "point_name": "会議棟2F エントランスプラザ",
        "remark": "2020.12.19 第12話「花ひらく想い」作成日2020.12.20江東区有明,有明南地区 D区画,東京ビッグサイト,高咲侑,上原歩夢,未掲載"
      },
      "type": "Feature"
    },
    {
      "geometry": {
        "coordinates": [
          139.795377,
          35.631471
        ],
        "type": "Point"
      },
      "properties": {
        "bangumi_id": 296659,
        "bangumi_title": "LoveLive! 虹咲学园校园偶像同好会",
        "ep_cut": "",
        "image_url": "https://w.junreimap.com/images/points/296659/4s6dzr8pr.jpg",
        "location": "第09話～第12話 (初出順)",
        "point_id": "4s6dzr8pr",
        "point_name": "東京ビッグサイト庭園横",
        "remark": "2020.12.19 第12話「花ひらく想い」作成日2021.01.13江東区有明,有明南地区 D区画,東京ビッグサイト,宮下愛"
      },
      "type": "Feature"
    },
    {
      "geometry": {
        "coordinates": [
          139.79363,
          35.630342
        ],
        "type": "Point"
      },
      "properties": {
        "bangumi_id": 296659,
        "bangumi_title": "LoveLive! 虹咲学园校园偶像同好会",
        "ep_cut": "",
        "image_url": "https://w.junreimap.com/images/points/296659/4s6dzr8hh.jpg",
        "location": "第09話～第12話 (初出順)",
        "point_id": "4s6dzr8hh",
        "point_name": "エントランスプラザ",
        "remark": "2020.12.19 第12話「花ひらく想い」作成日2020.12.20江東区有明,有明南地区 D区画,東京ビッグサイト,高咲侑,上原歩夢,中須かすみ,桜坂しずく,朝香果林,宮下愛,優木せつ菜,近江彼方,エマ・ヴェルデ,天王寺璃奈"
      },
      "type": "Feature"
    },
    {
      "geometry": {
        "coordinates": [
          139.792626,
          35.629751
        ],
        "type": "Point"
      },
      "properties": {
        "bangumi_id": 296659,
        "bangumi_title": "LoveLive! 虹咲学园校园偶像同好会",
        "ep_cut": "",
        "image_url": "https://w.junreimap.com/images/points/296659/4s6dzr8ov.jpg",
        "location": "第09話～第12話 (初出順)",
        "point_id": "4s6dzr8ov",
        "point_name": "交差橋",
        "remark": "2020.12.19 第12話「花ひらく想い」作成日2020.12.20江東区有明,有明南地区,有明南D区画,有明客船ターミナル,東京ビッグサイト,上原歩夢,優木せつ菜"
      },
      "type": "Feature"
    },
    {
      "geometry": {
        "coordinates": [
          139.792462,
          35.629809
        ],
        "type": "Point"
      },
      "properties": {
        "bangumi_id": 296659,
        "bangumi_title": "LoveLive! 虹咲学园校园偶像同好会",
        "ep_cut": "",
        "image_url": "https://w.junreimap.com/images/points/296659/4s6dzr8hz.jpg",
        "location": "第09話～第12話 (初出順)",
        "point_id": "4s6dzr8hz",
        "point_name": "有明客船ターミナル前階段",
        "remark": "2020.12.19 第12話「花ひらく想い」作成日2021.01.13江東区有明,有明南地区,有明客船ターミナル,上原歩夢"
      },
      "type": "Feature"
    },
    {
      "geometry": {
        "coordinates": [
          139.792122,
          35.63025
        ],
        "type": "Point"
      },
      "properties": {
        "bangumi_id": 296659,
        "bangumi_title": "LoveLive! 虹咲学园校园偶像同好会",
        "ep_cut": "",
        "image_url": "https://w.junreimap.com/images/points/296659/4s6dzr8qs.jpg",
        "location": "第09話～第12話 (初出順)",
        "point_id": "4s6dzr8qs",
        "point_name": "東京ビッグサイト正門交差点前",
        "remark": "2020.12.19 第12話「花ひらく想い」補足：標識がオリジナルからUターン禁止に変更されている作成日2020.12.20江東区有明,有明南地区,上原歩夢"
      },
      "type": "Feature"
    },
    {
      "geometry": {
        "coordinates": [
          139.778385,
          35.62694
        ],
        "type": "Point"
      },
      "properties": {
        "bangumi_id": 296659,
        "bangumi_title": "LoveLive! 虹咲学园校园偶像同好会",
        "ep_cut": "",
        "image_url": "https://w.junreimap.com/images/points/296659/4s6dzr8pn.jpg",
        "location": "第09話～第12話 (初出順)",
        "point_id": "4s6dzr8pn",
        "point_name": "東京テレポート駅バスターミナル",
        "remark": "2020.12.19 第12話「花ひらく想い」作成日2020.12.20江東区青海,青海地区,東京テレポート駅バスターミナル,りんかい線東京テレポート駅"
      },
      "type": "Feature"
    },
    {
      "geometry": {
        "coordinates": [
          139.778914,
          35.628306
        ],
        "type": "Point"
      },
      "properties": {
        "bangumi_id": 296659,
        "bangumi_title": "LoveLive! 虹咲学园校园偶像同好会",
        "ep_cut": "",
        "image_url": "https://w.junreimap.com/images/points/296659/m85kvs7l1_1720847168562.jpg",
        "location": "第09話～第12話 (初出順)",
        "point_id": "m85kvs7l1",
        "point_name": "テレポート​ブリッジ",
        "remark": ""
      },
      "type": "Feature"
    },
    {
      "geometry": {
        "coordinates": [
          139.778941,
          35.628269
        ],
        "type": "Point"
      },
      "properties": {
        "bangumi_id": 296659,
        "bangumi_title": "LoveLive! 虹咲学园校园偶像同好会",
        "ep_cut": "",
        "image_url": "https://w.junreimap.com/images/points/296659/m85np0i9k_1727263386266.jpg",
        "location": "第09話～第12話 (初出順)",
        "point_id": "m85np0i9k",
        "point_name": "テレポート​ブリッジ",
        "remark": ""
      },
      "type": "Feature"
    },
    {
      "geometry": {
        "coordinates": [
          139.803614,
          35.647203
        ],
        "type": "Point"
      },
      "properties": {
        "bangumi_id": 296659,
        "bangumi_title": "LoveLive! 虹咲学园校园偶像同好会",
        "ep_cut": "",
        "image_url": "https://w.junreimap.com/images/points/296659/m85rdqs7c_1727263387646.jpg",
        "location": "第09話～第12話 (初出順)",
        "point_id": "m85rdqs7c",
        "point_name": "東雲キャナルコート",
        "remark": ""
      },
      "type": "Feature"
    },
    {
      "geometry": {
        "coordinates": [
          139.784795,
          35.635103
        ],
        "type": "Point"
      },
      "properties": {
        "bangumi_id": 296659,
        "bangumi_title": "LoveLive! 虹咲学园校园偶像同好会",
        "ep_cut": "",
        "image_url": "https://w.junreimap.com/images/points/296659/4s6dzr948.jpg",
        "location": "第09話～第12話 (初出順)",
        "point_id": "4s6dzr948",
        "point_name": "有明一丁目バス停付近",
        "remark": "2020.12.19 第12話「花ひらく想い」作成日2020.12.20江東区有明,有明北地区,未掲載"
      },
      "type": "Feature"
    },
    {
      "geometry": {
        "coordinates": [
          139.785084,
          35.63528
        ],
        "type": "Point"
      },
      "properties": {
        "bangumi_id": 296659,
        "bangumi_title": "LoveLive! 虹咲学园校园偶像同好会",
        "ep_cut": "",
        "image_url": "https://w.junreimap.com/images/points/296659/4s6dzr8nd.jpg",
        "location": "第09話～第12話 (初出順)",
        "point_id": "4s6dzr8nd",
        "point_name": "佐川急便 リトルベイセンター前 ※閉館",
        "remark": "2020.12.19 第12話「花ひらく想い」作成日2020.12.20江東区有明,有明北地区,未掲載"
      },
      "type": "Feature"
    },
    {
      "geometry": {
        "coordinates": [
          139.771132,
          35.626324
        ],
        "type": "Point"
      },
      "properties": {
        "bangumi_id": 296659,
        "bangumi_title": "LoveLive! 虹咲学园校园偶像同好会",
        "ep_cut": "",
        "image_url": "https://w.junreimap.com/images/points/296659/4s6dzr8ha.jpg",
        "location": "第09話～第12話 (初出順)",
        "point_id": "4s6dzr8ha",
        "point_name": "ヒルトン東京お台場",
        "remark": "2020.12.19 第12話「花ひらく想い」補足：結婚式に使用されるチャペルの正面にあたる。作成日2020.12.20港区台場,台場地区,D区画,ヒルトン東京お台場,上原歩夢,Awakening Promise"
      },
      "type": "Feature"
    },
    {
      "geometry": {
        "coordinates": [
          139.773675,
          35.628022
        ],
        "type": "Point"
      },
      "properties": {
        "bangumi_id": 296659,
        "bangumi_title": "LoveLive! 虹咲学园校园偶像同好会",
        "ep_cut": "",
        "image_url": "https://w.junreimap.com/images/points/296659/4s6dzr966.jpg",
        "location": "第09話～第12話 (初出順)",
        "point_id": "4s6dzr966",
        "point_name": "ラーメン国技館 舞入口",
        "remark": "2020.12.19 第12話「花ひらく想い」作成日2020.12.20港区台場,台場地区,C区画,アクアシティお台場,上原歩夢,Awakening Promise"
      },
      "type": "Feature"
    },
    {
      "geometry": {
        "coordinates": [
          139.791731,
          35.63427
        ],
        "type": "Point"
      },
      "properties": {
        "bangumi_id": 296659,
        "bangumi_title": "LoveLive! 虹咲学园校园偶像同好会",
        "ep_cut": "",
        "image_url": "https://w.junreimap.com/images/points/296659/4s6dzr94r.jpg",
        "location": "第13話 (初出順)",
        "point_id": "4s6dzr94r",
        "point_name": "国際展示場駅前",
        "remark": "2020.12.26 第13話「みんなの夢を叶える場所(スクールアイドルフェスティバル)」作成日2020.12.27江東区有明,有明南地区,りんかい線国際展示場駅"
      },
      "type": "Feature"
    },
    {
      "geometry": {
        "coordinates": [
          139.782133,
          35.62744
        ],
        "type": "Point"
      },
      "properties": {
        "bangumi_id": 296659,
        "bangumi_title": "LoveLive! 虹咲学园校园偶像同好会",
        "ep_cut": "",
        "image_url": "https://w.junreimap.com/images/points/296659/4s6dzr8is.jpg",
        "location": "第13話 (初出順)",
        "point_id": "4s6dzr8is",
        "point_name": "おもてなしガーデン",
        "remark": "2020.12.26 第13話「みんなの夢を叶える場所(スクールアイドルフェスティバル)」作成日2020.12.27江東区青海,青海地区 シンボルプロムナード公園,センタープロムナード,上原歩夢"
      },
      "type": "Feature"
    },
    {
      "geometry": {
        "coordinates": [
          139.781151,
          35.625545
        ],
        "type": "Point"
      },
      "properties": {
        "bangumi_id": 296659,
        "bangumi_title": "LoveLive! 虹咲学园校园偶像同好会",
        "ep_cut": "",
        "image_url": "https://w.junreimap.com/images/points/296659/4s6dzr8z5.jpg",
        "location": "第13話 (初出順)",
        "point_id": "4s6dzr8z5",
        "point_name": "パレットプラザ",
        "remark": "2020.12.26 第13話「みんなの夢を叶える場所(スクールアイドルフェスティバル)」江東区青海,青海地区,近江彼方,未掲載"
      },
      "type": "Feature"
    },
    {
      "geometry": {
        "coordinates": [
          139.775331,
          35.628725
        ],
        "type": "Point"
      },
      "properties": {
        "bangumi_id": 296659,
        "bangumi_title": "LoveLive! 虹咲学园校园偶像同好会",
        "ep_cut": "",
        "image_url": "https://w.junreimap.com/images/points/296659/4s6dzr92h.jpg",
        "location": "第13話 (初出順)",
        "point_id": "4s6dzr92h",
        "point_name": "ジョイポリスメインステージ",
        "remark": "2020.12.26 第13話「みんなの夢を叶える場所(スクールアイドルフェスティバル)」作成日2020.12.27港区台場,台場地区 B区画,デックス東京ビーチ,ツナガルコネクト,天王寺璃奈"
      },
      "type": "Feature"
    },
    {
      "geometry": {
        "coordinates": [
          139.778065,
          35.63278
        ],
        "type": "Point"
      },
      "properties": {
        "bangumi_id": 296659,
        "bangumi_title": "LoveLive! 虹咲学园校园偶像同好会",
        "ep_cut": "",
        "image_url": "https://w.junreimap.com/images/points/296659/4s6dzr8sm.jpg",
        "location": "第13話 (初出順)",
        "point_id": "4s6dzr8sm",
        "point_name": "モニュメントクロック",
        "remark": "2020.12.26 第13話「みんなの夢を叶える場所(スクールアイドルフェスティバル)」作成日2020.12.27港区台場,台場地区,お台場レインボー公園"
      },
      "type": "Feature"
    },
    {
      "geometry": {
        "coordinates": [
          139.777496,
          35.632932
        ],
        "type": "Point"
      },
      "properties": {
        "bangumi_id": 296659,
        "bangumi_title": "LoveLive! 虹咲学园校园偶像同好会",
        "ep_cut": "",
        "image_url": "https://w.junreimap.com/images/points/296659/4s6dzr8vk.jpg",
        "location": "第13話 (初出順)",
        "point_id": "4s6dzr8vk",
        "point_name": "お台場レインボー公園前",
        "remark": "2020.12.26 第13話「みんなの夢を叶える場所(スクールアイドルフェスティバル)」作成日2020.12.27港区台場,台場地区,お台場レインボー公園,近江彼方,エマ・ヴェルデ"
      },
      "type": "Feature"
    },
    {
      "geometry": {
        "coordinates": [
          139.779817,
          35.625945
        ],
        "type": "Point"
      },
      "properties": {
        "bangumi_id": 296659,
        "bangumi_title": "LoveLive! 虹咲学园校园偶像同好会",
        "ep_cut": "",
        "image_url": "https://w.junreimap.com/images/points/296659/4s6dzr8l2.jpg",
        "location": "第13話 (初出順)",
        "point_id": "4s6dzr8l2",
        "point_name": "センタープロムナード ベンチ前",
        "remark": "2020.12.26 第13話「みんなの夢を叶える場所(スクールアイドルフェスティバル)」作成日2020.12.27江東区青海,青海地区,シンボルプロムナード公園,センタープロムナード,上原歩夢,藤黄学園"
      },
      "type": "Feature"
    },
    {
      "geometry": {
        "coordinates": [
          139.777945,
          35.625347
        ],
        "type": "Point"
      },
      "properties": {
        "bangumi_id": 296659,
        "bangumi_title": "LoveLive! 虹咲学园校园偶像同好会",
        "ep_cut": "",
        "image_url": "https://w.junreimap.com/images/points/296659/4s6dzr8rp.jpg",
        "location": "第13話 (初出順)",
        "point_id": "4s6dzr8rp",
        "point_name": "出会い橋",
        "remark": "2020.12.26 第13話「みんなの夢を叶える場所(スクールアイドルフェスティバル)」作成日2021.01.12江東区青海,青海地区,シンボルプロムナード公園,センタープロムナード,中須かすみ,桜坂しずく,朝香果林"
      },
      "type": "Feature"
    },
    {
      "geometry": {
        "coordinates": [
          139.778194,
          35.619583
        ],
        "type": "Point"
      },
      "properties": {
        "bangumi_id": 296659,
        "bangumi_title": "LoveLive! 虹咲学园校园偶像同好会",
        "ep_cut": "",
        "image_url": "https://w.junreimap.com/images/points/296659/4s6dzr8xj.jpg",
        "location": "第13話 (初出順)",
        "point_id": "4s6dzr8xj",
        "point_name": "雨宿りのテント",
        "remark": "2020.12.26 第13話「みんなの夢を叶える場所(スクールアイドルフェスティバル)」宮下愛、優木せつ菜、エマ・ヴェルデ、天王寺璃奈、藤黄学園(紫藤美咲、綾小路姫乃)が雨宿りしていたテントのおよその位置。作成日2021.01.12江東区青海,青海地区,シンボルプロムナード公園,ウエストプロムナード,SMILE GARDEN"
      },
      "type": "Feature"
    },
    {
      "geometry": {
        "coordinates": [
          139.775692,
          35.628936
        ],
        "type": "Point"
      },
      "properties": {
        "bangumi_id": 296659,
        "bangumi_title": "LoveLive! 虹咲学园校园偶像同好会",
        "ep_cut": "",
        "image_url": "https://w.junreimap.com/images/points/296659/4s6dzr8v5.jpg",
        "location": "第13話 (初出順)",
        "point_id": "4s6dzr8v5",
        "point_name": "デックス東京ビーチ3F",
        "remark": "2020.12.26 第13話「みんなの夢を叶える場所(スクールアイドルフェスティバル)」作成日2021.01.12港区台場,台場地区 B区画,デックス東京ビーチ,上原歩夢,未掲載"
      },
      "type": "Feature"
    },
    {
      "geometry": {
        "coordinates": [
          139.771908,
          35.627026
        ],
        "type": "Point"
      },
      "properties": {
        "bangumi_id": 296659,
        "bangumi_title": "LoveLive! 虹咲学园校园偶像同好会",
        "ep_cut": "",
        "image_url": "https://w.junreimap.com/images/points/296659/4s6dzr910.jpg",
        "location": "第13話 (初出順)",
        "point_id": "4s6dzr910",
        "point_name": "ウェストプロムナード",
        "remark": "2020.12.26 第13話「みんなの夢を叶える場所(スクールアイドルフェスティバル)」作成日2020.12.27港区台場,台場地区,シンボルプロムナード公園,ウェストプロムナード,高咲侑,上原歩夢,未掲載"
      },
      "type": "Feature"
    },
    {
      "geometry": {
        "coordinates": [
          139.775616,
          35.624343
        ],
        "type": "Point"
      },
      "properties": {
        "bangumi_id": 296659,
        "bangumi_title": "LoveLive! 虹咲学园校园偶像同好会",
        "ep_cut": "",
        "image_url": "https://w.junreimap.com/images/points/296659/4s6dzr8h8.jpg",
        "location": "第13話 (初出順)",
        "point_id": "4s6dzr8h8",
        "point_name": "ユニコーンガンダム前",
        "remark": "2020.12.26 第13話「みんなの夢を叶える場所(スクールアイドルフェスティバル)」作成日2020.12.27江東区青海,青海地区,シンボルプロムナード公園,セントラル広場,センタープロムナード,中須かすみ,桜坂しずく"
      },
      "type": "Feature"
    },
    {
      "geometry": {
        "coordinates": [
          139.785883,
          35.627051
        ],
        "type": "Point"
      },
      "properties": {
        "bangumi_id": 296659,
        "bangumi_title": "LoveLive! 虹咲学园校园偶像同好会",
        "ep_cut": "",
        "image_url": "https://w.junreimap.com/images/points/296659/4s6dzr8xl.jpg",
        "location": "第13話 (初出順)",
        "point_id": "4s6dzr8xl",
        "point_name": "あけみ橋",
        "remark": "2020.12.26 第13話「みんなの夢を叶える場所(スクールアイドルフェスティバル)」作成日2020.12.27江東区青海,江東区有明,青海地区,有明南地区,宮下愛,天王寺璃奈,青海有明南連絡線"
      },
      "type": "Feature"
    },
    {
      "geometry": {
        "coordinates": [
          139.791734,
          35.632662
        ],
        "type": "Point"
      },
      "properties": {
        "bangumi_id": 296659,
        "bangumi_title": "LoveLive! 虹咲学园校园偶像同好会",
        "ep_cut": "",
        "image_url": "https://w.junreimap.com/images/points/296659/4s6dzr8qc.jpg",
        "location": "第13話 (初出順)",
        "point_id": "4s6dzr8qc",
        "point_name": "石と光の広場",
        "remark": "2020.12.26 第13話「みんなの夢を叶える場所(スクールアイドルフェスティバル)」作成日2020.12.27江東区有明,有明南地区,シンボルプロムナード公園,イーストプロムナード,石と光の広場,高咲侑,上原歩夢"
      },
      "type": "Feature"
    },
    {
      "geometry": {
        "coordinates": [
          139.793676,
          35.629544
        ],
        "type": "Point"
      },
      "properties": {
        "bangumi_id": 296659,
        "bangumi_title": "LoveLive! 虹咲学园校园偶像同好会",
        "ep_cut": "",
        "image_url": "https://w.junreimap.com/images/points/296659/4s6dzr8us.jpg",
        "location": "第13話 (初出順)",
        "point_id": "4s6dzr8us",
        "point_name": "イベントプラザ",
        "remark": "2020.12.26 第13話「みんなの夢を叶える場所(スクールアイドルフェスティバル)」作成日2020.12.27江東区有明,有明南地区,東京ビッグサイト,会議棟,高咲侑,上原歩夢,中須かすみ,桜坂しずく,朝香果林,宮下愛,優木せつ菜,近江彼方,エマ・ヴェルデ,天王寺璃奈"
      },
      "type": "Feature"
    },
    {
      "geometry": {
        "coordinates": [
          139.775524,
          35.63503
        ],
        "type": "Point"
      },
      "properties": {
        "bangumi_id": 296659,
        "bangumi_title": "LoveLive! 虹咲学园校园偶像同好会",
        "ep_cut": "",
        "image_url": "https://w.junreimap.com/images/points/296659/4s6dzr8jo.jpg",
        "location": "第13話 (初出順)",
        "point_id": "4s6dzr8jo",
        "point_name": "海浜公園案内地図前",
        "remark": "2020.12.26 第13話「みんなの夢を叶える場所(スクールアイドルフェスティバル)」作成日2020.12.27港区台場,台場地区"
      },
      "type": "Feature"
    },
    {
      "geometry": {
        "coordinates": [
          139.569741,
          35.31808
        ],
        "type": "Point"
      },
      "properties": {
        "bangumi_id": 296659,
        "bangumi_title": "LoveLive! 虹咲学园校园偶像同好会",
        "ep_cut": "第二季10",
        "image_url": "https://w.junreimap.com/images/user/0/bangumi/296659/points/87krv1o51-1681306075162.jpg",
        "location": "",
        "point_id": "87krv1o51",
        "point_name": "旧華頂宮邸",
        "remark": "樱坂雫的家"
      },
      "type": "Feature"
    },
    {
      "geometry": {
        "coordinates": [
          120.303793,
          22.613584
        ],
        "type": "Point"
      },
      "properties": {
        "bangumi_id": 296659,
        "bangumi_title": "LoveLive! 虹咲学园校园偶像同好会",
        "ep_cut": "",
        "image_url": "https://w.junreimap.com/images/user/0/bangumi/296659/points/jlzdlxnoa-1713467048983.jpg",
        "location": "",
        "point_id": "jlzdlxnoa",
        "point_name": "高雄大遠百",
        "remark": "2期第13话"
      },
      "type": "Feature"
    },
    {
      "geometry": {
        "coordinates": [
          -122.430577,
          37.78557
        ],
        "type": "Point"
      },
      "properties": {
        "bangumi_id": 296659,
        "bangumi_title": "LoveLive! 虹咲学园校园偶像同好会",
        "ep_cut": "",
        "image_url": "https://w.junreimap.com/images/user/0/bangumi/296659/points/jmndoex61-1713519337378.jpg",
        "location": "",
        "point_id": "jmndoex61",
        "point_name": "New People",
        "remark": "2期第13话"
      },
      "type": "Feature"
    },
    {
      "geometry": {
        "coordinates": [
          106.803825,
          -6.224462
        ],
        "type": "Point"
      },
      "properties": {
        "bangumi_id": 296659,
        "bangumi_title": "LoveLive! 虹咲学园校园偶像同好会",
        "ep_cut": "",
        "image_url": "https://w.junreimap.com/images/user/0/bangumi/296659/points/jmplopj23-1713524089461.jpg",
        "location": "",
        "point_id": "jmplopj23",
        "point_name": "CGV fX Sudirman",
        "remark": "2期第13话，附近是JKT48剧场"
      },
      "type": "Feature"
    },
    {
      "geometry": {
        "coordinates": [
          103.845159,
          1.300067
        ],
        "type": "Point"
      },
      "properties": {
        "bangumi_id": 296659,
        "bangumi_title": "LoveLive! 虹咲学园校园偶像同好会",
        "ep_cut": "",
        "image_url": "https://w.junreimap.com/images/user/0/bangumi/296659/points/jmpq44h4s-1713524355668.jpg",
        "location": "",
        "point_id": "jmpq44h4s",
        "point_name": "GV Plaza",
        "remark": "2期第13话\n商场从东边进去的右手7楼，与商场旁水滴型路大约一条线\n商场从东边进去的右手7楼，与商场旁水滴型路大约一条线\n商场从东边进去的右手7楼，与商场旁水滴型路大约一条线"
      },
      "type": "Feature"
    },
    {
      "geometry": {
        "coordinates": [
          121.057247,
          14.585436
        ],
        "type": "Point"
      },
      "properties": {
        "bangumi_id": 296659,
        "bangumi_title": "LoveLive! 虹咲学园校园偶像同好会",
        "ep_cut": "",
        "image_url": "https://w.junreimap.com/images/user/0/bangumi/296659/points/jmq9ueid8-1713525772693.jpg",
        "location": "",
        "point_id": "jmq9ueid8",
        "point_name": "SM Cinema Megamall",
        "remark": "2期第13话"
      },
      "type": "Feature"
    },
    {
      "geometry": {
        "coordinates": [
          100.531491,
          13.74568
        ],
        "type": "Point"
      },
      "properties": {
        "bangumi_id": 296659,
        "bangumi_title": "LoveLive! 虹咲学园校园偶像同好会",
        "ep_cut": "",
        "image_url": "https://w.junreimap.com/images/user/0/bangumi/296659/points/jmq1htto0-1713525205616.jpg",
        "location": "",
        "point_id": "jmq1htto0",
        "point_name": "Scala Cinema",
        "remark": "2期第13话，已于2020年关闭"
      },
      "type": "Feature"
    },
    {
      "geometry": {
        "coordinates": [
          101.676106,
          3.116541
        ],
        "type": "Point"
      },
      "properties": {
        "bangumi_id": 296659,
        "bangumi_title": "LoveLive! 虹咲学园校园偶像同好会",
        "ep_cut": "",
        "image_url": "https://w.junreimap.com/images/user/0/bangumi/296659/points/jmqoe5qmq-1713526454758.jpg",
        "location": "",
        "point_id": "jmqoe5qmq",
        "point_name": "GSC Mid Valley",
        "remark": "2期第13话"
      },
      "type": "Feature"
    },
    {
      "geometry": {
        "coordinates": [
          114.161886,
          22.315749
        ],
        "type": "Point"
      },
      "properties": {
        "bangumi_id": 296659,
        "bangumi_title": "LoveLive! 虹咲学园校园偶像同好会",
        "ep_cut": "",
        "image_url": "https://w.junreimap.com/images/user/0/bangumi/296659/points/jmrnhky2h-1713528559960.jpg",
        "location": "",
        "point_id": "jmrnhky2h",
        "point_name": "the sky",
        "remark": "2期第13话"
      },
      "type": "Feature"
    },
    {
      "geometry": {
        "coordinates": [
          129.08808,
          35.230128
        ],
        "type": "Point"
      },
      "properties": {
        "bangumi_id": 296659,
        "bangumi_title": "LoveLive! 虹咲学园校园偶像同好会",
        "ep_cut": "",
        "image_url": "https://w.junreimap.com/images/user/0/bangumi/296659/points/jmrurzbjh-1713529019400.jpg",
        "location": "",
        "point_id": "jmrurzbjh",
        "point_name": "메가박스 부산대",
        "remark": "2期第13话"
      },
      "type": "Feature"
    },
    {
      "geometry": {
        "coordinates": [
          139.775981,
          35.629402
        ],
        "type": "Point"
      },
      "properties": {
        "bangumi_id": 296659,
        "bangumi_title": "LoveLive! 虹咲学园校园偶像同好会",
        "ep_cut": "",
        "image_url": "https://w.junreimap.com/images/user/0/bangumi/296659/points/nc8mxhhuh-1723988081167.jpg",
        "location": "",
        "point_id": "nc8mxhhuh",
        "point_name": "デックス東京ビーチ 4Fシーサイドテラスにあるアートスポット",
        "remark": "2020.07.29発売 「未来ハーモニー」上原歩夢は手すりに立って外を見て、優木雪菜は遠くない椅子に座っていた。"
      },
      "type": "Feature"
    },
    {
      "geometry": {
        "coordinates": [
          139.772309,
          35.627435
        ],
        "type": "Point"
      },
      "properties": {
        "bangumi_id": 296659,
        "bangumi_title": "LoveLive! 虹咲学园校园偶像同好会",
        "ep_cut": "虹咲学园偶像同好会TV第二季OP",
        "image_url": "https://w.junreimap.com/images/user/0/bangumi/296659/points/oplm1xsyj-1727856082182.jpg",
        "location": "米娅泰勒",
        "point_id": "oplm1xsyj",
        "point_name": "KUA`AINA AQUACITYお台場店",
        "remark": ""
      },
      "type": "Feature"
    },
    {
      "geometry": {
        "coordinates": [
          139.798252,
          35.643426
        ],
        "type": "Point"
      },
      "properties": {
        "bangumi_id": 296659,
        "bangumi_title": "LoveLive! 虹咲学园校园偶像同好会",
        "ep_cut": "虹咲学园偶像同好会S2-02",
        "image_url": "https://w.junreimap.com/images/user/0/bangumi/296659/points/ops98elm8-1727870514736.jpg",
        "location": "QU4RTZ",
        "point_id": "ops98elm8",
        "point_name": "東雲公園",
        "remark": "秋千没了，框架还在"
      },
      "type": "Feature"
    },
    {
      "geometry": {
        "coordinates": [
          139.791677,
          35.629716
        ],
        "type": "Point"
      },
      "properties": {
        "bangumi_id": 296659,
        "bangumi_title": "LoveLive! 虹咲学园校园偶像同好会",
        "ep_cut": "虹咲学园偶像同好会S2-OP",
        "image_url": "https://w.junreimap.com/images/user/0/bangumi/296659/points/ouzdmyorq-1728277843752.jpg",
        "location": "上原步梦",
        "point_id": "ouzdmyorq",
        "point_name": "水之廣場公園",
        "remark": ""
      },
      "type": "Feature"
    },
    {
      "geometry": {
        "coordinates": [
          139.771982,
          35.627851
        ],
        "type": "Point"
      },
      "properties": {
        "bangumi_id": 296659,
        "bangumi_title": "LoveLive! 虹咲学园校园偶像同好会",
        "ep_cut": "",
        "image_url": "https://w.junreimap.com/images/user/0/bangumi/296659/points/axby7ek-1770793688497.jpg",
        "location": "",
        "point_id": "axby7ek",
        "point_name": "自由の女神像",
        "remark": "临海线×虹咲学园偶像同好会 联动海报"
      },
      "type": "Feature"
    }
  ],
  "type": "FeatureCollection"
}