{
  "features": [
    {
      "geometry": {
        "coordinates": [
          131.403371,
          31.580479
        ],
        "type": "Point"
      },
      "properties": {
        "bangumi_id": 362577,
        "bangumi_title": "铃芽之旅",
        "ep_cut": "",
        "image_url": "https://w.junreimap.com/images/points/362577/srblt3og6_1739275427383.jpg",
        "location": "九州",
        "point_id": "srblt3og6",
        "point_name": "油津漁港",
        "remark": "远处海港的取景地，在附近的山顶可以看到相似的景色"
      },
      "type": "Feature"
    },
    {
      "geometry": {
        "coordinates": [
          131.805496,
          33.117474
        ],
        "type": "Point"
      },
      "properties": {
        "bangumi_id": 362577,
        "bangumi_title": "铃芽之旅",
        "ep_cut": "",
        "image_url": "https://w.junreimap.com/images/points/362577/ss4sdjguk_1739338944183.jpg",
        "location": "九州",
        "point_id": "ss4sdjguk",
        "point_name": "祇園踏切",
        "remark": ""
      },
      "type": "Feature"
    },
    {
      "geometry": {
        "coordinates": [
          131.877906,
          33.249733
        ],
        "type": "Point"
      },
      "properties": {
        "bangumi_id": 362577,
        "bangumi_title": "铃芽之旅",
        "ep_cut": "",
        "image_url": "https://w.junreimap.com/images/points/362577/srbp1fb67_1739275612097.jpg",
        "location": "九州",
        "point_id": "srbp1fb67",
        "point_name": "佐賀関2252",
        "remark": ""
      },
      "type": "Feature"
    },
    {
      "geometry": {
        "coordinates": [
          131.326409,
          33.193585
        ],
        "type": "Point"
      },
      "properties": {
        "bangumi_id": 362577,
        "bangumi_title": "铃芽之旅",
        "ep_cut": "",
        "image_url": "https://w.junreimap.com/images/points/362577/4uisgzj3b_1739274886193.jpg",
        "location": "九州",
        "point_id": "4uisgzj3b",
        "point_name": "湯平温泉（廃温泉街建物モデル）",
        "remark": ""
      },
      "type": "Feature"
    },
    {
      "geometry": {
        "coordinates": [
          131.325614,
          33.192402
        ],
        "type": "Point"
      },
      "properties": {
        "bangumi_id": 362577,
        "bangumi_title": "铃芽之旅",
        "ep_cut": "",
        "image_url": "https://w.junreimap.com/images/points/362577/srbbx5wrs_1739274814433.jpg",
        "location": "九州",
        "point_id": "srbbx5wrs",
        "point_name": "湯平温泉",
        "remark": ""
      },
      "type": "Feature"
    },
    {
      "geometry": {
        "coordinates": [
          131.325539,
          33.19218
        ],
        "type": "Point"
      },
      "properties": {
        "bangumi_id": 362577,
        "bangumi_title": "铃芽之旅",
        "ep_cut": "",
        "image_url": "https://w.junreimap.com/images/points/362577/srbbj6abd_1739274795206.jpg",
        "location": "九州",
        "point_id": "srbbj6abd",
        "point_name": "湯平温泉",
        "remark": ""
      },
      "type": "Feature"
    },
    {
      "geometry": {
        "coordinates": [
          130.440996,
          32.150354
        ],
        "type": "Point"
      },
      "properties": {
        "bangumi_id": 362577,
        "bangumi_title": "铃芽之旅",
        "ep_cut": "",
        "image_url": "https://w.junreimap.com/images/points/362577/srbiysejz_1739275243539.jpg",
        "location": "九州",
        "point_id": "srbiysejz",
        "point_name": "湯の鶴温泉",
        "remark": ""
      },
      "type": "Feature"
    },
    {
      "geometry": {
        "coordinates": [
          130.440822,
          32.149884
        ],
        "type": "Point"
      },
      "properties": {
        "bangumi_id": 362577,
        "bangumi_title": "铃芽之旅",
        "ep_cut": "",
        "image_url": "https://w.junreimap.com/images/points/362577/srb6eau01_1739274484178.jpg",
        "location": "九州",
        "point_id": "srb6eau01",
        "point_name": "湯ノ元",
        "remark": "桥梁取景地"
      },
      "type": "Feature"
    },
    {
      "geometry": {
        "coordinates": [
          130.440989,
          32.150053
        ],
        "type": "Point"
      },
      "properties": {
        "bangumi_id": 362577,
        "bangumi_title": "铃芽之旅",
        "ep_cut": "",
        "image_url": "https://w.junreimap.com/images/points/362577/6fc805ab_1739272525273.jpg",
        "location": "九州",
        "point_id": "6fc805ab",
        "point_name": "（参考）湯の鶴温泉",
        "remark": "ひし形穴の欄干の橋あり"
      },
      "type": "Feature"
    },
    {
      "geometry": {
        "coordinates": [
          131.158316,
          33.281342
        ],
        "type": "Point"
      },
      "properties": {
        "bangumi_id": 362577,
        "bangumi_title": "铃芽之旅",
        "ep_cut": "",
        "image_url": "https://w.junreimap.com/images/points/362577/sraloozng_1739273230880.jpg",
        "location": "九州",
        "point_id": "sraloozng",
        "point_name": "旧豊後森機関庫",
        "remark": ""
      },
      "type": "Feature"
    },
    {
      "geometry": {
        "coordinates": [
          131.158164,
          33.281266
        ],
        "type": "Point"
      },
      "properties": {
        "bangumi_id": 362577,
        "bangumi_title": "铃芽之旅",
        "ep_cut": "",
        "image_url": "https://w.junreimap.com/images/points/362577/srank0qkd_1739273342969.jpg",
        "location": "九州",
        "point_id": "srank0qkd",
        "point_name": "旧豊後森機関庫",
        "remark": ""
      },
      "type": "Feature"
    },
    {
      "geometry": {
        "coordinates": [
          131.864532,
          33.251429
        ],
        "type": "Point"
      },
      "properties": {
        "bangumi_id": 362577,
        "bangumi_title": "铃芽之旅",
        "ep_cut": "",
        "image_url": "https://w.junreimap.com/images/points/362577/sratypduf_1739273735503.jpg",
        "location": "九州",
        "point_id": "sratypduf",
        "point_name": "佐賀関港",
        "remark": ""
      },
      "type": "Feature"
    },
    {
      "geometry": {
        "coordinates": [
          131.864583,
          33.251494
        ],
        "type": "Point"
      },
      "properties": {
        "bangumi_id": 362577,
        "bangumi_title": "铃芽之旅",
        "ep_cut": "",
        "image_url": "https://w.junreimap.com/images/points/362577/4uisgzjia.jpg",
        "location": "九州",
        "point_id": "4uisgzjia",
        "point_name": "佐賀関の港",
        "remark": ""
      },
      "type": "Feature"
    },
    {
      "geometry": {
        "coordinates": [
          131.876965,
          33.245934
        ],
        "type": "Point"
      },
      "properties": {
        "bangumi_id": 362577,
        "bangumi_title": "铃芽之旅",
        "ep_cut": "",
        "image_url": "https://w.junreimap.com/images/points/362577/ss4qtxis6_1739338858540.jpg",
        "location": "九州",
        "point_id": "ss4qtxis6",
        "point_name": "JFおおいた佐賀関支店",
        "remark": ""
      },
      "type": "Feature"
    },
    {
      "geometry": {
        "coordinates": [
          131.87583,
          33.24803
        ],
        "type": "Point"
      },
      "properties": {
        "bangumi_id": 362577,
        "bangumi_title": "铃芽之旅",
        "ep_cut": "",
        "image_url": "https://w.junreimap.com/images/points/362577/3319fc49_1739275870036.jpg",
        "location": "九州",
        "point_id": "3319fc49",
        "point_name": "関あじ関さば通り",
        "remark": "建物のモデルはここら辺っぽいです"
      },
      "type": "Feature"
    },
    {
      "geometry": {
        "coordinates": [
          131.864479,
          33.251361
        ],
        "type": "Point"
      },
      "properties": {
        "bangumi_id": 362577,
        "bangumi_title": "铃芽之旅",
        "ep_cut": "",
        "image_url": "https://w.junreimap.com/images/points/362577/srawj7xos_1739273886005.jpg",
        "location": "九州",
        "point_id": "srawj7xos",
        "point_name": "佐賀関港",
        "remark": ""
      },
      "type": "Feature"
    },
    {
      "geometry": {
        "coordinates": [
          131.877452,
          33.24477
        ],
        "type": "Point"
      },
      "properties": {
        "bangumi_id": 362577,
        "bangumi_title": "铃芽之旅",
        "ep_cut": "",
        "image_url": "https://w.junreimap.com/images/points/362577/srahp1eol_1739272986313.jpg",
        "location": "九州",
        "point_id": "srahp1eol",
        "point_name": "佐賀関漁港",
        "remark": ""
      },
      "type": "Feature"
    },
    {
      "geometry": {
        "coordinates": [
          131.810243,
          33.126565
        ],
        "type": "Point"
      },
      "properties": {
        "bangumi_id": 362577,
        "bangumi_title": "铃芽之旅",
        "ep_cut": "",
        "image_url": "https://w.junreimap.com/images/points/362577/srb2jzy44_1739274252216.jpg",
        "location": "九州",
        "point_id": "srb2jzy44",
        "point_name": "臼杵港",
        "remark": ""
      },
      "type": "Feature"
    },
    {
      "geometry": {
        "coordinates": [
          131.810364,
          33.126548
        ],
        "type": "Point"
      },
      "properties": {
        "bangumi_id": 362577,
        "bangumi_title": "铃芽之旅",
        "ep_cut": "",
        "image_url": "https://w.junreimap.com/images/points/362577/srb39eiyz_1739274290675.jpg",
        "location": "九州",
        "point_id": "srb39eiyz",
        "point_name": "臼杵港",
        "remark": ""
      },
      "type": "Feature"
    },
    {
      "geometry": {
        "coordinates": [
          131.810472,
          33.126534
        ],
        "type": "Point"
      },
      "properties": {
        "bangumi_id": 362577,
        "bangumi_title": "铃芽之旅",
        "ep_cut": "",
        "image_url": "https://w.junreimap.com/images/points/362577/4uisgzj1k_1739274360050.jpg",
        "location": "九州",
        "point_id": "4uisgzj1k",
        "point_name": "臼杵港（九四オレンジフェリー乗船港）",
        "remark": ""
      },
      "type": "Feature"
    },
    {
      "geometry": {
        "coordinates": [
          132.415748,
          33.467858
        ],
        "type": "Point"
      },
      "properties": {
        "bangumi_id": 362577,
        "bangumi_title": "铃芽之旅",
        "ep_cut": "",
        "image_url": "https://w.junreimap.com/images/points/362577/srbxrnpiu_1739276138267.jpg",
        "location": "中四国",
        "point_id": "srbxrnpiu",
        "point_name": "八幡浜港",
        "remark": "从山上俯瞰港口"
      },
      "type": "Feature"
    },
    {
      "geometry": {
        "coordinates": [
          132.417007,
          33.457504
        ],
        "type": "Point"
      },
      "properties": {
        "bangumi_id": 362577,
        "bangumi_title": "铃芽之旅",
        "ep_cut": "",
        "image_url": "https://w.junreimap.com/images/points/362577/srbyvxjow_1739276207096.jpg",
        "location": "中四国",
        "point_id": "srbyvxjow",
        "point_name": "八幡浜港",
        "remark": ""
      },
      "type": "Feature"
    },
    {
      "geometry": {
        "coordinates": [
          132.418557,
          33.4575
        ],
        "type": "Point"
      },
      "properties": {
        "bangumi_id": 362577,
        "bangumi_title": "铃芽之旅",
        "ep_cut": "",
        "image_url": "https://w.junreimap.com/images/points/362577/srbvaczq3_1739275995257.jpg",
        "location": "中四国",
        "point_id": "srbvaczq3",
        "point_name": "八幡浜港",
        "remark": "背景的白色楼房为八幡浜港フェリーターミナル，已于2022年4月被拆除"
      },
      "type": "Feature"
    },
    {
      "geometry": {
        "coordinates": [
          132.418803,
          33.4575
        ],
        "type": "Point"
      },
      "properties": {
        "bangumi_id": 362577,
        "bangumi_title": "铃芽之旅",
        "ep_cut": "",
        "image_url": "https://w.junreimap.com/images/points/362577/src0kdu6f_1739276331094.jpg",
        "location": "中四国",
        "point_id": "src0kdu6f",
        "point_name": "八幡浜港",
        "remark": ""
      },
      "type": "Feature"
    },
    {
      "geometry": {
        "coordinates": [
          132.435927,
          33.458204
        ],
        "type": "Point"
      },
      "properties": {
        "bangumi_id": 362577,
        "bangumi_title": "铃芽之旅",
        "ep_cut": "",
        "image_url": "https://w.junreimap.com/images/points/362577/srcafxedv_1739276900895.jpg",
        "location": "中四国",
        "point_id": "srcafxedv",
        "point_name": "八幡浜駅",
        "remark": ""
      },
      "type": "Feature"
    },
    {
      "geometry": {
        "coordinates": [
          132.43592,
          33.457942
        ],
        "type": "Point"
      },
      "properties": {
        "bangumi_id": 362577,
        "bangumi_title": "铃芽之旅",
        "ep_cut": "",
        "image_url": "https://w.junreimap.com/images/points/362577/srcauxszr_1739276929480.jpg",
        "location": "中四国",
        "point_id": "srcauxszr",
        "point_name": "JR予讃線車内",
        "remark": ""
      },
      "type": "Feature"
    },
    {
      "geometry": {
        "coordinates": [
          132.435842,
          33.457887
        ],
        "type": "Point"
      },
      "properties": {
        "bangumi_id": 362577,
        "bangumi_title": "铃芽之旅",
        "ep_cut": "",
        "image_url": "https://w.junreimap.com/images/points/362577/srd5vcynk_1739278802590.jpg",
        "location": "中四国",
        "point_id": "srd5vcynk",
        "point_name": "JR予讃線車内",
        "remark": ""
      },
      "type": "Feature"
    },
    {
      "geometry": {
        "coordinates": [
          132.418758,
          33.457493
        ],
        "type": "Point"
      },
      "properties": {
        "bangumi_id": 362577,
        "bangumi_title": "铃芽之旅",
        "ep_cut": "",
        "image_url": "https://w.junreimap.com/images/points/362577/src1gvdk0_1739276359851.jpg",
        "location": "中四国",
        "point_id": "src1gvdk0",
        "point_name": "八幡浜港",
        "remark": ""
      },
      "type": "Feature"
    },
    {
      "geometry": {
        "coordinates": [
          132.43597,
          33.458156
        ],
        "type": "Point"
      },
      "properties": {
        "bangumi_id": 362577,
        "bangumi_title": "铃芽之旅",
        "ep_cut": "",
        "image_url": "https://w.junreimap.com/images/points/362577/srcbfz8rk_1739276961632.jpg",
        "location": "中四国",
        "point_id": "srcbfz8rk",
        "point_name": "八幡浜駅",
        "remark": ""
      },
      "type": "Feature"
    },
    {
      "geometry": {
        "coordinates": [
          132.418782,
          33.457487
        ],
        "type": "Point"
      },
      "properties": {
        "bangumi_id": 362577,
        "bangumi_title": "铃芽之旅",
        "ep_cut": "",
        "image_url": "https://w.junreimap.com/images/points/362577/src1tc3tg_1739276380258.jpg",
        "location": "中四国",
        "point_id": "src1tc3tg",
        "point_name": "八幡浜港",
        "remark": ""
      },
      "type": "Feature"
    },
    {
      "geometry": {
        "coordinates": [
          132.435965,
          33.458136
        ],
        "type": "Point"
      },
      "properties": {
        "bangumi_id": 362577,
        "bangumi_title": "铃芽之旅",
        "ep_cut": "",
        "image_url": "https://w.junreimap.com/images/points/362577/srcc4lzot_1739277003279.jpg",
        "location": "中四国",
        "point_id": "srcc4lzot",
        "point_name": "八幡浜駅",
        "remark": ""
      },
      "type": "Feature"
    },
    {
      "geometry": {
        "coordinates": [
          132.418819,
          33.457487
        ],
        "type": "Point"
      },
      "properties": {
        "bangumi_id": 362577,
        "bangumi_title": "铃芽之旅",
        "ep_cut": "",
        "image_url": "https://w.junreimap.com/images/points/362577/src1zg17s_1739276391798.jpg",
        "location": "中四国",
        "point_id": "src1zg17s",
        "point_name": "八幡浜港",
        "remark": ""
      },
      "type": "Feature"
    },
    {
      "geometry": {
        "coordinates": [
          132.435954,
          33.458118
        ],
        "type": "Point"
      },
      "properties": {
        "bangumi_id": 362577,
        "bangumi_title": "铃芽之旅",
        "ep_cut": "",
        "image_url": "https://w.junreimap.com/images/points/362577/srccrqh8x_1739277044600.jpg",
        "location": "中四国",
        "point_id": "srccrqh8x",
        "point_name": "八幡浜駅",
        "remark": ""
      },
      "type": "Feature"
    },
    {
      "geometry": {
        "coordinates": [
          132.435865,
          33.457904
        ],
        "type": "Point"
      },
      "properties": {
        "bangumi_id": 362577,
        "bangumi_title": "铃芽之旅",
        "ep_cut": "",
        "image_url": "https://w.junreimap.com/images/points/362577/srd6qy1k9_1739278854707.jpg",
        "location": "中四国",
        "point_id": "srd6qy1k9",
        "point_name": "JR予讃線車内",
        "remark": ""
      },
      "type": "Feature"
    },
    {
      "geometry": {
        "coordinates": [
          132.43584,
          33.45791
        ],
        "type": "Point"
      },
      "properties": {
        "bangumi_id": 362577,
        "bangumi_title": "铃芽之旅",
        "ep_cut": "",
        "image_url": "https://w.junreimap.com/images/points/362577/srd70lonq_1739278876313.jpg",
        "location": "中四国",
        "point_id": "srd70lonq",
        "point_name": "JR予讃線車内",
        "remark": ""
      },
      "type": "Feature"
    },
    {
      "geometry": {
        "coordinates": [
          132.418844,
          33.457493
        ],
        "type": "Point"
      },
      "properties": {
        "bangumi_id": 362577,
        "bangumi_title": "铃芽之旅",
        "ep_cut": "",
        "image_url": "https://w.junreimap.com/images/points/362577/src2cb5rl_1739276412495.jpg",
        "location": "中四国",
        "point_id": "src2cb5rl",
        "point_name": "八幡浜港",
        "remark": ""
      },
      "type": "Feature"
    },
    {
      "geometry": {
        "coordinates": [
          132.544791,
          33.518538
        ],
        "type": "Point"
      },
      "properties": {
        "bangumi_id": 362577,
        "bangumi_title": "铃芽之旅",
        "ep_cut": "",
        "image_url": "https://w.junreimap.com/images/points/362577/srd28rvq1_1739278582244.jpg",
        "location": "中四国",
        "point_id": "srd28rvq1",
        "point_name": "伊予大洲駅",
        "remark": ""
      },
      "type": "Feature"
    },
    {
      "geometry": {
        "coordinates": [
          132.544758,
          33.518462
        ],
        "type": "Point"
      },
      "properties": {
        "bangumi_id": 362577,
        "bangumi_title": "铃芽之旅",
        "ep_cut": "",
        "image_url": "https://w.junreimap.com/images/points/362577/ss4nngwr0_1739338651842.jpg",
        "location": "中四国",
        "point_id": "ss4nngwr0",
        "point_name": "伊予大洲駅",
        "remark": ""
      },
      "type": "Feature"
    },
    {
      "geometry": {
        "coordinates": [
          132.589629,
          33.655453
        ],
        "type": "Point"
      },
      "properties": {
        "bangumi_id": 362577,
        "bangumi_title": "铃芽之旅",
        "ep_cut": "",
        "image_url": "https://w.junreimap.com/images/points/362577/src7o79h0_1739276737545.jpg",
        "location": "中四国",
        "point_id": "src7o79h0",
        "point_name": "下灘駅",
        "remark": ""
      },
      "type": "Feature"
    },
    {
      "geometry": {
        "coordinates": [
          132.589245,
          33.655175
        ],
        "type": "Point"
      },
      "properties": {
        "bangumi_id": 362577,
        "bangumi_title": "铃芽之旅",
        "ep_cut": "",
        "image_url": "https://w.junreimap.com/images/points/362577/4uisgzjwg.jpg",
        "location": "中四国",
        "point_id": "4uisgzjwg",
        "point_name": "下灘駅",
        "remark": "ダイジンがSNSに投稿されているシーンで登場"
      },
      "type": "Feature"
    },
    {
      "geometry": {
        "coordinates": [
          132.435822,
          33.457875
        ],
        "type": "Point"
      },
      "properties": {
        "bangumi_id": 362577,
        "bangumi_title": "铃芽之旅",
        "ep_cut": "",
        "image_url": "https://w.junreimap.com/images/points/362577/srd7u0mb5_1739278921324.jpg",
        "location": "中四国",
        "point_id": "srd7u0mb5",
        "point_name": "JR予讃線車内",
        "remark": ""
      },
      "type": "Feature"
    },
    {
      "geometry": {
        "coordinates": [
          132.418635,
          33.457501
        ],
        "type": "Point"
      },
      "properties": {
        "bangumi_id": 362577,
        "bangumi_title": "铃芽之旅",
        "ep_cut": "",
        "image_url": "https://w.junreimap.com/images/points/362577/src2lvodg_1739276428550.jpg",
        "location": "中四国",
        "point_id": "src2lvodg",
        "point_name": "八幡浜港",
        "remark": ""
      },
      "type": "Feature"
    },
    {
      "geometry": {
        "coordinates": [
          132.436013,
          33.458199
        ],
        "type": "Point"
      },
      "properties": {
        "bangumi_id": 362577,
        "bangumi_title": "铃芽之旅",
        "ep_cut": "",
        "image_url": "https://w.junreimap.com/images/points/362577/srce1i98z_1739277119260.jpg",
        "location": "中四国",
        "point_id": "srce1i98z",
        "point_name": "八幡浜駅",
        "remark": ""
      },
      "type": "Feature"
    },
    {
      "geometry": {
        "coordinates": [
          132.435977,
          33.458239
        ],
        "type": "Point"
      },
      "properties": {
        "bangumi_id": 362577,
        "bangumi_title": "铃芽之旅",
        "ep_cut": "",
        "image_url": "https://w.junreimap.com/images/points/362577/srceo0h5h_1739277159118.jpg",
        "location": "中四国",
        "point_id": "srceo0h5h",
        "point_name": "八幡浜駅",
        "remark": ""
      },
      "type": "Feature"
    },
    {
      "geometry": {
        "coordinates": [
          132.436032,
          33.458092
        ],
        "type": "Point"
      },
      "properties": {
        "bangumi_id": 362577,
        "bangumi_title": "铃芽之旅",
        "ep_cut": "",
        "image_url": "https://w.junreimap.com/images/points/362577/srcfca5fk_1739277197926.jpg",
        "location": "中四国",
        "point_id": "srcfca5fk",
        "point_name": "八幡浜駅",
        "remark": ""
      },
      "type": "Feature"
    },
    {
      "geometry": {
        "coordinates": [
          132.435994,
          33.458029
        ],
        "type": "Point"
      },
      "properties": {
        "bangumi_id": 362577,
        "bangumi_title": "铃芽之旅",
        "ep_cut": "",
        "image_url": "https://w.junreimap.com/images/points/362577/srcg34z2s_1739277242113.jpg",
        "location": "中四国",
        "point_id": "srcg34z2s",
        "point_name": "八幡浜駅",
        "remark": ""
      },
      "type": "Feature"
    },
    {
      "geometry": {
        "coordinates": [
          132.524589,
          33.506956
        ],
        "type": "Point"
      },
      "properties": {
        "bangumi_id": 362577,
        "bangumi_title": "铃芽之旅",
        "ep_cut": "",
        "image_url": "https://w.junreimap.com/images/points/362577/srde62gj8_1739279305701.jpg",
        "location": "中四国",
        "point_id": "srde62gj8",
        "point_name": "JR予讃線車内",
        "remark": ""
      },
      "type": "Feature"
    },
    {
      "geometry": {
        "coordinates": [
          132.524709,
          33.506995
        ],
        "type": "Point"
      },
      "properties": {
        "bangumi_id": 362577,
        "bangumi_title": "铃芽之旅",
        "ep_cut": "",
        "image_url": "https://w.junreimap.com/images/points/362577/srdes4x4t_1739279342654.jpg",
        "location": "中四国",
        "point_id": "srdes4x4t",
        "point_name": "JR予讃線車内",
        "remark": ""
      },
      "type": "Feature"
    },
    {
      "geometry": {
        "coordinates": [
          132.418692,
          33.4575
        ],
        "type": "Point"
      },
      "properties": {
        "bangumi_id": 362577,
        "bangumi_title": "铃芽之旅",
        "ep_cut": "",
        "image_url": "https://w.junreimap.com/images/points/362577/src3usr9w_1739276506251.jpg",
        "location": "中四国",
        "point_id": "src3usr9w",
        "point_name": "八幡浜港",
        "remark": ""
      },
      "type": "Feature"
    },
    {
      "geometry": {
        "coordinates": [
          132.538987,
          33.516651
        ],
        "type": "Point"
      },
      "properties": {
        "bangumi_id": 362577,
        "bangumi_title": "铃芽之旅",
        "ep_cut": "",
        "image_url": "https://w.junreimap.com/images/points/362577/ss4k8u5b0_1739338464156.jpg",
        "location": "中四国",
        "point_id": "ss4k8u5b0",
        "point_name": "大洲城遠景",
        "remark": ""
      },
      "type": "Feature"
    },
    {
      "geometry": {
        "coordinates": [
          133.392799,
          33.955666
        ],
        "type": "Point"
      },
      "properties": {
        "bangumi_id": 362577,
        "bangumi_title": "铃芽之旅",
        "ep_cut": "",
        "image_url": "https://w.junreimap.com/images/points/362577/srcvugs6x_1739278198835.jpg",
        "location": "中四国",
        "point_id": "srcvugs6x",
        "point_name": "関川駅",
        "remark": ""
      },
      "type": "Feature"
    },
    {
      "geometry": {
        "coordinates": [
          133.392749,
          33.955752
        ],
        "type": "Point"
      },
      "properties": {
        "bangumi_id": 362577,
        "bangumi_title": "铃芽之旅",
        "ep_cut": "",
        "image_url": "https://w.junreimap.com/images/points/362577/4uisgzk0j_1724954342326_cblack.jpg",
        "location": "中四国",
        "point_id": "4uisgzk0j",
        "point_name": "関川駅",
        "remark": ""
      },
      "type": "Feature"
    },
    {
      "geometry": {
        "coordinates": [
          133.09882,
          33.88797
        ],
        "type": "Point"
      },
      "properties": {
        "bangumi_id": 362577,
        "bangumi_title": "铃芽之旅",
        "ep_cut": "",
        "image_url": "https://w.junreimap.com/images/points/362577/srcyd861b_1739278351883.jpg",
        "location": "中四国",
        "point_id": "srcyd861b",
        "point_name": "大谷池",
        "remark": ""
      },
      "type": "Feature"
    },
    {
      "geometry": {
        "coordinates": [
          133.098882,
          33.88823
        ],
        "type": "Point"
      },
      "properties": {
        "bangumi_id": 362577,
        "bangumi_title": "铃芽之旅",
        "ep_cut": "",
        "image_url": "https://w.junreimap.com/images/points/362577/srcz0r06x_1739278397431.jpg",
        "location": "中四国",
        "point_id": "srcz0r06x",
        "point_name": "大谷池",
        "remark": ""
      },
      "type": "Feature"
    },
    {
      "geometry": {
        "coordinates": [
          133.098678,
          33.888588
        ],
        "type": "Point"
      },
      "properties": {
        "bangumi_id": 362577,
        "bangumi_title": "铃芽之旅",
        "ep_cut": "",
        "image_url": "https://w.junreimap.com/images/points/362577/srczn1ym3_1739278425203.jpg",
        "location": "中四国",
        "point_id": "srczn1ym3",
        "point_name": "大谷池",
        "remark": ""
      },
      "type": "Feature"
    },
    {
      "geometry": {
        "coordinates": [
          133.098564,
          33.88868
        ],
        "type": "Point"
      },
      "properties": {
        "bangumi_id": 362577,
        "bangumi_title": "铃芽之旅",
        "ep_cut": "",
        "image_url": "https://w.junreimap.com/images/points/362577/srd07yqm6_1739278460919.jpg",
        "location": "中四国",
        "point_id": "srd07yqm6",
        "point_name": "大谷池",
        "remark": ""
      },
      "type": "Feature"
    },
    {
      "geometry": {
        "coordinates": [
          133.098959,
          33.888573
        ],
        "type": "Point"
      },
      "properties": {
        "bangumi_id": 362577,
        "bangumi_title": "铃芽之旅",
        "ep_cut": "",
        "image_url": "https://w.junreimap.com/images/points/362577/4uisgzkaq.jpg",
        "location": "中四国",
        "point_id": "4uisgzkaq",
        "point_name": "（候補）陸橋が見えるポイント",
        "remark": ""
      },
      "type": "Feature"
    },
    {
      "geometry": {
        "coordinates": [
          131.878606,
          33.244963
        ],
        "type": "Point"
      },
      "properties": {
        "bangumi_id": 362577,
        "bangumi_title": "铃芽之旅",
        "ep_cut": "",
        "image_url": "https://w.junreimap.com/images/points/362577/srahanz34_1739272964573.jpg",
        "location": "九州",
        "point_id": "srahanz34",
        "point_name": "佐賀関漁港",
        "remark": ""
      },
      "type": "Feature"
    },
    {
      "geometry": {
        "coordinates": [
          131.42189,
          33.541321
        ],
        "type": "Point"
      },
      "properties": {
        "bangumi_id": 362577,
        "bangumi_title": "铃芽之旅",
        "ep_cut": "",
        "image_url": "https://w.junreimap.com/images/points/362577/srai53wyk_1739273026064.jpg",
        "location": "九州",
        "point_id": "srai53wyk",
        "point_name": "横田バス停",
        "remark": ""
      },
      "type": "Feature"
    },
    {
      "geometry": {
        "coordinates": [
          131.421804,
          33.541342
        ],
        "type": "Point"
      },
      "properties": {
        "bangumi_id": 362577,
        "bangumi_title": "铃芽之旅",
        "ep_cut": "",
        "image_url": "https://w.junreimap.com/images/points/362577/sraj89w7l_1739273080883.jpg",
        "location": "九州",
        "point_id": "sraj89w7l",
        "point_name": "横田バス停",
        "remark": "铃芽在四国躲雨的公交站，现实中可能取景地位于九州大分县"
      },
      "type": "Feature"
    },
    {
      "geometry": {
        "coordinates": [
          131.421906,
          33.541358
        ],
        "type": "Point"
      },
      "properties": {
        "bangumi_id": 362577,
        "bangumi_title": "铃芽之旅",
        "ep_cut": "",
        "image_url": "https://w.junreimap.com/images/points/362577/sr8vujtgd_1739269503775.jpg",
        "location": "九州",
        "point_id": "sr8vujtgd",
        "point_name": "横田バス停",
        "remark": ""
      },
      "type": "Feature"
    },
    {
      "geometry": {
        "coordinates": [
          131.421889,
          33.54143
        ],
        "type": "Point"
      },
      "properties": {
        "bangumi_id": 362577,
        "bangumi_title": "铃芽之旅",
        "ep_cut": "",
        "image_url": "https://w.junreimap.com/images/points/362577/srajg3v5e_1739273094160.jpg",
        "location": "九州",
        "point_id": "srajg3v5e",
        "point_name": "横田バス停",
        "remark": ""
      },
      "type": "Feature"
    },
    {
      "geometry": {
        "coordinates": [
          133.66293,
          34.006538
        ],
        "type": "Point"
      },
      "properties": {
        "bangumi_id": 362577,
        "bangumi_title": "铃芽之旅",
        "ep_cut": "",
        "image_url": "https://w.junreimap.com/images/points/362577/srdkmk2it_1739279696803.jpg",
        "location": "中四国",
        "point_id": "srdkmk2it",
        "point_name": "新境目トンネル入口",
        "remark": ""
      },
      "type": "Feature"
    },
    {
      "geometry": {
        "coordinates": [
          133.86473,
          34.034615
        ],
        "type": "Point"
      },
      "properties": {
        "bangumi_id": 362577,
        "bangumi_title": "铃芽之旅",
        "ep_cut": "",
        "image_url": "https://w.junreimap.com/images/points/362577/srdikql6m_1739279571879.jpg",
        "location": "中四国",
        "point_id": "srdikql6m",
        "point_name": "JR土讃線 吉野川橋梁",
        "remark": ""
      },
      "type": "Feature"
    },
    {
      "geometry": {
        "coordinates": [
          133.8633,
          34.035097
        ],
        "type": "Point"
      },
      "properties": {
        "bangumi_id": 362577,
        "bangumi_title": "铃芽之旅",
        "ep_cut": "",
        "image_url": "https://w.junreimap.com/images/points/362577/4uisgzk8s.jpg",
        "location": "中四国",
        "point_id": "4uisgzk8s",
        "point_name": "JR土讃線　吉野川橋梁",
        "remark": ""
      },
      "type": "Feature"
    },
    {
      "geometry": {
        "coordinates": [
          135.01236,
          34.606851
        ],
        "type": "Point"
      },
      "properties": {
        "bangumi_id": 362577,
        "bangumi_title": "铃芽之旅",
        "ep_cut": "",
        "image_url": "https://w.junreimap.com/images/points/362577/srdtdxxuf_1739280230910.jpg",
        "location": "関西",
        "point_id": "srdtdxxuf",
        "point_name": "明石海峡大橋",
        "remark": ""
      },
      "type": "Feature"
    },
    {
      "geometry": {
        "coordinates": [
          135.021307,
          34.617325
        ],
        "type": "Point"
      },
      "properties": {
        "bangumi_id": 362577,
        "bangumi_title": "铃芽之旅",
        "ep_cut": "",
        "image_url": "https://w.junreimap.com/images/points/362577/srdv1h0if_1739280323867.jpg",
        "location": "関西",
        "point_id": "srdv1h0if",
        "point_name": "明石海峡大橋",
        "remark": "在桥南的淡路服务区上可以看到相似的大桥全景"
      },
      "type": "Feature"
    },
    {
      "geometry": {
        "coordinates": [
          135.132306,
          34.646372
        ],
        "type": "Point"
      },
      "properties": {
        "bangumi_id": 362577,
        "bangumi_title": "铃芽之旅",
        "ep_cut": "",
        "image_url": "https://w.junreimap.com/images/points/362577/srdy81xxc_1739280516211.jpg",
        "location": "関西",
        "point_id": "srdy81xxc",
        "point_name": "須磨若宮橋",
        "remark": "航拍画面，在附近的高层建筑上可以看到相似的景色"
      },
      "type": "Feature"
    },
    {
      "geometry": {
        "coordinates": [
          135.135612,
          34.648273
        ],
        "type": "Point"
      },
      "properties": {
        "bangumi_id": 362577,
        "bangumi_title": "铃芽之旅",
        "ep_cut": "",
        "image_url": "https://w.junreimap.com/images/points/362577/sre1ge50u_1739280720835.jpg",
        "location": "関西",
        "point_id": "sre1ge50u",
        "point_name": "マクドナルド ２号線須磨店",
        "remark": ""
      },
      "type": "Feature"
    },
    {
      "geometry": {
        "coordinates": [
          135.135425,
          34.648223
        ],
        "type": "Point"
      },
      "properties": {
        "bangumi_id": 362577,
        "bangumi_title": "铃芽之旅",
        "ep_cut": "",
        "image_url": "https://w.junreimap.com/images/points/362577/sre2ywohk_1739280804127.jpg",
        "location": "関西",
        "point_id": "sre2ywohk",
        "point_name": "マクドナルド ２号線須磨店",
        "remark": ""
      },
      "type": "Feature"
    },
    {
      "geometry": {
        "coordinates": [
          135.135768,
          34.648352
        ],
        "type": "Point"
      },
      "properties": {
        "bangumi_id": 362577,
        "bangumi_title": "铃芽之旅",
        "ep_cut": "",
        "image_url": "https://w.junreimap.com/images/points/362577/sre33lp6k_1739280811056.jpg",
        "location": "関西",
        "point_id": "sre33lp6k",
        "point_name": "マクドナルド ２号線須磨店",
        "remark": "现实中不存在远处的游乐园"
      },
      "type": "Feature"
    },
    {
      "geometry": {
        "coordinates": [
          135.135878,
          34.648417
        ],
        "type": "Point"
      },
      "properties": {
        "bangumi_id": 362577,
        "bangumi_title": "铃芽之旅",
        "ep_cut": "",
        "image_url": "https://w.junreimap.com/images/points/362577/sre51j5mw_1739280928781.jpg",
        "location": "関西",
        "point_id": "sre51j5mw",
        "point_name": "マクドナルド ２号線須磨店",
        "remark": "现实中不存在远处的游乐园"
      },
      "type": "Feature"
    },
    {
      "geometry": {
        "coordinates": [
          135.135358,
          34.648146
        ],
        "type": "Point"
      },
      "properties": {
        "bangumi_id": 362577,
        "bangumi_title": "铃芽之旅",
        "ep_cut": "",
        "image_url": "https://w.junreimap.com/images/points/362577/sre4orsyo_1739280908153.jpg",
        "location": "関西",
        "point_id": "sre4orsyo",
        "point_name": "マクドナルド ２号線須磨店",
        "remark": ""
      },
      "type": "Feature"
    },
    {
      "geometry": {
        "coordinates": [
          135.196242,
          34.698065
        ],
        "type": "Point"
      },
      "properties": {
        "bangumi_id": 362577,
        "bangumi_title": "铃芽之旅",
        "ep_cut": "",
        "image_url": "https://w.junreimap.com/images/points/362577/sre7s1e7v_1739281100982.jpg",
        "location": "関西",
        "point_id": "sre7s1e7v",
        "point_name": "二宮筋商店街",
        "remark": ""
      },
      "type": "Feature"
    },
    {
      "geometry": {
        "coordinates": [
          135.195642,
          34.697269
        ],
        "type": "Point"
      },
      "properties": {
        "bangumi_id": 362577,
        "bangumi_title": "铃芽之旅",
        "ep_cut": "",
        "image_url": "https://w.junreimap.com/images/points/362577/sre8s76k6_1739281156361.jpg",
        "location": "関西",
        "point_id": "sre8s76k6",
        "point_name": "二宮筋商店街",
        "remark": ""
      },
      "type": "Feature"
    },
    {
      "geometry": {
        "coordinates": [
          135.195645,
          34.69728
        ],
        "type": "Point"
      },
      "properties": {
        "bangumi_id": 362577,
        "bangumi_title": "铃芽之旅",
        "ep_cut": "",
        "image_url": "https://w.junreimap.com/images/points/362577/sreambvph_1739281265674.jpg",
        "location": "関西",
        "point_id": "sreambvph",
        "point_name": "二宮筋商店街",
        "remark": ""
      },
      "type": "Feature"
    },
    {
      "geometry": {
        "coordinates": [
          135.195666,
          34.697256
        ],
        "type": "Point"
      },
      "properties": {
        "bangumi_id": 362577,
        "bangumi_title": "铃芽之旅",
        "ep_cut": "",
        "image_url": "https://w.junreimap.com/images/points/362577/4uisgzjs1.jpg",
        "location": "関西",
        "point_id": "4uisgzjs1",
        "point_name": "二宮商店街",
        "remark": ""
      },
      "type": "Feature"
    },
    {
      "geometry": {
        "coordinates": [
          131.877165,
          33.245716
        ],
        "type": "Point"
      },
      "properties": {
        "bangumi_id": 362577,
        "bangumi_title": "铃芽之旅",
        "ep_cut": "",
        "image_url": "https://w.junreimap.com/images/points/362577/sragjjaoj_1739272920507.jpg",
        "location": "九州",
        "point_id": "sragjjaoj",
        "point_name": "JFおおいた佐賀関支店",
        "remark": ""
      },
      "type": "Feature"
    },
    {
      "geometry": {
        "coordinates": [
          131.877375,
          33.245747
        ],
        "type": "Point"
      },
      "properties": {
        "bangumi_id": 362577,
        "bangumi_title": "铃芽之旅",
        "ep_cut": "",
        "image_url": "https://w.junreimap.com/images/points/362577/sragxpqoc_1739272941538.jpg",
        "location": "九州",
        "point_id": "sragxpqoc",
        "point_name": "JFおおいた佐賀関支店",
        "remark": ""
      },
      "type": "Feature"
    },
    {
      "geometry": {
        "coordinates": [
          131.876871,
          33.245389
        ],
        "type": "Point"
      },
      "properties": {
        "bangumi_id": 362577,
        "bangumi_title": "铃芽之旅",
        "ep_cut": "",
        "image_url": "https://w.junreimap.com/images/points/362577/4uisgzja7.jpg",
        "location": "九州",
        "point_id": "4uisgzja7",
        "point_name": "JFおおいた佐賀関支店",
        "remark": ""
      },
      "type": "Feature"
    },
    {
      "geometry": {
        "coordinates": [
          135.195555,
          34.697257
        ],
        "type": "Point"
      },
      "properties": {
        "bangumi_id": 362577,
        "bangumi_title": "铃芽之旅",
        "ep_cut": "",
        "image_url": "https://w.junreimap.com/images/points/362577/srebb31oh_1739281306893.jpg",
        "location": "関西",
        "point_id": "srebb31oh",
        "point_name": "二宮筋商店街",
        "remark": ""
      },
      "type": "Feature"
    },
    {
      "geometry": {
        "coordinates": [
          135.195667,
          34.697302
        ],
        "type": "Point"
      },
      "properties": {
        "bangumi_id": 362577,
        "bangumi_title": "铃芽之旅",
        "ep_cut": "",
        "image_url": "https://w.junreimap.com/images/points/362577/srebphl3v_1739281333943.jpg",
        "location": "関西",
        "point_id": "srebphl3v",
        "point_name": "二宮筋商店街",
        "remark": ""
      },
      "type": "Feature"
    },
    {
      "geometry": {
        "coordinates": [
          135.195609,
          34.697303
        ],
        "type": "Point"
      },
      "properties": {
        "bangumi_id": 362577,
        "bangumi_title": "铃芽之旅",
        "ep_cut": "",
        "image_url": "https://w.junreimap.com/images/points/362577/srebzi8b7_1739281348389.jpg",
        "location": "関西",
        "point_id": "srebzi8b7",
        "point_name": "二宮筋商店街",
        "remark": ""
      },
      "type": "Feature"
    },
    {
      "geometry": {
        "coordinates": [
          135.195565,
          34.697314
        ],
        "type": "Point"
      },
      "properties": {
        "bangumi_id": 362577,
        "bangumi_title": "铃芽之旅",
        "ep_cut": "",
        "image_url": "https://w.junreimap.com/images/points/362577/srec6tfn9_1739281363087.jpg",
        "location": "関西",
        "point_id": "srec6tfn9",
        "point_name": "二宮筋商店街",
        "remark": ""
      },
      "type": "Feature"
    },
    {
      "geometry": {
        "coordinates": [
          135.163949,
          34.68316
        ],
        "type": "Point"
      },
      "properties": {
        "bangumi_id": 362577,
        "bangumi_title": "铃芽之旅",
        "ep_cut": "",
        "image_url": "https://w.junreimap.com/images/points/362577/sregnqraa_1739281634473.jpg",
        "location": "関西",
        "point_id": "sregnqraa",
        "point_name": "東山商店街広場",
        "remark": ""
      },
      "type": "Feature"
    },
    {
      "geometry": {
        "coordinates": [
          135.163877,
          34.683096
        ],
        "type": "Point"
      },
      "properties": {
        "bangumi_id": 362577,
        "bangumi_title": "铃芽之旅",
        "ep_cut": "",
        "image_url": "https://w.junreimap.com/images/points/362577/4uisgzkat.jpg",
        "location": "関西",
        "point_id": "4uisgzkat",
        "point_name": "東山商店街",
        "remark": ""
      },
      "type": "Feature"
    },
    {
      "geometry": {
        "coordinates": [
          135.163983,
          34.68322
        ],
        "type": "Point"
      },
      "properties": {
        "bangumi_id": 362577,
        "bangumi_title": "铃芽之旅",
        "ep_cut": "",
        "image_url": "https://w.junreimap.com/images/points/362577/srehfu5ef_1739281677874.jpg",
        "location": "関西",
        "point_id": "srehfu5ef",
        "point_name": "東山商店街広場",
        "remark": ""
      },
      "type": "Feature"
    },
    {
      "geometry": {
        "coordinates": [
          135.163967,
          34.68319
        ],
        "type": "Point"
      },
      "properties": {
        "bangumi_id": 362577,
        "bangumi_title": "铃芽之旅",
        "ep_cut": "",
        "image_url": "https://w.junreimap.com/images/points/362577/srehzyifp_1739281711461.jpg",
        "location": "関西",
        "point_id": "srehzyifp",
        "point_name": "東山商店街広場",
        "remark": ""
      },
      "type": "Feature"
    },
    {
      "geometry": {
        "coordinates": [
          135.163988,
          34.683169
        ],
        "type": "Point"
      },
      "properties": {
        "bangumi_id": 362577,
        "bangumi_title": "铃芽之旅",
        "ep_cut": "",
        "image_url": "https://w.junreimap.com/images/points/362577/sreicbkv0_1739281733506.jpg",
        "location": "関西",
        "point_id": "sreicbkv0",
        "point_name": "東山商店街広場",
        "remark": ""
      },
      "type": "Feature"
    },
    {
      "geometry": {
        "coordinates": [
          135.196259,
          34.698033
        ],
        "type": "Point"
      },
      "properties": {
        "bangumi_id": 362577,
        "bangumi_title": "铃芽之旅",
        "ep_cut": "",
        "image_url": "https://w.junreimap.com/images/points/362577/srecobq7i_1739281391149.jpg",
        "location": "関西",
        "point_id": "srecobq7i",
        "point_name": "二宮筋商店街",
        "remark": ""
      },
      "type": "Feature"
    },
    {
      "geometry": {
        "coordinates": [
          133.79676,
          34.443355
        ],
        "type": "Point"
      },
      "properties": {
        "bangumi_id": 362577,
        "bangumi_title": "铃芽之旅",
        "ep_cut": "",
        "image_url": "https://w.junreimap.com/images/points/362577/srdm9zf9b_1739279798289.jpg",
        "location": "中四国",
        "point_id": "srdm9zf9b",
        "point_name": "鷲羽山ハイランド すずめの道",
        "remark": ""
      },
      "type": "Feature"
    },
    {
      "geometry": {
        "coordinates": [
          133.800453,
          34.442137
        ],
        "type": "Point"
      },
      "properties": {
        "bangumi_id": 362577,
        "bangumi_title": "铃芽之旅",
        "ep_cut": "",
        "image_url": "https://w.junreimap.com/images/points/362577/4uisgzj0r_1724954327624_cblack.jpg",
        "location": "中四国",
        "point_id": "4uisgzj0r",
        "point_name": "鷲羽山付近",
        "remark": ""
      },
      "type": "Feature"
    },
    {
      "geometry": {
        "coordinates": [
          133.79667,
          34.443272
        ],
        "type": "Point"
      },
      "properties": {
        "bangumi_id": 362577,
        "bangumi_title": "铃芽之旅",
        "ep_cut": "",
        "image_url": "https://w.junreimap.com/images/points/362577/4uisgzjzm_1724954332667_cblack.jpg",
        "location": "中四国",
        "point_id": "4uisgzjzm",
        "point_name": "鷲羽山",
        "remark": ""
      },
      "type": "Feature"
    },
    {
      "geometry": {
        "coordinates": [
          135.191719,
          34.849552
        ],
        "type": "Point"
      },
      "properties": {
        "bangumi_id": 362577,
        "bangumi_title": "铃芽之旅",
        "ep_cut": "",
        "image_url": "https://w.junreimap.com/images/points/362577/srelxuw0h_1739281954517.jpg",
        "location": "関西",
        "point_id": "srelxuw0h",
        "point_name": "神戸おとぎの国",
        "remark": ""
      },
      "type": "Feature"
    },
    {
      "geometry": {
        "coordinates": [
          135.191913,
          34.849846
        ],
        "type": "Point"
      },
      "properties": {
        "bangumi_id": 362577,
        "bangumi_title": "铃芽之旅",
        "ep_cut": "",
        "image_url": "https://w.junreimap.com/images/points/362577/sremj6s7n_1739281990739.jpg",
        "location": "関西",
        "point_id": "sremj6s7n",
        "point_name": "神戸おとぎの国",
        "remark": ""
      },
      "type": "Feature"
    },
    {
      "geometry": {
        "coordinates": [
          135.1918,
          34.849735
        ],
        "type": "Point"
      },
      "properties": {
        "bangumi_id": 362577,
        "bangumi_title": "铃芽之旅",
        "ep_cut": "",
        "image_url": "https://w.junreimap.com/images/points/362577/sren5vdc2_1739282024764.jpg",
        "location": "関西",
        "point_id": "sren5vdc2",
        "point_name": "神戸おとぎの国",
        "remark": ""
      },
      "type": "Feature"
    },
    {
      "geometry": {
        "coordinates": [
          135.191926,
          34.849748
        ],
        "type": "Point"
      },
      "properties": {
        "bangumi_id": 362577,
        "bangumi_title": "铃芽之旅",
        "ep_cut": "",
        "image_url": "https://w.junreimap.com/images/points/362577/srenfkzrv_1739282039670.jpg",
        "location": "関西",
        "point_id": "srenfkzrv",
        "point_name": "神戸おとぎの国",
        "remark": ""
      },
      "type": "Feature"
    },
    {
      "geometry": {
        "coordinates": [
          135.191772,
          34.849647
        ],
        "type": "Point"
      },
      "properties": {
        "bangumi_id": 362577,
        "bangumi_title": "铃芽之旅",
        "ep_cut": "",
        "image_url": "https://w.junreimap.com/images/points/362577/srennx8md_1739282055109.jpg",
        "location": "関西",
        "point_id": "srennx8md",
        "point_name": "神戸おとぎの国",
        "remark": ""
      },
      "type": "Feature"
    },
    {
      "geometry": {
        "coordinates": [
          135.191864,
          34.849934
        ],
        "type": "Point"
      },
      "properties": {
        "bangumi_id": 362577,
        "bangumi_title": "铃芽之旅",
        "ep_cut": "",
        "image_url": "https://w.junreimap.com/images/points/362577/4uisgzken.jpg",
        "location": "関西",
        "point_id": "4uisgzken",
        "point_name": "神戸おとぎの国",
        "remark": ""
      },
      "type": "Feature"
    },
    {
      "geometry": {
        "coordinates": [
          135.166686,
          34.678631
        ],
        "type": "Point"
      },
      "properties": {
        "bangumi_id": 362577,
        "bangumi_title": "铃芽之旅",
        "ep_cut": "",
        "image_url": "https://w.junreimap.com/images/points/362577/sref0v5of_1739281531572.jpg",
        "location": "関西",
        "point_id": "sref0v5of",
        "point_name": "湊川公园西口",
        "remark": "现实中不存在远处的游乐园"
      },
      "type": "Feature"
    },
    {
      "geometry": {
        "coordinates": [
          135.237148,
          34.751836
        ],
        "type": "Point"
      },
      "properties": {
        "bangumi_id": 362577,
        "bangumi_title": "铃芽之旅",
        "ep_cut": "",
        "image_url": "https://w.junreimap.com/images/points/362577/srf1ww6ui_1739282925509.jpg",
        "location": "関西",
        "point_id": "srf1ww6ui",
        "point_name": "神戸夜景",
        "remark": ""
      },
      "type": "Feature"
    },
    {
      "geometry": {
        "coordinates": [
          135.237583,
          34.751895
        ],
        "type": "Point"
      },
      "properties": {
        "bangumi_id": 362577,
        "bangumi_title": "铃芽之旅",
        "ep_cut": "",
        "image_url": "https://w.junreimap.com/images/points/362577/srf2pno3g_1739282965589.jpg",
        "location": "関西",
        "point_id": "srf2pno3g",
        "point_name": "神戸夜景",
        "remark": ""
      },
      "type": "Feature"
    },
    {
      "geometry": {
        "coordinates": [
          135.237349,
          34.751855
        ],
        "type": "Point"
      },
      "properties": {
        "bangumi_id": 362577,
        "bangumi_title": "铃芽之旅",
        "ep_cut": "",
        "image_url": "https://w.junreimap.com/images/points/362577/srf2tkksg_1739282970120.jpg",
        "location": "関西",
        "point_id": "srf2tkksg",
        "point_name": "神戸夜景",
        "remark": ""
      },
      "type": "Feature"
    },
    {
      "geometry": {
        "coordinates": [
          135.206269,
          34.734577
        ],
        "type": "Point"
      },
      "properties": {
        "bangumi_id": 362577,
        "bangumi_title": "铃芽之旅",
        "ep_cut": "",
        "image_url": "https://w.junreimap.com/images/points/362577/sressi02y_1739282404070.jpg",
        "location": "関西",
        "point_id": "sressi02y",
        "point_name": "奥摩耶遊園地跡",
        "remark": "昭和年代建设的小公园，现仅存遗址。一说是游乐园废墟的位置取景地。"
      },
      "type": "Feature"
    },
    {
      "geometry": {
        "coordinates": [
          135.195658,
          34.697234
        ],
        "type": "Point"
      },
      "properties": {
        "bangumi_id": 362577,
        "bangumi_title": "铃芽之旅",
        "ep_cut": "",
        "image_url": "https://w.junreimap.com/images/points/362577/sred1jsxo_1739281413271.jpg",
        "location": "関西",
        "point_id": "sred1jsxo",
        "point_name": "二宮筋商店街",
        "remark": ""
      },
      "type": "Feature"
    },
    {
      "geometry": {
        "coordinates": [
          135.19707,
          34.703498
        ],
        "type": "Point"
      },
      "properties": {
        "bangumi_id": 362577,
        "bangumi_title": "铃芽之旅",
        "ep_cut": "",
        "image_url": "https://w.junreimap.com/images/points/362577/b6b0046e_1739270007038.jpg",
        "location": "関西",
        "point_id": "b6b0046e",
        "point_name": "日本基督教団 神戸聖愛教会",
        "remark": "ルミさんの車で新神戸駅へ向かう途中の車窓に映る教会"
      },
      "type": "Feature"
    },
    {
      "geometry": {
        "coordinates": [
          135.195771,
          34.70631
        ],
        "type": "Point"
      },
      "properties": {
        "bangumi_id": 362577,
        "bangumi_title": "铃芽之旅",
        "ep_cut": "",
        "image_url": "https://w.junreimap.com/images/points/362577/srf5skrxv_1739283150513.jpg",
        "location": "関西",
        "point_id": "srf5skrxv",
        "point_name": "新神戸駅",
        "remark": ""
      },
      "type": "Feature"
    },
    {
      "geometry": {
        "coordinates": [
          135.195746,
          34.706296
        ],
        "type": "Point"
      },
      "properties": {
        "bangumi_id": 362577,
        "bangumi_title": "铃芽之旅",
        "ep_cut": "",
        "image_url": "https://w.junreimap.com/images/points/362577/srf4q0e4z_1739283086447.jpg",
        "location": "関西",
        "point_id": "srf4q0e4z",
        "point_name": "新神戸駅",
        "remark": ""
      },
      "type": "Feature"
    },
    {
      "geometry": {
        "coordinates": [
          135.195702,
          34.706271
        ],
        "type": "Point"
      },
      "properties": {
        "bangumi_id": 362577,
        "bangumi_title": "铃芽之旅",
        "ep_cut": "",
        "image_url": "https://w.junreimap.com/images/points/362577/srf61hg7t_1739283164763.jpg",
        "location": "関西",
        "point_id": "srf61hg7t",
        "point_name": "新神戸駅",
        "remark": ""
      },
      "type": "Feature"
    },
    {
      "geometry": {
        "coordinates": [
          135.195946,
          34.706476
        ],
        "type": "Point"
      },
      "properties": {
        "bangumi_id": 362577,
        "bangumi_title": "铃芽之旅",
        "ep_cut": "",
        "image_url": "https://w.junreimap.com/images/points/362577/srf850qko_1739283291687.jpg",
        "location": "関西",
        "point_id": "srf850qko",
        "point_name": "新神戸駅",
        "remark": ""
      },
      "type": "Feature"
    },
    {
      "geometry": {
        "coordinates": [
          135.195922,
          34.706542
        ],
        "type": "Point"
      },
      "properties": {
        "bangumi_id": 362577,
        "bangumi_title": "铃芽之旅",
        "ep_cut": "",
        "image_url": "https://w.junreimap.com/images/points/362577/srf7swob7_1739283271919.jpg",
        "location": "関西",
        "point_id": "srf7swob7",
        "point_name": "新神戸駅",
        "remark": ""
      },
      "type": "Feature"
    },
    {
      "geometry": {
        "coordinates": [
          139.746141,
          35.658466
        ],
        "type": "Point"
      },
      "properties": {
        "bangumi_id": 362577,
        "bangumi_title": "铃芽之旅",
        "ep_cut": "",
        "image_url": "https://w.junreimap.com/images/points/362577/srjlyce9a_1739292841345.jpg",
        "location": "関東",
        "point_id": "srjlyce9a",
        "point_name": "東京タワー",
        "remark": "在东京塔的东北角仰视"
      },
      "type": "Feature"
    },
    {
      "geometry": {
        "coordinates": [
          139.796334,
          35.710989
        ],
        "type": "Point"
      },
      "properties": {
        "bangumi_id": 362577,
        "bangumi_title": "铃芽之旅",
        "ep_cut": "",
        "image_url": "https://w.junreimap.com/images/points/362577/4uisgzjv1_1724954365310_cblack.jpg",
        "location": "関東",
        "point_id": "4uisgzjv1",
        "point_name": "浅草寺 雷門前",
        "remark": "ダイジンがSNSに投稿されているシーンで登場"
      },
      "type": "Feature"
    },
    {
      "geometry": {
        "coordinates": [
          135.195911,
          34.70666
        ],
        "type": "Point"
      },
      "properties": {
        "bangumi_id": 362577,
        "bangumi_title": "铃芽之旅",
        "ep_cut": "",
        "image_url": "https://w.junreimap.com/images/points/362577/srf8002nm_1739283283034.jpg",
        "location": "関西",
        "point_id": "srf8002nm",
        "point_name": "新神戸駅",
        "remark": "绿色的新干线售票机器"
      },
      "type": "Feature"
    },
    {
      "geometry": {
        "coordinates": [
          136.840793,
          35.216106
        ],
        "type": "Point"
      },
      "properties": {
        "bangumi_id": 362577,
        "bangumi_title": "铃芽之旅",
        "ep_cut": "",
        "image_url": "https://w.junreimap.com/images/points/362577/srgksdybx_1739286239954.jpg",
        "location": "東海",
        "point_id": "srgksdybx",
        "point_name": "清州公園",
        "remark": "在清州公园的河岸边远眺清州城"
      },
      "type": "Feature"
    },
    {
      "geometry": {
        "coordinates": [
          136.840874,
          35.216183
        ],
        "type": "Point"
      },
      "properties": {
        "bangumi_id": 362577,
        "bangumi_title": "铃芽之旅",
        "ep_cut": "",
        "image_url": "https://w.junreimap.com/images/points/362577/4uisgzk6t.jpg",
        "location": "東海",
        "point_id": "4uisgzk6t",
        "point_name": "清州城遠景",
        "remark": ""
      },
      "type": "Feature"
    },
    {
      "geometry": {
        "coordinates": [
          138.631104,
          35.138107
        ],
        "type": "Point"
      },
      "properties": {
        "bangumi_id": 362577,
        "bangumi_title": "铃芽之旅",
        "ep_cut": "",
        "image_url": "https://w.junreimap.com/images/points/362577/srgmemntf_1739286332034.jpg",
        "location": "東海",
        "point_id": "srgmemntf",
        "point_name": "東海道新幹線 富士川橋梁",
        "remark": "在南侧的新富士川桥上可以看到新干线和富士山同框的画面"
      },
      "type": "Feature"
    },
    {
      "geometry": {
        "coordinates": [
          139.137451,
          35.223865
        ],
        "type": "Point"
      },
      "properties": {
        "bangumi_id": 362577,
        "bangumi_title": "铃芽之旅",
        "ep_cut": "",
        "image_url": "https://w.junreimap.com/images/user/0/bangumi/362577/points/njtc3y56c-1724581697943.jpg",
        "location": "東海",
        "point_id": "njtc3y56c",
        "point_name": "石橋橋梁",
        "remark": "石桥桥梁西侧\n东海道新干线N700S系与185系特急舞女并行的画面\n"
      },
      "type": "Feature"
    },
    {
      "geometry": {
        "coordinates": [
          139.314713,
          35.349849
        ],
        "type": "Point"
      },
      "properties": {
        "bangumi_id": 362577,
        "bangumi_title": "铃芽之旅",
        "ep_cut": "",
        "image_url": "https://w.junreimap.com/images/points/362577/srgp1xz9v_1739286494669.jpg",
        "location": "東海",
        "point_id": "srgp1xz9v",
        "point_name": "入野",
        "remark": "铁道西北侧的农田，下方的河川，远处的富士山"
      },
      "type": "Feature"
    },
    {
      "geometry": {
        "coordinates": [
          139.725578,
          35.608933
        ],
        "type": "Point"
      },
      "properties": {
        "bangumi_id": 362577,
        "bangumi_title": "铃芽之旅",
        "ep_cut": "",
        "image_url": "https://w.junreimap.com/images/points/362577/srh0futln_1739287186622.jpg",
        "location": "関東",
        "point_id": "srh0futln",
        "point_name": "品川",
        "remark": "画面正中为东海道新干线铁道，右侧是JR东日本东京综合车辆中心，远处可以看到东京塔"
      },
      "type": "Feature"
    },
    {
      "geometry": {
        "coordinates": [
          139.765369,
          35.679588
        ],
        "type": "Point"
      },
      "properties": {
        "bangumi_id": 362577,
        "bangumi_title": "铃芽之旅",
        "ep_cut": "",
        "image_url": "https://w.junreimap.com/images/points/362577/srgq9f1gz_1739286583687.jpg",
        "location": "関東",
        "point_id": "srgq9f1gz",
        "point_name": "東京駅",
        "remark": "在丸之内南口外的KITTE丸の内6楼的花园可以俯瞰东京站"
      },
      "type": "Feature"
    },
    {
      "geometry": {
        "coordinates": [
          139.767535,
          35.680178
        ],
        "type": "Point"
      },
      "properties": {
        "bangumi_id": 362577,
        "bangumi_title": "铃芽之旅",
        "ep_cut": "",
        "image_url": "https://w.junreimap.com/images/points/362577/srh6j5hhd_1739287551268.jpg",
        "location": "関東",
        "point_id": "srh6j5hhd",
        "point_name": "東京駅 東海道新幹線南のりかえ口",
        "remark": ""
      },
      "type": "Feature"
    },
    {
      "geometry": {
        "coordinates": [
          139.766175,
          35.68054
        ],
        "type": "Point"
      },
      "properties": {
        "bangumi_id": 362577,
        "bangumi_title": "铃芽之旅",
        "ep_cut": "",
        "image_url": "https://w.junreimap.com/images/points/362577/srh9agr1d_1739287718649.jpg",
        "location": "関東",
        "point_id": "srh9agr1d",
        "point_name": "東京駅 1·2号線エスカレーター",
        "remark": ""
      },
      "type": "Feature"
    },
    {
      "geometry": {
        "coordinates": [
          139.766153,
          35.680711
        ],
        "type": "Point"
      },
      "properties": {
        "bangumi_id": 362577,
        "bangumi_title": "铃芽之旅",
        "ep_cut": "",
        "image_url": "https://w.junreimap.com/images/points/362577/srhb90pox_1739287836434.jpg",
        "location": "関東",
        "point_id": "srhb90pox",
        "point_name": "東京駅 1·2号線ホーム",
        "remark": ""
      },
      "type": "Feature"
    },
    {
      "geometry": {
        "coordinates": [
          139.771617,
          35.69451
        ],
        "type": "Point"
      },
      "properties": {
        "bangumi_id": 362577,
        "bangumi_title": "铃芽之旅",
        "ep_cut": "",
        "image_url": "https://w.junreimap.com/images/points/362577/sri4smz53_1739289638334.jpg",
        "location": "関東",
        "point_id": "sri4smz53",
        "point_name": "JR中央線車内",
        "remark": ""
      },
      "type": "Feature"
    },
    {
      "geometry": {
        "coordinates": [
          139.766008,
          35.699398
        ],
        "type": "Point"
      },
      "properties": {
        "bangumi_id": 362577,
        "bangumi_title": "铃芽之旅",
        "ep_cut": "",
        "image_url": "https://w.junreimap.com/images/points/362577/srhwlo2v1_1739289124545.jpg",
        "location": "関東",
        "point_id": "srhwlo2v1",
        "point_name": "御茶ノ水駅 ホーム",
        "remark": ""
      },
      "type": "Feature"
    },
    {
      "geometry": {
        "coordinates": [
          139.766153,
          35.699359
        ],
        "type": "Point"
      },
      "properties": {
        "bangumi_id": 362577,
        "bangumi_title": "铃芽之旅",
        "ep_cut": "",
        "image_url": "https://w.junreimap.com/images/points/362577/srhv3njcc_1739289034849.jpg",
        "location": "関東",
        "point_id": "srhv3njcc",
        "point_name": "御茶ノ水駅 ホーム",
        "remark": "圣桥下东侧"
      },
      "type": "Feature"
    },
    {
      "geometry": {
        "coordinates": [
          139.76608,
          35.699376
        ],
        "type": "Point"
      },
      "properties": {
        "bangumi_id": 362577,
        "bangumi_title": "铃芽之旅",
        "ep_cut": "",
        "image_url": "https://w.junreimap.com/images/points/362577/srhwz7cxm_1739289151583.jpg",
        "location": "関東",
        "point_id": "srhwz7cxm",
        "point_name": "御茶ノ水駅 ホーム",
        "remark": ""
      },
      "type": "Feature"
    },
    {
      "geometry": {
        "coordinates": [
          139.757676,
          35.70282
        ],
        "type": "Point"
      },
      "properties": {
        "bangumi_id": 362577,
        "bangumi_title": "铃芽之旅",
        "ep_cut": "",
        "image_url": "https://w.junreimap.com/images/points/362577/srih49wj8_1739290370248.jpg",
        "location": "関東",
        "point_id": "srih49wj8",
        "point_name": "昭和第一高等学校横の坂道",
        "remark": ""
      },
      "type": "Feature"
    },
    {
      "geometry": {
        "coordinates": [
          139.757678,
          35.702702
        ],
        "type": "Point"
      },
      "properties": {
        "bangumi_id": 362577,
        "bangumi_title": "铃芽之旅",
        "ep_cut": "",
        "image_url": "https://w.junreimap.com/images/points/362577/4uisgzjqt.jpg",
        "location": "関東",
        "point_id": "4uisgzjqt",
        "point_name": "昭和第一高等学校横の坂道",
        "remark": ""
      },
      "type": "Feature"
    },
    {
      "geometry": {
        "coordinates": [
          139.755582,
          35.704942
        ],
        "type": "Point"
      },
      "properties": {
        "bangumi_id": 362577,
        "bangumi_title": "铃芽之旅",
        "ep_cut": "",
        "image_url": "https://w.junreimap.com/images/points/362577/srkemfrt6_1739294571893.jpg",
        "location": "関東",
        "point_id": "srkemfrt6",
        "point_name": "ローソン\n本郷​一丁目​店",
        "remark": "疑似取景地"
      },
      "type": "Feature"
    },
    {
      "geometry": {
        "coordinates": [
          139.757134,
          35.704183
        ],
        "type": "Point"
      },
      "properties": {
        "bangumi_id": 362577,
        "bangumi_title": "铃芽之旅",
        "ep_cut": "",
        "image_url": "https://w.junreimap.com/images/points/362577/srii8c2fv_1739290434297.jpg",
        "location": "関東",
        "point_id": "srii8c2fv",
        "point_name": "昭和第一高等学校横の坂道",
        "remark": "此处可以找到和原片中一样的栅栏，但由于侧面楼房遮挡，实际上看不到远处的高楼"
      },
      "type": "Feature"
    },
    {
      "geometry": {
        "coordinates": [
          139.757588,
          35.703178
        ],
        "type": "Point"
      },
      "properties": {
        "bangumi_id": 362577,
        "bangumi_title": "铃芽之旅",
        "ep_cut": "",
        "image_url": "https://w.junreimap.com/images/points/362577/srikdgb3e_1739290565725.jpg",
        "location": "関東",
        "point_id": "srikdgb3e",
        "point_name": "昭和第一高等学校横の坂道",
        "remark": ""
      },
      "type": "Feature"
    },
    {
      "geometry": {
        "coordinates": [
          139.757655,
          35.702944
        ],
        "type": "Point"
      },
      "properties": {
        "bangumi_id": 362577,
        "bangumi_title": "铃芽之旅",
        "ep_cut": "",
        "image_url": "https://w.junreimap.com/images/points/362577/srimgv4gn_1739290691025.jpg",
        "location": "関東",
        "point_id": "srimgv4gn",
        "point_name": "昭和第一高等学校横の坂道",
        "remark": ""
      },
      "type": "Feature"
    },
    {
      "geometry": {
        "coordinates": [
          139.757638,
          35.703042
        ],
        "type": "Point"
      },
      "properties": {
        "bangumi_id": 362577,
        "bangumi_title": "铃芽之旅",
        "ep_cut": "",
        "image_url": "https://w.junreimap.com/images/points/362577/srimvc1mc_1739290717154.jpg",
        "location": "関東",
        "point_id": "srimvc1mc",
        "point_name": "昭和第一高等学校横の坂道",
        "remark": ""
      },
      "type": "Feature"
    },
    {
      "geometry": {
        "coordinates": [
          139.763878,
          35.700607
        ],
        "type": "Point"
      },
      "properties": {
        "bangumi_id": 362577,
        "bangumi_title": "铃芽之旅",
        "ep_cut": "",
        "image_url": "https://w.junreimap.com/images/points/362577/srka7fnby_1739294305479.jpg",
        "location": "関東",
        "point_id": "srka7fnby",
        "point_name": "御茶ノ水交差点",
        "remark": ""
      },
      "type": "Feature"
    },
    {
      "geometry": {
        "coordinates": [
          139.76216,
          35.701863
        ],
        "type": "Point"
      },
      "properties": {
        "bangumi_id": 362577,
        "bangumi_title": "铃芽之旅",
        "ep_cut": "",
        "image_url": "https://w.junreimap.com/images/points/362577/ss57cve91_1739339846176.jpg",
        "location": "関東",
        "point_id": "ss57cve91",
        "point_name": "順天堂前交差点",
        "remark": ""
      },
      "type": "Feature"
    },
    {
      "geometry": {
        "coordinates": [
          139.757924,
          35.701983
        ],
        "type": "Point"
      },
      "properties": {
        "bangumi_id": 362577,
        "bangumi_title": "铃芽之旅",
        "ep_cut": "",
        "image_url": "https://w.junreimap.com/images/points/362577/srio9nuca_1739290799075.jpg",
        "location": "関東",
        "point_id": "srio9nuca",
        "point_name": "文京区立元町公園",
        "remark": "街道左侧的行道树被移除"
      },
      "type": "Feature"
    },
    {
      "geometry": {
        "coordinates": [
          139.762053,
          35.701382
        ],
        "type": "Point"
      },
      "properties": {
        "bangumi_id": 362577,
        "bangumi_title": "铃芽之旅",
        "ep_cut": "",
        "image_url": "https://w.junreimap.com/images/points/362577/sripbp5ph_1739290866881.jpg",
        "location": "関東",
        "point_id": "sripbp5ph",
        "point_name": "神田川",
        "remark": ""
      },
      "type": "Feature"
    },
    {
      "geometry": {
        "coordinates": [
          139.760741,
          35.702004
        ],
        "type": "Point"
      },
      "properties": {
        "bangumi_id": 362577,
        "bangumi_title": "铃芽之旅",
        "ep_cut": "",
        "image_url": "https://w.junreimap.com/images/points/362577/ss582rrh0_1739339891244.jpg",
        "location": "関東",
        "point_id": "ss582rrh0",
        "point_name": "順天堂大学前",
        "remark": ""
      },
      "type": "Feature"
    },
    {
      "geometry": {
        "coordinates": [
          139.765055,
          35.700298
        ],
        "type": "Point"
      },
      "properties": {
        "bangumi_id": 362577,
        "bangumi_title": "铃芽之旅",
        "ep_cut": "",
        "image_url": "https://w.junreimap.com/images/points/362577/sric6v673_1739290078462.jpg",
        "location": "関東",
        "point_id": "sric6v673",
        "point_name": "聖橋",
        "remark": ""
      },
      "type": "Feature"
    },
    {
      "geometry": {
        "coordinates": [
          139.76561,
          35.699725
        ],
        "type": "Point"
      },
      "properties": {
        "bangumi_id": 362577,
        "bangumi_title": "铃芽之旅",
        "ep_cut": "",
        "image_url": "https://w.junreimap.com/images/points/362577/sri7z6cws_1739289865875.jpg",
        "location": "関東",
        "point_id": "sri7z6cws",
        "point_name": "聖橋",
        "remark": ""
      },
      "type": "Feature"
    },
    {
      "geometry": {
        "coordinates": [
          139.766365,
          35.699495
        ],
        "type": "Point"
      },
      "properties": {
        "bangumi_id": 362577,
        "bangumi_title": "铃芽之旅",
        "ep_cut": "",
        "image_url": "https://w.junreimap.com/images/user/0/bangumi/362577/points/sri9hp0q1-1756302636261.jpg",
        "location": "関東",
        "point_id": "sri9hp0q1",
        "point_name": "東京メトロ丸ノ内線",
        "remark": ""
      },
      "type": "Feature"
    },
    {
      "geometry": {
        "coordinates": [
          139.763901,
          35.700442
        ],
        "type": "Point"
      },
      "properties": {
        "bangumi_id": 362577,
        "bangumi_title": "铃芽之旅",
        "ep_cut": "",
        "image_url": "https://w.junreimap.com/images/points/362577/ss58ocu9w_1739339931251.jpg",
        "location": "関東",
        "point_id": "ss58ocu9w",
        "point_name": "お茶の水交差点",
        "remark": ""
      },
      "type": "Feature"
    },
    {
      "geometry": {
        "coordinates": [
          139.765608,
          35.699768
        ],
        "type": "Point"
      },
      "properties": {
        "bangumi_id": 362577,
        "bangumi_title": "铃芽之旅",
        "ep_cut": "",
        "image_url": "https://w.junreimap.com/images/points/362577/srid8zpt3_1739290134615.jpg",
        "location": "関東",
        "point_id": "srid8zpt3",
        "point_name": "聖橋",
        "remark": ""
      },
      "type": "Feature"
    },
    {
      "geometry": {
        "coordinates": [
          139.76458,
          35.700013
        ],
        "type": "Point"
      },
      "properties": {
        "bangumi_id": 362577,
        "bangumi_title": "铃芽之旅",
        "ep_cut": "",
        "image_url": "https://w.junreimap.com/images/points/362577/srjnb2ore_1739292926013.jpg",
        "location": "関東",
        "point_id": "srjnb2ore",
        "point_name": "御茶ノ水",
        "remark": "红色建筑群为东京医科齿科大学病院，远处绿色穹顶是东京复活大圣堂，左侧的高楼是御茶之水SolaCity"
      },
      "type": "Feature"
    },
    {
      "geometry": {
        "coordinates": [
          139.765428,
          35.699747
        ],
        "type": "Point"
      },
      "properties": {
        "bangumi_id": 362577,
        "bangumi_title": "铃芽之旅",
        "ep_cut": "",
        "image_url": "https://w.junreimap.com/images/points/362577/4uisgzk5j.jpg",
        "location": "関東",
        "point_id": "4uisgzk5j",
        "point_name": "聖橋",
        "remark": ""
      },
      "type": "Feature"
    },
    {
      "geometry": {
        "coordinates": [
          139.765241,
          35.700035
        ],
        "type": "Point"
      },
      "properties": {
        "bangumi_id": 362577,
        "bangumi_title": "铃芽之旅",
        "ep_cut": "",
        "image_url": "https://w.junreimap.com/images/points/362577/sribh4y42_1739290029960.jpg",
        "location": "関東",
        "point_id": "sribh4y42",
        "point_name": "聖橋",
        "remark": ""
      },
      "type": "Feature"
    },
    {
      "geometry": {
        "coordinates": [
          139.765917,
          35.699655
        ],
        "type": "Point"
      },
      "properties": {
        "bangumi_id": 362577,
        "bangumi_title": "铃芽之旅",
        "ep_cut": "",
        "image_url": "https://w.junreimap.com/images/points/362577/sridzap2g_1739290178922.jpg",
        "location": "関東",
        "point_id": "sridzap2g",
        "point_name": "聖橋",
        "remark": ""
      },
      "type": "Feature"
    },
    {
      "geometry": {
        "coordinates": [
          139.772925,
          35.699588
        ],
        "type": "Point"
      },
      "properties": {
        "bangumi_id": 362577,
        "bangumi_title": "铃芽之旅",
        "ep_cut": "",
        "image_url": "https://w.junreimap.com/images/points/362577/ss59sn15f_1739339990737.jpg",
        "location": "関東",
        "point_id": "ss59sn15f",
        "point_name": "秋葉原駅西口",
        "remark": "路口往西视角，远处红色的BIC CAMERA招牌可以对应上"
      },
      "type": "Feature"
    },
    {
      "geometry": {
        "coordinates": [
          139.729739,
          35.687323
        ],
        "type": "Point"
      },
      "properties": {
        "bangumi_id": 362577,
        "bangumi_title": "铃芽之旅",
        "ep_cut": "",
        "image_url": "https://w.junreimap.com/images/points/362577/srjjlsyet_1739292694006.jpg",
        "location": "関東",
        "point_id": "srjjlsyet",
        "point_name": "コモレ四谷",
        "remark": "前景的大楼是四谷塔，远处是法政大学"
      },
      "type": "Feature"
    },
    {
      "geometry": {
        "coordinates": [
          139.775274,
          35.630203
        ],
        "type": "Point"
      },
      "properties": {
        "bangumi_id": 362577,
        "bangumi_title": "铃芽之旅",
        "ep_cut": "",
        "image_url": "https://w.junreimap.com/images/points/362577/srixpynuo_1739291369156.jpg",
        "location": "関東",
        "point_id": "srixpynuo",
        "point_name": "お台場海浜公園",
        "remark": "右侧是品川地标彩虹桥"
      },
      "type": "Feature"
    },
    {
      "geometry": {
        "coordinates": [
          139.856652,
          35.691021
        ],
        "type": "Point"
      },
      "properties": {
        "bangumi_id": 362577,
        "bangumi_title": "铃芽之旅",
        "ep_cut": "",
        "image_url": "https://w.junreimap.com/images/points/362577/srjq1vtce_1739293085264.jpg",
        "location": "関東",
        "point_id": "srjq1vtce",
        "point_name": "墨田",
        "remark": "从江户川区远眺墨田区。下方左侧为都营新宿线铁道桥，右侧为船堀桥，远处可以看到晴空塔"
      },
      "type": "Feature"
    },
    {
      "geometry": {
        "coordinates": [
          139.697251,
          35.693087
        ],
        "type": "Point"
      },
      "properties": {
        "bangumi_id": 362577,
        "bangumi_title": "铃芽之旅",
        "ep_cut": "",
        "image_url": "https://w.junreimap.com/images/points/362577/sriypn034_1739291432864.jpg",
        "location": "関東",
        "point_id": "sriypn034",
        "point_name": "新都心歩道橋",
        "remark": "画面正中为损保控股株式会社总部大楼"
      },
      "type": "Feature"
    },
    {
      "geometry": {
        "coordinates": [
          139.702417,
          35.659546
        ],
        "type": "Point"
      },
      "properties": {
        "bangumi_id": 362577,
        "bangumi_title": "铃芽之旅",
        "ep_cut": "",
        "image_url": "https://w.junreimap.com/images/points/362577/ss5cutuq6_1739340217481.jpg",
        "location": "関東",
        "point_id": "ss5cutuq6",
        "point_name": "渋谷宮益坂下交差点",
        "remark": "路口往西视角"
      },
      "type": "Feature"
    },
    {
      "geometry": {
        "coordinates": [
          139.702541,
          35.683475
        ],
        "type": "Point"
      },
      "properties": {
        "bangumi_id": 362577,
        "bangumi_title": "铃芽之旅",
        "ep_cut": "",
        "image_url": "https://w.junreimap.com/images/points/362577/srjdn41gc_1739292332805.jpg",
        "location": "関東",
        "point_id": "srjdn41gc",
        "point_name": "代々木",
        "remark": "航拍，从西南方位看向代代木大厦的视角"
      },
      "type": "Feature"
    },
    {
      "geometry": {
        "coordinates": [
          139.70077,
          35.65945
        ],
        "type": "Point"
      },
      "properties": {
        "bangumi_id": 362577,
        "bangumi_title": "铃芽之旅",
        "ep_cut": "",
        "image_url": "https://w.junreimap.com/images/points/362577/ss5heo9me_1739340464718.jpg",
        "location": "関東",
        "point_id": "ss5heo9me",
        "point_name": "渋谷スクランブル交差点",
        "remark": "路口向西视角"
      },
      "type": "Feature"
    },
    {
      "geometry": {
        "coordinates": [
          139.699936,
          35.689575
        ],
        "type": "Point"
      },
      "properties": {
        "bangumi_id": 362577,
        "bangumi_title": "铃芽之旅",
        "ep_cut": "",
        "image_url": "https://w.junreimap.com/images/points/362577/srj741k8q_1739291937586.jpg",
        "location": "関東",
        "point_id": "srj741k8q",
        "point_name": "新宿駅",
        "remark": "新宿站内位于西南方位，换乘都营大江户线、都营新宿线和京王新线的三联换乘电梯。"
      },
      "type": "Feature"
    },
    {
      "geometry": {
        "coordinates": [
          139.69749,
          35.700524
        ],
        "type": "Point"
      },
      "properties": {
        "bangumi_id": 362577,
        "bangumi_title": "铃芽之旅",
        "ep_cut": "",
        "image_url": "https://w.junreimap.com/images/points/362577/820067aa_1739292636287.jpg",
        "location": "関東",
        "point_id": "820067aa",
        "point_name": "大久保駅ホーム",
        "remark": ""
      },
      "type": "Feature"
    },
    {
      "geometry": {
        "coordinates": [
          139.700205,
          35.684589
        ],
        "type": "Point"
      },
      "properties": {
        "bangumi_id": 362577,
        "bangumi_title": "铃芽之旅",
        "ep_cut": "",
        "image_url": "https://w.junreimap.com/images/points/362577/9da95c92_1739292492984.jpg",
        "location": "関東",
        "point_id": "9da95c92",
        "point_name": "新宿２号踏切",
        "remark": ""
      },
      "type": "Feature"
    },
    {
      "geometry": {
        "coordinates": [
          139.726134,
          35.681526
        ],
        "type": "Point"
      },
      "properties": {
        "bangumi_id": 362577,
        "bangumi_title": "铃芽之旅",
        "ep_cut": "",
        "image_url": "https://w.junreimap.com/images/points/362577/ss5i6l94x_1739340499320.jpg",
        "location": "関東",
        "point_id": "ss5i6l94x",
        "point_name": "朝日橋",
        "remark": ""
      },
      "type": "Feature"
    },
    {
      "geometry": {
        "coordinates": [
          139.696896,
          35.693243
        ],
        "type": "Point"
      },
      "properties": {
        "bangumi_id": 362577,
        "bangumi_title": "铃芽之旅",
        "ep_cut": "",
        "image_url": "https://w.junreimap.com/images/points/362577/e132148d_1739272653809.jpg",
        "location": "関東",
        "point_id": "e132148d",
        "point_name": "新宿センタービル",
        "remark": ""
      },
      "type": "Feature"
    },
    {
      "geometry": {
        "coordinates": [
          139.700145,
          35.689167
        ],
        "type": "Point"
      },
      "properties": {
        "bangumi_id": 362577,
        "bangumi_title": "铃芽之旅",
        "ep_cut": "",
        "image_url": "https://w.junreimap.com/images/points/362577/srjtsvu6g_1739293311008.jpg",
        "location": "関東",
        "point_id": "srjtsvu6g",
        "point_name": "新宿駅南口 バスタ新宿前",
        "remark": ""
      },
      "type": "Feature"
    },
    {
      "geometry": {
        "coordinates": [
          139.69996,
          35.689134
        ],
        "type": "Point"
      },
      "properties": {
        "bangumi_id": 362577,
        "bangumi_title": "铃芽之旅",
        "ep_cut": "",
        "image_url": "https://w.junreimap.com/images/points/362577/srjtygu4h_1739293321804.jpg",
        "location": "関東",
        "point_id": "srjtygu4h",
        "point_name": "新宿駅南口 バスタ新宿前",
        "remark": ""
      },
      "type": "Feature"
    },
    {
      "geometry": {
        "coordinates": [
          139.700048,
          35.68915
        ],
        "type": "Point"
      },
      "properties": {
        "bangumi_id": 362577,
        "bangumi_title": "铃芽之旅",
        "ep_cut": "",
        "image_url": "https://w.junreimap.com/images/points/362577/4uisgzkaf.jpg",
        "location": "関東",
        "point_id": "4uisgzkaf",
        "point_name": "新宿駅南口 バスタ新宿前",
        "remark": "ミミズが東京に落ちそうになるシーン？で登場"
      },
      "type": "Feature"
    },
    {
      "geometry": {
        "coordinates": [
          139.75494,
          35.692591
        ],
        "type": "Point"
      },
      "properties": {
        "bangumi_id": 362577,
        "bangumi_title": "铃芽之旅",
        "ep_cut": "",
        "image_url": "https://w.junreimap.com/images/points/362577/srjy610zf_1739293599662.jpg",
        "location": "関東",
        "point_id": "srjy610zf",
        "point_name": "清水濠",
        "remark": "铃芽落水点"
      },
      "type": "Feature"
    },
    {
      "geometry": {
        "coordinates": [
          139.745503,
          35.688441
        ],
        "type": "Point"
      },
      "properties": {
        "bangumi_id": 362577,
        "bangumi_title": "铃芽之旅",
        "ep_cut": "",
        "image_url": "https://w.junreimap.com/images/points/362577/srjrt0c34_1739293192524.jpg",
        "location": "関東",
        "point_id": "srjrt0c34",
        "point_name": "首都高速都心環状線 トンネル入口",
        "remark": ""
      },
      "type": "Feature"
    },
    {
      "geometry": {
        "coordinates": [
          139.745505,
          35.688354
        ],
        "type": "Point"
      },
      "properties": {
        "bangumi_id": 362577,
        "bangumi_title": "铃芽之旅",
        "ep_cut": "",
        "image_url": "https://w.junreimap.com/images/points/362577/srjt7qsma_1739293274597.jpg",
        "location": "関東",
        "point_id": "srjt7qsma",
        "point_name": "首都高速都心環状線 トンネル入口",
        "remark": ""
      },
      "type": "Feature"
    },
    {
      "geometry": {
        "coordinates": [
          139.741284,
          35.684022
        ],
        "type": "Point"
      },
      "properties": {
        "bangumi_id": 362577,
        "bangumi_title": "铃芽之旅",
        "ep_cut": "",
        "image_url": "https://w.junreimap.com/images/points/362577/srkd17a2e_1739294473165.jpg",
        "location": "関東",
        "point_id": "srkd17a2e",
        "point_name": "半蔵門駅 6番入口",
        "remark": ""
      },
      "type": "Feature"
    },
    {
      "geometry": {
        "coordinates": [
          139.761831,
          35.70179
        ],
        "type": "Point"
      },
      "properties": {
        "bangumi_id": 362577,
        "bangumi_title": "铃芽之旅",
        "ep_cut": "",
        "image_url": "https://w.junreimap.com/images/points/362577/srk1vhul0_1739293800446.jpg",
        "location": "関東",
        "point_id": "srk1vhul0",
        "point_name": "順天堂前横断歩道",
        "remark": "道路牌上的字被改成了お茶の水"
      },
      "type": "Feature"
    },
    {
      "geometry": {
        "coordinates": [
          139.763615,
          35.700238
        ],
        "type": "Point"
      },
      "properties": {
        "bangumi_id": 362577,
        "bangumi_title": "铃芽之旅",
        "ep_cut": "",
        "image_url": "https://w.junreimap.com/images/points/362577/4uisgzjve.jpg",
        "location": "関東",
        "point_id": "4uisgzjve",
        "point_name": "御茶ノ水橋",
        "remark": ""
      },
      "type": "Feature"
    },
    {
      "geometry": {
        "coordinates": [
          139.763469,
          35.699905
        ],
        "type": "Point"
      },
      "properties": {
        "bangumi_id": 362577,
        "bangumi_title": "铃芽之旅",
        "ep_cut": "",
        "image_url": "https://w.junreimap.com/images/points/362577/srhyid6pp_1739289240788.jpg",
        "location": "関東",
        "point_id": "srhyid6pp",
        "point_name": "御茶ノ水駅",
        "remark": ""
      },
      "type": "Feature"
    },
    {
      "geometry": {
        "coordinates": [
          139.763489,
          35.699949
        ],
        "type": "Point"
      },
      "properties": {
        "bangumi_id": 362577,
        "bangumi_title": "铃芽之旅",
        "ep_cut": "",
        "image_url": "https://w.junreimap.com/images/points/362577/srhz1vwey_1739289272711.jpg",
        "location": "関東",
        "point_id": "srhz1vwey",
        "point_name": "御茶ノ水駅前",
        "remark": ""
      },
      "type": "Feature"
    },
    {
      "geometry": {
        "coordinates": [
          139.763452,
          35.699939
        ],
        "type": "Point"
      },
      "properties": {
        "bangumi_id": 362577,
        "bangumi_title": "铃芽之旅",
        "ep_cut": "",
        "image_url": "https://w.junreimap.com/images/points/362577/srhzjozcb_1739289302891.jpg",
        "location": "関東",
        "point_id": "srhzjozcb",
        "point_name": "御茶ノ水駅前",
        "remark": ""
      },
      "type": "Feature"
    },
    {
      "geometry": {
        "coordinates": [
          139.763596,
          35.699889
        ],
        "type": "Point"
      },
      "properties": {
        "bangumi_id": 362577,
        "bangumi_title": "铃芽之旅",
        "ep_cut": "",
        "image_url": "https://w.junreimap.com/images/points/362577/srhzwkrb0_1739289326687.jpg",
        "location": "関東",
        "point_id": "srhzwkrb0",
        "point_name": "御茶ノ水駅前",
        "remark": ""
      },
      "type": "Feature"
    },
    {
      "geometry": {
        "coordinates": [
          139.763539,
          35.699907
        ],
        "type": "Point"
      },
      "properties": {
        "bangumi_id": 362577,
        "bangumi_title": "铃芽之旅",
        "ep_cut": "",
        "image_url": "https://w.junreimap.com/images/points/362577/sri0937kg_1739289347479.jpg",
        "location": "関東",
        "point_id": "sri0937kg",
        "point_name": "御茶ノ水駅前",
        "remark": ""
      },
      "type": "Feature"
    },
    {
      "geometry": {
        "coordinates": [
          139.763523,
          35.699934
        ],
        "type": "Point"
      },
      "properties": {
        "bangumi_id": 362577,
        "bangumi_title": "铃芽之旅",
        "ep_cut": "",
        "image_url": "https://w.junreimap.com/images/points/362577/sri0y707s_1739289387627.jpg",
        "location": "関東",
        "point_id": "sri0y707s",
        "point_name": "御茶ノ水駅前",
        "remark": ""
      },
      "type": "Feature"
    },
    {
      "geometry": {
        "coordinates": [
          139.763482,
          35.699923
        ],
        "type": "Point"
      },
      "properties": {
        "bangumi_id": 362577,
        "bangumi_title": "铃芽之旅",
        "ep_cut": "",
        "image_url": "https://w.junreimap.com/images/points/362577/4uisgzjzh.jpg",
        "location": "関東",
        "point_id": "4uisgzjzh",
        "point_name": "御茶ノ水駅前",
        "remark": ""
      },
      "type": "Feature"
    },
    {
      "geometry": {
        "coordinates": [
          139.763442,
          35.69989
        ],
        "type": "Point"
      },
      "properties": {
        "bangumi_id": 362577,
        "bangumi_title": "铃芽之旅",
        "ep_cut": "",
        "image_url": "https://w.junreimap.com/images/points/362577/sri15orqi_1739289400241.jpg",
        "location": "関東",
        "point_id": "sri15orqi",
        "point_name": "御茶ノ水駅前",
        "remark": ""
      },
      "type": "Feature"
    },
    {
      "geometry": {
        "coordinates": [
          139.765145,
          35.68925
        ],
        "type": "Point"
      },
      "properties": {
        "bangumi_id": 362577,
        "bangumi_title": "铃芽之旅",
        "ep_cut": "",
        "image_url": "https://w.junreimap.com/images/points/362577/srk64c5et_1739294057029.jpg",
        "location": "関東",
        "point_id": "srk64c5et",
        "point_name": "首都高速都心環状線 神田橋料金所",
        "remark": ""
      },
      "type": "Feature"
    },
    {
      "geometry": {
        "coordinates": [
          139.767174,
          35.68886
        ],
        "type": "Point"
      },
      "properties": {
        "bangumi_id": 362577,
        "bangumi_title": "铃芽之旅",
        "ep_cut": "",
        "image_url": "https://w.junreimap.com/images/points/362577/srk7cpjxe_1739294131641.jpg",
        "location": "関東",
        "point_id": "srk7cpjxe",
        "point_name": "首都高速都心環状線",
        "remark": ""
      },
      "type": "Feature"
    },
    {
      "geometry": {
        "coordinates": [
          139.820393,
          35.7431
        ],
        "type": "Point"
      },
      "properties": {
        "bangumi_id": 362577,
        "bangumi_title": "铃芽之旅",
        "ep_cut": "",
        "image_url": "https://w.junreimap.com/images/points/362577/srkiv70tc_1739294828680.jpg",
        "location": "関東",
        "point_id": "srkiv70tc",
        "point_name": "新荒川大橋",
        "remark": ""
      },
      "type": "Feature"
    },
    {
      "geometry": {
        "coordinates": [
          139.821917,
          35.743665
        ],
        "type": "Point"
      },
      "properties": {
        "bangumi_id": 362577,
        "bangumi_title": "铃芽之旅",
        "ep_cut": "",
        "image_url": "https://w.junreimap.com/images/points/362577/srkmg0fh2_1739295041603.jpg",
        "location": "関東",
        "point_id": "srkmg0fh2",
        "point_name": "新荒川大橋",
        "remark": ""
      },
      "type": "Feature"
    },
    {
      "geometry": {
        "coordinates": [
          140.254267,
          36.187462
        ],
        "type": "Point"
      },
      "properties": {
        "bangumi_id": 362577,
        "bangumi_title": "铃芽之旅",
        "ep_cut": "",
        "image_url": "https://w.junreimap.com/images/points/362577/srgtxh6ar_1739286789010.jpg",
        "location": "関東",
        "point_id": "srgtxh6ar",
        "point_name": "常磐自動車道 染谷段",
        "remark": ""
      },
      "type": "Feature"
    },
    {
      "geometry": {
        "coordinates": [
          140.98997,
          37.341473
        ],
        "type": "Point"
      },
      "properties": {
        "bangumi_id": 362577,
        "bangumi_title": "铃芽之旅",
        "ep_cut": "",
        "image_url": "https://w.junreimap.com/images/points/362577/srkoac58o_1739295156842.jpg",
        "location": "東北",
        "point_id": "srkoac58o",
        "point_name": "常磐自動車道 本岡段",
        "remark": ""
      },
      "type": "Feature"
    },
    {
      "geometry": {
        "coordinates": [
          141.008684,
          37.382565
        ],
        "type": "Point"
      },
      "properties": {
        "bangumi_id": 362577,
        "bangumi_title": "铃芽之旅",
        "ep_cut": "",
        "image_url": "https://w.junreimap.com/images/points/362577/e1d43473_1739295258210.jpg",
        "location": "東北",
        "point_id": "e1d43473",
        "point_name": "福島県大熊町の道路",
        "remark": ""
      },
      "type": "Feature"
    },
    {
      "geometry": {
        "coordinates": [
          141.289321,
          38.492188
        ],
        "type": "Point"
      },
      "properties": {
        "bangumi_id": 362577,
        "bangumi_title": "铃芽之旅",
        "ep_cut": "",
        "image_url": "https://w.junreimap.com/images/points/362577/ss5jdvndb_1739340570815.jpg",
        "location": "東北",
        "point_id": "ss5jdvndb",
        "point_name": "新天王橋",
        "remark": ""
      },
      "type": "Feature"
    },
    {
      "geometry": {
        "coordinates": [
          141.563195,
          38.814267
        ],
        "type": "Point"
      },
      "properties": {
        "bangumi_id": 362577,
        "bangumi_title": "铃芽之旅",
        "ep_cut": "",
        "image_url": "https://w.junreimap.com/images/points/362577/srkskmyys_1739295422142.jpg",
        "location": "東北",
        "point_id": "srkskmyys",
        "point_name": "道の駅 大谷海岸",
        "remark": "鈴芽、環さん、芹澤が立ち寄った道の駅"
      },
      "type": "Feature"
    },
    {
      "geometry": {
        "coordinates": [
          141.562664,
          38.81486
        ],
        "type": "Point"
      },
      "properties": {
        "bangumi_id": 362577,
        "bangumi_title": "铃芽之旅",
        "ep_cut": "",
        "image_url": "https://w.junreimap.com/images/points/362577/srktm9rth_1739295474631.jpg",
        "location": "東北",
        "point_id": "srktm9rth",
        "point_name": "道の駅 大谷海岸",
        "remark": ""
      },
      "type": "Feature"
    },
    {
      "geometry": {
        "coordinates": [
          131.878657,
          33.244974
        ],
        "type": "Point"
      },
      "properties": {
        "bangumi_id": 362577,
        "bangumi_title": "铃芽之旅",
        "ep_cut": "",
        "image_url": "https://w.junreimap.com/images/points/362577/sr8bkeyx6_1739268261593.jpg",
        "location": "九州",
        "point_id": "sr8bkeyx6",
        "point_name": "佐賀関漁港",
        "remark": ""
      },
      "type": "Feature"
    },
    {
      "geometry": {
        "coordinates": [
          141.5623,
          38.814945
        ],
        "type": "Point"
      },
      "properties": {
        "bangumi_id": 362577,
        "bangumi_title": "铃芽之旅",
        "ep_cut": "",
        "image_url": "https://w.junreimap.com/images/points/362577/srkuuh2sj_1739295560535.jpg",
        "location": "東北",
        "point_id": "srkuuh2sj",
        "point_name": "道の駅 大谷海岸",
        "remark": ""
      },
      "type": "Feature"
    },
    {
      "geometry": {
        "coordinates": [
          141.562372,
          38.814891
        ],
        "type": "Point"
      },
      "properties": {
        "bangumi_id": 362577,
        "bangumi_title": "铃芽之旅",
        "ep_cut": "",
        "image_url": "https://w.junreimap.com/images/points/362577/srkvawd90_1739295576722.jpg",
        "location": "東北",
        "point_id": "srkvawd90",
        "point_name": "道の駅 大谷海岸",
        "remark": ""
      },
      "type": "Feature"
    },
    {
      "geometry": {
        "coordinates": [
          141.562917,
          38.814754
        ],
        "type": "Point"
      },
      "properties": {
        "bangumi_id": 362577,
        "bangumi_title": "铃芽之旅",
        "ep_cut": "",
        "image_url": "https://w.junreimap.com/images/points/362577/srkvsl9mf_1739295606133.jpg",
        "location": "東北",
        "point_id": "srkvsl9mf",
        "point_name": "道の駅 大谷海岸",
        "remark": ""
      },
      "type": "Feature"
    },
    {
      "geometry": {
        "coordinates": [
          141.652193,
          39.006548
        ],
        "type": "Point"
      },
      "properties": {
        "bangumi_id": 362577,
        "bangumi_title": "铃芽之旅",
        "ep_cut": "",
        "image_url": "https://w.junreimap.com/images/points/362577/4uisgzk5f_1739295707215.jpg",
        "location": "東北",
        "point_id": "4uisgzk5f",
        "point_name": "脇之沢漁港付近の道路",
        "remark": ""
      },
      "type": "Feature"
    },
    {
      "geometry": {
        "coordinates": [
          141.670409,
          39.006847
        ],
        "type": "Point"
      },
      "properties": {
        "bangumi_id": 362577,
        "bangumi_title": "铃芽之旅",
        "ep_cut": "",
        "image_url": "https://w.junreimap.com/images/points/362577/srkyl9a06_1739295776346.jpg",
        "location": "東北",
        "point_id": "srkyl9a06",
        "point_name": "陸前高田市米崎町堂の前の道",
        "remark": ""
      },
      "type": "Feature"
    },
    {
      "geometry": {
        "coordinates": [
          141.670326,
          39.0069
        ],
        "type": "Point"
      },
      "properties": {
        "bangumi_id": 362577,
        "bangumi_title": "铃芽之旅",
        "ep_cut": "",
        "image_url": "https://w.junreimap.com/images/points/362577/4uisgzk5t_1739295842361.jpg",
        "location": "東北",
        "point_id": "4uisgzk5t",
        "point_name": "陸前高田市米崎町堂の前の道",
        "remark": "映画本編では、環さんと鈴芽が自転者で故郷の家を目指すシーンで登場"
      },
      "type": "Feature"
    },
    {
      "geometry": {
        "coordinates": [
          141.965354,
          39.594729
        ],
        "type": "Point"
      },
      "properties": {
        "bangumi_id": 362577,
        "bangumi_title": "铃芽之旅",
        "ep_cut": "",
        "image_url": "https://w.junreimap.com/images/points/362577/8f3d2db4_1739295888962.jpg",
        "location": "東北",
        "point_id": "8f3d2db4",
        "point_name": "堀内陸閘",
        "remark": ""
      },
      "type": "Feature"
    },
    {
      "geometry": {
        "coordinates": [
          141.949579,
          39.583523
        ],
        "type": "Point"
      },
      "properties": {
        "bangumi_id": 362577,
        "bangumi_title": "铃芽之旅",
        "ep_cut": "",
        "image_url": "https://w.junreimap.com/images/points/362577/srl2dkqtf_1739296004239.jpg",
        "location": "東北",
        "point_id": "srl2dkqtf",
        "point_name": "後ろ戸",
        "remark": ""
      },
      "type": "Feature"
    },
    {
      "geometry": {
        "coordinates": [
          141.955623,
          39.454408
        ],
        "type": "Point"
      },
      "properties": {
        "bangumi_id": 362577,
        "bangumi_title": "铃芽之旅",
        "ep_cut": "",
        "image_url": "https://w.junreimap.com/images/points/362577/ss5kh7i1b_1739340634984.jpg",
        "location": "東北",
        "point_id": "ss5kh7i1b",
        "point_name": "織笠駅前",
        "remark": ""
      },
      "type": "Feature"
    },
    {
      "geometry": {
        "coordinates": [
          141.955309,
          39.454036
        ],
        "type": "Point"
      },
      "properties": {
        "bangumi_id": 362577,
        "bangumi_title": "铃芽之旅",
        "ep_cut": "",
        "image_url": "https://w.junreimap.com/images/points/362577/4uisgzk83.jpg",
        "location": "東北",
        "point_id": "4uisgzk83",
        "point_name": "織笠駅",
        "remark": ""
      },
      "type": "Feature"
    },
    {
      "geometry": {
        "coordinates": [
          141.955675,
          39.453649
        ],
        "type": "Point"
      },
      "properties": {
        "bangumi_id": 362577,
        "bangumi_title": "铃芽之旅",
        "ep_cut": "",
        "image_url": "https://w.junreimap.com/images/points/362577/srl5ql92g_1739296208045.jpg",
        "location": "東北",
        "point_id": "srl5ql92g",
        "point_name": "織笠駅前のロータリー",
        "remark": ""
      },
      "type": "Feature"
    },
    {
      "geometry": {
        "coordinates": [
          141.955696,
          39.453622
        ],
        "type": "Point"
      },
      "properties": {
        "bangumi_id": 362577,
        "bangumi_title": "铃芽之旅",
        "ep_cut": "",
        "image_url": "https://w.junreimap.com/images/points/362577/4uisgzjzn.jpg",
        "location": "東北",
        "point_id": "4uisgzjzn",
        "point_name": "織笠駅前のロータリー",
        "remark": ""
      },
      "type": "Feature"
    },
    {
      "geometry": {
        "coordinates": [
          141.955384,
          39.45382
        ],
        "type": "Point"
      },
      "properties": {
        "bangumi_id": 362577,
        "bangumi_title": "铃芽之旅",
        "ep_cut": "",
        "image_url": "https://w.junreimap.com/images/points/362577/srl6wr5rd_1739296278325.jpg",
        "location": "東北",
        "point_id": "srl6wr5rd",
        "point_name": "織笠駅前",
        "remark": ""
      },
      "type": "Feature"
    },
    {
      "geometry": {
        "coordinates": [
          141.955267,
          39.453998
        ],
        "type": "Point"
      },
      "properties": {
        "bangumi_id": 362577,
        "bangumi_title": "铃芽之旅",
        "ep_cut": "",
        "image_url": "https://w.junreimap.com/images/points/362577/srl7inywd_1739296315167.jpg",
        "location": "東北",
        "point_id": "srl7inywd",
        "point_name": "織笠駅",
        "remark": ""
      },
      "type": "Feature"
    },
    {
      "geometry": {
        "coordinates": [
          141.955747,
          39.456693
        ],
        "type": "Point"
      },
      "properties": {
        "bangumi_id": 362577,
        "bangumi_title": "铃芽之旅",
        "ep_cut": "",
        "image_url": "https://w.junreimap.com/images/points/362577/srl92w52o_1739296409768.jpg",
        "location": "東北",
        "point_id": "srl92w52o",
        "point_name": "織笠駅",
        "remark": ""
      },
      "type": "Feature"
    },
    {
      "geometry": {
        "coordinates": [
          141.955267,
          39.453909
        ],
        "type": "Point"
      },
      "properties": {
        "bangumi_id": 362577,
        "bangumi_title": "铃芽之旅",
        "ep_cut": "",
        "image_url": "https://w.junreimap.com/images/points/362577/srl9pjfva_1739296450317.jpg",
        "location": "東北",
        "point_id": "srl9pjfva",
        "point_name": "織笠駅",
        "remark": ""
      },
      "type": "Feature"
    },
    {
      "geometry": {
        "coordinates": [
          141.955266,
          39.45383
        ],
        "type": "Point"
      },
      "properties": {
        "bangumi_id": 362577,
        "bangumi_title": "铃芽之旅",
        "ep_cut": "",
        "image_url": "https://w.junreimap.com/images/points/362577/srla5qter_1739296474173.jpg",
        "location": "東北",
        "point_id": "srla5qter",
        "point_name": "織笠駅",
        "remark": ""
      },
      "type": "Feature"
    },
    {
      "geometry": {
        "coordinates": [
          131.40342,
          31.581138
        ],
        "type": "Point"
      },
      "properties": {
        "bangumi_id": 362577,
        "bangumi_title": "铃芽之旅",
        "ep_cut": "",
        "image_url": "https://w.junreimap.com/images/points/362577/srbn66ngy_1739275494827.jpg",
        "location": "九州",
        "point_id": "srbn66ngy",
        "point_name": "油津漁港",
        "remark": ""
      },
      "type": "Feature"
    },
    {
      "geometry": {
        "coordinates": [
          131.871666,
          33.249645
        ],
        "type": "Point"
      },
      "properties": {
        "bangumi_id": 362577,
        "bangumi_title": "铃芽之旅",
        "ep_cut": "",
        "image_url": "https://w.junreimap.com/images/points/362577/2df2a061_1739271839793.jpg",
        "location": "九州",
        "point_id": "2df2a061",
        "point_name": "（参考）金山港の堤防",
        "remark": ""
      },
      "type": "Feature"
    },
    {
      "geometry": {
        "coordinates": [
          131.158424,
          33.281197
        ],
        "type": "Point"
      },
      "properties": {
        "bangumi_id": 362577,
        "bangumi_title": "铃芽之旅",
        "ep_cut": "",
        "image_url": "https://w.junreimap.com/images/points/362577/45a4ef75_1739271853654.jpg",
        "location": "九州",
        "point_id": "45a4ef75",
        "point_name": "（参考）旧豊後森機関庫",
        "remark": "建物の形状が似ている"
      },
      "type": "Feature"
    },
    {
      "geometry": {
        "coordinates": [
          131.073712,
          32.964787
        ],
        "type": "Point"
      },
      "properties": {
        "bangumi_id": 362577,
        "bangumi_title": "铃芽之旅",
        "ep_cut": "",
        "image_url": "https://w.junreimap.com/images/points/362577/4uisgzjnd_1724954292489_cblack.jpg",
        "location": "九州",
        "point_id": "4uisgzjnd",
        "point_name": "（参考）山の稜線が一致",
        "remark": ""
      },
      "type": "Feature"
    },
    {
      "geometry": {
        "coordinates": [
          129.879934,
          32.730634
        ],
        "type": "Point"
      },
      "properties": {
        "bangumi_id": 362577,
        "bangumi_title": "铃芽之旅",
        "ep_cut": "",
        "image_url": "https://w.junreimap.com/images/points/362577/4uisgzjlg_1724954296074_cblack.jpg",
        "location": "九州",
        "point_id": "4uisgzjlg",
        "point_name": "（参考）椎の木町の石段",
        "remark": ""
      },
      "type": "Feature"
    },
    {
      "geometry": {
        "coordinates": [
          131.374415,
          31.515129
        ],
        "type": "Point"
      },
      "properties": {
        "bangumi_id": 362577,
        "bangumi_title": "铃芽之旅",
        "ep_cut": "",
        "image_url": "https://w.junreimap.com/images/user/0/bangumi/362577/points/4uisgzj3j-1724406013183.jpg",
        "location": "九州",
        "point_id": "4uisgzj3j",
        "point_name": "外浦港",
        "remark": "環さん、稔くんが働いている漁協の位置的モデル地"
      },
      "type": "Feature"
    },
    {
      "geometry": {
        "coordinates": [
          139.075953,
          35.101685
        ],
        "type": "Point"
      },
      "properties": {
        "bangumi_id": 362577,
        "bangumi_title": "铃芽之旅",
        "ep_cut": "",
        "image_url": "https://w.junreimap.com/images/points/362577/4uisgzjwb.jpg",
        "location": "東海",
        "point_id": "4uisgzjwb",
        "point_name": "善波酒店",
        "remark": ""
      },
      "type": "Feature"
    },
    {
      "geometry": {
        "coordinates": [
          131.565412,
          33.67881
        ],
        "type": "Point"
      },
      "properties": {
        "bangumi_id": 362577,
        "bangumi_title": "铃芽之旅",
        "ep_cut": "",
        "image_url": "https://w.junreimap.com/images/points/362577/02b76319_1739270374731.jpg",
        "location": "九州",
        "point_id": "02b76319",
        "point_name": "竹田津港",
        "remark": "フェリー乗り場のモデル"
      },
      "type": "Feature"
    },
    {
      "geometry": {
        "coordinates": [
          131.568437,
          33.68005
        ],
        "type": "Point"
      },
      "properties": {
        "bangumi_id": 362577,
        "bangumi_title": "铃芽之旅",
        "ep_cut": "",
        "image_url": "https://w.junreimap.com/images/points/362577/658f9411_1739270383906.jpg",
        "location": "九州",
        "point_id": "658f9411",
        "point_name": "スオーナダフェリー",
        "remark": "フェリー船内のモデル"
      },
      "type": "Feature"
    },
    {
      "geometry": {
        "coordinates": [
          131.87801,
          33.249794
        ],
        "type": "Point"
      },
      "properties": {
        "bangumi_id": 362577,
        "bangumi_title": "铃芽之旅",
        "ep_cut": "",
        "image_url": "https://w.junreimap.com/images/points/362577/7eb4ca99_1739272574751.jpg",
        "location": "九州",
        "point_id": "7eb4ca99",
        "point_name": "新海監督ロケハン写真①",
        "remark": "おそらく廃温泉街への入り口のモデル"
      },
      "type": "Feature"
    },
    {
      "geometry": {
        "coordinates": [
          131.877256,
          33.24962
        ],
        "type": "Point"
      },
      "properties": {
        "bangumi_id": 362577,
        "bangumi_title": "铃芽之旅",
        "ep_cut": "",
        "image_url": "https://w.junreimap.com/images/points/362577/a8ca5542_1739272627860.jpg",
        "location": "九州",
        "point_id": "a8ca5542",
        "point_name": "新海監督ロケハン写真②",
        "remark": ""
      },
      "type": "Feature"
    },
    {
      "geometry": {
        "coordinates": [
          131.877394,
          33.249248
        ],
        "type": "Point"
      },
      "properties": {
        "bangumi_id": 362577,
        "bangumi_title": "铃芽之旅",
        "ep_cut": "",
        "image_url": "https://w.junreimap.com/images/points/362577/9202e870_1739272633910.jpg",
        "location": "九州",
        "point_id": "9202e870",
        "point_name": "新海監督ロケハン写真③",
        "remark": ""
      },
      "type": "Feature"
    },
    {
      "geometry": {
        "coordinates": [
          141.921916,
          39.524118
        ],
        "type": "Point"
      },
      "properties": {
        "bangumi_id": 362577,
        "bangumi_title": "铃芽之旅",
        "ep_cut": "",
        "image_url": "https://w.junreimap.com/images/points/362577/6902c378_1739272700738.jpg",
        "location": "東北",
        "point_id": "6902c378",
        "point_name": "芹澤カー事故現場",
        "remark": ""
      },
      "type": "Feature"
    },
    {
      "geometry": {
        "coordinates": [
          141.950251,
          39.582223
        ],
        "type": "Point"
      },
      "properties": {
        "bangumi_id": 362577,
        "bangumi_title": "铃芽之旅",
        "ep_cut": "",
        "image_url": "https://w.junreimap.com/images/points/362577/dcd96d5d_1739272708746.jpg",
        "location": "東北",
        "point_id": "dcd96d5d",
        "point_name": "電波塔",
        "remark": ""
      },
      "type": "Feature"
    },
    {
      "geometry": {
        "coordinates": [
          141.961864,
          39.451424
        ],
        "type": "Point"
      },
      "properties": {
        "bangumi_id": 362577,
        "bangumi_title": "铃芽之旅",
        "ep_cut": "",
        "image_url": "https://w.junreimap.com/images/points/362577/0438b3b8_1739272695747.jpg",
        "location": "東北",
        "point_id": "0438b3b8",
        "point_name": "後ろ戸設置場所①",
        "remark": ""
      },
      "type": "Feature"
    },
    {
      "geometry": {
        "coordinates": [
          141.949721,
          39.583561
        ],
        "type": "Point"
      },
      "properties": {
        "bangumi_id": 362577,
        "bangumi_title": "铃芽之旅",
        "ep_cut": "",
        "image_url": "https://w.junreimap.com/images/points/362577/f277ca27_1739272721739.jpg",
        "location": "東北",
        "point_id": "f277ca27",
        "point_name": "後ろ戸設置場所②",
        "remark": ""
      },
      "type": "Feature"
    },
    {
      "geometry": {
        "coordinates": [
          131.15841,
          33.281117
        ],
        "type": "Point"
      },
      "properties": {
        "bangumi_id": 362577,
        "bangumi_title": "铃芽之旅",
        "ep_cut": "",
        "image_url": "https://w.junreimap.com/images/user/1058/bangumi/362577/points/j0xfc626c-1711817138532.jpg",
        "location": "九州",
        "point_id": "j0xfc626c",
        "point_name": "旧豊後森機関庫",
        "remark": ""
      },
      "type": "Feature"
    },
    {
      "geometry": {
        "coordinates": [
          139.762662,
          35.702518
        ],
        "type": "Point"
      },
      "properties": {
        "bangumi_id": 362577,
        "bangumi_title": "铃芽之旅",
        "ep_cut": "",
        "image_url": "https://w.junreimap.com/images/user/0/bangumi/362577/points/brfvdzm-1772614232292.jpg",
        "location": "",
        "point_id": "brfvdzm",
        "point_name": "順天堂大学医学部附属順天堂医院",
        "remark": "宗像草太的爷爷-宗像羊朗住院的地方"
      },
      "type": "Feature"
    }
  ],
  "type": "FeatureCollection"
}