{
  "features": [
    {
      "geometry": {
        "coordinates": [
          139.771595,
          35.663484
        ],
        "type": "Point"
      },
      "properties": {
        "bangumi_id": 387803,
        "bangumi_title": "江户前精灵",
        "ep_cut": 1,
        "image_url": "https://w.junreimap.com/images/user/0/bangumi/387803/points/86lf0yftv-1681228945990.jpg",
        "location": "",
        "point_id": "86lf0yftv",
        "point_name": "波除神社",
        "remark": ""
      },
      "type": "Feature"
    },
    {
      "geometry": {
        "coordinates": [
          139.783454,
          35.666131
        ],
        "type": "Point"
      },
      "properties": {
        "bangumi_id": 387803,
        "bangumi_title": "江户前精灵",
        "ep_cut": 1,
        "image_url": "https://w.junreimap.com/images/points/387803/l5key1ata_1717823089063.jpg",
        "location": "",
        "point_id": "l5key1ata",
        "point_name": "放学路 公园旁",
        "remark": ""
      },
      "type": "Feature"
    },
    {
      "geometry": {
        "coordinates": [
          139.781182,
          35.663117
        ],
        "type": "Point"
      },
      "properties": {
        "bangumi_id": 387803,
        "bangumi_title": "江户前精灵",
        "ep_cut": 1,
        "image_url": "https://w.junreimap.com/images/points/387803/l5kr306m6_1717823592317.jpg",
        "location": "",
        "point_id": "l5kr306m6",
        "point_name": "もん吉本店",
        "remark": ""
      },
      "type": "Feature"
    },
    {
      "geometry": {
        "coordinates": [
          139.781148,
          35.663087
        ],
        "type": "Point"
      },
      "properties": {
        "bangumi_id": 387803,
        "bangumi_title": "江户前精灵",
        "ep_cut": 2,
        "image_url": "https://w.junreimap.com/images/points/387803/l5ky88f2x_1717824035167.jpg",
        "location": "",
        "point_id": "l5ky88f2x",
        "point_name": "",
        "remark": "文字烧店内"
      },
      "type": "Feature"
    },
    {
      "geometry": {
        "coordinates": [
          139.783045,
          35.665487
        ],
        "type": "Point"
      },
      "properties": {
        "bangumi_id": 387803,
        "bangumi_title": "江户前精灵",
        "ep_cut": 3,
        "image_url": "https://w.junreimap.com/images/points/387803/l5l3wierh_1717824355363.jpg",
        "location": "",
        "point_id": "l5l3wierh",
        "point_name": "セブン​イレブン\n中央区​月島​1丁目​店",
        "remark": ""
      },
      "type": "Feature"
    },
    {
      "geometry": {
        "coordinates": [
          139.811433,
          35.710181
        ],
        "type": "Point"
      },
      "properties": {
        "bangumi_id": 387803,
        "bangumi_title": "江户前精灵",
        "ep_cut": "",
        "image_url": "https://w.junreimap.com/images/user/0/bangumi/387803/points/lnlune3ml-1719237078698.jpg",
        "location": "",
        "point_id": "lnlune3ml",
        "point_name": "スカイツリー",
        "remark": ""
      },
      "type": "Feature"
    },
    {
      "geometry": {
        "coordinates": [
          139.771508,
          35.663624
        ],
        "type": "Point"
      },
      "properties": {
        "bangumi_id": 387803,
        "bangumi_title": "江户前精灵",
        "ep_cut": "",
        "image_url": "",
        "location": "江戸前エルフ聖地巡礼地図",
        "point_id": "d3ec9256",
        "point_name": "聖地では無いが信仰を集める神社",
        "remark": "場所：波除神社＞高耳神社のモデルでは無い。同じ神明造の神社の為か（物語の舞台である月島のすぐ近くにあるせいもあるのであろうが）、アニメ化前、連載当時から、高耳神社のモデルではないか？と祭り上げられ、“聖地”にされてしまっている神社。神社のモデルについて波除神社？と問われた事がある作者は、「特定のモデルの神社はありません」と言い、「拝殿が神明造で似てるもんね」と、アニメ放送開始半月前に呟いている。また「高耳神社は神明造のイメージなんですが、東京にも神明造の神社はいくつかありますぞ」とも述べている。つまり高耳神社のデザインコンセプトは「神明造」ではあるが、波除神社を含め、参考にした神社はない。要するにこの神社はモデルでも無いしモチーフでも無い。聖地では無いということになる。もし波除神社が築地の近くや東京に無かった世界レルなら、同じ神明造の飯田橋の「東京大神宮」（似てるという話なら、波除神社より東京大神宮の方が似てる）、同造りの神奈川県麻生区の「高石神社」とかが名前がそれっぽくて、高耳神社の氏子たちの聖地信仰を集めていたかもしれない。"
      },
      "type": "Feature"
    },
    {
      "geometry": {
        "coordinates": [
          139.783301,
          35.66794
        ],
        "type": "Point"
      },
      "properties": {
        "bangumi_id": 387803,
        "bangumi_title": "江户前精灵",
        "ep_cut": "",
        "image_url": "https://w.junreimap.com/images/points/387803/8027280c_1744544707739.jpg",
        "location": "江戸前エルフ聖地巡礼地図",
        "point_id": "8027280c",
        "point_name": "高耳神社",
        "remark": "場所：住吉神社巫女・小金井姉妹と御神体・エルダ様が住まわれる神社。狛犬はドラゴン（住吉神社には龍神社もある）。この住吉神社の創建は1646年ではあるが、神主が攝津（大阪）の佃村の住民とともに大阪から江戸に移住してきたのは1590年なので、400年以上の歴史があると言ってよい神社（ちなみに高耳神社の創建は同1590年の佃島）である。この住吉神社に祭られているご祭神は、住吉三神、息長足姫命、東照御親命（ゴンゲン様こと徳川家康）の5柱となっている。高耳神社について、モデルにした特定の神社は無いと作者も述べているで、拝殿等似ているところは無い（拝殿を正面ではなく横、南側から見上げると屋根がそれっぽく見える）。より正確に高耳神社について言えば、原作コミックより、境内から見える周囲のビルや職舎の背景を鑑み、佃1丁目。その中でも川と水路と473号線に囲まれた一角に、なんとなく高耳神社が存在しているみたいなパラレル想定だと思われる。"
      },
      "type": "Feature"
    },
    {
      "geometry": {
        "coordinates": [
          135.50247,
          34.654996
        ],
        "type": "Point"
      },
      "properties": {
        "bangumi_id": 387803,
        "bangumi_title": "江户前精灵",
        "ep_cut": "",
        "image_url": "https://w.junreimap.com/images/points/387803/b5a1550f_1744544733107.jpg",
        "location": "江戸前エルフ聖地巡礼地図",
        "point_id": "b5a1550f",
        "point_name": "廣耳神社",
        "remark": "場所：今宮戎神社廣耳様ことヨルデ様と、巫女・向日葵さんがおわす神社。境内の様子、境内参道から見える町（ビル）の風景は間違いなく今宮戎神社からのものである。アニメとは違い、原作コミックでは特定の神社と分かる描きこみ、つまり今宮戎神社であると分かる表現は無い。境内から見える通天閣の角度（社会イノベーションの日立）から、原作での廣耳神社は、通天閣より南側（新世界より南側）付近に存在している想定だったと思われる。なおアニメ10話にて、本殿の庭から見える通天閣の手前に高速道路が映っていることから、通天閣の東にある天王寺動物公園辺り。通天閣のネオンサインの宣伝文句（社会イノベーションの日立）の角度から云えば、東から南東側付近。通天閣回りに見えるビル群の角度から言えば東から北東辺りに、廣耳神社は位置しているものとも思われる。"
      },
      "type": "Feature"
    },
    {
      "geometry": {
        "coordinates": [
          136.668141,
          36.572985
        ],
        "type": "Point"
      },
      "properties": {
        "bangumi_id": 387803,
        "bangumi_title": "江户前精灵",
        "ep_cut": "",
        "image_url": "https://w.junreimap.com/images/points/387803/30bf12ff_1744544744442.jpg",
        "location": "江戸前エルフ聖地巡礼地図",
        "point_id": "30bf12ff",
        "point_name": "麗耳神社（予想）",
        "remark": "場所：宇多須神社ハイラ様とその巫女・いすずちゃんがおわす神社。他の二社同様、原作において「コノ神社がモデルである！」とわかる描写は無いゆえ、ハッキリと断定はできないが、いすずちゃんが自転車で走り抜ける描写のあった\"ひがし茶屋\"から最も近く、前田利家公に縁の深い神社としては、金沢城の鬼門を護る、この宇多須神社が適当であるのではないかと思われる。拝殿の屋根にある鳳凰像を見れば、金澤神社あたりとも思えるが、架空とはいえ神様を扱う作品な故か、作者は実在する神社に相当配慮して神社の\"造り\"をデザインしているものと思われる。"
      },
      "type": "Feature"
    },
    {
      "geometry": {
        "coordinates": [
          139.785244,
          35.660284
        ],
        "type": "Point"
      },
      "properties": {
        "bangumi_id": 387803,
        "bangumi_title": "江户前精灵",
        "ep_cut": "",
        "image_url": "",
        "location": "江戸前エルフ聖地巡礼地図",
        "point_id": "130e7e52",
        "point_name": "小糸の通う高校",
        "remark": "場所：晴海総合高校文化祭で登場。"
      },
      "type": "Feature"
    },
    {
      "geometry": {
        "coordinates": [
          139.781204,
          35.663159
        ],
        "type": "Point"
      },
      "properties": {
        "bangumi_id": 387803,
        "bangumi_title": "江户前精灵",
        "ep_cut": "",
        "image_url": "https://w.junreimap.com/images/points/387803/5c50e9cc_1744544763424.jpg",
        "location": "江戸前エルフ聖地巡礼地図",
        "point_id": "5c50e9cc",
        "point_name": "もんじゃ焼き「もんべえ」",
        "remark": "作中名は「もん吉」"
      },
      "type": "Feature"
    },
    {
      "geometry": {
        "coordinates": [
          2.344819,
          48.857621
        ],
        "type": "Point"
      },
      "properties": {
        "bangumi_id": 387803,
        "bangumi_title": "江户前精灵",
        "ep_cut": "",
        "image_url": "",
        "location": "江戸前エルフ聖地巡礼地図",
        "point_id": "98cdb8f3",
        "point_name": "OP　妄想セーヌ川",
        "remark": "場所：コンシェルジュリー宮殿対岸"
      },
      "type": "Feature"
    },
    {
      "geometry": {
        "coordinates": [
          139.778901,
          35.667041
        ],
        "type": "Point"
      },
      "properties": {
        "bangumi_id": 387803,
        "bangumi_title": "江户前精灵",
        "ep_cut": "",
        "image_url": "https://w.junreimap.com/images/points/387803/467045f0_1744544782584.jpg",
        "location": "江戸前エルフ聖地巡礼地図",
        "point_id": "467045f0",
        "point_name": "OP　隅田川俯瞰",
        "remark": "場所：聖路加タワー展望台"
      },
      "type": "Feature"
    },
    {
      "geometry": {
        "coordinates": [
          139.782136,
          35.667839
        ],
        "type": "Point"
      },
      "properties": {
        "bangumi_id": 387803,
        "bangumi_title": "江户前精灵",
        "ep_cut": "",
        "image_url": "https://w.junreimap.com/images/points/387803/d63560e3_1744544797434.jpg",
        "location": "江戸前エルフ聖地巡礼地図",
        "point_id": "d63560e3",
        "point_name": "第01話他　隅田川を望む風景",
        "remark": "場所：佃まちかど展示館の裏コミックも含め、よく使われる風景。"
      },
      "type": "Feature"
    },
    {
      "geometry": {
        "coordinates": [
          139.78316,
          35.664746
        ],
        "type": "Point"
      },
      "properties": {
        "bangumi_id": 387803,
        "bangumi_title": "江户前精灵",
        "ep_cut": "",
        "image_url": "https://w.junreimap.com/images/points/387803/e441a48a_1744544812211.jpg",
        "location": "江戸前エルフ聖地巡礼地図",
        "point_id": "e441a48a",
        "point_name": "第01話　西仲通り",
        "remark": ""
      },
      "type": "Feature"
    },
    {
      "geometry": {
        "coordinates": [
          139.782959,
          35.6663
        ],
        "type": "Point"
      },
      "properties": {
        "bangumi_id": 387803,
        "bangumi_title": "江户前精灵",
        "ep_cut": "",
        "image_url": "https://w.junreimap.com/images/points/387803/1d88bf89_1744544823930.jpg",
        "location": "江戸前エルフ聖地巡礼地図",
        "point_id": "1d88bf89",
        "point_name": "第01話　冒頭　高架下",
        "remark": ""
      },
      "type": "Feature"
    },
    {
      "geometry": {
        "coordinates": [
          139.782699,
          35.664513
        ],
        "type": "Point"
      },
      "properties": {
        "bangumi_id": 387803,
        "bangumi_title": "江户前精灵",
        "ep_cut": "",
        "image_url": "https://w.junreimap.com/images/points/387803/8012e2fa_1744544835499.jpg",
        "location": "江戸前エルフ聖地巡礼地図",
        "point_id": "8012e2fa",
        "point_name": "第01話　冒頭　路地裏",
        "remark": "場所：月島西仲通り1番街の裏通り"
      },
      "type": "Feature"
    },
    {
      "geometry": {
        "coordinates": [
          139.783357,
          35.667316
        ],
        "type": "Point"
      },
      "properties": {
        "bangumi_id": 387803,
        "bangumi_title": "江户前精灵",
        "ep_cut": "",
        "image_url": "https://w.junreimap.com/images/points/387803/a58bd6c8_1744544847227.jpg",
        "location": "江戸前エルフ聖地巡礼地図",
        "point_id": "a58bd6c8",
        "point_name": "第01話　佃小橋上",
        "remark": ""
      },
      "type": "Feature"
    },
    {
      "geometry": {
        "coordinates": [
          139.783475,
          35.6672
        ],
        "type": "Point"
      },
      "properties": {
        "bangumi_id": 387803,
        "bangumi_title": "江户前精灵",
        "ep_cut": "",
        "image_url": "https://w.junreimap.com/images/points/387803/b6de0b6c_1744544858151.jpg",
        "location": "江戸前エルフ聖地巡礼地図",
        "point_id": "b6de0b6c",
        "point_name": "第01話　佃小橋端",
        "remark": ""
      },
      "type": "Feature"
    },
    {
      "geometry": {
        "coordinates": [
          139.783265,
          35.666217
        ],
        "type": "Point"
      },
      "properties": {
        "bangumi_id": 387803,
        "bangumi_title": "江户前精灵",
        "ep_cut": "",
        "image_url": "https://w.junreimap.com/images/points/387803/634ce288_1744544873395.jpg",
        "location": "江戸前エルフ聖地巡礼地図",
        "point_id": "634ce288",
        "point_name": "第01話他　コマちゃんとの学校帰り",
        "remark": "場所：佃2丁目西公園横"
      },
      "type": "Feature"
    },
    {
      "geometry": {
        "coordinates": [
          139.783518,
          35.666218
        ],
        "type": "Point"
      },
      "properties": {
        "bangumi_id": 387803,
        "bangumi_title": "江户前精灵",
        "ep_cut": "",
        "image_url": "https://w.junreimap.com/images/points/387803/6f8ce370_1744544902785.jpg",
        "location": "江戸前エルフ聖地巡礼地図",
        "point_id": "6f8ce370",
        "point_name": "第01話　コマちゃんとの帰り道",
        "remark": ""
      },
      "type": "Feature"
    },
    {
      "geometry": {
        "coordinates": [
          139.783579,
          35.666232
        ],
        "type": "Point"
      },
      "properties": {
        "bangumi_id": 387803,
        "bangumi_title": "江户前精灵",
        "ep_cut": "",
        "image_url": "https://w.junreimap.com/images/points/387803/b077cb86_1744544914517.jpg",
        "location": "江戸前エルフ聖地巡礼地図",
        "point_id": "b077cb86",
        "point_name": "第01話他　コイコマ別れ道",
        "remark": "学校からの帰路、コイコマが別れるＴ字路。"
      },
      "type": "Feature"
    },
    {
      "geometry": {
        "coordinates": [
          139.782945,
          35.664679
        ],
        "type": "Point"
      },
      "properties": {
        "bangumi_id": 387803,
        "bangumi_title": "江户前精灵",
        "ep_cut": "",
        "image_url": "https://w.junreimap.com/images/points/387803/6f444b28_1744544925081.jpg",
        "location": "江戸前エルフ聖地巡礼地図",
        "point_id": "6f444b28",
        "point_name": "第01話　一番街入り口",
        "remark": "月島西仲通り一番街"
      },
      "type": "Feature"
    },
    {
      "geometry": {
        "coordinates": [
          139.781341,
          35.66345
        ],
        "type": "Point"
      },
      "properties": {
        "bangumi_id": 387803,
        "bangumi_title": "江户前精灵",
        "ep_cut": "",
        "image_url": "https://w.junreimap.com/images/points/387803/df6e8d9a_1744544937346.jpg",
        "location": "江戸前エルフ聖地巡礼地図",
        "point_id": "df6e8d9a",
        "point_name": "第01話　もんじゃ「蔵」の前",
        "remark": "場所：もんじゃ蔵の前"
      },
      "type": "Feature"
    },
    {
      "geometry": {
        "coordinates": [
          139.779826,
          35.662413
        ],
        "type": "Point"
      },
      "properties": {
        "bangumi_id": 387803,
        "bangumi_title": "江户前精灵",
        "ep_cut": "",
        "image_url": "https://w.junreimap.com/images/points/387803/09f2690f_1744544947337.jpg",
        "location": "江戸前エルフ聖地巡礼地図",
        "point_id": "09f2690f",
        "point_name": "第01話　お肉屋前",
        "remark": ""
      },
      "type": "Feature"
    },
    {
      "geometry": {
        "coordinates": [
          139.781143,
          35.663161
        ],
        "type": "Point"
      },
      "properties": {
        "bangumi_id": 387803,
        "bangumi_title": "江户前精灵",
        "ep_cut": "",
        "image_url": "https://w.junreimap.com/images/points/387803/b4aa1e06_1744544957418.jpg",
        "location": "江戸前エルフ聖地巡礼地図",
        "point_id": "b4aa1e06",
        "point_name": "第01話他　もんじゃ焼き「もんべえ」前",
        "remark": "場所：路地裏もんじゃ「もん吉」（作中名は「もんべえ」）がある路地裏"
      },
      "type": "Feature"
    },
    {
      "geometry": {
        "coordinates": [
          139.780343,
          35.664853
        ],
        "type": "Point"
      },
      "properties": {
        "bangumi_id": 387803,
        "bangumi_title": "江户前精灵",
        "ep_cut": "",
        "image_url": "https://w.junreimap.com/images/points/387803/ea7eb4f0_1744544968672.jpg",
        "location": "江戸前エルフ聖地巡礼地図",
        "point_id": "ea7eb4f0",
        "point_name": "第01話　思い出の公園へ",
        "remark": "場所：月島3丁目児童遊園"
      },
      "type": "Feature"
    },
    {
      "geometry": {
        "coordinates": [
          139.780245,
          35.664742
        ],
        "type": "Point"
      },
      "properties": {
        "bangumi_id": 387803,
        "bangumi_title": "江户前精灵",
        "ep_cut": "",
        "image_url": "https://w.junreimap.com/images/points/387803/bb8d4ff7_1744544978504.jpg",
        "location": "江戸前エルフ聖地巡礼地図",
        "point_id": "bb8d4ff7",
        "point_name": "第01話ほか　思い出の公園",
        "remark": "場所：月島3丁目児童遊園エルダとの思い出の公園。コイコマが学校帰りに駄弁る公園でもある。"
      },
      "type": "Feature"
    },
    {
      "geometry": {
        "coordinates": [
          139.780455,
          35.66453
        ],
        "type": "Point"
      },
      "properties": {
        "bangumi_id": 387803,
        "bangumi_title": "江户前精灵",
        "ep_cut": "",
        "image_url": "https://w.junreimap.com/images/points/387803/36bd4e88_1744544993328.jpg",
        "location": "江戸前エルフ聖地巡礼地図",
        "point_id": "36bd4e88",
        "point_name": "第01話　急いで階段を下りるエルダ様",
        "remark": ""
      },
      "type": "Feature"
    },
    {
      "geometry": {
        "coordinates": [
          139.780689,
          35.664519
        ],
        "type": "Point"
      },
      "properties": {
        "bangumi_id": 387803,
        "bangumi_title": "江户前精灵",
        "ep_cut": "",
        "image_url": "https://w.junreimap.com/images/points/387803/e59fd251_1744545003648.jpg",
        "location": "江戸前エルフ聖地巡礼地図",
        "point_id": "e59fd251",
        "point_name": "第01話　早く帰りたいエルダ様",
        "remark": ""
      },
      "type": "Feature"
    },
    {
      "geometry": {
        "coordinates": [
          139.780557,
          35.664459
        ],
        "type": "Point"
      },
      "properties": {
        "bangumi_id": 387803,
        "bangumi_title": "江户前精灵",
        "ep_cut": "",
        "image_url": "https://w.junreimap.com/images/points/387803/efeb8b80_1744545012634.jpg",
        "location": "江戸前エルフ聖地巡礼地図",
        "point_id": "efeb8b80",
        "point_name": "第01話　公衆トイレ前",
        "remark": "場所：月島3丁目児童遊園トイレ前"
      },
      "type": "Feature"
    },
    {
      "geometry": {
        "coordinates": [
          139.780653,
          35.664391
        ],
        "type": "Point"
      },
      "properties": {
        "bangumi_id": 387803,
        "bangumi_title": "江户前精灵",
        "ep_cut": "",
        "image_url": "https://w.junreimap.com/images/points/387803/efd0e863_1744545028383.jpg",
        "location": "江戸前エルフ聖地巡礼地図",
        "point_id": "efd0e863",
        "point_name": "第01話　パートナーとなる握手をした場所",
        "remark": ""
      },
      "type": "Feature"
    },
    {
      "geometry": {
        "coordinates": [
          139.780691,
          35.664441
        ],
        "type": "Point"
      },
      "properties": {
        "bangumi_id": 387803,
        "bangumi_title": "江户前精灵",
        "ep_cut": "",
        "image_url": "https://w.junreimap.com/images/points/387803/04c583e2_1744545037039.jpg",
        "location": "江戸前エルフ聖地巡礼地図",
        "point_id": "04c583e2",
        "point_name": "第01話　月島町並み夜景",
        "remark": ""
      },
      "type": "Feature"
    },
    {
      "geometry": {
        "coordinates": [
          139.783698,
          35.665073
        ],
        "type": "Point"
      },
      "properties": {
        "bangumi_id": 387803,
        "bangumi_title": "江户前精灵",
        "ep_cut": "",
        "image_url": "https://w.junreimap.com/images/points/387803/6ef837c7_1744545045529.jpg",
        "location": "江戸前エルフ聖地巡礼地図",
        "point_id": "6ef837c7",
        "point_name": "第02話　マクドナルド前",
        "remark": "作中名は「ワクドナルド」"
      },
      "type": "Feature"
    },
    {
      "geometry": {
        "coordinates": [
          139.783771,
          35.665068
        ],
        "type": "Point"
      },
      "properties": {
        "bangumi_id": 387803,
        "bangumi_title": "江户前精灵",
        "ep_cut": "",
        "image_url": "https://w.junreimap.com/images/points/387803/9c4924f5_1744545055916.jpg",
        "location": "江戸前エルフ聖地巡礼地図",
        "point_id": "9c4924f5",
        "point_name": "第02話　マクドナルド月島駅前店",
        "remark": "場所：2階作中名は「ワクドナルド」"
      },
      "type": "Feature"
    },
    {
      "geometry": {
        "coordinates": [
          139.783951,
          35.667095
        ],
        "type": "Point"
      },
      "properties": {
        "bangumi_id": 387803,
        "bangumi_title": "江户前精灵",
        "ep_cut": "",
        "image_url": "https://w.junreimap.com/images/points/387803/76bc8988_1744545067153.jpg",
        "location": "江戸前エルフ聖地巡礼地図",
        "point_id": "76bc8988",
        "point_name": "第02話　三角公園前",
        "remark": "場所：三角公園前"
      },
      "type": "Feature"
    },
    {
      "geometry": {
        "coordinates": [
          139.780185,
          35.664741
        ],
        "type": "Point"
      },
      "properties": {
        "bangumi_id": 387803,
        "bangumi_title": "江户前精灵",
        "ep_cut": "",
        "image_url": "https://w.junreimap.com/images/points/387803/b112a872_1744545079001.jpg",
        "location": "江戸前エルフ聖地巡礼地図",
        "point_id": "b112a872",
        "point_name": "第02話　勝鬨橋風景",
        "remark": ""
      },
      "type": "Feature"
    },
    {
      "geometry": {
        "coordinates": [
          139.785974,
          35.665705
        ],
        "type": "Point"
      },
      "properties": {
        "bangumi_id": 387803,
        "bangumi_title": "江户前精灵",
        "ep_cut": "",
        "image_url": "https://w.junreimap.com/images/points/387803/3bfe42c6_1744545090244.jpg",
        "location": "江戸前エルフ聖地巡礼地図",
        "point_id": "3bfe42c6",
        "point_name": "第02話　佃2丁目風景",
        "remark": ""
      },
      "type": "Feature"
    },
    {
      "geometry": {
        "coordinates": [
          139.783548,
          35.644018
        ],
        "type": "Point"
      },
      "properties": {
        "bangumi_id": 387803,
        "bangumi_title": "江户前精灵",
        "ep_cut": "",
        "image_url": "https://w.junreimap.com/images/points/387803/91e1ce9d_1744545101668.jpg",
        "location": "江戸前エルフ聖地巡礼地図",
        "point_id": "91e1ce9d",
        "point_name": "第02話　豊洲市場看板",
        "remark": "場所：豊洲市場入り口"
      },
      "type": "Feature"
    },
    {
      "geometry": {
        "coordinates": [
          139.781376,
          35.663519
        ],
        "type": "Point"
      },
      "properties": {
        "bangumi_id": 387803,
        "bangumi_title": "江户前精灵",
        "ep_cut": "",
        "image_url": "https://w.junreimap.com/images/points/387803/6433fafe_1744545111801.jpg",
        "location": "江戸前エルフ聖地巡礼地図",
        "point_id": "6433fafe",
        "point_name": "第02話　佃煮もんじゃ戦争",
        "remark": "場所：月島西仲通り三番街"
      },
      "type": "Feature"
    },
    {
      "geometry": {
        "coordinates": [
          139.781419,
          35.663604
        ],
        "type": "Point"
      },
      "properties": {
        "bangumi_id": 387803,
        "bangumi_title": "江户前精灵",
        "ep_cut": "",
        "image_url": "https://w.junreimap.com/images/points/387803/442956a0_1744545122296.jpg",
        "location": "江戸前エルフ聖地巡礼地図",
        "point_id": "442956a0",
        "point_name": "第02話他　月島西仲通り三番街",
        "remark": ""
      },
      "type": "Feature"
    },
    {
      "geometry": {
        "coordinates": [
          139.783303,
          35.664837
        ],
        "type": "Point"
      },
      "properties": {
        "bangumi_id": 387803,
        "bangumi_title": "江户前精灵",
        "ep_cut": "",
        "image_url": "https://w.junreimap.com/images/points/387803/a720d799_1744545133425.jpg",
        "location": "江戸前エルフ聖地巡礼地図",
        "point_id": "a720d799",
        "point_name": "第02話　学校帰りの小柚子ちゃん",
        "remark": "場所：月島もんじゃ ストリート総合案内所の前高架側から商店街へ向け走っていくシーン。築地本願寺佃ビルは建設前で建っていない（4枚目）。"
      },
      "type": "Feature"
    },
    {
      "geometry": {
        "coordinates": [
          139.780795,
          35.660958
        ],
        "type": "Point"
      },
      "properties": {
        "bangumi_id": 387803,
        "bangumi_title": "江户前精灵",
        "ep_cut": "",
        "image_url": "https://w.junreimap.com/images/points/387803/0096da32_1744545144098.jpg",
        "location": "江戸前エルフ聖地巡礼地図",
        "point_id": "0096da32",
        "point_name": "第02話他　月島4丁目風景",
        "remark": "第03話の継承の儀の夜（2枚目）"
      },
      "type": "Feature"
    },
    {
      "geometry": {
        "coordinates": [
          139.77925,
          35.660589
        ],
        "type": "Point"
      },
      "properties": {
        "bangumi_id": 387803,
        "bangumi_title": "江户前精灵",
        "ep_cut": "",
        "image_url": "https://w.junreimap.com/images/points/387803/95044083_1744562834349.jpg",
        "location": "江戸前エルフ聖地巡礼地図",
        "point_id": "95044083",
        "point_name": "第03話　冒頭　月島橋際",
        "remark": "橋際から川向こうの勝どき方面の風景。"
      },
      "type": "Feature"
    },
    {
      "geometry": {
        "coordinates": [
          139.787129,
          35.664799
        ],
        "type": "Point"
      },
      "properties": {
        "bangumi_id": 387803,
        "bangumi_title": "江户前精灵",
        "ep_cut": "",
        "image_url": "https://w.junreimap.com/images/points/387803/3a40873f_1744562938326.jpg",
        "location": "江戸前エルフ聖地巡礼地図",
        "point_id": "3a40873f",
        "point_name": "第03話　佃3丁目町並み",
        "remark": ""
      },
      "type": "Feature"
    },
    {
      "geometry": {
        "coordinates": [
          136.756991,
          36.4833
        ],
        "type": "Point"
      },
      "properties": {
        "bangumi_id": 387803,
        "bangumi_title": "江户前精灵",
        "ep_cut": "",
        "image_url": "https://w.junreimap.com/images/points/387803/bf3cfa1d_1744562956062.jpg",
        "location": "江戸前エルフ聖地巡礼地図",
        "point_id": "bf3cfa1d",
        "point_name": "第03話　氷室小屋",
        "remark": "場所：湯涌温泉"
      },
      "type": "Feature"
    },
    {
      "geometry": {
        "coordinates": [
          139.786384,
          35.665374
        ],
        "type": "Point"
      },
      "properties": {
        "bangumi_id": 387803,
        "bangumi_title": "江户前精灵",
        "ep_cut": "",
        "image_url": "https://w.junreimap.com/images/points/387803/ec0ee6c7_1744562970781.jpg",
        "location": "江戸前エルフ聖地巡礼地図",
        "point_id": "ec0ee6c7",
        "point_name": "第03話　佃3丁目夕方の町並み",
        "remark": ""
      },
      "type": "Feature"
    },
    {
      "geometry": {
        "coordinates": [
          139.782695,
          35.666754
        ],
        "type": "Point"
      },
      "properties": {
        "bangumi_id": 387803,
        "bangumi_title": "江户前精灵",
        "ep_cut": "",
        "image_url": "https://w.junreimap.com/images/points/387803/fc07a214_1744562980207.jpg",
        "location": "江戸前エルフ聖地巡礼地図",
        "point_id": "fc07a214",
        "point_name": "第03話　公園の夕方（怒られる三秒前）",
        "remark": "場所：佃大橋公園"
      },
      "type": "Feature"
    },
    {
      "geometry": {
        "coordinates": [
          139.781164,
          35.663387
        ],
        "type": "Point"
      },
      "properties": {
        "bangumi_id": 387803,
        "bangumi_title": "江户前精灵",
        "ep_cut": "",
        "image_url": "https://w.junreimap.com/images/points/387803/7324c974_1744562991461.jpg",
        "location": "江戸前エルフ聖地巡礼地図",
        "point_id": "7324c974",
        "point_name": "第03話07話　継承の儀の夜の三番街",
        "remark": "第03話：夜第07話：昼"
      },
      "type": "Feature"
    },
    {
      "geometry": {
        "coordinates": [
          139.780773,
          35.664238
        ],
        "type": "Point"
      },
      "properties": {
        "bangumi_id": 387803,
        "bangumi_title": "江户前精灵",
        "ep_cut": "",
        "image_url": "https://w.junreimap.com/images/points/387803/b08c9021_1744563002756.jpg",
        "location": "江戸前エルフ聖地巡礼地図",
        "point_id": "b08c9021",
        "point_name": "第03話10話11話　継承の儀の始まり（消灯）",
        "remark": "10話　夜明け（2枚目）11話12話　弓耳祭準備（3枚目）"
      },
      "type": "Feature"
    },
    {
      "geometry": {
        "coordinates": [
          139.780423,
          35.662892
        ],
        "type": "Point"
      },
      "properties": {
        "bangumi_id": 387803,
        "bangumi_title": "江户前精灵",
        "ep_cut": "",
        "image_url": "https://w.junreimap.com/images/points/387803/53f8b1d8_1744563017227.jpg",
        "location": "江戸前エルフ聖地巡礼地図",
        "point_id": "53f8b1d8",
        "point_name": "第03話　西仲通り四番街",
        "remark": ""
      },
      "type": "Feature"
    },
    {
      "geometry": {
        "coordinates": [
          139.785847,
          35.665913
        ],
        "type": "Point"
      },
      "properties": {
        "bangumi_id": 387803,
        "bangumi_title": "江户前精灵",
        "ep_cut": "",
        "image_url": "https://w.junreimap.com/images/points/387803/2b511adc_1744563026940.jpg",
        "location": "江戸前エルフ聖地巡礼地図",
        "point_id": "2b511adc",
        "point_name": "第03話　エルダの服を預かってもらった商店",
        "remark": "場所：中島商会の前"
      },
      "type": "Feature"
    },
    {
      "geometry": {
        "coordinates": [
          139.784231,
          35.664134
        ],
        "type": "Point"
      },
      "properties": {
        "bangumi_id": 387803,
        "bangumi_title": "江户前精灵",
        "ep_cut": "",
        "image_url": "https://w.junreimap.com/images/points/387803/e448272e_1744563035885.jpg",
        "location": "江戸前エルフ聖地巡礼地図",
        "point_id": "e448272e",
        "point_name": "第03話　継承の儀の始まる",
        "remark": ""
      },
      "type": "Feature"
    },
    {
      "geometry": {
        "coordinates": [
          139.78407,
          35.664026
        ],
        "type": "Point"
      },
      "properties": {
        "bangumi_id": 387803,
        "bangumi_title": "江户前精灵",
        "ep_cut": "",
        "image_url": "https://w.junreimap.com/images/points/387803/3eff3a8d_1744563046084.jpg",
        "location": "江戸前エルフ聖地巡礼地図",
        "point_id": "3eff3a8d",
        "point_name": "第03話　白洋舎前",
        "remark": ""
      },
      "type": "Feature"
    },
    {
      "geometry": {
        "coordinates": [
          139.783322,
          35.663554
        ],
        "type": "Point"
      },
      "properties": {
        "bangumi_id": 387803,
        "bangumi_title": "江户前精灵",
        "ep_cut": "",
        "image_url": "https://w.junreimap.com/images/points/387803/de4a5f82_1744563054516.jpg",
        "location": "江戸前エルフ聖地巡礼地図",
        "point_id": "de4a5f82",
        "point_name": "第03話　継承の儀　夜回り",
        "remark": ""
      },
      "type": "Feature"
    },
    {
      "geometry": {
        "coordinates": [
          139.783288,
          35.663463
        ],
        "type": "Point"
      },
      "properties": {
        "bangumi_id": 387803,
        "bangumi_title": "江户前精灵",
        "ep_cut": "",
        "image_url": "https://w.junreimap.com/images/points/387803/umsr7onqs_1744563222932.jpg",
        "location": "江戸前エルフ聖地巡礼地図",
        "point_id": "umsr7onqs",
        "point_name": "第03話　継承の儀　夜回り2",
        "remark": ""
      },
      "type": "Feature"
    },
    {
      "geometry": {
        "coordinates": [
          139.782872,
          35.663924
        ],
        "type": "Point"
      },
      "properties": {
        "bangumi_id": 387803,
        "bangumi_title": "江户前精灵",
        "ep_cut": "",
        "image_url": "https://w.junreimap.com/images/points/387803/5797ff67_1744563238532.jpg",
        "location": "江戸前エルフ聖地巡礼地図",
        "point_id": "5797ff67",
        "point_name": "第03話　継承の儀　夜景",
        "remark": ""
      },
      "type": "Feature"
    },
    {
      "geometry": {
        "coordinates": [
          139.782531,
          35.664246
        ],
        "type": "Point"
      },
      "properties": {
        "bangumi_id": 387803,
        "bangumi_title": "江户前精灵",
        "ep_cut": "",
        "image_url": "https://w.junreimap.com/images/points/387803/883a4c71_1744563249891.jpg",
        "location": "江戸前エルフ聖地巡礼地図",
        "point_id": "883a4c71",
        "point_name": "第03話　東京メロンパン前",
        "remark": ""
      },
      "type": "Feature"
    },
    {
      "geometry": {
        "coordinates": [
          139.786476,
          35.665312
        ],
        "type": "Point"
      },
      "properties": {
        "bangumi_id": 387803,
        "bangumi_title": "江户前精灵",
        "ep_cut": "",
        "image_url": "https://w.junreimap.com/images/points/387803/c4415466_1744563261324.jpg",
        "location": "江戸前エルフ聖地巡礼地図",
        "point_id": "c4415466",
        "point_name": "第03話　佃3丁目夜景",
        "remark": ""
      },
      "type": "Feature"
    },
    {
      "geometry": {
        "coordinates": [
          139.783272,
          35.667338
        ],
        "type": "Point"
      },
      "properties": {
        "bangumi_id": 387803,
        "bangumi_title": "江户前精灵",
        "ep_cut": "",
        "image_url": "https://w.junreimap.com/images/points/387803/1ad30388_1744563272771.jpg",
        "location": "江戸前エルフ聖地巡礼地図",
        "point_id": "1ad30388",
        "point_name": "第03話　佃小橋からの夜町並み",
        "remark": ""
      },
      "type": "Feature"
    },
    {
      "geometry": {
        "coordinates": [
          139.782125,
          35.664558
        ],
        "type": "Point"
      },
      "properties": {
        "bangumi_id": 387803,
        "bangumi_title": "江户前精灵",
        "ep_cut": "",
        "image_url": "https://w.junreimap.com/images/points/387803/434a6fc6_1744563283299.jpg",
        "location": "江戸前エルフ聖地巡礼地図",
        "point_id": "434a6fc6",
        "point_name": "第03話　月島夜景",
        "remark": ""
      },
      "type": "Feature"
    },
    {
      "geometry": {
        "coordinates": [
          139.784207,
          35.667031
        ],
        "type": "Point"
      },
      "properties": {
        "bangumi_id": 387803,
        "bangumi_title": "江户前精灵",
        "ep_cut": "",
        "image_url": "https://w.junreimap.com/images/points/387803/b209145b_1744563296468.jpg",
        "location": "江戸前エルフ聖地巡礼地図",
        "point_id": "b209145b",
        "point_name": "第03話　三角公園前夜景",
        "remark": "場所：三角公園前"
      },
      "type": "Feature"
    },
    {
      "geometry": {
        "coordinates": [
          139.780943,
          35.663356
        ],
        "type": "Point"
      },
      "properties": {
        "bangumi_id": 387803,
        "bangumi_title": "江户前精灵",
        "ep_cut": "",
        "image_url": "https://w.junreimap.com/images/points/387803/89fd65ee_1744563306172.jpg",
        "location": "江戸前エルフ聖地巡礼地図",
        "point_id": "89fd65ee",
        "point_name": "第03話07話　路地裏夜景",
        "remark": "第07話は日中。"
      },
      "type": "Feature"
    },
    {
      "geometry": {
        "coordinates": [
          139.780964,
          35.663335
        ],
        "type": "Point"
      },
      "properties": {
        "bangumi_id": 387803,
        "bangumi_title": "江户前精灵",
        "ep_cut": "",
        "image_url": "https://w.junreimap.com/images/points/387803/90576cf6_1744563315090.jpg",
        "location": "江戸前エルフ聖地巡礼地図",
        "point_id": "90576cf6",
        "point_name": "第03話　継承の儀　路地裏",
        "remark": ""
      },
      "type": "Feature"
    },
    {
      "geometry": {
        "coordinates": [
          139.780472,
          35.662884
        ],
        "type": "Point"
      },
      "properties": {
        "bangumi_id": 387803,
        "bangumi_title": "江户前精灵",
        "ep_cut": "",
        "image_url": "https://w.junreimap.com/images/points/387803/b0e95bbf_1744563323891.jpg",
        "location": "江戸前エルフ聖地巡礼地図",
        "point_id": "b0e95bbf",
        "point_name": "第03話　警官敬礼！",
        "remark": ""
      },
      "type": "Feature"
    },
    {
      "geometry": {
        "coordinates": [
          139.782138,
          35.664629
        ],
        "type": "Point"
      },
      "properties": {
        "bangumi_id": 387803,
        "bangumi_title": "江户前精灵",
        "ep_cut": "",
        "image_url": "https://w.junreimap.com/images/points/387803/c042ff9b_1744563333619.jpg",
        "location": "江戸前エルフ聖地巡礼地図",
        "point_id": "c042ff9b",
        "point_name": "第03話　継承の儀を窓から見守る親子",
        "remark": ""
      },
      "type": "Feature"
    },
    {
      "geometry": {
        "coordinates": [
          139.779381,
          35.66208
        ],
        "type": "Point"
      },
      "properties": {
        "bangumi_id": 387803,
        "bangumi_title": "江户前精灵",
        "ep_cut": "",
        "image_url": "https://w.junreimap.com/images/points/387803/9d752e3b_1744563342819.jpg",
        "location": "江戸前エルフ聖地巡礼地図",
        "point_id": "9d752e3b",
        "point_name": "第03話　継承の儀の夜回り",
        "remark": ""
      },
      "type": "Feature"
    },
    {
      "geometry": {
        "coordinates": [
          139.782729,
          35.665717
        ],
        "type": "Point"
      },
      "properties": {
        "bangumi_id": 387803,
        "bangumi_title": "江户前精灵",
        "ep_cut": "",
        "image_url": "https://w.junreimap.com/images/points/387803/f2398a17_1744563352419.jpg",
        "location": "江戸前エルフ聖地巡礼地図",
        "point_id": "f2398a17",
        "point_name": "第03話　十字路をやって来るエルダ様＆巫女",
        "remark": ""
      },
      "type": "Feature"
    },
    {
      "geometry": {
        "coordinates": [
          139.782625,
          35.665744
        ],
        "type": "Point"
      },
      "properties": {
        "bangumi_id": 387803,
        "bangumi_title": "江户前精灵",
        "ep_cut": "",
        "image_url": "https://w.junreimap.com/images/points/387803/7e1b1563_1744563362051.jpg",
        "location": "江戸前エルフ聖地巡礼地図",
        "point_id": "7e1b1563",
        "point_name": "第03話　ゴール前",
        "remark": ""
      },
      "type": "Feature"
    },
    {
      "geometry": {
        "coordinates": [
          139.782867,
          35.665589
        ],
        "type": "Point"
      },
      "properties": {
        "bangumi_id": 387803,
        "bangumi_title": "江户前精灵",
        "ep_cut": "",
        "image_url": "https://w.junreimap.com/images/points/387803/417714cf_1744563375036.jpg",
        "location": "江戸前エルフ聖地巡礼地図",
        "point_id": "417714cf",
        "point_name": "第03話　カップメンを食べる継承の儀",
        "remark": ""
      },
      "type": "Feature"
    },
    {
      "geometry": {
        "coordinates": [
          135.500481,
          34.669134
        ],
        "type": "Point"
      },
      "properties": {
        "bangumi_id": 387803,
        "bangumi_title": "江户前精灵",
        "ep_cut": "",
        "image_url": "https://w.junreimap.com/images/points/387803/b0004a9e_1744563401325.jpg",
        "location": "江戸前エルフ聖地巡礼地図",
        "point_id": "b0004a9e",
        "point_name": "第03話　道頓堀",
        "remark": "場所：道頓堀コミック：1巻04話"
      },
      "type": "Feature"
    },
    {
      "geometry": {
        "coordinates": [
          135.505826,
          34.651198
        ],
        "type": "Point"
      },
      "properties": {
        "bangumi_id": 387803,
        "bangumi_title": "江户前精灵",
        "ep_cut": "",
        "image_url": "https://w.junreimap.com/images/points/387803/8e16af23_1744563421665.jpg",
        "location": "江戸前エルフ聖地巡礼地図",
        "point_id": "8e16af23",
        "point_name": "第03話　新世界",
        "remark": "場所：新世界コミック：1巻04話"
      },
      "type": "Feature"
    },
    {
      "geometry": {
        "coordinates": [
          127.688386,
          26.216272
        ],
        "type": "Point"
      },
      "properties": {
        "bangumi_id": 387803,
        "bangumi_title": "江户前精灵",
        "ep_cut": "",
        "image_url": "https://w.junreimap.com/images/points/387803/b859f89b_1744563437772.jpg",
        "location": "江戸前エルフ聖地巡礼地図",
        "point_id": "b859f89b",
        "point_name": "第04話　沖縄国際通り",
        "remark": "原作（コミック2巻05話）はシマデンに貰ったVRで。アニメはストビューで観光。"
      },
      "type": "Feature"
    },
    {
      "geometry": {
        "coordinates": [
          127.691098,
          26.217281
        ],
        "type": "Point"
      },
      "properties": {
        "bangumi_id": 387803,
        "bangumi_title": "江户前精灵",
        "ep_cut": "",
        "image_url": "https://w.junreimap.com/images/points/387803/474e1309_1744563446740.jpg",
        "location": "江戸前エルフ聖地巡礼地図",
        "point_id": "474e1309",
        "point_name": "第04話　沖縄アイス屋",
        "remark": "場所：ブルーシール国際通りトレビアン店の前原作（コミック2巻05話）はシマデンに貰ったVRで。アニメはストビューで観光"
      },
      "type": "Feature"
    },
    {
      "geometry": {
        "coordinates": [
          139.786322,
          35.665376
        ],
        "type": "Point"
      },
      "properties": {
        "bangumi_id": 387803,
        "bangumi_title": "江户前精灵",
        "ep_cut": "",
        "image_url": "https://w.junreimap.com/images/points/387803/4b49f03d_1744563461502.jpg",
        "location": "江戸前エルフ聖地巡礼地図",
        "point_id": "4b49f03d",
        "point_name": "第04話　Aパート冒頭　見上げるビル",
        "remark": ""
      },
      "type": "Feature"
    },
    {
      "geometry": {
        "coordinates": [
          139.780878,
          35.663126
        ],
        "type": "Point"
      },
      "properties": {
        "bangumi_id": 387803,
        "bangumi_title": "江户前精灵",
        "ep_cut": "",
        "image_url": "https://w.junreimap.com/images/points/387803/0a807bf6_1744563471317.jpg",
        "location": "江戸前エルフ聖地巡礼地図",
        "point_id": "0a807bf6",
        "point_name": "第04話　来客用の菓子を買った帰り道",
        "remark": ""
      },
      "type": "Feature"
    },
    {
      "geometry": {
        "coordinates": [
          139.780921,
          35.663118
        ],
        "type": "Point"
      },
      "properties": {
        "bangumi_id": 387803,
        "bangumi_title": "江户前精灵",
        "ep_cut": "",
        "image_url": "https://w.junreimap.com/images/points/387803/867f0305_1744563486572.jpg",
        "location": "江戸前エルフ聖地巡礼地図",
        "point_id": "867f0305",
        "point_name": "第04話　ヨルデ様が泣いてた場所（アニメ版）",
        "remark": "原作とは道を挟んで反対側。"
      },
      "type": "Feature"
    },
    {
      "geometry": {
        "coordinates": [
          139.783079,
          35.667104
        ],
        "type": "Point"
      },
      "properties": {
        "bangumi_id": 387803,
        "bangumi_title": "江户前精灵",
        "ep_cut": "",
        "image_url": "https://w.junreimap.com/images/points/387803/5f0f810a_1744563496932.jpg",
        "location": "江戸前エルフ聖地巡礼地図",
        "point_id": "5f0f810a",
        "point_name": "第04話　ヨルデが帰った日の夕暮れ",
        "remark": "コミック1巻01話他、たくさん登場する場面の一つ。原作連載時と比べ、町並みも変わっている。"
      },
      "type": "Feature"
    },
    {
      "geometry": {
        "coordinates": [
          139.786276,
          35.665349
        ],
        "type": "Point"
      },
      "properties": {
        "bangumi_id": 387803,
        "bangumi_title": "江户前精灵",
        "ep_cut": "",
        "image_url": "https://w.junreimap.com/images/points/387803/fb929ca0_1744563506516.jpg",
        "location": "江戸前エルフ聖地巡礼地図",
        "point_id": "fb929ca0",
        "point_name": "第04話　閑話休題風景",
        "remark": ""
      },
      "type": "Feature"
    },
    {
      "geometry": {
        "coordinates": [
          139.78259,
          35.66725
        ],
        "type": "Point"
      },
      "properties": {
        "bangumi_id": 387803,
        "bangumi_title": "江户前精灵",
        "ep_cut": "",
        "image_url": "https://w.junreimap.com/images/points/387803/c7bc8266_1744563518566.jpg",
        "location": "江戸前エルフ聖地巡礼地図",
        "point_id": "c7bc8266",
        "point_name": "第05話　冒頭　神託を届けに向かう精霊ちゃん",
        "remark": ""
      },
      "type": "Feature"
    },
    {
      "geometry": {
        "coordinates": [
          139.782941,
          35.665508
        ],
        "type": "Point"
      },
      "properties": {
        "bangumi_id": 387803,
        "bangumi_title": "江户前精灵",
        "ep_cut": "",
        "image_url": "https://w.junreimap.com/images/points/387803/8f837b53_1744563533477.jpg",
        "location": "江戸前エルフ聖地巡礼地図",
        "point_id": "8f837b53",
        "point_name": "第05話　働く精霊ちゃん",
        "remark": ""
      },
      "type": "Feature"
    },
    {
      "geometry": {
        "coordinates": [
          139.783741,
          35.665071
        ],
        "type": "Point"
      },
      "properties": {
        "bangumi_id": 387803,
        "bangumi_title": "江户前精灵",
        "ep_cut": "",
        "image_url": "https://w.junreimap.com/images/points/387803/7731dc76_1744563542924.jpg",
        "location": "江戸前エルフ聖地巡礼地図",
        "point_id": "7731dc76",
        "point_name": "第05話　ハッピーセットの御神託を受ける小糸ちゃん",
        "remark": "場所：マクドナルド月島駅前店"
      },
      "type": "Feature"
    },
    {
      "geometry": {
        "coordinates": [
          139.780366,
          35.664951
        ],
        "type": "Point"
      },
      "properties": {
        "bangumi_id": 387803,
        "bangumi_title": "江户前精灵",
        "ep_cut": "",
        "image_url": "https://w.junreimap.com/images/points/387803/fae1c321_1744563556820.jpg",
        "location": "江戸前エルフ聖地巡礼地図",
        "point_id": "fae1c321",
        "point_name": "第06話　冒頭",
        "remark": ""
      },
      "type": "Feature"
    },
    {
      "geometry": {
        "coordinates": [
          139.780269,
          35.664677
        ],
        "type": "Point"
      },
      "properties": {
        "bangumi_id": 387803,
        "bangumi_title": "江户前精灵",
        "ep_cut": "",
        "image_url": "https://w.junreimap.com/images/points/387803/3184fc67_1744563566085.jpg",
        "location": "江戸前エルフ聖地巡礼地図",
        "point_id": "3184fc67",
        "point_name": "第06話　ブランコ",
        "remark": ""
      },
      "type": "Feature"
    },
    {
      "geometry": {
        "coordinates": [
          139.780225,
          35.664732
        ],
        "type": "Point"
      },
      "properties": {
        "bangumi_id": 387803,
        "bangumi_title": "江户前精灵",
        "ep_cut": "",
        "image_url": "https://w.junreimap.com/images/points/387803/48194f8a_1744563584966.jpg",
        "location": "江戸前エルフ聖地巡礼地図",
        "point_id": "48194f8a",
        "point_name": "第06話　公園風景",
        "remark": ""
      },
      "type": "Feature"
    },
    {
      "geometry": {
        "coordinates": [
          139.781103,
          35.660576
        ],
        "type": "Point"
      },
      "properties": {
        "bangumi_id": 387803,
        "bangumi_title": "江户前精灵",
        "ep_cut": "",
        "image_url": "https://w.junreimap.com/images/points/387803/28f43e5f_1744563594795.jpg",
        "location": "江戸前エルフ聖地巡礼地図",
        "point_id": "28f43e5f",
        "point_name": "第06話　アイアムサン前",
        "remark": "場所：ローソン H月島勝どき店の前"
      },
      "type": "Feature"
    },
    {
      "geometry": {
        "coordinates": [
          139.783462,
          35.665385
        ],
        "type": "Point"
      },
      "properties": {
        "bangumi_id": 387803,
        "bangumi_title": "江户前精灵",
        "ep_cut": "",
        "image_url": "https://w.junreimap.com/images/points/387803/10c40221_1744563606684.jpg",
        "location": "江戸前エルフ聖地巡礼地図",
        "point_id": "10c40221",
        "point_name": "第06話　富士遙拝の儀の夜の街",
        "remark": "2021年～2022年前半ごろの景色。ストビューで確認できる。"
      },
      "type": "Feature"
    },
    {
      "geometry": {
        "coordinates": [
          139.788616,
          35.667378
        ],
        "type": "Point"
      },
      "properties": {
        "bangumi_id": 387803,
        "bangumi_title": "江户前精灵",
        "ep_cut": "",
        "image_url": "https://w.junreimap.com/images/points/387803/3f2a2d25_1744563616586.jpg",
        "location": "江戸前エルフ聖地巡礼地図",
        "point_id": "3f2a2d25",
        "point_name": "第06話　車で移動中の車内",
        "remark": "スカイツリーに向かう車内からの景色。見えてる鉄骨は相生橋のモノ。"
      },
      "type": "Feature"
    },
    {
      "geometry": {
        "coordinates": [
          139.788666,
          35.667417
        ],
        "type": "Point"
      },
      "properties": {
        "bangumi_id": 387803,
        "bangumi_title": "江户前精灵",
        "ep_cut": "",
        "image_url": "https://w.junreimap.com/images/points/387803/96b191da_1744563629290.jpg",
        "location": "江戸前エルフ聖地巡礼地図",
        "point_id": "96b191da",
        "point_name": "第06話　車は江東区へ",
        "remark": "江東区の案内板。中央区と江東区の境界である。"
      },
      "type": "Feature"
    },
    {
      "geometry": {
        "coordinates": [
          139.789523,
          35.667242
        ],
        "type": "Point"
      },
      "properties": {
        "bangumi_id": 387803,
        "bangumi_title": "江户前精灵",
        "ep_cut": "",
        "image_url": "https://w.junreimap.com/images/points/387803/9a441840_1744563639468.jpg",
        "location": "江戸前エルフ聖地巡礼地図",
        "point_id": "9a441840",
        "point_name": "第06話　相生橋北詰付近（空撮）",
        "remark": ""
      },
      "type": "Feature"
    },
    {
      "geometry": {
        "coordinates": [
          139.809909,
          35.70964
        ],
        "type": "Point"
      },
      "properties": {
        "bangumi_id": 387803,
        "bangumi_title": "江户前精灵",
        "ep_cut": "",
        "image_url": "https://w.junreimap.com/images/points/387803/9b7b0472_1744563650883.jpg",
        "location": "江戸前エルフ聖地巡礼地図",
        "point_id": "9b7b0472",
        "point_name": "第06話　駐車場案内板",
        "remark": ""
      },
      "type": "Feature"
    },
    {
      "geometry": {
        "coordinates": [
          139.810088,
          35.710268
        ],
        "type": "Point"
      },
      "properties": {
        "bangumi_id": 387803,
        "bangumi_title": "江户前精灵",
        "ep_cut": "",
        "image_url": "https://w.junreimap.com/images/points/387803/9adaa9f1_1744563662491.jpg",
        "location": "江戸前エルフ聖地巡礼地図",
        "point_id": "9adaa9f1",
        "point_name": "第06話　帰りたいエルダ様",
        "remark": ""
      },
      "type": "Feature"
    },
    {
      "geometry": {
        "coordinates": [
          139.810247,
          35.71019
        ],
        "type": "Point"
      },
      "properties": {
        "bangumi_id": 387803,
        "bangumi_title": "江户前精灵",
        "ep_cut": "",
        "image_url": "https://w.junreimap.com/images/points/387803/0ab6a308_1744563671146.jpg",
        "location": "江戸前エルフ聖地巡礼地図",
        "point_id": "0ab6a308",
        "point_name": "第06話　フロア案内",
        "remark": ""
      },
      "type": "Feature"
    },
    {
      "geometry": {
        "coordinates": [
          139.810363,
          35.710139
        ],
        "type": "Point"
      },
      "properties": {
        "bangumi_id": 387803,
        "bangumi_title": "江户前精灵",
        "ep_cut": "",
        "image_url": "https://w.junreimap.com/images/points/387803/a1a49892_1744563679716.jpg",
        "location": "江戸前エルフ聖地巡礼地図",
        "point_id": "a1a49892",
        "point_name": "第06話　エスカレーター前",
        "remark": ""
      },
      "type": "Feature"
    },
    {
      "geometry": {
        "coordinates": [
          139.810297,
          35.71004
        ],
        "type": "Point"
      },
      "properties": {
        "bangumi_id": 387803,
        "bangumi_title": "江户前精灵",
        "ep_cut": "",
        "image_url": "https://w.junreimap.com/images/points/387803/3e2a9043_1744563688074.jpg",
        "location": "江戸前エルフ聖地巡礼地図",
        "point_id": "3e2a9043",
        "point_name": "第06話　エスカレーターの終わり",
        "remark": ""
      },
      "type": "Feature"
    },
    {
      "geometry": {
        "coordinates": [
          139.810278,
          35.710012
        ],
        "type": "Point"
      },
      "properties": {
        "bangumi_id": 387803,
        "bangumi_title": "江户前精灵",
        "ep_cut": "",
        "image_url": "https://w.junreimap.com/images/points/387803/a7a8dae6_1744563696411.jpg",
        "location": "江戸前エルフ聖地巡礼地図",
        "point_id": "a7a8dae6",
        "point_name": "第06話　展望台案内板",
        "remark": ""
      },
      "type": "Feature"
    },
    {
      "geometry": {
        "coordinates": [
          139.81047,
          35.710179
        ],
        "type": "Point"
      },
      "properties": {
        "bangumi_id": 387803,
        "bangumi_title": "江户前精灵",
        "ep_cut": "",
        "image_url": "https://w.junreimap.com/images/points/387803/cba8d453_1744563704500.jpg",
        "location": "江戸前エルフ聖地巡礼地図",
        "point_id": "cba8d453",
        "point_name": "第06話　4階チケット売り場",
        "remark": ""
      },
      "type": "Feature"
    },
    {
      "geometry": {
        "coordinates": [
          139.811061,
          35.710295
        ],
        "type": "Point"
      },
      "properties": {
        "bangumi_id": 387803,
        "bangumi_title": "江户前精灵",
        "ep_cut": "",
        "image_url": "https://w.junreimap.com/images/points/387803/08e3022c_1744563717451.jpg",
        "location": "江戸前エルフ聖地巡礼地図",
        "point_id": "08e3022c",
        "point_name": "第06話　見上げるスカイツリー",
        "remark": ""
      },
      "type": "Feature"
    },
    {
      "geometry": {
        "coordinates": [
          139.81054,
          35.71023
        ],
        "type": "Point"
      },
      "properties": {
        "bangumi_id": 387803,
        "bangumi_title": "江户前精灵",
        "ep_cut": "",
        "image_url": "https://w.junreimap.com/images/points/387803/127a6924_1744563728083.jpg",
        "location": "江戸前エルフ聖地巡礼地図",
        "point_id": "127a6924",
        "point_name": "第06話　4階入場ゲート前",
        "remark": ""
      },
      "type": "Feature"
    },
    {
      "geometry": {
        "coordinates": [
          139.810617,
          35.710202
        ],
        "type": "Point"
      },
      "properties": {
        "bangumi_id": 387803,
        "bangumi_title": "江户前精灵",
        "ep_cut": "",
        "image_url": "https://w.junreimap.com/images/points/387803/570e73f1_1744563736883.jpg",
        "location": "江戸前エルフ聖地巡礼地図",
        "point_id": "570e73f1",
        "point_name": "第06話　4階エレベーターまでの廊下",
        "remark": ""
      },
      "type": "Feature"
    },
    {
      "geometry": {
        "coordinates": [
          139.810699,
          35.710221
        ],
        "type": "Point"
      },
      "properties": {
        "bangumi_id": 387803,
        "bangumi_title": "江户前精灵",
        "ep_cut": "",
        "image_url": "https://w.junreimap.com/images/points/387803/4c766d3b_1744563745323.jpg",
        "location": "江戸前エルフ聖地巡礼地図",
        "point_id": "4c766d3b",
        "point_name": "第06話　展望デッキ（350階）へのエレベーター",
        "remark": ""
      },
      "type": "Feature"
    },
    {
      "geometry": {
        "coordinates": [
          139.810672,
          35.710267
        ],
        "type": "Point"
      },
      "properties": {
        "bangumi_id": 387803,
        "bangumi_title": "江户前精灵",
        "ep_cut": "",
        "image_url": "https://w.junreimap.com/images/points/387803/02c58a9a_1744563754844.jpg",
        "location": "江戸前エルフ聖地巡礼地図",
        "point_id": "02c58a9a",
        "point_name": "第06話　350階。展望デッキ",
        "remark": ""
      },
      "type": "Feature"
    },
    {
      "geometry": {
        "coordinates": [
          139.810702,
          35.710292
        ],
        "type": "Point"
      },
      "properties": {
        "bangumi_id": 387803,
        "bangumi_title": "江户前精灵",
        "ep_cut": "",
        "image_url": "https://w.junreimap.com/images/points/387803/d4406804_1744563765339.jpg",
        "location": "江戸前エルフ聖地巡礼地図",
        "point_id": "d4406804",
        "point_name": "第06話　350階。4階から上がって来たエレベーター出口前",
        "remark": ""
      },
      "type": "Feature"
    },
    {
      "geometry": {
        "coordinates": [
          139.810646,
          35.710287
        ],
        "type": "Point"
      },
      "properties": {
        "bangumi_id": 387803,
        "bangumi_title": "江户前精灵",
        "ep_cut": "",
        "image_url": "https://w.junreimap.com/images/points/387803/29d5c24f_1744563777843.jpg",
        "location": "江戸前エルフ聖地巡礼地図",
        "point_id": "29d5c24f",
        "point_name": "第06話　350階。順路の案内",
        "remark": ""
      },
      "type": "Feature"
    },
    {
      "geometry": {
        "coordinates": [
          139.810619,
          35.710301
        ],
        "type": "Point"
      },
      "properties": {
        "bangumi_id": 387803,
        "bangumi_title": "江户前精灵",
        "ep_cut": "",
        "image_url": "https://w.junreimap.com/images/points/387803/0d221b74_1744563786563.jpg",
        "location": "江戸前エルフ聖地巡礼地図",
        "point_id": "0d221b74",
        "point_name": "第06話　350階。展望デッキを進む",
        "remark": ""
      },
      "type": "Feature"
    },
    {
      "geometry": {
        "coordinates": [
          139.810606,
          35.710319
        ],
        "type": "Point"
      },
      "properties": {
        "bangumi_id": 387803,
        "bangumi_title": "江户前精灵",
        "ep_cut": "",
        "image_url": "https://w.junreimap.com/images/points/387803/cf99e949_1744563794891.jpg",
        "location": "江戸前エルフ聖地巡礼地図",
        "point_id": "cf99e949",
        "point_name": "第06話　350。階展望デッキ",
        "remark": ""
      },
      "type": "Feature"
    },
    {
      "geometry": {
        "coordinates": [
          139.810656,
          35.710417
        ],
        "type": "Point"
      },
      "properties": {
        "bangumi_id": 387803,
        "bangumi_title": "江户前精灵",
        "ep_cut": "",
        "image_url": "https://w.junreimap.com/images/points/387803/98b160d3_1744563804418.jpg",
        "location": "江戸前エルフ聖地巡礼地図",
        "point_id": "98b160d3",
        "point_name": "第06話　445階。展望回廊入り口",
        "remark": ""
      },
      "type": "Feature"
    },
    {
      "geometry": {
        "coordinates": [
          139.810754,
          35.710346
        ],
        "type": "Point"
      },
      "properties": {
        "bangumi_id": 387803,
        "bangumi_title": "江户前精灵",
        "ep_cut": "",
        "image_url": "https://w.junreimap.com/images/points/387803/5ad993a4_1744563815211.jpg",
        "location": "江戸前エルフ聖地巡礼地図",
        "point_id": "5ad993a4",
        "point_name": "第06話　445階。展望回廊",
        "remark": ""
      },
      "type": "Feature"
    },
    {
      "geometry": {
        "coordinates": [
          139.810679,
          35.710338
        ],
        "type": "Point"
      },
      "properties": {
        "bangumi_id": 387803,
        "bangumi_title": "江户前精灵",
        "ep_cut": "",
        "image_url": "https://w.junreimap.com/images/points/387803/05d97af6_1744563827084.jpg",
        "location": "江戸前エルフ聖地巡礼地図",
        "point_id": "05d97af6",
        "point_name": "第06話　445階。展望回廊を進む",
        "remark": ""
      },
      "type": "Feature"
    },
    {
      "geometry": {
        "coordinates": [
          139.810785,
          35.710399
        ],
        "type": "Point"
      },
      "properties": {
        "bangumi_id": 387803,
        "bangumi_title": "江户前精灵",
        "ep_cut": "",
        "image_url": "https://w.junreimap.com/images/points/387803/879a4745_1744563836498.jpg",
        "location": "江戸前エルフ聖地巡礼地図",
        "point_id": "879a4745",
        "point_name": "第06話　～450階。展望回廊の終わり",
        "remark": ""
      },
      "type": "Feature"
    },
    {
      "geometry": {
        "coordinates": [
          139.810731,
          35.710374
        ],
        "type": "Point"
      },
      "properties": {
        "bangumi_id": 387803,
        "bangumi_title": "江户前精灵",
        "ep_cut": "",
        "image_url": "https://w.junreimap.com/images/points/387803/7a681ff8_1744563846786.jpg",
        "location": "江戸前エルフ聖地巡礼地図",
        "point_id": "7a681ff8",
        "point_name": "第06話　450階。これより神域",
        "remark": ""
      },
      "type": "Feature"
    },
    {
      "geometry": {
        "coordinates": [
          139.810667,
          35.71038
        ],
        "type": "Point"
      },
      "properties": {
        "bangumi_id": 387803,
        "bangumi_title": "江户前精灵",
        "ep_cut": "",
        "image_url": "https://w.junreimap.com/images/points/387803/47ee548a_1744563871171.jpg",
        "location": "江戸前エルフ聖地巡礼地図",
        "point_id": "47ee548a",
        "point_name": "第06話　ツリーてっぺんで富士を拝む",
        "remark": ""
      },
      "type": "Feature"
    },
    {
      "geometry": {
        "coordinates": [
          139.810345,
          35.709738
        ],
        "type": "Point"
      },
      "properties": {
        "bangumi_id": 387803,
        "bangumi_title": "江户前精灵",
        "ep_cut": "",
        "image_url": "https://w.junreimap.com/images/points/387803/b13e2928_1744563886099.jpg",
        "location": "江戸前エルフ聖地巡礼地図",
        "point_id": "b13e2928",
        "point_name": "第06話　儀式が始まるてっぺんを見上げる構図",
        "remark": ""
      },
      "type": "Feature"
    },
    {
      "geometry": {
        "coordinates": [
          139.783334,
          35.644047
        ],
        "type": "Point"
      },
      "properties": {
        "bangumi_id": 387803,
        "bangumi_title": "江户前精灵",
        "ep_cut": "",
        "image_url": "https://w.junreimap.com/images/points/387803/d43d5362_1744563970755.jpg",
        "location": "江戸前エルフ聖地巡礼地図",
        "point_id": "d43d5362",
        "point_name": "第07話　豊洲市場前",
        "remark": ""
      },
      "type": "Feature"
    },
    {
      "geometry": {
        "coordinates": [
          139.785889,
          35.650715
        ],
        "type": "Point"
      },
      "properties": {
        "bangumi_id": 387803,
        "bangumi_title": "江户前精灵",
        "ep_cut": "",
        "image_url": "https://w.junreimap.com/images/points/387803/3efdea17_1744563980052.jpg",
        "location": "江戸前エルフ聖地巡礼地図",
        "point_id": "3efdea17",
        "point_name": "第07話　市場から帰る小袖子ちゃん",
        "remark": "場所：晴海大橋原作：コミック1巻02話"
      },
      "type": "Feature"
    },
    {
      "geometry": {
        "coordinates": [
          139.783032,
          35.666317
        ],
        "type": "Point"
      },
      "properties": {
        "bangumi_id": 387803,
        "bangumi_title": "江户前精灵",
        "ep_cut": "",
        "image_url": "https://w.junreimap.com/images/points/387803/4c4a5eaf_1744563991429.jpg",
        "location": "江戸前エルフ聖地巡礼地図",
        "point_id": "4c4a5eaf",
        "point_name": "第07話　冒頭",
        "remark": ""
      },
      "type": "Feature"
    },
    {
      "geometry": {
        "coordinates": [
          139.78409,
          35.667071
        ],
        "type": "Point"
      },
      "properties": {
        "bangumi_id": 387803,
        "bangumi_title": "江户前精灵",
        "ep_cut": "",
        "image_url": "https://w.junreimap.com/images/points/387803/8eaf0b76_1744564002565.jpg",
        "location": "江戸前エルフ聖地巡礼地図",
        "point_id": "8eaf0b76",
        "point_name": "第07話　学校帰りのみーちゃんと小柚子ちゃんが別れるシーン",
        "remark": ""
      },
      "type": "Feature"
    },
    {
      "geometry": {
        "coordinates": [
          139.783265,
          35.667327
        ],
        "type": "Point"
      },
      "properties": {
        "bangumi_id": 387803,
        "bangumi_title": "江户前精灵",
        "ep_cut": "",
        "image_url": "https://w.junreimap.com/images/points/387803/b6a5ffd4_1744564013197.jpg",
        "location": "江戸前エルフ聖地巡礼地図",
        "point_id": "b6a5ffd4",
        "point_name": "第07話　小柚子の帰り道だったり点々と落ちているかえる戦車を追うエルダ様",
        "remark": "この2人の道筋から言っても、この先のかどを右に曲がると高耳神社に至るわけです。"
      },
      "type": "Feature"
    },
    {
      "geometry": {
        "coordinates": [
          139.783376,
          35.667092
        ],
        "type": "Point"
      },
      "properties": {
        "bangumi_id": 387803,
        "bangumi_title": "江户前精灵",
        "ep_cut": "",
        "image_url": "https://w.junreimap.com/images/points/387803/a216cbfe_1744564023661.jpg",
        "location": "江戸前エルフ聖地巡礼地図",
        "point_id": "a216cbfe",
        "point_name": "第07話　佃小橋を走って帰る小柚子ちゃん",
        "remark": ""
      },
      "type": "Feature"
    },
    {
      "geometry": {
        "coordinates": [
          139.699603,
          35.659442
        ],
        "type": "Point"
      },
      "properties": {
        "bangumi_id": 387803,
        "bangumi_title": "江户前精灵",
        "ep_cut": "",
        "image_url": "https://w.junreimap.com/images/points/387803/674ba2da_1744564042939.jpg",
        "location": "江戸前エルフ聖地巡礼地図",
        "point_id": "674ba2da",
        "point_name": "第07話　悪夢109前交差点",
        "remark": "原作：コミック3巻13話"
      },
      "type": "Feature"
    },
    {
      "geometry": {
        "coordinates": [
          139.782713,
          35.664502
        ],
        "type": "Point"
      },
      "properties": {
        "bangumi_id": 387803,
        "bangumi_title": "江户前精灵",
        "ep_cut": "",
        "image_url": "https://w.junreimap.com/images/points/387803/12668073_1744564053938.jpg",
        "location": "江戸前エルフ聖地巡礼地図",
        "point_id": "12668073",
        "point_name": "第07話　月島1丁目108と109の間",
        "remark": ""
      },
      "type": "Feature"
    },
    {
      "geometry": {
        "coordinates": [
          139.782723,
          35.664444
        ],
        "type": "Point"
      },
      "properties": {
        "bangumi_id": 387803,
        "bangumi_title": "江户前精灵",
        "ep_cut": "",
        "image_url": "https://w.junreimap.com/images/points/387803/e6680a5f_1744564066860.jpg",
        "location": "江戸前エルフ聖地巡礼地図",
        "point_id": "e6680a5f",
        "point_name": "第07話　エルダ様を拝む男女",
        "remark": "氏子が美人ばかりなの。高耳様のご利益では？"
      },
      "type": "Feature"
    },
    {
      "geometry": {
        "coordinates": [
          139.782664,
          35.664545
        ],
        "type": "Point"
      },
      "properties": {
        "bangumi_id": 387803,
        "bangumi_title": "江户前精灵",
        "ep_cut": "",
        "image_url": "https://w.junreimap.com/images/points/387803/2837b496_1744564076829.jpg",
        "location": "江戸前エルフ聖地巡礼地図",
        "point_id": "2837b496",
        "point_name": "第07話　人通りの無い場所へ",
        "remark": ""
      },
      "type": "Feature"
    },
    {
      "geometry": {
        "coordinates": [
          139.782711,
          35.664425
        ],
        "type": "Point"
      },
      "properties": {
        "bangumi_id": 387803,
        "bangumi_title": "江户前精灵",
        "ep_cut": "",
        "image_url": "https://w.junreimap.com/images/points/387803/9c6d0a4b_1744564087524.jpg",
        "location": "江戸前エルフ聖地巡礼地図",
        "point_id": "9c6d0a4b",
        "point_name": "第07話　一番街（南側）風景",
        "remark": ""
      },
      "type": "Feature"
    },
    {
      "geometry": {
        "coordinates": [
          139.781843,
          35.663767
        ],
        "type": "Point"
      },
      "properties": {
        "bangumi_id": 387803,
        "bangumi_title": "江户前精灵",
        "ep_cut": "",
        "image_url": "https://w.junreimap.com/images/points/387803/fe0c7be2_1744564115115.jpg",
        "location": "江戸前エルフ聖地巡礼地図",
        "point_id": "fe0c7be2",
        "point_name": "第07話　ゑちぜんや（閉業）",
        "remark": "場所：ゑちぜんや原作：コミック3巻13話スタンプラリーで立ち寄ったお店の一つ。モヤさまにも登場したことがある駄菓子屋である。2017年に閉業。再開発で店舗ごと無くなった。原作で見切れている看板の文字は、「フジパン」である。過去のストビューでその存在は確認できる。"
      },
      "type": "Feature"
    },
    {
      "geometry": {
        "coordinates": [
          139.781971,
          35.664289
        ],
        "type": "Point"
      },
      "properties": {
        "bangumi_id": 387803,
        "bangumi_title": "江户前精灵",
        "ep_cut": "",
        "image_url": "https://w.junreimap.com/images/points/387803/4e2fe853_1744564130596.jpg",
        "location": "江戸前エルフ聖地巡礼地図",
        "point_id": "4e2fe853",
        "point_name": "第07話　裏路地美容室前",
        "remark": "原作：コミック3巻13話奥行きが現実の物と比べると変わっている。"
      },
      "type": "Feature"
    },
    {
      "geometry": {
        "coordinates": [
          139.780894,
          35.663398
        ],
        "type": "Point"
      },
      "properties": {
        "bangumi_id": 387803,
        "bangumi_title": "江户前精灵",
        "ep_cut": "",
        "image_url": "https://w.junreimap.com/images/points/387803/3faca0d0_1744564140748.jpg",
        "location": "江戸前エルフ聖地巡礼地図",
        "point_id": "3faca0d0",
        "point_name": "第07話　沈丁花が咲く路地裏",
        "remark": ""
      },
      "type": "Feature"
    },
    {
      "geometry": {
        "coordinates": [
          139.783263,
          35.664811
        ],
        "type": "Point"
      },
      "properties": {
        "bangumi_id": 387803,
        "bangumi_title": "江户前精灵",
        "ep_cut": "",
        "image_url": "https://w.junreimap.com/images/points/387803/71856a54_1744564149347.jpg",
        "location": "江戸前エルフ聖地巡礼地図",
        "point_id": "71856a54",
        "point_name": "第07話　抽選会場",
        "remark": "場所：月島もんじゃストリート総合案内所の前"
      },
      "type": "Feature"
    },
    {
      "geometry": {
        "coordinates": [
          139.783245,
          35.664794
        ],
        "type": "Point"
      },
      "properties": {
        "bangumi_id": 387803,
        "bangumi_title": "江户前精灵",
        "ep_cut": "",
        "image_url": "https://w.junreimap.com/images/points/387803/f73cccec_1744564172875.jpg",
        "location": "江戸前エルフ聖地巡礼地図",
        "point_id": "f73cccec",
        "point_name": "第07話　不正は無かった、いいね？",
        "remark": ""
      },
      "type": "Feature"
    },
    {
      "geometry": {
        "coordinates": [
          139.783461,
          35.667277
        ],
        "type": "Point"
      },
      "properties": {
        "bangumi_id": 387803,
        "bangumi_title": "江户前精灵",
        "ep_cut": "",
        "image_url": "https://w.junreimap.com/images/points/387803/146c9985_1744564200531.jpg",
        "location": "江戸前エルフ聖地巡礼地図",
        "point_id": "146c9985",
        "point_name": "第07話　夕暮れの佃小橋",
        "remark": ""
      },
      "type": "Feature"
    },
    {
      "geometry": {
        "coordinates": [
          139.783352,
          35.667282
        ],
        "type": "Point"
      },
      "properties": {
        "bangumi_id": 387803,
        "bangumi_title": "江户前精灵",
        "ep_cut": "",
        "image_url": "https://w.junreimap.com/images/points/387803/5807d26f_1744564209235.jpg",
        "location": "江戸前エルフ聖地巡礼地図",
        "point_id": "5807d26f",
        "point_name": "第07話　夕日に輝くゴールデンカエルパンツァー",
        "remark": ""
      },
      "type": "Feature"
    },
    {
      "geometry": {
        "coordinates": [
          139.78293,
          35.667057
        ],
        "type": "Point"
      },
      "properties": {
        "bangumi_id": 387803,
        "bangumi_title": "江户前精灵",
        "ep_cut": "",
        "image_url": "https://w.junreimap.com/images/points/387803/02c6cff7_1744564217764.jpg",
        "location": "江戸前エルフ聖地巡礼地図",
        "point_id": "02c6cff7",
        "point_name": "第08話　アバン～ハイラ様来る",
        "remark": ""
      },
      "type": "Feature"
    },
    {
      "geometry": {
        "coordinates": [
          136.649202,
          36.5778
        ],
        "type": "Point"
      },
      "properties": {
        "bangumi_id": 387803,
        "bangumi_title": "江户前精灵",
        "ep_cut": "",
        "image_url": "https://w.junreimap.com/images/points/387803/96858189_1744564238324.jpg",
        "location": "江戸前エルフ聖地巡礼地図",
        "point_id": "96858189",
        "point_name": "第08話　いすずちゃんのインスタ写真",
        "remark": "場所：金沢駅前原作：コミック3巻15話"
      },
      "type": "Feature"
    },
    {
      "geometry": {
        "coordinates": [
          136.647977,
          36.577738
        ],
        "type": "Point"
      },
      "properties": {
        "bangumi_id": 387803,
        "bangumi_title": "江户前精灵",
        "ep_cut": "",
        "image_url": "https://w.junreimap.com/images/points/387803/c5ac8a34_1744564250483.jpg",
        "location": "江戸前エルフ聖地巡礼地図",
        "point_id": "c5ac8a34",
        "point_name": "第08話　スクラッチで散在するハイラ様",
        "remark": "場所：金沢百番街チャンスセンター原作：コミック3巻15話"
      },
      "type": "Feature"
    },
    {
      "geometry": {
        "coordinates": [
          139.782953,
          35.668125
        ],
        "type": "Point"
      },
      "properties": {
        "bangumi_id": 387803,
        "bangumi_title": "江户前精灵",
        "ep_cut": "",
        "image_url": "https://w.junreimap.com/images/points/387803/5133c84b_1744564262862.jpg",
        "location": "江戸前エルフ聖地巡礼地図",
        "point_id": "5133c84b",
        "point_name": "第08話　仲良く帰るハイラ様といすずちゃん",
        "remark": "二人を見送るエルダ様と小糸ちゃんがいる位置は、住吉神社の境内入り口からということになる。"
      },
      "type": "Feature"
    },
    {
      "geometry": {
        "coordinates": [
          139.79635,
          35.710994
        ],
        "type": "Point"
      },
      "properties": {
        "bangumi_id": 387803,
        "bangumi_title": "江户前精灵",
        "ep_cut": "",
        "image_url": "https://w.junreimap.com/images/points/387803/11771486_1744564273317.jpg",
        "location": "江戸前エルフ聖地巡礼地図",
        "point_id": "11771486",
        "point_name": "第10話　雷門前の写真（左上）",
        "remark": "ヨルデ様と向日葵ちゃんの東京観光の写真の一枚。"
      },
      "type": "Feature"
    },
    {
      "geometry": {
        "coordinates": [
          136.666546,
          36.572582
        ],
        "type": "Point"
      },
      "properties": {
        "bangumi_id": 387803,
        "bangumi_title": "江户前精灵",
        "ep_cut": "",
        "image_url": "https://w.junreimap.com/images/points/387803/a7b63be3_1744564286869.jpg",
        "location": "江戸前エルフ聖地巡礼地図",
        "point_id": "a7b63be3",
        "point_name": "第10話　ひがし茶屋街",
        "remark": ""
      },
      "type": "Feature"
    },
    {
      "geometry": {
        "coordinates": [
          139.78027,
          35.664653
        ],
        "type": "Point"
      },
      "properties": {
        "bangumi_id": 387803,
        "bangumi_title": "江户前精灵",
        "ep_cut": "",
        "image_url": "https://w.junreimap.com/images/points/387803/c50dc959_1744564296163.jpg",
        "location": "江戸前エルフ聖地巡礼地図",
        "point_id": "c50dc959",
        "point_name": "第10話　公園の時計",
        "remark": ""
      },
      "type": "Feature"
    },
    {
      "geometry": {
        "coordinates": [
          139.782389,
          35.664374
        ],
        "type": "Point"
      },
      "properties": {
        "bangumi_id": 387803,
        "bangumi_title": "江户前精灵",
        "ep_cut": "",
        "image_url": "https://w.junreimap.com/images/points/387803/950a7094_1744564309373.jpg",
        "location": "江戸前エルフ聖地巡礼地図",
        "point_id": "950a7094",
        "point_name": "第11話　お祭り前の月島風景",
        "remark": ""
      },
      "type": "Feature"
    },
    {
      "geometry": {
        "coordinates": [
          139.783563,
          35.667732
        ],
        "type": "Point"
      },
      "properties": {
        "bangumi_id": 387803,
        "bangumi_title": "江户前精灵",
        "ep_cut": "",
        "image_url": "https://w.junreimap.com/images/points/387803/36f19bf2_1744564318237.jpg",
        "location": "江戸前エルフ聖地巡礼地図",
        "point_id": "36f19bf2",
        "point_name": "第11話　神社の裏手の桟橋",
        "remark": "部分部分は似ている箇所がある。、"
      },
      "type": "Feature"
    },
    {
      "geometry": {
        "coordinates": [
          135.771452,
          34.987265
        ],
        "type": "Point"
      },
      "properties": {
        "bangumi_id": 387803,
        "bangumi_title": "江户前精灵",
        "ep_cut": "",
        "image_url": "https://w.junreimap.com/images/points/387803/8afdc6d7_1744564330876.jpg",
        "location": "江戸前エルフ聖地巡礼地図",
        "point_id": "8afdc6d7",
        "point_name": "第12話　三十三間堂",
        "remark": "京都"
      },
      "type": "Feature"
    },
    {
      "geometry": {
        "coordinates": [
          139.785932,
          35.665827
        ],
        "type": "Point"
      },
      "properties": {
        "bangumi_id": 387803,
        "bangumi_title": "江户前精灵",
        "ep_cut": "",
        "image_url": "https://w.junreimap.com/images/points/387803/451067d8_1744564341885.jpg",
        "location": "江戸前エルフ聖地巡礼地図",
        "point_id": "451067d8",
        "point_name": "第12話　弓耳祭りの夜",
        "remark": "場所：おいしい米の専門店の前"
      },
      "type": "Feature"
    },
    {
      "geometry": {
        "coordinates": [
          139.781027,
          35.667659
        ],
        "type": "Point"
      },
      "properties": {
        "bangumi_id": 387803,
        "bangumi_title": "江户前精灵",
        "ep_cut": "",
        "image_url": "https://w.junreimap.com/images/points/387803/9d91a23f_1744564350524.jpg",
        "location": "江戸前エルフ聖地巡礼地図",
        "point_id": "9d91a23f",
        "point_name": "第12話　佃大橋をくぐる小船",
        "remark": "北から南へ"
      },
      "type": "Feature"
    },
    {
      "geometry": {
        "coordinates": [
          139.779802,
          35.664506
        ],
        "type": "Point"
      },
      "properties": {
        "bangumi_id": 387803,
        "bangumi_title": "江户前精灵",
        "ep_cut": "",
        "image_url": "https://w.junreimap.com/images/points/387803/64c59dd5_1744564360131.jpg",
        "location": "江戸前エルフ聖地巡礼地図",
        "point_id": "64c59dd5",
        "point_name": "第12話　見守る観客（氏子の皆様方）",
        "remark": ""
      },
      "type": "Feature"
    },
    {
      "geometry": {
        "coordinates": [
          139.780236,
          35.664733
        ],
        "type": "Point"
      },
      "properties": {
        "bangumi_id": 387803,
        "bangumi_title": "江户前精灵",
        "ep_cut": "",
        "image_url": "https://w.junreimap.com/images/points/387803/bbad10f5_1744564376035.jpg",
        "location": "江戸前エルフ聖地巡礼地図",
        "point_id": "bbad10f5",
        "point_name": "第12話　見守るシマデン",
        "remark": ""
      },
      "type": "Feature"
    },
    {
      "geometry": {
        "coordinates": [
          139.781507,
          35.663652
        ],
        "type": "Point"
      },
      "properties": {
        "bangumi_id": 387803,
        "bangumi_title": "江户前精灵",
        "ep_cut": "",
        "image_url": "https://w.junreimap.com/images/points/387803/335e60fc_1744564384356.jpg",
        "location": "江戸前エルフ聖地巡礼地図",
        "point_id": "335e60fc",
        "point_name": "第12話　Ｂパート出だし。冷やし中華はじめましたノボリ",
        "remark": ""
      },
      "type": "Feature"
    },
    {
      "geometry": {
        "coordinates": [
          139.784057,
          35.672024
        ],
        "type": "Point"
      },
      "properties": {
        "bangumi_id": 387803,
        "bangumi_title": "江户前精灵",
        "ep_cut": "",
        "image_url": "https://w.junreimap.com/images/points/387803/dbc7b3fd_1744564393913.jpg",
        "location": "江戸前エルフ聖地巡礼地図",
        "point_id": "dbc7b3fd",
        "point_name": "第12話　ラストカット",
        "remark": "場所：中央大橋"
      },
      "type": "Feature"
    },
    {
      "geometry": {
        "coordinates": [
          139.782691,
          35.666646
        ],
        "type": "Point"
      },
      "properties": {
        "bangumi_id": 387803,
        "bangumi_title": "江户前精灵",
        "ep_cut": "",
        "image_url": "https://w.junreimap.com/images/points/387803/3c8df261_1744565258296.jpg",
        "location": "江戸前エルフ聖地巡礼地図　コミック",
        "point_id": "3c8df261",
        "point_name": "コミック1巻01話　公園の風景",
        "remark": "場所：佃大橋公園"
      },
      "type": "Feature"
    },
    {
      "geometry": {
        "coordinates": [
          139.782896,
          35.664628
        ],
        "type": "Point"
      },
      "properties": {
        "bangumi_id": 387803,
        "bangumi_title": "江户前精灵",
        "ep_cut": "",
        "image_url": "https://w.junreimap.com/images/points/387803/3402889a_1744565268067.jpg",
        "location": "江戸前エルフ聖地巡礼地図　コミック",
        "point_id": "3402889a",
        "point_name": "コミック1巻01話　お花屋前",
        "remark": ""
      },
      "type": "Feature"
    },
    {
      "geometry": {
        "coordinates": [
          139.779699,
          35.663679
        ],
        "type": "Point"
      },
      "properties": {
        "bangumi_id": 387803,
        "bangumi_title": "江户前精灵",
        "ep_cut": "",
        "image_url": "https://w.junreimap.com/images/points/387803/5b0056cb_1744565279417.jpg",
        "location": "江戸前エルフ聖地巡礼地図　コミック",
        "point_id": "5b0056cb",
        "point_name": "コミック1巻01話他　早歩きエルダ",
        "remark": ""
      },
      "type": "Feature"
    },
    {
      "geometry": {
        "coordinates": [
          139.780668,
          35.664429
        ],
        "type": "Point"
      },
      "properties": {
        "bangumi_id": 387803,
        "bangumi_title": "江户前精灵",
        "ep_cut": "",
        "image_url": "https://w.junreimap.com/images/points/387803/2e934756_1744565288065.jpg",
        "location": "江戸前エルフ聖地巡礼地図　コミック",
        "point_id": "2e934756",
        "point_name": "コミック1巻01話　家へ",
        "remark": "アニメと違い、まだ駐車場が無い、右下に建物が建っていた頃。"
      },
      "type": "Feature"
    },
    {
      "geometry": {
        "coordinates": [
          139.783096,
          35.644125
        ],
        "type": "Point"
      },
      "properties": {
        "bangumi_id": 387803,
        "bangumi_title": "江户前精灵",
        "ep_cut": "",
        "image_url": "https://w.junreimap.com/images/points/387803/f41aab30_1744565296751.jpg",
        "location": "江戸前エルフ聖地巡礼地図　コミック",
        "point_id": "f41aab30",
        "point_name": "コミック1巻02話　豊洲市場入り口",
        "remark": ""
      },
      "type": "Feature"
    },
    {
      "geometry": {
        "coordinates": [
          139.780792,
          35.663092
        ],
        "type": "Point"
      },
      "properties": {
        "bangumi_id": 387803,
        "bangumi_title": "江户前精灵",
        "ep_cut": "",
        "image_url": "https://w.junreimap.com/images/points/387803/f654650e_1744565311016.jpg",
        "location": "江戸前エルフ聖地巡礼地図　コミック",
        "point_id": "f654650e",
        "point_name": "コミック1巻02話他　三番街風景",
        "remark": "現在とは一致しない部分がある。昔のストビューで確認できる。"
      },
      "type": "Feature"
    },
    {
      "geometry": {
        "coordinates": [
          139.78421,
          35.664024
        ],
        "type": "Point"
      },
      "properties": {
        "bangumi_id": 387803,
        "bangumi_title": "江户前精灵",
        "ep_cut": "",
        "image_url": "https://w.junreimap.com/images/points/387803/fbad6014_1744565319457.jpg",
        "location": "江戸前エルフ聖地巡礼地図　コミック",
        "point_id": "fbad6014",
        "point_name": "コミック1巻04話　継承の儀",
        "remark": "原作は車道"
      },
      "type": "Feature"
    },
    {
      "geometry": {
        "coordinates": [
          139.783053,
          35.663729
        ],
        "type": "Point"
      },
      "properties": {
        "bangumi_id": 387803,
        "bangumi_title": "江户前精灵",
        "ep_cut": "",
        "image_url": "https://w.junreimap.com/images/points/387803/0023acb7_1744565327960.jpg",
        "location": "江戸前エルフ聖地巡礼地図　コミック",
        "point_id": "0023acb7",
        "point_name": "コミック1巻04話　継承の儀夜回り",
        "remark": ""
      },
      "type": "Feature"
    },
    {
      "geometry": {
        "coordinates": [
          139.78294,
          35.663777
        ],
        "type": "Point"
      },
      "properties": {
        "bangumi_id": 387803,
        "bangumi_title": "江户前精灵",
        "ep_cut": "",
        "image_url": "https://w.junreimap.com/images/points/387803/429cc86f_1744565339480.jpg",
        "location": "江戸前エルフ聖地巡礼地図　コミック",
        "point_id": "429cc86f",
        "point_name": "コミック1巻04話　服を預かってもらった商店",
        "remark": ""
      },
      "type": "Feature"
    },
    {
      "geometry": {
        "coordinates": [
          139.780201,
          35.65982
        ],
        "type": "Point"
      },
      "properties": {
        "bangumi_id": 387803,
        "bangumi_title": "江户前精灵",
        "ep_cut": "",
        "image_url": "https://w.junreimap.com/images/points/387803/b514c2d2_1744565356104.jpg",
        "location": "江戸前エルフ聖地巡礼地図　コミック",
        "point_id": "b514c2d2",
        "point_name": "コミック1巻04話　継承の儀　夜回り",
        "remark": ""
      },
      "type": "Feature"
    },
    {
      "geometry": {
        "coordinates": [
          139.779595,
          35.660351
        ],
        "type": "Point"
      },
      "properties": {
        "bangumi_id": 387803,
        "bangumi_title": "江户前精灵",
        "ep_cut": "",
        "image_url": "https://w.junreimap.com/images/points/387803/815236b3_1744565365585.jpg",
        "location": "江戸前エルフ聖地巡礼地図　コミック",
        "point_id": "815236b3",
        "point_name": "コミック1巻04話　止まれ",
        "remark": ""
      },
      "type": "Feature"
    },
    {
      "geometry": {
        "coordinates": [
          139.782882,
          35.665553
        ],
        "type": "Point"
      },
      "properties": {
        "bangumi_id": 387803,
        "bangumi_title": "江户前精灵",
        "ep_cut": "",
        "image_url": "https://w.junreimap.com/images/points/387803/5836d40c_1744565379560.jpg",
        "location": "江戸前エルフ聖地巡礼地図　コミック",
        "point_id": "5836d40c",
        "point_name": "コミック1巻04話　30に伏す巫女",
        "remark": ""
      },
      "type": "Feature"
    },
    {
      "geometry": {
        "coordinates": [
          135.504361,
          34.651057
        ],
        "type": "Point"
      },
      "properties": {
        "bangumi_id": 387803,
        "bangumi_title": "江户前精灵",
        "ep_cut": "",
        "image_url": "https://w.junreimap.com/images/points/387803/c503d20c_1744565392312.jpg",
        "location": "江戸前エルフ聖地巡礼地図　コミック",
        "point_id": "c503d20c",
        "point_name": "コミック1巻04話　向日葵さん初登場",
        "remark": "通天閣付近"
      },
      "type": "Feature"
    },
    {
      "geometry": {
        "coordinates": [
          135.504138,
          34.650849
        ],
        "type": "Point"
      },
      "properties": {
        "bangumi_id": 387803,
        "bangumi_title": "江户前精灵",
        "ep_cut": "",
        "image_url": "https://w.junreimap.com/images/points/387803/39f63689_1744565447487.jpg",
        "location": "江戸前エルフ聖地巡礼地図　コミック",
        "point_id": "39f63689",
        "point_name": "コミック1巻04話　ヒルデ様初登場",
        "remark": "通天閣付近"
      },
      "type": "Feature"
    },
    {
      "geometry": {
        "coordinates": [
          135.504031,
          34.649979
        ],
        "type": "Point"
      },
      "properties": {
        "bangumi_id": 387803,
        "bangumi_title": "江户前精灵",
        "ep_cut": "",
        "image_url": "https://w.junreimap.com/images/points/387803/d22b4ed5_1744565468007.jpg",
        "location": "江戸前エルフ聖地巡礼地図　コミック",
        "point_id": "d22b4ed5",
        "point_name": "コミック1巻04話　タクシーで新大阪駅へ",
        "remark": "道路を鋏んだ向かい側（通天閣付近）"
      },
      "type": "Feature"
    },
    {
      "geometry": {
        "coordinates": [
          139.780835,
          35.663216
        ],
        "type": "Point"
      },
      "properties": {
        "bangumi_id": 387803,
        "bangumi_title": "江户前精灵",
        "ep_cut": "",
        "image_url": "https://w.junreimap.com/images/points/387803/24a6143c_1744565558607.jpg",
        "location": "江戸前エルフ聖地巡礼地図　コミック",
        "point_id": "24a6143c",
        "point_name": "コミック2巻05話　迷子のヨルデ様が泣いていた場所",
        "remark": ""
      },
      "type": "Feature"
    },
    {
      "geometry": {
        "coordinates": [
          139.781987,
          35.663954
        ],
        "type": "Point"
      },
      "properties": {
        "bangumi_id": 387803,
        "bangumi_title": "江户前精灵",
        "ep_cut": "",
        "image_url": "https://w.junreimap.com/images/points/387803/80b45ca9_1744565566624.jpg",
        "location": "江戸前エルフ聖地巡礼地図　コミック",
        "point_id": "80b45ca9",
        "point_name": "コミック2巻05話　かね重",
        "remark": ""
      },
      "type": "Feature"
    },
    {
      "geometry": {
        "coordinates": [
          139.778669,
          35.666946
        ],
        "type": "Point"
      },
      "properties": {
        "bangumi_id": 387803,
        "bangumi_title": "江户前精灵",
        "ep_cut": "",
        "image_url": "https://w.junreimap.com/images/points/387803/ac2de231_1744565574864.jpg",
        "location": "江戸前エルフ聖地巡礼地図　コミック",
        "point_id": "ac2de231",
        "point_name": "コミック2巻08話他　月島俯瞰",
        "remark": "場所：聖路加タワー（聖路加ガーデン）右下に見えるのはツインタワーの低い方、聖路加レジデンスの屋上。"
      },
      "type": "Feature"
    },
    {
      "geometry": {
        "coordinates": [
          139.796154,
          35.710815
        ],
        "type": "Point"
      },
      "properties": {
        "bangumi_id": 387803,
        "bangumi_title": "江户前精灵",
        "ep_cut": "",
        "image_url": "https://w.junreimap.com/images/points/387803/1e640484_1744565583920.jpg",
        "location": "江戸前エルフ聖地巡礼地図　コミック",
        "point_id": "1e640484",
        "point_name": "コミック2巻09話　雷門前",
        "remark": ""
      },
      "type": "Feature"
    },
    {
      "geometry": {
        "coordinates": [
          139.798119,
          35.71049
        ],
        "type": "Point"
      },
      "properties": {
        "bangumi_id": 387803,
        "bangumi_title": "江户前精灵",
        "ep_cut": "",
        "image_url": "https://w.junreimap.com/images/points/387803/eebd3cf7_1744565592360.jpg",
        "location": "江戸前エルフ聖地巡礼地図　コミック",
        "point_id": "eebd3cf7",
        "point_name": "コミック2巻09話　吾妻橋を渡るお車",
        "remark": ""
      },
      "type": "Feature"
    },
    {
      "geometry": {
        "coordinates": [
          139.813239,
          35.711029
        ],
        "type": "Point"
      },
      "properties": {
        "bangumi_id": 387803,
        "bangumi_title": "江户前精灵",
        "ep_cut": "",
        "image_url": "https://w.junreimap.com/images/points/387803/75668cbc_1744565601480.jpg",
        "location": "江戸前エルフ聖地巡礼地図　コミック",
        "point_id": "75668cbc",
        "point_name": "コミック2巻09話　見上げるスカイツリー",
        "remark": ""
      },
      "type": "Feature"
    },
    {
      "geometry": {
        "coordinates": [
          139.810038,
          35.710016
        ],
        "type": "Point"
      },
      "properties": {
        "bangumi_id": 387803,
        "bangumi_title": "江户前精灵",
        "ep_cut": "",
        "image_url": "https://w.junreimap.com/images/points/387803/45c2b01b_1744565611256.jpg",
        "location": "江戸前エルフ聖地巡礼地図　コミック",
        "point_id": "45c2b01b",
        "point_name": "コミック2巻09話　嫌がるエルダ様",
        "remark": "スカイツリー内部"
      },
      "type": "Feature"
    },
    {
      "geometry": {
        "coordinates": [
          139.810321,
          35.710101
        ],
        "type": "Point"
      },
      "properties": {
        "bangumi_id": 387803,
        "bangumi_title": "江户前精灵",
        "ep_cut": "",
        "image_url": "https://w.junreimap.com/images/points/387803/bd27ae89_1744565619040.jpg",
        "location": "江戸前エルフ聖地巡礼地図　コミック",
        "point_id": "bd27ae89",
        "point_name": "コミック2巻09話　エスカレーター",
        "remark": "スカイツリー内部"
      },
      "type": "Feature"
    },
    {
      "geometry": {
        "coordinates": [
          139.81049,
          35.710235
        ],
        "type": "Point"
      },
      "properties": {
        "bangumi_id": 387803,
        "bangumi_title": "江户前精灵",
        "ep_cut": "",
        "image_url": "https://w.junreimap.com/images/points/387803/bef619fe_1744565628688.jpg",
        "location": "江戸前エルフ聖地巡礼地図　コミック",
        "point_id": "bef619fe",
        "point_name": "コミック2巻09話　4階入場ゲート前",
        "remark": "スカイツリー内部"
      },
      "type": "Feature"
    },
    {
      "geometry": {
        "coordinates": [
          139.810577,
          35.710262
        ],
        "type": "Point"
      },
      "properties": {
        "bangumi_id": 387803,
        "bangumi_title": "江户前精灵",
        "ep_cut": "",
        "image_url": "https://w.junreimap.com/images/points/387803/0d7cbc6f_1744565640432.jpg",
        "location": "江戸前エルフ聖地巡礼地図　コミック",
        "point_id": "0d7cbc6f",
        "point_name": "コミック2巻09話　445階～天望回廊",
        "remark": "スカイツリー内部"
      },
      "type": "Feature"
    },
    {
      "geometry": {
        "coordinates": [
          139.810677,
          35.710388
        ],
        "type": "Point"
      },
      "properties": {
        "bangumi_id": 387803,
        "bangumi_title": "江户前精灵",
        "ep_cut": "",
        "image_url": "https://w.junreimap.com/images/points/387803/555a9c26_1744565689847.jpg",
        "location": "江戸前エルフ聖地巡礼地図　コミック",
        "point_id": "555a9c26",
        "point_name": "コミック2巻09話　450階。ツリーてっぺん",
        "remark": "スカイツリー内部"
      },
      "type": "Feature"
    },
    {
      "geometry": {
        "coordinates": [
          139.811119,
          35.710334
        ],
        "type": "Point"
      },
      "properties": {
        "bangumi_id": 387803,
        "bangumi_title": "江户前精灵",
        "ep_cut": "",
        "image_url": "https://w.junreimap.com/images/points/387803/76586601_1744565710888.jpg",
        "location": "江戸前エルフ聖地巡礼地図　コミック",
        "point_id": "76586601",
        "point_name": "コミック2巻09話　スカイツリー前",
        "remark": "ラスト"
      },
      "type": "Feature"
    },
    {
      "geometry": {
        "coordinates": [
          139.783019,
          35.667208
        ],
        "type": "Point"
      },
      "properties": {
        "bangumi_id": 387803,
        "bangumi_title": "江户前精灵",
        "ep_cut": "",
        "image_url": "https://w.junreimap.com/images/points/387803/5bf22e52_1744565723816.jpg",
        "location": "江戸前エルフ聖地巡礼地図　コミック",
        "point_id": "5bf22e52",
        "point_name": "コミック03巻10話他　神社前の道",
        "remark": "学校からの帰り道であり、神社前の道でありと、パラレルに使われる道。原作では、ハイラ様といすずちゃんはこの道を帰る。"
      },
      "type": "Feature"
    },
    {
      "geometry": {
        "coordinates": [
          139.781212,
          35.663425
        ],
        "type": "Point"
      },
      "properties": {
        "bangumi_id": 387803,
        "bangumi_title": "江户前精灵",
        "ep_cut": "",
        "image_url": "https://w.junreimap.com/images/points/387803/45834539_1744565738064.jpg",
        "location": "江戸前エルフ聖地巡礼地図　コミック",
        "point_id": "45834539",
        "point_name": "コミック3巻12話他　西仲通り風景",
        "remark": ""
      },
      "type": "Feature"
    },
    {
      "geometry": {
        "coordinates": [
          139.78123,
          35.66336
        ],
        "type": "Point"
      },
      "properties": {
        "bangumi_id": 387803,
        "bangumi_title": "江户前精灵",
        "ep_cut": "",
        "image_url": "https://w.junreimap.com/images/points/387803/ccc2be0b_1744565752792.jpg",
        "location": "江戸前エルフ聖地巡礼地図　コミック",
        "point_id": "ccc2be0b",
        "point_name": "コミック3巻13話　裏路地から拝む住民の方々",
        "remark": ""
      },
      "type": "Feature"
    },
    {
      "geometry": {
        "coordinates": [
          139.781184,
          35.662879
        ],
        "type": "Point"
      },
      "properties": {
        "bangumi_id": 387803,
        "bangumi_title": "江户前精灵",
        "ep_cut": "",
        "image_url": "https://w.junreimap.com/images/points/387803/e08ecfc4_1744565769247.jpg",
        "location": "江戸前エルフ聖地巡礼地図　コミック",
        "point_id": "e08ecfc4",
        "point_name": "コミック3巻13話他　もんじゃの香りがする",
        "remark": ""
      },
      "type": "Feature"
    },
    {
      "geometry": {
        "coordinates": [
          139.783129,
          35.664722
        ],
        "type": "Point"
      },
      "properties": {
        "bangumi_id": 387803,
        "bangumi_title": "江户前精灵",
        "ep_cut": "",
        "image_url": "https://w.junreimap.com/images/points/387803/2b63af3e_1744565778312.jpg",
        "location": "江戸前エルフ聖地巡礼地図　コミック",
        "point_id": "2b63af3e",
        "point_name": "コミック3巻13話　見守る住人喜ぶ住人",
        "remark": ""
      },
      "type": "Feature"
    },
    {
      "geometry": {
        "coordinates": [
          139.783543,
          35.667277
        ],
        "type": "Point"
      },
      "properties": {
        "bangumi_id": 387803,
        "bangumi_title": "江户前精灵",
        "ep_cut": "",
        "image_url": "https://w.junreimap.com/images/points/387803/0d8faa83_1744565789552.jpg",
        "location": "江戸前エルフ聖地巡礼地図　コミック",
        "point_id": "0d8faa83",
        "point_name": "コミック4巻17話　帰宅路",
        "remark": ""
      },
      "type": "Feature"
    },
    {
      "geometry": {
        "coordinates": [
          139.782659,
          35.66761
        ],
        "type": "Point"
      },
      "properties": {
        "bangumi_id": 387803,
        "bangumi_title": "江户前精灵",
        "ep_cut": "",
        "image_url": "https://w.junreimap.com/images/points/387803/968383e3_1744565803560.jpg",
        "location": "江戸前エルフ聖地巡礼地図　コミック",
        "point_id": "968383e3",
        "point_name": "コミック4巻20話他　お祭りの準備",
        "remark": ""
      },
      "type": "Feature"
    },
    {
      "geometry": {
        "coordinates": [
          139.780362,
          35.668517
        ],
        "type": "Point"
      },
      "properties": {
        "bangumi_id": 387803,
        "bangumi_title": "江户前精灵",
        "ep_cut": "",
        "image_url": "https://w.junreimap.com/images/points/387803/d0bc88b7_1744565813632.jpg",
        "location": "江戸前エルフ聖地巡礼地図　コミック",
        "point_id": "d0bc88b7",
        "point_name": "コミック5巻21話　橋下からの風景",
        "remark": "佃大橋"
      },
      "type": "Feature"
    },
    {
      "geometry": {
        "coordinates": [
          139.776054,
          35.662989
        ],
        "type": "Point"
      },
      "properties": {
        "bangumi_id": 387803,
        "bangumi_title": "江户前精灵",
        "ep_cut": "",
        "image_url": "https://w.junreimap.com/images/points/387803/e83c8787_1744565853256.jpg",
        "location": "江戸前エルフ聖地巡礼地図　コミック",
        "point_id": "e83c8787",
        "point_name": "コミック5巻21話　豊漁神事",
        "remark": ""
      },
      "type": "Feature"
    },
    {
      "geometry": {
        "coordinates": [
          139.775311,
          35.663718
        ],
        "type": "Point"
      },
      "properties": {
        "bangumi_id": 387803,
        "bangumi_title": "江户前精灵",
        "ep_cut": "",
        "image_url": "https://w.junreimap.com/images/points/387803/16e5bb81_1744565865903.jpg",
        "location": "江戸前エルフ聖地巡礼地図　コミック",
        "point_id": "16e5bb81",
        "point_name": "コミック5巻21話　見物する氏子の皆様",
        "remark": ""
      },
      "type": "Feature"
    },
    {
      "geometry": {
        "coordinates": [
          139.783457,
          35.66721
        ],
        "type": "Point"
      },
      "properties": {
        "bangumi_id": 387803,
        "bangumi_title": "江户前精灵",
        "ep_cut": "",
        "image_url": "https://w.junreimap.com/images/points/387803/c0130b14_1744565876935.jpg",
        "location": "江戸前エルフ聖地巡礼地図　コミック",
        "point_id": "c0130b14",
        "point_name": "コミック5巻25話　佃小橋からの風景",
        "remark": "場所：佃小橋端"
      },
      "type": "Feature"
    },
    {
      "geometry": {
        "coordinates": [
          136.66683,
          36.572521
        ],
        "type": "Point"
      },
      "properties": {
        "bangumi_id": 387803,
        "bangumi_title": "江户前精灵",
        "ep_cut": "",
        "image_url": "https://w.junreimap.com/images/points/387803/dbb91993_1744565928256.jpg",
        "location": "江戸前エルフ聖地巡礼地図　コミック",
        "point_id": "dbb91993",
        "point_name": "コミック5巻ex　颯爽と駆け抜けるいすずちゃん",
        "remark": "場所：ひがし茶屋街 金沢"
      },
      "type": "Feature"
    },
    {
      "geometry": {
        "coordinates": [
          136.666523,
          36.572581
        ],
        "type": "Point"
      },
      "properties": {
        "bangumi_id": 387803,
        "bangumi_title": "江户前精灵",
        "ep_cut": "",
        "image_url": "https://w.junreimap.com/images/points/387803/54017f2e_1744565936935.jpg",
        "location": "江戸前エルフ聖地巡礼地図　コミック",
        "point_id": "54017f2e",
        "point_name": "コミック5巻ex　後姿を見送る女子学生たち",
        "remark": "場所：ひがし茶屋街 金沢"
      },
      "type": "Feature"
    },
    {
      "geometry": {
        "coordinates": [
          139.783138,
          35.666411
        ],
        "type": "Point"
      },
      "properties": {
        "bangumi_id": 387803,
        "bangumi_title": "江户前精灵",
        "ep_cut": "",
        "image_url": "https://w.junreimap.com/images/points/387803/6176f9ee_1744565949652.jpg",
        "location": "江戸前エルフ聖地巡礼地図　コミック",
        "point_id": "6176f9ee",
        "point_name": "コミック6巻26話他　赤ちゃんと冒険",
        "remark": ""
      },
      "type": "Feature"
    },
    {
      "geometry": {
        "coordinates": [
          139.783265,
          35.666889
        ],
        "type": "Point"
      },
      "properties": {
        "bangumi_id": 387803,
        "bangumi_title": "江户前精灵",
        "ep_cut": "",
        "image_url": "https://w.junreimap.com/images/points/387803/5a64c38c_1744565958007.jpg",
        "location": "江戸前エルフ聖地巡礼地図　コミック",
        "point_id": "5a64c38c",
        "point_name": "コミック6巻26話他　町の風景",
        "remark": ""
      },
      "type": "Feature"
    },
    {
      "geometry": {
        "coordinates": [
          139.781849,
          35.666888
        ],
        "type": "Point"
      },
      "properties": {
        "bangumi_id": 387803,
        "bangumi_title": "江户前精灵",
        "ep_cut": "",
        "image_url": "https://w.junreimap.com/images/points/387803/758e4b0e_1744565969631.jpg",
        "location": "江戸前エルフ聖地巡礼地図　コミック",
        "point_id": "758e4b0e",
        "point_name": "コミック6巻31話　精霊ちゃん泣きながら彷徨う",
        "remark": ""
      },
      "type": "Feature"
    },
    {
      "geometry": {
        "coordinates": [
          139.782585,
          35.669435
        ],
        "type": "Point"
      },
      "properties": {
        "bangumi_id": 387803,
        "bangumi_title": "江户前精灵",
        "ep_cut": "",
        "image_url": "https://w.junreimap.com/images/points/387803/59e68970_1744565978120.jpg",
        "location": "江戸前エルフ聖地巡礼地図　コミック",
        "point_id": "59e68970",
        "point_name": "コミック6巻31話　精霊ちゃんとの帰り道",
        "remark": ""
      },
      "type": "Feature"
    },
    {
      "geometry": {
        "coordinates": [
          139.749299,
          35.668474
        ],
        "type": "Point"
      },
      "properties": {
        "bangumi_id": 387803,
        "bangumi_title": "江户前精灵",
        "ep_cut": "",
        "image_url": "https://w.junreimap.com/images/points/387803/8f6f6aa4_1744564967178.jpg",
        "location": "江戸前エルフ聖地巡礼地図　商品",
        "point_id": "8f6f6aa4",
        "point_name": "第03話　鶏型ガラス瓶",
        "remark": "正規輸入代理店：マーカムインターナショナル株式会社鶏型ガラス瓶はお酒の瓶。「ハーディー」社のコニャック「鶏型ボトル」"
      },
      "type": "Feature"
    },
    {
      "geometry": {
        "coordinates": [
          136.895641,
          34.357848
        ],
        "type": "Point"
      },
      "properties": {
        "bangumi_id": 387803,
        "bangumi_title": "江户前精灵",
        "ep_cut": "",
        "image_url": "https://w.junreimap.com/images/points/387803/b530573b_1744564985178.jpg",
        "location": "江戸前エルフ聖地巡礼地図　商品",
        "point_id": "b530573b",
        "point_name": "第03話　芋蜜金時ムースプリン",
        "remark": "販売元：きんこ芋工房 上田商店（安乗埼岬の公園にカフェもある）原作では\"金沢\"とあるが、その装丁はこの店のモノで間違いない。許可が降りなかったのか、瓶の装丁はアニメでは違う。"
      },
      "type": "Feature"
    },
    {
      "geometry": {
        "coordinates": [
          139.76935,
          35.682362
        ],
        "type": "Point"
      },
      "properties": {
        "bangumi_id": 387803,
        "bangumi_title": "江户前精灵",
        "ep_cut": "",
        "image_url": "https://w.junreimap.com/images/points/387803/61fc7405_1744564998146.jpg",
        "location": "江戸前エルフ聖地巡礼地図　商品",
        "point_id": "61fc7405",
        "point_name": "第03話　ポテトチップス（東京下町もんじゃ味）",
        "remark": "製造元：カルビー2018年7月13日、全国のコンビニで販売。"
      },
      "type": "Feature"
    },
    {
      "geometry": {
        "coordinates": [
          136.343951,
          36.358688
        ],
        "type": "Point"
      },
      "properties": {
        "bangumi_id": 387803,
        "bangumi_title": "江户前精灵",
        "ep_cut": "",
        "image_url": "https://w.junreimap.com/images/points/387803/2fe5a1d3_1744565011307.jpg",
        "location": "江戸前エルフ聖地巡礼地図　商品",
        "point_id": "2fe5a1d3",
        "point_name": "第03話　柚子乙女（金沢湯涌サイダー）右",
        "remark": "販売元：株式会社アンテ"
      },
      "type": "Feature"
    },
    {
      "geometry": {
        "coordinates": [
          138.168685,
          34.836156
        ],
        "type": "Point"
      },
      "properties": {
        "bangumi_id": 387803,
        "bangumi_title": "江户前精灵",
        "ep_cut": "",
        "image_url": "https://w.junreimap.com/images/points/387803/240f656d_1744565024450.jpg",
        "location": "江戸前エルフ聖地巡礼地図　商品",
        "point_id": "240f656d",
        "point_name": "第03話　富士山サイダー（左）",
        "remark": "販売元：木村飲料株式会社"
      },
      "type": "Feature"
    },
    {
      "geometry": {
        "coordinates": [
          139.041883,
          34.77072
        ],
        "type": "Point"
      },
      "properties": {
        "bangumi_id": 387803,
        "bangumi_title": "江户前精灵",
        "ep_cut": "",
        "image_url": "https://w.junreimap.com/images/points/387803/9eb84663_1744565035651.jpg",
        "location": "江戸前エルフ聖地巡礼地図　商品",
        "point_id": "9eb84663",
        "point_name": "第03話　伊豆ニューサマーサイダー（真ん中）",
        "remark": "販売元：有限会社飯田店（東伊豆の山田さｂｂ、酒屋の飯田さん、みかん農園の田村さん）"
      },
      "type": "Feature"
    },
    {
      "geometry": {
        "coordinates": [
          139.726248,
          35.638134
        ],
        "type": "Point"
      },
      "properties": {
        "bangumi_id": 387803,
        "bangumi_title": "江户前精灵",
        "ep_cut": "",
        "image_url": "https://w.junreimap.com/images/points/387803/a79638bb_1744565048539.jpg",
        "location": "江戸前エルフ聖地巡礼地図　商品",
        "point_id": "a79638bb",
        "point_name": "第03話　バスクチーズケーキ",
        "remark": "販売元：BLOCK BLOCK TOKYOオレンジバスクBB（左）アップルシナモンバスクBB（右）"
      },
      "type": "Feature"
    },
    {
      "geometry": {
        "coordinates": [
          139.780022,
          35.684152
        ],
        "type": "Point"
      },
      "properties": {
        "bangumi_id": 387803,
        "bangumi_title": "江户前精灵",
        "ep_cut": "",
        "image_url": "https://w.junreimap.com/images/points/387803/66842ab8_1744565059865.jpg",
        "location": "江戸前エルフ聖地巡礼地図　商品",
        "point_id": "66842ab8",
        "point_name": "第03話　東京ミルクアイス",
        "remark": "製造元：メイトー（協同乳業株式会社）商品名：東京牛乳アイス（東京コンビニ限定）"
      },
      "type": "Feature"
    },
    {
      "geometry": {
        "coordinates": [
          139.782907,
          35.665625
        ],
        "type": "Point"
      },
      "properties": {
        "bangumi_id": 387803,
        "bangumi_title": "江户前精灵",
        "ep_cut": "",
        "image_url": "https://w.junreimap.com/images/points/387803/4d6a48fa_1744565076994.jpg",
        "location": "江戸前エルフ聖地巡礼地図　商品",
        "point_id": "4d6a48fa",
        "point_name": "第03話　すみれとスーパーカップ",
        "remark": "場所：セブンイレブン中央区月島1丁目店エルダ様のカップメン「すみれ札幌濃厚味噌」（セブン限定）小糸ちゃんのカップメン「エースコック　スーパーカップ」「すみれ」は作中では「ゆりね」となっている。"
      },
      "type": "Feature"
    },
    {
      "geometry": {
        "coordinates": [
          135.500437,
          34.650091
        ],
        "type": "Point"
      },
      "properties": {
        "bangumi_id": 387803,
        "bangumi_title": "江户前精灵",
        "ep_cut": "",
        "image_url": "https://w.junreimap.com/images/points/387803/f78607ad_1744565088946.jpg",
        "location": "江戸前エルフ聖地巡礼地図　商品",
        "point_id": "f78607ad",
        "point_name": "第04話　551蓬莱の豚まん",
        "remark": "場所：新今宮駅　構内原作だと、タクシーを拾った位置から考えて、この駅の店舗で購入したものと思われる。"
      },
      "type": "Feature"
    },
    {
      "geometry": {
        "coordinates": [
          139.781811,
          35.663901
        ],
        "type": "Point"
      },
      "properties": {
        "bangumi_id": 387803,
        "bangumi_title": "江户前精灵",
        "ep_cut": "",
        "image_url": "https://w.junreimap.com/images/points/387803/f578403f_1744565100991.jpg",
        "location": "江戸前エルフ聖地巡礼地図　商品",
        "point_id": "f578403f",
        "point_name": "第07話　メロンパン",
        "remark": "場所：久栄原作：コミック3巻13話"
      },
      "type": "Feature"
    },
    {
      "geometry": {
        "coordinates": [
          139.782519,
          35.664441
        ],
        "type": "Point"
      },
      "properties": {
        "bangumi_id": 387803,
        "bangumi_title": "江户前精灵",
        "ep_cut": "",
        "image_url": "https://w.junreimap.com/images/points/387803/12d11368_1744565114713.jpg",
        "location": "江戸前エルフ聖地巡礼地図　商品",
        "point_id": "12d11368",
        "point_name": "第07話　ジェラート（閉店）",
        "remark": "場所：ジェラテリア･ルアナ原作：コミック3巻13話現在は、チョコレートショップ「ユニベルソ」となっている。"
      },
      "type": "Feature"
    },
    {
      "geometry": {
        "coordinates": [
          136.615228,
          36.547335
        ],
        "type": "Point"
      },
      "properties": {
        "bangumi_id": 387803,
        "bangumi_title": "江户前精灵",
        "ep_cut": "",
        "image_url": "https://w.junreimap.com/images/points/387803/863cae46_1744565129131.jpg",
        "location": "江戸前エルフ聖地巡礼地図　商品",
        "point_id": "863cae46",
        "point_name": "第08話　お土産「ビーバー」",
        "remark": "製造元：北陸製菓社コミック4巻16話北陸でのスタンダードおやつ「ビーバー」"
      },
      "type": "Feature"
    },
    {
      "geometry": {
        "coordinates": [
          139.77942,
          35.688046
        ],
        "type": "Point"
      },
      "properties": {
        "bangumi_id": 387803,
        "bangumi_title": "江户前精灵",
        "ep_cut": "",
        "image_url": "https://w.junreimap.com/images/points/387803/ea2cbf75_1744565141642.jpg",
        "location": "江戸前エルフ聖地巡礼地図　商品",
        "point_id": "ea2cbf75",
        "point_name": "第10話　氏子が奉納したどら焼き（小判）",
        "remark": "場所：清寿軒コミック3巻12話"
      },
      "type": "Feature"
    },
    {
      "geometry": {
        "coordinates": [
          139.77856,
          35.691094
        ],
        "type": "Point"
      },
      "properties": {
        "bangumi_id": 387803,
        "bangumi_title": "江户前精灵",
        "ep_cut": "",
        "image_url": "https://w.junreimap.com/images/points/387803/a8583d69_1744565150321.jpg",
        "location": "江戸前エルフ聖地巡礼地図　商品",
        "point_id": "a8583d69",
        "point_name": "第10話　よつ葉牛乳",
        "remark": "製造元：よつ葉乳業（この場所は東京支店）コミック3巻14話小糸ちゃん愛用の牛乳。作中名は「ふた葉牛乳」。ローソンやイオン系列スーパーでよく見かける。"
      },
      "type": "Feature"
    },
    {
      "geometry": {
        "coordinates": [
          136.66394,
          36.569455
        ],
        "type": "Point"
      },
      "properties": {
        "bangumi_id": 387803,
        "bangumi_title": "江户前精灵",
        "ep_cut": "",
        "image_url": "",
        "location": "江戸前エルフ聖地巡礼地図　商品",
        "point_id": "24953206",
        "point_name": "コミック5巻25話　長生殿",
        "remark": "店舗：森八 本店（金沢にはいっぱい支店がある。東京などにも）製菓事業に力を入れ始めた加賀藩で作られた落雁。ハイラ様がエルダ様に送った上菓子の一つがこの老舗の「長生殿」。"
      },
      "type": "Feature"
    },
    {
      "geometry": {
        "coordinates": [
          139.769101,
          35.681771
        ],
        "type": "Point"
      },
      "properties": {
        "bangumi_id": 387803,
        "bangumi_title": "江户前精灵",
        "ep_cut": "",
        "image_url": "",
        "location": "江戸前エルフ聖地巡礼地図　商品",
        "point_id": "80d5ba3a",
        "point_name": "#106　満願堂の芋きん",
        "remark": "製造元：浅草満願堂大阪イベント限定のカエルメテオ購入のお礼として、金銭の代わりにと向日葵ちゃんがメッセで頼んだ四品の一つ（東京駅と隣接施設で四種揃う）。月島から最も近いのは「大丸東京店」。"
      },
      "type": "Feature"
    },
    {
      "geometry": {
        "coordinates": [
          139.794651,
          35.711971
        ],
        "type": "Point"
      },
      "properties": {
        "bangumi_id": 387803,
        "bangumi_title": "江户前精灵",
        "ep_cut": "",
        "image_url": "",
        "location": "江戸前エルフ聖地巡礼地図　商品",
        "point_id": "23f6d944",
        "point_name": "#106　舟和の芋ようかん",
        "remark": "製造元：舟和大阪イベント限定のカエルメテオ購入のお礼として、金銭の代わりにと向日葵ちゃんがメッセで頼んだ四品の一つ（東京駅と隣接施設で四種揃う）。東京駅に幾つか店舗がある。"
      },
      "type": "Feature"
    },
    {
      "geometry": {
        "coordinates": [
          139.768282,
          35.681673
        ],
        "type": "Point"
      },
      "properties": {
        "bangumi_id": 387803,
        "bangumi_title": "江户前精灵",
        "ep_cut": "",
        "image_url": "",
        "location": "江戸前エルフ聖地巡礼地図　商品",
        "point_id": "8a286b7a",
        "point_name": "#106　資生堂パーラー「ラ･ガナシュ」",
        "remark": "店舗：資生堂パーラー八重洲ショップ大阪イベント限定のカエルメテオ購入のお礼として、金銭の代わりにと向日葵ちゃんがメッセで頼んだ四品の一つ（東京駅と隣接施設で四種揃う）。"
      },
      "type": "Feature"
    },
    {
      "geometry": {
        "coordinates": [
          139.769014,
          35.681734
        ],
        "type": "Point"
      },
      "properties": {
        "bangumi_id": 387803,
        "bangumi_title": "江户前精灵",
        "ep_cut": "",
        "image_url": "",
        "location": "江戸前エルフ聖地巡礼地図　商品",
        "point_id": "f55a5a7f",
        "point_name": "#106　東京ひよ子",
        "remark": "店舗：大丸東京店大阪イベント限定のカエルメテオ購入のお礼として、金銭の代わりにと向日葵ちゃんがメッセで頼んだ四品の一つ（東京駅と隣接施設で四種揃う）。ちなみに「ひよ子」は福岡の銘菓である（重要）。"
      },
      "type": "Feature"
    },
    {
      "geometry": {
        "coordinates": [
          139.783555,
          35.666113
        ],
        "type": "Point"
      },
      "properties": {
        "bangumi_id": 387803,
        "bangumi_title": "江户前精灵",
        "ep_cut": "",
        "image_url": "https://w.junreimap.com/images/points/387803/7323d75e_1744564603364.jpg",
        "location": "江戸前エルフ聖地巡礼地図　他",
        "point_id": "7323d75e",
        "point_name": "職舎の背景にあるマンション",
        "remark": "学校帰りのコイコマの帰宅路に登場する他、原作ともども小糸ちゃんや小柚子ちゃんの住居である職舎の背景に出てくるビルの側面。拝殿と本殿とをつなぐ廊下の背景にも登場する。つまりこのビルの側面が見える場所も高耳神社の境内でもあるという事か。"
      },
      "type": "Feature"
    },
    {
      "geometry": {
        "coordinates": [
          139.780124,
          35.664762
        ],
        "type": "Point"
      },
      "properties": {
        "bangumi_id": 387803,
        "bangumi_title": "江户前精灵",
        "ep_cut": "",
        "image_url": "",
        "location": "江戸前エルフ聖地巡礼地図　他",
        "point_id": "916399ea",
        "point_name": "eｘ　ねことエルフ　扉絵",
        "remark": "川を望む“タマ”がいた壁の縁。"
      },
      "type": "Feature"
    },
    {
      "geometry": {
        "coordinates": [
          139.780344,
          35.664622
        ],
        "type": "Point"
      },
      "properties": {
        "bangumi_id": 387803,
        "bangumi_title": "江户前精灵",
        "ep_cut": "",
        "image_url": "",
        "location": "江戸前エルフ聖地巡礼地図　他",
        "point_id": "4699c78e",
        "point_name": "ex　ねことエルフ",
        "remark": "階段を上がる小糸と高麗ちゃん。"
      },
      "type": "Feature"
    },
    {
      "geometry": {
        "coordinates": [
          139.755497,
          35.698045
        ],
        "type": "Point"
      },
      "properties": {
        "bangumi_id": 387803,
        "bangumi_title": "江户前精灵",
        "ep_cut": "",
        "image_url": "",
        "location": "江戸前エルフ聖地巡礼地図　他",
        "point_id": "9dcdf274",
        "point_name": "#109　築地寿司処の前",
        "remark": "場所：「鮨よしの」前エルダ様から貰った万札で独り食べにやって来た高級寿司店。小糸ちゃん、店の前で怖気づいて入れずじまい。作中では築地のお店となっている。また入り口周りが変えられている。"
      },
      "type": "Feature"
    },
    {
      "geometry": {
        "coordinates": [
          139.798093,
          35.657405
        ],
        "type": "Point"
      },
      "properties": {
        "bangumi_id": 387803,
        "bangumi_title": "江户前精灵",
        "ep_cut": "",
        "image_url": "",
        "location": "江戸前エルフ聖地巡礼地図　他",
        "point_id": "5770b9e1",
        "point_name": "#110　とと寿司",
        "remark": "場所：はま寿司スーパービバホーム豊洲店ご褒美に貰った万札で、高麗ちゃんと一緒に小糸ちゃんが食べに来た寿司屋。#111では、その翌日の夕食にエルダ様とまた来店。作中名は「とと寿司」。"
      },
      "type": "Feature"
    },
    {
      "geometry": {
        "coordinates": [
          136.656444,
          36.570719
        ],
        "type": "Point"
      },
      "properties": {
        "bangumi_id": 387803,
        "bangumi_title": "江户前精灵",
        "ep_cut": "",
        "image_url": "",
        "location": "江戸前エルフ聖地巡礼地図　他",
        "point_id": "0340794f",
        "point_name": "#115　金沢プリン",
        "remark": "場所：金沢プリン亭TV局から奉納品として、いすずちゃんが貰ってきたプリン。"
      },
      "type": "Feature"
    },
    {
      "geometry": {
        "coordinates": [
          136.651411,
          36.578621
        ],
        "type": "Point"
      },
      "properties": {
        "bangumi_id": 387803,
        "bangumi_title": "江户前精灵",
        "ep_cut": "",
        "image_url": "",
        "location": "江戸前エルフ聖地巡礼地図　他",
        "point_id": "e87cce8e",
        "point_name": "#116　爽快クラブ",
        "remark": "場所：快活CLUB 金沢駅東口店作中登場した事はないが、ハイラ様が舟券を購入しに行った駅前のネットカフェ。ハイラ様はエルダ様と違い、携帯やＰＣ等、ネットにつながれる環境を自前では持ってないようだ。"
      },
      "type": "Feature"
    },
    {
      "geometry": {
        "coordinates": [
          139.780432,
          35.662935
        ],
        "type": "Point"
      },
      "properties": {
        "bangumi_id": 387803,
        "bangumi_title": "江户前精灵",
        "ep_cut": "",
        "image_url": "",
        "location": "江戸前エルフ聖地巡礼地図　他",
        "point_id": "341dc8c8",
        "point_name": "#119　シマデンと小糸ちゃんが喋ってた時の背景",
        "remark": "シマデン前のベンチに座りながら、将来の事をシマデンに相談する小糸ちゃん。"
      },
      "type": "Feature"
    },
    {
      "geometry": {
        "coordinates": [
          136.736303,
          36.68592
        ],
        "type": "Point"
      },
      "properties": {
        "bangumi_id": 387803,
        "bangumi_title": "江户前精灵",
        "ep_cut": "",
        "image_url": "",
        "location": "江戸前エルフ聖地巡礼地図　他",
        "point_id": "f32e19c5",
        "point_name": "競艇場",
        "remark": "場所：ミニボートピア 津幡原作5巻ex「加賀のエルフのはなし」アニメ第08話麗耳神社から20kmほど離れているハイラ様御用達の競艇場・・・ではなく舟券売り場。興味ない人（いすずちゃん）にとって、舟券売り場も競艇場も同じ認識なのであろう（テレビゲームはみんなファミコンと言うご年配な方たちのように）。"
      },
      "type": "Feature"
    },
    {
      "geometry": {
        "coordinates": [
          139.782374,
          35.662911
        ],
        "type": "Point"
      },
      "properties": {
        "bangumi_id": 387803,
        "bangumi_title": "江户前精灵",
        "ep_cut": "",
        "image_url": "",
        "location": "江戸前エルフ聖地巡礼地図　他",
        "point_id": "68a034b4",
        "point_name": "フジマート",
        "remark": "直接的には登場してはいないが、小糸ちゃんが限定ペプシを買いに行かされたり、小柚子ちゃんが夕飯の食材を買いに行ったりする地元のスーパー。"
      },
      "type": "Feature"
    }
  ],
  "type": "FeatureCollection"
}