{
  "features": [
    {
      "geometry": {
        "coordinates": [
          138.149605,
          35.166937
        ],
        "type": "Point"
      },
      "properties": {
        "bangumi_id": 405785,
        "bangumi_title": "摇曳露营△ 三期",
        "ep_cut": "",
        "image_url": "",
        "location": "",
        "point_id": "9o8dxjz",
        "point_name": "【关于私有地无断侵入的提醒】",
        "remark": "在摇曳露营相关词条中，存在大量位于露营地、学校等设施内的地标。在拜访这些地标前，请确保已获得相关许可。请注意：绝大部分露营地为私有地性质，在check-in前擅自进入扎营地等露营地区域属“无端侵入”违法行为，亦可能被认定为对扎营者的财产和安全构成了潜在威胁。官方公告：https://yurucamp.jp/news/information/6319"
      },
      "type": "Feature"
    },
    {
      "geometry": {
        "coordinates": [
          137.605261,
          35.199811
        ],
        "type": "Point"
      },
      "properties": {
        "bangumi_id": 405785,
        "bangumi_title": "摇曳露营△ 三期",
        "ep_cut": 1,
        "image_url": "https://w.junreimap.com/images/points/405785/46st16k_1756128663511.jpg",
        "location": "つぐ高原（设乐町-爱知）",
        "point_id": "46st16k",
        "point_name": "Green message - 道の駅 つぐ高原グリーンパーク",
        "remark": "具有餐饮、露营地、网球场等多种娱乐设施的大型综合服务区，从东荣站开车约42分钟到达。汽车露营5000日元起，日间露营500日元/人。营业时间9AM~5PM，周三定休。停车位50台。"
      },
      "type": "Feature"
    },
    {
      "geometry": {
        "coordinates": [
          137.604288,
          35.200674
        ],
        "type": "Point"
      },
      "properties": {
        "bangumi_id": 405785,
        "bangumi_title": "摇曳露营△ 三期",
        "ep_cut": 1,
        "image_url": "https://w.junreimap.com/images/points/405785/46st6xq_1756128669622.jpg",
        "location": "つぐ高原（设乐町-爱知）",
        "point_id": "46st6xq",
        "point_name": "つぐ高原グリーンパーク",
        "remark": "具有餐饮、露营地、网球场等多种娱乐设施的大型综合服务区，从东荣站开车约42分钟到达。汽车露营5000日元起，日间露营500日元/人。营业时间9AM~5PM，周三定休。停车位50台。"
      },
      "type": "Feature"
    },
    {
      "geometry": {
        "coordinates": [
          137.604189,
          35.200678
        ],
        "type": "Point"
      },
      "properties": {
        "bangumi_id": 405785,
        "bangumi_title": "摇曳露营△ 三期",
        "ep_cut": 1,
        "image_url": "https://w.junreimap.com/images/points/405785/46st9cp_1756128672392.jpg",
        "location": "つぐ高原（设乐町-爱知）",
        "point_id": "46st9cp",
        "point_name": "つぐ高原グリーンパーク",
        "remark": "具有餐饮、露营地、网球场等多种娱乐设施的大型综合服务区，从东荣站开车约42分钟到达。汽车露营5000日元起，日间露营500日元/人。营业时间9AM~5PM，周三定休。停车位50台。"
      },
      "type": "Feature"
    },
    {
      "geometry": {
        "coordinates": [
          137.604251,
          35.200713
        ],
        "type": "Point"
      },
      "properties": {
        "bangumi_id": 405785,
        "bangumi_title": "摇曳露营△ 三期",
        "ep_cut": 1,
        "image_url": "https://w.junreimap.com/images/points/405785/46stbnb_1756128675376.jpg",
        "location": "つぐ高原（设乐町-爱知）",
        "point_id": "46stbnb",
        "point_name": "つぐ高原グリーンパーク",
        "remark": "具有餐饮、露营地、网球场等多种娱乐设施的大型综合服务区，从东荣站开车约42分钟到达。汽车露营5000日元起，日间露营500日元/人。营业时间9AM~5PM，周三定休。停车位50台。"
      },
      "type": "Feature"
    },
    {
      "geometry": {
        "coordinates": [
          137.604233,
          35.200638
        ],
        "type": "Point"
      },
      "properties": {
        "bangumi_id": 405785,
        "bangumi_title": "摇曳露营△ 三期",
        "ep_cut": 1,
        "image_url": "https://w.junreimap.com/images/points/405785/46stdxm_1756128678283.jpg",
        "location": "つぐ高原（设乐町-爱知）",
        "point_id": "46stdxm",
        "point_name": "つぐ高原グリーンパーク",
        "remark": "具有餐饮、露营地、网球场等多种娱乐设施的大型综合服务区，从东荣站开车约42分钟到达。汽车露营5000日元起，日间露营500日元/人。营业时间9AM~5PM，周三定休。停车位50台。"
      },
      "type": "Feature"
    },
    {
      "geometry": {
        "coordinates": [
          137.590803,
          35.188635
        ],
        "type": "Point"
      },
      "properties": {
        "bangumi_id": 405785,
        "bangumi_title": "摇曳露营△ 三期",
        "ep_cut": 1,
        "image_url": "https://w.junreimap.com/images/points/405785/46wi8xj_1756134906777.jpg",
        "location": "面ノ木（设乐町-爱知）",
        "point_id": "46wi8xj",
        "point_name": "井山展望台(面ノ木風力発電所)",
        "remark": "根据当地观光协会的公告，此地自2023年8月13日起已经关闭且禁止进入，详见：https://www.inabu-kankou.com/info/1964"
      },
      "type": "Feature"
    },
    {
      "geometry": {
        "coordinates": [
          137.590896,
          35.188681
        ],
        "type": "Point"
      },
      "properties": {
        "bangumi_id": 405785,
        "bangumi_title": "摇曳露营△ 三期",
        "ep_cut": 1,
        "image_url": "https://w.junreimap.com/images/points/405785/46wk0ny_1756134959448.jpg",
        "location": "面ノ木（设乐町-爱知）",
        "point_id": "46wk0ny",
        "point_name": "井山展望台(面ノ木風力発電所)",
        "remark": "根据当地观光协会的公告，此地自2023年8月13日起已经关闭且禁止进入，详见：https://www.inabu-kankou.com/info/1964"
      },
      "type": "Feature"
    },
    {
      "geometry": {
        "coordinates": [
          137.590815,
          35.188747
        ],
        "type": "Point"
      },
      "properties": {
        "bangumi_id": 405785,
        "bangumi_title": "摇曳露营△ 三期",
        "ep_cut": 1,
        "image_url": "https://w.junreimap.com/images/points/405785/46wk3dy_1756134963023.jpg",
        "location": "面ノ木（设乐町-爱知）",
        "point_id": "46wk3dy",
        "point_name": "井山展望台(面ノ木風力発電所)",
        "remark": "根据当地观光协会的公告，此地自2023年8月13日起已经关闭且禁止进入，详见：https://www.inabu-kankou.com/info/1964"
      },
      "type": "Feature"
    },
    {
      "geometry": {
        "coordinates": [
          137.590689,
          35.188766
        ],
        "type": "Point"
      },
      "properties": {
        "bangumi_id": 405785,
        "bangumi_title": "摇曳露营△ 三期",
        "ep_cut": 1,
        "image_url": "https://w.junreimap.com/images/points/405785/46wk9b9_1756134970638.jpg",
        "location": "面ノ木（设乐町-爱知）",
        "point_id": "46wk9b9",
        "point_name": "井山展望台(面ノ木風力発電所)",
        "remark": "根据当地观光协会的公告，此地自2023年8月13日起已经关闭且禁止进入，详见：https://www.inabu-kankou.com/info/1964"
      },
      "type": "Feature"
    },
    {
      "geometry": {
        "coordinates": [
          137.590821,
          35.18883
        ],
        "type": "Point"
      },
      "properties": {
        "bangumi_id": 405785,
        "bangumi_title": "摇曳露营△ 三期",
        "ep_cut": 1,
        "image_url": "https://w.junreimap.com/images/points/405785/46wkd66_1756134975849.jpg",
        "location": "面ノ木（设乐町-爱知）",
        "point_id": "46wkd66",
        "point_name": "井山展望台(面ノ木風力発電所)",
        "remark": ""
      },
      "type": "Feature"
    },
    {
      "geometry": {
        "coordinates": [
          137.590722,
          35.188697
        ],
        "type": "Point"
      },
      "properties": {
        "bangumi_id": 405785,
        "bangumi_title": "摇曳露营△ 三期",
        "ep_cut": 1,
        "image_url": "https://w.junreimap.com/images/points/405785/46wjtgq_1756134956447.jpg",
        "location": "面ノ木（设乐町-爱知）",
        "point_id": "46wjtgq",
        "point_name": "井山展望台(面ノ木風力発電所)",
        "remark": "根据当地观光协会的公告，此地自2023年8月13日起已经关闭且禁止进入，详见：https://www.inabu-kankou.com/info/1964"
      },
      "type": "Feature"
    },
    {
      "geometry": {
        "coordinates": [
          137.420068,
          35.237145
        ],
        "type": "Point"
      },
      "properties": {
        "bangumi_id": 405785,
        "bangumi_title": "摇曳露营△ 三期",
        "ep_cut": 1,
        "image_url": "https://w.junreimap.com/images/points/405785/46u2z0s_1756130893839.jpg",
        "location": "矢作ダム（慧那市-岐阜）",
        "point_id": "46u2z0s",
        "point_name": "矢作ダム",
        "remark": "第1话中，小芝麻凛和爷爷一起造访的大坝。看到大坝后小芝麻凛说“有点可怕，但还是很开心~”。地址位于Higashibata-67-4 Shizurasecho, Toyota, Aichi 444-2841，电话0565-68-2321，边上的休息所有停车位10台。"
      },
      "type": "Feature"
    },
    {
      "geometry": {
        "coordinates": [
          137.420381,
          35.237207
        ],
        "type": "Point"
      },
      "properties": {
        "bangumi_id": 405785,
        "bangumi_title": "摇曳露营△ 三期",
        "ep_cut": 1,
        "image_url": "https://w.junreimap.com/images/points/405785/46u5aaz_1756130912793.jpg",
        "location": "矢作ダム（慧那市-岐阜）",
        "point_id": "46u5aaz",
        "point_name": "矢作ダム",
        "remark": "第1话中，小芝麻凛和爷爷一起造访的大坝。看到大坝后小芝麻凛说“有点可怕，但还是很开心~”。地址位于Higashibata-67-4 Shizurasecho, Toyota, Aichi 444-2841，电话0565-68-2321，边上的休息所有停车位10台。"
      },
      "type": "Feature"
    },
    {
      "geometry": {
        "coordinates": [
          137.42027,
          35.237269
        ],
        "type": "Point"
      },
      "properties": {
        "bangumi_id": 405785,
        "bangumi_title": "摇曳露营△ 三期",
        "ep_cut": 1,
        "image_url": "https://w.junreimap.com/images/points/405785/46u5e3v_1756130919080.jpg",
        "location": "矢作ダム（慧那市-岐阜）",
        "point_id": "46u5e3v",
        "point_name": "矢作ダム",
        "remark": "第1话中，小芝麻凛和爷爷一起造访的大坝。看到大坝后小芝麻凛说“有点可怕，但还是很开心~”。地址位于Higashibata-67-4 Shizurasecho, Toyota, Aichi 444-2841，电话0565-68-2321，边上的休息所有停车位10台。"
      },
      "type": "Feature"
    },
    {
      "geometry": {
        "coordinates": [
          137.41982,
          35.236499
        ],
        "type": "Point"
      },
      "properties": {
        "bangumi_id": 405785,
        "bangumi_title": "摇曳露营△ 三期",
        "ep_cut": 1,
        "image_url": "https://w.junreimap.com/images/points/405785/46u56aq_1756130930898.jpg",
        "location": "矢作ダム（慧那市-岐阜）",
        "point_id": "46u56aq",
        "point_name": "矢作ダム",
        "remark": "第1话中，小芝麻凛和爷爷一起造访的大坝。看到大坝后小芝麻凛说“有点可怕，但还是很开心~”。地址位于Higashibata-67-4 Shizurasecho, Toyota, Aichi 444-2841，电话0565-68-2321，边上的休息所有停车位10台。"
      },
      "type": "Feature"
    },
    {
      "geometry": {
        "coordinates": [
          137.420156,
          35.237345
        ],
        "type": "Point"
      },
      "properties": {
        "bangumi_id": 405785,
        "bangumi_title": "摇曳露营△ 三期",
        "ep_cut": 1,
        "image_url": "https://w.junreimap.com/images/points/405785/46u5gzg_1756130922049.jpg",
        "location": "矢作ダム（慧那市-岐阜）",
        "point_id": "46u5gzg",
        "point_name": "矢作ダム",
        "remark": "第1话中，小芝麻凛和爷爷一起造访的大坝。看到大坝后小芝麻凛说“有点可怕，但还是很开心~”。地址位于Higashibata-67-4 Shizurasecho, Toyota, Aichi 444-2841，电话0565-68-2321，边上的休息所有停车位10台。"
      },
      "type": "Feature"
    },
    {
      "geometry": {
        "coordinates": [
          137.420456,
          35.23729
        ],
        "type": "Point"
      },
      "properties": {
        "bangumi_id": 405785,
        "bangumi_title": "摇曳露营△ 三期",
        "ep_cut": 1,
        "image_url": "https://w.junreimap.com/images/points/405785/46u5jdg_1756130924621.jpg",
        "location": "矢作ダム（慧那市-岐阜）",
        "point_id": "46u5jdg",
        "point_name": "矢作ダム",
        "remark": "第1话中，小芝麻凛和爷爷一起造访的大坝。看到大坝后小芝麻凛说“有点可怕，但还是很开心~”。地址位于Higashibata-67-4 Shizurasecho, Toyota, Aichi 444-2841，电话0565-68-2321，边上的休息所有停车位10台。"
      },
      "type": "Feature"
    },
    {
      "geometry": {
        "coordinates": [
          137.419708,
          35.236234
        ],
        "type": "Point"
      },
      "properties": {
        "bangumi_id": 405785,
        "bangumi_title": "摇曳露营△ 三期",
        "ep_cut": 1,
        "image_url": "https://w.junreimap.com/images/points/405785/46u507r_1756130901095.jpg",
        "location": "矢作ダム（慧那市-岐阜）",
        "point_id": "46u507r",
        "point_name": "矢作ダム",
        "remark": "第1话中，小芝麻凛和爷爷一起造访的大坝。看到大坝后小芝麻凛说“有点可怕，但还是很开心~”。地址位于Higashibata-67-4 Shizurasecho, Toyota, Aichi 444-2841，电话0565-68-2321，边上的休息所有停车位10台。"
      },
      "type": "Feature"
    },
    {
      "geometry": {
        "coordinates": [
          137.503217,
          35.214246
        ],
        "type": "Point"
      },
      "properties": {
        "bangumi_id": 405785,
        "bangumi_title": "摇曳露营△ 三期",
        "ep_cut": 1,
        "image_url": "https://w.junreimap.com/images/points/405785/46sem6k_1756127989092.jpg",
        "location": "道の駅 どんぐりの里いなぶ（丰田市-爱知）",
        "point_id": "46sem6k",
        "point_name": "道の駅 どんぐりの里いなぶ",
        "remark": "小芝麻凛和爷爷在参观完矢作大坝后前往了道の駅 どんぐりの里いなぶ，这里设有当地特产的贩卖区，小芝麻凛挑选了蜂蜜味的卡仕达布丁。这里除了当地特产外，也经营着特色餐厅和温泉，以及摇曳露营商品区。电话0565-82-3666，营业时间9AM~5PM（周末/节假日延长至6PM，12~3月除外）。停车位180台。"
      },
      "type": "Feature"
    },
    {
      "geometry": {
        "coordinates": [
          137.50288,
          35.214252
        ],
        "type": "Point"
      },
      "properties": {
        "bangumi_id": 405785,
        "bangumi_title": "摇曳露营△ 三期",
        "ep_cut": 1,
        "image_url": "https://w.junreimap.com/images/points/405785/46seuht_1756128000354.jpg",
        "location": "道の駅 どんぐりの里いなぶ（丰田市-爱知）",
        "point_id": "46seuht",
        "point_name": "道の駅 どんぐりの里いなぶ",
        "remark": "小芝麻凛和爷爷在参观完矢作大坝后前往了道の駅 どんぐりの里いなぶ，这里设有当地特产的贩卖区，小芝麻凛挑选了蜂蜜味的卡仕达布丁。这里除了当地特产外，也经营着特色餐厅和温泉，以及摇曳露营商品区。电话0565-82-3666，营业时间9AM~5PM（周末/节假日延长至6PM，12~3月除外）。停车位180台。"
      },
      "type": "Feature"
    },
    {
      "geometry": {
        "coordinates": [
          137.502868,
          35.21432
        ],
        "type": "Point"
      },
      "properties": {
        "bangumi_id": 405785,
        "bangumi_title": "摇曳露营△ 三期",
        "ep_cut": 1,
        "image_url": "https://w.junreimap.com/images/points/405785/46seo4l_1756127993364.jpg",
        "location": "道の駅 どんぐりの里いなぶ（丰田市-爱知）",
        "point_id": "46seo4l",
        "point_name": "道の駅 どんぐりの里いなぶ",
        "remark": "小芝麻凛和爷爷在参观完矢作大坝后前往了道の駅 どんぐりの里いなぶ，这里设有当地特产的贩卖区，小芝麻凛挑选了蜂蜜味的卡仕达布丁。这里除了当地特产外，也经营着特色餐厅和温泉，以及摇曳露营商品区。电话0565-82-3666，营业时间9AM~5PM（周末/节假日延长至6PM，12~3月除外）。停车位180台。"
      },
      "type": "Feature"
    },
    {
      "geometry": {
        "coordinates": [
          137.503205,
          35.21428
        ],
        "type": "Point"
      },
      "properties": {
        "bangumi_id": 405785,
        "bangumi_title": "摇曳露营△ 三期",
        "ep_cut": 1,
        "image_url": "https://w.junreimap.com/images/points/405785/46seh59_1756127986427.jpg",
        "location": "道の駅 どんぐりの里いなぶ（丰田市-爱知）",
        "point_id": "46seh59",
        "point_name": "道の駅 どんぐりの里いなぶ",
        "remark": "小芝麻凛和爷爷在参观完矢作大坝后前往了道の駅 どんぐりの里いなぶ，这里设有当地特产的贩卖区，小芝麻凛挑选了蜂蜜味的卡仕达布丁。这里除了当地特产外，也经营着特色餐厅和温泉，以及摇曳露营商品区。电话0565-82-3666，营业时间9AM~5PM（周末/节假日延长至6PM，12~3月除外）。停车位180台。"
      },
      "type": "Feature"
    },
    {
      "geometry": {
        "coordinates": [
          137.503199,
          35.214316
        ],
        "type": "Point"
      },
      "properties": {
        "bangumi_id": 405785,
        "bangumi_title": "摇曳露营△ 三期",
        "ep_cut": 1,
        "image_url": "https://w.junreimap.com/images/points/405785/46sbpuu_1756127932720.jpg",
        "location": "道の駅 どんぐりの里いなぶ（丰田市-爱知）",
        "point_id": "46sbpuu",
        "point_name": "道の駅 どんぐりの里いなぶ",
        "remark": "小芝麻凛和爷爷在参观完矢作大坝后前往了道の駅 どんぐりの里いなぶ，这里设有当地特产的贩卖区，小芝麻凛挑选了蜂蜜味的卡仕达布丁。这里除了当地特产外，也经营着特色餐厅和温泉，以及摇曳露营商品区。电话0565-82-3666，营业时间9AM~5PM（周末/节假日延长至6PM，12~3月除外）。停车位180台。"
      },
      "type": "Feature"
    },
    {
      "geometry": {
        "coordinates": [
          137.713901,
          35.029332
        ],
        "type": "Point"
      },
      "properties": {
        "bangumi_id": 405785,
        "bangumi_title": "摇曳露营△ 三期",
        "ep_cut": 1,
        "image_url": "https://w.junreimap.com/images/points/405785/46s3o0c_1756127479697.jpg",
        "location": "東榮町-爱知",
        "point_id": "46s3o0c",
        "point_name": "東栄駅",
        "remark": "第一话开头，小芝麻凛和爷爷约好见面的地点，是JR饭田线所属的无人站，以东荣町地方祭典“花祭”中使用的鬼面具为主体。虽然是无人站，但车站内设有咖啡厅，有停车位。"
      },
      "type": "Feature"
    },
    {
      "geometry": {
        "coordinates": [
          137.713775,
          35.029194
        ],
        "type": "Point"
      },
      "properties": {
        "bangumi_id": 405785,
        "bangumi_title": "摇曳露营△ 三期",
        "ep_cut": 1,
        "image_url": "https://w.junreimap.com/images/points/405785/46s4dmk_1756127511245.jpg",
        "location": "東榮町-爱知",
        "point_id": "46s4dmk",
        "point_name": "東栄駅",
        "remark": "第一话开头，小芝麻凛和爷爷约好见面的地点，是JR饭田线所属的无人站，以东荣町地方祭典“花祭”中使用的鬼面具为主体。虽然是无人站，但车站内设有咖啡厅，有停车位。"
      },
      "type": "Feature"
    },
    {
      "geometry": {
        "coordinates": [
          137.713559,
          35.029282
        ],
        "type": "Point"
      },
      "properties": {
        "bangumi_id": 405785,
        "bangumi_title": "摇曳露营△ 三期",
        "ep_cut": 1,
        "image_url": "https://w.junreimap.com/images/user/0/bangumi/405785/points/sb14h5vb8-1737998791768.jpg",
        "location": "東榮町-爱知",
        "point_id": "sb14h5vb8",
        "point_name": "東栄駅",
        "remark": ""
      },
      "type": "Feature"
    },
    {
      "geometry": {
        "coordinates": [
          137.713965,
          35.02935
        ],
        "type": "Point"
      },
      "properties": {
        "bangumi_id": 405785,
        "bangumi_title": "摇曳露营△ 三期",
        "ep_cut": 1,
        "image_url": "https://w.junreimap.com/images/points/405785/46s3wsu_1756127490910.jpg",
        "location": "東榮町-爱知",
        "point_id": "46s3wsu",
        "point_name": "東栄駅",
        "remark": "第一话开头，小芝麻凛和爷爷约好见面的地点，是JR饭田线所属的无人站，以东荣町地方祭典“花祭”中使用的鬼面具为主体。虽然是无人站，但车站内设有咖啡厅，有停车位。"
      },
      "type": "Feature"
    },
    {
      "geometry": {
        "coordinates": [
          137.713821,
          35.029306
        ],
        "type": "Point"
      },
      "properties": {
        "bangumi_id": 405785,
        "bangumi_title": "摇曳露营△ 三期",
        "ep_cut": 1,
        "image_url": "https://w.junreimap.com/images/points/405785/46s43rr_1756127500094.jpg",
        "location": "東榮町-爱知",
        "point_id": "46s43rr",
        "point_name": "東栄駅",
        "remark": "第一话开头，小芝麻凛和爷爷约好见面的地点，是JR饭田线所属的无人站，以东荣町地方祭典“花祭”中使用的鬼面具为主体。虽然是无人站，但车站内设有咖啡厅，有停车位。"
      },
      "type": "Feature"
    },
    {
      "geometry": {
        "coordinates": [
          137.713681,
          35.029265
        ],
        "type": "Point"
      },
      "properties": {
        "bangumi_id": 405785,
        "bangumi_title": "摇曳露营△ 三期",
        "ep_cut": 1,
        "image_url": "https://w.junreimap.com/images/points/405785/46s49hn_1756127507502.jpg",
        "location": "東榮町-爱知",
        "point_id": "46s49hn",
        "point_name": "東栄駅",
        "remark": "第一话开头，小芝麻凛和爷爷约好见面的地点，是JR饭田线所属的无人站，以东荣町地方祭典“花祭”中使用的鬼面具为主体。虽然是无人站，但车站内设有咖啡厅，有停车位。"
      },
      "type": "Feature"
    },
    {
      "geometry": {
        "coordinates": [
          137.713732,
          35.029238
        ],
        "type": "Point"
      },
      "properties": {
        "bangumi_id": 405785,
        "bangumi_title": "摇曳露营△ 三期",
        "ep_cut": 1,
        "image_url": "https://w.junreimap.com/images/points/405785/46s4hbv_1756127515962.jpg",
        "location": "東榮町-爱知",
        "point_id": "46s4hbv",
        "point_name": "東栄駅",
        "remark": "第一话开头，小芝麻凛和爷爷约好见面的地点，是JR饭田线所属的无人站，以东荣町地方祭典“花祭”中使用的鬼面具为主体。虽然是无人站，但车站内设有咖啡厅，有停车位。"
      },
      "type": "Feature"
    },
    {
      "geometry": {
        "coordinates": [
          137.715002,
          35.029825
        ],
        "type": "Point"
      },
      "properties": {
        "bangumi_id": 405785,
        "bangumi_title": "摇曳露营△ 三期",
        "ep_cut": 1,
        "image_url": "https://w.junreimap.com/images/points/405785/46s5yi1_1756127585920.jpg",
        "location": "東榮町-爱知",
        "point_id": "46s5yi1",
        "point_name": "東栄駅",
        "remark": "出站后往东走一段路。"
      },
      "type": "Feature"
    },
    {
      "geometry": {
        "coordinates": [
          137.483308,
          34.68289
        ],
        "type": "Point"
      },
      "properties": {
        "bangumi_id": 405785,
        "bangumi_title": "摇曳露营△ 三期",
        "ep_cut": 2,
        "image_url": "https://w.junreimap.com/images/user/1073/bangumi/405785/points/kwmt00ftt-1717122765393.jpg",
        "location": "湖西市-静冈",
        "point_id": "kwmt00ftt",
        "point_name": "表浜街道道標",
        "remark": "国道42号与愛知県道402号交差点"
      },
      "type": "Feature"
    },
    {
      "geometry": {
        "coordinates": [
          138.13747,
          35.108613
        ],
        "type": "Point"
      },
      "properties": {
        "bangumi_id": 405785,
        "bangumi_title": "摇曳露营△ 三期",
        "ep_cut": 3,
        "image_url": "https://w.junreimap.com/images/points/405785/4wm91ad_1757689773490.jpg",
        "location": "千头（大井川）",
        "point_id": "4wm91ad",
        "point_name": "千頭駅 踏切",
        "remark": "这里出现的列车应该是井川线奥大井方向的国铁14系（12系？）客车？"
      },
      "type": "Feature"
    },
    {
      "geometry": {
        "coordinates": [
          138.137484,
          35.108592
        ],
        "type": "Point"
      },
      "properties": {
        "bangumi_id": 405785,
        "bangumi_title": "摇曳露营△ 三期",
        "ep_cut": "EP3",
        "image_url": "https://w.junreimap.com/images/user/0/bangumi/405785/points/4dbcuqa-1756522648637.jpg",
        "location": "千头（大井川）",
        "point_id": "4dbcuqa",
        "point_name": "千頭駅 踏切",
        "remark": ""
      },
      "type": "Feature"
    },
    {
      "geometry": {
        "coordinates": [
          138.137461,
          35.108599
        ],
        "type": "Point"
      },
      "properties": {
        "bangumi_id": 405785,
        "bangumi_title": "摇曳露营△ 三期",
        "ep_cut": 3,
        "image_url": "https://w.junreimap.com/images/user/1069/bangumi/405785/points/jmb45dnwt-1713492555666.jpg",
        "location": "千头（大井川）",
        "point_id": "jmb45dnwt",
        "point_name": "千頭駅 踏切",
        "remark": ""
      },
      "type": "Feature"
    },
    {
      "geometry": {
        "coordinates": [
          138.137571,
          35.108589
        ],
        "type": "Point"
      },
      "properties": {
        "bangumi_id": 405785,
        "bangumi_title": "摇曳露营△ 三期",
        "ep_cut": 3,
        "image_url": "https://w.junreimap.com/images/points/405785/4wm2w0d_1757689484582.jpg",
        "location": "千头（大井川）",
        "point_id": "4wm2w0d",
        "point_name": "千頭駅 踏切",
        "remark": ""
      },
      "type": "Feature"
    },
    {
      "geometry": {
        "coordinates": [
          138.138462,
          35.109067
        ],
        "type": "Point"
      },
      "properties": {
        "bangumi_id": 405785,
        "bangumi_title": "摇曳露营△ 三期",
        "ep_cut": 3,
        "image_url": "https://w.junreimap.com/images/user/1069/bangumi/405785/points/jmbmym1gy-1713493803404.jpg",
        "location": "千头（大井川）",
        "point_id": "jmbmym1gy",
        "point_name": "千頭駅 踏切",
        "remark": ""
      },
      "type": "Feature"
    },
    {
      "geometry": {
        "coordinates": [
          138.136766,
          35.108254
        ],
        "type": "Point"
      },
      "properties": {
        "bangumi_id": 405785,
        "bangumi_title": "摇曳露营△ 三期",
        "ep_cut": 3,
        "image_url": "https://w.junreimap.com/images/points/405785/4wlrjzp_1757688957722.jpg",
        "location": "千头（大井川）",
        "point_id": "4wlrjzp",
        "point_name": "千頭駅 停车场前",
        "remark": "分岔路口左转，左侧就是停放摩托车的棚子。"
      },
      "type": "Feature"
    },
    {
      "geometry": {
        "coordinates": [
          138.136821,
          35.108404
        ],
        "type": "Point"
      },
      "properties": {
        "bangumi_id": 405785,
        "bangumi_title": "摇曳露营△ 三期",
        "ep_cut": 3,
        "image_url": "https://w.junreimap.com/images/user/1069/bangumi/405785/points/jmard98zq-1713491921790.jpg",
        "location": "千头（大井川）",
        "point_id": "jmard98zq",
        "point_name": "千頭駅 停车场前",
        "remark": ""
      },
      "type": "Feature"
    },
    {
      "geometry": {
        "coordinates": [
          138.137353,
          35.108576
        ],
        "type": "Point"
      },
      "properties": {
        "bangumi_id": 405785,
        "bangumi_title": "摇曳露营△ 三期",
        "ep_cut": 3,
        "image_url": "https://w.junreimap.com/images/user/1069/bangumi/405785/points/jmaxn97tw-1713492459213.jpg",
        "location": "千头（大井川）",
        "point_id": "jmaxn97tw",
        "point_name": "千頭駅 前",
        "remark": ""
      },
      "type": "Feature"
    },
    {
      "geometry": {
        "coordinates": [
          138.137578,
          35.108538
        ],
        "type": "Point"
      },
      "properties": {
        "bangumi_id": 405785,
        "bangumi_title": "摇曳露营△ 三期",
        "ep_cut": 3,
        "image_url": "https://w.junreimap.com/images/user/1069/bangumi/405785/points/jmb62r00b-1713492776765.jpg",
        "location": "千头（大井川）",
        "point_id": "jmb62r00b",
        "point_name": "千頭駅 前",
        "remark": ""
      },
      "type": "Feature"
    },
    {
      "geometry": {
        "coordinates": [
          138.137554,
          35.108552
        ],
        "type": "Point"
      },
      "properties": {
        "bangumi_id": 405785,
        "bangumi_title": "摇曳露营△ 三期",
        "ep_cut": 3,
        "image_url": "https://w.junreimap.com/images/points/405785/4wlsuut_1757689016960.jpg",
        "location": "千头（大井川）",
        "point_id": "4wlsuut",
        "point_name": "千頭駅 前",
        "remark": ""
      },
      "type": "Feature"
    },
    {
      "geometry": {
        "coordinates": [
          138.1379,
          35.108372
        ],
        "type": "Point"
      },
      "properties": {
        "bangumi_id": 405785,
        "bangumi_title": "摇曳露营△ 三期",
        "ep_cut": 3,
        "image_url": "https://w.junreimap.com/images/user/1069/bangumi/405785/points/jmb9d96f5-1713492872834.jpg",
        "location": "千头（大井川）",
        "point_id": "jmb9d96f5",
        "point_name": "千頭駅 前",
        "remark": ""
      },
      "type": "Feature"
    },
    {
      "geometry": {
        "coordinates": [
          138.137805,
          35.10821
        ],
        "type": "Point"
      },
      "properties": {
        "bangumi_id": 405785,
        "bangumi_title": "摇曳露营△ 三期",
        "ep_cut": 3,
        "image_url": "https://w.junreimap.com/images/points/405785/4wlvh2x_1757689138445.jpg",
        "location": "千头（大井川）",
        "point_id": "4wlvh2x",
        "point_name": "千頭駅 前",
        "remark": ""
      },
      "type": "Feature"
    },
    {
      "geometry": {
        "coordinates": [
          138.137922,
          35.10816
        ],
        "type": "Point"
      },
      "properties": {
        "bangumi_id": 405785,
        "bangumi_title": "摇曳露营△ 三期",
        "ep_cut": 3,
        "image_url": "https://w.junreimap.com/images/points/405785/4wlw28l_1757689166113.jpg",
        "location": "千头（大井川）",
        "point_id": "4wlw28l",
        "point_name": "千頭駅 前",
        "remark": ""
      },
      "type": "Feature"
    },
    {
      "geometry": {
        "coordinates": [
          138.137866,
          35.108187
        ],
        "type": "Point"
      },
      "properties": {
        "bangumi_id": 405785,
        "bangumi_title": "摇曳露营△ 三期",
        "ep_cut": 3,
        "image_url": "https://w.junreimap.com/images/points/405785/4wlyax7_1757689270922.jpg",
        "location": "千头（大井川）",
        "point_id": "4wlyax7",
        "point_name": "千頭駅 前",
        "remark": ""
      },
      "type": "Feature"
    },
    {
      "geometry": {
        "coordinates": [
          138.137909,
          35.108237
        ],
        "type": "Point"
      },
      "properties": {
        "bangumi_id": 405785,
        "bangumi_title": "摇曳露营△ 三期",
        "ep_cut": 3,
        "image_url": "https://w.junreimap.com/images/points/405785/4wlycuy_1757689273013.jpg",
        "location": "千头（大井川）",
        "point_id": "4wlycuy",
        "point_name": "千頭駅 前",
        "remark": ""
      },
      "type": "Feature"
    },
    {
      "geometry": {
        "coordinates": [
          138.137958,
          35.108329
        ],
        "type": "Point"
      },
      "properties": {
        "bangumi_id": 405785,
        "bangumi_title": "摇曳露营△ 三期",
        "ep_cut": 3,
        "image_url": "https://w.junreimap.com/images/points/405785/4wlymfa_1757689285490.jpg",
        "location": "千头（大井川）",
        "point_id": "4wlymfa",
        "point_name": "千頭駅 前",
        "remark": ""
      },
      "type": "Feature"
    },
    {
      "geometry": {
        "coordinates": [
          138.137961,
          35.108222
        ],
        "type": "Point"
      },
      "properties": {
        "bangumi_id": 405785,
        "bangumi_title": "摇曳露营△ 三期",
        "ep_cut": 3,
        "image_url": "https://w.junreimap.com/images/points/405785/4wlyqgj_1757689290740.jpg",
        "location": "千头（大井川）",
        "point_id": "4wlyqgj",
        "point_name": "千頭駅 前",
        "remark": ""
      },
      "type": "Feature"
    },
    {
      "geometry": {
        "coordinates": [
          138.13793,
          35.108266
        ],
        "type": "Point"
      },
      "properties": {
        "bangumi_id": 405785,
        "bangumi_title": "摇曳露营△ 三期",
        "ep_cut": 3,
        "image_url": "https://w.junreimap.com/images/points/405785/4wlyu7w_1757689297600.jpg",
        "location": "千头（大井川）",
        "point_id": "4wlyu7w",
        "point_name": "千頭駅 前",
        "remark": ""
      },
      "type": "Feature"
    },
    {
      "geometry": {
        "coordinates": [
          138.137879,
          35.108315
        ],
        "type": "Point"
      },
      "properties": {
        "bangumi_id": 405785,
        "bangumi_title": "摇曳露营△ 三期",
        "ep_cut": 3,
        "image_url": "https://w.junreimap.com/images/points/405785/4wlyzrl_1757689303160.jpg",
        "location": "千头（大井川）",
        "point_id": "4wlyzrl",
        "point_name": "千頭駅 前",
        "remark": ""
      },
      "type": "Feature"
    },
    {
      "geometry": {
        "coordinates": [
          138.137949,
          35.108297
        ],
        "type": "Point"
      },
      "properties": {
        "bangumi_id": 405785,
        "bangumi_title": "摇曳露营△ 三期",
        "ep_cut": 3,
        "image_url": "https://w.junreimap.com/images/points/405785/4wm4l3z_1757689563904.jpg",
        "location": "千头（大井川）",
        "point_id": "4wm4l3z",
        "point_name": "千頭駅 前",
        "remark": ""
      },
      "type": "Feature"
    },
    {
      "geometry": {
        "coordinates": [
          138.137914,
          35.10831
        ],
        "type": "Point"
      },
      "properties": {
        "bangumi_id": 405785,
        "bangumi_title": "摇曳露营△ 三期",
        "ep_cut": 3,
        "image_url": "https://w.junreimap.com/images/points/405785/4wm4n33_1757689566346.jpg",
        "location": "千头（大井川）",
        "point_id": "4wm4n33",
        "point_name": "千頭駅 前",
        "remark": "千头是奥大井的入口。这里是大井川本线的终点站，也是换乘井川线（奥大井方向）的地方。目前至2029年春有部分区间停运，详见官网公告。"
      },
      "type": "Feature"
    },
    {
      "geometry": {
        "coordinates": [
          138.137987,
          35.108266
        ],
        "type": "Point"
      },
      "properties": {
        "bangumi_id": 405785,
        "bangumi_title": "摇曳露营△ 三期",
        "ep_cut": 3,
        "image_url": "https://w.junreimap.com/images/points/405785/4wlz3i0_1757689309744.jpg",
        "location": "千头（大井川）",
        "point_id": "4wlz3i0",
        "point_name": "千頭駅 前",
        "remark": ""
      },
      "type": "Feature"
    },
    {
      "geometry": {
        "coordinates": [
          138.137891,
          35.108208
        ],
        "type": "Point"
      },
      "properties": {
        "bangumi_id": 405785,
        "bangumi_title": "摇曳露营△ 三期",
        "ep_cut": 3,
        "image_url": "https://w.junreimap.com/images/points/405785/4wm19h0_1757689408816.jpg",
        "location": "千头（大井川）",
        "point_id": "4wm19h0",
        "point_name": "千頭駅 前",
        "remark": "赞美太阳！"
      },
      "type": "Feature"
    },
    {
      "geometry": {
        "coordinates": [
          138.13794,
          35.108192
        ],
        "type": "Point"
      },
      "properties": {
        "bangumi_id": 405785,
        "bangumi_title": "摇曳露营△ 三期",
        "ep_cut": 3,
        "image_url": "https://w.junreimap.com/images/points/405785/4wm1lak_1757689424358.jpg",
        "location": "千头（大井川）",
        "point_id": "4wm1lak",
        "point_name": "千頭駅 前",
        "remark": "赞美太阳！"
      },
      "type": "Feature"
    },
    {
      "geometry": {
        "coordinates": [
          138.137989,
          35.108136
        ],
        "type": "Point"
      },
      "properties": {
        "bangumi_id": 405785,
        "bangumi_title": "摇曳露营△ 三期",
        "ep_cut": 3,
        "image_url": "https://w.junreimap.com/images/points/405785/4wlz7va_1757689313699.jpg",
        "location": "千头（大井川）",
        "point_id": "4wlz7va",
        "point_name": "千頭駅 前",
        "remark": "千头是奥大井的入口。这里是大井川本线的终点站，也是换乘井川线（奥大井方向）的地方。目前至2029年春有部分区间停运，详见官网公告。"
      },
      "type": "Feature"
    },
    {
      "geometry": {
        "coordinates": [
          138.13816,
          35.10887
        ],
        "type": "Point"
      },
      "properties": {
        "bangumi_id": 405785,
        "bangumi_title": "摇曳露营△ 三期",
        "ep_cut": 3,
        "image_url": "https://w.junreimap.com/images/points/405785/4wm3z8n_1757689535720.jpg",
        "location": "千头（大井川）",
        "point_id": "4wm3z8n",
        "point_name": "Cafe うえまる（水坝咖喱）",
        "remark": "仿照水坝设计的咖喱，每种食材的摆盘都对应的当地名胜——即大桥、水坝、铁道和车站。大坝咖喱售价1650日元，食材含培根、米饭。炸虾和鸡蛋。电话+818016200358，营业时间11AM~4.30PM，周三定休。"
      },
      "type": "Feature"
    },
    {
      "geometry": {
        "coordinates": [
          138.13818,
          35.108863
        ],
        "type": "Point"
      },
      "properties": {
        "bangumi_id": 405785,
        "bangumi_title": "摇曳露营△ 三期",
        "ep_cut": 3,
        "image_url": "https://w.junreimap.com/images/points/405785/4wm432d_1757689540257.jpg",
        "location": "千头（大井川）",
        "point_id": "4wm432d",
        "point_name": "Cafe うえまる（水坝咖喱）",
        "remark": "仿照水坝设计的咖喱，每种食材的摆盘都对应的当地名胜——即大桥、水坝、铁道和车站。大坝咖喱售价1650日元，食材含培根、米饭。炸虾和鸡蛋。电话+818016200358，营业时间11AM~4.30PM，周三定休。"
      },
      "type": "Feature"
    },
    {
      "geometry": {
        "coordinates": [
          138.13817,
          35.108852
        ],
        "type": "Point"
      },
      "properties": {
        "bangumi_id": 405785,
        "bangumi_title": "摇曳露营△ 三期",
        "ep_cut": 3,
        "image_url": "https://w.junreimap.com/images/points/405785/4wm45ra_1757689544055.jpg",
        "location": "千头（大井川）",
        "point_id": "4wm45ra",
        "point_name": "Cafe うえまる（水坝咖喱）",
        "remark": "仿照水坝设计的咖喱，每种食材的摆盘都对应的当地名胜——即大桥、水坝、铁道和车站。大坝咖喱售价1650日元，食材含培根、米饭。炸虾和鸡蛋。电话+818016200358，营业时间11AM~4.30PM，周三定休。"
      },
      "type": "Feature"
    },
    {
      "geometry": {
        "coordinates": [
          138.138151,
          35.108857
        ],
        "type": "Point"
      },
      "properties": {
        "bangumi_id": 405785,
        "bangumi_title": "摇曳露营△ 三期",
        "ep_cut": "EP3",
        "image_url": "https://w.junreimap.com/images/user/0/bangumi/405785/points/4db4b31-1756522358285.jpg",
        "location": "千头（大井川）",
        "point_id": "4db4b31",
        "point_name": "Cafe うえまる（水坝咖喱）",
        "remark": ""
      },
      "type": "Feature"
    },
    {
      "geometry": {
        "coordinates": [
          138.137944,
          35.108491
        ],
        "type": "Point"
      },
      "properties": {
        "bangumi_id": 405785,
        "bangumi_title": "摇曳露营△ 三期",
        "ep_cut": 3,
        "image_url": "https://w.junreimap.com/images/points/405785/4wm21gb_1757689444773.jpg",
        "location": "千头（大井川）",
        "point_id": "4wm21gb",
        "point_name": "やんばい処（猪肉串）",
        "remark": "用备长炭烤制的猪肉串，使用酱油为主的秘传酱汁，每串500日元。电话0547-59-1215，10AM开售，卖完即止，主要于周末、节假日售卖。不定期休日，雨天可能不营业。"
      },
      "type": "Feature"
    },
    {
      "geometry": {
        "coordinates": [
          138.137918,
          35.108499
        ],
        "type": "Point"
      },
      "properties": {
        "bangumi_id": 405785,
        "bangumi_title": "摇曳露营△ 三期",
        "ep_cut": 3,
        "image_url": "https://w.junreimap.com/images/user/0/bangumi/405785/points/juklux5l8-1714140133167.jpg",
        "location": "千头（大井川）",
        "point_id": "juklux5l8",
        "point_name": "やんばい処（猪肉串）",
        "remark": ""
      },
      "type": "Feature"
    },
    {
      "geometry": {
        "coordinates": [
          138.137959,
          35.108509
        ],
        "type": "Point"
      },
      "properties": {
        "bangumi_id": 405785,
        "bangumi_title": "摇曳露营△ 三期",
        "ep_cut": 3,
        "image_url": "https://w.junreimap.com/images/points/405785/4wm23po_1757689447684.jpg",
        "location": "千头（大井川）",
        "point_id": "4wm23po",
        "point_name": "やんばい処（猪肉串）",
        "remark": "用备长炭烤制的猪肉串，使用酱油为主的秘传酱汁，每串500日元。电话0547-59-1215，10AM开售，卖完即止，主要于周末、节假日售卖。不定期休日，雨天可能不营业。"
      },
      "type": "Feature"
    },
    {
      "geometry": {
        "coordinates": [
          138.137954,
          35.108439
        ],
        "type": "Point"
      },
      "properties": {
        "bangumi_id": 405785,
        "bangumi_title": "摇曳露营△ 三期",
        "ep_cut": 3,
        "image_url": "https://w.junreimap.com/images/points/405785/4wm25ne_1757689450637.jpg",
        "location": "千头（大井川）",
        "point_id": "4wm25ne",
        "point_name": "やんばい処（猪肉串）",
        "remark": "用备长炭烤制的猪肉串，使用酱油为主的秘传酱汁，每串500日元。电话0547-59-1215，10AM开售，卖完即止，主要于周末、节假日售卖。不定期休日，雨天可能不营业。"
      },
      "type": "Feature"
    },
    {
      "geometry": {
        "coordinates": [
          138.137982,
          35.108479
        ],
        "type": "Point"
      },
      "properties": {
        "bangumi_id": 405785,
        "bangumi_title": "摇曳露营△ 三期",
        "ep_cut": 3,
        "image_url": "https://w.junreimap.com/images/points/405785/4wm28wg_1757689454367.jpg",
        "location": "千头（大井川）",
        "point_id": "4wm28wg",
        "point_name": "やんばい処（猪肉串）",
        "remark": "用备长炭烤制的猪肉串，使用酱油为主的秘传酱汁，每串500日元。电话0547-59-1215，10AM开售，卖完即止，主要于周末、节假日售卖。不定期休日，雨天可能不营业。"
      },
      "type": "Feature"
    },
    {
      "geometry": {
        "coordinates": [
          138.137928,
          35.108519
        ],
        "type": "Point"
      },
      "properties": {
        "bangumi_id": 405785,
        "bangumi_title": "摇曳露营△ 三期",
        "ep_cut": 3,
        "image_url": "https://w.junreimap.com/images/points/405785/4wm2ag0_1757689456345.jpg",
        "location": "千头（大井川）",
        "point_id": "4wm2ag0",
        "point_name": "やんばい処（猪肉串）",
        "remark": "用备长炭烤制的猪肉串，使用酱油为主的秘传酱汁，每串500日元。电话0547-59-1215，10AM开售，卖完即止，主要于周末、节假日售卖。不定期休日，雨天可能不营业。"
      },
      "type": "Feature"
    },
    {
      "geometry": {
        "coordinates": [
          138.137885,
          35.108468
        ],
        "type": "Point"
      },
      "properties": {
        "bangumi_id": 405785,
        "bangumi_title": "摇曳露营△ 三期",
        "ep_cut": 3,
        "image_url": "https://w.junreimap.com/images/points/405785/4wm2fq7_1757689463442.jpg",
        "location": "千头（大井川）",
        "point_id": "4wm2fq7",
        "point_name": "やんばい処（猪肉串）",
        "remark": "用备长炭烤制的猪肉串，使用酱油为主的秘传酱汁，每串500日元。电话0547-59-1215，10AM开售，卖完即止，主要于周末、节假日售卖。不定期休日，雨天可能不营业。"
      },
      "type": "Feature"
    },
    {
      "geometry": {
        "coordinates": [
          138.137918,
          35.108447
        ],
        "type": "Point"
      },
      "properties": {
        "bangumi_id": 405785,
        "bangumi_title": "摇曳露营△ 三期",
        "ep_cut": 3,
        "image_url": "https://w.junreimap.com/images/points/405785/4wm2d7b_1757689460280.jpg",
        "location": "千头（大井川）",
        "point_id": "4wm2d7b",
        "point_name": "やんばい処（猪肉串）",
        "remark": "用备长炭烤制的猪肉串，使用酱油为主的秘传酱汁，每串500日元。电话0547-59-1215，10AM开售，卖完即止，主要于周末、节假日售卖。不定期休日，雨天可能不营业。"
      },
      "type": "Feature"
    },
    {
      "geometry": {
        "coordinates": [
          138.138063,
          35.108303
        ],
        "type": "Point"
      },
      "properties": {
        "bangumi_id": 405785,
        "bangumi_title": "摇曳露营△ 三期",
        "ep_cut": 3,
        "image_url": "https://w.junreimap.com/images/points/405785/4wm4bpk_1757689551199.jpg",
        "location": "千头（大井川）",
        "point_id": "4wm4bpk",
        "point_name": "川根物產（川根茶冰淇淋）",
        "remark": "通过慧那得知的川根抹茶冰淇淋，有淡淡的苦味和清爽的口感，售价400日元，使用抹茶粉调和而成。营业时间8AM~5PM，全年无休。"
      },
      "type": "Feature"
    },
    {
      "geometry": {
        "coordinates": [
          138.138052,
          35.108327
        ],
        "type": "Point"
      },
      "properties": {
        "bangumi_id": 405785,
        "bangumi_title": "摇曳露营△ 三期",
        "ep_cut": 3,
        "image_url": "https://w.junreimap.com/images/user/0/bangumi/405785/points/jukou41dl-1714140327051.jpg",
        "location": "千头（大井川）",
        "point_id": "jukou41dl",
        "point_name": "川根物產（川根茶冰淇淋）",
        "remark": ""
      },
      "type": "Feature"
    },
    {
      "geometry": {
        "coordinates": [
          138.137789,
          35.107607
        ],
        "type": "Point"
      },
      "properties": {
        "bangumi_id": 405785,
        "bangumi_title": "摇曳露营△ 三期",
        "ep_cut": 3,
        "image_url": "https://w.junreimap.com/images/points/405785/4wlx7fs_1757689219593.jpg",
        "location": "千头（大井川）",
        "point_id": "4wlx7fs",
        "point_name": "千頭駅県道77号路旁",
        "remark": ""
      },
      "type": "Feature"
    },
    {
      "geometry": {
        "coordinates": [
          138.138093,
          35.107999
        ],
        "type": "Point"
      },
      "properties": {
        "bangumi_id": 405785,
        "bangumi_title": "摇曳露营△ 三期",
        "ep_cut": 3,
        "image_url": "https://w.junreimap.com/images/user/0/bangumi/405785/points/jui6apmb1-1714134963099.jpg",
        "location": "千头（大井川）",
        "point_id": "jui6apmb1",
        "point_name": "千頭駅県道77号路旁",
        "remark": ""
      },
      "type": "Feature"
    },
    {
      "geometry": {
        "coordinates": [
          138.138112,
          35.108032
        ],
        "type": "Point"
      },
      "properties": {
        "bangumi_id": 405785,
        "bangumi_title": "摇曳露营△ 三期",
        "ep_cut": 3,
        "image_url": "https://w.junreimap.com/images/points/405785/4wlw9x6_1757689177221.jpg",
        "location": "千头（大井川）",
        "point_id": "4wlw9x6",
        "point_name": "千頭駅県道77号路旁",
        "remark": ""
      },
      "type": "Feature"
    },
    {
      "geometry": {
        "coordinates": [
          138.137944,
          35.107806
        ],
        "type": "Point"
      },
      "properties": {
        "bangumi_id": 405785,
        "bangumi_title": "摇曳露营△ 三期",
        "ep_cut": 3,
        "image_url": "https://w.junreimap.com/images/points/405785/4wlwq4o_1757689196729.jpg",
        "location": "千头（大井川）",
        "point_id": "4wlwq4o",
        "point_name": "千頭駅県道77号路旁",
        "remark": ""
      },
      "type": "Feature"
    },
    {
      "geometry": {
        "coordinates": [
          138.13799,
          35.107937
        ],
        "type": "Point"
      },
      "properties": {
        "bangumi_id": 405785,
        "bangumi_title": "摇曳露营△ 三期",
        "ep_cut": 3,
        "image_url": "https://w.junreimap.com/images/points/405785/4wlxsry_1757689260819.jpg",
        "location": "千头（大井川）",
        "point_id": "4wlxsry",
        "point_name": "千頭駅県道77号路旁",
        "remark": ""
      },
      "type": "Feature"
    },
    {
      "geometry": {
        "coordinates": [
          138.138038,
          35.107913
        ],
        "type": "Point"
      },
      "properties": {
        "bangumi_id": 405785,
        "bangumi_title": "摇曳露营△ 三期",
        "ep_cut": 3,
        "image_url": "https://w.junreimap.com/images/points/405785/4wly6tz_1757689265133.jpg",
        "location": "千头（大井川）",
        "point_id": "4wly6tz",
        "point_name": "千頭駅県道77号路旁",
        "remark": ""
      },
      "type": "Feature"
    },
    {
      "geometry": {
        "coordinates": [
          138.138047,
          35.107958
        ],
        "type": "Point"
      },
      "properties": {
        "bangumi_id": 405785,
        "bangumi_title": "摇曳露营△ 三期",
        "ep_cut": 3,
        "image_url": "https://w.junreimap.com/images/points/405785/4wlwzq0_1757689209413.jpg",
        "location": "千头（大井川）",
        "point_id": "4wlwzq0",
        "point_name": "千頭駅県道77号路旁",
        "remark": ""
      },
      "type": "Feature"
    },
    {
      "geometry": {
        "coordinates": [
          138.1377,
          35.108208
        ],
        "type": "Point"
      },
      "properties": {
        "bangumi_id": 405785,
        "bangumi_title": "摇曳露营△ 三期",
        "ep_cut": 3,
        "image_url": "https://w.junreimap.com/images/points/405785/4wlv31u_1757689120784.jpg",
        "location": "千头（大井川）",
        "point_id": "4wlv31u",
        "point_name": "千頭駅 内",
        "remark": "千头是奥大井的入口。这里是大井川本线的终点站，也是换乘井川线（奥大井方向）的地方。目前至2029年春有部分区间停运，详见官网公告。"
      },
      "type": "Feature"
    },
    {
      "geometry": {
        "coordinates": [
          138.137768,
          35.10814
        ],
        "type": "Point"
      },
      "properties": {
        "bangumi_id": 405785,
        "bangumi_title": "摇曳露营△ 三期",
        "ep_cut": 3,
        "image_url": "https://w.junreimap.com/images/points/405785/4wlv743_1757689126578.jpg",
        "location": "千头（大井川）",
        "point_id": "4wlv743",
        "point_name": "千頭駅 内",
        "remark": "千头是奥大井的入口。这里是大井川本线的终点站，也是换乘井川线（奥大井方向）的地方。目前至2029年春有部分区间停运，详见官网公告。"
      },
      "type": "Feature"
    },
    {
      "geometry": {
        "coordinates": [
          138.137754,
          35.107947
        ],
        "type": "Point"
      },
      "properties": {
        "bangumi_id": 405785,
        "bangumi_title": "摇曳露营△ 三期",
        "ep_cut": 3,
        "image_url": "https://w.junreimap.com/images/points/405785/4wm00n8_1757689351041.jpg",
        "location": "千头（大井川）",
        "point_id": "4wm00n8",
        "point_name": "千頭駅 内",
        "remark": "千头是奥大井的入口。这里是大井川本线的终点站，也是换乘井川线（奥大井方向）的地方。目前至2029年春有部分区间停运，详见官网公告。"
      },
      "type": "Feature"
    },
    {
      "geometry": {
        "coordinates": [
          138.137843,
          35.108117
        ],
        "type": "Point"
      },
      "properties": {
        "bangumi_id": 405785,
        "bangumi_title": "摇曳露营△ 三期",
        "ep_cut": 3,
        "image_url": "https://w.junreimap.com/images/points/405785/4wm0feb_1757689369499.jpg",
        "location": "千头（大井川）",
        "point_id": "4wm0feb",
        "point_name": "千頭駅 内",
        "remark": "千头是奥大井的入口。这里是大井川本线的终点站，也是换乘井川线（奥大井方向）的地方。目前至2029年春有部分区间停运，详见官网公告。"
      },
      "type": "Feature"
    },
    {
      "geometry": {
        "coordinates": [
          138.13778,
          35.10799
        ],
        "type": "Point"
      },
      "properties": {
        "bangumi_id": 405785,
        "bangumi_title": "摇曳露营△ 三期",
        "ep_cut": 3,
        "image_url": "https://w.junreimap.com/images/points/405785/4wm03r8_1757689354541.jpg",
        "location": "千头（大井川）",
        "point_id": "4wm03r8",
        "point_name": "千頭駅 内",
        "remark": "千头是奥大井的入口。这里是大井川本线的终点站，也是换乘井川线（奥大井方向）的地方。目前至2029年春有部分区间停运，详见官网公告。"
      },
      "type": "Feature"
    },
    {
      "geometry": {
        "coordinates": [
          138.137806,
          35.108074
        ],
        "type": "Point"
      },
      "properties": {
        "bangumi_id": 405785,
        "bangumi_title": "摇曳露营△ 三期",
        "ep_cut": 3,
        "image_url": "https://w.junreimap.com/images/points/405785/4wm08di_1757689366552.jpg",
        "location": "千头（大井川）",
        "point_id": "4wm08di",
        "point_name": "千頭駅 内",
        "remark": "千头是奥大井的入口。这里是大井川本线的终点站，也是换乘井川线（奥大井方向）的地方。目前至2029年春有部分区间停运，详见官网公告。"
      },
      "type": "Feature"
    },
    {
      "geometry": {
        "coordinates": [
          138.137898,
          35.108095
        ],
        "type": "Point"
      },
      "properties": {
        "bangumi_id": 405785,
        "bangumi_title": "摇曳露营△ 三期",
        "ep_cut": 3,
        "image_url": "https://w.junreimap.com/images/points/405785/4wm0gzn_1757689371595.jpg",
        "location": "千头（大井川）",
        "point_id": "4wm0gzn",
        "point_name": "千頭駅 内",
        "remark": "千头是奥大井的入口。这里是大井川本线的终点站，也是换乘井川线（奥大井方向）的地方。目前至2029年春有部分区间停运，详见官网公告。"
      },
      "type": "Feature"
    },
    {
      "geometry": {
        "coordinates": [
          138.137763,
          35.108089
        ],
        "type": "Point"
      },
      "properties": {
        "bangumi_id": 405785,
        "bangumi_title": "摇曳露营△ 三期",
        "ep_cut": 3,
        "image_url": "https://w.junreimap.com/images/points/405785/4wm0kro_1757689376757.jpg",
        "location": "千头（大井川）",
        "point_id": "4wm0kro",
        "point_name": "千頭駅 内",
        "remark": "千头是奥大井的入口。这里是大井川本线的终点站，也是换乘井川线（奥大井方向）的地方。目前至2029年春有部分区间停运，详见官网公告。"
      },
      "type": "Feature"
    },
    {
      "geometry": {
        "coordinates": [
          138.137804,
          35.108128
        ],
        "type": "Point"
      },
      "properties": {
        "bangumi_id": 405785,
        "bangumi_title": "摇曳露营△ 三期",
        "ep_cut": 3,
        "image_url": "https://w.junreimap.com/images/points/405785/4wm0mpj_1757689379139.jpg",
        "location": "千头（大井川）",
        "point_id": "4wm0mpj",
        "point_name": "千頭駅 内",
        "remark": "千头是奥大井的入口。这里是大井川本线的终点站，也是换乘井川线（奥大井方向）的地方。目前至2029年春有部分区间停运，详见官网公告。"
      },
      "type": "Feature"
    },
    {
      "geometry": {
        "coordinates": [
          138.137571,
          35.10769
        ],
        "type": "Point"
      },
      "properties": {
        "bangumi_id": 405785,
        "bangumi_title": "摇曳露营△ 三期",
        "ep_cut": 3,
        "image_url": "https://w.junreimap.com/images/points/405785/4wm7iu2_1757689703279.jpg",
        "location": "千头（大井川）",
        "point_id": "4wm7iu2",
        "point_name": "千頭駅 内",
        "remark": "千头是奥大井的入口。这里是大井川本线的终点站，也是换乘井川线（奥大井方向）的地方。目前至2029年春有部分区间停运，详见官网公告。"
      },
      "type": "Feature"
    },
    {
      "geometry": {
        "coordinates": [
          138.13773,
          35.108151
        ],
        "type": "Point"
      },
      "properties": {
        "bangumi_id": 405785,
        "bangumi_title": "摇曳露营△ 三期",
        "ep_cut": 3,
        "image_url": "https://w.junreimap.com/images/points/405785/4wm10eu_1757689396854.jpg",
        "location": "千头（大井川）",
        "point_id": "4wm10eu",
        "point_name": "千頭駅 内",
        "remark": "千头是奥大井的入口。这里是大井川本线的终点站，也是换乘井川线（奥大井方向）的地方。目前至2029年春有部分区间停运，详见官网公告。"
      },
      "type": "Feature"
    },
    {
      "geometry": {
        "coordinates": [
          138.137707,
          35.108104
        ],
        "type": "Point"
      },
      "properties": {
        "bangumi_id": 405785,
        "bangumi_title": "摇曳露营△ 三期",
        "ep_cut": 3,
        "image_url": "https://w.junreimap.com/images/points/405785/4wm0wsm_1757689393628.jpg",
        "location": "千头（大井川）",
        "point_id": "4wm0wsm",
        "point_name": "千頭駅 内",
        "remark": "千头是奥大井的入口。这里是大井川本线的终点站，也是换乘井川线（奥大井方向）的地方。目前至2029年春有部分区间停运，详见官网公告。"
      },
      "type": "Feature"
    },
    {
      "geometry": {
        "coordinates": [
          138.137682,
          35.108165
        ],
        "type": "Point"
      },
      "properties": {
        "bangumi_id": 405785,
        "bangumi_title": "摇曳露营△ 三期",
        "ep_cut": 3,
        "image_url": "https://w.junreimap.com/images/points/405785/4wm14g6_1757689402304.jpg",
        "location": "千头（大井川）",
        "point_id": "4wm14g6",
        "point_name": "千頭駅 内",
        "remark": "千头是奥大井的入口。这里是大井川本线的终点站，也是换乘井川线（奥大井方向）的地方。目前至2029年春有部分区间停运，详见官网公告。"
      },
      "type": "Feature"
    },
    {
      "geometry": {
        "coordinates": [
          138.137853,
          35.107996
        ],
        "type": "Point"
      },
      "properties": {
        "bangumi_id": 405785,
        "bangumi_title": "摇曳露营△ 三期",
        "ep_cut": 3,
        "image_url": "https://w.junreimap.com/images/points/405785/4wlwivl_1757689188550.jpg",
        "location": "千头（大井川）",
        "point_id": "4wlwivl",
        "point_name": "千頭駅 内",
        "remark": "千头是奥大井的入口。这里是大井川本线的终点站，也是换乘井川线（奥大井方向）的地方。目前至2029年春有部分区间停运，详见官网公告。"
      },
      "type": "Feature"
    },
    {
      "geometry": {
        "coordinates": [
          138.137552,
          35.107664
        ],
        "type": "Point"
      },
      "properties": {
        "bangumi_id": 405785,
        "bangumi_title": "摇曳露营△ 三期",
        "ep_cut": 5,
        "image_url": "https://w.junreimap.com/images/points/405785/4wsjteu_1757700351921.jpg",
        "location": "千头（大井川）",
        "point_id": "4wsjteu",
        "point_name": "千頭駅 内",
        "remark": "千头是奥大井的入口。这里是大井川本线的终点站，也是换乘井川线（奥大井方向）的地方。目前至2029年春有部分区间停运，详见官网公告。"
      },
      "type": "Feature"
    },
    {
      "geometry": {
        "coordinates": [
          138.137152,
          35.107807
        ],
        "type": "Point"
      },
      "properties": {
        "bangumi_id": 405785,
        "bangumi_title": "摇曳露营△ 三期",
        "ep_cut": 3,
        "image_url": "https://w.junreimap.com/images/points/405785/4vu9v2u_1757642783093.jpg",
        "location": "大井川铁道井川线",
        "point_id": "4vu9v2u",
        "point_name": "大井川铁道井川线 电车内",
        "remark": ""
      },
      "type": "Feature"
    },
    {
      "geometry": {
        "coordinates": [
          138.137021,
          35.107869
        ],
        "type": "Point"
      },
      "properties": {
        "bangumi_id": 405785,
        "bangumi_title": "摇曳露营△ 三期",
        "ep_cut": 4,
        "image_url": "https://w.junreimap.com/images/points/405785/4wnherk_1757691841470.jpg",
        "location": "大井川铁道井川线",
        "point_id": "4wnherk",
        "point_name": "大井川铁道井川线 电车内",
        "remark": "挺好颜.jpg"
      },
      "type": "Feature"
    },
    {
      "geometry": {
        "coordinates": [
          138.137045,
          35.107807
        ],
        "type": "Point"
      },
      "properties": {
        "bangumi_id": 405785,
        "bangumi_title": "摇曳露营△ 三期",
        "ep_cut": 3,
        "image_url": "https://w.junreimap.com/images/points/405785/4wm7xrj_1757689722720.jpg",
        "location": "大井川铁道井川线",
        "point_id": "4wm7xrj",
        "point_name": "大井川铁道井川线 电车内",
        "remark": ""
      },
      "type": "Feature"
    },
    {
      "geometry": {
        "coordinates": [
          138.137093,
          35.107794
        ],
        "type": "Point"
      },
      "properties": {
        "bangumi_id": 405785,
        "bangumi_title": "摇曳露营△ 三期",
        "ep_cut": 3,
        "image_url": "https://w.junreimap.com/images/points/405785/4wm81zm_1757689726870.jpg",
        "location": "大井川铁道井川线",
        "point_id": "4wm81zm",
        "point_name": "大井川铁道井川线 电车内",
        "remark": ""
      },
      "type": "Feature"
    },
    {
      "geometry": {
        "coordinates": [
          138.137146,
          35.107773
        ],
        "type": "Point"
      },
      "properties": {
        "bangumi_id": 405785,
        "bangumi_title": "摇曳露营△ 三期",
        "ep_cut": 3,
        "image_url": "https://w.junreimap.com/images/points/405785/4wm86iu_1757689732722.jpg",
        "location": "大井川铁道井川线",
        "point_id": "4wm86iu",
        "point_name": "大井川铁道井川线 电车内",
        "remark": ""
      },
      "type": "Feature"
    },
    {
      "geometry": {
        "coordinates": [
          138.137009,
          35.107827
        ],
        "type": "Point"
      },
      "properties": {
        "bangumi_id": 405785,
        "bangumi_title": "摇曳露营△ 三期",
        "ep_cut": 3,
        "image_url": "https://w.junreimap.com/images/points/405785/4wm8gxy_1757689745651.jpg",
        "location": "大井川铁道井川线",
        "point_id": "4wm8gxy",
        "point_name": "大井川铁道井川线 电车内",
        "remark": ""
      },
      "type": "Feature"
    },
    {
      "geometry": {
        "coordinates": [
          138.137067,
          35.107839
        ],
        "type": "Point"
      },
      "properties": {
        "bangumi_id": 405785,
        "bangumi_title": "摇曳露营△ 三期",
        "ep_cut": 3,
        "image_url": "https://w.junreimap.com/images/points/405785/4vua833_1757642798961.jpg",
        "location": "大井川铁道井川线",
        "point_id": "4vua833",
        "point_name": "大井川铁道井川线 电车内",
        "remark": ""
      },
      "type": "Feature"
    },
    {
      "geometry": {
        "coordinates": [
          138.140046,
          35.117887
        ],
        "type": "Point"
      },
      "properties": {
        "bangumi_id": 405785,
        "bangumi_title": "摇曳露营△ 三期",
        "ep_cut": 3,
        "image_url": "https://w.junreimap.com/images/user/1069/bangumi/405785/points/jmbt24yno-1713494061657.jpg",
        "location": "川根両国（大井川）",
        "point_id": "jmbt24yno",
        "point_name": "两国吊桥",
        "remark": ""
      },
      "type": "Feature"
    },
    {
      "geometry": {
        "coordinates": [
          138.139973,
          35.117881
        ],
        "type": "Point"
      },
      "properties": {
        "bangumi_id": 405785,
        "bangumi_title": "摇曳露营△ 三期",
        "ep_cut": 3,
        "image_url": "https://w.junreimap.com/images/points/405785/4vujoy7_1757643239660.jpg",
        "location": "川根両国（大井川）",
        "point_id": "4vujoy7",
        "point_name": "两国吊桥",
        "remark": ""
      },
      "type": "Feature"
    },
    {
      "geometry": {
        "coordinates": [
          138.140066,
          35.117996
        ],
        "type": "Point"
      },
      "properties": {
        "bangumi_id": 405785,
        "bangumi_title": "摇曳露营△ 三期",
        "ep_cut": 3,
        "image_url": "https://w.junreimap.com/images/points/405785/4vujsd8_1757643243921.jpg",
        "location": "川根両国（大井川）",
        "point_id": "4vujsd8",
        "point_name": "两国吊桥",
        "remark": ""
      },
      "type": "Feature"
    },
    {
      "geometry": {
        "coordinates": [
          138.140081,
          35.118033
        ],
        "type": "Point"
      },
      "properties": {
        "bangumi_id": 405785,
        "bangumi_title": "摇曳露营△ 三期",
        "ep_cut": 3,
        "image_url": "https://w.junreimap.com/images/points/405785/4vujvhp_1757643247608.jpg",
        "location": "川根両国（大井川）",
        "point_id": "4vujvhp",
        "point_name": "两国吊桥",
        "remark": ""
      },
      "type": "Feature"
    },
    {
      "geometry": {
        "coordinates": [
          138.139685,
          35.117933
        ],
        "type": "Point"
      },
      "properties": {
        "bangumi_id": 405785,
        "bangumi_title": "摇曳露营△ 三期",
        "ep_cut": 5,
        "image_url": "https://w.junreimap.com/images/points/405785/4wsnf31_1757700521168.jpg",
        "location": "川根両国（大井川）",
        "point_id": "4wsnf31",
        "point_name": "两国吊桥",
        "remark": ""
      },
      "type": "Feature"
    },
    {
      "geometry": {
        "coordinates": [
          138.140097,
          35.118078
        ],
        "type": "Point"
      },
      "properties": {
        "bangumi_id": 405785,
        "bangumi_title": "摇曳露营△ 三期",
        "ep_cut": 3,
        "image_url": "https://w.junreimap.com/images/points/405785/4vujxrs_1757643250582.jpg",
        "location": "川根両国（大井川）",
        "point_id": "4vujxrs",
        "point_name": "两国吊桥",
        "remark": ""
      },
      "type": "Feature"
    },
    {
      "geometry": {
        "coordinates": [
          138.140039,
          35.117817
        ],
        "type": "Point"
      },
      "properties": {
        "bangumi_id": 405785,
        "bangumi_title": "摇曳露营△ 三期",
        "ep_cut": 3,
        "image_url": "https://w.junreimap.com/images/user/0/bangumi/405785/points/jukxvts9l-1714140865025.jpg",
        "location": "川根両国（大井川）",
        "point_id": "jukxvts9l",
        "point_name": "两国吊桥桥下",
        "remark": ""
      },
      "type": "Feature"
    },
    {
      "geometry": {
        "coordinates": [
          138.14003,
          35.117712
        ],
        "type": "Point"
      },
      "properties": {
        "bangumi_id": 405785,
        "bangumi_title": "摇曳露营△ 三期",
        "ep_cut": 3,
        "image_url": "https://w.junreimap.com/images/user/0/bangumi/405785/points/jukylr3ej-1714140927348.jpg",
        "location": "川根両国（大井川）",
        "point_id": "jukylr3ej",
        "point_name": "两国吊桥合影处",
        "remark": ""
      },
      "type": "Feature"
    },
    {
      "geometry": {
        "coordinates": [
          138.141147,
          35.117793
        ],
        "type": "Point"
      },
      "properties": {
        "bangumi_id": 405785,
        "bangumi_title": "摇曳露营△ 三期",
        "ep_cut": 3,
        "image_url": "https://w.junreimap.com/images/user/0/bangumi/405785/points/juicwgtnv-1714135263728.jpg",
        "location": "川根両国（大井川）",
        "point_id": "juicwgtnv",
        "point_name": "両国橋",
        "remark": ""
      },
      "type": "Feature"
    },
    {
      "geometry": {
        "coordinates": [
          138.141122,
          35.120653
        ],
        "type": "Point"
      },
      "properties": {
        "bangumi_id": 405785,
        "bangumi_title": "摇曳露营△ 三期",
        "ep_cut": 3,
        "image_url": "https://w.junreimap.com/images/user/0/bangumi/405785/points/juij3flzu-1714135603200.jpg",
        "location": "川根両国（大井川）",
        "point_id": "juij3flzu",
        "point_name": "県道77号场景一",
        "remark": ""
      },
      "type": "Feature"
    },
    {
      "geometry": {
        "coordinates": [
          138.142212,
          35.121795
        ],
        "type": "Point"
      },
      "properties": {
        "bangumi_id": 405785,
        "bangumi_title": "摇曳露营△ 三期",
        "ep_cut": 3,
        "image_url": "https://w.junreimap.com/images/user/0/bangumi/405785/points/juilcfdxc-1714135766427.jpg",
        "location": "川根両国（大井川）",
        "point_id": "juilcfdxc",
        "point_name": "県道77号场景二",
        "remark": ""
      },
      "type": "Feature"
    },
    {
      "geometry": {
        "coordinates": [
          138.140872,
          35.123533
        ],
        "type": "Point"
      },
      "properties": {
        "bangumi_id": 405785,
        "bangumi_title": "摇曳露营△ 三期",
        "ep_cut": 3,
        "image_url": "https://w.junreimap.com/images/user/0/bangumi/405785/points/juiototql-1714135943723.jpg",
        "location": "川根両国（大井川）",
        "point_id": "juiototql",
        "point_name": "电线杆观赏点",
        "remark": ""
      },
      "type": "Feature"
    },
    {
      "geometry": {
        "coordinates": [
          138.147261,
          35.14166
        ],
        "type": "Point"
      },
      "properties": {
        "bangumi_id": 405785,
        "bangumi_title": "摇曳露营△ 三期",
        "ep_cut": 3,
        "image_url": "https://w.junreimap.com/images/user/1069/bangumi/405785/points/jmbzecmrb-1713494459265.jpg",
        "location": "川根小山（大井川）",
        "point_id": "jmbzecmrb",
        "point_name": "小山隧道",
        "remark": ""
      },
      "type": "Feature"
    },
    {
      "geometry": {
        "coordinates": [
          138.145256,
          35.14149
        ],
        "type": "Point"
      },
      "properties": {
        "bangumi_id": 405785,
        "bangumi_title": "摇曳露营△ 三期",
        "ep_cut": 3,
        "image_url": "https://w.junreimap.com/images/user/1069/bangumi/405785/points/jmc3tzl7v-1713494710028.jpg",
        "location": "川根小山（大井川）",
        "point_id": "jmc3tzl7v",
        "point_name": "小山吊桥",
        "remark": ""
      },
      "type": "Feature"
    },
    {
      "geometry": {
        "coordinates": [
          138.145268,
          35.141469
        ],
        "type": "Point"
      },
      "properties": {
        "bangumi_id": 405785,
        "bangumi_title": "摇曳露营△ 三期",
        "ep_cut": 3,
        "image_url": "https://w.junreimap.com/images/points/405785/4vugpvz_1757643101370.jpg",
        "location": "川根小山（大井川）",
        "point_id": "4vugpvz",
        "point_name": "小山吊桥",
        "remark": ""
      },
      "type": "Feature"
    },
    {
      "geometry": {
        "coordinates": [
          138.145283,
          35.141434
        ],
        "type": "Point"
      },
      "properties": {
        "bangumi_id": 405785,
        "bangumi_title": "摇曳露营△ 三期",
        "ep_cut": 3,
        "image_url": "https://w.junreimap.com/images/points/405785/4vuh9oh_1757643134423.jpg",
        "location": "川根小山（大井川）",
        "point_id": "4vuh9oh",
        "point_name": "小山吊桥",
        "remark": ""
      },
      "type": "Feature"
    },
    {
      "geometry": {
        "coordinates": [
          138.145298,
          35.14141
        ],
        "type": "Point"
      },
      "properties": {
        "bangumi_id": 405785,
        "bangumi_title": "摇曳露营△ 三期",
        "ep_cut": 3,
        "image_url": "https://w.junreimap.com/images/points/405785/4vuhkgk_1757643139925.jpg",
        "location": "川根小山（大井川）",
        "point_id": "4vuhkgk",
        "point_name": "小山吊桥",
        "remark": ""
      },
      "type": "Feature"
    },
    {
      "geometry": {
        "coordinates": [
          138.14531,
          35.141386
        ],
        "type": "Point"
      },
      "properties": {
        "bangumi_id": 405785,
        "bangumi_title": "摇曳露营△ 三期",
        "ep_cut": 3,
        "image_url": "https://w.junreimap.com/images/points/405785/4vuhmsj_1757643143268.jpg",
        "location": "川根小山（大井川）",
        "point_id": "4vuhmsj",
        "point_name": "小山吊桥",
        "remark": ""
      },
      "type": "Feature"
    },
    {
      "geometry": {
        "coordinates": [
          138.145322,
          35.141366
        ],
        "type": "Point"
      },
      "properties": {
        "bangumi_id": 405785,
        "bangumi_title": "摇曳露营△ 三期",
        "ep_cut": 3,
        "image_url": "https://w.junreimap.com/images/points/405785/4vuhp5q_1757643146275.jpg",
        "location": "川根小山（大井川）",
        "point_id": "4vuhp5q",
        "point_name": "小山吊桥",
        "remark": ""
      },
      "type": "Feature"
    },
    {
      "geometry": {
        "coordinates": [
          138.145335,
          35.141344
        ],
        "type": "Point"
      },
      "properties": {
        "bangumi_id": 405785,
        "bangumi_title": "摇曳露营△ 三期",
        "ep_cut": 3,
        "image_url": "https://w.junreimap.com/images/points/405785/4vuhrgt_1757643149074.jpg",
        "location": "川根小山（大井川）",
        "point_id": "4vuhrgt",
        "point_name": "小山吊桥",
        "remark": ""
      },
      "type": "Feature"
    },
    {
      "geometry": {
        "coordinates": [
          138.14535,
          35.141325
        ],
        "type": "Point"
      },
      "properties": {
        "bangumi_id": 405785,
        "bangumi_title": "摇曳露营△ 三期",
        "ep_cut": 3,
        "image_url": "https://w.junreimap.com/images/points/405785/4vuhueo_1757643152862.jpg",
        "location": "川根小山（大井川）",
        "point_id": "4vuhueo",
        "point_name": "小山吊桥",
        "remark": ""
      },
      "type": "Feature"
    },
    {
      "geometry": {
        "coordinates": [
          138.145361,
          35.141303
        ],
        "type": "Point"
      },
      "properties": {
        "bangumi_id": 405785,
        "bangumi_title": "摇曳露营△ 三期",
        "ep_cut": 3,
        "image_url": "https://w.junreimap.com/images/points/405785/4vui08o_1757643160452.jpg",
        "location": "川根小山（大井川）",
        "point_id": "4vui08o",
        "point_name": "小山吊桥",
        "remark": ""
      },
      "type": "Feature"
    },
    {
      "geometry": {
        "coordinates": [
          138.135085,
          34.816666
        ],
        "type": "Point"
      },
      "properties": {
        "bangumi_id": 405785,
        "bangumi_title": "摇曳露营△ 三期",
        "ep_cut": 3,
        "image_url": "https://w.junreimap.com/images/user/0/bangumi/405785/points/jujj8lphl-1714137782069.jpg",
        "location": "金谷（大井川）",
        "point_id": "jujj8lphl",
        "point_name": "富士見展望公園",
        "remark": ""
      },
      "type": "Feature"
    },
    {
      "geometry": {
        "coordinates": [
          138.125669,
          34.819371
        ],
        "type": "Point"
      },
      "properties": {
        "bangumi_id": 405785,
        "bangumi_title": "摇曳露营△ 三期",
        "ep_cut": 3,
        "image_url": "https://w.junreimap.com/images/points/405785/4vu5ifx_1757642578470.jpg",
        "location": "金谷（大井川）",
        "point_id": "4vu5ifx",
        "point_name": "奥静大井川线金谷駅",
        "remark": ""
      },
      "type": "Feature"
    },
    {
      "geometry": {
        "coordinates": [
          138.125826,
          34.819432
        ],
        "type": "Point"
      },
      "properties": {
        "bangumi_id": 405785,
        "bangumi_title": "摇曳露营△ 三期",
        "ep_cut": 3,
        "image_url": "https://w.junreimap.com/images/points/405785/4vu6q5i_1757642635359.jpg",
        "location": "金谷（大井川）",
        "point_id": "4vu6q5i",
        "point_name": "奥静大井川线金谷駅",
        "remark": ""
      },
      "type": "Feature"
    },
    {
      "geometry": {
        "coordinates": [
          138.125904,
          34.819482
        ],
        "type": "Point"
      },
      "properties": {
        "bangumi_id": 405785,
        "bangumi_title": "摇曳露营△ 三期",
        "ep_cut": 3,
        "image_url": "https://w.junreimap.com/images/user/0/bangumi/405785/points/jv3sk5sex-1714181915330.jpg",
        "location": "金谷（大井川）",
        "point_id": "jv3sk5sex",
        "point_name": "金谷駅内",
        "remark": ""
      },
      "type": "Feature"
    },
    {
      "geometry": {
        "coordinates": [
          138.126024,
          34.819544
        ],
        "type": "Point"
      },
      "properties": {
        "bangumi_id": 405785,
        "bangumi_title": "摇曳露营△ 三期",
        "ep_cut": 3,
        "image_url": "https://w.junreimap.com/images/user/0/bangumi/405785/points/jv3txvv1b-1714182006358.jpg",
        "location": "金谷（大井川）",
        "point_id": "jv3txvv1b",
        "point_name": "大井川鐵道大井川本線",
        "remark": ""
      },
      "type": "Feature"
    },
    {
      "geometry": {
        "coordinates": [
          138.126014,
          34.8196
        ],
        "type": "Point"
      },
      "properties": {
        "bangumi_id": 405785,
        "bangumi_title": "摇曳露营△ 三期",
        "ep_cut": 3,
        "image_url": "https://w.junreimap.com/images/points/405785/4vu5oiu_1757642585481.jpg",
        "location": "金谷（大井川）",
        "point_id": "4vu5oiu",
        "point_name": "大井川鐵道大井川本線",
        "remark": ""
      },
      "type": "Feature"
    },
    {
      "geometry": {
        "coordinates": [
          138.126038,
          34.819623
        ],
        "type": "Point"
      },
      "properties": {
        "bangumi_id": 405785,
        "bangumi_title": "摇曳露营△ 三期",
        "ep_cut": 3,
        "image_url": "https://w.junreimap.com/images/points/405785/4vu5r44_1757642588823.jpg",
        "location": "金谷（大井川）",
        "point_id": "4vu5r44",
        "point_name": "大井川鐵道大井川本線",
        "remark": ""
      },
      "type": "Feature"
    },
    {
      "geometry": {
        "coordinates": [
          138.126171,
          34.81973
        ],
        "type": "Point"
      },
      "properties": {
        "bangumi_id": 405785,
        "bangumi_title": "摇曳露营△ 三期",
        "ep_cut": 3,
        "image_url": "https://w.junreimap.com/images/points/405785/4vu68f5_1757642611248.jpg",
        "location": "金谷（大井川）",
        "point_id": "4vu68f5",
        "point_name": "大井川鐵道大井川本線",
        "remark": ""
      },
      "type": "Feature"
    },
    {
      "geometry": {
        "coordinates": [
          138.126062,
          34.819641
        ],
        "type": "Point"
      },
      "properties": {
        "bangumi_id": 405785,
        "bangumi_title": "摇曳露营△ 三期",
        "ep_cut": 3,
        "image_url": "https://w.junreimap.com/images/points/405785/4vu5sw6_1757642591162.jpg",
        "location": "金谷（大井川）",
        "point_id": "4vu5sw6",
        "point_name": "大井川鐵道大井川本線",
        "remark": ""
      },
      "type": "Feature"
    },
    {
      "geometry": {
        "coordinates": [
          138.126113,
          34.819688
        ],
        "type": "Point"
      },
      "properties": {
        "bangumi_id": 405785,
        "bangumi_title": "摇曳露营△ 三期",
        "ep_cut": 3,
        "image_url": "https://w.junreimap.com/images/points/405785/4vu5y60_1757642600380.jpg",
        "location": "金谷（大井川）",
        "point_id": "4vu5y60",
        "point_name": "大井川鐵道大井川本線",
        "remark": ""
      },
      "type": "Feature"
    },
    {
      "geometry": {
        "coordinates": [
          138.12614,
          34.819709
        ],
        "type": "Point"
      },
      "properties": {
        "bangumi_id": 405785,
        "bangumi_title": "摇曳露营△ 三期",
        "ep_cut": 3,
        "image_url": "https://w.junreimap.com/images/points/405785/4vu6221_1757642602975.jpg",
        "location": "金谷（大井川）",
        "point_id": "4vu6221",
        "point_name": "大井川鐵道大井川本線",
        "remark": ""
      },
      "type": "Feature"
    },
    {
      "geometry": {
        "coordinates": [
          138.164554,
          35.165601
        ],
        "type": "Point"
      },
      "properties": {
        "bangumi_id": 405785,
        "bangumi_title": "摇曳露营△ 三期",
        "ep_cut": 3,
        "image_url": "https://w.junreimap.com/images/user/1069/bangumi/405785/points/jmcdvazrp-1713495317266.jpg",
        "location": "接岨湖（大井川）",
        "point_id": "jmcdvazrp",
        "point_name": "接岨湖",
        "remark": ""
      },
      "type": "Feature"
    },
    {
      "geometry": {
        "coordinates": [
          138.187174,
          35.175336
        ],
        "type": "Point"
      },
      "properties": {
        "bangumi_id": 405785,
        "bangumi_title": "摇曳露营△ 三期",
        "ep_cut": 3,
        "image_url": "https://w.junreimap.com/images/user/0/bangumi/405785/points/jujv90bre-1714138527392.jpg",
        "location": "接岨湖（大井川）",
        "point_id": "jujv90bre",
        "point_name": "接岨公園（長島公園）駐車場",
        "remark": ""
      },
      "type": "Feature"
    },
    {
      "geometry": {
        "coordinates": [
          138.188275,
          35.174772
        ],
        "type": "Point"
      },
      "properties": {
        "bangumi_id": 405785,
        "bangumi_title": "摇曳露营△ 三期",
        "ep_cut": 3,
        "image_url": "https://w.junreimap.com/images/points/405785/4vtxcjt_1757642217543.jpg",
        "location": "接岨湖（大井川）",
        "point_id": "4vtxcjt",
        "point_name": "接岨大吊橋 西岸",
        "remark": "此处告示板上的地图以东方向为基准"
      },
      "type": "Feature"
    },
    {
      "geometry": {
        "coordinates": [
          138.188285,
          35.175044
        ],
        "type": "Point"
      },
      "properties": {
        "bangumi_id": 405785,
        "bangumi_title": "摇曳露营△ 三期",
        "ep_cut": 3,
        "image_url": "https://w.junreimap.com/images/points/405785/4vtykd5_1757642253298.jpg",
        "location": "接岨湖（大井川）",
        "point_id": "4vtykd5",
        "point_name": "接岨大吊橋 西岸",
        "remark": ""
      },
      "type": "Feature"
    },
    {
      "geometry": {
        "coordinates": [
          138.188446,
          35.174509
        ],
        "type": "Point"
      },
      "properties": {
        "bangumi_id": 405785,
        "bangumi_title": "摇曳露营△ 三期",
        "ep_cut": 3,
        "image_url": "https://w.junreimap.com/images/user/0/bangumi/405785/points/jujyjyyrx-1714138736060.jpg",
        "location": "接岨湖（大井川）",
        "point_id": "jujyjyyrx",
        "point_name": "接岨大吊橋 西岸",
        "remark": ""
      },
      "type": "Feature"
    },
    {
      "geometry": {
        "coordinates": [
          138.18917,
          35.17433
        ],
        "type": "Point"
      },
      "properties": {
        "bangumi_id": 405785,
        "bangumi_title": "摇曳露营△ 三期",
        "ep_cut": 3,
        "image_url": "https://w.junreimap.com/images/points/405785/4vtuu2t_1757642079477.jpg",
        "location": "接岨湖（大井川）",
        "point_id": "4vtuu2t",
        "point_name": "接岨大吊橋 西岸",
        "remark": ""
      },
      "type": "Feature"
    },
    {
      "geometry": {
        "coordinates": [
          138.18932,
          35.174307
        ],
        "type": "Point"
      },
      "properties": {
        "bangumi_id": 405785,
        "bangumi_title": "摇曳露营△ 三期",
        "ep_cut": 3,
        "image_url": "https://w.junreimap.com/images/points/405785/4vtyqm1_1757642261345.jpg",
        "location": "接岨湖（大井川）",
        "point_id": "4vtyqm1",
        "point_name": "接岨大吊橋",
        "remark": ""
      },
      "type": "Feature"
    },
    {
      "geometry": {
        "coordinates": [
          138.189417,
          35.17429
        ],
        "type": "Point"
      },
      "properties": {
        "bangumi_id": 405785,
        "bangumi_title": "摇曳露营△ 三期",
        "ep_cut": 3,
        "image_url": "https://w.junreimap.com/images/points/405785/4vtyst0_1757642264312.jpg",
        "location": "接岨湖（大井川）",
        "point_id": "4vtyst0",
        "point_name": "接岨大吊橋",
        "remark": ""
      },
      "type": "Feature"
    },
    {
      "geometry": {
        "coordinates": [
          138.190139,
          35.174231
        ],
        "type": "Point"
      },
      "properties": {
        "bangumi_id": 405785,
        "bangumi_title": "摇曳露营△ 三期",
        "ep_cut": 3,
        "image_url": "https://w.junreimap.com/images/points/405785/4vtzk7y_1757642301107.jpg",
        "location": "接岨湖（大井川）",
        "point_id": "4vtzk7y",
        "point_name": "接岨大吊橋 东岸",
        "remark": "在桥上向东走到东岸尽头，墙壁上就是指引板。"
      },
      "type": "Feature"
    },
    {
      "geometry": {
        "coordinates": [
          138.189962,
          35.174238
        ],
        "type": "Point"
      },
      "properties": {
        "bangumi_id": 405785,
        "bangumi_title": "摇曳露营△ 三期",
        "ep_cut": 3,
        "image_url": "https://w.junreimap.com/images/points/405785/4vtzmuu_1757642303263.jpg",
        "location": "接岨湖（大井川）",
        "point_id": "4vtzmuu",
        "point_name": "接岨大吊橋 东岸",
        "remark": ""
      },
      "type": "Feature"
    },
    {
      "geometry": {
        "coordinates": [
          138.19029,
          35.174877
        ],
        "type": "Point"
      },
      "properties": {
        "bangumi_id": 405785,
        "bangumi_title": "摇曳露营△ 三期",
        "ep_cut": 3,
        "image_url": "https://w.junreimap.com/images/user/0/bangumi/405785/points/juk3w1jrq-1714139046034.jpg",
        "location": "接岨湖（大井川）",
        "point_id": "juk3w1jrq",
        "point_name": "栃の木橋",
        "remark": ""
      },
      "type": "Feature"
    },
    {
      "geometry": {
        "coordinates": [
          138.190296,
          35.174905
        ],
        "type": "Point"
      },
      "properties": {
        "bangumi_id": 405785,
        "bangumi_title": "摇曳露营△ 三期",
        "ep_cut": 3,
        "image_url": "https://w.junreimap.com/images/points/405785/4vtzw6r_1757642315433.jpg",
        "location": "接岨湖（大井川）",
        "point_id": "4vtzw6r",
        "point_name": "栃の木橋",
        "remark": ""
      },
      "type": "Feature"
    },
    {
      "geometry": {
        "coordinates": [
          138.190295,
          35.17499
        ],
        "type": "Point"
      },
      "properties": {
        "bangumi_id": 405785,
        "bangumi_title": "摇曳露营△ 三期",
        "ep_cut": 3,
        "image_url": "https://w.junreimap.com/images/user/0/bangumi/405785/points/juk5lcvnb-1714139136171.jpg",
        "location": "接岨湖（大井川）",
        "point_id": "juk5lcvnb",
        "point_name": "桜橋",
        "remark": ""
      },
      "type": "Feature"
    },
    {
      "geometry": {
        "coordinates": [
          138.190295,
          35.175036
        ],
        "type": "Point"
      },
      "properties": {
        "bangumi_id": 405785,
        "bangumi_title": "摇曳露营△ 三期",
        "ep_cut": 3,
        "image_url": "https://w.junreimap.com/images/points/405785/4vu000c_1757642320232.jpg",
        "location": "接岨湖（大井川）",
        "point_id": "4vu000c",
        "point_name": "桜橋",
        "remark": ""
      },
      "type": "Feature"
    },
    {
      "geometry": {
        "coordinates": [
          138.190238,
          35.175506
        ],
        "type": "Point"
      },
      "properties": {
        "bangumi_id": 405785,
        "bangumi_title": "摇曳露营△ 三期",
        "ep_cut": 3,
        "image_url": "https://w.junreimap.com/images/user/0/bangumi/405785/points/juk6nb3mk-1714139226820.jpg",
        "location": "接岨湖（大井川）",
        "point_id": "juk6nb3mk",
        "point_name": "水楢橋",
        "remark": ""
      },
      "type": "Feature"
    },
    {
      "geometry": {
        "coordinates": [
          138.190186,
          35.175717
        ],
        "type": "Point"
      },
      "properties": {
        "bangumi_id": 405785,
        "bangumi_title": "摇曳露营△ 三期",
        "ep_cut": 3,
        "image_url": "https://w.junreimap.com/images/points/405785/4vu04zb_1757642326675.jpg",
        "location": "接岨湖（大井川）",
        "point_id": "4vu04zb",
        "point_name": "水楢橋",
        "remark": ""
      },
      "type": "Feature"
    },
    {
      "geometry": {
        "coordinates": [
          138.190118,
          35.1759
        ],
        "type": "Point"
      },
      "properties": {
        "bangumi_id": 405785,
        "bangumi_title": "摇曳露营△ 三期",
        "ep_cut": 3,
        "image_url": "https://w.junreimap.com/images/points/405785/4vu0h0o_1757642343211.jpg",
        "location": "接岨湖（大井川）",
        "point_id": "4vu0h0o",
        "point_name": "水楢橋",
        "remark": ""
      },
      "type": "Feature"
    },
    {
      "geometry": {
        "coordinates": [
          138.190208,
          35.17715
        ],
        "type": "Point"
      },
      "properties": {
        "bangumi_id": 405785,
        "bangumi_title": "摇曳露营△ 三期",
        "ep_cut": 3,
        "image_url": "https://w.junreimap.com/images/user/0/bangumi/405785/points/juk8z0dqd-1714139414619.jpg",
        "location": "接岨湖（大井川）",
        "point_id": "juk8z0dqd",
        "point_name": "椿橋",
        "remark": ""
      },
      "type": "Feature"
    },
    {
      "geometry": {
        "coordinates": [
          138.190043,
          35.177126
        ],
        "type": "Point"
      },
      "properties": {
        "bangumi_id": 405785,
        "bangumi_title": "摇曳露营△ 三期",
        "ep_cut": 3,
        "image_url": "https://w.junreimap.com/images/points/405785/4vu0kxg_1757642349668.jpg",
        "location": "接岨湖（大井川）",
        "point_id": "4vu0kxg",
        "point_name": "椿橋",
        "remark": ""
      },
      "type": "Feature"
    },
    {
      "geometry": {
        "coordinates": [
          138.189747,
          35.177819
        ],
        "type": "Point"
      },
      "properties": {
        "bangumi_id": 405785,
        "bangumi_title": "摇曳露营△ 三期",
        "ep_cut": 3,
        "image_url": "https://w.junreimap.com/images/user/0/bangumi/405785/points/jukc4b1ow-1714139528701.jpg",
        "location": "接岨湖（大井川）",
        "point_id": "jukc4b1ow",
        "point_name": "桑の木橋",
        "remark": ""
      },
      "type": "Feature"
    },
    {
      "geometry": {
        "coordinates": [
          138.189609,
          35.178048
        ],
        "type": "Point"
      },
      "properties": {
        "bangumi_id": 405785,
        "bangumi_title": "摇曳露营△ 三期",
        "ep_cut": 3,
        "image_url": "https://w.junreimap.com/images/points/405785/4vu0v03_1757642360459.jpg",
        "location": "接岨湖（大井川）",
        "point_id": "4vu0v03",
        "point_name": "桑の木橋",
        "remark": ""
      },
      "type": "Feature"
    },
    {
      "geometry": {
        "coordinates": [
          138.189441,
          35.178484
        ],
        "type": "Point"
      },
      "properties": {
        "bangumi_id": 405785,
        "bangumi_title": "摇曳露营△ 三期",
        "ep_cut": 3,
        "image_url": "https://w.junreimap.com/images/points/405785/4vu0xo5_1757642364401.jpg",
        "location": "接岨湖（大井川）",
        "point_id": "4vu0xo5",
        "point_name": "桑の木橋",
        "remark": ""
      },
      "type": "Feature"
    },
    {
      "geometry": {
        "coordinates": [
          138.189101,
          35.179335
        ],
        "type": "Point"
      },
      "properties": {
        "bangumi_id": 405785,
        "bangumi_title": "摇曳露营△ 三期",
        "ep_cut": 3,
        "image_url": "https://w.junreimap.com/images/user/0/bangumi/405785/points/jukez0898-1714139694098.jpg",
        "location": "接岨湖（大井川）",
        "point_id": "jukez0898",
        "point_name": "宮沢橋",
        "remark": ""
      },
      "type": "Feature"
    },
    {
      "geometry": {
        "coordinates": [
          138.189041,
          35.179237
        ],
        "type": "Point"
      },
      "properties": {
        "bangumi_id": 405785,
        "bangumi_title": "摇曳露营△ 三期",
        "ep_cut": 3,
        "image_url": "https://w.junreimap.com/images/points/405785/4vu142v_1757642373177.jpg",
        "location": "接岨湖（大井川）",
        "point_id": "4vu142v",
        "point_name": "宮沢橋",
        "remark": ""
      },
      "type": "Feature"
    },
    {
      "geometry": {
        "coordinates": [
          138.188929,
          35.179377
        ],
        "type": "Point"
      },
      "properties": {
        "bangumi_id": 405785,
        "bangumi_title": "摇曳露营△ 三期",
        "ep_cut": 3,
        "image_url": "https://w.junreimap.com/images/points/405785/4vu19ct_1757642379103.jpg",
        "location": "接岨湖（大井川）",
        "point_id": "4vu19ct",
        "point_name": "宮沢橋",
        "remark": ""
      },
      "type": "Feature"
    },
    {
      "geometry": {
        "coordinates": [
          138.188808,
          35.179409
        ],
        "type": "Point"
      },
      "properties": {
        "bangumi_id": 405785,
        "bangumi_title": "摇曳露营△ 三期",
        "ep_cut": 3,
        "image_url": "https://w.junreimap.com/images/points/405785/4vu1bpn_1757642382115.jpg",
        "location": "接岨湖（大井川）",
        "point_id": "4vu1bpn",
        "point_name": "宮沢橋",
        "remark": ""
      },
      "type": "Feature"
    },
    {
      "geometry": {
        "coordinates": [
          138.188679,
          35.179458
        ],
        "type": "Point"
      },
      "properties": {
        "bangumi_id": 405785,
        "bangumi_title": "摇曳露营△ 三期",
        "ep_cut": 3,
        "image_url": "https://w.junreimap.com/images/points/405785/4vu1da2_1757642384289.jpg",
        "location": "接岨湖（大井川）",
        "point_id": "4vu1da2",
        "point_name": "宮沢橋",
        "remark": ""
      },
      "type": "Feature"
    },
    {
      "geometry": {
        "coordinates": [
          138.188554,
          35.17949
        ],
        "type": "Point"
      },
      "properties": {
        "bangumi_id": 405785,
        "bangumi_title": "摇曳露营△ 三期",
        "ep_cut": 3,
        "image_url": "https://w.junreimap.com/images/points/405785/4vu1n06_1757642397138.jpg",
        "location": "接岨湖（大井川）",
        "point_id": "4vu1n06",
        "point_name": "宮沢橋",
        "remark": ""
      },
      "type": "Feature"
    },
    {
      "geometry": {
        "coordinates": [
          138.188387,
          35.179615
        ],
        "type": "Point"
      },
      "properties": {
        "bangumi_id": 405785,
        "bangumi_title": "摇曳露营△ 三期",
        "ep_cut": 3,
        "image_url": "https://w.junreimap.com/images/user/0/bangumi/405785/points/jukfm9043-1714139742872.jpg",
        "location": "接岨湖（大井川）",
        "point_id": "jukfm9043",
        "point_name": "犬返り橋",
        "remark": ""
      },
      "type": "Feature"
    },
    {
      "geometry": {
        "coordinates": [
          138.188249,
          35.179759
        ],
        "type": "Point"
      },
      "properties": {
        "bangumi_id": 405785,
        "bangumi_title": "摇曳露营△ 三期",
        "ep_cut": 3,
        "image_url": "https://w.junreimap.com/images/points/405785/4vu203e_1757642414774.jpg",
        "location": "接岨湖（大井川）",
        "point_id": "4vu203e",
        "point_name": "犬返り橋",
        "remark": ""
      },
      "type": "Feature"
    },
    {
      "geometry": {
        "coordinates": [
          138.188365,
          35.17977
        ],
        "type": "Point"
      },
      "properties": {
        "bangumi_id": 405785,
        "bangumi_title": "摇曳露营△ 三期",
        "ep_cut": 3,
        "image_url": "https://w.junreimap.com/images/points/405785/4vu2joa_1757642439562.jpg",
        "location": "接岨湖（大井川）",
        "point_id": "4vu2joa",
        "point_name": "犬返り橋",
        "remark": ""
      },
      "type": "Feature"
    },
    {
      "geometry": {
        "coordinates": [
          138.188193,
          35.179303
        ],
        "type": "Point"
      },
      "properties": {
        "bangumi_id": 405785,
        "bangumi_title": "摇曳露营△ 三期",
        "ep_cut": 3,
        "image_url": "https://w.junreimap.com/images/points/405785/4vu1pho_1757642400053.jpg",
        "location": "接岨湖（大井川）",
        "point_id": "4vu1pho",
        "point_name": "接岨峡",
        "remark": ""
      },
      "type": "Feature"
    },
    {
      "geometry": {
        "coordinates": [
          138.144853,
          35.167286
        ],
        "type": "Point"
      },
      "properties": {
        "bangumi_id": 405785,
        "bangumi_title": "摇曳露营△ 三期",
        "ep_cut": 4,
        "image_url": "https://w.junreimap.com/images/points/405785/4wni8tv_1757691885149.jpg",
        "location": "Abt市代~长岛水坝区间（大井川）",
        "point_id": "4wni8tv",
        "point_name": "アプトいちしろ駅",
        "remark": "车辆进行阿普特式变换的车站，通过齿轮车轮与齿轨啮合来攀爬陡坡，アプトいちしろ駅~长岛坝站区间是日本唯一仍使用这种技术的铁道，因此井川线也被乘坐“南阿尔卑斯阿普特线”。"
      },
      "type": "Feature"
    },
    {
      "geometry": {
        "coordinates": [
          138.144828,
          35.167343
        ],
        "type": "Point"
      },
      "properties": {
        "bangumi_id": 405785,
        "bangumi_title": "摇曳露营△ 三期",
        "ep_cut": 4,
        "image_url": "https://w.junreimap.com/images/points/405785/4wnihcr_1757691891537.jpg",
        "location": "Abt市代~长岛水坝区间（大井川）",
        "point_id": "4wnihcr",
        "point_name": "アプトいちしろ駅",
        "remark": "车辆进行阿普特式变换的车站，通过齿轮车轮与齿轨啮合来攀爬陡坡，アプトいちしろ駅~长岛坝站区间是日本唯一仍使用这种技术的铁道，因此井川线也被乘坐“南阿尔卑斯阿普特线”。"
      },
      "type": "Feature"
    },
    {
      "geometry": {
        "coordinates": [
          138.144769,
          35.167314
        ],
        "type": "Point"
      },
      "properties": {
        "bangumi_id": 405785,
        "bangumi_title": "摇曳露营△ 三期",
        "ep_cut": 4,
        "image_url": "https://w.junreimap.com/images/points/405785/4wnijs9_1757691894670.jpg",
        "location": "Abt市代~长岛水坝区间（大井川）",
        "point_id": "4wnijs9",
        "point_name": "アプトいちしろ駅",
        "remark": "车辆进行阿普特式变换的车站，通过齿轮车轮与齿轨啮合来攀爬陡坡，アプトいちしろ駅~长岛坝站区间是日本唯一仍使用这种技术的铁道，因此井川线也被乘坐“南阿尔卑斯阿普特线”。"
      },
      "type": "Feature"
    },
    {
      "geometry": {
        "coordinates": [
          138.14482,
          35.167395
        ],
        "type": "Point"
      },
      "properties": {
        "bangumi_id": 405785,
        "bangumi_title": "摇曳露营△ 三期",
        "ep_cut": 4,
        "image_url": "https://w.junreimap.com/images/points/405785/4wnim1o_1757691897591.jpg",
        "location": "Abt市代~长岛水坝区间（大井川）",
        "point_id": "4wnim1o",
        "point_name": "アプトいちしろ駅",
        "remark": "车辆进行阿普特式变换的车站，通过齿轮车轮与齿轨啮合来攀爬陡坡，アプトいちしろ駅~长岛坝站区间是日本唯一仍使用这种技术的铁道，因此井川线也被乘坐“南阿尔卑斯阿普特线”。"
      },
      "type": "Feature"
    },
    {
      "geometry": {
        "coordinates": [
          138.144788,
          35.167455
        ],
        "type": "Point"
      },
      "properties": {
        "bangumi_id": 405785,
        "bangumi_title": "摇曳露营△ 三期",
        "ep_cut": 4,
        "image_url": "https://w.junreimap.com/images/points/405785/4wninrj_1757691900188.jpg",
        "location": "Abt市代~长岛水坝区间（大井川）",
        "point_id": "4wninrj",
        "point_name": "アプトいちしろ駅",
        "remark": "车辆进行阿普特式变换的车站，通过齿轮车轮与齿轨啮合来攀爬陡坡，アプトいちしろ駅~长岛坝站区间是日本唯一仍使用这种技术的铁道，因此井川线也被乘坐“南阿尔卑斯阿普特线”。"
      },
      "type": "Feature"
    },
    {
      "geometry": {
        "coordinates": [
          138.14475,
          35.167539
        ],
        "type": "Point"
      },
      "properties": {
        "bangumi_id": 405785,
        "bangumi_title": "摇曳露营△ 三期",
        "ep_cut": 6,
        "image_url": "https://w.junreimap.com/images/points/405785/4wvyiw5_1757706077795.jpg",
        "location": "Abt市代~长岛水坝区间（大井川）",
        "point_id": "4wvyiw5",
        "point_name": "アプトいちしろ駅",
        "remark": "EP6结尾抚子翻看相册时的照片"
      },
      "type": "Feature"
    },
    {
      "geometry": {
        "coordinates": [
          138.14489,
          35.167191
        ],
        "type": "Point"
      },
      "properties": {
        "bangumi_id": 405785,
        "bangumi_title": "摇曳露营△ 三期",
        "ep_cut": 4,
        "image_url": "https://w.junreimap.com/images/points/405785/4wniswr_1757691906788.jpg",
        "location": "Abt市代~长岛水坝区间（大井川）",
        "point_id": "4wniswr",
        "point_name": "アプトいちしろ駅",
        "remark": "车辆进行阿普特式变换的车站，通过齿轮车轮与齿轨啮合来攀爬陡坡，アプトいちしろ駅~长岛坝站区间是日本唯一仍使用这种技术的铁道，因此井川线也被乘坐“南阿尔卑斯阿普特线”。"
      },
      "type": "Feature"
    },
    {
      "geometry": {
        "coordinates": [
          138.145154,
          35.167119
        ],
        "type": "Point"
      },
      "properties": {
        "bangumi_id": 405785,
        "bangumi_title": "摇曳露营△ 三期",
        "ep_cut": 4,
        "image_url": "https://w.junreimap.com/images/points/405785/4wniypt_1757691913992.jpg",
        "location": "Abt市代~长岛水坝区间（大井川）",
        "point_id": "4wniypt",
        "point_name": "アプトいちしろ駅",
        "remark": "车辆进行阿普特式变换的车站，通过齿轮车轮与齿轨啮合来攀爬陡坡，アプトいちしろ駅~长岛坝站区间是日本唯一仍使用这种技术的铁道，因此井川线也被乘坐“南阿尔卑斯阿普特线”。"
      },
      "type": "Feature"
    },
    {
      "geometry": {
        "coordinates": [
          138.145208,
          35.167002
        ],
        "type": "Point"
      },
      "properties": {
        "bangumi_id": 405785,
        "bangumi_title": "摇曳露营△ 三期",
        "ep_cut": 4,
        "image_url": "https://w.junreimap.com/images/points/405785/4wnj073_1757691915913.jpg",
        "location": "Abt市代~长岛水坝区间（大井川）",
        "point_id": "4wnj073",
        "point_name": "アプトいちしろ駅",
        "remark": "车辆进行阿普特式变换的车站，通过齿轮车轮与齿轨啮合来攀爬陡坡，アプトいちしろ駅~长岛坝站区间是日本唯一仍使用这种技术的铁道，因此井川线也被乘坐“南阿尔卑斯阿普特线”。"
      },
      "type": "Feature"
    },
    {
      "geometry": {
        "coordinates": [
          138.145253,
          35.166912
        ],
        "type": "Point"
      },
      "properties": {
        "bangumi_id": 405785,
        "bangumi_title": "摇曳露营△ 三期",
        "ep_cut": 4,
        "image_url": "https://w.junreimap.com/images/points/405785/4wnj2ld_1757691919181.jpg",
        "location": "Abt市代~长岛水坝区间（大井川）",
        "point_id": "4wnj2ld",
        "point_name": "アプトいちしろ駅",
        "remark": "车辆进行阿普特式变换的车站，通过齿轮车轮与齿轨啮合来攀爬陡坡，アプトいちしろ駅~长岛坝站区间是日本唯一仍使用这种技术的铁道，因此井川线也被乘坐“南阿尔卑斯阿普特线”。"
      },
      "type": "Feature"
    },
    {
      "geometry": {
        "coordinates": [
          138.145201,
          35.166388
        ],
        "type": "Point"
      },
      "properties": {
        "bangumi_id": 405785,
        "bangumi_title": "摇曳露营△ 三期",
        "ep_cut": 4,
        "image_url": "https://w.junreimap.com/images/points/405785/4wnsop6_1757692367390.jpg",
        "location": "Abt市代~长岛水坝区间（大井川）",
        "point_id": "4wnsop6",
        "point_name": "アプトいちしろ駅",
        "remark": "从车站出来不远处就是市代大桥，目前禁止相关人士以外的人士进入。"
      },
      "type": "Feature"
    },
    {
      "geometry": {
        "coordinates": [
          138.145925,
          35.168668
        ],
        "type": "Point"
      },
      "properties": {
        "bangumi_id": 405785,
        "bangumi_title": "摇曳露营△ 三期",
        "ep_cut": "OP1",
        "image_url": "https://w.junreimap.com/images/points/405785/46w5cdt_1756134279232.jpg",
        "location": "Abt市代~长岛水坝区间（大井川）",
        "point_id": "46w5cdt",
        "point_name": "アプトいちしろ駅 北侧",
        "remark": "这里地图上标的露营点是在这个位置，整体河川是大井川"
      },
      "type": "Feature"
    },
    {
      "geometry": {
        "coordinates": [
          138.144982,
          35.166302
        ],
        "type": "Point"
      },
      "properties": {
        "bangumi_id": 405785,
        "bangumi_title": "摇曳露营△ 三期",
        "ep_cut": 4,
        "image_url": "https://w.junreimap.com/images/points/405785/4wnjeqr_1757691937509.jpg",
        "location": "Abt市代~长岛水坝区间（大井川）",
        "point_id": "4wnjeqr",
        "point_name": "市代吊桥 东侧",
        "remark": "从车站出来不远处就是市代大桥，目前禁止相关人士以外的人士进入。这座桥和北边的市代桥名字很像，很容易记混。"
      },
      "type": "Feature"
    },
    {
      "geometry": {
        "coordinates": [
          138.14505,
          35.166421
        ],
        "type": "Point"
      },
      "properties": {
        "bangumi_id": 405785,
        "bangumi_title": "摇曳露营△ 三期",
        "ep_cut": 4,
        "image_url": "https://w.junreimap.com/images/points/405785/4wnjj90_1757691940771.jpg",
        "location": "Abt市代~长岛水坝区间（大井川）",
        "point_id": "4wnjj90",
        "point_name": "市代吊桥 东侧",
        "remark": "从车站出来不远处就是市代大桥，目前禁止相关人士以外的人士进入。这座桥和北边的市代桥名字很像，很容易记混。"
      },
      "type": "Feature"
    },
    {
      "geometry": {
        "coordinates": [
          138.145145,
          35.166138
        ],
        "type": "Point"
      },
      "properties": {
        "bangumi_id": 405785,
        "bangumi_title": "摇曳露营△ 三期",
        "ep_cut": 4,
        "image_url": "https://w.junreimap.com/images/points/405785/4wnrnvz_1757692321520.jpg",
        "location": "Abt市代~长岛水坝区间（大井川）",
        "point_id": "4wnrnvz",
        "point_name": "市代吊桥 东侧",
        "remark": "从车站出来不远处就是市代大桥，目前禁止相关人士以外的人士进入。这座桥和北边的市代桥名字很像，很容易记混。"
      },
      "type": "Feature"
    },
    {
      "geometry": {
        "coordinates": [
          138.14554,
          35.166723
        ],
        "type": "Point"
      },
      "properties": {
        "bangumi_id": 405785,
        "bangumi_title": "摇曳露营△ 三期",
        "ep_cut": 4,
        "image_url": "https://w.junreimap.com/images/points/405785/4wo23n3_1757692814757.jpg",
        "location": "Abt市代~长岛水坝区间（大井川）",
        "point_id": "4wo23n3",
        "point_name": "ミステリートンネル",
        "remark": "经过核实，该隧道位于市代吊桥和アプトいちしろキャンプ場之间。这是通往露营地的最短路线，要经过一条漆黑的隧道，里面设置了人工布置的惊吓机关。实际上，这里目前是露营场在管理，曾经是因大坝建设而废弃的井川线旧路线。一定要携带手电筒入内。可自由参观。"
      },
      "type": "Feature"
    },
    {
      "geometry": {
        "coordinates": [
          138.14565,
          35.166603
        ],
        "type": "Point"
      },
      "properties": {
        "bangumi_id": 405785,
        "bangumi_title": "摇曳露营△ 三期",
        "ep_cut": 4,
        "image_url": "https://w.junreimap.com/images/points/405785/4wo7f0t_1757693054950.jpg",
        "location": "Abt市代~长岛水坝区间（大井川）",
        "point_id": "4wo7f0t",
        "point_name": "ミステリートンネル",
        "remark": "经过核实，该隧道位于市代吊桥和アプトいちしろキャンプ場之间。这是通往露营地的最短路线，要经过一条漆黑的隧道，里面设置了人工布置的惊吓机关。实际上，这里目前是露营场在管理，曾经是因大坝建设而废弃的井川线旧路线。一定要携带手电筒入内。可自由参观。（抚子可爱捏）"
      },
      "type": "Feature"
    },
    {
      "geometry": {
        "coordinates": [
          138.145449,
          35.166555
        ],
        "type": "Point"
      },
      "properties": {
        "bangumi_id": 405785,
        "bangumi_title": "摇曳露营△ 三期",
        "ep_cut": 4,
        "image_url": "https://w.junreimap.com/images/points/405785/4wo7kkf_1757693062237.jpg",
        "location": "Abt市代~长岛水坝区间（大井川）",
        "point_id": "4wo7kkf",
        "point_name": "ミステリートンネル",
        "remark": "经过核实，该隧道位于市代吊桥和アプトいちしろキャンプ場之间。这是通往露营地的最短路线，要经过一条漆黑的隧道，里面设置了人工布置的惊吓机关。实际上，这里目前是露营场在管理，曾经是因大坝建设而废弃的井川线旧路线。一定要携带手电筒入内。可自由参观。"
      },
      "type": "Feature"
    },
    {
      "geometry": {
        "coordinates": [
          138.145701,
          35.166759
        ],
        "type": "Point"
      },
      "properties": {
        "bangumi_id": 405785,
        "bangumi_title": "摇曳露营△ 三期",
        "ep_cut": 4,
        "image_url": "https://w.junreimap.com/images/points/405785/4wo7noh_1757693066196.jpg",
        "location": "Abt市代~长岛水坝区间（大井川）",
        "point_id": "4wo7noh",
        "point_name": "ミステリートンネル",
        "remark": "经过核实，该隧道位于市代吊桥和アプトいちしろキャンプ場之间。这是通往露营地的最短路线，要经过一条漆黑的隧道，里面设置了人工布置的惊吓机关。实际上，这里目前是露营场在管理，曾经是因大坝建设而废弃的井川线旧路线。一定要携带手电筒入内。可自由参观。"
      },
      "type": "Feature"
    },
    {
      "geometry": {
        "coordinates": [
          138.146258,
          35.166777
        ],
        "type": "Point"
      },
      "properties": {
        "bangumi_id": 405785,
        "bangumi_title": "摇曳露营△ 三期",
        "ep_cut": 4,
        "image_url": "https://w.junreimap.com/images/points/405785/4wo7s1r_1757693072077.jpg",
        "location": "Abt市代~长岛水坝区间（大井川）",
        "point_id": "4wo7s1r",
        "point_name": "ミステリートンネル",
        "remark": "经过核实，该隧道位于市代吊桥和アプトいちしろキャンプ場之间。这是通往露营地的最短路线，要经过一条漆黑的隧道，里面设置了人工布置的惊吓机关。实际上，这里目前是露营场在管理，曾经是因大坝建设而废弃的井川线旧路线。一定要携带手电筒入内。可自由参观。"
      },
      "type": "Feature"
    },
    {
      "geometry": {
        "coordinates": [
          138.146918,
          35.166765
        ],
        "type": "Point"
      },
      "properties": {
        "bangumi_id": 405785,
        "bangumi_title": "摇曳露营△ 三期",
        "ep_cut": 4,
        "image_url": "https://w.junreimap.com/images/points/405785/4wo7tt9_1757693073978.jpg",
        "location": "Abt市代~长岛水坝区间（大井川）",
        "point_id": "4wo7tt9",
        "point_name": "ミステリートンネル",
        "remark": "经过核实，该隧道位于市代吊桥和アプトいちしろキャンプ場之间。这是通往露营地的最短路线，要经过一条漆黑的隧道，里面设置了人工布置的惊吓机关。实际上，这里目前是露营场在管理，曾经是因大坝建设而废弃的井川线旧路线。一定要携带手电筒入内。可自由参观。"
      },
      "type": "Feature"
    },
    {
      "geometry": {
        "coordinates": [
          138.147615,
          35.166717
        ],
        "type": "Point"
      },
      "properties": {
        "bangumi_id": 405785,
        "bangumi_title": "摇曳露营△ 三期",
        "ep_cut": 4,
        "image_url": "https://w.junreimap.com/images/points/405785/4wo7vjf_1757693079042.jpg",
        "location": "Abt市代~长岛水坝区间（大井川）",
        "point_id": "4wo7vjf",
        "point_name": "ミステリートンネル",
        "remark": "经过核实，该隧道位于市代吊桥和アプトいちしろキャンプ場之间。这是通往露营地的最短路线，要经过一条漆黑的隧道，里面设置了人工布置的惊吓机关。实际上，这里目前是露营场在管理，曾经是因大坝建设而废弃的井川线旧路线。一定要携带手电筒入内。可自由参观。"
      },
      "type": "Feature"
    },
    {
      "geometry": {
        "coordinates": [
          138.147886,
          35.166693
        ],
        "type": "Point"
      },
      "properties": {
        "bangumi_id": 405785,
        "bangumi_title": "摇曳露营△ 三期",
        "ep_cut": 4,
        "image_url": "https://w.junreimap.com/images/points/405785/4wo802g_1757693082019.jpg",
        "location": "Abt市代~长岛水坝区间（大井川）",
        "point_id": "4wo802g",
        "point_name": "ミステリートンネル",
        "remark": "经过核实，该隧道位于市代吊桥和アプトいちしろキャンプ場之间。这是通往露营地的最短路线，要经过一条漆黑的隧道，里面设置了人工布置的惊吓机关。实际上，这里目前是露营场在管理，曾经是因大坝建设而废弃的井川线旧路线。一定要携带手电筒入内。可自由参观。"
      },
      "type": "Feature"
    },
    {
      "geometry": {
        "coordinates": [
          138.148326,
          35.166645
        ],
        "type": "Point"
      },
      "properties": {
        "bangumi_id": 405785,
        "bangumi_title": "摇曳露营△ 三期",
        "ep_cut": 4,
        "image_url": "https://w.junreimap.com/images/points/405785/4wo8226_1757693084696.jpg",
        "location": "Abt市代~长岛水坝区间（大井川）",
        "point_id": "4wo8226",
        "point_name": "ミステリートンネル",
        "remark": "经过核实，该隧道位于市代吊桥和アプトいちしろキャンプ場之间。这是通往露营地的最短路线，要经过一条漆黑的隧道，里面设置了人工布置的惊吓机关。实际上，这里目前是露营场在管理，曾经是因大坝建设而废弃的井川线旧路线。一定要携带手电筒入内。可自由参观。"
      },
      "type": "Feature"
    },
    {
      "geometry": {
        "coordinates": [
          138.147329,
          35.166735
        ],
        "type": "Point"
      },
      "properties": {
        "bangumi_id": 405785,
        "bangumi_title": "摇曳露营△ 三期",
        "ep_cut": 4,
        "image_url": "https://w.junreimap.com/images/points/405785/4wo8569_1757693088900.jpg",
        "location": "Abt市代~长岛水坝区间（大井川）",
        "point_id": "4wo8569",
        "point_name": "ミステリートンネル",
        "remark": "经过核实，该隧道位于市代吊桥和アプトいちしろキャンプ場之间。这是通往露营地的最短路线，要经过一条漆黑的隧道，里面设置了人工布置的惊吓机关。实际上，这里目前是露营场在管理，曾经是因大坝建设而废弃的井川线旧路线。一定要携带手电筒入内。可自由参观。"
      },
      "type": "Feature"
    },
    {
      "geometry": {
        "coordinates": [
          138.149363,
          35.16656
        ],
        "type": "Point"
      },
      "properties": {
        "bangumi_id": 405785,
        "bangumi_title": "摇曳露营△ 三期",
        "ep_cut": 4,
        "image_url": "https://w.junreimap.com/images/points/405785/4wo9e36_1757693148100.jpg",
        "location": "Abt市代~长岛水坝区间（大井川）",
        "point_id": "4wo9e36",
        "point_name": "アプトいちしろキャンプ場 管理棟",
        "remark": "穿过神秘隧道后即可到达アプトいちしろキャンプ場，在这里扎营可以看到井川线列车驶过河对岸。晚上抚子也和凛、绫乃在此合流露营。电话+818026366128，过夜露营3000日元/人，日间露营2000日元/人。IN 12PM/OUT 11AM。全年无休，停车位30台。"
      },
      "type": "Feature"
    },
    {
      "geometry": {
        "coordinates": [
          138.149443,
          35.166528
        ],
        "type": "Point"
      },
      "properties": {
        "bangumi_id": 405785,
        "bangumi_title": "摇曳露营△ 三期",
        "ep_cut": 4,
        "image_url": "https://w.junreimap.com/images/points/405785/4wo9ouz_1757693162111.jpg",
        "location": "Abt市代~长岛水坝区间（大井川）",
        "point_id": "4wo9ouz",
        "point_name": "アプトいちしろキャンプ場 管理棟",
        "remark": "穿过神秘隧道后即可到达アプトいちしろキャンプ場，在这里扎营可以看到井川线列车驶过河对岸。晚上抚子也和凛、绫乃在此合流露营。电话+818026366128，过夜露营3000日元/人，日间露营2000日元/人。IN 12PM/OUT 11AM。全年无休，停车位30台。"
      },
      "type": "Feature"
    },
    {
      "geometry": {
        "coordinates": [
          138.149457,
          35.166579
        ],
        "type": "Point"
      },
      "properties": {
        "bangumi_id": 405785,
        "bangumi_title": "摇曳露营△ 三期",
        "ep_cut": 5,
        "image_url": "https://w.junreimap.com/images/points/405785/4wrxgjg_1757699315869.jpg",
        "location": "Abt市代~长岛水坝区间（大井川）",
        "point_id": "4wrxgjg",
        "point_name": "アプトいちしろキャンプ場 管理棟",
        "remark": "穿过神秘隧道后即可到达アプトいちしろキャンプ場，在这里扎营可以看到井川线列车驶过河对岸。晚上抚子也和凛、绫乃在此合流露营。电话+818026366128，过夜露营3000日元/人，日间露营2000日元/人。IN 12PM/OUT 11AM。全年无休，停车位30台。"
      },
      "type": "Feature"
    },
    {
      "geometry": {
        "coordinates": [
          138.149332,
          35.166615
        ],
        "type": "Point"
      },
      "properties": {
        "bangumi_id": 405785,
        "bangumi_title": "摇曳露营△ 三期",
        "ep_cut": 5,
        "image_url": "https://w.junreimap.com/images/points/405785/4wrxrc2_1757699322723.jpg",
        "location": "Abt市代~长岛水坝区间（大井川）",
        "point_id": "4wrxrc2",
        "point_name": "アプトいちしろキャンプ場 管理棟",
        "remark": "穿过神秘隧道后即可到达アプトいちしろキャンプ場，在这里扎营可以看到井川线列车驶过河对岸。晚上抚子也和凛、绫乃在此合流露营。电话+818026366128，过夜露营3000日元/人，日间露营2000日元/人。IN 12PM/OUT 11AM。全年无休，停车位30台。"
      },
      "type": "Feature"
    },
    {
      "geometry": {
        "coordinates": [
          138.1494,
          35.166598
        ],
        "type": "Point"
      },
      "properties": {
        "bangumi_id": 405785,
        "bangumi_title": "摇曳露营△ 三期",
        "ep_cut": 5,
        "image_url": "https://w.junreimap.com/images/points/405785/4ws0jbu_1757699453242.jpg",
        "location": "Abt市代~长岛水坝区间（大井川）",
        "point_id": "4ws0jbu",
        "point_name": "アプトいちしろキャンプ場 管理棟",
        "remark": "穿过神秘隧道后即可到达アプトいちしろキャンプ場，在这里扎营可以看到井川线列车驶过河对岸。晚上抚子也和凛、绫乃在此合流露营。电话+818026366128，过夜露营3000日元/人，日间露营2000日元/人。IN 12PM/OUT 11AM。全年无休，停车位30台。"
      },
      "type": "Feature"
    },
    {
      "geometry": {
        "coordinates": [
          138.149434,
          35.166779
        ],
        "type": "Point"
      },
      "properties": {
        "bangumi_id": 405785,
        "bangumi_title": "摇曳露营△ 三期",
        "ep_cut": 5,
        "image_url": "https://w.junreimap.com/images/points/405785/4wrxuzl_1757699331138.jpg",
        "location": "Abt市代~长岛水坝区间（大井川）",
        "point_id": "4wrxuzl",
        "point_name": "アプトいちしろキャンプ場",
        "remark": "穿过神秘隧道后即可到达アプトいちしろキャンプ場，在这里扎营可以看到井川线列车驶过河对岸。晚上抚子也和凛、绫乃在此合流露营。电话+818026366128，过夜露营3000日元/人，日间露营2000日元/人。IN 12PM/OUT 11AM。全年无休，停车位30台。"
      },
      "type": "Feature"
    },
    {
      "geometry": {
        "coordinates": [
          138.149516,
          35.166761
        ],
        "type": "Point"
      },
      "properties": {
        "bangumi_id": 405785,
        "bangumi_title": "摇曳露营△ 三期",
        "ep_cut": 5,
        "image_url": "https://w.junreimap.com/images/points/405785/4wry2fi_1757699337162.jpg",
        "location": "Abt市代~长岛水坝区间（大井川）",
        "point_id": "4wry2fi",
        "point_name": "アプトいちしろキャンプ場",
        "remark": "穿过神秘隧道后即可到达アプトいちしろキャンプ場，在这里扎营可以看到井川线列车驶过河对岸。晚上抚子也和凛、绫乃在此合流露营。电话+818026366128，过夜露营3000日元/人，日间露营2000日元/人。IN 12PM/OUT 11AM。全年无休，停车位30台。"
      },
      "type": "Feature"
    },
    {
      "geometry": {
        "coordinates": [
          138.149893,
          35.166468
        ],
        "type": "Point"
      },
      "properties": {
        "bangumi_id": 405785,
        "bangumi_title": "摇曳露营△ 三期",
        "ep_cut": 4,
        "image_url": "https://w.junreimap.com/images/points/405785/4wo9y5r_1757693174743.jpg",
        "location": "Abt市代~长岛水坝区间（大井川）",
        "point_id": "4wo9y5r",
        "point_name": "アプトいちしろキャンプ場",
        "remark": "穿过神秘隧道后即可到达アプトいちしろキャンプ場，在这里扎营可以看到井川线列车驶过河对岸。晚上抚子也和凛、绫乃在此合流露营。电话+818026366128，过夜露营3000日元/人，日间露营2000日元/人。IN 12PM/OUT 11AM。全年无休，停车位30台。"
      },
      "type": "Feature"
    },
    {
      "geometry": {
        "coordinates": [
          138.149564,
          35.166663
        ],
        "type": "Point"
      },
      "properties": {
        "bangumi_id": 405785,
        "bangumi_title": "摇曳露营△ 三期",
        "ep_cut": 4,
        "image_url": "https://w.junreimap.com/images/points/405785/4woa58d_1757693182352.jpg",
        "location": "Abt市代~长岛水坝区间（大井川）",
        "point_id": "4woa58d",
        "point_name": "アプトいちしろキャンプ場",
        "remark": "穿过神秘隧道后即可到达アプトいちしろキャンプ場，在这里扎营可以看到井川线列车驶过河对岸。晚上抚子也和凛、绫乃在此合流露营。电话+818026366128，过夜露营3000日元/人，日间露营2000日元/人。IN 12PM/OUT 11AM。全年无休，停车位30台。"
      },
      "type": "Feature"
    },
    {
      "geometry": {
        "coordinates": [
          138.149779,
          35.166691
        ],
        "type": "Point"
      },
      "properties": {
        "bangumi_id": 405785,
        "bangumi_title": "摇曳露营△ 三期",
        "ep_cut": 6,
        "image_url": "https://w.junreimap.com/images/points/405785/4wt78dp_1757701445434.jpg",
        "location": "Abt市代~长岛水坝区间（大井川）",
        "point_id": "4wt78dp",
        "point_name": "アプトいちしろキャンプ場",
        "remark": "穿过神秘隧道后即可到达アプトいちしろキャンプ場，在这里扎营可以看到井川线列车驶过河对岸。晚上抚子也和凛、绫乃在此合流露营，抚子选择在东侧靠近市代桥的位置扎营。电话+818026366128，过夜露营3000日元/人，日间露营2000日元/人。IN 12PM/OUT 11AM。全年无休，停车位30台。"
      },
      "type": "Feature"
    },
    {
      "geometry": {
        "coordinates": [
          138.150086,
          35.166796
        ],
        "type": "Point"
      },
      "properties": {
        "bangumi_id": 405785,
        "bangumi_title": "摇曳露营△ 三期",
        "ep_cut": 4,
        "image_url": "https://w.junreimap.com/images/points/405785/4woa172_1757693176869.jpg",
        "location": "Abt市代~长岛水坝区间（大井川）",
        "point_id": "4woa172",
        "point_name": "アプトいちしろキャンプ場 扎營點",
        "remark": "穿过神秘隧道后即可到达アプトいちしろキャンプ場，在这里扎营可以看到井川线列车驶过河对岸。晚上抚子也和凛、绫乃在此合流露营，抚子选择在东侧靠近市代桥的位置扎营。电话+818026366128，过夜露营3000日元/人，日间露营2000日元/人。IN 12PM/OUT 11AM。全年无休，停车位30台。"
      },
      "type": "Feature"
    },
    {
      "geometry": {
        "coordinates": [
          138.150119,
          35.166855
        ],
        "type": "Point"
      },
      "properties": {
        "bangumi_id": 405785,
        "bangumi_title": "摇曳露营△ 三期",
        "ep_cut": 5,
        "image_url": "https://w.junreimap.com/images/points/405785/4ws7vx3_1757699796429.jpg",
        "location": "Abt市代~长岛水坝区间（大井川）",
        "point_id": "4ws7vx3",
        "point_name": "アプトいちしろキャンプ場 扎營點",
        "remark": "（此处东方向是市代桥）穿过神秘隧道后即可到达アプトいちしろキャンプ場，在这里扎营可以看到井川线列车驶过河对岸。晚上抚子也和凛、绫乃在此合流露营，抚子选择在东侧靠近市代桥的位置扎营。电话+818026366128，过夜露营3000日元/人，日间露营2000日元/人。IN 12PM/OUT 11AM。全年无休，停车位30台。"
      },
      "type": "Feature"
    },
    {
      "geometry": {
        "coordinates": [
          138.149838,
          35.16686
        ],
        "type": "Point"
      },
      "properties": {
        "bangumi_id": 405785,
        "bangumi_title": "摇曳露营△ 三期",
        "ep_cut": 5,
        "image_url": "https://w.junreimap.com/images/points/405785/4ws8974_1757699820303.jpg",
        "location": "Abt市代~长岛水坝区间（大井川）",
        "point_id": "4ws8974",
        "point_name": "アプトいちしろキャンプ場 扎營點",
        "remark": "穿过神秘隧道后即可到达アプトいちしろキャンプ場，在这里扎营可以看到井川线列车驶过河对岸。晚上抚子也和凛、绫乃在此合流露营，抚子选择在东侧靠近市代桥的位置扎营。电话+818026366128，过夜露营3000日元/人，日间露营2000日元/人。IN 12PM/OUT 11AM。全年无休，停车位30台。"
      },
      "type": "Feature"
    },
    {
      "geometry": {
        "coordinates": [
          138.150041,
          35.166868
        ],
        "type": "Point"
      },
      "properties": {
        "bangumi_id": 405785,
        "bangumi_title": "摇曳露营△ 三期",
        "ep_cut": 5,
        "image_url": "https://w.junreimap.com/images/points/405785/4ws8azo_1757699814764.jpg",
        "location": "Abt市代~长岛水坝区间（大井川）",
        "point_id": "4ws8azo",
        "point_name": "アプトいちしろキャンプ場 扎營點",
        "remark": "穿过神秘隧道后即可到达アプトいちしろキャンプ場，在这里扎营可以看到井川线列车驶过河对岸。晚上抚子也和凛、绫乃在此合流露营，抚子选择在东侧靠近市代桥的位置扎营。电话+818026366128，过夜露营3000日元/人，日间露营2000日元/人。IN 12PM/OUT 11AM。全年无休，停车位30台。"
      },
      "type": "Feature"
    },
    {
      "geometry": {
        "coordinates": [
          138.149996,
          35.166748
        ],
        "type": "Point"
      },
      "properties": {
        "bangumi_id": 405785,
        "bangumi_title": "摇曳露营△ 三期",
        "ep_cut": 5,
        "image_url": "https://w.junreimap.com/images/points/405785/4ws02cj_1757699442692.jpg",
        "location": "Abt市代~长岛水坝区间（大井川）",
        "point_id": "4ws02cj",
        "point_name": "アプトいちしろキャンプ場 扎營點",
        "remark": "穿过神秘隧道后即可到达アプトいちしろキャンプ場，在这里扎营可以看到井川线列车驶过河对岸。晚上抚子也和凛、绫乃在此合流露营，抚子选择在东侧靠近市代桥的位置扎营。电话+818026366128，过夜露营3000日元/人，日间露营2000日元/人。IN 12PM/OUT 11AM。全年无休，停车位30台。"
      },
      "type": "Feature"
    },
    {
      "geometry": {
        "coordinates": [
          138.150069,
          35.16673
        ],
        "type": "Point"
      },
      "properties": {
        "bangumi_id": 405785,
        "bangumi_title": "摇曳露营△ 三期",
        "ep_cut": 5,
        "image_url": "https://w.junreimap.com/images/points/405785/4ws060n_1757699435969.jpg",
        "location": "Abt市代~长岛水坝区间（大井川）",
        "point_id": "4ws060n",
        "point_name": "アプトいちしろキャンプ場 扎營點",
        "remark": "穿过神秘隧道后即可到达アプトいちしろキャンプ場，在这里扎营可以看到井川线列车驶过河对岸。晚上抚子也和凛、绫乃在此合流露营，抚子选择在东侧靠近市代桥的位置扎营。电话+818026366128，过夜露营3000日元/人，日间露营2000日元/人。IN 12PM/OUT 11AM。全年无休，停车位30台。"
      },
      "type": "Feature"
    },
    {
      "geometry": {
        "coordinates": [
          138.150009,
          35.166811
        ],
        "type": "Point"
      },
      "properties": {
        "bangumi_id": 405785,
        "bangumi_title": "摇曳露营△ 三期",
        "ep_cut": 4,
        "image_url": "https://w.junreimap.com/images/points/405785/4woa2ty_1757693179146.jpg",
        "location": "Abt市代~长岛水坝区间（大井川）",
        "point_id": "4woa2ty",
        "point_name": "アプトいちしろキャンプ場 扎營點",
        "remark": "穿过神秘隧道后即可到达アプトいちしろキャンプ場，在这里扎营可以看到井川线列车驶过河对岸。晚上抚子也和凛、绫乃在此合流露营，抚子选择在东侧靠近市代桥的位置扎营。电话+818026366128，过夜露营3000日元/人，日间露营2000日元/人。IN 12PM/OUT 11AM。全年无休，停车位30台。"
      },
      "type": "Feature"
    },
    {
      "geometry": {
        "coordinates": [
          138.150308,
          35.167051
        ],
        "type": "Point"
      },
      "properties": {
        "bangumi_id": 405785,
        "bangumi_title": "摇曳露营△ 三期",
        "ep_cut": 6,
        "image_url": "https://w.junreimap.com/images/points/405785/4wt651p_1757701393937.jpg",
        "location": "Abt市代~长岛水坝区间（大井川）",
        "point_id": "4wt651p",
        "point_name": "アプトいちしろキャンプ場 扎營點",
        "remark": "此处东北望"
      },
      "type": "Feature"
    },
    {
      "geometry": {
        "coordinates": [
          138.15071,
          35.166072
        ],
        "type": "Point"
      },
      "properties": {
        "bangumi_id": 405785,
        "bangumi_title": "摇曳露营△ 三期",
        "ep_cut": 4,
        "image_url": "https://w.junreimap.com/images/points/405785/4woadqe_1757693193281.jpg",
        "location": "Abt市代~长岛水坝区间（大井川）",
        "point_id": "4woadqe",
        "point_name": "アプトいちしろキャンプ場",
        "remark": "穿过神秘隧道后即可到达アプトいちしろキャンプ場，在这里扎营可以看到井川线列车驶过河对岸。晚上抚子也和凛、绫乃在此合流露营。电话+818026366128，过夜露营3000日元/人，日间露营2000日元/人。IN 12PM/OUT 11AM。全年无休，停车位30台。"
      },
      "type": "Feature"
    },
    {
      "geometry": {
        "coordinates": [
          138.149757,
          35.167493
        ],
        "type": "Point"
      },
      "properties": {
        "bangumi_id": 405785,
        "bangumi_title": "摇曳露营△ 三期",
        "ep_cut": 5,
        "image_url": "https://w.junreimap.com/images/points/405785/4ws82mu_1757699805273.jpg",
        "location": "Abt市代~长岛水坝区间（大井川）",
        "point_id": "4ws82mu",
        "point_name": "アプトいちしろキャンプ場 大井川",
        "remark": ""
      },
      "type": "Feature"
    },
    {
      "geometry": {
        "coordinates": [
          138.149594,
          35.167581
        ],
        "type": "Point"
      },
      "properties": {
        "bangumi_id": 405785,
        "bangumi_title": "摇曳露营△ 三期",
        "ep_cut": 4,
        "image_url": "https://w.junreimap.com/images/points/405785/4wntjwh_1757692441768.jpg",
        "location": "Abt市代~长岛水坝区间（大井川）",
        "point_id": "4wntjwh",
        "point_name": "アプトいちしろキャンプ場 大井川",
        "remark": "这里红色帐篷标的是アプトいちしろキャンプ場，抚子头像所在的位置是長島ダム駅。"
      },
      "type": "Feature"
    },
    {
      "geometry": {
        "coordinates": [
          138.149565,
          35.167514
        ],
        "type": "Point"
      },
      "properties": {
        "bangumi_id": 405785,
        "bangumi_title": "摇曳露营△ 三期",
        "ep_cut": 6,
        "image_url": "https://w.junreimap.com/images/points/405785/4wt6r9e_1757701423912.jpg",
        "location": "Abt市代~长岛水坝区间（大井川）",
        "point_id": "4wt6r9e",
        "point_name": "アプトいちしろキャンプ場 大井川",
        "remark": ""
      },
      "type": "Feature"
    },
    {
      "geometry": {
        "coordinates": [
          138.150084,
          35.167036
        ],
        "type": "Point"
      },
      "properties": {
        "bangumi_id": 405785,
        "bangumi_title": "摇曳露营△ 三期",
        "ep_cut": 5,
        "image_url": "https://w.junreimap.com/images/points/405785/4ws3dzq_1757699585398.jpg",
        "location": "Abt市代~长岛水坝区间（大井川）",
        "point_id": "4ws3dzq",
        "point_name": "大井川铁道 井川线 市代桥西北段",
        "remark": "此处西北望"
      },
      "type": "Feature"
    },
    {
      "geometry": {
        "coordinates": [
          138.14969,
          35.167209
        ],
        "type": "Point"
      },
      "properties": {
        "bangumi_id": 405785,
        "bangumi_title": "摇曳露营△ 三期",
        "ep_cut": 5,
        "image_url": "https://w.junreimap.com/images/points/405785/4ws0ser_1757699466054.jpg",
        "location": "Abt市代~长岛水坝区间（大井川）",
        "point_id": "4ws0ser",
        "point_name": "大井川铁道 井川线 市代桥西北段",
        "remark": ""
      },
      "type": "Feature"
    },
    {
      "geometry": {
        "coordinates": [
          138.150002,
          35.167054
        ],
        "type": "Point"
      },
      "properties": {
        "bangumi_id": 405785,
        "bangumi_title": "摇曳露营△ 三期",
        "ep_cut": 5,
        "image_url": "https://w.junreimap.com/images/points/405785/4ws2l3y_1757699615770.jpg",
        "location": "Abt市代~长岛水坝区间（大井川）",
        "point_id": "4ws2l3y",
        "point_name": "大井川铁道 井川线 市代桥西北段",
        "remark": "此处西北望"
      },
      "type": "Feature"
    },
    {
      "geometry": {
        "coordinates": [
          138.150528,
          35.168123
        ],
        "type": "Point"
      },
      "properties": {
        "bangumi_id": 405785,
        "bangumi_title": "摇曳露营△ 三期",
        "ep_cut": 5,
        "image_url": "https://w.junreimap.com/images/points/405785/4ws2qhe_1757699555172.jpg",
        "location": "Abt市代~长岛水坝区间（大井川）",
        "point_id": "4ws2qhe",
        "point_name": "大井川铁道 井川线 市代桥西北段",
        "remark": "在铁路上往露营地方向（东南方）望"
      },
      "type": "Feature"
    },
    {
      "geometry": {
        "coordinates": [
          138.151126,
          35.167257
        ],
        "type": "Point"
      },
      "properties": {
        "bangumi_id": 405785,
        "bangumi_title": "摇曳露营△ 三期",
        "ep_cut": 4,
        "image_url": "https://w.junreimap.com/images/user/0/bangumi/405785/points/julo9cpsi-1714142451954.jpg",
        "location": "Abt市代~长岛水坝区间（大井川）",
        "point_id": "julo9cpsi",
        "point_name": "市代橋 桥上",
        "remark": ""
      },
      "type": "Feature"
    },
    {
      "geometry": {
        "coordinates": [
          138.150836,
          35.167307
        ],
        "type": "Point"
      },
      "properties": {
        "bangumi_id": 405785,
        "bangumi_title": "摇曳露营△ 三期",
        "ep_cut": 5,
        "image_url": "https://w.junreimap.com/images/points/405785/4ws6x6x_1757699763450.jpg",
        "location": "Abt市代~长岛水坝区间（大井川）",
        "point_id": "4ws6x6x",
        "point_name": "市代橋 西侧",
        "remark": ""
      },
      "type": "Feature"
    },
    {
      "geometry": {
        "coordinates": [
          138.151349,
          35.167166
        ],
        "type": "Point"
      },
      "properties": {
        "bangumi_id": 405785,
        "bangumi_title": "摇曳露营△ 三期",
        "ep_cut": 5,
        "image_url": "https://w.junreimap.com/images/points/405785/4ws581i_1757699673523.jpg",
        "location": "Abt市代~长岛水坝区间（大井川）",
        "point_id": "4ws581i",
        "point_name": "市代橋 下方 大井川",
        "remark": "不一定拍得到完全一样的河岸，取决于大坝的放水量。"
      },
      "type": "Feature"
    },
    {
      "geometry": {
        "coordinates": [
          138.151271,
          35.167171
        ],
        "type": "Point"
      },
      "properties": {
        "bangumi_id": 405785,
        "bangumi_title": "摇曳露营△ 三期",
        "ep_cut": 6,
        "image_url": "https://w.junreimap.com/images/points/405785/4wt5mpc_1757701370161.jpg",
        "location": "Abt市代~长岛水坝区间（大井川）",
        "point_id": "4wt5mpc",
        "point_name": "市代橋 下方 大井川",
        "remark": "不一定拍得到完全一样的河岸，取决于大坝的放水量。"
      },
      "type": "Feature"
    },
    {
      "geometry": {
        "coordinates": [
          138.15359,
          35.166554
        ],
        "type": "Point"
      },
      "properties": {
        "bangumi_id": 405785,
        "bangumi_title": "摇曳露营△ 三期",
        "ep_cut": 4,
        "image_url": "https://w.junreimap.com/images/points/405785/4wohgob_1757693523737.jpg",
        "location": "Abt市代~长岛水坝区间（大井川）",
        "point_id": "4wohgob",
        "point_name": "長島ダム展望台",
        "remark": ""
      },
      "type": "Feature"
    },
    {
      "geometry": {
        "coordinates": [
          138.153394,
          35.166597
        ],
        "type": "Point"
      },
      "properties": {
        "bangumi_id": 405785,
        "bangumi_title": "摇曳露营△ 三期",
        "ep_cut": 4,
        "image_url": "https://w.junreimap.com/images/points/405785/4wohkhy_1757693528635.jpg",
        "location": "Abt市代~长岛水坝区间（大井川）",
        "point_id": "4wohkhy",
        "point_name": "長島ダム展望台",
        "remark": ""
      },
      "type": "Feature"
    },
    {
      "geometry": {
        "coordinates": [
          138.15317,
          35.166462
        ],
        "type": "Point"
      },
      "properties": {
        "bangumi_id": 405785,
        "bangumi_title": "摇曳露营△ 三期",
        "ep_cut": 4,
        "image_url": "https://w.junreimap.com/images/points/405785/4wq31vt_1757696211176.jpg",
        "location": "Abt市代~长岛水坝区间（大井川）",
        "point_id": "4wq31vt",
        "point_name": "長島ダム展望台",
        "remark": ""
      },
      "type": "Feature"
    },
    {
      "geometry": {
        "coordinates": [
          138.153305,
          35.166457
        ],
        "type": "Point"
      },
      "properties": {
        "bangumi_id": 405785,
        "bangumi_title": "摇曳露营△ 三期",
        "ep_cut": 4,
        "image_url": "https://w.junreimap.com/images/points/405785/4wq35oz_1757696215378.jpg",
        "location": "Abt市代~长岛水坝区间（大井川）",
        "point_id": "4wq35oz",
        "point_name": "長島ダム展望台",
        "remark": ""
      },
      "type": "Feature"
    },
    {
      "geometry": {
        "coordinates": [
          138.1534,
          35.166472
        ],
        "type": "Point"
      },
      "properties": {
        "bangumi_id": 405785,
        "bangumi_title": "摇曳露营△ 三期",
        "ep_cut": 4,
        "image_url": "https://w.junreimap.com/images/points/405785/4wq3eua_1757696229300.jpg",
        "location": "Abt市代~长岛水坝区间（大井川）",
        "point_id": "4wq3eua",
        "point_name": "長島ダム展望台",
        "remark": ""
      },
      "type": "Feature"
    },
    {
      "geometry": {
        "coordinates": [
          138.153288,
          35.166568
        ],
        "type": "Point"
      },
      "properties": {
        "bangumi_id": 405785,
        "bangumi_title": "摇曳露营△ 三期",
        "ep_cut": 4,
        "image_url": "https://w.junreimap.com/images/points/405785/4wq3aq0_1757696221804.jpg",
        "location": "Abt市代~长岛水坝区间（大井川）",
        "point_id": "4wq3aq0",
        "point_name": "長島ダム展望台",
        "remark": ""
      },
      "type": "Feature"
    },
    {
      "geometry": {
        "coordinates": [
          138.153549,
          35.16646
        ],
        "type": "Point"
      },
      "properties": {
        "bangumi_id": 405785,
        "bangumi_title": "摇曳露营△ 三期",
        "ep_cut": 4,
        "image_url": "https://w.junreimap.com/images/user/0/bangumi/405785/points/julrsxj4p-1714142742719.jpg",
        "location": "Abt市代~长岛水坝区间（大井川）",
        "point_id": "julrsxj4p",
        "point_name": "長島ダム展望台",
        "remark": ""
      },
      "type": "Feature"
    },
    {
      "geometry": {
        "coordinates": [
          138.155014,
          35.16656
        ],
        "type": "Point"
      },
      "properties": {
        "bangumi_id": 405785,
        "bangumi_title": "摇曳露营△ 三期",
        "ep_cut": 4,
        "image_url": "https://w.junreimap.com/images/points/405785/4woiqwp_1757693583622.jpg",
        "location": "Abt市代~长岛水坝区间（大井川）",
        "point_id": "4woiqwp",
        "point_name": "長島ダム",
        "remark": ""
      },
      "type": "Feature"
    },
    {
      "geometry": {
        "coordinates": [
          138.154751,
          35.166289
        ],
        "type": "Point"
      },
      "properties": {
        "bangumi_id": 405785,
        "bangumi_title": "摇曳露营△ 三期",
        "ep_cut": 4,
        "image_url": "https://w.junreimap.com/images/points/405785/4wohqtz_1757693598459.jpg",
        "location": "Abt市代~长岛水坝区间（大井川）",
        "point_id": "4wohqtz",
        "point_name": "長島ダム",
        "remark": ""
      },
      "type": "Feature"
    },
    {
      "geometry": {
        "coordinates": [
          138.15462,
          35.167523
        ],
        "type": "Point"
      },
      "properties": {
        "bangumi_id": 405785,
        "bangumi_title": "摇曳露营△ 三期",
        "ep_cut": 4,
        "image_url": "https://w.junreimap.com/images/user/0/bangumi/405785/points/julurnrua-1714142838439.jpg",
        "location": "Abt市代~长岛水坝区间（大井川）",
        "point_id": "julurnrua",
        "point_name": "長島ダム",
        "remark": ""
      },
      "type": "Feature"
    },
    {
      "geometry": {
        "coordinates": [
          138.155333,
          35.166348
        ],
        "type": "Point"
      },
      "properties": {
        "bangumi_id": 405785,
        "bangumi_title": "摇曳露营△ 三期",
        "ep_cut": 5,
        "image_url": "https://w.junreimap.com/images/points/405785/4ws6odg_1757699741241.jpg",
        "location": "Abt市代~长岛水坝区间（大井川）",
        "point_id": "4ws6odg",
        "point_name": "長島ダム",
        "remark": ""
      },
      "type": "Feature"
    },
    {
      "geometry": {
        "coordinates": [
          138.155059,
          35.165961
        ],
        "type": "Point"
      },
      "properties": {
        "bangumi_id": 405785,
        "bangumi_title": "摇曳露营△ 三期",
        "ep_cut": 4,
        "image_url": "https://w.junreimap.com/images/points/405785/4wq4dh7_1757696276853.jpg",
        "location": "Abt市代~长岛水坝区间（大井川）",
        "point_id": "4wq4dh7",
        "point_name": "長島ダム 上方",
        "remark": ""
      },
      "type": "Feature"
    },
    {
      "geometry": {
        "coordinates": [
          138.15541,
          35.166287
        ],
        "type": "Point"
      },
      "properties": {
        "bangumi_id": 405785,
        "bangumi_title": "摇曳露营△ 三期",
        "ep_cut": 4,
        "image_url": "https://w.junreimap.com/images/points/405785/4wq552x_1757696307899.jpg",
        "location": "Abt市代~长岛水坝区间（大井川）",
        "point_id": "4wq552x",
        "point_name": "長島ダム 上方",
        "remark": ""
      },
      "type": "Feature"
    },
    {
      "geometry": {
        "coordinates": [
          138.155184,
          35.166067
        ],
        "type": "Point"
      },
      "properties": {
        "bangumi_id": 405785,
        "bangumi_title": "摇曳露营△ 三期",
        "ep_cut": 4,
        "image_url": "https://w.junreimap.com/images/points/405785/4wq5723_1757696310429.jpg",
        "location": "Abt市代~长岛水坝区间（大井川）",
        "point_id": "4wq5723",
        "point_name": "長島ダム 上方",
        "remark": ""
      },
      "type": "Feature"
    },
    {
      "geometry": {
        "coordinates": [
          138.155517,
          35.166423
        ],
        "type": "Point"
      },
      "properties": {
        "bangumi_id": 405785,
        "bangumi_title": "摇曳露营△ 三期",
        "ep_cut": 4,
        "image_url": "https://w.junreimap.com/images/points/405785/4wq59e9_1757696313430.jpg",
        "location": "Abt市代~长岛水坝区间（大井川）",
        "point_id": "4wq59e9",
        "point_name": "長島ダム 上方",
        "remark": ""
      },
      "type": "Feature"
    },
    {
      "geometry": {
        "coordinates": [
          138.155224,
          35.166329
        ],
        "type": "Point"
      },
      "properties": {
        "bangumi_id": 405785,
        "bangumi_title": "摇曳露营△ 三期",
        "ep_cut": 4,
        "image_url": "https://w.junreimap.com/images/points/405785/4wq5cfq_1757696317542.jpg",
        "location": "Abt市代~长岛水坝区间（大井川）",
        "point_id": "4wq5cfq",
        "point_name": "長島ダム 上方",
        "remark": ""
      },
      "type": "Feature"
    },
    {
      "geometry": {
        "coordinates": [
          138.155288,
          35.166193
        ],
        "type": "Point"
      },
      "properties": {
        "bangumi_id": 405785,
        "bangumi_title": "摇曳露营△ 三期",
        "ep_cut": 4,
        "image_url": "https://w.junreimap.com/images/points/405785/4wq5tz1_1757696341183.jpg",
        "location": "Abt市代~长岛水坝区间（大井川）",
        "point_id": "4wq5tz1",
        "point_name": "長島ダム 上方",
        "remark": ""
      },
      "type": "Feature"
    },
    {
      "geometry": {
        "coordinates": [
          138.157159,
          35.168673
        ],
        "type": "Point"
      },
      "properties": {
        "bangumi_id": 405785,
        "bangumi_title": "摇曳露营△ 三期",
        "ep_cut": 4,
        "image_url": "https://w.junreimap.com/images/points/405785/4wq6rs9_1757696385469.jpg",
        "location": "Abt市代~长岛水坝区间（大井川）",
        "point_id": "4wq6rs9",
        "point_name": "長島ダム駅",
        "remark": ""
      },
      "type": "Feature"
    },
    {
      "geometry": {
        "coordinates": [
          138.15723,
          35.168569
        ],
        "type": "Point"
      },
      "properties": {
        "bangumi_id": 405785,
        "bangumi_title": "摇曳露营△ 三期",
        "ep_cut": 4,
        "image_url": "https://w.junreimap.com/images/user/0/bangumi/405785/points/jum016a2t-1714143148280.jpg",
        "location": "Abt市代~长岛水坝区间（大井川）",
        "point_id": "jum016a2t",
        "point_name": "長島ダム駅",
        "remark": ""
      },
      "type": "Feature"
    },
    {
      "geometry": {
        "coordinates": [
          138.249719,
          35.239746
        ],
        "type": "Point"
      },
      "properties": {
        "bangumi_id": 405785,
        "bangumi_title": "摇曳露营△ 三期",
        "ep_cut": 4,
        "image_url": "https://w.junreimap.com/images/points/405785/4vt05qu_1757640649873.jpg",
        "location": "井川大桥周边（大井川）",
        "point_id": "4vt05qu",
        "point_name": "井川大橋",
        "remark": ""
      },
      "type": "Feature"
    },
    {
      "geometry": {
        "coordinates": [
          138.249821,
          35.239822
        ],
        "type": "Point"
      },
      "properties": {
        "bangumi_id": 405785,
        "bangumi_title": "摇曳露营△ 三期",
        "ep_cut": 4,
        "image_url": "https://w.junreimap.com/images/user/0/bangumi/405785/points/jumb6e3yc-1714143817442.jpg",
        "location": "井川大桥周边（大井川）",
        "point_id": "jumb6e3yc",
        "point_name": "井川大橋",
        "remark": ""
      },
      "type": "Feature"
    },
    {
      "geometry": {
        "coordinates": [
          138.249908,
          35.239673
        ],
        "type": "Point"
      },
      "properties": {
        "bangumi_id": 405785,
        "bangumi_title": "摇曳露营△ 三期",
        "ep_cut": 4,
        "image_url": "https://w.junreimap.com/images/points/405785/4vt08pe_1757640652556.jpg",
        "location": "井川大桥周边（大井川）",
        "point_id": "4vt08pe",
        "point_name": "井川大橋",
        "remark": ""
      },
      "type": "Feature"
    },
    {
      "geometry": {
        "coordinates": [
          138.249773,
          35.239775
        ],
        "type": "Point"
      },
      "properties": {
        "bangumi_id": 405785,
        "bangumi_title": "摇曳露营△ 三期",
        "ep_cut": 4,
        "image_url": "https://w.junreimap.com/images/points/405785/4vt0dgy_1757640660201.jpg",
        "location": "井川大桥周边（大井川）",
        "point_id": "4vt0dgy",
        "point_name": "井川大橋",
        "remark": ""
      },
      "type": "Feature"
    },
    {
      "geometry": {
        "coordinates": [
          138.249881,
          35.239861
        ],
        "type": "Point"
      },
      "properties": {
        "bangumi_id": 405785,
        "bangumi_title": "摇曳露营△ 三期",
        "ep_cut": 4,
        "image_url": "https://w.junreimap.com/images/points/405785/4vt0hi8_1757640663387.jpg",
        "location": "井川大桥周边（大井川）",
        "point_id": "4vt0hi8",
        "point_name": "井川大橋",
        "remark": ""
      },
      "type": "Feature"
    },
    {
      "geometry": {
        "coordinates": [
          138.242866,
          35.223993
        ],
        "type": "Point"
      },
      "properties": {
        "bangumi_id": 405785,
        "bangumi_title": "摇曳露营△ 三期",
        "ep_cut": 4,
        "image_url": "https://w.junreimap.com/images/user/0/bangumi/405785/points/jum60j45q-1714143538297.jpg",
        "location": "井川大桥周边（大井川）",
        "point_id": "jum60j45q",
        "point_name": "井川湖",
        "remark": ""
      },
      "type": "Feature"
    },
    {
      "geometry": {
        "coordinates": [
          138.243742,
          35.223897
        ],
        "type": "Point"
      },
      "properties": {
        "bangumi_id": 405785,
        "bangumi_title": "摇曳露营△ 三期",
        "ep_cut": 4,
        "image_url": "https://w.junreimap.com/images/user/0/bangumi/405785/points/jum7w9v49-1714143619920.jpg",
        "location": "井川大桥周边（大井川）",
        "point_id": "jum7w9v49",
        "point_name": "エネオス\n井川​SS",
        "remark": ""
      },
      "type": "Feature"
    },
    {
      "geometry": {
        "coordinates": [
          138.243939,
          35.224089
        ],
        "type": "Point"
      },
      "properties": {
        "bangumi_id": 405785,
        "bangumi_title": "摇曳露营△ 三期",
        "ep_cut": 4,
        "image_url": "https://w.junreimap.com/images/points/405785/4wqdkd2_1757696701413.jpg",
        "location": "井川大桥周边（大井川）",
        "point_id": "4wqdkd2",
        "point_name": "エネオス\n井川​SS",
        "remark": ""
      },
      "type": "Feature"
    },
    {
      "geometry": {
        "coordinates": [
          138.243987,
          35.224099
        ],
        "type": "Point"
      },
      "properties": {
        "bangumi_id": 405785,
        "bangumi_title": "摇曳露营△ 三期",
        "ep_cut": 4,
        "image_url": "https://w.junreimap.com/images/points/405785/4wqe8it_1757696736478.jpg",
        "location": "井川大桥周边（大井川）",
        "point_id": "4wqe8it",
        "point_name": "エネオス\n井川​SS",
        "remark": ""
      },
      "type": "Feature"
    },
    {
      "geometry": {
        "coordinates": [
          138.243979,
          35.224079
        ],
        "type": "Point"
      },
      "properties": {
        "bangumi_id": 405785,
        "bangumi_title": "摇曳露营△ 三期",
        "ep_cut": 4,
        "image_url": "https://w.junreimap.com/images/points/405785/4wqepyr_1757696757014.jpg",
        "location": "井川大桥周边（大井川）",
        "point_id": "4wqepyr",
        "point_name": "エネオス\n井川​SS",
        "remark": ""
      },
      "type": "Feature"
    },
    {
      "geometry": {
        "coordinates": [
          138.24401,
          35.224091
        ],
        "type": "Point"
      },
      "properties": {
        "bangumi_id": 405785,
        "bangumi_title": "摇曳露营△ 三期",
        "ep_cut": 4,
        "image_url": "https://w.junreimap.com/images/points/405785/4wqeu3v_1757696760469.jpg",
        "location": "井川大桥周边（大井川）",
        "point_id": "4wqeu3v",
        "point_name": "エネオス\n井川​SS",
        "remark": ""
      },
      "type": "Feature"
    },
    {
      "geometry": {
        "coordinates": [
          138.243934,
          35.224122
        ],
        "type": "Point"
      },
      "properties": {
        "bangumi_id": 405785,
        "bangumi_title": "摇曳露营△ 三期",
        "ep_cut": 4,
        "image_url": "https://w.junreimap.com/images/points/405785/4wqeyk8_1757696766547.jpg",
        "location": "井川大桥周边（大井川）",
        "point_id": "4wqeyk8",
        "point_name": "エネオス\n井川​SS",
        "remark": ""
      },
      "type": "Feature"
    },
    {
      "geometry": {
        "coordinates": [
          138.243992,
          35.224306
        ],
        "type": "Point"
      },
      "properties": {
        "bangumi_id": 405785,
        "bangumi_title": "摇曳露营△ 三期",
        "ep_cut": 4,
        "image_url": "https://w.junreimap.com/images/points/405785/4wqfk92_1757696795131.jpg",
        "location": "井川大桥周边（大井川）",
        "point_id": "4wqfk92",
        "point_name": "エネオス\n井川​SS",
        "remark": ""
      },
      "type": "Feature"
    },
    {
      "geometry": {
        "coordinates": [
          138.234398,
          35.25608
        ],
        "type": "Point"
      },
      "properties": {
        "bangumi_id": 405785,
        "bangumi_title": "摇曳露营△ 三期",
        "ep_cut": 4,
        "image_url": "https://w.junreimap.com/images/points/405785/4vrk4ht_1757640318864.jpg",
        "location": "井川大桥周边（大井川）",
        "point_id": "4vrk4ht",
        "point_name": "て​しゃ​まん​く​の​里",
        "remark": "在绫乃的建议下顺道到访的附近的唯一一家饮食店，芝麻凛在这里吃了关东煮。顺便一提，店名的て​しゃ​まん​く是井川地区传说中出现过的大力士。从井川站开车大约16分钟到达，营业时间11AM~2PM，周一至周四定休（冬季全季歇业），停车位10台。"
      },
      "type": "Feature"
    },
    {
      "geometry": {
        "coordinates": [
          138.234365,
          35.256117
        ],
        "type": "Point"
      },
      "properties": {
        "bangumi_id": 405785,
        "bangumi_title": "摇曳露营△ 三期",
        "ep_cut": 4,
        "image_url": "https://w.junreimap.com/images/points/405785/4vstmi7_1757640343747.jpg",
        "location": "井川大桥周边（大井川）",
        "point_id": "4vstmi7",
        "point_name": "て​しゃ​まん​く​の​里",
        "remark": "在绫乃的建议下顺道到访的附近的唯一一家饮食店，芝麻凛在这里吃了关东煮。顺便一提，店名的て​しゃ​まん​く是井川地区传说中出现过的大力士。从井川站开车大约16分钟到达，营业时间11AM~2PM，周一至周四定休（冬季全季歇业），停车位10台。"
      },
      "type": "Feature"
    },
    {
      "geometry": {
        "coordinates": [
          138.234327,
          35.25617
        ],
        "type": "Point"
      },
      "properties": {
        "bangumi_id": 405785,
        "bangumi_title": "摇曳露营△ 三期",
        "ep_cut": 4,
        "image_url": "https://w.junreimap.com/images/points/405785/4vsvkj1_1757640443257.jpg",
        "location": "井川大桥周边（大井川）",
        "point_id": "4vsvkj1",
        "point_name": "て​しゃ​まん​く​の​里",
        "remark": "在绫乃的建议下顺道到访的附近的唯一一家饮食店，芝麻凛在这里吃了关东煮。顺便一提，店名的て​しゃ​まん​く是井川地区传说中出现过的大力士。从井川站开车大约16分钟到达，营业时间11AM~2PM，周一至周四定休（冬季全季歇业），停车位10台。"
      },
      "type": "Feature"
    },
    {
      "geometry": {
        "coordinates": [
          138.234296,
          35.256218
        ],
        "type": "Point"
      },
      "properties": {
        "bangumi_id": 405785,
        "bangumi_title": "摇曳露营△ 三期",
        "ep_cut": 4,
        "image_url": "https://w.junreimap.com/images/points/405785/4vsvxe5_1757640468516.jpg",
        "location": "井川大桥周边（大井川）",
        "point_id": "4vsvxe5",
        "point_name": "て​しゃ​まん​く​の​里",
        "remark": "在绫乃的建议下顺道到访的附近的唯一一家饮食店，芝麻凛在这里吃了关东煮。顺便一提，店名的て​しゃ​まん​く是井川地区传说中出现过的大力士。从井川站开车大约16分钟到达，营业时间11AM~2PM，周一至周四定休（冬季全季歇业），停车位10台。"
      },
      "type": "Feature"
    },
    {
      "geometry": {
        "coordinates": [
          138.23431,
          35.256194
        ],
        "type": "Point"
      },
      "properties": {
        "bangumi_id": 405785,
        "bangumi_title": "摇曳露营△ 三期",
        "ep_cut": 4,
        "image_url": "https://w.junreimap.com/images/points/405785/4vsw16c_1757640471505.jpg",
        "location": "井川大桥周边（大井川）",
        "point_id": "4vsw16c",
        "point_name": "て​しゃ​まん​く​の​里",
        "remark": "在绫乃的建议下顺道到访的附近的唯一一家饮食店，芝麻凛在这里吃了关东煮。顺便一提，店名的て​しゃ​まん​く是井川地区传说中出现过的大力士。从井川站开车大约16分钟到达，营业时间11AM~2PM，周一至周四定休（冬季全季歇业），停车位10台。"
      },
      "type": "Feature"
    },
    {
      "geometry": {
        "coordinates": [
          138.234263,
          35.256202
        ],
        "type": "Point"
      },
      "properties": {
        "bangumi_id": 405785,
        "bangumi_title": "摇曳露营△ 三期",
        "ep_cut": 4,
        "image_url": "https://w.junreimap.com/images/points/405785/4vswf8d_1757640475925.jpg",
        "location": "井川大桥周边（大井川）",
        "point_id": "4vswf8d",
        "point_name": "て​しゃ​まん​く​の​里",
        "remark": "在绫乃的建议下顺道到访的附近的唯一一家饮食店，芝麻凛在这里吃了关东煮。顺便一提，店名的て​しゃ​まん​く是井川地区传说中出现过的大力士。从井川站开车大约16分钟到达，营业时间11AM~2PM，周一至周四定休（冬季全季歇业），停车位10台。"
      },
      "type": "Feature"
    },
    {
      "geometry": {
        "coordinates": [
          138.234313,
          35.256329
        ],
        "type": "Point"
      },
      "properties": {
        "bangumi_id": 405785,
        "bangumi_title": "摇曳露营△ 三期",
        "ep_cut": 4,
        "image_url": "https://w.junreimap.com/images/points/405785/4vswlkx_1757640482420.jpg",
        "location": "井川大桥周边（大井川）",
        "point_id": "4vswlkx",
        "point_name": "て​しゃ​まん​く​の​里",
        "remark": "在绫乃的建议下顺道到访的附近的唯一一家饮食店，芝麻凛在这里吃了关东煮。顺便一提，店名的て​しゃ​まん​く是井川地区传说中出现过的大力士。从井川站开车大约16分钟到达，营业时间11AM~2PM，周一至周四定休（冬季全季歇业），停车位10台。"
      },
      "type": "Feature"
    },
    {
      "geometry": {
        "coordinates": [
          138.234264,
          35.256127
        ],
        "type": "Point"
      },
      "properties": {
        "bangumi_id": 405785,
        "bangumi_title": "摇曳露营△ 三期",
        "ep_cut": 4,
        "image_url": "https://w.junreimap.com/images/points/405785/4vsy0ox_1757640550854.jpg",
        "location": "井川大桥周边（大井川）",
        "point_id": "4vsy0ox",
        "point_name": "て​しゃ​まん​く​の​里",
        "remark": "在绫乃的建议下顺道到访的附近的唯一一家饮食店，芝麻凛在这里吃了关东煮。顺便一提，店名的て​しゃ​まん​く是井川地区传说中出现过的大力士。从井川站开车大约16分钟到达，营业时间11AM~2PM，周一至周四定休（冬季全季歇业），停车位10台。"
      },
      "type": "Feature"
    },
    {
      "geometry": {
        "coordinates": [
          138.234303,
          35.256068
        ],
        "type": "Point"
      },
      "properties": {
        "bangumi_id": 405785,
        "bangumi_title": "摇曳露营△ 三期",
        "ep_cut": 4,
        "image_url": "https://w.junreimap.com/images/points/405785/4vsyfd3_1757640569965.jpg",
        "location": "井川大桥周边（大井川）",
        "point_id": "4vsyfd3",
        "point_name": "て​しゃ​まん​く​の​里",
        "remark": "在绫乃的建议下顺道到访的附近的唯一一家饮食店，芝麻凛在这里吃了关东煮。顺便一提，店名的て​しゃ​まん​く是井川地区传说中出现过的大力士。从井川站开车大约16分钟到达，营业时间11AM~2PM，周一至周四定休（冬季全季歇业），停车位10台。"
      },
      "type": "Feature"
    },
    {
      "geometry": {
        "coordinates": [
          138.234224,
          35.256105
        ],
        "type": "Point"
      },
      "properties": {
        "bangumi_id": 405785,
        "bangumi_title": "摇曳露营△ 三期",
        "ep_cut": 4,
        "image_url": "https://w.junreimap.com/images/points/405785/4vsypsh_1757640580961.jpg",
        "location": "井川大桥周边（大井川）",
        "point_id": "4vsypsh",
        "point_name": "て​しゃ​まん​く​の​里",
        "remark": "在绫乃的建议下顺道到访的附近的唯一一家饮食店，芝麻凛在这里吃了关东煮。顺便一提，店名的て​しゃ​まん​く是井川地区传说中出现过的大力士。从井川站开车大约16分钟到达，营业时间11AM~2PM，周一至周四定休（冬季全季歇业），停车位10台。"
      },
      "type": "Feature"
    },
    {
      "geometry": {
        "coordinates": [
          138.234252,
          35.256094
        ],
        "type": "Point"
      },
      "properties": {
        "bangumi_id": 405785,
        "bangumi_title": "摇曳露营△ 三期",
        "ep_cut": 4,
        "image_url": "https://w.junreimap.com/images/points/405785/4vszaz5_1757640608564.jpg",
        "location": "井川大桥周边（大井川）",
        "point_id": "4vszaz5",
        "point_name": "て​しゃ​まん​く​の​里",
        "remark": "在绫乃的建议下顺道到访的附近的唯一一家饮食店，芝麻凛在这里吃了关东煮。顺便一提，店名的て​しゃ​まん​く是井川地区传说中出现过的大力士。从井川站开车大约16分钟到达，营业时间11AM~2PM，周一至周四定休（冬季全季歇业），停车位10台。"
      },
      "type": "Feature"
    },
    {
      "geometry": {
        "coordinates": [
          138.234228,
          35.256082
        ],
        "type": "Point"
      },
      "properties": {
        "bangumi_id": 405785,
        "bangumi_title": "摇曳露营△ 三期",
        "ep_cut": 4,
        "image_url": "https://w.junreimap.com/images/points/405785/4vsz4gv_1757640602219.jpg",
        "location": "井川大桥周边（大井川）",
        "point_id": "4vsz4gv",
        "point_name": "て​しゃ​まん​く​の​里",
        "remark": "在绫乃的建议下顺道到访的附近的唯一一家饮食店，芝麻凛在这里吃了关东煮。顺便一提，店名的て​しゃ​まん​く是井川地区传说中出现过的大力士。从井川站开车大约16分钟到达，营业时间11AM~2PM，周一至周四定休（冬季全季歇业），停车位10台。"
      },
      "type": "Feature"
    },
    {
      "geometry": {
        "coordinates": [
          138.234242,
          35.256117
        ],
        "type": "Point"
      },
      "properties": {
        "bangumi_id": 405785,
        "bangumi_title": "摇曳露营△ 三期",
        "ep_cut": 4,
        "image_url": "https://w.junreimap.com/images/points/405785/4vsy895_1757640558072.jpg",
        "location": "井川大桥周边（大井川）",
        "point_id": "4vsy895",
        "point_name": "て​しゃ​まん​く​の​里",
        "remark": "在绫乃的建议下顺道到访的附近的唯一一家饮食店，芝麻凛在这里吃了关东煮。顺便一提，店名的て​しゃ​まん​く是井川地区传说中出现过的大力士。从井川站开车大约16分钟到达，营业时间11AM~2PM，周一至周四定休（冬季全季歇业），停车位10台。"
      },
      "type": "Feature"
    },
    {
      "geometry": {
        "coordinates": [
          138.233003,
          35.261573
        ],
        "type": "Point"
      },
      "properties": {
        "bangumi_id": 405785,
        "bangumi_title": "摇曳露营△ 三期",
        "ep_cut": 4,
        "image_url": "https://w.junreimap.com/images/user/0/bangumi/405785/points/jun182oca-1714145437660.jpg",
        "location": "田代第1~6隧道（大井川）",
        "point_id": "jun182oca",
        "point_name": "田代第1隧道",
        "remark": ""
      },
      "type": "Feature"
    },
    {
      "geometry": {
        "coordinates": [
          138.227729,
          35.263244
        ],
        "type": "Point"
      },
      "properties": {
        "bangumi_id": 405785,
        "bangumi_title": "摇曳露营△ 三期",
        "ep_cut": 4,
        "image_url": "https://w.junreimap.com/images/user/0/bangumi/405785/points/jun64fjur-1714145793736.jpg",
        "location": "田代第1~6隧道（大井川）",
        "point_id": "jun64fjur",
        "point_name": "田代第2隧道",
        "remark": ""
      },
      "type": "Feature"
    },
    {
      "geometry": {
        "coordinates": [
          138.225668,
          35.26771
        ],
        "type": "Point"
      },
      "properties": {
        "bangumi_id": 405785,
        "bangumi_title": "摇曳露营△ 三期",
        "ep_cut": 4,
        "image_url": "https://w.junreimap.com/images/user/0/bangumi/405785/points/jun9sepqx-1714145925721.jpg",
        "location": "田代第1~6隧道（大井川）",
        "point_id": "jun9sepqx",
        "point_name": "田代第3隧道",
        "remark": ""
      },
      "type": "Feature"
    },
    {
      "geometry": {
        "coordinates": [
          138.220914,
          35.272087
        ],
        "type": "Point"
      },
      "properties": {
        "bangumi_id": 405785,
        "bangumi_title": "摇曳露营△ 三期",
        "ep_cut": 4,
        "image_url": "https://w.junreimap.com/images/user/0/bangumi/405785/points/jundlxim7-1714146148321.jpg",
        "location": "田代第1~6隧道（大井川）",
        "point_id": "jundlxim7",
        "point_name": "田代第5隧道",
        "remark": ""
      },
      "type": "Feature"
    },
    {
      "geometry": {
        "coordinates": [
          138.223884,
          35.270159
        ],
        "type": "Point"
      },
      "properties": {
        "bangumi_id": 405785,
        "bangumi_title": "摇曳露营△ 三期",
        "ep_cut": 4,
        "image_url": "https://w.junreimap.com/images/user/0/bangumi/405785/points/junb6u6j4-1714146010547.jpg",
        "location": "田代第1~6隧道（大井川）",
        "point_id": "junb6u6j4",
        "point_name": "田代第4隧道",
        "remark": ""
      },
      "type": "Feature"
    },
    {
      "geometry": {
        "coordinates": [
          138.219318,
          35.272198
        ],
        "type": "Point"
      },
      "properties": {
        "bangumi_id": 405785,
        "bangumi_title": "摇曳露营△ 三期",
        "ep_cut": 4,
        "image_url": "https://w.junreimap.com/images/user/0/bangumi/405785/points/junezwvg2-1714146230357.jpg",
        "location": "田代第1~6隧道（大井川）",
        "point_id": "junezwvg2",
        "point_name": "田代第6隧道",
        "remark": ""
      },
      "type": "Feature"
    },
    {
      "geometry": {
        "coordinates": [
          138.205123,
          35.300926
        ],
        "type": "Point"
      },
      "properties": {
        "bangumi_id": 405785,
        "bangumi_title": "摇曳露营△ 三期",
        "ep_cut": 4,
        "image_url": "https://w.junreimap.com/images/user/0/bangumi/405785/points/junkdei0i-1714146553295.jpg",
        "location": "畑薙湖（大井川）",
        "point_id": "junkdei0i",
        "point_name": "明神桥",
        "remark": ""
      },
      "type": "Feature"
    },
    {
      "geometry": {
        "coordinates": [
          138.202787,
          35.306859
        ],
        "type": "Point"
      },
      "properties": {
        "bangumi_id": 405785,
        "bangumi_title": "摇曳露营△ 三期",
        "ep_cut": 4,
        "image_url": "https://w.junreimap.com/images/user/0/bangumi/405785/points/junl3nojf-1714146600917.jpg",
        "location": "畑薙湖（大井川）",
        "point_id": "junl3nojf",
        "point_name": "田代第7隧道",
        "remark": ""
      },
      "type": "Feature"
    },
    {
      "geometry": {
        "coordinates": [
          138.20196,
          35.307761
        ],
        "type": "Point"
      },
      "properties": {
        "bangumi_id": 405785,
        "bangumi_title": "摇曳露营△ 三期",
        "ep_cut": 4,
        "image_url": "https://w.junreimap.com/images/points/405785/4wqhqvs_1757696898838.jpg",
        "location": "畑薙湖（大井川）",
        "point_id": "4wqhqvs",
        "point_name": "田代第7隧道",
        "remark": ""
      },
      "type": "Feature"
    },
    {
      "geometry": {
        "coordinates": [
          138.202258,
          35.307219
        ],
        "type": "Point"
      },
      "properties": {
        "bangumi_id": 405785,
        "bangumi_title": "摇曳露营△ 三期",
        "ep_cut": 4,
        "image_url": "https://w.junreimap.com/images/points/405785/4wqhxbb_1757696904486.jpg",
        "location": "畑薙湖（大井川）",
        "point_id": "4wqhxbb",
        "point_name": "田代第7隧道",
        "remark": ""
      },
      "type": "Feature"
    },
    {
      "geometry": {
        "coordinates": [
          138.183014,
          35.320446
        ],
        "type": "Point"
      },
      "properties": {
        "bangumi_id": 405785,
        "bangumi_title": "摇曳露营△ 三期",
        "ep_cut": 4,
        "image_url": "https://w.junreimap.com/images/points/405785/4wqmbrc_1757697112599.jpg",
        "location": "畑薙湖（大井川）",
        "point_id": "4wqmbrc",
        "point_name": "畑薙湖",
        "remark": "畑薙湖是由高125m的畑薙第1大坝所形成的湖泊，总储水量约1亿5000万吨。"
      },
      "type": "Feature"
    },
    {
      "geometry": {
        "coordinates": [
          138.183526,
          35.316819
        ],
        "type": "Point"
      },
      "properties": {
        "bangumi_id": 405785,
        "bangumi_title": "摇曳露营△ 三期",
        "ep_cut": 4,
        "image_url": "https://w.junreimap.com/images/points/405785/4wqndyo_1757697165493.jpg",
        "location": "畑薙湖（大井川）",
        "point_id": "4wqndyo",
        "point_name": "畑薙湖",
        "remark": "（大致点位，非精确坐标）畑薙湖是由高125m的畑薙第1大坝所形成的湖泊，总储水量约1亿5000万吨。"
      },
      "type": "Feature"
    },
    {
      "geometry": {
        "coordinates": [
          138.179099,
          35.328449
        ],
        "type": "Point"
      },
      "properties": {
        "bangumi_id": 405785,
        "bangumi_title": "摇曳露营△ 三期",
        "ep_cut": 3,
        "image_url": "https://w.junreimap.com/images/user/1069/bangumi/405785/points/jmbgz386k-1713493471269.jpg",
        "location": "畑薙湖（大井川）",
        "point_id": "jmbgz386k",
        "point_name": "畑薙湖",
        "remark": ""
      },
      "type": "Feature"
    },
    {
      "geometry": {
        "coordinates": [
          138.183151,
          35.321477
        ],
        "type": "Point"
      },
      "properties": {
        "bangumi_id": 405785,
        "bangumi_title": "摇曳露营△ 三期",
        "ep_cut": 4,
        "image_url": "https://w.junreimap.com/images/points/405785/4wqjcsx_1757696971128.jpg",
        "location": "畑薙湖（大井川）",
        "point_id": "4wqjcsx",
        "point_name": "畑薙第1ダム",
        "remark": "畑薙湖是由高125m的畑薙第1大坝所形成的湖泊，总储水量约1亿5000万吨。"
      },
      "type": "Feature"
    },
    {
      "geometry": {
        "coordinates": [
          138.182905,
          35.321544
        ],
        "type": "Point"
      },
      "properties": {
        "bangumi_id": 405785,
        "bangumi_title": "摇曳露营△ 三期",
        "ep_cut": 4,
        "image_url": "https://w.junreimap.com/images/points/405785/4wqjkc8_1757696980924.jpg",
        "location": "畑薙湖（大井川）",
        "point_id": "4wqjkc8",
        "point_name": "畑薙第1ダム",
        "remark": "畑薙湖是由高125m的畑薙第1大坝所形成的湖泊，总储水量约1亿5000万吨。"
      },
      "type": "Feature"
    },
    {
      "geometry": {
        "coordinates": [
          138.183108,
          35.321378
        ],
        "type": "Point"
      },
      "properties": {
        "bangumi_id": 405785,
        "bangumi_title": "摇曳露营△ 三期",
        "ep_cut": 4,
        "image_url": "https://w.junreimap.com/images/points/405785/4wqjmgd_1757696983643.jpg",
        "location": "畑薙湖（大井川）",
        "point_id": "4wqjmgd",
        "point_name": "畑薙第1ダム",
        "remark": "畑薙湖是由高125m的畑薙第1大坝所形成的湖泊，总储水量约1亿5000万吨。"
      },
      "type": "Feature"
    },
    {
      "geometry": {
        "coordinates": [
          138.183204,
          35.321559
        ],
        "type": "Point"
      },
      "properties": {
        "bangumi_id": 405785,
        "bangumi_title": "摇曳露营△ 三期",
        "ep_cut": 4,
        "image_url": "https://w.junreimap.com/images/points/405785/4wqjpez_1757696987756.jpg",
        "location": "畑薙湖（大井川）",
        "point_id": "4wqjpez",
        "point_name": "畑薙第1ダム",
        "remark": "畑薙湖是由高125m的畑薙第1大坝所形成的湖泊，总储水量约1亿5000万吨。"
      },
      "type": "Feature"
    },
    {
      "geometry": {
        "coordinates": [
          138.183262,
          35.321626
        ],
        "type": "Point"
      },
      "properties": {
        "bangumi_id": 405785,
        "bangumi_title": "摇曳露营△ 三期",
        "ep_cut": 4,
        "image_url": "https://w.junreimap.com/images/points/405785/4wqjs7c_1757696992802.jpg",
        "location": "畑薙湖（大井川）",
        "point_id": "4wqjs7c",
        "point_name": "畑薙第1ダム",
        "remark": "畑薙湖是由高125m的畑薙第1大坝所形成的湖泊，总储水量约1亿5000万吨。"
      },
      "type": "Feature"
    },
    {
      "geometry": {
        "coordinates": [
          138.182952,
          35.345178
        ],
        "type": "Point"
      },
      "properties": {
        "bangumi_id": 405785,
        "bangumi_title": "摇曳露营△ 三期",
        "ep_cut": 4,
        "image_url": "https://w.junreimap.com/images/points/405785/4wl3ed4_1757687829374.jpg",
        "location": "畑薙湖（大井川）",
        "point_id": "4wl3ed4",
        "point_name": "畑薙湖",
        "remark": "北段靠近大大桥的位置，吊桥附近水位很低。"
      },
      "type": "Feature"
    },
    {
      "geometry": {
        "coordinates": [
          138.179811,
          35.329197
        ],
        "type": "Point"
      },
      "properties": {
        "bangumi_id": 405785,
        "bangumi_title": "摇曳露营△ 三期",
        "ep_cut": 4,
        "image_url": "https://w.junreimap.com/images/points/405785/4wl7ese_1757688016220.jpg",
        "location": "畑薙湖（大井川）",
        "point_id": "4wl7ese",
        "point_name": "林道​東俣​線​管理​棟",
        "remark": "在管理栋稍微往南走一段路的位置，路面西侧（湖岸方向）。"
      },
      "type": "Feature"
    },
    {
      "geometry": {
        "coordinates": [
          138.179931,
          35.329399
        ],
        "type": "Point"
      },
      "properties": {
        "bangumi_id": 405785,
        "bangumi_title": "摇曳露营△ 三期",
        "ep_cut": 4,
        "image_url": "https://w.junreimap.com/images/points/405785/4wl8jbf_1757688192826.jpg",
        "location": "畑薙湖（大井川）",
        "point_id": "4wl8jbf",
        "point_name": "林道​東俣​線​管理​棟",
        "remark": ""
      },
      "type": "Feature"
    },
    {
      "geometry": {
        "coordinates": [
          138.17976,
          35.329974
        ],
        "type": "Point"
      },
      "properties": {
        "bangumi_id": 405785,
        "bangumi_title": "摇曳露营△ 三期",
        "ep_cut": 4,
        "image_url": "https://w.junreimap.com/images/points/405785/4wl8op3_1757688075566.jpg",
        "location": "畑薙湖（大井川）",
        "point_id": "4wl8op3",
        "point_name": "林道​東俣​線​管理​棟",
        "remark": ""
      },
      "type": "Feature"
    },
    {
      "geometry": {
        "coordinates": [
          138.179695,
          35.330195
        ],
        "type": "Point"
      },
      "properties": {
        "bangumi_id": 405785,
        "bangumi_title": "摇曳露营△ 三期",
        "ep_cut": 4,
        "image_url": "https://w.junreimap.com/images/points/405785/4wl8w63_1757688085345.jpg",
        "location": "畑薙湖（大井川）",
        "point_id": "4wl8w63",
        "point_name": "林道​東俣​線​管理​棟",
        "remark": ""
      },
      "type": "Feature"
    },
    {
      "geometry": {
        "coordinates": [
          138.179883,
          35.329639
        ],
        "type": "Point"
      },
      "properties": {
        "bangumi_id": 405785,
        "bangumi_title": "摇曳露营△ 三期",
        "ep_cut": 4,
        "image_url": "https://w.junreimap.com/images/user/0/bangumi/405785/points/junqkkcxb-1714146925939.jpg",
        "location": "畑薙湖（大井川）",
        "point_id": "junqkkcxb",
        "point_name": "林道​東俣​線​管理​棟",
        "remark": ""
      },
      "type": "Feature"
    },
    {
      "geometry": {
        "coordinates": [
          138.177794,
          35.336976
        ],
        "type": "Point"
      },
      "properties": {
        "bangumi_id": 405785,
        "bangumi_title": "摇曳露营△ 三期",
        "ep_cut": 4,
        "image_url": "https://w.junreimap.com/images/points/405785/4wla3zc_1757688144498.jpg",
        "location": "畑薙湖（大井川）",
        "point_id": "4wla3zc",
        "point_name": "畑薙湖 东岸",
        "remark": ""
      },
      "type": "Feature"
    },
    {
      "geometry": {
        "coordinates": [
          138.178158,
          35.337996
        ],
        "type": "Point"
      },
      "properties": {
        "bangumi_id": 405785,
        "bangumi_title": "摇曳露营△ 三期",
        "ep_cut": 4,
        "image_url": "https://w.junreimap.com/images/points/405785/4wlatk4_1757688174837.jpg",
        "location": "畑薙湖（大井川）",
        "point_id": "4wlatk4",
        "point_name": "畑薙湖 东岸",
        "remark": ""
      },
      "type": "Feature"
    },
    {
      "geometry": {
        "coordinates": [
          138.182968,
          35.348287
        ],
        "type": "Point"
      },
      "properties": {
        "bangumi_id": 405785,
        "bangumi_title": "摇曳露营△ 三期",
        "ep_cut": 5,
        "image_url": "https://w.junreimap.com/images/points/405785/4ws4t0v_1757699652703.jpg",
        "location": "畑薙湖（大井川）",
        "point_id": "4ws4t0v",
        "point_name": "畑薙大吊橋",
        "remark": ""
      },
      "type": "Feature"
    },
    {
      "geometry": {
        "coordinates": [
          138.184109,
          35.348333
        ],
        "type": "Point"
      },
      "properties": {
        "bangumi_id": 405785,
        "bangumi_title": "摇曳露营△ 三期",
        "ep_cut": 4,
        "image_url": "https://w.junreimap.com/images/user/0/bangumi/405785/points/junsxxjat-1714147072675.jpg",
        "location": "畑薙湖（大井川）",
        "point_id": "junsxxjat",
        "point_name": "畑薙大吊橋",
        "remark": ""
      },
      "type": "Feature"
    },
    {
      "geometry": {
        "coordinates": [
          138.183944,
          35.348409
        ],
        "type": "Point"
      },
      "properties": {
        "bangumi_id": 405785,
        "bangumi_title": "摇曳露营△ 三期",
        "ep_cut": 4,
        "image_url": "https://w.junreimap.com/images/points/405785/4wlcdsy_1757688248418.jpg",
        "location": "畑薙湖（大井川）",
        "point_id": "4wlcdsy",
        "point_name": "畑薙大吊橋",
        "remark": ""
      },
      "type": "Feature"
    },
    {
      "geometry": {
        "coordinates": [
          138.183879,
          35.348338
        ],
        "type": "Point"
      },
      "properties": {
        "bangumi_id": 405785,
        "bangumi_title": "摇曳露营△ 三期",
        "ep_cut": 4,
        "image_url": "https://w.junreimap.com/images/points/405785/4wldf38_1757688296486.jpg",
        "location": "畑薙湖（大井川）",
        "point_id": "4wldf38",
        "point_name": "畑薙大吊橋",
        "remark": ""
      },
      "type": "Feature"
    },
    {
      "geometry": {
        "coordinates": [
          138.183773,
          35.348301
        ],
        "type": "Point"
      },
      "properties": {
        "bangumi_id": 405785,
        "bangumi_title": "摇曳露营△ 三期",
        "ep_cut": 4,
        "image_url": "https://w.junreimap.com/images/points/405785/4wldhxc_1757688299922.jpg",
        "location": "畑薙湖（大井川）",
        "point_id": "4wldhxc",
        "point_name": "畑薙大吊橋",
        "remark": ""
      },
      "type": "Feature"
    },
    {
      "geometry": {
        "coordinates": [
          138.183664,
          35.348186
        ],
        "type": "Point"
      },
      "properties": {
        "bangumi_id": 405785,
        "bangumi_title": "摇曳露营△ 三期",
        "ep_cut": 4,
        "image_url": "https://w.junreimap.com/images/points/405785/4wldk88_1757688302734.jpg",
        "location": "畑薙湖（大井川）",
        "point_id": "4wldk88",
        "point_name": "畑薙大吊橋",
        "remark": ""
      },
      "type": "Feature"
    },
    {
      "geometry": {
        "coordinates": [
          138.183688,
          35.348261
        ],
        "type": "Point"
      },
      "properties": {
        "bangumi_id": 405785,
        "bangumi_title": "摇曳露营△ 三期",
        "ep_cut": 4,
        "image_url": "https://w.junreimap.com/images/points/405785/4wldmjr_1757688306100.jpg",
        "location": "畑薙湖（大井川）",
        "point_id": "4wldmjr",
        "point_name": "畑薙大吊橋",
        "remark": ""
      },
      "type": "Feature"
    },
    {
      "geometry": {
        "coordinates": [
          138.183594,
          35.348221
        ],
        "type": "Point"
      },
      "properties": {
        "bangumi_id": 405785,
        "bangumi_title": "摇曳露营△ 三期",
        "ep_cut": 4,
        "image_url": "https://w.junreimap.com/images/points/405785/4wldp8r_1757688309063.jpg",
        "location": "畑薙湖（大井川）",
        "point_id": "4wldp8r",
        "point_name": "畑薙大吊橋",
        "remark": ""
      },
      "type": "Feature"
    },
    {
      "geometry": {
        "coordinates": [
          138.183794,
          35.348217
        ],
        "type": "Point"
      },
      "properties": {
        "bangumi_id": 405785,
        "bangumi_title": "摇曳露营△ 三期",
        "ep_cut": 4,
        "image_url": "https://w.junreimap.com/images/points/405785/4wle903_1757688335300.jpg",
        "location": "畑薙湖（大井川）",
        "point_id": "4wle903",
        "point_name": "畑薙大吊橋",
        "remark": ""
      },
      "type": "Feature"
    },
    {
      "geometry": {
        "coordinates": [
          138.183515,
          35.348401
        ],
        "type": "Point"
      },
      "properties": {
        "bangumi_id": 405785,
        "bangumi_title": "摇曳露营△ 三期",
        "ep_cut": 4,
        "image_url": "https://w.junreimap.com/images/points/405785/4wlejud_1757688349023.jpg",
        "location": "畑薙湖（大井川）",
        "point_id": "4wlejud",
        "point_name": "畑薙大吊橋",
        "remark": ""
      },
      "type": "Feature"
    },
    {
      "geometry": {
        "coordinates": [
          138.183554,
          35.348133
        ],
        "type": "Point"
      },
      "properties": {
        "bangumi_id": 405785,
        "bangumi_title": "摇曳露营△ 三期",
        "ep_cut": 4,
        "image_url": "https://w.junreimap.com/images/points/405785/4wlds3j_1757688312960.jpg",
        "location": "畑薙湖（大井川）",
        "point_id": "4wlds3j",
        "point_name": "畑薙大吊橋",
        "remark": ""
      },
      "type": "Feature"
    },
    {
      "geometry": {
        "coordinates": [
          138.183488,
          35.34822
        ],
        "type": "Point"
      },
      "properties": {
        "bangumi_id": 405785,
        "bangumi_title": "摇曳露营△ 三期",
        "ep_cut": 4,
        "image_url": "https://w.junreimap.com/images/points/405785/4wldu5o_1757688315647.jpg",
        "location": "畑薙湖（大井川）",
        "point_id": "4wldu5o",
        "point_name": "畑薙大吊橋",
        "remark": ""
      },
      "type": "Feature"
    },
    {
      "geometry": {
        "coordinates": [
          138.183525,
          35.348173
        ],
        "type": "Point"
      },
      "properties": {
        "bangumi_id": 405785,
        "bangumi_title": "摇曳露营△ 三期",
        "ep_cut": 4,
        "image_url": "https://w.junreimap.com/images/points/405785/4wldwr6_1757688318825.jpg",
        "location": "畑薙湖（大井川）",
        "point_id": "4wldwr6",
        "point_name": "畑薙大吊橋",
        "remark": ""
      },
      "type": "Feature"
    },
    {
      "geometry": {
        "coordinates": [
          138.182432,
          35.347619
        ],
        "type": "Point"
      },
      "properties": {
        "bangumi_id": 405785,
        "bangumi_title": "摇曳露营△ 三期",
        "ep_cut": 4,
        "image_url": "https://w.junreimap.com/images/points/405785/4wlenjv_1757688354106.jpg",
        "location": "畑薙湖（大井川）",
        "point_id": "4wlenjv",
        "point_name": "畑薙大吊橋",
        "remark": ""
      },
      "type": "Feature"
    },
    {
      "geometry": {
        "coordinates": [
          138.182448,
          35.347558
        ],
        "type": "Point"
      },
      "properties": {
        "bangumi_id": 405785,
        "bangumi_title": "摇曳露营△ 三期",
        "ep_cut": 4,
        "image_url": "https://w.junreimap.com/images/points/405785/4wlerxn_1757688359424.jpg",
        "location": "畑薙湖（大井川）",
        "point_id": "4wlerxn",
        "point_name": "畑薙大吊橋",
        "remark": ""
      },
      "type": "Feature"
    },
    {
      "geometry": {
        "coordinates": [
          138.182351,
          35.347562
        ],
        "type": "Point"
      },
      "properties": {
        "bangumi_id": 405785,
        "bangumi_title": "摇曳露营△ 三期",
        "ep_cut": 4,
        "image_url": "https://w.junreimap.com/images/points/405785/4wletsz_1757688362171.jpg",
        "location": "畑薙湖（大井川）",
        "point_id": "4wletsz",
        "point_name": "畑薙大吊橋",
        "remark": ""
      },
      "type": "Feature"
    },
    {
      "geometry": {
        "coordinates": [
          138.182524,
          35.347602
        ],
        "type": "Point"
      },
      "properties": {
        "bangumi_id": 405785,
        "bangumi_title": "摇曳露营△ 三期",
        "ep_cut": 4,
        "image_url": "https://w.junreimap.com/images/points/405785/4wlexha_1757688367251.jpg",
        "location": "畑薙湖（大井川）",
        "point_id": "4wlexha",
        "point_name": "畑薙大吊橋",
        "remark": ""
      },
      "type": "Feature"
    },
    {
      "geometry": {
        "coordinates": [
          138.196807,
          35.306951
        ],
        "type": "Point"
      },
      "properties": {
        "bangumi_id": 405785,
        "bangumi_title": "摇曳露营△ 三期",
        "ep_cut": 4,
        "image_url": "https://w.junreimap.com/images/points/405785/4wki3q5_1757686893617.jpg",
        "location": "畑薙湖（大井川）",
        "point_id": "4wki3q5",
        "point_name": "南アルプス赤石温泉白樺荘",
        "remark": "（不是SP3那个赤石温泉，千万不要搞混了）折返回来的两人在畑薙湖附近找了家温泉泡汤。这座露天温泉可以眺望南阿尔卑斯，也提供过夜住宿。入浴费600日元。全能无休（冬季封路期除外）。有停车位20台。"
      },
      "type": "Feature"
    },
    {
      "geometry": {
        "coordinates": [
          138.196535,
          35.307175
        ],
        "type": "Point"
      },
      "properties": {
        "bangumi_id": 405785,
        "bangumi_title": "摇曳露营△ 三期",
        "ep_cut": 4,
        "image_url": "https://w.junreimap.com/images/points/405785/4wkp0gp_1757687158368.jpg",
        "location": "畑薙湖（大井川）",
        "point_id": "4wkp0gp",
        "point_name": "南アルプス赤石温泉白樺荘",
        "remark": "（不是SP3那个赤石温泉，千万不要搞混了）折返回来的两人在畑薙湖附近找了家温泉泡汤。这座露天温泉可以眺望南阿尔卑斯，也提供过夜住宿。入浴费600日元。全能无休（冬季封路期除外）。有停车位20台。"
      },
      "type": "Feature"
    },
    {
      "geometry": {
        "coordinates": [
          138.196485,
          35.307188
        ],
        "type": "Point"
      },
      "properties": {
        "bangumi_id": 405785,
        "bangumi_title": "摇曳露营△ 三期",
        "ep_cut": 4,
        "image_url": "https://w.junreimap.com/images/points/405785/4wkpa9j_1757687173112.jpg",
        "location": "畑薙湖（大井川）",
        "point_id": "4wkpa9j",
        "point_name": "南アルプス赤石温泉白樺荘",
        "remark": "（不是SP3那个赤石温泉，千万不要搞混了）折返回来的两人在畑薙湖附近找了家温泉泡汤。这座露天温泉可以眺望南阿尔卑斯，也提供过夜住宿。入浴费600日元。全能无休（冬季封路期除外）。有停车位20台。"
      },
      "type": "Feature"
    },
    {
      "geometry": {
        "coordinates": [
          138.196512,
          35.307203
        ],
        "type": "Point"
      },
      "properties": {
        "bangumi_id": 405785,
        "bangumi_title": "摇曳露营△ 三期",
        "ep_cut": 4,
        "image_url": "https://w.junreimap.com/images/points/405785/4wkp4hb_1757687162862.jpg",
        "location": "畑薙湖（大井川）",
        "point_id": "4wkp4hb",
        "point_name": "南アルプス赤石温泉白樺荘",
        "remark": "（不是SP3那个赤石温泉，千万不要搞混了）折返回来的两人在畑薙湖附近找了家温泉泡汤。这座露天温泉可以眺望南阿尔卑斯，也提供过夜住宿。入浴费600日元。全能无休（冬季封路期除外）。有停车位20台。"
      },
      "type": "Feature"
    },
    {
      "geometry": {
        "coordinates": [
          138.180493,
          35.167683
        ],
        "type": "Point"
      },
      "properties": {
        "bangumi_id": 405785,
        "bangumi_title": "摇曳露营△ 三期",
        "ep_cut": 4,
        "image_url": "https://w.junreimap.com/images/points/405785/4wqor2t_1757697224781.jpg",
        "location": "奥大井湖（大井川）",
        "point_id": "4wqor2t",
        "point_name": "奥大井湖上駅",
        "remark": ""
      },
      "type": "Feature"
    },
    {
      "geometry": {
        "coordinates": [
          138.180425,
          35.167637
        ],
        "type": "Point"
      },
      "properties": {
        "bangumi_id": 405785,
        "bangumi_title": "摇曳露营△ 三期",
        "ep_cut": 4,
        "image_url": "https://w.junreimap.com/images/points/405785/4wqpdpi_1757697252373.jpg",
        "location": "奥大井湖（大井川）",
        "point_id": "4wqpdpi",
        "point_name": "奥大井湖上駅",
        "remark": ""
      },
      "type": "Feature"
    },
    {
      "geometry": {
        "coordinates": [
          138.180486,
          35.167676
        ],
        "type": "Point"
      },
      "properties": {
        "bangumi_id": 405785,
        "bangumi_title": "摇曳露营△ 三期",
        "ep_cut": 4,
        "image_url": "https://w.junreimap.com/images/user/0/bangumi/405785/points/junvuz4vh-1714147247333.jpg",
        "location": "奥大井湖（大井川）",
        "point_id": "junvuz4vh",
        "point_name": "奥大井湖上駅",
        "remark": ""
      },
      "type": "Feature"
    },
    {
      "geometry": {
        "coordinates": [
          138.181994,
          35.169087
        ],
        "type": "Point"
      },
      "properties": {
        "bangumi_id": 405785,
        "bangumi_title": "摇曳露营△ 三期",
        "ep_cut": 4,
        "image_url": "https://w.junreimap.com/images/points/405785/4wqs3xk_1757697379565.jpg",
        "location": "奥大井湖（大井川）",
        "point_id": "4wqs3xk",
        "point_name": "奥大井レインボーブリッジ 桥上",
        "remark": ""
      },
      "type": "Feature"
    },
    {
      "geometry": {
        "coordinates": [
          138.181862,
          35.168977
        ],
        "type": "Point"
      },
      "properties": {
        "bangumi_id": 405785,
        "bangumi_title": "摇曳露营△ 三期",
        "ep_cut": 4,
        "image_url": "https://w.junreimap.com/images/points/405785/4wqs6mt_1757697383145.jpg",
        "location": "奥大井湖（大井川）",
        "point_id": "4wqs6mt",
        "point_name": "奥大井レインボーブリッジ 桥上",
        "remark": ""
      },
      "type": "Feature"
    },
    {
      "geometry": {
        "coordinates": [
          138.182169,
          35.169317
        ],
        "type": "Point"
      },
      "properties": {
        "bangumi_id": 405785,
        "bangumi_title": "摇曳露营△ 三期",
        "ep_cut": 4,
        "image_url": "https://w.junreimap.com/images/points/405785/4wqqanc_1757697296914.jpg",
        "location": "奥大井湖（大井川）",
        "point_id": "4wqqanc",
        "point_name": "奥大井レインボーブリッジ 东侧",
        "remark": ""
      },
      "type": "Feature"
    },
    {
      "geometry": {
        "coordinates": [
          138.182149,
          35.169253
        ],
        "type": "Point"
      },
      "properties": {
        "bangumi_id": 405785,
        "bangumi_title": "摇曳露营△ 三期",
        "ep_cut": 4,
        "image_url": "https://w.junreimap.com/images/points/405785/4wqs111_1757697375827.jpg",
        "location": "奥大井湖（大井川）",
        "point_id": "4wqs111",
        "point_name": "奥大井レインボーブリッジ 东侧",
        "remark": ""
      },
      "type": "Feature"
    },
    {
      "geometry": {
        "coordinates": [
          138.182324,
          35.169278
        ],
        "type": "Point"
      },
      "properties": {
        "bangumi_id": 405785,
        "bangumi_title": "摇曳露营△ 三期",
        "ep_cut": 4,
        "image_url": "https://w.junreimap.com/images/points/405785/4wqqiuc_1757697306878.jpg",
        "location": "奥大井湖（大井川）",
        "point_id": "4wqqiuc",
        "point_name": "奥大井レインボーブリッジ 东侧",
        "remark": ""
      },
      "type": "Feature"
    },
    {
      "geometry": {
        "coordinates": [
          138.182386,
          35.169378
        ],
        "type": "Point"
      },
      "properties": {
        "bangumi_id": 405785,
        "bangumi_title": "摇曳露营△ 三期",
        "ep_cut": 4,
        "image_url": "https://w.junreimap.com/images/user/0/bangumi/405785/points/junxslus3-1714147406994.jpg",
        "location": "奥大井湖（大井川）",
        "point_id": "junxslus3",
        "point_name": "奥大井レインボーブリッジ 东侧",
        "remark": ""
      },
      "type": "Feature"
    },
    {
      "geometry": {
        "coordinates": [
          138.182432,
          35.169829
        ],
        "type": "Point"
      },
      "properties": {
        "bangumi_id": 405785,
        "bangumi_title": "摇曳露营△ 三期",
        "ep_cut": 4,
        "image_url": "https://w.junreimap.com/images/points/405785/4wqqnlb_1757697313479.jpg",
        "location": "奥大井湖（大井川）",
        "point_id": "4wqqnlb",
        "point_name": "奥大井湖上駅展望所",
        "remark": ""
      },
      "type": "Feature"
    },
    {
      "geometry": {
        "coordinates": [
          138.181775,
          35.170314
        ],
        "type": "Point"
      },
      "properties": {
        "bangumi_id": 405785,
        "bangumi_title": "摇曳露营△ 三期",
        "ep_cut": 4,
        "image_url": "https://w.junreimap.com/images/points/405785/4wqqqpx_1757697315868.jpg",
        "location": "奥大井湖（大井川）",
        "point_id": "4wqqqpx",
        "point_name": "奥大井湖上駅展望所",
        "remark": ""
      },
      "type": "Feature"
    },
    {
      "geometry": {
        "coordinates": [
          138.18146,
          35.170308
        ],
        "type": "Point"
      },
      "properties": {
        "bangumi_id": 405785,
        "bangumi_title": "摇曳露营△ 三期",
        "ep_cut": 4,
        "image_url": "https://w.junreimap.com/images/points/405785/4wqrk1n_1757697353642.jpg",
        "location": "奥大井湖（大井川）",
        "point_id": "4wqrk1n",
        "point_name": "奥大井湖上駅展望所",
        "remark": ""
      },
      "type": "Feature"
    },
    {
      "geometry": {
        "coordinates": [
          138.181332,
          35.170308
        ],
        "type": "Point"
      },
      "properties": {
        "bangumi_id": 405785,
        "bangumi_title": "摇曳露营△ 三期",
        "ep_cut": 4,
        "image_url": "https://w.junreimap.com/images/points/405785/4wqrms6_1757697357253.jpg",
        "location": "奥大井湖（大井川）",
        "point_id": "4wqrms6",
        "point_name": "奥大井湖上駅展望所",
        "remark": ""
      },
      "type": "Feature"
    },
    {
      "geometry": {
        "coordinates": [
          138.181408,
          35.170337
        ],
        "type": "Point"
      },
      "properties": {
        "bangumi_id": 405785,
        "bangumi_title": "摇曳露营△ 三期",
        "ep_cut": 4,
        "image_url": "https://w.junreimap.com/images/points/405785/4wqrp4m_1757697360369.jpg",
        "location": "奥大井湖（大井川）",
        "point_id": "4wqrp4m",
        "point_name": "奥大井湖上駅展望所",
        "remark": ""
      },
      "type": "Feature"
    },
    {
      "geometry": {
        "coordinates": [
          138.181348,
          35.170362
        ],
        "type": "Point"
      },
      "properties": {
        "bangumi_id": 405785,
        "bangumi_title": "摇曳露营△ 三期",
        "ep_cut": 4,
        "image_url": "https://w.junreimap.com/images/points/405785/4wqrs7v_1757697364315.jpg",
        "location": "奥大井湖（大井川）",
        "point_id": "4wqrs7v",
        "point_name": "奥大井湖上駅展望所",
        "remark": ""
      },
      "type": "Feature"
    },
    {
      "geometry": {
        "coordinates": [
          138.181268,
          35.170332
        ],
        "type": "Point"
      },
      "properties": {
        "bangumi_id": 405785,
        "bangumi_title": "摇曳露营△ 三期",
        "ep_cut": 4,
        "image_url": "https://w.junreimap.com/images/points/405785/4wqrtwi_1757697366400.jpg",
        "location": "奥大井湖（大井川）",
        "point_id": "4wqrtwi",
        "point_name": "奥大井湖上駅展望所",
        "remark": ""
      },
      "type": "Feature"
    },
    {
      "geometry": {
        "coordinates": [
          138.181194,
          35.170353
        ],
        "type": "Point"
      },
      "properties": {
        "bangumi_id": 405785,
        "bangumi_title": "摇曳露营△ 三期",
        "ep_cut": 4,
        "image_url": "https://w.junreimap.com/images/user/0/bangumi/405785/points/junzgtrue-1714147491758.jpg",
        "location": "奥大井湖（大井川）",
        "point_id": "junzgtrue",
        "point_name": "奥大井湖上駅展望所",
        "remark": ""
      },
      "type": "Feature"
    },
    {
      "geometry": {
        "coordinates": [
          138.123626,
          35.173001
        ],
        "type": "Point"
      },
      "properties": {
        "bangumi_id": 405785,
        "bangumi_title": "摇曳露营△ 三期",
        "ep_cut": 6,
        "image_url": "https://w.junreimap.com/images/user/0/bangumi/405785/points/k8zdgsv6l-1715269353154.jpg",
        "location": "寸又峡（大井川）",
        "point_id": "k8zdgsv6l",
        "point_name": "寸又峡温泉入口地标",
        "remark": ""
      },
      "type": "Feature"
    },
    {
      "geometry": {
        "coordinates": [
          138.125609,
          35.17334
        ],
        "type": "Point"
      },
      "properties": {
        "bangumi_id": 405785,
        "bangumi_title": "摇曳露营△ 三期",
        "ep_cut": 6,
        "image_url": "https://w.junreimap.com/images/points/405785/4wtspqp_1757702447551.jpg",
        "location": "寸又峡（大井川）",
        "point_id": "4wtspqp",
        "point_name": "寸又峡温泉入口地标 700米外",
        "remark": "（大致坐标，非准确）按照官方导览书的说法，这个分镜距离入口地标只有700米，但我没找到这附近符合的道路。"
      },
      "type": "Feature"
    },
    {
      "geometry": {
        "coordinates": [
          138.121797,
          35.174149
        ],
        "type": "Point"
      },
      "properties": {
        "bangumi_id": 405785,
        "bangumi_title": "摇曳露营△ 三期",
        "ep_cut": 6,
        "image_url": "https://w.junreimap.com/images/user/0/bangumi/405785/points/k8yzad9gx-1715268545948.jpg",
        "location": "寸又峡（大井川）",
        "point_id": "k8yzad9gx",
        "point_name": "寸又峡公民館前公交车站",
        "remark": ""
      },
      "type": "Feature"
    },
    {
      "geometry": {
        "coordinates": [
          138.119029,
          35.175594
        ],
        "type": "Point"
      },
      "properties": {
        "bangumi_id": 405785,
        "bangumi_title": "摇曳露营△ 三期",
        "ep_cut": 6,
        "image_url": "https://w.junreimap.com/images/user/0/bangumi/405785/points/k91gb4c1m-1715274006833.jpg",
        "location": "寸又峡（大井川）",
        "point_id": "k91gb4c1m",
        "point_name": "寸又峡温泉バス発着場",
        "remark": ""
      },
      "type": "Feature"
    },
    {
      "geometry": {
        "coordinates": [
          138.120073,
          35.174754
        ],
        "type": "Point"
      },
      "properties": {
        "bangumi_id": 405785,
        "bangumi_title": "摇曳露营△ 三期",
        "ep_cut": 6,
        "image_url": "https://w.junreimap.com/images/points/405785/4wt9ztw_1757701575338.jpg",
        "location": "寸又峡（大井川）",
        "point_id": "4wt9ztw",
        "point_name": "SHOP&​CAFE​晴耕​雨読",
        "remark": "出售寸又峡伴手礼的纪念品店，有当地原创周边出售，附设有咖啡店。从巴士站步行约5分钟到达。营业时间10AM~日落，不定期休日，无停车场。"
      },
      "type": "Feature"
    },
    {
      "geometry": {
        "coordinates": [
          138.120075,
          35.174693
        ],
        "type": "Point"
      },
      "properties": {
        "bangumi_id": 405785,
        "bangumi_title": "摇曳露营△ 三期",
        "ep_cut": 6,
        "image_url": "https://w.junreimap.com/images/user/0/bangumi/405785/points/k8z5ipfga-1715269036897.jpg",
        "location": "寸又峡（大井川）",
        "point_id": "k8z5ipfga",
        "point_name": "SHOP&​CAFE​晴耕​雨読",
        "remark": ""
      },
      "type": "Feature"
    },
    {
      "geometry": {
        "coordinates": [
          138.118349,
          35.175861
        ],
        "type": "Point"
      },
      "properties": {
        "bangumi_id": 405785,
        "bangumi_title": "摇曳露营△ 三期",
        "ep_cut": 6,
        "image_url": "https://w.junreimap.com/images/user/0/bangumi/405785/points/k8yu9rduo-1715268238961.jpg",
        "location": "寸又峡（大井川）",
        "point_id": "k8yu9rduo",
        "point_name": "寸又峡温泉 求夢荘",
        "remark": ""
      },
      "type": "Feature"
    },
    {
      "geometry": {
        "coordinates": [
          138.11835,
          35.175888
        ],
        "type": "Point"
      },
      "properties": {
        "bangumi_id": 405785,
        "bangumi_title": "摇曳露营△ 三期",
        "ep_cut": 6,
        "image_url": "https://w.junreimap.com/images/points/405785/4wtg60t_1757701865955.jpg",
        "location": "寸又峡（大井川）",
        "point_id": "4wtg60t",
        "point_name": "寸又峡温泉 求夢荘",
        "remark": ""
      },
      "type": "Feature"
    },
    {
      "geometry": {
        "coordinates": [
          138.118373,
          35.175885
        ],
        "type": "Point"
      },
      "properties": {
        "bangumi_id": 405785,
        "bangumi_title": "摇曳露营△ 三期",
        "ep_cut": 6,
        "image_url": "https://w.junreimap.com/images/points/405785/4wtgwp8_1757701895957.jpg",
        "location": "寸又峡（大井川）",
        "point_id": "4wtgwp8",
        "point_name": "寸又峡温泉 求夢荘",
        "remark": ""
      },
      "type": "Feature"
    },
    {
      "geometry": {
        "coordinates": [
          138.118347,
          35.175909
        ],
        "type": "Point"
      },
      "properties": {
        "bangumi_id": 405785,
        "bangumi_title": "摇曳露营△ 三期",
        "ep_cut": 6,
        "image_url": "https://w.junreimap.com/images/points/405785/4wtgbr4_1757701868687.jpg",
        "location": "寸又峡（大井川）",
        "point_id": "4wtgbr4",
        "point_name": "寸又峡温泉 求夢荘",
        "remark": ""
      },
      "type": "Feature"
    },
    {
      "geometry": {
        "coordinates": [
          138.118366,
          35.175908
        ],
        "type": "Point"
      },
      "properties": {
        "bangumi_id": 405785,
        "bangumi_title": "摇曳露营△ 三期",
        "ep_cut": 6,
        "image_url": "https://w.junreimap.com/images/points/405785/4wtgdbn_1757701870581.jpg",
        "location": "寸又峡（大井川）",
        "point_id": "4wtgdbn",
        "point_name": "寸又峡温泉 求夢荘",
        "remark": ""
      },
      "type": "Feature"
    },
    {
      "geometry": {
        "coordinates": [
          138.118335,
          35.175889
        ],
        "type": "Point"
      },
      "properties": {
        "bangumi_id": 405785,
        "bangumi_title": "摇曳露营△ 三期",
        "ep_cut": 6,
        "image_url": "https://w.junreimap.com/images/points/405785/4wtgfh0_1757701873715.jpg",
        "location": "寸又峡（大井川）",
        "point_id": "4wtgfh0",
        "point_name": "寸又峡温泉 求夢荘",
        "remark": ""
      },
      "type": "Feature"
    },
    {
      "geometry": {
        "coordinates": [
          138.118319,
          35.17589
        ],
        "type": "Point"
      },
      "properties": {
        "bangumi_id": 405785,
        "bangumi_title": "摇曳露营△ 三期",
        "ep_cut": 6,
        "image_url": "https://w.junreimap.com/images/points/405785/4wtgibp_1757701877150.jpg",
        "location": "寸又峡（大井川）",
        "point_id": "4wtgibp",
        "point_name": "寸又峡温泉 求夢荘",
        "remark": ""
      },
      "type": "Feature"
    },
    {
      "geometry": {
        "coordinates": [
          138.118369,
          35.175858
        ],
        "type": "Point"
      },
      "properties": {
        "bangumi_id": 405785,
        "bangumi_title": "摇曳露营△ 三期",
        "ep_cut": 6,
        "image_url": "https://w.junreimap.com/images/points/405785/4wtgm4v_1757701882063.jpg",
        "location": "寸又峡（大井川）",
        "point_id": "4wtgm4v",
        "point_name": "寸又峡温泉 求夢荘",
        "remark": ""
      },
      "type": "Feature"
    },
    {
      "geometry": {
        "coordinates": [
          138.118327,
          35.175913
        ],
        "type": "Point"
      },
      "properties": {
        "bangumi_id": 405785,
        "bangumi_title": "摇曳露营△ 三期",
        "ep_cut": 6,
        "image_url": "https://w.junreimap.com/images/points/405785/4wtg1tg_1757701856389.jpg",
        "location": "寸又峡（大井川）",
        "point_id": "4wtg1tg",
        "point_name": "寸又峡温泉 求夢荘",
        "remark": ""
      },
      "type": "Feature"
    },
    {
      "geometry": {
        "coordinates": [
          138.118387,
          35.175743
        ],
        "type": "Point"
      },
      "properties": {
        "bangumi_id": 405785,
        "bangumi_title": "摇曳露营△ 三期",
        "ep_cut": 6,
        "image_url": "https://w.junreimap.com/images/points/405785/4wtbdfl_1757701637420.jpg",
        "location": "寸又峡（大井川）",
        "point_id": "4wtbdfl",
        "point_name": "手造り​の​店​さとう",
        "remark": "出售四季主题特色料理和名物的店铺，也出售当地伴手礼。抚子在这里吃的是浇了微辣甜味增酱的山药团子，两只500日元。营业时间9AM~5PM，不定期休日，无停车位。从巴士站步行约7分钟。"
      },
      "type": "Feature"
    },
    {
      "geometry": {
        "coordinates": [
          138.118274,
          35.175722
        ],
        "type": "Point"
      },
      "properties": {
        "bangumi_id": 405785,
        "bangumi_title": "摇曳露营△ 三期",
        "ep_cut": 6,
        "image_url": "https://w.junreimap.com/images/points/405785/4wtjhxj_1757702018248.jpg",
        "location": "寸又峡（大井川）",
        "point_id": "4wtjhxj",
        "point_name": "手造り​の​店​さとう",
        "remark": "出售四季主题特色料理和名物的店铺，也出售当地伴手礼。抚子在这里吃的是浇了微辣甜味增酱的山药团子，两只500日元。营业时间9AM~5PM，不定期休日，无停车位。从巴士站步行约7分钟。"
      },
      "type": "Feature"
    },
    {
      "geometry": {
        "coordinates": [
          138.118281,
          35.175765
        ],
        "type": "Point"
      },
      "properties": {
        "bangumi_id": 405785,
        "bangumi_title": "摇曳露营△ 三期",
        "ep_cut": 6,
        "image_url": "https://w.junreimap.com/images/user/0/bangumi/405785/points/k8zitozou-1715269746166.jpg",
        "location": "寸又峡（大井川）",
        "point_id": "k8zitozou",
        "point_name": "手造り​の​店​さとう",
        "remark": ""
      },
      "type": "Feature"
    },
    {
      "geometry": {
        "coordinates": [
          138.11831,
          35.175738
        ],
        "type": "Point"
      },
      "properties": {
        "bangumi_id": 405785,
        "bangumi_title": "摇曳露营△ 三期",
        "ep_cut": 6,
        "image_url": "https://w.junreimap.com/images/points/405785/4wtjrdp_1757702029495.jpg",
        "location": "寸又峡（大井川）",
        "point_id": "4wtjrdp",
        "point_name": "手造り​の​店​さとう",
        "remark": "出售四季主题特色料理和名物的店铺，也出售当地伴手礼。抚子在这里吃的是浇了微辣甜味增酱的山药团子，两只500日元。营业时间9AM~5PM，不定期休日，无停车位。从巴士站步行约7分钟。"
      },
      "type": "Feature"
    },
    {
      "geometry": {
        "coordinates": [
          138.118316,
          35.175758
        ],
        "type": "Point"
      },
      "properties": {
        "bangumi_id": 405785,
        "bangumi_title": "摇曳露营△ 三期",
        "ep_cut": 6,
        "image_url": "https://w.junreimap.com/images/points/405785/4wtk02i_1757702040361.jpg",
        "location": "寸又峡（大井川）",
        "point_id": "4wtk02i",
        "point_name": "手造り​の​店​さとう",
        "remark": "出售四季主题特色料理和名物的店铺，也出售当地伴手礼。抚子在这里吃的是浇了微辣甜味增酱的山药团子，两只500日元。营业时间9AM~5PM，不定期休日，无停车位。从巴士站步行约7分钟。"
      },
      "type": "Feature"
    },
    {
      "geometry": {
        "coordinates": [
          138.118025,
          35.175859
        ],
        "type": "Point"
      },
      "properties": {
        "bangumi_id": 405785,
        "bangumi_title": "摇曳露营△ 三期",
        "ep_cut": 6,
        "image_url": "https://w.junreimap.com/images/points/405785/4wtlt1f_1757702124289.jpg",
        "location": "寸又峡（大井川）",
        "point_id": "4wtlt1f",
        "point_name": "晴耕雨読ヴィレッジ 前",
        "remark": "可以同时享用温泉足汤和甜品咖啡的咖啡馆，作品中享用的甜品套餐是原创拼配饮品，售价1100日元（单球1000日元）。营业时间11AM~日落。周五~周一营业（冬季休业，需提前确认）。无停车位。电话+81547592333。似乎也提供住宿？"
      },
      "type": "Feature"
    },
    {
      "geometry": {
        "coordinates": [
          138.118066,
          35.175832
        ],
        "type": "Point"
      },
      "properties": {
        "bangumi_id": 405785,
        "bangumi_title": "摇曳露营△ 三期",
        "ep_cut": 6,
        "image_url": "https://w.junreimap.com/images/user/0/bangumi/405785/points/k8zn642ff-1715269970760.jpg",
        "location": "寸又峡（大井川）",
        "point_id": "k8zn642ff",
        "point_name": "晴耕雨読ヴィレッジ 前",
        "remark": "可以同时享用温泉足汤和甜品咖啡的咖啡馆，作品中享用的甜品套餐是原创拼配饮品，售价1100日元（单球1000日元）。营业时间11AM~日落。周五~周一营业（冬季休业，需提前确认）。无停车位。电话+81547592333。似乎也提供住宿？"
      },
      "type": "Feature"
    },
    {
      "geometry": {
        "coordinates": [
          138.118102,
          35.175806
        ],
        "type": "Point"
      },
      "properties": {
        "bangumi_id": 405785,
        "bangumi_title": "摇曳露营△ 三期",
        "ep_cut": 6,
        "image_url": "https://w.junreimap.com/images/points/405785/4wtm3jm_1757702138143.jpg",
        "location": "寸又峡（大井川）",
        "point_id": "4wtm3jm",
        "point_name": "晴耕雨読ヴィレッジ 前",
        "remark": "可以同时享用温泉足汤和甜品咖啡的咖啡馆，作品中享用的甜品套餐是原创拼配饮品，售价1100日元（单球1000日元）。营业时间11AM~日落。周五~周一营业（冬季休业，需提前确认）。无停车位。电话+81547592333。似乎也提供住宿？"
      },
      "type": "Feature"
    },
    {
      "geometry": {
        "coordinates": [
          138.11812,
          35.175875
        ],
        "type": "Point"
      },
      "properties": {
        "bangumi_id": 405785,
        "bangumi_title": "摇曳露营△ 三期",
        "ep_cut": 6,
        "image_url": "https://w.junreimap.com/images/points/405785/4wtm5jj_1757702140622.jpg",
        "location": "寸又峡（大井川）",
        "point_id": "4wtm5jj",
        "point_name": "晴耕雨読ヴィレッジ 前",
        "remark": "可以同时享用温泉足汤和甜品咖啡的咖啡馆，作品中享用的甜品套餐是原创拼配饮品，售价1100日元（单球1000日元）。营业时间11AM~日落。周五~周一营业（冬季休业，需提前确认）。无停车位。电话+81547592333。似乎也提供住宿？"
      },
      "type": "Feature"
    },
    {
      "geometry": {
        "coordinates": [
          138.118091,
          35.175812
        ],
        "type": "Point"
      },
      "properties": {
        "bangumi_id": 405785,
        "bangumi_title": "摇曳露营△ 三期",
        "ep_cut": 6,
        "image_url": "https://w.junreimap.com/images/points/405785/4wtkozx_1757702072655.jpg",
        "location": "寸又峡（大井川）",
        "point_id": "4wtkozx",
        "point_name": "晴耕雨読ヴィレッジ 前",
        "remark": "可以同时享用温泉足汤和甜品咖啡的咖啡馆，作品中享用的甜品套餐是原创拼配饮品，售价1100日元（单球1000日元）。营业时间11AM~日落。周五~周一营业（冬季休业，需提前确认）。无停车位。电话+81547592333。似乎也提供住宿？"
      },
      "type": "Feature"
    },
    {
      "geometry": {
        "coordinates": [
          138.118036,
          35.175804
        ],
        "type": "Point"
      },
      "properties": {
        "bangumi_id": 405785,
        "bangumi_title": "摇曳露营△ 三期",
        "ep_cut": 6,
        "image_url": "https://w.junreimap.com/images/points/405785/4wtl3mz_1757702091460.jpg",
        "location": "寸又峡（大井川）",
        "point_id": "4wtl3mz",
        "point_name": "晴耕雨読ヴィレッジ",
        "remark": "可以同时享用温泉足汤和甜品咖啡的咖啡馆，作品中享用的甜品套餐是原创拼配饮品，售价1100日元（单球1000日元）。营业时间11AM~日落。周五~周一营业（冬季休业，需提前确认）。无停车位。电话+81547592333。似乎也提供住宿？"
      },
      "type": "Feature"
    },
    {
      "geometry": {
        "coordinates": [
          138.118055,
          35.175815
        ],
        "type": "Point"
      },
      "properties": {
        "bangumi_id": 405785,
        "bangumi_title": "摇曳露营△ 三期",
        "ep_cut": 6,
        "image_url": "https://w.junreimap.com/images/points/405785/4wtm10q_1757702134782.jpg",
        "location": "寸又峡（大井川）",
        "point_id": "4wtm10q",
        "point_name": "晴耕雨読ヴィレッジ",
        "remark": "可以同时享用温泉足汤和甜品咖啡的咖啡馆，作品中享用的甜品套餐是原创拼配饮品，售价1100日元（单球1000日元）。营业时间11AM~日落。周五~周一营业（冬季休业，需提前确认）。无停车位。电话+81547592333。似乎也提供住宿？"
      },
      "type": "Feature"
    },
    {
      "geometry": {
        "coordinates": [
          138.118056,
          35.175789
        ],
        "type": "Point"
      },
      "properties": {
        "bangumi_id": 405785,
        "bangumi_title": "摇曳露营△ 三期",
        "ep_cut": 6,
        "image_url": "https://w.junreimap.com/images/points/405785/4wtl5ak_1757702093819.jpg",
        "location": "寸又峡（大井川）",
        "point_id": "4wtl5ak",
        "point_name": "晴耕雨読ヴィレッジ",
        "remark": "可以同时享用温泉足汤和甜品咖啡的咖啡馆，作品中享用的甜品套餐是原创拼配饮品，售价1100日元（单球1000日元）。营业时间11AM~日落。周五~周一营业（冬季休业，需提前确认）。无停车位。电话+81547592333。似乎也提供住宿？"
      },
      "type": "Feature"
    },
    {
      "geometry": {
        "coordinates": [
          138.118079,
          35.175777
        ],
        "type": "Point"
      },
      "properties": {
        "bangumi_id": 405785,
        "bangumi_title": "摇曳露营△ 三期",
        "ep_cut": 6,
        "image_url": "https://w.junreimap.com/images/points/405785/4wtldl1_1757702104303.jpg",
        "location": "寸又峡（大井川）",
        "point_id": "4wtldl1",
        "point_name": "晴耕雨読ヴィレッジ",
        "remark": "可以同时享用温泉足汤和甜品咖啡的咖啡馆，作品中享用的甜品套餐是原创拼配饮品，售价1100日元（单球1000日元）。营业时间11AM~日落。周五~周一营业（冬季休业，需提前确认）。无停车位。电话+81547592333。似乎也提供住宿？"
      },
      "type": "Feature"
    },
    {
      "geometry": {
        "coordinates": [
          138.118014,
          35.175815
        ],
        "type": "Point"
      },
      "properties": {
        "bangumi_id": 405785,
        "bangumi_title": "摇曳露营△ 三期",
        "ep_cut": 6,
        "image_url": "https://w.junreimap.com/images/points/405785/4wtlfkp_1757702106877.jpg",
        "location": "寸又峡（大井川）",
        "point_id": "4wtlfkp",
        "point_name": "晴耕雨読ヴィレッジ",
        "remark": "可以同时享用温泉足汤和甜品咖啡的咖啡馆，作品中享用的甜品套餐是原创拼配饮品，售价1100日元（单球1000日元）。营业时间11AM~日落。周五~周一营业（冬季休业，需提前确认）。无停车位。电话+81547592333。似乎也提供住宿？"
      },
      "type": "Feature"
    },
    {
      "geometry": {
        "coordinates": [
          138.117997,
          35.175833
        ],
        "type": "Point"
      },
      "properties": {
        "bangumi_id": 405785,
        "bangumi_title": "摇曳露营△ 三期",
        "ep_cut": 6,
        "image_url": "https://w.junreimap.com/images/points/405785/4wtlie7_1757702110429.jpg",
        "location": "寸又峡（大井川）",
        "point_id": "4wtlie7",
        "point_name": "晴耕雨読ヴィレッジ",
        "remark": "可以同时享用温泉足汤和甜品咖啡的咖啡馆，作品中享用的甜品套餐是原创拼配饮品，售价1100日元（单球1000日元）。营业时间11AM~日落。周五~周一营业（冬季休业，需提前确认）。无停车位。电话+81547592333。似乎也提供住宿？"
      },
      "type": "Feature"
    },
    {
      "geometry": {
        "coordinates": [
          138.117974,
          35.175851
        ],
        "type": "Point"
      },
      "properties": {
        "bangumi_id": 405785,
        "bangumi_title": "摇曳露营△ 三期",
        "ep_cut": 6,
        "image_url": "https://w.junreimap.com/images/points/405785/4wtlkck_1757702113673.jpg",
        "location": "寸又峡（大井川）",
        "point_id": "4wtlkck",
        "point_name": "晴耕雨読ヴィレッジ",
        "remark": "刀客塔视角"
      },
      "type": "Feature"
    },
    {
      "geometry": {
        "coordinates": [
          138.118046,
          35.175843
        ],
        "type": "Point"
      },
      "properties": {
        "bangumi_id": 405785,
        "bangumi_title": "摇曳露营△ 三期",
        "ep_cut": 6,
        "image_url": "https://w.junreimap.com/images/points/405785/4wtlnj1_1757702117342.jpg",
        "location": "寸又峡（大井川）",
        "point_id": "4wtlnj1",
        "point_name": "晴耕雨読ヴィレッジ",
        "remark": "可以同时享用温泉足汤和甜品咖啡的咖啡馆，作品中享用的甜品套餐是原创拼配饮品，售价1100日元（单球1000日元）。营业时间11AM~日落。周五~周一营业（冬季休业，需提前确认）。无停车位。电话+81547592333。似乎也提供住宿？"
      },
      "type": "Feature"
    },
    {
      "geometry": {
        "coordinates": [
          138.118007,
          35.175791
        ],
        "type": "Point"
      },
      "properties": {
        "bangumi_id": 405785,
        "bangumi_title": "摇曳露营△ 三期",
        "ep_cut": 6,
        "image_url": "https://w.junreimap.com/images/user/0/bangumi/405785/points/k8zpts5v5-1715270099531.jpg",
        "location": "寸又峡（大井川）",
        "point_id": "k8zpts5v5",
        "point_name": "晴耕雨読ヴィレッジ",
        "remark": "可以同时享用温泉足汤和甜品咖啡的咖啡馆，作品中享用的甜品套餐是原创拼配饮品，售价1100日元（单球1000日元）。营业时间11AM~日落。周五~周一营业（冬季休业，需提前确认）。无停车位。电话+81547592333。似乎也提供住宿？"
      },
      "type": "Feature"
    },
    {
      "geometry": {
        "coordinates": [
          138.117985,
          35.17584
        ],
        "type": "Point"
      },
      "properties": {
        "bangumi_id": 405785,
        "bangumi_title": "摇曳露营△ 三期",
        "ep_cut": 6,
        "image_url": "https://w.junreimap.com/images/points/405785/4wtlq07_1757702120483.jpg",
        "location": "寸又峡（大井川）",
        "point_id": "4wtlq07",
        "point_name": "晴耕雨読ヴィレッジ",
        "remark": "这家店似乎没有提供披萨？只有司康、果酱面包和汉堡套餐来着？"
      },
      "type": "Feature"
    },
    {
      "geometry": {
        "coordinates": [
          138.12269,
          35.173752
        ],
        "type": "Point"
      },
      "properties": {
        "bangumi_id": 405785,
        "bangumi_title": "摇曳露营△ 三期",
        "ep_cut": 6,
        "image_url": "https://w.junreimap.com/images/points/405785/4wucvuh_1757703399523.jpg",
        "location": "寸又峡（大井川）",
        "point_id": "4wucvuh",
        "point_name": "翠紅苑",
        "remark": "当地旅店，有露天温泉和用当地特产烹饪的料理。1泊2食13900日元起。IN 14时/OUT10时。有停车位20台。有洋室和和室两种房型可供选择。电话0547-59-3100。"
      },
      "type": "Feature"
    },
    {
      "geometry": {
        "coordinates": [
          138.117999,
          35.17603
        ],
        "type": "Point"
      },
      "properties": {
        "bangumi_id": 405785,
        "bangumi_title": "摇曳露营△ 三期",
        "ep_cut": 6,
        "image_url": "https://w.junreimap.com/images/points/405785/4wu6t56_1757703113112.jpg",
        "location": "寸又峡（大井川）",
        "point_id": "4wu6t56",
        "point_name": "露天​風呂​美女​づくり​の​湯",
        "remark": ""
      },
      "type": "Feature"
    },
    {
      "geometry": {
        "coordinates": [
          138.117988,
          35.176015
        ],
        "type": "Point"
      },
      "properties": {
        "bangumi_id": 405785,
        "bangumi_title": "摇曳露营△ 三期",
        "ep_cut": "",
        "image_url": "https://w.junreimap.com/images/points/405785/4wu7jn0_1757703164591.jpg",
        "location": "寸又峡（大井川）",
        "point_id": "4wu7jn0",
        "point_name": "露天​風呂​美女​づくり​の​湯",
        "remark": ""
      },
      "type": "Feature"
    },
    {
      "geometry": {
        "coordinates": [
          138.117839,
          35.176143
        ],
        "type": "Point"
      },
      "properties": {
        "bangumi_id": 405785,
        "bangumi_title": "摇曳露营△ 三期",
        "ep_cut": 6,
        "image_url": "https://w.junreimap.com/images/user/0/bangumi/405785/points/k9079w20b-1715271159090.jpg",
        "location": "寸又峡（大井川）",
        "point_id": "k9079w20b",
        "point_name": "寸又峡温泉场景一",
        "remark": ""
      },
      "type": "Feature"
    },
    {
      "geometry": {
        "coordinates": [
          138.117787,
          35.176193
        ],
        "type": "Point"
      },
      "properties": {
        "bangumi_id": 405785,
        "bangumi_title": "摇曳露营△ 三期",
        "ep_cut": 6,
        "image_url": "https://w.junreimap.com/images/user/0/bangumi/405785/points/k906994uz-1715271115396.jpg",
        "location": "寸又峡（大井川）",
        "point_id": "k906994uz",
        "point_name": "寸又峡温泉场景二",
        "remark": ""
      },
      "type": "Feature"
    },
    {
      "geometry": {
        "coordinates": [
          138.117761,
          35.176383
        ],
        "type": "Point"
      },
      "properties": {
        "bangumi_id": 405785,
        "bangumi_title": "摇曳露营△ 三期",
        "ep_cut": 6,
        "image_url": "https://w.junreimap.com/images/user/0/bangumi/405785/points/k909poenh-1715271320182.jpg",
        "location": "寸又峡（大井川）",
        "point_id": "k909poenh",
        "point_name": "寸又峡温泉场景三",
        "remark": ""
      },
      "type": "Feature"
    },
    {
      "geometry": {
        "coordinates": [
          138.122156,
          35.181218
        ],
        "type": "Point"
      },
      "properties": {
        "bangumi_id": 405785,
        "bangumi_title": "摇曳露营△ 三期",
        "ep_cut": 3,
        "image_url": "https://w.junreimap.com/images/user/0/bangumi/405785/points/k90dqvle2-1715271571167.jpg",
        "location": "寸又峡（大井川）",
        "point_id": "k90dqvle2",
        "point_name": "猿並橋",
        "remark": ""
      },
      "type": "Feature"
    },
    {
      "geometry": {
        "coordinates": [
          138.117526,
          35.181736
        ],
        "type": "Point"
      },
      "properties": {
        "bangumi_id": 405785,
        "bangumi_title": "摇曳露营△ 三期",
        "ep_cut": 6,
        "image_url": "https://w.junreimap.com/images/user/0/bangumi/405785/points/k90h6zwin-1715271816603.jpg",
        "location": "寸又峡（大井川）",
        "point_id": "k90h6zwin",
        "point_name": "梦幻吊桥途中隧道",
        "remark": ""
      },
      "type": "Feature"
    },
    {
      "geometry": {
        "coordinates": [
          138.11491,
          35.181557
        ],
        "type": "Point"
      },
      "properties": {
        "bangumi_id": 405785,
        "bangumi_title": "摇曳露营△ 三期",
        "ep_cut": 6,
        "image_url": "https://w.junreimap.com/images/points/405785/4wuy2pt_1757704377004.jpg",
        "location": "寸又峡（大井川）",
        "point_id": "4wuy2pt",
        "point_name": "大間ダム 管理处",
        "remark": "（待验证坐标）这个管理处是用卫星图找的，不是很确定就是这栋。也可能在北侧。"
      },
      "type": "Feature"
    },
    {
      "geometry": {
        "coordinates": [
          138.112545,
          35.180905
        ],
        "type": "Point"
      },
      "properties": {
        "bangumi_id": 405785,
        "bangumi_title": "摇曳露营△ 三期",
        "ep_cut": 6,
        "image_url": "https://w.junreimap.com/images/points/405785/4wumvml_1757703853947.jpg",
        "location": "寸又峡（大井川）",
        "point_id": "4wumvml",
        "point_name": "寸又峡 夢のつり橋 东侧",
        "remark": "架设在大间水坝上游、寸又川和大间川汇合处的吊桥，从巴士站步行约30分钟到达。入场需要缴纳寸又峡保护协力金500日元。全年无休，无停车场，7AM~5PM开放（4PM最后入场时间，可能因天气、季节原因提前关闭）"
      },
      "type": "Feature"
    },
    {
      "geometry": {
        "coordinates": [
          138.11282,
          35.180943
        ],
        "type": "Point"
      },
      "properties": {
        "bangumi_id": 405785,
        "bangumi_title": "摇曳露营△ 三期",
        "ep_cut": 6,
        "image_url": "https://w.junreimap.com/images/user/0/bangumi/405785/points/k90jadh1c-1715271887691.jpg",
        "location": "寸又峡（大井川）",
        "point_id": "k90jadh1c",
        "point_name": "寸又峡 夢のつり橋 东侧",
        "remark": ""
      },
      "type": "Feature"
    },
    {
      "geometry": {
        "coordinates": [
          138.112534,
          35.181022
        ],
        "type": "Point"
      },
      "properties": {
        "bangumi_id": 405785,
        "bangumi_title": "摇曳露营△ 三期",
        "ep_cut": 6,
        "image_url": "https://w.junreimap.com/images/points/405785/4wunacp_1757703893614.jpg",
        "location": "寸又峡（大井川）",
        "point_id": "4wunacp",
        "point_name": "寸又峡 夢のつり橋 下方",
        "remark": "架设在大间水坝上游、寸又川和大间川汇合处的吊桥，从巴士站步行约30分钟到达。入场需要缴纳寸又峡保护协力金500日元。全年无休，无停车场，7AM~5PM开放（4PM最后入场时间，可能因天气、季节原因提前关闭）"
      },
      "type": "Feature"
    },
    {
      "geometry": {
        "coordinates": [
          138.112486,
          35.181057
        ],
        "type": "Point"
      },
      "properties": {
        "bangumi_id": 405785,
        "bangumi_title": "摇曳露营△ 三期",
        "ep_cut": 6,
        "image_url": "https://w.junreimap.com/images/points/405785/4wunsoc_1757703896939.jpg",
        "location": "寸又峡（大井川）",
        "point_id": "4wunsoc",
        "point_name": "寸又峡 夢のつり橋 桥上",
        "remark": "架设在大间水坝上游、寸又川和大间川汇合处的吊桥，从巴士站步行约30分钟到达。入场需要缴纳寸又峡保护协力金500日元。全年无休，无停车场，7AM~5PM开放（4PM最后入场时间，可能因天气、季节原因提前关闭）"
      },
      "type": "Feature"
    },
    {
      "geometry": {
        "coordinates": [
          138.112362,
          35.181028
        ],
        "type": "Point"
      },
      "properties": {
        "bangumi_id": 405785,
        "bangumi_title": "摇曳露营△ 三期",
        "ep_cut": "OP1",
        "image_url": "https://w.junreimap.com/images/points/405785/4wunc7d_1757703875790.jpg",
        "location": "寸又峡（大井川）",
        "point_id": "4wunc7d",
        "point_name": "寸又峡 夢のつり橋 桥上",
        "remark": "架设在大间水坝上游、寸又川和大间川汇合处的吊桥，从巴士站步行约30分钟到达。入场需要缴纳寸又峡保护协力金500日元。全年无休，无停车场，7AM~5PM开放（4PM最后入场时间，可能因天气、季节原因提前关闭）"
      },
      "type": "Feature"
    },
    {
      "geometry": {
        "coordinates": [
          138.112324,
          35.181061
        ],
        "type": "Point"
      },
      "properties": {
        "bangumi_id": 405785,
        "bangumi_title": "摇曳露营△ 三期",
        "ep_cut": 6,
        "image_url": "https://w.junreimap.com/images/points/405785/4wuo2ok_1757703909832.jpg",
        "location": "寸又峡（大井川）",
        "point_id": "4wuo2ok",
        "point_name": "寸又峡 夢のつり橋 桥上",
        "remark": "架设在大间水坝上游、寸又川和大间川汇合处的吊桥，从巴士站步行约30分钟到达。入场需要缴纳寸又峡保护协力金500日元。全年无休，无停车场，7AM~5PM开放（4PM最后入场时间，可能因天气、季节原因提前关闭）"
      },
      "type": "Feature"
    },
    {
      "geometry": {
        "coordinates": [
          138.112272,
          35.181098
        ],
        "type": "Point"
      },
      "properties": {
        "bangumi_id": 405785,
        "bangumi_title": "摇曳露营△ 三期",
        "ep_cut": 6,
        "image_url": "https://w.junreimap.com/images/points/405785/4wuo8o7_1757703917644.jpg",
        "location": "寸又峡（大井川）",
        "point_id": "4wuo8o7",
        "point_name": "寸又峡 夢のつり橋 桥上",
        "remark": "架设在大间水坝上游、寸又川和大间川汇合处的吊桥，从巴士站步行约30分钟到达。入场需要缴纳寸又峡保护协力金500日元。全年无休，无停车场，7AM~5PM开放（4PM最后入场时间，可能因天气、季节原因提前关闭）"
      },
      "type": "Feature"
    },
    {
      "geometry": {
        "coordinates": [
          138.112307,
          35.181079
        ],
        "type": "Point"
      },
      "properties": {
        "bangumi_id": 405785,
        "bangumi_title": "摇曳露营△ 三期",
        "ep_cut": 6,
        "image_url": "https://w.junreimap.com/images/points/405785/4wuownx_1757703950296.jpg",
        "location": "寸又峡（大井川）",
        "point_id": "4wuownx",
        "point_name": "寸又峡 夢のつり橋 桥上",
        "remark": "此处东北望大間水坝。"
      },
      "type": "Feature"
    },
    {
      "geometry": {
        "coordinates": [
          138.112656,
          35.181348
        ],
        "type": "Point"
      },
      "properties": {
        "bangumi_id": 405785,
        "bangumi_title": "摇曳露营△ 三期",
        "ep_cut": 6,
        "image_url": "https://w.junreimap.com/images/points/405785/4wun2xy_1757703863406.jpg",
        "location": "寸又峡（大井川）",
        "point_id": "4wun2xy",
        "point_name": "寸又峡 夢のつり橋 桥上",
        "remark": "架设在大间水坝上游、寸又川和大间川汇合处的吊桥，从巴士站步行约30分钟到达。入场需要缴纳寸又峡保护协力金500日元。全年无休，无停车场，7AM~5PM开放（4PM最后入场时间，可能因天气、季节原因提前关闭）"
      },
      "type": "Feature"
    },
    {
      "geometry": {
        "coordinates": [
          138.112409,
          35.180996
        ],
        "type": "Point"
      },
      "properties": {
        "bangumi_id": 405785,
        "bangumi_title": "摇曳露营△ 三期",
        "ep_cut": 6,
        "image_url": "https://w.junreimap.com/images/points/405785/4wun58v_1757703866462.jpg",
        "location": "寸又峡（大井川）",
        "point_id": "4wun58v",
        "point_name": "寸又峡 夢のつり橋 桥上",
        "remark": "架设在大间水坝上游、寸又川和大间川汇合处的吊桥，从巴士站步行约30分钟到达。入场需要缴纳寸又峡保护协力金500日元。全年无休，无停车场，7AM~5PM开放（4PM最后入场时间，可能因天气、季节原因提前关闭）"
      },
      "type": "Feature"
    },
    {
      "geometry": {
        "coordinates": [
          138.111971,
          35.181357
        ],
        "type": "Point"
      },
      "properties": {
        "bangumi_id": 405785,
        "bangumi_title": "摇曳露营△ 三期",
        "ep_cut": 6,
        "image_url": "https://w.junreimap.com/images/points/405785/4wv64e4_1757704775710.jpg",
        "location": "寸又峡（大井川）",
        "point_id": "4wv64e4",
        "point_name": "寸又峡 夢のつり橋 西侧",
        "remark": "架设在大间水坝上游、寸又川和大间川汇合处的吊桥，从巴士站步行约30分钟到达。入场需要缴纳寸又峡保护协力金500日元。全年无休，无停车场，7AM~5PM开放（4PM最后入场时间，可能因天气、季节原因提前关闭）"
      },
      "type": "Feature"
    },
    {
      "geometry": {
        "coordinates": [
          138.111925,
          35.181339
        ],
        "type": "Point"
      },
      "properties": {
        "bangumi_id": 405785,
        "bangumi_title": "摇曳露营△ 三期",
        "ep_cut": 6,
        "image_url": "https://w.junreimap.com/images/points/405785/4wv6pwu_1757704779741.jpg",
        "location": "寸又峡（大井川）",
        "point_id": "4wv6pwu",
        "point_name": "寸又峡 夢のつり橋 西侧",
        "remark": "架设在大间水坝上游、寸又川和大间川汇合处的吊桥，从巴士站步行约30分钟到达。入场需要缴纳寸又峡保护协力金500日元。全年无休，无停车场，7AM~5PM开放（4PM最后入场时间，可能因天气、季节原因提前关闭）"
      },
      "type": "Feature"
    },
    {
      "geometry": {
        "coordinates": [
          138.11194,
          35.181374
        ],
        "type": "Point"
      },
      "properties": {
        "bangumi_id": 405785,
        "bangumi_title": "摇曳露营△ 三期",
        "ep_cut": 6,
        "image_url": "https://w.junreimap.com/images/points/405785/4wv6ro9_1757704782044.jpg",
        "location": "寸又峡（大井川）",
        "point_id": "4wv6ro9",
        "point_name": "寸又峡 夢のつり橋 西侧",
        "remark": "架设在大间水坝上游、寸又川和大间川汇合处的吊桥，从巴士站步行约30分钟到达。入场需要缴纳寸又峡保护协力金500日元。全年无休，无停车场，7AM~5PM开放（4PM最后入场时间，可能因天气、季节原因提前关闭）"
      },
      "type": "Feature"
    },
    {
      "geometry": {
        "coordinates": [
          138.111899,
          35.181463
        ],
        "type": "Point"
      },
      "properties": {
        "bangumi_id": 405785,
        "bangumi_title": "摇曳露营△ 三期",
        "ep_cut": 6,
        "image_url": "https://w.junreimap.com/images/points/405785/4wv81je_1757704859239.jpg",
        "location": "寸又峡（大井川）",
        "point_id": "4wv81je",
        "point_name": "心脏破坏阶梯",
        "remark": "因为夢のつり橋是单行通道，所以回去的时候必须登上心脏破坏阶梯到达寸又峡渓谷尾崎坂展望台。顺便一提，这个阶梯一共有304级，非常陡峭，或许这就是为什么叫做心脏破坏阶梯2333"
      },
      "type": "Feature"
    },
    {
      "geometry": {
        "coordinates": [
          138.111862,
          35.181506
        ],
        "type": "Point"
      },
      "properties": {
        "bangumi_id": 405785,
        "bangumi_title": "摇曳露营△ 三期",
        "ep_cut": 6,
        "image_url": "https://w.junreimap.com/images/points/405785/4wv8i8b_1757704863137.jpg",
        "location": "寸又峡（大井川）",
        "point_id": "4wv8i8b",
        "point_name": "心脏破坏阶梯",
        "remark": "因为夢のつり橋是单行通道，所以回去的时候必须登上心脏破坏阶梯到达寸又峡渓谷尾崎坂展望台。顺便一提，这个阶梯一共有304级，非常陡峭，或许这就是为什么叫做心脏破坏阶梯2333"
      },
      "type": "Feature"
    },
    {
      "geometry": {
        "coordinates": [
          138.111813,
          35.18154
        ],
        "type": "Point"
      },
      "properties": {
        "bangumi_id": 405785,
        "bangumi_title": "摇曳露营△ 三期",
        "ep_cut": 6,
        "image_url": "https://w.junreimap.com/images/points/405785/4wv8kta_1757704868232.jpg",
        "location": "寸又峡（大井川）",
        "point_id": "4wv8kta",
        "point_name": "心脏破坏阶梯",
        "remark": "因为夢のつり橋是单行通道，所以回去的时候必须登上心脏破坏阶梯到达寸又峡渓谷尾崎坂展望台。顺便一提，这个阶梯一共有304级，非常陡峭，或许这就是为什么叫做心脏破坏阶梯2333"
      },
      "type": "Feature"
    },
    {
      "geometry": {
        "coordinates": [
          138.111756,
          35.181583
        ],
        "type": "Point"
      },
      "properties": {
        "bangumi_id": 405785,
        "bangumi_title": "摇曳露营△ 三期",
        "ep_cut": 6,
        "image_url": "https://w.junreimap.com/images/points/405785/4wv8obn_1757704870994.jpg",
        "location": "寸又峡（大井川）",
        "point_id": "4wv8obn",
        "point_name": "心脏破坏阶梯",
        "remark": "因为夢のつり橋是单行通道，所以回去的时候必须登上心脏破坏阶梯到达寸又峡渓谷尾崎坂展望台。顺便一提，这个阶梯一共有304级，非常陡峭，或许这就是为什么叫做心脏破坏阶梯2333"
      },
      "type": "Feature"
    },
    {
      "geometry": {
        "coordinates": [
          138.111706,
          35.181628
        ],
        "type": "Point"
      },
      "properties": {
        "bangumi_id": 405785,
        "bangumi_title": "摇曳露营△ 三期",
        "ep_cut": 6,
        "image_url": "https://w.junreimap.com/images/points/405785/4wv8qze_1757704874390.jpg",
        "location": "寸又峡（大井川）",
        "point_id": "4wv8qze",
        "point_name": "心脏破坏阶梯",
        "remark": "因为夢のつり橋是单行通道，所以回去的时候必须登上心脏破坏阶梯到达寸又峡渓谷尾崎坂展望台。顺便一提，这个阶梯一共有304级，非常陡峭，或许这就是为什么叫做心脏破坏阶梯2333"
      },
      "type": "Feature"
    },
    {
      "geometry": {
        "coordinates": [
          138.111648,
          35.181683
        ],
        "type": "Point"
      },
      "properties": {
        "bangumi_id": 405785,
        "bangumi_title": "摇曳露营△ 三期",
        "ep_cut": 6,
        "image_url": "https://w.junreimap.com/images/points/405785/4wv8tr0_1757704877994.jpg",
        "location": "寸又峡（大井川）",
        "point_id": "4wv8tr0",
        "point_name": "心脏破坏阶梯",
        "remark": "因为夢のつり橋是单行通道，所以回去的时候必须登上心脏破坏阶梯到达寸又峡渓谷尾崎坂展望台。顺便一提，这个阶梯一共有304级，非常陡峭，或许这就是为什么叫做心脏破坏阶梯2333"
      },
      "type": "Feature"
    },
    {
      "geometry": {
        "coordinates": [
          138.111577,
          35.181744
        ],
        "type": "Point"
      },
      "properties": {
        "bangumi_id": 405785,
        "bangumi_title": "摇曳露营△ 三期",
        "ep_cut": 6,
        "image_url": "https://w.junreimap.com/images/points/405785/4wv8yos_1757704884402.jpg",
        "location": "寸又峡（大井川）",
        "point_id": "4wv8yos",
        "point_name": "寸又峡渓谷尾崎坂展望台",
        "remark": "游步道最上方的广场，开放时间、休日、停车场和梦之吊桥相同。在这里可以眺望寸又峡谷，非常震撼。"
      },
      "type": "Feature"
    },
    {
      "geometry": {
        "coordinates": [
          138.119456,
          35.175201
        ],
        "type": "Point"
      },
      "properties": {
        "bangumi_id": 405785,
        "bangumi_title": "摇曳露营△ 三期",
        "ep_cut": 6,
        "image_url": "https://w.junreimap.com/images/points/405785/4wvd370_1757705076866.jpg",
        "location": "寸又峡（大井川）",
        "point_id": "4wvd370",
        "point_name": "紅竹食堂",
        "remark": "这里三人品尝的是该点招牌——名物·溪流荞麦面！售价1800日元！这是由山女鱼（香鱼）炸物和山菜等当地食材制作的溪流荞麦面。营业时间10.30~售完即止（平日15份，周末/节假日30份）。周四定休，有4台停车位。"
      },
      "type": "Feature"
    },
    {
      "geometry": {
        "coordinates": [
          138.119474,
          35.175173
        ],
        "type": "Point"
      },
      "properties": {
        "bangumi_id": 405785,
        "bangumi_title": "摇曳露营△ 三期",
        "ep_cut": 6,
        "image_url": "https://w.junreimap.com/images/points/405785/4wvdyol_1757705117794.jpg",
        "location": "寸又峡（大井川）",
        "point_id": "4wvdyol",
        "point_name": "紅竹食堂",
        "remark": "这里三人品尝的是该点招牌——名物·溪流荞麦面！售价1800日元！这是由山女鱼（香鱼）炸物和山菜等当地食材制作的溪流荞麦面。营业时间10.30~售完即止（平日15份，周末/节假日30份）。周四定休，有4台停车位。"
      },
      "type": "Feature"
    },
    {
      "geometry": {
        "coordinates": [
          138.119558,
          35.175233
        ],
        "type": "Point"
      },
      "properties": {
        "bangumi_id": 405785,
        "bangumi_title": "摇曳露营△ 三期",
        "ep_cut": 6,
        "image_url": "https://w.junreimap.com/images/user/0/bangumi/405785/points/k91aidkeg-1715273530364.jpg",
        "location": "寸又峡（大井川）",
        "point_id": "k91aidkeg",
        "point_name": "紅竹食堂",
        "remark": ""
      },
      "type": "Feature"
    },
    {
      "geometry": {
        "coordinates": [
          138.119444,
          35.175229
        ],
        "type": "Point"
      },
      "properties": {
        "bangumi_id": 405785,
        "bangumi_title": "摇曳露营△ 三期",
        "ep_cut": 6,
        "image_url": "https://w.junreimap.com/images/points/405785/4wvd6e0_1757705191933.jpg",
        "location": "寸又峡（大井川）",
        "point_id": "4wvd6e0",
        "point_name": "紅竹食堂",
        "remark": "这里三人品尝的是该点招牌——名物·溪流荞麦面！售价1800日元！这是由山女鱼（香鱼）炸物和山菜等当地食材制作的溪流荞麦面。营业时间10.30~售完即止（平日15份，周末/节假日30份）。周四定休，有4台停车位。"
      },
      "type": "Feature"
    },
    {
      "geometry": {
        "coordinates": [
          138.119274,
          35.175507
        ],
        "type": "Point"
      },
      "properties": {
        "bangumi_id": 405785,
        "bangumi_title": "摇曳露营△ 三期",
        "ep_cut": 6,
        "image_url": "https://w.junreimap.com/images/user/0/bangumi/405785/points/k91kb0eye-1715274154583.jpg",
        "location": "寸又峡（大井川）",
        "point_id": "k91kb0eye",
        "point_name": "寸又峡温泉场景4",
        "remark": ""
      },
      "type": "Feature"
    },
    {
      "geometry": {
        "coordinates": [
          138.118117,
          35.174766
        ],
        "type": "Point"
      },
      "properties": {
        "bangumi_id": 405785,
        "bangumi_title": "摇曳露营△ 三期",
        "ep_cut": 6,
        "image_url": "https://w.junreimap.com/images/points/405785/4wvkmha_1757705428749.jpg",
        "location": "寸又峡（大井川）",
        "point_id": "4wvkmha",
        "point_name": "露天​風呂​美女​づくり​の​湯",
        "remark": "位于温泉街尽头的立寄温泉，设男女分汤的露天凤吕。入浴费600日元，营业时间10AM~5.30PM，周二、周四定休（冬季只有周日营业）。无停车位。"
      },
      "type": "Feature"
    },
    {
      "geometry": {
        "coordinates": [
          138.118082,
          35.174654
        ],
        "type": "Point"
      },
      "properties": {
        "bangumi_id": 405785,
        "bangumi_title": "摇曳露营△ 三期",
        "ep_cut": 6,
        "image_url": "https://w.junreimap.com/images/points/405785/4wvksaq_1757705436284.jpg",
        "location": "寸又峡（大井川）",
        "point_id": "4wvksaq",
        "point_name": "露天​風呂​美女​づくり​の​湯",
        "remark": "位于温泉街尽头的立寄温泉，设男女分汤的露天凤吕。入浴费600日元，营业时间10AM~5.30PM，周二、周四定休（冬季只有周日营业）。无停车位。"
      },
      "type": "Feature"
    },
    {
      "geometry": {
        "coordinates": [
          138.118073,
          35.17468
        ],
        "type": "Point"
      },
      "properties": {
        "bangumi_id": 405785,
        "bangumi_title": "摇曳露营△ 三期",
        "ep_cut": 6,
        "image_url": "https://w.junreimap.com/images/points/405785/4wvkwe4_1757705442539.jpg",
        "location": "寸又峡（大井川）",
        "point_id": "4wvkwe4",
        "point_name": "露天​風呂​美女​づくり​の​湯",
        "remark": "位于温泉街尽头的立寄温泉，设男女分汤的露天凤吕。入浴费600日元，营业时间10AM~5.30PM，周二、周四定休（冬季只有周日营业）。无停车位。"
      },
      "type": "Feature"
    },
    {
      "geometry": {
        "coordinates": [
          138.118055,
          35.174647
        ],
        "type": "Point"
      },
      "properties": {
        "bangumi_id": 405785,
        "bangumi_title": "摇曳露营△ 三期",
        "ep_cut": 6,
        "image_url": "https://w.junreimap.com/images/user/0/bangumi/405785/points/k91cca691-1715273670438.jpg",
        "location": "寸又峡（大井川）",
        "point_id": "k91cca691",
        "point_name": "露天​風呂​美女​づくり​の​湯",
        "remark": ""
      },
      "type": "Feature"
    },
    {
      "geometry": {
        "coordinates": [
          138.07028,
          35.24195
        ],
        "type": "Point"
      },
      "properties": {
        "bangumi_id": 405785,
        "bangumi_title": "摇曳露营△ 三期",
        "ep_cut": 6,
        "image_url": "https://w.junreimap.com/images/user/0/bangumi/405785/points/k911yeyp8-1715273123435.jpg",
        "location": "川根本町（大井川）",
        "point_id": "k911yeyp8",
        "point_name": "無想吊橋",
        "remark": ""
      },
      "type": "Feature"
    },
    {
      "geometry": {
        "coordinates": [
          138.089851,
          34.99912
        ],
        "type": "Point"
      },
      "properties": {
        "bangumi_id": 405785,
        "bangumi_title": "摇曳露营△ 三期",
        "ep_cut": 6,
        "image_url": "https://w.junreimap.com/images/points/405785/4wvpiai_1757705658222.jpg",
        "location": "塩郷（大井川）",
        "point_id": "4wvpiai",
        "point_name": "塩郷の吊橋 东侧",
        "remark": ""
      },
      "type": "Feature"
    },
    {
      "geometry": {
        "coordinates": [
          138.089918,
          34.99897
        ],
        "type": "Point"
      },
      "properties": {
        "bangumi_id": 405785,
        "bangumi_title": "摇曳露营△ 三期",
        "ep_cut": 6,
        "image_url": "https://w.junreimap.com/images/points/405785/4wvpmim_1757705661611.jpg",
        "location": "塩郷（大井川）",
        "point_id": "4wvpmim",
        "point_name": "塩郷の吊橋 东侧",
        "remark": ""
      },
      "type": "Feature"
    },
    {
      "geometry": {
        "coordinates": [
          138.089659,
          34.998689
        ],
        "type": "Point"
      },
      "properties": {
        "bangumi_id": 405785,
        "bangumi_title": "摇曳露营△ 三期",
        "ep_cut": 6,
        "image_url": "https://w.junreimap.com/images/points/405785/4wvpryo_1757705670484.jpg",
        "location": "塩郷（大井川）",
        "point_id": "4wvpryo",
        "point_name": "塩郷の吊橋 东侧",
        "remark": ""
      },
      "type": "Feature"
    },
    {
      "geometry": {
        "coordinates": [
          138.089367,
          34.998614
        ],
        "type": "Point"
      },
      "properties": {
        "bangumi_id": 405785,
        "bangumi_title": "摇曳露营△ 三期",
        "ep_cut": 6,
        "image_url": "https://w.junreimap.com/images/points/405785/4wvpzvu_1757705679094.jpg",
        "location": "塩郷（大井川）",
        "point_id": "4wvpzvu",
        "point_name": "塩郷の吊橋 东侧",
        "remark": ""
      },
      "type": "Feature"
    },
    {
      "geometry": {
        "coordinates": [
          138.089532,
          34.998654
        ],
        "type": "Point"
      },
      "properties": {
        "bangumi_id": 405785,
        "bangumi_title": "摇曳露营△ 三期",
        "ep_cut": 6,
        "image_url": "https://w.junreimap.com/images/points/405785/4wvvhp0_1757705935713.jpg",
        "location": "塩郷（大井川）",
        "point_id": "4wvvhp0",
        "point_name": "塩郷の吊橋 东侧",
        "remark": ""
      },
      "type": "Feature"
    },
    {
      "geometry": {
        "coordinates": [
          138.089499,
          34.998762
        ],
        "type": "Point"
      },
      "properties": {
        "bangumi_id": 405785,
        "bangumi_title": "摇曳露营△ 三期",
        "ep_cut": 6,
        "image_url": "https://w.junreimap.com/images/points/405785/4wvvke0_1757705941673.jpg",
        "location": "塩郷（大井川）",
        "point_id": "4wvvke0",
        "point_name": "塩郷の吊橋 东侧",
        "remark": ""
      },
      "type": "Feature"
    },
    {
      "geometry": {
        "coordinates": [
          138.089268,
          34.998569
        ],
        "type": "Point"
      },
      "properties": {
        "bangumi_id": 405785,
        "bangumi_title": "摇曳露营△ 三期",
        "ep_cut": 6,
        "image_url": "https://w.junreimap.com/images/points/405785/4wvvp6i_1757705948504.jpg",
        "location": "塩郷（大井川）",
        "point_id": "4wvvp6i",
        "point_name": "塩郷の吊橋 东侧",
        "remark": ""
      },
      "type": "Feature"
    },
    {
      "geometry": {
        "coordinates": [
          138.089065,
          34.998497
        ],
        "type": "Point"
      },
      "properties": {
        "bangumi_id": 405785,
        "bangumi_title": "摇曳露营△ 三期",
        "ep_cut": 6,
        "image_url": "https://w.junreimap.com/images/points/405785/4wvq26k_1757705681927.jpg",
        "location": "塩郷（大井川）",
        "point_id": "4wvq26k",
        "point_name": "塩郷の吊橋 东侧",
        "remark": ""
      },
      "type": "Feature"
    },
    {
      "geometry": {
        "coordinates": [
          138.088899,
          34.998436
        ],
        "type": "Point"
      },
      "properties": {
        "bangumi_id": 405785,
        "bangumi_title": "摇曳露营△ 三期",
        "ep_cut": 6,
        "image_url": "https://w.junreimap.com/images/points/405785/4wvq4vf_1757705688236.jpg",
        "location": "塩郷（大井川）",
        "point_id": "4wvq4vf",
        "point_name": "塩郷の吊橋 东侧",
        "remark": ""
      },
      "type": "Feature"
    },
    {
      "geometry": {
        "coordinates": [
          138.088665,
          34.998347
        ],
        "type": "Point"
      },
      "properties": {
        "bangumi_id": 405785,
        "bangumi_title": "摇曳露营△ 三期",
        "ep_cut": 6,
        "image_url": "https://w.junreimap.com/images/points/405785/4wvqebe_1757705697890.jpg",
        "location": "塩郷（大井川）",
        "point_id": "4wvqebe",
        "point_name": "塩郷の吊橋 东侧",
        "remark": ""
      },
      "type": "Feature"
    },
    {
      "geometry": {
        "coordinates": [
          138.088577,
          34.998306
        ],
        "type": "Point"
      },
      "properties": {
        "bangumi_id": 405785,
        "bangumi_title": "摇曳露营△ 三期",
        "ep_cut": 6,
        "image_url": "https://w.junreimap.com/images/points/405785/4wvqpkx_1757705713691.jpg",
        "location": "塩郷（大井川）",
        "point_id": "4wvqpkx",
        "point_name": "塩郷の吊橋 北望",
        "remark": "桥上北望"
      },
      "type": "Feature"
    },
    {
      "geometry": {
        "coordinates": [
          138.088493,
          34.998267
        ],
        "type": "Point"
      },
      "properties": {
        "bangumi_id": 405785,
        "bangumi_title": "摇曳露营△ 三期",
        "ep_cut": 6,
        "image_url": "https://w.junreimap.com/images/user/0/bangumi/405785/points/k91p3iwl9-1715274478526.jpg",
        "location": "塩郷（大井川）",
        "point_id": "k91p3iwl9",
        "point_name": "塩郷の吊橋 桥上",
        "remark": ""
      },
      "type": "Feature"
    },
    {
      "geometry": {
        "coordinates": [
          138.088259,
          34.998225
        ],
        "type": "Point"
      },
      "properties": {
        "bangumi_id": 405785,
        "bangumi_title": "摇曳露营△ 三期",
        "ep_cut": 6,
        "image_url": "https://w.junreimap.com/images/points/405785/4wvr0d8_1757705731154.jpg",
        "location": "塩郷（大井川）",
        "point_id": "4wvr0d8",
        "point_name": "塩郷の吊橋 西侧",
        "remark": ""
      },
      "type": "Feature"
    },
    {
      "geometry": {
        "coordinates": [
          138.088237,
          34.998288
        ],
        "type": "Point"
      },
      "properties": {
        "bangumi_id": 405785,
        "bangumi_title": "摇曳露营△ 三期",
        "ep_cut": 6,
        "image_url": "https://w.junreimap.com/images/points/405785/4wvr62u_1757705734175.jpg",
        "location": "塩郷（大井川）",
        "point_id": "4wvr62u",
        "point_name": "塩郷の吊橋 西侧",
        "remark": ""
      },
      "type": "Feature"
    },
    {
      "geometry": {
        "coordinates": [
          138.088577,
          34.99816
        ],
        "type": "Point"
      },
      "properties": {
        "bangumi_id": 405785,
        "bangumi_title": "摇曳露营△ 三期",
        "ep_cut": 6,
        "image_url": "https://w.junreimap.com/images/points/405785/4wvr906_1757705737475.jpg",
        "location": "塩郷（大井川）",
        "point_id": "4wvr906",
        "point_name": "塩郷の吊橋 无人机视角",
        "remark": ""
      },
      "type": "Feature"
    },
    {
      "geometry": {
        "coordinates": [
          138.089698,
          34.999072
        ],
        "type": "Point"
      },
      "properties": {
        "bangumi_id": 405785,
        "bangumi_title": "摇曳露营△ 三期",
        "ep_cut": 6,
        "image_url": "https://w.junreimap.com/images/points/405785/4wvv5y7_1757705923049.jpg",
        "location": "塩郷（大井川）",
        "point_id": "4wvv5y7",
        "point_name": "大井川铁道 C11型蒸气机车",
        "remark": "似乎大概是C11型蒸气机车"
      },
      "type": "Feature"
    },
    {
      "geometry": {
        "coordinates": [
          138.089769,
          34.998937
        ],
        "type": "Point"
      },
      "properties": {
        "bangumi_id": 405785,
        "bangumi_title": "摇曳露营△ 三期",
        "ep_cut": 6,
        "image_url": "https://w.junreimap.com/images/points/405785/4wvsvuw_1757705815171.jpg",
        "location": "塩郷（大井川）",
        "point_id": "4wvsvuw",
        "point_name": "大井川铁道 C11型蒸气机车",
        "remark": "似乎大概是C11型蒸气机车。顺便一提，这个蒸汽火车的车头还有托马斯小火车的联动版本……"
      },
      "type": "Feature"
    },
    {
      "geometry": {
        "coordinates": [
          138.089868,
          34.998829
        ],
        "type": "Point"
      },
      "properties": {
        "bangumi_id": 405785,
        "bangumi_title": "摇曳露营△ 三期",
        "ep_cut": 6,
        "image_url": "https://w.junreimap.com/images/points/405785/4wvvckc_1757705928808.jpg",
        "location": "塩郷（大井川）",
        "point_id": "4wvvckc",
        "point_name": "大井川铁道 C11型蒸气机车",
        "remark": "似乎大概是C11型蒸气机车"
      },
      "type": "Feature"
    },
    {
      "geometry": {
        "coordinates": [
          138.090538,
          34.997912
        ],
        "type": "Point"
      },
      "properties": {
        "bangumi_id": 405785,
        "bangumi_title": "摇曳露营△ 三期",
        "ep_cut": 6,
        "image_url": "https://w.junreimap.com/images/points/405785/4wvwf70_1757705979077.jpg",
        "location": "塩郷（大井川）",
        "point_id": "4wvwf70",
        "point_name": "塩郷駅",
        "remark": ""
      },
      "type": "Feature"
    },
    {
      "geometry": {
        "coordinates": [
          138.090594,
          34.997825
        ],
        "type": "Point"
      },
      "properties": {
        "bangumi_id": 405785,
        "bangumi_title": "摇曳露营△ 三期",
        "ep_cut": 6,
        "image_url": "https://w.junreimap.com/images/points/405785/4wvwnor_1757705989796.jpg",
        "location": "塩郷（大井川）",
        "point_id": "4wvwnor",
        "point_name": "塩郷駅",
        "remark": ""
      },
      "type": "Feature"
    },
    {
      "geometry": {
        "coordinates": [
          138.090482,
          34.997844
        ],
        "type": "Point"
      },
      "properties": {
        "bangumi_id": 405785,
        "bangumi_title": "摇曳露营△ 三期",
        "ep_cut": 6,
        "image_url": "https://w.junreimap.com/images/points/405785/4wvwpx2_1757705994109.jpg",
        "location": "塩郷（大井川）",
        "point_id": "4wvwpx2",
        "point_name": "塩郷駅",
        "remark": ""
      },
      "type": "Feature"
    },
    {
      "geometry": {
        "coordinates": [
          138.090561,
          34.997982
        ],
        "type": "Point"
      },
      "properties": {
        "bangumi_id": 405785,
        "bangumi_title": "摇曳露营△ 三期",
        "ep_cut": 6,
        "image_url": "https://w.junreimap.com/images/points/405785/4wvwu5u_1757705998256.jpg",
        "location": "塩郷（大井川）",
        "point_id": "4wvwu5u",
        "point_name": "塩郷駅",
        "remark": ""
      },
      "type": "Feature"
    },
    {
      "geometry": {
        "coordinates": [
          138.090449,
          34.998095
        ],
        "type": "Point"
      },
      "properties": {
        "bangumi_id": 405785,
        "bangumi_title": "摇曳露营△ 三期",
        "ep_cut": 6,
        "image_url": "https://w.junreimap.com/images/points/405785/4wvwi02_1757705982426.jpg",
        "location": "塩郷（大井川）",
        "point_id": "4wvwi02",
        "point_name": "塩郷駅",
        "remark": ""
      },
      "type": "Feature"
    },
    {
      "geometry": {
        "coordinates": [
          138.090429,
          34.997957
        ],
        "type": "Point"
      },
      "properties": {
        "bangumi_id": 405785,
        "bangumi_title": "摇曳露营△ 三期",
        "ep_cut": 6,
        "image_url": "https://w.junreimap.com/images/user/0/bangumi/405785/points/k91uqzev7-1715274767707.jpg",
        "location": "塩郷（大井川）",
        "point_id": "k91uqzev7",
        "point_name": "塩郷駅",
        "remark": ""
      },
      "type": "Feature"
    },
    {
      "geometry": {
        "coordinates": [
          138.18453,
          34.825659
        ],
        "type": "Point"
      },
      "properties": {
        "bangumi_id": 405785,
        "bangumi_title": "摇曳露营△ 三期",
        "ep_cut": 6,
        "image_url": "https://w.junreimap.com/images/user/0/bangumi/405785/points/k91x0dsmj-1715274904049.jpg",
        "location": "蓬莱桥（大井川）",
        "point_id": "k91x0dsmj",
        "point_name": "蓬莱橋",
        "remark": ""
      },
      "type": "Feature"
    },
    {
      "geometry": {
        "coordinates": [
          138.184733,
          34.825028
        ],
        "type": "Point"
      },
      "properties": {
        "bangumi_id": 405785,
        "bangumi_title": "摇曳露营△ 三期",
        "ep_cut": 6,
        "image_url": "https://w.junreimap.com/images/points/405785/4vcqc0w_1757613316244.jpg",
        "location": "蓬莱桥（大井川）",
        "point_id": "4vcqc0w",
        "point_name": "蓬莱橋",
        "remark": ""
      },
      "type": "Feature"
    },
    {
      "geometry": {
        "coordinates": [
          138.184753,
          34.824942
        ],
        "type": "Point"
      },
      "properties": {
        "bangumi_id": 405785,
        "bangumi_title": "摇曳露营△ 三期",
        "ep_cut": 6,
        "image_url": "https://w.junreimap.com/images/points/405785/4vcqi0t_1757613323989.jpg",
        "location": "蓬莱桥（大井川）",
        "point_id": "4vcqi0t",
        "point_name": "蓬莱橋",
        "remark": ""
      },
      "type": "Feature"
    },
    {
      "geometry": {
        "coordinates": [
          138.184788,
          34.824789
        ],
        "type": "Point"
      },
      "properties": {
        "bangumi_id": 405785,
        "bangumi_title": "摇曳露营△ 三期",
        "ep_cut": 6,
        "image_url": "https://w.junreimap.com/images/user/0/bangumi/405785/points/n6hyzv83h-1723538143408.jpg",
        "location": "蓬莱桥（大井川）",
        "point_id": "n6hyzv83h",
        "point_name": "蓬莱橋",
        "remark": ""
      },
      "type": "Feature"
    },
    {
      "geometry": {
        "coordinates": [
          138.184744,
          34.824983
        ],
        "type": "Point"
      },
      "properties": {
        "bangumi_id": 405785,
        "bangumi_title": "摇曳露营△ 三期",
        "ep_cut": 6,
        "image_url": "https://w.junreimap.com/images/points/405785/4vcqeac_1757613320343.jpg",
        "location": "蓬莱桥（大井川）",
        "point_id": "4vcqeac",
        "point_name": "蓬莱橋",
        "remark": ""
      },
      "type": "Feature"
    },
    {
      "geometry": {
        "coordinates": [
          138.184566,
          34.82481
        ],
        "type": "Point"
      },
      "properties": {
        "bangumi_id": 405785,
        "bangumi_title": "摇曳露营△ 三期",
        "ep_cut": 6,
        "image_url": "https://w.junreimap.com/images/points/405785/4vcqk79_1757613326700.jpg",
        "location": "蓬莱桥（大井川）",
        "point_id": "4vcqk79",
        "point_name": "蓬莱橋",
        "remark": ""
      },
      "type": "Feature"
    },
    {
      "geometry": {
        "coordinates": [
          138.184321,
          34.82555
        ],
        "type": "Point"
      },
      "properties": {
        "bangumi_id": 405785,
        "bangumi_title": "摇曳露营△ 三期",
        "ep_cut": 6,
        "image_url": "https://w.junreimap.com/images/points/405785/4vcr04b_1757613347156.jpg",
        "location": "蓬莱桥（大井川）",
        "point_id": "4vcr04b",
        "point_name": "蓬莱橋​やく​なし​茶屋",
        "remark": ""
      },
      "type": "Feature"
    },
    {
      "geometry": {
        "coordinates": [
          138.184324,
          34.825545
        ],
        "type": "Point"
      },
      "properties": {
        "bangumi_id": 405785,
        "bangumi_title": "摇曳露营△ 三期",
        "ep_cut": 6,
        "image_url": "https://w.junreimap.com/images/points/405785/4vcquhs_1757613339858.jpg",
        "location": "蓬莱桥（大井川）",
        "point_id": "4vcquhs",
        "point_name": "蓬莱橋​やく​なし​茶屋",
        "remark": "300日元一杯，又苦又涩，喜欢喝冰苦茶的人可以尝试下。"
      },
      "type": "Feature"
    },
    {
      "geometry": {
        "coordinates": [
          138.184302,
          34.825541
        ],
        "type": "Point"
      },
      "properties": {
        "bangumi_id": 405785,
        "bangumi_title": "摇曳露营△ 三期",
        "ep_cut": 6,
        "image_url": "https://w.junreimap.com/images/points/405785/4vcqxhe_1757613344364.jpg",
        "location": "蓬莱桥（大井川）",
        "point_id": "4vcqxhe",
        "point_name": "蓬莱橋​やく​なし​茶屋",
        "remark": ""
      },
      "type": "Feature"
    },
    {
      "geometry": {
        "coordinates": [
          138.184314,
          34.825545
        ],
        "type": "Point"
      },
      "properties": {
        "bangumi_id": 405785,
        "bangumi_title": "摇曳露营△ 三期",
        "ep_cut": 6,
        "image_url": "https://w.junreimap.com/images/points/405785/4vcqr88_1757613335940.jpg",
        "location": "蓬莱桥（大井川）",
        "point_id": "4vcqr88",
        "point_name": "蓬莱橋​やく​なし​茶屋",
        "remark": ""
      },
      "type": "Feature"
    },
    {
      "geometry": {
        "coordinates": [
          138.184283,
          34.825526
        ],
        "type": "Point"
      },
      "properties": {
        "bangumi_id": 405785,
        "bangumi_title": "摇曳露营△ 三期",
        "ep_cut": 6,
        "image_url": "https://w.junreimap.com/images/user/0/bangumi/405785/points/n6hwsph1f-1723538013396.jpg",
        "location": "蓬莱桥（大井川）",
        "point_id": "n6hwsph1f",
        "point_name": "蓬莱橋​やく​なし​茶屋",
        "remark": ""
      },
      "type": "Feature"
    },
    {
      "geometry": {
        "coordinates": [
          138.60735,
          35.493656
        ],
        "type": "Point"
      },
      "properties": {
        "bangumi_id": 405785,
        "bangumi_title": "摇曳露营△ 三期",
        "ep_cut": 1,
        "image_url": "https://w.junreimap.com/images/points/405785/4v9y6g4_1757608644031.jpg",
        "location": "精进湖（富士五湖-山梨）",
        "point_id": "4v9y6g4",
        "point_name": "精進​レーク​ホテル",
        "remark": ""
      },
      "type": "Feature"
    },
    {
      "geometry": {
        "coordinates": [
          138.607252,
          35.493628
        ],
        "type": "Point"
      },
      "properties": {
        "bangumi_id": 405785,
        "bangumi_title": "摇曳露营△ 三期",
        "ep_cut": 1,
        "image_url": "https://w.junreimap.com/images/points/405785/4v9y21d_1757608638242.jpg",
        "location": "精进湖（富士五湖-山梨）",
        "point_id": "4v9y21d",
        "point_name": "精進​レーク​ホテル",
        "remark": ""
      },
      "type": "Feature"
    },
    {
      "geometry": {
        "coordinates": [
          138.606786,
          35.493466
        ],
        "type": "Point"
      },
      "properties": {
        "bangumi_id": 405785,
        "bangumi_title": "摇曳露营△ 三期",
        "ep_cut": "",
        "image_url": "https://w.junreimap.com/images/points/405785/4v9yjuu_1757608661996.jpg",
        "location": "精进湖（富士五湖-山梨）",
        "point_id": "4v9yjuu",
        "point_name": "精進​レーク​ホテル",
        "remark": ""
      },
      "type": "Feature"
    },
    {
      "geometry": {
        "coordinates": [
          138.607092,
          35.493711
        ],
        "type": "Point"
      },
      "properties": {
        "bangumi_id": 405785,
        "bangumi_title": "摇曳露营△ 三期",
        "ep_cut": "",
        "image_url": "https://w.junreimap.com/images/points/405785/4v9xt4c_1757608626151.jpg",
        "location": "精进湖（富士五湖-山梨）",
        "point_id": "4v9xt4c",
        "point_name": "精進​レーク​ホテル",
        "remark": ""
      },
      "type": "Feature"
    },
    {
      "geometry": {
        "coordinates": [
          138.607148,
          35.493601
        ],
        "type": "Point"
      },
      "properties": {
        "bangumi_id": 405785,
        "bangumi_title": "摇曳露营△ 三期",
        "ep_cut": "",
        "image_url": "https://w.junreimap.com/images/points/405785/4v9xuul_1757608628511.jpg",
        "location": "精进湖（富士五湖-山梨）",
        "point_id": "4v9xuul",
        "point_name": "精進​レーク​ホテル",
        "remark": ""
      },
      "type": "Feature"
    },
    {
      "geometry": {
        "coordinates": [
          138.607255,
          35.493635
        ],
        "type": "Point"
      },
      "properties": {
        "bangumi_id": 405785,
        "bangumi_title": "摇曳露营△ 三期",
        "ep_cut": "",
        "image_url": "https://w.junreimap.com/images/points/405785/4v9y93c_1757608656734.jpg",
        "location": "精进湖（富士五湖-山梨）",
        "point_id": "4v9y93c",
        "point_name": "精進​レーク​ホテル",
        "remark": ""
      },
      "type": "Feature"
    },
    {
      "geometry": {
        "coordinates": [
          138.607052,
          35.493788
        ],
        "type": "Point"
      },
      "properties": {
        "bangumi_id": 405785,
        "bangumi_title": "摇曳露营△ 三期",
        "ep_cut": 1,
        "image_url": "https://w.junreimap.com/images/user/0/bangumi/405785/points/j9ly9mqda-1712497441912.jpg",
        "location": "精进湖（富士五湖-山梨）",
        "point_id": "j9ly9mqda",
        "point_name": "精進​レーク​ホテル",
        "remark": ""
      },
      "type": "Feature"
    },
    {
      "geometry": {
        "coordinates": [
          138.607466,
          35.493331
        ],
        "type": "Point"
      },
      "properties": {
        "bangumi_id": 405785,
        "bangumi_title": "摇曳露营△ 三期",
        "ep_cut": "",
        "image_url": "https://w.junreimap.com/images/points/405785/4v9xxmo_1757608632291.jpg",
        "location": "精进湖（富士五湖-山梨）",
        "point_id": "4v9xxmo",
        "point_name": "精進​レーク​ホテル",
        "remark": ""
      },
      "type": "Feature"
    },
    {
      "geometry": {
        "coordinates": [
          138.606562,
          35.493285
        ],
        "type": "Point"
      },
      "properties": {
        "bangumi_id": 405785,
        "bangumi_title": "摇曳露营△ 三期",
        "ep_cut": 1,
        "image_url": "https://w.junreimap.com/images/points/405785/4v9w6jj_1757608550307.jpg",
        "location": "精进湖（富士五湖-山梨）",
        "point_id": "4v9w6jj",
        "point_name": "精進​レーク​ホテル",
        "remark": ""
      },
      "type": "Feature"
    },
    {
      "geometry": {
        "coordinates": [
          138.608072,
          35.493791
        ],
        "type": "Point"
      },
      "properties": {
        "bangumi_id": 405785,
        "bangumi_title": "摇曳露营△ 三期",
        "ep_cut": 1,
        "image_url": "https://w.junreimap.com/images/points/405785/4v9wdyo_1757608560854.jpg",
        "location": "精进湖（富士五湖-山梨）",
        "point_id": "4v9wdyo",
        "point_name": "精進レークサイドキャンプ",
        "remark": ""
      },
      "type": "Feature"
    },
    {
      "geometry": {
        "coordinates": [
          138.608495,
          35.493854
        ],
        "type": "Point"
      },
      "properties": {
        "bangumi_id": 405785,
        "bangumi_title": "摇曳露营△ 三期",
        "ep_cut": 1,
        "image_url": "https://w.junreimap.com/images/points/405785/4v9wils_1757608565667.jpg",
        "location": "精进湖（富士五湖-山梨）",
        "point_id": "4v9wils",
        "point_name": "精進レークサイドキャンプ",
        "remark": ""
      },
      "type": "Feature"
    },
    {
      "geometry": {
        "coordinates": [
          138.608917,
          35.493174
        ],
        "type": "Point"
      },
      "properties": {
        "bangumi_id": 405785,
        "bangumi_title": "摇曳露营△ 三期",
        "ep_cut": 1,
        "image_url": "https://w.junreimap.com/images/points/405785/4v9wm30_1757608572419.jpg",
        "location": "精进湖（富士五湖-山梨）",
        "point_id": "4v9wm30",
        "point_name": "精進レークサイドキャンプ",
        "remark": ""
      },
      "type": "Feature"
    },
    {
      "geometry": {
        "coordinates": [
          138.607379,
          35.493555
        ],
        "type": "Point"
      },
      "properties": {
        "bangumi_id": 405785,
        "bangumi_title": "摇曳露营△ 三期",
        "ep_cut": "",
        "image_url": "https://w.junreimap.com/images/points/405785/4v9yqxi_1757608669854.jpg",
        "location": "精进湖（富士五湖-山梨）",
        "point_id": "4v9yqxi",
        "point_name": "精進レークサイドキャンプ",
        "remark": ""
      },
      "type": "Feature"
    },
    {
      "geometry": {
        "coordinates": [
          138.608315,
          35.493839
        ],
        "type": "Point"
      },
      "properties": {
        "bangumi_id": 405785,
        "bangumi_title": "摇曳露营△ 三期",
        "ep_cut": 1,
        "image_url": "https://w.junreimap.com/images/points/405785/4v9wuci_1757608581786.jpg",
        "location": "精进湖（富士五湖-山梨）",
        "point_id": "4v9wuci",
        "point_name": "精進レークサイドキャンプ",
        "remark": ""
      },
      "type": "Feature"
    },
    {
      "geometry": {
        "coordinates": [
          138.608393,
          35.493883
        ],
        "type": "Point"
      },
      "properties": {
        "bangumi_id": 405785,
        "bangumi_title": "摇曳露营△ 三期",
        "ep_cut": 1,
        "image_url": "https://w.junreimap.com/images/points/405785/4v9x1cd_1757608591327.jpg",
        "location": "精进湖（富士五湖-山梨）",
        "point_id": "4v9x1cd",
        "point_name": "精進レークサイドキャンプ",
        "remark": ""
      },
      "type": "Feature"
    },
    {
      "geometry": {
        "coordinates": [
          138.609326,
          35.493071
        ],
        "type": "Point"
      },
      "properties": {
        "bangumi_id": 405785,
        "bangumi_title": "摇曳露营△ 三期",
        "ep_cut": 1,
        "image_url": "https://w.junreimap.com/images/points/405785/4v9xeqt_1757608612418.jpg",
        "location": "精进湖（富士五湖-山梨）",
        "point_id": "4v9xeqt",
        "point_name": "精進レークサイドキャンプ",
        "remark": ""
      },
      "type": "Feature"
    },
    {
      "geometry": {
        "coordinates": [
          138.608731,
          35.493465
        ],
        "type": "Point"
      },
      "properties": {
        "bangumi_id": 405785,
        "bangumi_title": "摇曳露营△ 三期",
        "ep_cut": 1,
        "image_url": "https://w.junreimap.com/images/user/0/bangumi/405785/points/q05crinac-1731503962542.jpg",
        "location": "精进湖（富士五湖-山梨）",
        "point_id": "q05crinac",
        "point_name": "精進レークサイドキャンプ",
        "remark": ""
      },
      "type": "Feature"
    },
    {
      "geometry": {
        "coordinates": [
          138.60867,
          35.490659
        ],
        "type": "Point"
      },
      "properties": {
        "bangumi_id": 405785,
        "bangumi_title": "摇曳露营△ 三期",
        "ep_cut": "SP1",
        "image_url": "https://w.junreimap.com/images/points/405785/487e8br_1756213632399.jpg",
        "location": "精进湖（富士五湖-山梨）",
        "point_id": "487e8br",
        "point_name": "精進湖",
        "remark": "吃货小明的联想力.jpg"
      },
      "type": "Feature"
    },
    {
      "geometry": {
        "coordinates": [
          138.684569,
          35.499005
        ],
        "type": "Point"
      },
      "properties": {
        "bangumi_id": 405785,
        "bangumi_title": "摇曳露营△ 三期",
        "ep_cut": 13,
        "image_url": "https://w.junreimap.com/images/points/405785/487eitk_1756213648646.jpg",
        "location": "富士五湖-山梨",
        "point_id": "487eitk",
        "point_name": "西湖",
        "remark": "目前唯一一座还没在动画中出现的富士五湖"
      },
      "type": "Feature"
    },
    {
      "geometry": {
        "coordinates": [
          138.753473,
          35.517258
        ],
        "type": "Point"
      },
      "properties": {
        "bangumi_id": 405785,
        "bangumi_title": "摇曳露营△ 三期",
        "ep_cut": 13,
        "image_url": "https://w.junreimap.com/images/points/405785/487faij_1756213681307.jpg",
        "location": "富士五湖-山梨",
        "point_id": "487faij",
        "point_name": "河口湖",
        "remark": "吃货小明的联想力.jpg"
      },
      "type": "Feature"
    },
    {
      "geometry": {
        "coordinates": [
          138.872558,
          35.41794
        ],
        "type": "Point"
      },
      "properties": {
        "bangumi_id": 405785,
        "bangumi_title": "摇曳露营△ 三期",
        "ep_cut": 13,
        "image_url": "https://w.junreimap.com/images/points/405785/487fqe2_1756213706358.jpg",
        "location": "富士五湖-山梨",
        "point_id": "487fqe2",
        "point_name": "山中湖",
        "remark": "吃货小明的联想力.jpg"
      },
      "type": "Feature"
    },
    {
      "geometry": {
        "coordinates": [
          138.575092,
          35.472206
        ],
        "type": "Point"
      },
      "properties": {
        "bangumi_id": 405785,
        "bangumi_title": "摇曳露营△ 三期",
        "ep_cut": "联动相关",
        "image_url": "https://w.junreimap.com/images/points/405785/442x9fh_1755964278346.jpg",
        "location": "富士五湖-山梨",
        "point_id": "442x9fh",
        "point_name": "摇曳露营10周年纪念展 公式海报",
        "remark": ""
      },
      "type": "Feature"
    },
    {
      "geometry": {
        "coordinates": [
          138.586989,
          35.466119
        ],
        "type": "Point"
      },
      "properties": {
        "bangumi_id": 405785,
        "bangumi_title": "摇曳露营△ 三期",
        "ep_cut": "SP1",
        "image_url": "https://w.junreimap.com/images/points/405785/487d7iz_1756213584069.jpg",
        "location": "富士五湖-山梨",
        "point_id": "487d7iz",
        "point_name": "本栖湖",
        "remark": "吃货小明的联想力.jpg"
      },
      "type": "Feature"
    },
    {
      "geometry": {
        "coordinates": [
          138.575695,
          35.474108
        ],
        "type": "Point"
      },
      "properties": {
        "bangumi_id": 405785,
        "bangumi_title": "摇曳露营△ 三期",
        "ep_cut": "OP1",
        "image_url": "https://w.junreimap.com/images/points/405785/46s8wyr_1756127724602.jpg",
        "location": "富士五湖-山梨",
        "point_id": "46s8wyr",
        "point_name": "本栖湖",
        "remark": ""
      },
      "type": "Feature"
    },
    {
      "geometry": {
        "coordinates": [
          138.452068,
          35.328943
        ],
        "type": "Point"
      },
      "properties": {
        "bangumi_id": 405785,
        "bangumi_title": "摇曳露营△ 三期",
        "ep_cut": "ED1",
        "image_url": "https://w.junreimap.com/images/points/405785/46y1m80_1756137460470.jpg",
        "location": "JR身延线-电车内",
        "point_id": "46y1m80",
        "point_name": "JR身延线电车内（各站停车）",
        "remark": "ED"
      },
      "type": "Feature"
    },
    {
      "geometry": {
        "coordinates": [
          138.452066,
          35.329008
        ],
        "type": "Point"
      },
      "properties": {
        "bangumi_id": 405785,
        "bangumi_title": "摇曳露营△ 三期",
        "ep_cut": "ED1",
        "image_url": "https://w.junreimap.com/images/points/405785/46y1o7h_1756137463674.jpg",
        "location": "JR身延线-电车内",
        "point_id": "46y1o7h",
        "point_name": "JR身延线电车内（各站停车）",
        "remark": "ED"
      },
      "type": "Feature"
    },
    {
      "geometry": {
        "coordinates": [
          138.452064,
          35.329092
        ],
        "type": "Point"
      },
      "properties": {
        "bangumi_id": 405785,
        "bangumi_title": "摇曳露营△ 三期",
        "ep_cut": 3,
        "image_url": "https://w.junreimap.com/images/points/405785/472i8nl_1756144958142.jpg",
        "location": "JR身延线-电车内",
        "point_id": "472i8nl",
        "point_name": "JR身延线电车内（各站停车）",
        "remark": "第三话时，抚子乘坐身延线南下"
      },
      "type": "Feature"
    },
    {
      "geometry": {
        "coordinates": [
          138.452061,
          35.329172
        ],
        "type": "Point"
      },
      "properties": {
        "bangumi_id": 405785,
        "bangumi_title": "摇曳露营△ 三期",
        "ep_cut": 3,
        "image_url": "https://w.junreimap.com/images/points/405785/472ig1p_1756144964483.jpg",
        "location": "JR身延线-电车内",
        "point_id": "472ig1p",
        "point_name": "JR身延线电车内（各站停车）",
        "remark": "第三话时，抚子乘坐身延线南下"
      },
      "type": "Feature"
    },
    {
      "geometry": {
        "coordinates": [
          138.465057,
          35.281579
        ],
        "type": "Point"
      },
      "properties": {
        "bangumi_id": 405785,
        "bangumi_title": "摇曳露营△ 三期",
        "ep_cut": 6,
        "image_url": "https://w.junreimap.com/images/user/0/bangumi/405785/points/k92498cad-1715275351270.jpg",
        "location": "内船（南部町-山梨）",
        "point_id": "k92498cad",
        "point_name": "内船駅",
        "remark": ""
      },
      "type": "Feature"
    },
    {
      "geometry": {
        "coordinates": [
          138.465032,
          35.281594
        ],
        "type": "Point"
      },
      "properties": {
        "bangumi_id": 405785,
        "bangumi_title": "摇曳露营△ 三期",
        "ep_cut": 2,
        "image_url": "https://w.junreimap.com/images/points/405785/46xu0e1_1756137106953.jpg",
        "location": "内船（南部町-山梨）",
        "point_id": "46xu0e1",
        "point_name": "内船駅",
        "remark": "第二话中，抚子回家的路上。"
      },
      "type": "Feature"
    },
    {
      "geometry": {
        "coordinates": [
          138.464888,
          35.282152
        ],
        "type": "Point"
      },
      "properties": {
        "bangumi_id": 405785,
        "bangumi_title": "摇曳露营△ 三期",
        "ep_cut": 3,
        "image_url": "https://w.junreimap.com/images/points/405785/472l7ax_1756145093164.jpg",
        "location": "内船（南部町-山梨）",
        "point_id": "472l7ax",
        "point_name": "内船駅",
        "remark": ""
      },
      "type": "Feature"
    },
    {
      "geometry": {
        "coordinates": [
          138.464916,
          35.282116
        ],
        "type": "Point"
      },
      "properties": {
        "bangumi_id": 405785,
        "bangumi_title": "摇曳露营△ 三期",
        "ep_cut": 3,
        "image_url": "https://w.junreimap.com/images/points/405785/472la26_1756145096036.jpg",
        "location": "内船（南部町-山梨）",
        "point_id": "472la26",
        "point_name": "内船駅",
        "remark": ""
      },
      "type": "Feature"
    },
    {
      "geometry": {
        "coordinates": [
          138.461626,
          35.287128
        ],
        "type": "Point"
      },
      "properties": {
        "bangumi_id": 405785,
        "bangumi_title": "摇曳露营△ 三期",
        "ep_cut": 9,
        "image_url": "https://w.junreimap.com/images/user/1092/bangumi/405785/points/kxy7v8fi9-1717225948670.jpg",
        "location": "内船（南部町-山梨）",
        "point_id": "kxy7v8fi9",
        "point_name": "うつぶな公園",
        "remark": "到停车场后往山上走的瞭望台处"
      },
      "type": "Feature"
    },
    {
      "geometry": {
        "coordinates": [
          138.464642,
          35.286004
        ],
        "type": "Point"
      },
      "properties": {
        "bangumi_id": 405785,
        "bangumi_title": "摇曳露营△ 三期",
        "ep_cut": 9,
        "image_url": "https://w.junreimap.com/images/user/1092/bangumi/405785/points/kxy2w9dmg-1717225657171.jpg",
        "location": "内船（南部町-山梨）",
        "point_id": "kxy2w9dmg",
        "point_name": "内船寺参道石段",
        "remark": ""
      },
      "type": "Feature"
    },
    {
      "geometry": {
        "coordinates": [
          138.464547,
          35.286059
        ],
        "type": "Point"
      },
      "properties": {
        "bangumi_id": 405785,
        "bangumi_title": "摇曳露营△ 三期",
        "ep_cut": 9,
        "image_url": "https://w.junreimap.com/images/points/405785/4wwyre4_1757707772476.jpg",
        "location": "内船（南部町-山梨）",
        "point_id": "4wwyre4",
        "point_name": "内船寺参道石段",
        "remark": ""
      },
      "type": "Feature"
    },
    {
      "geometry": {
        "coordinates": [
          138.464502,
          35.285865
        ],
        "type": "Point"
      },
      "properties": {
        "bangumi_id": 405785,
        "bangumi_title": "摇曳露营△ 三期",
        "ep_cut": 9,
        "image_url": "https://w.junreimap.com/images/points/405785/4wwxbv1_1757707786942.jpg",
        "location": "内船（南部町-山梨）",
        "point_id": "4wwxbv1",
        "point_name": "内船寺参道石段",
        "remark": ""
      },
      "type": "Feature"
    },
    {
      "geometry": {
        "coordinates": [
          138.466208,
          35.287709
        ],
        "type": "Point"
      },
      "properties": {
        "bangumi_id": 405785,
        "bangumi_title": "摇曳露营△ 三期",
        "ep_cut": 9,
        "image_url": "https://w.junreimap.com/images/user/1092/bangumi/405785/points/kxy4typ0k-1717225762000.jpg",
        "location": "内船（南部町-山梨）",
        "point_id": "kxy4typ0k",
        "point_name": "内船寺",
        "remark": ""
      },
      "type": "Feature"
    },
    {
      "geometry": {
        "coordinates": [
          138.461812,
          35.282137
        ],
        "type": "Point"
      },
      "properties": {
        "bangumi_id": 405785,
        "bangumi_title": "摇曳露营△ 三期",
        "ep_cut": 6,
        "image_url": "https://w.junreimap.com/images/user/0/bangumi/405785/points/k926a3xfw-1715275502193.jpg",
        "location": "内船（南部町-山梨）",
        "point_id": "k926a3xfw",
        "point_name": "南部桥",
        "remark": ""
      },
      "type": "Feature"
    },
    {
      "geometry": {
        "coordinates": [
          138.456401,
          35.281994
        ],
        "type": "Point"
      },
      "properties": {
        "bangumi_id": 405785,
        "bangumi_title": "摇曳露营△ 三期",
        "ep_cut": 2,
        "image_url": "https://w.junreimap.com/images/points/405785/46xsmpi_1756137043566.jpg",
        "location": "内船（南部町-山梨）",
        "point_id": "46xsmpi",
        "point_name": "南部桥 西侧",
        "remark": "第二话中，抚子回家的路上。"
      },
      "type": "Feature"
    },
    {
      "geometry": {
        "coordinates": [
          138.456513,
          35.282356
        ],
        "type": "Point"
      },
      "properties": {
        "bangumi_id": 405785,
        "bangumi_title": "摇曳露营△ 三期",
        "ep_cut": 9,
        "image_url": "https://w.junreimap.com/images/points/405785/4wwxq64_1757707720458.jpg",
        "location": "内船（南部町-山梨）",
        "point_id": "4wwxq64",
        "point_name": "南部桥 西侧",
        "remark": "虽然抚子家不存在，但这个方向望去的建筑（垃圾站）和群山都是完全一致的。"
      },
      "type": "Feature"
    },
    {
      "geometry": {
        "coordinates": [
          138.456476,
          35.282317
        ],
        "type": "Point"
      },
      "properties": {
        "bangumi_id": 405785,
        "bangumi_title": "摇曳露营△ 三期",
        "ep_cut": 9,
        "image_url": "https://w.junreimap.com/images/points/405785/4wwxtt6_1757707724709.jpg",
        "location": "内船（南部町-山梨）",
        "point_id": "4wwxtt6",
        "point_name": "南部桥 西侧",
        "remark": "虽然抚子家不存在，但这个方向望去的建筑（垃圾站）和群山都是完全一致的。"
      },
      "type": "Feature"
    },
    {
      "geometry": {
        "coordinates": [
          138.456347,
          35.282064
        ],
        "type": "Point"
      },
      "properties": {
        "bangumi_id": 405785,
        "bangumi_title": "摇曳露营△ 三期",
        "ep_cut": 15,
        "image_url": "https://w.junreimap.com/images/points/405785/4f5y3l9_1756634462126.jpg",
        "location": "内船（南部町-山梨）",
        "point_id": "4f5y3l9",
        "point_name": "南部桥 西侧",
        "remark": ""
      },
      "type": "Feature"
    },
    {
      "geometry": {
        "coordinates": [
          138.459298,
          35.281994
        ],
        "type": "Point"
      },
      "properties": {
        "bangumi_id": 405785,
        "bangumi_title": "摇曳露营△ 三期",
        "ep_cut": 2,
        "image_url": "https://w.junreimap.com/images/points/405785/46xt55s_1756137064770.jpg",
        "location": "内船（南部町-山梨）",
        "point_id": "46xt55s",
        "point_name": "南部桥 中段",
        "remark": "第二话中，抚子回家的路上。"
      },
      "type": "Feature"
    },
    {
      "geometry": {
        "coordinates": [
          138.459401,
          35.281993
        ],
        "type": "Point"
      },
      "properties": {
        "bangumi_id": 405785,
        "bangumi_title": "摇曳露营△ 三期",
        "ep_cut": 2,
        "image_url": "https://w.junreimap.com/images/points/405785/46xtq0j_1756137091722.jpg",
        "location": "内船（南部町-山梨）",
        "point_id": "46xtq0j",
        "point_name": "南部桥 中段",
        "remark": "第二话中，抚子回家的路上。"
      },
      "type": "Feature"
    },
    {
      "geometry": {
        "coordinates": [
          138.459645,
          35.281995
        ],
        "type": "Point"
      },
      "properties": {
        "bangumi_id": 405785,
        "bangumi_title": "摇曳露营△ 三期",
        "ep_cut": 2,
        "image_url": "https://w.junreimap.com/images/points/405785/46xts7s_1756137095098.jpg",
        "location": "内船（南部町-山梨）",
        "point_id": "46xts7s",
        "point_name": "南部桥 中段",
        "remark": "第二话中，抚子回家的路上。"
      },
      "type": "Feature"
    },
    {
      "geometry": {
        "coordinates": [
          138.46164,
          35.282096
        ],
        "type": "Point"
      },
      "properties": {
        "bangumi_id": 405785,
        "bangumi_title": "摇曳露营△ 三期",
        "ep_cut": 2,
        "image_url": "https://w.junreimap.com/images/points/405785/46xtgo6_1756137084884.jpg",
        "location": "内船（南部町-山梨）",
        "point_id": "46xtgo6",
        "point_name": "南部桥 东侧",
        "remark": "第二话中，抚子回家的路上。"
      },
      "type": "Feature"
    },
    {
      "geometry": {
        "coordinates": [
          138.45211,
          35.328598
        ],
        "type": "Point"
      },
      "properties": {
        "bangumi_id": 405785,
        "bangumi_title": "摇曳露营△ 三期",
        "ep_cut": 2,
        "image_url": "https://w.junreimap.com/images/points/405785/46xx31g_1756137252104.jpg",
        "location": "甲斐大島（身延町-山梨）",
        "point_id": "46xx31g",
        "point_name": "甲斐大島駅",
        "remark": "第2话中，抚子在这里和犬子与小明道别。"
      },
      "type": "Feature"
    },
    {
      "geometry": {
        "coordinates": [
          138.45211,
          35.328581
        ],
        "type": "Point"
      },
      "properties": {
        "bangumi_id": 405785,
        "bangumi_title": "摇曳露营△ 三期",
        "ep_cut": 2,
        "image_url": "https://w.junreimap.com/images/points/405785/46xwgxy_1756137221411.jpg",
        "location": "甲斐大島（身延町-山梨）",
        "point_id": "46xwgxy",
        "point_name": "甲斐大島駅",
        "remark": "第2话中，抚子在这里和犬子与小明道别。"
      },
      "type": "Feature"
    },
    {
      "geometry": {
        "coordinates": [
          138.452082,
          35.328598
        ],
        "type": "Point"
      },
      "properties": {
        "bangumi_id": 405785,
        "bangumi_title": "摇曳露营△ 三期",
        "ep_cut": 2,
        "image_url": "https://w.junreimap.com/images/points/405785/46xx9uy_1756137258403.jpg",
        "location": "甲斐大島（身延町-山梨）",
        "point_id": "46xx9uy",
        "point_name": "甲斐大島駅",
        "remark": "第2话中，抚子在这里和犬子与小明道别。"
      },
      "type": "Feature"
    },
    {
      "geometry": {
        "coordinates": [
          138.45211,
          35.328612
        ],
        "type": "Point"
      },
      "properties": {
        "bangumi_id": 405785,
        "bangumi_title": "摇曳露营△ 三期",
        "ep_cut": 2,
        "image_url": "https://w.junreimap.com/images/points/405785/46xxcap_1756137260909.jpg",
        "location": "甲斐大島（身延町-山梨）",
        "point_id": "46xxcap",
        "point_name": "甲斐大島駅",
        "remark": "第2话中，抚子在这里和犬子与小明道别。"
      },
      "type": "Feature"
    },
    {
      "geometry": {
        "coordinates": [
          138.452111,
          35.328557
        ],
        "type": "Point"
      },
      "properties": {
        "bangumi_id": 405785,
        "bangumi_title": "摇曳露营△ 三期",
        "ep_cut": 2,
        "image_url": "https://w.junreimap.com/images/points/405785/46xwkii_1756137224393.jpg",
        "location": "甲斐大島（身延町-山梨）",
        "point_id": "46xwkii",
        "point_name": "甲斐大島駅",
        "remark": "第2话中，抚子在这里和犬子与小明道别。"
      },
      "type": "Feature"
    },
    {
      "geometry": {
        "coordinates": [
          138.451964,
          35.328194
        ],
        "type": "Point"
      },
      "properties": {
        "bangumi_id": 405785,
        "bangumi_title": "摇曳露营△ 三期",
        "ep_cut": 2,
        "image_url": "https://w.junreimap.com/images/user/1073/bangumi/405785/points/kxbdmk88w-1717176238844.jpg",
        "location": "甲斐大島（身延町-山梨）",
        "point_id": "kxbdmk88w",
        "point_name": "甲斐大島駅",
        "remark": "无人站"
      },
      "type": "Feature"
    },
    {
      "geometry": {
        "coordinates": [
          138.452079,
          35.328581
        ],
        "type": "Point"
      },
      "properties": {
        "bangumi_id": 405785,
        "bangumi_title": "摇曳露营△ 三期",
        "ep_cut": 2,
        "image_url": "https://w.junreimap.com/images/points/405785/46xwxk7_1756137245142.jpg",
        "location": "甲斐大島（身延町-山梨）",
        "point_id": "46xwxk7",
        "point_name": "甲斐大島駅",
        "remark": "第2话中，抚子在这里和犬子与小明道别。"
      },
      "type": "Feature"
    },
    {
      "geometry": {
        "coordinates": [
          138.452113,
          35.328535
        ],
        "type": "Point"
      },
      "properties": {
        "bangumi_id": 405785,
        "bangumi_title": "摇曳露营△ 三期",
        "ep_cut": 2,
        "image_url": "https://w.junreimap.com/images/points/405785/46xwmf4_1756137227071.jpg",
        "location": "甲斐大島（身延町-山梨）",
        "point_id": "46xwmf4",
        "point_name": "甲斐大島駅",
        "remark": "第2话中，抚子在这里和犬子与小明道别。"
      },
      "type": "Feature"
    },
    {
      "geometry": {
        "coordinates": [
          138.45208,
          35.328559
        ],
        "type": "Point"
      },
      "properties": {
        "bangumi_id": 405785,
        "bangumi_title": "摇曳露营△ 三期",
        "ep_cut": 2,
        "image_url": "https://w.junreimap.com/images/points/405785/46xwry7_1756137237473.jpg",
        "location": "甲斐大島（身延町-山梨）",
        "point_id": "46xwry7",
        "point_name": "甲斐大島駅",
        "remark": "第2话中，抚子在这里和犬子与小明道别。"
      },
      "type": "Feature"
    },
    {
      "geometry": {
        "coordinates": [
          138.452081,
          35.328535
        ],
        "type": "Point"
      },
      "properties": {
        "bangumi_id": 405785,
        "bangumi_title": "摇曳露营△ 三期",
        "ep_cut": 2,
        "image_url": "https://w.junreimap.com/images/points/405785/46xwolk_1756137230517.jpg",
        "location": "甲斐大島（身延町-山梨）",
        "point_id": "46xwolk",
        "point_name": "甲斐大島駅",
        "remark": "第2话中，抚子在这里和犬子与小明道别。"
      },
      "type": "Feature"
    },
    {
      "geometry": {
        "coordinates": [
          138.448547,
          35.326815
        ],
        "type": "Point"
      },
      "properties": {
        "bangumi_id": 405785,
        "bangumi_title": "摇曳露营△ 三期",
        "ep_cut": 2,
        "image_url": "https://w.junreimap.com/images/user/1073/bangumi/405785/points/kxbb34fsg-1717176120886.jpg",
        "location": "甲斐大島（身延町-山梨）",
        "point_id": "kxbb34fsg",
        "point_name": "富士川岸堤",
        "remark": ""
      },
      "type": "Feature"
    },
    {
      "geometry": {
        "coordinates": [
          138.45049,
          35.331567
        ],
        "type": "Point"
      },
      "properties": {
        "bangumi_id": 405785,
        "bangumi_title": "摇曳露营△ 三期",
        "ep_cut": 2,
        "image_url": "https://w.junreimap.com/images/user/1073/bangumi/405785/points/kxb1nazvd-1717175552256.jpg",
        "location": "甲斐大島（身延町-山梨）",
        "point_id": "kxb1nazvd",
        "point_name": "恵那の家（位置）",
        "remark": "取景，并不存在这栋建筑"
      },
      "type": "Feature"
    },
    {
      "geometry": {
        "coordinates": [
          138.480669,
          35.448677
        ],
        "type": "Point"
      },
      "properties": {
        "bangumi_id": 405785,
        "bangumi_title": "摇曳露营△ 三期",
        "ep_cut": 8,
        "image_url": "https://w.junreimap.com/images/user/1092/bangumi/405785/points/kxwpnglgg-1717222682112.jpg",
        "location": "甲斐常葉（身延町-山梨）",
        "point_id": "kxwpnglgg",
        "point_name": "常幸院",
        "remark": ""
      },
      "type": "Feature"
    },
    {
      "geometry": {
        "coordinates": [
          138.480836,
          35.448566
        ],
        "type": "Point"
      },
      "properties": {
        "bangumi_id": 405785,
        "bangumi_title": "摇曳露营△ 三期",
        "ep_cut": 8,
        "image_url": "https://w.junreimap.com/images/points/405785/488p36o_1756215825407.jpg",
        "location": "甲斐常葉（身延町-山梨）",
        "point_id": "488p36o",
        "point_name": "常幸院",
        "remark": "这狗超凶，建议不要随意靠近，我去的时候拴在大门右边而不是作品中的左边。"
      },
      "type": "Feature"
    },
    {
      "geometry": {
        "coordinates": [
          138.480527,
          35.44841
        ],
        "type": "Point"
      },
      "properties": {
        "bangumi_id": 405785,
        "bangumi_title": "摇曳露营△ 三期",
        "ep_cut": 8,
        "image_url": "https://w.junreimap.com/images/points/405785/4ww4zwx_1757706381395.jpg",
        "location": "甲斐常葉（身延町-山梨）",
        "point_id": "4ww4zwx",
        "point_name": "常幸院",
        "remark": "这狗超凶，建议不要随意靠近，我去的时候拴在大门右边而不是作品中的左边。"
      },
      "type": "Feature"
    },
    {
      "geometry": {
        "coordinates": [
          138.480654,
          35.448428
        ],
        "type": "Point"
      },
      "properties": {
        "bangumi_id": 405785,
        "bangumi_title": "摇曳露营△ 三期",
        "ep_cut": "",
        "image_url": "",
        "location": "甲斐常葉（身延町-山梨）",
        "point_id": "4ww641p",
        "point_name": "常幸院",
        "remark": "如果你带了常幸院五人合影的文件夹，可以在这里叠影。"
      },
      "type": "Feature"
    },
    {
      "geometry": {
        "coordinates": [
          138.47987,
          35.44863
        ],
        "type": "Point"
      },
      "properties": {
        "bangumi_id": 405785,
        "bangumi_title": "摇曳露营△ 三期",
        "ep_cut": 8,
        "image_url": "https://w.junreimap.com/images/user/1092/bangumi/405785/points/kxwxjm4uz-1717223166540.jpg",
        "location": "甲斐常葉（身延町-山梨）",
        "point_id": "kxwxjm4uz",
        "point_name": "常幸院 西侧 樱花树",
        "remark": ""
      },
      "type": "Feature"
    },
    {
      "geometry": {
        "coordinates": [
          138.477581,
          35.445211
        ],
        "type": "Point"
      },
      "properties": {
        "bangumi_id": 405785,
        "bangumi_title": "摇曳露营△ 三期",
        "ep_cut": 8,
        "image_url": "https://w.junreimap.com/images/user/1092/bangumi/405785/points/kxx1mhx1y-1717223408247.jpg",
        "location": "甲斐常葉（身延町-山梨）",
        "point_id": "kxx1mhx1y",
        "point_name": "常葉橋",
        "remark": ""
      },
      "type": "Feature"
    },
    {
      "geometry": {
        "coordinates": [
          138.477325,
          35.444905
        ],
        "type": "Point"
      },
      "properties": {
        "bangumi_id": 405785,
        "bangumi_title": "摇曳露营△ 三期",
        "ep_cut": 8,
        "image_url": "https://w.junreimap.com/images/user/1092/bangumi/405785/points/kxx32yoc4-1717223493821.jpg",
        "location": "甲斐常葉（身延町-山梨）",
        "point_id": "kxx32yoc4",
        "point_name": "甲斐常葉駅 前 樱花树",
        "remark": ""
      },
      "type": "Feature"
    },
    {
      "geometry": {
        "coordinates": [
          138.477326,
          35.444875
        ],
        "type": "Point"
      },
      "properties": {
        "bangumi_id": 405785,
        "bangumi_title": "摇曳露营△ 三期",
        "ep_cut": 8,
        "image_url": "https://w.junreimap.com/images/points/405785/4ww3xqa_1757706336616.jpg",
        "location": "甲斐常葉（身延町-山梨）",
        "point_id": "4ww3xqa",
        "point_name": "甲斐常葉駅 前 樱花树",
        "remark": ""
      },
      "type": "Feature"
    },
    {
      "geometry": {
        "coordinates": [
          138.477337,
          35.444939
        ],
        "type": "Point"
      },
      "properties": {
        "bangumi_id": 405785,
        "bangumi_title": "摇曳露营△ 三期",
        "ep_cut": 8,
        "image_url": "https://w.junreimap.com/images/points/405785/4ww45jk_1757706340983.jpg",
        "location": "甲斐常葉（身延町-山梨）",
        "point_id": "4ww45jk",
        "point_name": "甲斐常葉駅 前 樱花树",
        "remark": ""
      },
      "type": "Feature"
    },
    {
      "geometry": {
        "coordinates": [
          138.477359,
          35.444903
        ],
        "type": "Point"
      },
      "properties": {
        "bangumi_id": 405785,
        "bangumi_title": "摇曳露营△ 三期",
        "ep_cut": 8,
        "image_url": "https://w.junreimap.com/images/points/405785/4ww4akw_1757706346549.jpg",
        "location": "甲斐常葉（身延町-山梨）",
        "point_id": "4ww4akw",
        "point_name": "甲斐常葉駅 前 樱花树",
        "remark": ""
      },
      "type": "Feature"
    },
    {
      "geometry": {
        "coordinates": [
          138.477348,
          35.445022
        ],
        "type": "Point"
      },
      "properties": {
        "bangumi_id": 405785,
        "bangumi_title": "摇曳露营△ 三期",
        "ep_cut": 8,
        "image_url": "https://w.junreimap.com/images/points/405785/4ww4dfj_1757706350451.jpg",
        "location": "甲斐常葉（身延町-山梨）",
        "point_id": "4ww4dfj",
        "point_name": "甲斐常葉駅 前 樱花树",
        "remark": ""
      },
      "type": "Feature"
    },
    {
      "geometry": {
        "coordinates": [
          138.482469,
          35.444826
        ],
        "type": "Point"
      },
      "properties": {
        "bangumi_id": 405785,
        "bangumi_title": "摇曳露营△ 三期",
        "ep_cut": 5,
        "image_url": "https://w.junreimap.com/images/points/405785/4wsiq8g_1757700302286.jpg",
        "location": "甲斐常葉（身延町-山梨）",
        "point_id": "4wsiq8g",
        "point_name": "常葉バイパス",
        "remark": "久违的芝麻凛家"
      },
      "type": "Feature"
    },
    {
      "geometry": {
        "coordinates": [
          138.482623,
          35.444824
        ],
        "type": "Point"
      },
      "properties": {
        "bangumi_id": 405785,
        "bangumi_title": "摇曳露营△ 三期",
        "ep_cut": 5,
        "image_url": "https://w.junreimap.com/images/points/405785/4wsiu37_1757700306792.jpg",
        "location": "甲斐常葉（身延町-山梨）",
        "point_id": "4wsiu37",
        "point_name": "常葉バイパス",
        "remark": "久违的芝麻凛家"
      },
      "type": "Feature"
    },
    {
      "geometry": {
        "coordinates": [
          138.48127,
          35.448688
        ],
        "type": "Point"
      },
      "properties": {
        "bangumi_id": 405785,
        "bangumi_title": "摇曳露营△ 三期",
        "ep_cut": 1,
        "image_url": "https://w.junreimap.com/images/points/405785/4vbuvul_1757611849592.jpg",
        "location": "下部小校跡（身延町-山梨）",
        "point_id": "4vbuvul",
        "point_name": "下部小・中学校跡",
        "remark": "结构差距大到每次来都要怀疑一下自己是不是找错地方了"
      },
      "type": "Feature"
    },
    {
      "geometry": {
        "coordinates": [
          138.48157,
          35.448648
        ],
        "type": "Point"
      },
      "properties": {
        "bangumi_id": 405785,
        "bangumi_title": "摇曳露营△ 三期",
        "ep_cut": 1,
        "image_url": "https://w.junreimap.com/images/points/405785/4vbr37f_1757611672187.jpg",
        "location": "下部小校跡（身延町-山梨）",
        "point_id": "4vbr37f",
        "point_name": "下部小・中学校跡",
        "remark": "其实我觉得这个应该是东面那个入口，西面这个结构实在差太多了。东面入口可以在坡上隔着铁丝网拍到。"
      },
      "type": "Feature"
    },
    {
      "geometry": {
        "coordinates": [
          138.481348,
          35.448145
        ],
        "type": "Point"
      },
      "properties": {
        "bangumi_id": 405785,
        "bangumi_title": "摇曳露营△ 三期",
        "ep_cut": 12,
        "image_url": "https://w.junreimap.com/images/points/405785/4vbxg3g_1757611968070.jpg",
        "location": "下部小校跡（身延町-山梨）",
        "point_id": "4vbxg3g",
        "point_name": "下部小・中学校跡",
        "remark": "结构差距大到每次来都要怀疑一下自己是不是找错地方了"
      },
      "type": "Feature"
    },
    {
      "geometry": {
        "coordinates": [
          138.481187,
          35.448117
        ],
        "type": "Point"
      },
      "properties": {
        "bangumi_id": 405785,
        "bangumi_title": "摇曳露营△ 三期",
        "ep_cut": 12,
        "image_url": "https://w.junreimap.com/images/points/405785/4ww7pxu_1757706508155.jpg",
        "location": "下部小校跡（身延町-山梨）",
        "point_id": "4ww7pxu",
        "point_name": "下部小・中学校跡",
        "remark": ""
      },
      "type": "Feature"
    },
    {
      "geometry": {
        "coordinates": [
          138.481507,
          35.448124
        ],
        "type": "Point"
      },
      "properties": {
        "bangumi_id": 405785,
        "bangumi_title": "摇曳露营△ 三期",
        "ep_cut": 7,
        "image_url": "https://w.junreimap.com/images/points/405785/4vbw0z2_1757611901713.jpg",
        "location": "下部小校跡（身延町-山梨）",
        "point_id": "4vbw0z2",
        "point_name": "下部小・中学校跡",
        "remark": "结构差距大到每次来都要怀疑一下自己是不是找错地方了"
      },
      "type": "Feature"
    },
    {
      "geometry": {
        "coordinates": [
          138.481578,
          35.448455
        ],
        "type": "Point"
      },
      "properties": {
        "bangumi_id": 405785,
        "bangumi_title": "摇曳露营△ 三期",
        "ep_cut": 7,
        "image_url": "https://w.junreimap.com/images/points/405785/4vbw88z_1757611911212.jpg",
        "location": "下部小校跡（身延町-山梨）",
        "point_id": "4vbw88z",
        "point_name": "下部小・中学校跡",
        "remark": "结构差距大到每次来都要怀疑一下自己是不是找错地方了"
      },
      "type": "Feature"
    },
    {
      "geometry": {
        "coordinates": [
          138.48157,
          35.448422
        ],
        "type": "Point"
      },
      "properties": {
        "bangumi_id": 405785,
        "bangumi_title": "摇曳露营△ 三期",
        "ep_cut": 7,
        "image_url": "https://w.junreimap.com/images/points/405785/4vbwsm0_1757611939507.jpg",
        "location": "下部小校跡（身延町-山梨）",
        "point_id": "4vbwsm0",
        "point_name": "下部小・中学校跡",
        "remark": "结构差距大到每次来都要怀疑一下自己是不是找错地方了"
      },
      "type": "Feature"
    },
    {
      "geometry": {
        "coordinates": [
          138.481595,
          35.448532
        ],
        "type": "Point"
      },
      "properties": {
        "bangumi_id": 405785,
        "bangumi_title": "摇曳露营△ 三期",
        "ep_cut": 1,
        "image_url": "https://w.junreimap.com/images/points/405785/4vc2pfe_1757612232891.jpg",
        "location": "下部小校跡（身延町-山梨）",
        "point_id": "4vc2pfe",
        "point_name": "下部小・中学校跡",
        "remark": "结构差距大到每次来都要怀疑一下自己是不是找错地方了"
      },
      "type": "Feature"
    },
    {
      "geometry": {
        "coordinates": [
          138.481545,
          35.448277
        ],
        "type": "Point"
      },
      "properties": {
        "bangumi_id": 405785,
        "bangumi_title": "摇曳露营△ 三期",
        "ep_cut": 12,
        "image_url": "https://w.junreimap.com/images/points/405785/4vc3hgy_1757612250119.jpg",
        "location": "下部小校跡（身延町-山梨）",
        "point_id": "4vc3hgy",
        "point_name": "下部小・中学校跡",
        "remark": "结构差距大到每次来都要怀疑一下自己是不是找错地方了"
      },
      "type": "Feature"
    },
    {
      "geometry": {
        "coordinates": [
          138.481602,
          35.448551
        ],
        "type": "Point"
      },
      "properties": {
        "bangumi_id": 405785,
        "bangumi_title": "摇曳露营△ 三期",
        "ep_cut": 12,
        "image_url": "https://w.junreimap.com/images/points/405785/4vc3ya0_1757612271929.jpg",
        "location": "下部小校跡（身延町-山梨）",
        "point_id": "4vc3ya0",
        "point_name": "下部小・中学校跡",
        "remark": "结构差距大到每次来都要怀疑一下自己是不是找错地方了"
      },
      "type": "Feature"
    },
    {
      "geometry": {
        "coordinates": [
          138.481483,
          35.448527
        ],
        "type": "Point"
      },
      "properties": {
        "bangumi_id": 405785,
        "bangumi_title": "摇曳露营△ 三期",
        "ep_cut": 1,
        "image_url": "https://w.junreimap.com/images/points/405785/4vbsb8l_1757611729185.jpg",
        "location": "下部小校跡（身延町-山梨）",
        "point_id": "4vbsb8l",
        "point_name": "下部小・中学校跡",
        "remark": ""
      },
      "type": "Feature"
    },
    {
      "geometry": {
        "coordinates": [
          138.481458,
          35.448528
        ],
        "type": "Point"
      },
      "properties": {
        "bangumi_id": 405785,
        "bangumi_title": "摇曳露营△ 三期",
        "ep_cut": 1,
        "image_url": "https://w.junreimap.com/images/points/405785/4vbsg95_1757611738245.jpg",
        "location": "下部小校跡（身延町-山梨）",
        "point_id": "4vbsg95",
        "point_name": "下部小・中学校跡",
        "remark": ""
      },
      "type": "Feature"
    },
    {
      "geometry": {
        "coordinates": [
          138.482108,
          35.448095
        ],
        "type": "Point"
      },
      "properties": {
        "bangumi_id": 405785,
        "bangumi_title": "摇曳露营△ 三期",
        "ep_cut": 1,
        "image_url": "https://w.junreimap.com/images/points/405785/4vbsr6d_1757611749076.jpg",
        "location": "下部小校跡（身延町-山梨）",
        "point_id": "4vbsr6d",
        "point_name": "下部小・中学校跡",
        "remark": ""
      },
      "type": "Feature"
    },
    {
      "geometry": {
        "coordinates": [
          138.481434,
          35.448535
        ],
        "type": "Point"
      },
      "properties": {
        "bangumi_id": 405785,
        "bangumi_title": "摇曳露营△ 三期",
        "ep_cut": 1,
        "image_url": "https://w.junreimap.com/images/points/405785/4vbskjb_1757611741370.jpg",
        "location": "下部小校跡（身延町-山梨）",
        "point_id": "4vbskjb",
        "point_name": "下部小・中学校跡",
        "remark": ""
      },
      "type": "Feature"
    },
    {
      "geometry": {
        "coordinates": [
          138.481403,
          35.448537
        ],
        "type": "Point"
      },
      "properties": {
        "bangumi_id": 405785,
        "bangumi_title": "摇曳露营△ 三期",
        "ep_cut": 8,
        "image_url": "https://w.junreimap.com/images/points/405785/4vbx5e0_1757611954270.jpg",
        "location": "下部小校跡（身延町-山梨）",
        "point_id": "4vbx5e0",
        "point_name": "下部小・中学校跡",
        "remark": ""
      },
      "type": "Feature"
    },
    {
      "geometry": {
        "coordinates": [
          138.481369,
          35.448544
        ],
        "type": "Point"
      },
      "properties": {
        "bangumi_id": 405785,
        "bangumi_title": "摇曳露营△ 三期",
        "ep_cut": 8,
        "image_url": "https://w.junreimap.com/images/points/405785/4vbx701_1757611956302.jpg",
        "location": "下部小校跡（身延町-山梨）",
        "point_id": "4vbx701",
        "point_name": "下部小・中学校跡",
        "remark": ""
      },
      "type": "Feature"
    },
    {
      "geometry": {
        "coordinates": [
          138.481534,
          35.448726
        ],
        "type": "Point"
      },
      "properties": {
        "bangumi_id": 405785,
        "bangumi_title": "摇曳露营△ 三期",
        "ep_cut": 1,
        "image_url": "https://w.junreimap.com/images/points/405785/4vbsxjy_1757611757396.jpg",
        "location": "下部小校跡（身延町-山梨）",
        "point_id": "4vbsxjy",
        "point_name": "下部小・中学校跡",
        "remark": ""
      },
      "type": "Feature"
    },
    {
      "geometry": {
        "coordinates": [
          138.481518,
          35.448188
        ],
        "type": "Point"
      },
      "properties": {
        "bangumi_id": 405785,
        "bangumi_title": "摇曳露营△ 三期",
        "ep_cut": 7,
        "image_url": "https://w.junreimap.com/images/points/405785/4vbw4tx_1757611906746.jpg",
        "location": "下部小校跡（身延町-山梨）",
        "point_id": "4vbw4tx",
        "point_name": "下部小・中学校跡",
        "remark": ""
      },
      "type": "Feature"
    },
    {
      "geometry": {
        "coordinates": [
          138.481528,
          35.448224
        ],
        "type": "Point"
      },
      "properties": {
        "bangumi_id": 405785,
        "bangumi_title": "摇曳露营△ 三期",
        "ep_cut": 8,
        "image_url": "https://w.junreimap.com/images/points/405785/4vbx0qs_1757611948107.jpg",
        "location": "下部小校跡（身延町-山梨）",
        "point_id": "4vbx0qs",
        "point_name": "下部小・中学校跡",
        "remark": ""
      },
      "type": "Feature"
    },
    {
      "geometry": {
        "coordinates": [
          138.480985,
          35.447925
        ],
        "type": "Point"
      },
      "properties": {
        "bangumi_id": 405785,
        "bangumi_title": "摇曳露营△ 三期",
        "ep_cut": 1,
        "image_url": "https://w.junreimap.com/images/points/405785/4vburra_1757611843220.jpg",
        "location": "下部小校跡（身延町-山梨）",
        "point_id": "4vburra",
        "point_name": "下部小・中学校跡",
        "remark": ""
      },
      "type": "Feature"
    },
    {
      "geometry": {
        "coordinates": [
          138.48104,
          35.447993
        ],
        "type": "Point"
      },
      "properties": {
        "bangumi_id": 405785,
        "bangumi_title": "摇曳露营△ 三期",
        "ep_cut": 12,
        "image_url": "https://w.junreimap.com/images/points/405785/4vc4hpu_1757612296871.jpg",
        "location": "下部小校跡（身延町-山梨）",
        "point_id": "4vc4hpu",
        "point_name": "下部小・中学校跡",
        "remark": ""
      },
      "type": "Feature"
    },
    {
      "geometry": {
        "coordinates": [
          138.480668,
          35.447534
        ],
        "type": "Point"
      },
      "properties": {
        "bangumi_id": 405785,
        "bangumi_title": "摇曳露营△ 三期",
        "ep_cut": 8,
        "image_url": "https://w.junreimap.com/images/user/1092/bangumi/405785/points/kxwmcwz1n-1717222546374.jpg",
        "location": "下部小校跡（身延町-山梨）",
        "point_id": "kxwmcwz1n",
        "point_name": "本栖高校前樱花树",
        "remark": ""
      },
      "type": "Feature"
    },
    {
      "geometry": {
        "coordinates": [
          138.480956,
          35.447885
        ],
        "type": "Point"
      },
      "properties": {
        "bangumi_id": 405785,
        "bangumi_title": "摇曳露营△ 三期",
        "ep_cut": 1,
        "image_url": "https://w.junreimap.com/images/points/405785/4vbuzy0_1757611857090.jpg",
        "location": "下部小校跡（身延町-山梨）",
        "point_id": "4vbuzy0",
        "point_name": "下部小・中学校跡",
        "remark": ""
      },
      "type": "Feature"
    },
    {
      "geometry": {
        "coordinates": [
          138.481005,
          35.447892
        ],
        "type": "Point"
      },
      "properties": {
        "bangumi_id": 405785,
        "bangumi_title": "摇曳露营△ 三期",
        "ep_cut": 1,
        "image_url": "https://w.junreimap.com/images/points/405785/4vbv4u8_1757611860385.jpg",
        "location": "下部小校跡（身延町-山梨）",
        "point_id": "4vbv4u8",
        "point_name": "下部小・中学校跡",
        "remark": ""
      },
      "type": "Feature"
    },
    {
      "geometry": {
        "coordinates": [
          138.481007,
          35.447958
        ],
        "type": "Point"
      },
      "properties": {
        "bangumi_id": 405785,
        "bangumi_title": "摇曳露营△ 三期",
        "ep_cut": 1,
        "image_url": "https://w.junreimap.com/images/points/405785/4vbv87q_1757611864825.jpg",
        "location": "下部小校跡（身延町-山梨）",
        "point_id": "4vbv87q",
        "point_name": "下部小・中学校跡",
        "remark": ""
      },
      "type": "Feature"
    },
    {
      "geometry": {
        "coordinates": [
          138.480938,
          35.447842
        ],
        "type": "Point"
      },
      "properties": {
        "bangumi_id": 405785,
        "bangumi_title": "摇曳露营△ 三期",
        "ep_cut": 1,
        "image_url": "https://w.junreimap.com/images/points/405785/4vbvclc_1757611870224.jpg",
        "location": "下部小校跡（身延町-山梨）",
        "point_id": "4vbvclc",
        "point_name": "下部小・中学校跡",
        "remark": ""
      },
      "type": "Feature"
    },
    {
      "geometry": {
        "coordinates": [
          138.480587,
          35.447511
        ],
        "type": "Point"
      },
      "properties": {
        "bangumi_id": 405785,
        "bangumi_title": "摇曳露营△ 三期",
        "ep_cut": 1,
        "image_url": "https://w.junreimap.com/images/points/405785/4vc6xv7_1757612437108.jpg",
        "location": "下部小校跡（身延町-山梨）",
        "point_id": "4vc6xv7",
        "point_name": "下部小・中学校跡",
        "remark": ""
      },
      "type": "Feature"
    },
    {
      "geometry": {
        "coordinates": [
          138.480646,
          35.447472
        ],
        "type": "Point"
      },
      "properties": {
        "bangumi_id": 405785,
        "bangumi_title": "摇曳露营△ 三期",
        "ep_cut": 1,
        "image_url": "https://w.junreimap.com/images/points/405785/4vc7kmt_1757612441649.jpg",
        "location": "下部小校跡（身延町-山梨）",
        "point_id": "4vc7kmt",
        "point_name": "下部小・中学校跡",
        "remark": ""
      },
      "type": "Feature"
    },
    {
      "geometry": {
        "coordinates": [
          138.480514,
          35.447452
        ],
        "type": "Point"
      },
      "properties": {
        "bangumi_id": 405785,
        "bangumi_title": "摇曳露营△ 三期",
        "ep_cut": 1,
        "image_url": "https://w.junreimap.com/images/points/405785/4vc7n2u_1757612444206.jpg",
        "location": "下部小校跡（身延町-山梨）",
        "point_id": "4vc7n2u",
        "point_name": "下部小・中学校跡",
        "remark": ""
      },
      "type": "Feature"
    },
    {
      "geometry": {
        "coordinates": [
          138.481784,
          35.448527
        ],
        "type": "Point"
      },
      "properties": {
        "bangumi_id": 405785,
        "bangumi_title": "摇曳露营△ 三期",
        "ep_cut": 1,
        "image_url": "https://w.junreimap.com/images/points/405785/4vb6x17_1757610736345.jpg",
        "location": "捏他商品与联动商品",
        "point_id": "4vb6x17",
        "point_name": "本栖高校前樱花树",
        "remark": "此处捏他的应该是ワンダ 特製カフェオレ"
      },
      "type": "Feature"
    },
    {
      "geometry": {
        "coordinates": [
          138.481758,
          35.448527
        ],
        "type": "Point"
      },
      "properties": {
        "bangumi_id": 405785,
        "bangumi_title": "摇曳露营△ 三期",
        "ep_cut": 1,
        "image_url": "https://w.junreimap.com/images/points/405785/4vb7j0w_1757610762698.jpg",
        "location": "捏他商品与联动商品",
        "point_id": "4vb7j0w",
        "point_name": "Smirnoff 伏特加 & Spirytus",
        "remark": "左侧原型是Smirnoff的标志性伏特加瓶身，右侧应该是致敬生命之水。"
      },
      "type": "Feature"
    },
    {
      "geometry": {
        "coordinates": [
          138.481818,
          35.44853
        ],
        "type": "Point"
      },
      "properties": {
        "bangumi_id": 405785,
        "bangumi_title": "摇曳露营△ 三期",
        "ep_cut": 1,
        "image_url": "https://w.junreimap.com/images/points/405785/4vbqa7f_1757611636072.jpg",
        "location": "捏他商品与联动商品",
        "point_id": "4vbqa7f",
        "point_name": "Suntory グレープソーダ",
        "remark": "左侧的葡萄味汽水应该是捏他的Suntory グレープソーダ"
      },
      "type": "Feature"
    },
    {
      "geometry": {
        "coordinates": [
          138.425306,
          35.37653
        ],
        "type": "Point"
      },
      "properties": {
        "bangumi_id": 405785,
        "bangumi_title": "摇曳露营△ 三期",
        "ep_cut": 1,
        "image_url": "https://w.junreimap.com/images/points/405785/4vbiet4_1757611268318.jpg",
        "location": "捏他商品与联动商品",
        "point_id": "4vbiet4",
        "point_name": "『ゆるキャン△SEASON３』ぶどう牛乳",
        "remark": "武州屋x园林x摇曳露营 推出了这款葡萄味牛乳的联动产品，售价850日元，2024年12月11日开始出售，附赠同款柄图贴纸一张。如果只是想单纯尝尝啥味，也可以考虑栃木乳業的ぶどう牛乳。"
      },
      "type": "Feature"
    },
    {
      "geometry": {
        "coordinates": [
          138.524069,
          35.475091
        ],
        "type": "Point"
      },
      "properties": {
        "bangumi_id": 405785,
        "bangumi_title": "摇曳露营△ 三期",
        "ep_cut": 2,
        "image_url": "https://w.junreimap.com/images/points/405785/46y3ze1_1756137571377.jpg",
        "location": "古关（身延町-山梨）",
        "point_id": "46y3ze1",
        "point_name": "旧古関郵便局",
        "remark": "虽然这个取景地标是经过官方确认的，但外形结构并不完全一致，可以不来。"
      },
      "type": "Feature"
    },
    {
      "geometry": {
        "coordinates": [
          138.524731,
          35.476048
        ],
        "type": "Point"
      },
      "properties": {
        "bangumi_id": 405785,
        "bangumi_title": "摇曳露营△ 三期",
        "ep_cut": 2,
        "image_url": "https://w.junreimap.com/images/points/405785/4v6x9bn_1757603563518.jpg",
        "location": "古关（身延町-山梨）",
        "point_id": "4v6x9bn",
        "point_name": "旧古関郵便局 北侧",
        "remark": "不太一致，可以不来。"
      },
      "type": "Feature"
    },
    {
      "geometry": {
        "coordinates": [
          138.437822,
          35.432792
        ],
        "type": "Point"
      },
      "properties": {
        "bangumi_id": 405785,
        "bangumi_title": "摇曳露营△ 三期",
        "ep_cut": 11,
        "image_url": "https://w.junreimap.com/images/user/1093/bangumi/405785/points/2ju90h2-1752563636667.jpg",
        "location": "波高岛（身延町-山梨）",
        "point_id": "2ju90h2",
        "point_name": "ブレーキめっちゃ効く",
        "remark": ""
      },
      "type": "Feature"
    },
    {
      "geometry": {
        "coordinates": [
          138.437731,
          35.432964
        ],
        "type": "Point"
      },
      "properties": {
        "bangumi_id": 405785,
        "bangumi_title": "摇曳露营△ 三期",
        "ep_cut": 11,
        "image_url": "https://w.junreimap.com/images/user/1093/bangumi/405785/points/2ju0yvj-1752563236535.jpg",
        "location": "波高岛（身延町-山梨）",
        "point_id": "2ju0yvj",
        "point_name": "犬山葵の家モデル",
        "remark": "现实中是一片农田。旁边建筑外观很像，可能有参考"
      },
      "type": "Feature"
    },
    {
      "geometry": {
        "coordinates": [
          138.437684,
          35.432887
        ],
        "type": "Point"
      },
      "properties": {
        "bangumi_id": 405785,
        "bangumi_title": "摇曳露营△ 三期",
        "ep_cut": 11,
        "image_url": "https://w.junreimap.com/images/user/1093/bangumi/405785/points/2ju5iwg-1752563435097.jpg",
        "location": "波高岛（身延町-山梨）",
        "point_id": "2ju5iwg",
        "point_name": "犬山家の外",
        "remark": "目送开车送来自行车的姑姑"
      },
      "type": "Feature"
    },
    {
      "geometry": {
        "coordinates": [
          138.437736,
          35.432858
        ],
        "type": "Point"
      },
      "properties": {
        "bangumi_id": 405785,
        "bangumi_title": "摇曳露营△ 三期",
        "ep_cut": 11,
        "image_url": "https://w.junreimap.com/images/user/1093/bangumi/405785/points/2ju6ycg-1752563495389.jpg",
        "location": "波高岛（身延町-山梨）",
        "point_id": "2ju6ycg",
        "point_name": "葵と自転車",
        "remark": ""
      },
      "type": "Feature"
    },
    {
      "geometry": {
        "coordinates": [
          138.444486,
          35.423442
        ],
        "type": "Point"
      },
      "properties": {
        "bangumi_id": 405785,
        "bangumi_title": "摇曳露营△ 三期",
        "ep_cut": 11,
        "image_url": "https://w.junreimap.com/images/points/405785/4vb1ebm_1757610489850.jpg",
        "location": "波高岛（身延町-山梨）",
        "point_id": "4vb1ebm",
        "point_name": "セブン​イレブン\n身延​下山​店",
        "remark": ""
      },
      "type": "Feature"
    },
    {
      "geometry": {
        "coordinates": [
          138.444504,
          35.423317
        ],
        "type": "Point"
      },
      "properties": {
        "bangumi_id": 405785,
        "bangumi_title": "摇曳露营△ 三期",
        "ep_cut": 11,
        "image_url": "https://w.junreimap.com/images/points/405785/4vb1vvt_1757610496483.jpg",
        "location": "波高岛（身延町-山梨）",
        "point_id": "4vb1vvt",
        "point_name": "セブン​イレブン身延​下山​店",
        "remark": ""
      },
      "type": "Feature"
    },
    {
      "geometry": {
        "coordinates": [
          138.444501,
          35.423384
        ],
        "type": "Point"
      },
      "properties": {
        "bangumi_id": 405785,
        "bangumi_title": "摇曳露营△ 三期",
        "ep_cut": 11,
        "image_url": "https://w.junreimap.com/images/user/1092/bangumi/405785/points/lbjws588u-1718291960737.jpg",
        "location": "波高岛（身延町-山梨）",
        "point_id": "lbjws588u",
        "point_name": "セブン​イレブン\n身延​下山​店",
        "remark": ""
      },
      "type": "Feature"
    },
    {
      "geometry": {
        "coordinates": [
          138.459534,
          35.418437
        ],
        "type": "Point"
      },
      "properties": {
        "bangumi_id": 405785,
        "bangumi_title": "摇曳露营△ 三期",
        "ep_cut": 10,
        "image_url": "https://w.junreimap.com/images/user/1092/bangumi/405785/points/l3ysexody-1717697384468.jpg",
        "location": "波高岛（身延町-山梨）",
        "point_id": "l3ysexody",
        "point_name": "波高岛站",
        "remark": ""
      },
      "type": "Feature"
    },
    {
      "geometry": {
        "coordinates": [
          138.459576,
          35.418463
        ],
        "type": "Point"
      },
      "properties": {
        "bangumi_id": 405785,
        "bangumi_title": "摇曳露营△ 三期",
        "ep_cut": 10,
        "image_url": "https://w.junreimap.com/images/points/405785/4val07m_1757609708186.jpg",
        "location": "波高岛（身延町-山梨）",
        "point_id": "4val07m",
        "point_name": "波高岛站",
        "remark": "无人站。顺便一提，这个站以及下一站的下部温泉站也在静冈mini pass的有效范围内。"
      },
      "type": "Feature"
    },
    {
      "geometry": {
        "coordinates": [
          138.459145,
          35.418218
        ],
        "type": "Point"
      },
      "properties": {
        "bangumi_id": 405785,
        "bangumi_title": "摇曳露营△ 三期",
        "ep_cut": 10,
        "image_url": "https://w.junreimap.com/images/user/1092/bangumi/405785/points/l3yyzky7c-1717697765713.jpg",
        "location": "波高岛（身延町-山梨）",
        "point_id": "l3yyzky7c",
        "point_name": "波高島",
        "remark": ""
      },
      "type": "Feature"
    },
    {
      "geometry": {
        "coordinates": [
          138.45417,
          35.41999
        ],
        "type": "Point"
      },
      "properties": {
        "bangumi_id": 405785,
        "bangumi_title": "摇曳露营△ 三期",
        "ep_cut": 11,
        "image_url": "https://w.junreimap.com/images/user/1092/bangumi/405785/points/lbjz75dpx-1718292048261.jpg",
        "location": "波高岛（身延町-山梨）",
        "point_id": "lbjz75dpx",
        "point_name": "富山橋",
        "remark": ""
      },
      "type": "Feature"
    },
    {
      "geometry": {
        "coordinates": [
          138.437205,
          35.41904
        ],
        "type": "Point"
      },
      "properties": {
        "bangumi_id": 405785,
        "bangumi_title": "摇曳露营△ 三期",
        "ep_cut": 10,
        "image_url": "https://w.junreimap.com/images/points/405785/4vamawc_1757609768829.jpg",
        "location": "富士川CraftPark（波高岛-身延町-山梨）",
        "point_id": "4vamawc",
        "point_name": "富士川​クラフト​パーク",
        "remark": ""
      },
      "type": "Feature"
    },
    {
      "geometry": {
        "coordinates": [
          138.437632,
          35.41932
        ],
        "type": "Point"
      },
      "properties": {
        "bangumi_id": 405785,
        "bangumi_title": "摇曳露营△ 三期",
        "ep_cut": 10,
        "image_url": "https://w.junreimap.com/images/points/405785/4vaz6rj_1757610370780.jpg",
        "location": "富士川CraftPark（波高岛-身延町-山梨）",
        "point_id": "4vaz6rj",
        "point_name": "富士川​クラフト​パーク",
        "remark": ""
      },
      "type": "Feature"
    },
    {
      "geometry": {
        "coordinates": [
          138.436805,
          35.418337
        ],
        "type": "Point"
      },
      "properties": {
        "bangumi_id": 405785,
        "bangumi_title": "摇曳露营△ 三期",
        "ep_cut": 10,
        "image_url": "https://w.junreimap.com/images/points/405785/4vaqhgu_1757609963963.jpg",
        "location": "富士川CraftPark（波高岛-身延町-山梨）",
        "point_id": "4vaqhgu",
        "point_name": "富士川​クラフト​パーク",
        "remark": "（待核实点位）"
      },
      "type": "Feature"
    },
    {
      "geometry": {
        "coordinates": [
          138.441106,
          35.417328
        ],
        "type": "Point"
      },
      "properties": {
        "bangumi_id": 405785,
        "bangumi_title": "摇曳露营△ 三期",
        "ep_cut": 10,
        "image_url": "https://w.junreimap.com/images/points/405785/4vazpql_1757610394374.jpg",
        "location": "富士川CraftPark（波高岛-身延町-山梨）",
        "point_id": "4vazpql",
        "point_name": "富士川​クラフト​パーク",
        "remark": "后面的小红屋是东北方的厕所。"
      },
      "type": "Feature"
    },
    {
      "geometry": {
        "coordinates": [
          138.440569,
          35.416993
        ],
        "type": "Point"
      },
      "properties": {
        "bangumi_id": 405785,
        "bangumi_title": "摇曳露营△ 三期",
        "ep_cut": 10,
        "image_url": "https://w.junreimap.com/images/points/405785/4vao4h9_1757609854137.jpg",
        "location": "富士川CraftPark（波高岛-身延町-山梨）",
        "point_id": "4vao4h9",
        "point_name": "富士川​クラフト​パーク",
        "remark": "长椅位置在厕所西南方向"
      },
      "type": "Feature"
    },
    {
      "geometry": {
        "coordinates": [
          138.440686,
          35.417133
        ],
        "type": "Point"
      },
      "properties": {
        "bangumi_id": 405785,
        "bangumi_title": "摇曳露营△ 三期",
        "ep_cut": 10,
        "image_url": "https://w.junreimap.com/images/points/405785/4vb04wy_1757610414274.jpg",
        "location": "富士川CraftPark（波高岛-身延町-山梨）",
        "point_id": "4vb04wy",
        "point_name": "富士川​クラフト​パーク",
        "remark": "长椅位置在厕所西南方向"
      },
      "type": "Feature"
    },
    {
      "geometry": {
        "coordinates": [
          138.440648,
          35.417111
        ],
        "type": "Point"
      },
      "properties": {
        "bangumi_id": 405785,
        "bangumi_title": "摇曳露营△ 三期",
        "ep_cut": 10,
        "image_url": "https://w.junreimap.com/images/points/405785/4vb07jl_1757610418405.jpg",
        "location": "富士川CraftPark（波高岛-身延町-山梨）",
        "point_id": "4vb07jl",
        "point_name": "富士川​クラフト​パーク",
        "remark": "长椅位置在厕所西南方向"
      },
      "type": "Feature"
    },
    {
      "geometry": {
        "coordinates": [
          138.44068,
          35.417082
        ],
        "type": "Point"
      },
      "properties": {
        "bangumi_id": 405785,
        "bangumi_title": "摇曳露营△ 三期",
        "ep_cut": 10,
        "image_url": "https://w.junreimap.com/images/points/405785/4varoe7_1757610019924.jpg",
        "location": "富士川CraftPark（波高岛-身延町-山梨）",
        "point_id": "4varoe7",
        "point_name": "富士川​クラフト​パーク",
        "remark": "长椅位置在厕所西南方向"
      },
      "type": "Feature"
    },
    {
      "geometry": {
        "coordinates": [
          138.440609,
          35.417082
        ],
        "type": "Point"
      },
      "properties": {
        "bangumi_id": 405785,
        "bangumi_title": "摇曳露营△ 三期",
        "ep_cut": 10,
        "image_url": "https://w.junreimap.com/images/points/405785/4vb0at8_1757610421435.jpg",
        "location": "富士川CraftPark（波高岛-身延町-山梨）",
        "point_id": "4vb0at8",
        "point_name": "富士川​クラフト​パーク",
        "remark": "长椅位置在厕所西南方向"
      },
      "type": "Feature"
    },
    {
      "geometry": {
        "coordinates": [
          138.440711,
          35.417101
        ],
        "type": "Point"
      },
      "properties": {
        "bangumi_id": 405785,
        "bangumi_title": "摇曳露营△ 三期",
        "ep_cut": 10,
        "image_url": "https://w.junreimap.com/images/points/405785/4vasjpl_1757610060115.jpg",
        "location": "富士川CraftPark（波高岛-身延町-山梨）",
        "point_id": "4vasjpl",
        "point_name": "富士川​クラフト​パーク",
        "remark": "长椅位置在厕所西南方向"
      },
      "type": "Feature"
    },
    {
      "geometry": {
        "coordinates": [
          138.440586,
          35.417012
        ],
        "type": "Point"
      },
      "properties": {
        "bangumi_id": 405785,
        "bangumi_title": "摇曳露营△ 三期",
        "ep_cut": 10,
        "image_url": "https://w.junreimap.com/images/points/405785/4vao7lv_1757609857591.jpg",
        "location": "富士川CraftPark（波高岛-身延町-山梨）",
        "point_id": "4vao7lv",
        "point_name": "富士川​クラフト​パーク",
        "remark": "长椅位置在厕所西南方向"
      },
      "type": "Feature"
    },
    {
      "geometry": {
        "coordinates": [
          138.440652,
          35.417056
        ],
        "type": "Point"
      },
      "properties": {
        "bangumi_id": 405785,
        "bangumi_title": "摇曳露营△ 三期",
        "ep_cut": 10,
        "image_url": "https://w.junreimap.com/images/points/405785/4vaqtpk_1757609980477.jpg",
        "location": "富士川CraftPark（波高岛-身延町-山梨）",
        "point_id": "4vaqtpk",
        "point_name": "富士川​クラフト​パーク",
        "remark": "长椅位置在厕所西南方向"
      },
      "type": "Feature"
    },
    {
      "geometry": {
        "coordinates": [
          138.440539,
          35.416974
        ],
        "type": "Point"
      },
      "properties": {
        "bangumi_id": 405785,
        "bangumi_title": "摇曳露营△ 三期",
        "ep_cut": 10,
        "image_url": "https://w.junreimap.com/images/user/1092/bangumi/405785/points/l3z0shg09-1717697965175.jpg",
        "location": "富士川CraftPark（波高岛-身延町-山梨）",
        "point_id": "l3z0shg09",
        "point_name": "富士川​クラフト​パーク",
        "remark": ""
      },
      "type": "Feature"
    },
    {
      "geometry": {
        "coordinates": [
          138.42653,
          35.369104
        ],
        "type": "Point"
      },
      "properties": {
        "bangumi_id": 405785,
        "bangumi_title": "摇曳露营△ 三期",
        "ep_cut": 9,
        "image_url": "https://w.junreimap.com/images/user/1092/bangumi/405785/points/kxyfkn08m-1717226463058.jpg",
        "location": "身延山（身延町-山梨）",
        "point_id": "kxyfkn08m",
        "point_name": "久遠寺総門",
        "remark": ""
      },
      "type": "Feature"
    },
    {
      "geometry": {
        "coordinates": [
          138.426573,
          35.368859
        ],
        "type": "Point"
      },
      "properties": {
        "bangumi_id": 405785,
        "bangumi_title": "摇曳露营△ 三期",
        "ep_cut": 9,
        "image_url": "https://w.junreimap.com/images/points/405785/4v6otbc_1757603168031.jpg",
        "location": "身延山（身延町-山梨）",
        "point_id": "4v6otbc",
        "point_name": "久遠寺総門",
        "remark": ""
      },
      "type": "Feature"
    },
    {
      "geometry": {
        "coordinates": [
          138.424619,
          35.377576
        ],
        "type": "Point"
      },
      "properties": {
        "bangumi_id": 405785,
        "bangumi_title": "摇曳露营△ 三期",
        "ep_cut": 9,
        "image_url": "https://w.junreimap.com/images/user/1092/bangumi/405785/points/kxyjsaukp-1717226701573.jpg",
        "location": "身延山（身延町-山梨）",
        "point_id": "kxyjsaukp",
        "point_name": "身延山",
        "remark": ""
      },
      "type": "Feature"
    },
    {
      "geometry": {
        "coordinates": [
          138.425387,
          35.372936
        ],
        "type": "Point"
      },
      "properties": {
        "bangumi_id": 405785,
        "bangumi_title": "摇曳露营△ 三期",
        "ep_cut": 9,
        "image_url": "https://w.junreimap.com/images/points/405785/4v6s5zj_1757603324472.jpg",
        "location": "身延山（身延町-山梨）",
        "point_id": "4v6s5zj",
        "point_name": "身延山",
        "remark": "我不太记得这个路口具体在哪了，应该就是这个路口或武井坊前的路口。反正都是上山的必经之路，总能找到的。\n在香云桥车站附近下车就能拍到了"
      },
      "type": "Feature"
    },
    {
      "geometry": {
        "coordinates": [
          138.424719,
          35.377456
        ],
        "type": "Point"
      },
      "properties": {
        "bangumi_id": 405785,
        "bangumi_title": "摇曳露营△ 三期",
        "ep_cut": 9,
        "image_url": "https://w.junreimap.com/images/points/405785/4v6u1wc_1757603412446.jpg",
        "location": "身延山（身延町-山梨）",
        "point_id": "4v6u1wc",
        "point_name": "身延山",
        "remark": "我不太记得这个路口具体在哪了，应该就是这个路口或武井坊前的路口。反正都是上山的必经之路，总能找到的。"
      },
      "type": "Feature"
    },
    {
      "geometry": {
        "coordinates": [
          138.427373,
          35.37981
        ],
        "type": "Point"
      },
      "properties": {
        "bangumi_id": 405785,
        "bangumi_title": "摇曳露营△ 三期",
        "ep_cut": 9,
        "image_url": "https://w.junreimap.com/images/points/405785/4v6um72_1757603441020.jpg",
        "location": "身延山（身延町-山梨）",
        "point_id": "4v6um72",
        "point_name": "身延山",
        "remark": ""
      },
      "type": "Feature"
    },
    {
      "geometry": {
        "coordinates": [
          138.429098,
          35.381034
        ],
        "type": "Point"
      },
      "properties": {
        "bangumi_id": 405785,
        "bangumi_title": "摇曳露营△ 三期",
        "ep_cut": 9,
        "image_url": "https://w.junreimap.com/images/user/1092/bangumi/405785/points/kxyofmzf6-1717226984478.jpg",
        "location": "身延山（身延町-山梨）",
        "point_id": "kxyofmzf6",
        "point_name": "身延山",
        "remark": ""
      },
      "type": "Feature"
    },
    {
      "geometry": {
        "coordinates": [
          138.43092,
          35.380935
        ],
        "type": "Point"
      },
      "properties": {
        "bangumi_id": 405785,
        "bangumi_title": "摇曳露营△ 三期",
        "ep_cut": 9,
        "image_url": "https://w.junreimap.com/images/points/405785/4v6v20u_1757603465293.jpg",
        "location": "身延山（身延町-山梨）",
        "point_id": "4v6v20u",
        "point_name": "身延山",
        "remark": "（待核对点位）\n作为辅助在参龙宿坊端场坊往行学寮走的方向有个拐弯点护栏上有E805G016处往下拍就是了"
      },
      "type": "Feature"
    },
    {
      "geometry": {
        "coordinates": [
          138.431596,
          35.381207
        ],
        "type": "Point"
      },
      "properties": {
        "bangumi_id": 405785,
        "bangumi_title": "摇曳露营△ 三期",
        "ep_cut": 9,
        "image_url": "https://w.junreimap.com/images/points/405785/4v6vqtd_1757603491335.jpg",
        "location": "身延山（身延町-山梨）",
        "point_id": "4v6vqtd",
        "point_name": "身延山",
        "remark": "（待核对点位）"
      },
      "type": "Feature"
    },
    {
      "geometry": {
        "coordinates": [
          138.431788,
          35.381795
        ],
        "type": "Point"
      },
      "properties": {
        "bangumi_id": 405785,
        "bangumi_title": "摇曳露营△ 三期",
        "ep_cut": 9,
        "image_url": "https://w.junreimap.com/images/points/405785/4v6vyw6_1757603502887.jpg",
        "location": "身延山（身延町-山梨）",
        "point_id": "4v6vyw6",
        "point_name": "身延山",
        "remark": "（待核对点位）"
      },
      "type": "Feature"
    },
    {
      "geometry": {
        "coordinates": [
          138.425569,
          35.381539
        ],
        "type": "Point"
      },
      "properties": {
        "bangumi_id": 405785,
        "bangumi_title": "摇曳露营△ 三期",
        "ep_cut": 9,
        "image_url": "https://w.junreimap.com/images/points/405785/4v6om5f_1757603161602.jpg",
        "location": "身延山（身延町-山梨）",
        "point_id": "4v6om5f",
        "point_name": "身延山久遠寺",
        "remark": "有两种方法到达：第一是从山下的三门处经过非常不平整的石子路，然后爬非常非常陡峭的超长台阶登上；第二种是从西侧的马路迂回上山。我怕摔伤，所以走了第二条路。"
      },
      "type": "Feature"
    },
    {
      "geometry": {
        "coordinates": [
          138.452281,
          35.361553
        ],
        "type": "Point"
      },
      "properties": {
        "bangumi_id": 405785,
        "bangumi_title": "摇曳露营△ 三期",
        "ep_cut": 11,
        "image_url": "https://w.junreimap.com/images/user/1092/bangumi/405785/points/lbk23iiw0-1718292227445.jpg",
        "location": "身延町-山梨",
        "point_id": "lbk23iiw0",
        "point_name": "栄昇堂",
        "remark": "在S01中也出现过的老字号日式点心店。作品中抚子最爱的身延馒头单价为65日元，口味非常非常甜。每日8.30AM开始贩售，6PM闭店，售完即止，水曜日定休。可使用附近的公共停车场（30台）Tel: 0556-62-1247"
      },
      "type": "Feature"
    },
    {
      "geometry": {
        "coordinates": [
          138.45234,
          35.361948
        ],
        "type": "Point"
      },
      "properties": {
        "bangumi_id": 405785,
        "bangumi_title": "摇曳露营△ 三期",
        "ep_cut": 11,
        "image_url": "https://w.junreimap.com/images/points/405785/4v563s6_1757600615364.jpg",
        "location": "身延町-山梨",
        "point_id": "4v563s6",
        "point_name": "栄昇堂 北侧",
        "remark": "在S01中也出现过的身延馒头，单价为65日元，口味非常非常甜。每日8.30AM开始贩售，6PM闭店，售完即止，水曜日定休。可使用附近的公共停车场（30台）Tel: 0556-62-1247"
      },
      "type": "Feature"
    },
    {
      "geometry": {
        "coordinates": [
          138.452184,
          35.361842
        ],
        "type": "Point"
      },
      "properties": {
        "bangumi_id": 405785,
        "bangumi_title": "摇曳露营△ 三期",
        "ep_cut": 11,
        "image_url": "https://w.junreimap.com/images/points/405785/4v568br_1757600621386.jpg",
        "location": "身延町-山梨",
        "point_id": "4v568br",
        "point_name": "栄昇堂 北侧",
        "remark": ""
      },
      "type": "Feature"
    },
    {
      "geometry": {
        "coordinates": [
          138.452272,
          35.361948
        ],
        "type": "Point"
      },
      "properties": {
        "bangumi_id": 405785,
        "bangumi_title": "摇曳露营△ 三期",
        "ep_cut": 11,
        "image_url": "https://w.junreimap.com/images/points/405785/4v56b6q_1757600627172.jpg",
        "location": "身延町-山梨",
        "point_id": "4v56b6q",
        "point_name": "栄昇堂 北侧",
        "remark": ""
      },
      "type": "Feature"
    },
    {
      "geometry": {
        "coordinates": [
          138.45236,
          35.362009
        ],
        "type": "Point"
      },
      "properties": {
        "bangumi_id": 405785,
        "bangumi_title": "摇曳露营△ 三期",
        "ep_cut": 11,
        "image_url": "https://w.junreimap.com/images/points/405785/4v56f8j_1757600630345.jpg",
        "location": "身延町-山梨",
        "point_id": "4v56f8j",
        "point_name": "栄昇堂 北侧",
        "remark": "在S01中也出现过的身延馒头，单价为65日元，口味非常非常甜。每日8.30AM开始贩售，6PM闭店，售完即止，水曜日定休。可使用附近的公共停车场（30台）Tel: 0556-62-1247"
      },
      "type": "Feature"
    },
    {
      "geometry": {
        "coordinates": [
          138.509488,
          35.248197
        ],
        "type": "Point"
      },
      "properties": {
        "bangumi_id": 405785,
        "bangumi_title": "摇曳露营△ 三期",
        "ep_cut": 10,
        "image_url": "https://w.junreimap.com/images/user/1069/bangumi/405785/points/l4i27gdbt-1717739678703.jpg",
        "location": "十岛（南部町-山梨）",
        "point_id": "l4i27gdbt",
        "point_name": "佐野川温泉　前",
        "remark": "佐野川温泉"
      },
      "type": "Feature"
    },
    {
      "geometry": {
        "coordinates": [
          138.509491,
          35.248374
        ],
        "type": "Point"
      },
      "properties": {
        "bangumi_id": 405785,
        "bangumi_title": "摇曳露营△ 三期",
        "ep_cut": 11,
        "image_url": "https://w.junreimap.com/images/points/405785/4v5b6o8_1757600852321.jpg",
        "location": "十岛（南部町-山梨）",
        "point_id": "4v5b6o8",
        "point_name": "佐野川温泉　前",
        "remark": ""
      },
      "type": "Feature"
    },
    {
      "geometry": {
        "coordinates": [
          138.509408,
          35.248284
        ],
        "type": "Point"
      },
      "properties": {
        "bangumi_id": 405785,
        "bangumi_title": "摇曳露营△ 三期",
        "ep_cut": 11,
        "image_url": "https://w.junreimap.com/images/points/405785/4v5b8u3_1757600856771.jpg",
        "location": "十岛（南部町-山梨）",
        "point_id": "4v5b8u3",
        "point_name": "佐野川温泉　前",
        "remark": ""
      },
      "type": "Feature"
    },
    {
      "geometry": {
        "coordinates": [
          138.509549,
          35.24766
        ],
        "type": "Point"
      },
      "properties": {
        "bangumi_id": 405785,
        "bangumi_title": "摇曳露营△ 三期",
        "ep_cut": 10,
        "image_url": "https://w.junreimap.com/images/points/405785/4v58iml_1757600727344.jpg",
        "location": "十岛（南部町-山梨）",
        "point_id": "4v58iml",
        "point_name": "佐野川温泉　前",
        "remark": "在建筑物南侧的路东边，很好找。"
      },
      "type": "Feature"
    },
    {
      "geometry": {
        "coordinates": [
          138.509392,
          35.248421
        ],
        "type": "Point"
      },
      "properties": {
        "bangumi_id": 405785,
        "bangumi_title": "摇曳露营△ 三期",
        "ep_cut": 10,
        "image_url": "https://w.junreimap.com/images/user/1093/bangumi/405785/points/l4m7alk1e-1717748346071.jpg",
        "location": "十岛（南部町-山梨）",
        "point_id": "l4m7alk1e",
        "point_name": "佐野川温泉　玄関",
        "remark": ""
      },
      "type": "Feature"
    },
    {
      "geometry": {
        "coordinates": [
          138.509441,
          35.248361
        ],
        "type": "Point"
      },
      "properties": {
        "bangumi_id": 405785,
        "bangumi_title": "摇曳露营△ 三期",
        "ep_cut": 10,
        "image_url": "https://w.junreimap.com/images/points/405785/4v5a8hf_1757600807391.jpg",
        "location": "十岛（南部町-山梨）",
        "point_id": "4v5a8hf",
        "point_name": "佐野川温泉　玄関",
        "remark": ""
      },
      "type": "Feature"
    },
    {
      "geometry": {
        "coordinates": [
          138.509387,
          35.248343
        ],
        "type": "Point"
      },
      "properties": {
        "bangumi_id": 405785,
        "bangumi_title": "摇曳露营△ 三期",
        "ep_cut": 10,
        "image_url": "https://w.junreimap.com/images/points/405785/4v5ac0j_1757600814321.jpg",
        "location": "十岛（南部町-山梨）",
        "point_id": "4v5ac0j",
        "point_name": "佐野川温泉　玄関",
        "remark": ""
      },
      "type": "Feature"
    },
    {
      "geometry": {
        "coordinates": [
          138.509349,
          35.248428
        ],
        "type": "Point"
      },
      "properties": {
        "bangumi_id": 405785,
        "bangumi_title": "摇曳露营△ 三期",
        "ep_cut": 10,
        "image_url": "https://w.junreimap.com/images/user/1093/bangumi/405785/points/l4m7v7oml-1717748381941.jpg",
        "location": "十岛（南部町-山梨）",
        "point_id": "l4m7v7oml",
        "point_name": "佐野川温泉　受付",
        "remark": ""
      },
      "type": "Feature"
    },
    {
      "geometry": {
        "coordinates": [
          138.509453,
          35.248465
        ],
        "type": "Point"
      },
      "properties": {
        "bangumi_id": 405785,
        "bangumi_title": "摇曳露营△ 三期",
        "ep_cut": 10,
        "image_url": "https://w.junreimap.com/images/points/405785/4v5ampk_1757600825840.jpg",
        "location": "十岛（南部町-山梨）",
        "point_id": "4v5ampk",
        "point_name": "佐野川温泉　更衣室",
        "remark": ""
      },
      "type": "Feature"
    },
    {
      "geometry": {
        "coordinates": [
          138.509471,
          35.24847
        ],
        "type": "Point"
      },
      "properties": {
        "bangumi_id": 405785,
        "bangumi_title": "摇曳露营△ 三期",
        "ep_cut": 10,
        "image_url": "https://w.junreimap.com/images/points/405785/4v5aofq_1757600828167.jpg",
        "location": "十岛（南部町-山梨）",
        "point_id": "4v5aofq",
        "point_name": "佐野川温泉　浴场",
        "remark": ""
      },
      "type": "Feature"
    },
    {
      "geometry": {
        "coordinates": [
          138.509478,
          35.248453
        ],
        "type": "Point"
      },
      "properties": {
        "bangumi_id": 405785,
        "bangumi_title": "摇曳露营△ 三期",
        "ep_cut": 11,
        "image_url": "https://w.junreimap.com/images/points/405785/4v5atmm_1757600834829.jpg",
        "location": "十岛（南部町-山梨）",
        "point_id": "4v5atmm",
        "point_name": "佐野川温泉　休息室",
        "remark": ""
      },
      "type": "Feature"
    },
    {
      "geometry": {
        "coordinates": [
          138.509517,
          35.24846
        ],
        "type": "Point"
      },
      "properties": {
        "bangumi_id": 405785,
        "bangumi_title": "摇曳露营△ 三期",
        "ep_cut": 11,
        "image_url": "https://w.junreimap.com/images/points/405785/4v5ax6e_1757600839556.jpg",
        "location": "十岛（南部町-山梨）",
        "point_id": "4v5ax6e",
        "point_name": "佐野川温泉　休息室",
        "remark": ""
      },
      "type": "Feature"
    },
    {
      "geometry": {
        "coordinates": [
          138.509511,
          35.248479
        ],
        "type": "Point"
      },
      "properties": {
        "bangumi_id": 405785,
        "bangumi_title": "摇曳露营△ 三期",
        "ep_cut": 11,
        "image_url": "https://w.junreimap.com/images/points/405785/4v5b1gi_1757600844973.jpg",
        "location": "十岛（南部町-山梨）",
        "point_id": "4v5b1gi",
        "point_name": "佐野川温泉　休息室",
        "remark": ""
      },
      "type": "Feature"
    },
    {
      "geometry": {
        "coordinates": [
          138.509499,
          35.248458
        ],
        "type": "Point"
      },
      "properties": {
        "bangumi_id": 405785,
        "bangumi_title": "摇曳露营△ 三期",
        "ep_cut": 11,
        "image_url": "https://w.junreimap.com/images/points/405785/4v5avw3_1757600837615.jpg",
        "location": "十岛（南部町-山梨）",
        "point_id": "4v5avw3",
        "point_name": "佐野川温泉　休息室",
        "remark": ""
      },
      "type": "Feature"
    },
    {
      "geometry": {
        "coordinates": [
          138.505061,
          35.251636
        ],
        "type": "Point"
      },
      "properties": {
        "bangumi_id": 405785,
        "bangumi_title": "摇曳露营△ 三期",
        "ep_cut": 12,
        "image_url": "https://w.junreimap.com/images/points/405785/4v5fg19_1757601050579.jpg",
        "location": "十岛（南部町-山梨）",
        "point_id": "4v5fg19",
        "point_name": "佐野川河川公園　公衆トイレ",
        "remark": "小黄屋的坐标大约在35°15'07.3\"N 138°30'16.7\"E附近。"
      },
      "type": "Feature"
    },
    {
      "geometry": {
        "coordinates": [
          138.504965,
          35.251733
        ],
        "type": "Point"
      },
      "properties": {
        "bangumi_id": 405785,
        "bangumi_title": "摇曳露营△ 三期",
        "ep_cut": 10,
        "image_url": "https://w.junreimap.com/images/user/1093/bangumi/405785/points/l4m1dsf5n-1717748009447.jpg",
        "location": "十岛（南部町-山梨）",
        "point_id": "l4m1dsf5n",
        "point_name": "佐野川河川公園　公衆トイレ",
        "remark": ""
      },
      "type": "Feature"
    },
    {
      "geometry": {
        "coordinates": [
          138.504598,
          35.252002
        ],
        "type": "Point"
      },
      "properties": {
        "bangumi_id": 405785,
        "bangumi_title": "摇曳露营△ 三期",
        "ep_cut": 10,
        "image_url": "https://w.junreimap.com/images/user/1093/bangumi/405785/points/l4m2jsbet-1717748062468.jpg",
        "location": "十岛（南部町-山梨）",
        "point_id": "l4m2jsbet",
        "point_name": "佐野川河川公園　公衆トイレ",
        "remark": ""
      },
      "type": "Feature"
    },
    {
      "geometry": {
        "coordinates": [
          138.504343,
          35.252041
        ],
        "type": "Point"
      },
      "properties": {
        "bangumi_id": 405785,
        "bangumi_title": "摇曳露营△ 三期",
        "ep_cut": 12,
        "image_url": "https://w.junreimap.com/images/points/405785/4v5f6rk_1757601038501.jpg",
        "location": "十岛（南部町-山梨）",
        "point_id": "4v5f6rk",
        "point_name": "佐野川河川公園　公衆トイレ",
        "remark": "小黄屋的坐标大约在35°15'07.3\"N 138°30'16.7\"E附近。"
      },
      "type": "Feature"
    },
    {
      "geometry": {
        "coordinates": [
          138.504526,
          35.252119
        ],
        "type": "Point"
      },
      "properties": {
        "bangumi_id": 405785,
        "bangumi_title": "摇曳露营△ 三期",
        "ep_cut": 12,
        "image_url": "https://w.junreimap.com/images/points/405785/4v5f23d_1757601035025.jpg",
        "location": "十岛（南部町-山梨）",
        "point_id": "4v5f23d",
        "point_name": "佐野川河川公園　公衆トイレ",
        "remark": "小黄屋的坐标大约在35°15'07.3\"N 138°30'16.7\"E附近。"
      },
      "type": "Feature"
    },
    {
      "geometry": {
        "coordinates": [
          138.504219,
          35.252303
        ],
        "type": "Point"
      },
      "properties": {
        "bangumi_id": 405785,
        "bangumi_title": "摇曳露营△ 三期",
        "ep_cut": 12,
        "image_url": "https://w.junreimap.com/images/points/405785/4v5fk0g_1757601056678.jpg",
        "location": "十岛（南部町-山梨）",
        "point_id": "4v5fk0g",
        "point_name": "佐野川河川公園　公衆トイレ",
        "remark": "小黄屋的坐标大约在35°15'07.3\"N 138°30'16.7\"E附近。"
      },
      "type": "Feature"
    },
    {
      "geometry": {
        "coordinates": [
          138.504517,
          35.252222
        ],
        "type": "Point"
      },
      "properties": {
        "bangumi_id": 405785,
        "bangumi_title": "摇曳露营△ 三期",
        "ep_cut": 12,
        "image_url": "https://w.junreimap.com/images/points/405785/4v5f8v2_1757601041229.jpg",
        "location": "十岛（南部町-山梨）",
        "point_id": "4v5f8v2",
        "point_name": "佐野川河川公園　公衆トイレ",
        "remark": "小黄屋的坐标大约在35°15'07.3\"N 138°30'16.7\"E附近。"
      },
      "type": "Feature"
    },
    {
      "geometry": {
        "coordinates": [
          138.504569,
          35.251687
        ],
        "type": "Point"
      },
      "properties": {
        "bangumi_id": 405785,
        "bangumi_title": "摇曳露营△ 三期",
        "ep_cut": 12,
        "image_url": "https://w.junreimap.com/images/points/405785/4v5h17t_1757601128726.jpg",
        "location": "十岛（南部町-山梨）",
        "point_id": "4v5h17t",
        "point_name": "佐野川河川公園　設営地",
        "remark": "随便找棵树就行"
      },
      "type": "Feature"
    },
    {
      "geometry": {
        "coordinates": [
          138.504324,
          35.251815
        ],
        "type": "Point"
      },
      "properties": {
        "bangumi_id": 405785,
        "bangumi_title": "摇曳露营△ 三期",
        "ep_cut": 10,
        "image_url": "https://w.junreimap.com/images/user/1093/bangumi/405785/points/l4m4jylni-1717748183358.jpg",
        "location": "十岛（南部町-山梨）",
        "point_id": "l4m4jylni",
        "point_name": "佐野川河川公園　設営地",
        "remark": ""
      },
      "type": "Feature"
    },
    {
      "geometry": {
        "coordinates": [
          138.504448,
          35.251747
        ],
        "type": "Point"
      },
      "properties": {
        "bangumi_id": 405785,
        "bangumi_title": "摇曳露营△ 三期",
        "ep_cut": 12,
        "image_url": "https://w.junreimap.com/images/points/405785/4v5fq11_1757601065393.jpg",
        "location": "十岛（南部町-山梨）",
        "point_id": "4v5fq11",
        "point_name": "佐野川河川公園　設営地",
        "remark": ""
      },
      "type": "Feature"
    },
    {
      "geometry": {
        "coordinates": [
          138.504656,
          35.251614
        ],
        "type": "Point"
      },
      "properties": {
        "bangumi_id": 405785,
        "bangumi_title": "摇曳露营△ 三期",
        "ep_cut": 12,
        "image_url": "https://w.junreimap.com/images/points/405785/4v5h9y7_1757601135868.jpg",
        "location": "十岛（南部町-山梨）",
        "point_id": "4v5h9y7",
        "point_name": "佐野川河川公園　設営地",
        "remark": ""
      },
      "type": "Feature"
    },
    {
      "geometry": {
        "coordinates": [
          138.504347,
          35.251581
        ],
        "type": "Point"
      },
      "properties": {
        "bangumi_id": 405785,
        "bangumi_title": "摇曳露营△ 三期",
        "ep_cut": 12,
        "image_url": "https://w.junreimap.com/images/points/405785/4v5hd4l_1757601140444.jpg",
        "location": "十岛（南部町-山梨）",
        "point_id": "4v5hd4l",
        "point_name": "佐野川河川公園　設営地 对岸",
        "remark": "需要从设营点对岸拍摄，可以以左侧告示牌为参照物。此告示牌就在设营点西北边。"
      },
      "type": "Feature"
    },
    {
      "geometry": {
        "coordinates": [
          138.504289,
          35.251631
        ],
        "type": "Point"
      },
      "properties": {
        "bangumi_id": 405785,
        "bangumi_title": "摇曳露营△ 三期",
        "ep_cut": 12,
        "image_url": "https://w.junreimap.com/images/points/405785/4v5fu8n_1757601070578.jpg",
        "location": "十岛（南部町-山梨）",
        "point_id": "4v5fu8n",
        "point_name": "佐野川河川公園　設営地 对岸",
        "remark": "需要从设营点对岸拍摄"
      },
      "type": "Feature"
    },
    {
      "geometry": {
        "coordinates": [
          138.504707,
          35.251435
        ],
        "type": "Point"
      },
      "properties": {
        "bangumi_id": 405785,
        "bangumi_title": "摇曳露营△ 三期",
        "ep_cut": 10,
        "image_url": "https://w.junreimap.com/images/points/405785/4v582gz_1757600706372.jpg",
        "location": "十岛（南部町-山梨）",
        "point_id": "4v582gz",
        "point_name": "佐野川河川",
        "remark": ""
      },
      "type": "Feature"
    },
    {
      "geometry": {
        "coordinates": [
          138.504827,
          35.25139
        ],
        "type": "Point"
      },
      "properties": {
        "bangumi_id": 405785,
        "bangumi_title": "摇曳露营△ 三期",
        "ep_cut": 12,
        "image_url": "https://w.junreimap.com/images/points/405785/4v5hjqg_1757601148545.jpg",
        "location": "十岛（南部町-山梨）",
        "point_id": "4v5hjqg",
        "point_name": "佐野川河川",
        "remark": ""
      },
      "type": "Feature"
    },
    {
      "geometry": {
        "coordinates": [
          138.508193,
          35.248981
        ],
        "type": "Point"
      },
      "properties": {
        "bangumi_id": 405785,
        "bangumi_title": "摇曳露营△ 三期",
        "ep_cut": 11,
        "image_url": "https://w.junreimap.com/images/points/405785/4v5bj0h_1757600867775.jpg",
        "location": "十岛（南部町-山梨）",
        "point_id": "4v5bj0h",
        "point_name": "佐野川河川",
        "remark": "此标点非准确位置，仅供参考。"
      },
      "type": "Feature"
    },
    {
      "geometry": {
        "coordinates": [
          138.505305,
          35.250904
        ],
        "type": "Point"
      },
      "properties": {
        "bangumi_id": 405785,
        "bangumi_title": "摇曳露营△ 三期",
        "ep_cut": 11,
        "image_url": "https://w.junreimap.com/images/points/405785/4v5bol0_1757600874818.jpg",
        "location": "十岛（南部町-山梨）",
        "point_id": "4v5bol0",
        "point_name": "佐野川河川",
        "remark": ""
      },
      "type": "Feature"
    },
    {
      "geometry": {
        "coordinates": [
          138.50358,
          35.25244
        ],
        "type": "Point"
      },
      "properties": {
        "bangumi_id": 405785,
        "bangumi_title": "摇曳露营△ 三期",
        "ep_cut": 10,
        "image_url": "https://w.junreimap.com/images/points/405785/4v588fb_1757600714147.jpg",
        "location": "十岛（南部町-山梨）",
        "point_id": "4v588fb",
        "point_name": "佐野川河川 无名桥",
        "remark": "这桥好像没名字"
      },
      "type": "Feature"
    },
    {
      "geometry": {
        "coordinates": [
          138.503416,
          35.252493
        ],
        "type": "Point"
      },
      "properties": {
        "bangumi_id": 405785,
        "bangumi_title": "摇曳露营△ 三期",
        "ep_cut": 10,
        "image_url": "https://w.junreimap.com/images/points/405785/4v586vp_1757600712080.jpg",
        "location": "十岛（南部町-山梨）",
        "point_id": "4v586vp",
        "point_name": "佐野川河川 无名桥",
        "remark": "这桥好像没名字"
      },
      "type": "Feature"
    },
    {
      "geometry": {
        "coordinates": [
          138.450967,
          35.71058
        ],
        "type": "Point"
      },
      "properties": {
        "bangumi_id": 405785,
        "bangumi_title": "摇曳露营△ 三期",
        "ep_cut": 7,
        "image_url": "https://w.junreimap.com/images/user/1069/bangumi/405785/points/khguhjsyr-1715934446395.jpg",
        "location": "韮崎駅（JR中央本线-山梨）",
        "point_id": "khguhjsyr",
        "point_name": "韮崎駅 东侧广场",
        "remark": ""
      },
      "type": "Feature"
    },
    {
      "geometry": {
        "coordinates": [
          138.451,
          35.710656
        ],
        "type": "Point"
      },
      "properties": {
        "bangumi_id": 405785,
        "bangumi_title": "摇曳露营△ 三期",
        "ep_cut": 7,
        "image_url": "https://w.junreimap.com/images/points/405785/4v7sa5a_1757605008872.jpg",
        "location": "韮崎駅（JR中央本线-山梨）",
        "point_id": "4v7sa5a",
        "point_name": "韮崎駅",
        "remark": "背后是北侧的TAXI打车点"
      },
      "type": "Feature"
    },
    {
      "geometry": {
        "coordinates": [
          138.451054,
          35.710584
        ],
        "type": "Point"
      },
      "properties": {
        "bangumi_id": 405785,
        "bangumi_title": "摇曳露营△ 三期",
        "ep_cut": 7,
        "image_url": "https://w.junreimap.com/images/points/405785/4v7sgzz_1757605018013.jpg",
        "location": "韮崎駅（JR中央本线-山梨）",
        "point_id": "4v7sgzz",
        "point_name": "韮崎駅",
        "remark": ""
      },
      "type": "Feature"
    },
    {
      "geometry": {
        "coordinates": [
          138.451036,
          35.710601
        ],
        "type": "Point"
      },
      "properties": {
        "bangumi_id": 405785,
        "bangumi_title": "摇曳露营△ 三期",
        "ep_cut": 7,
        "image_url": "https://w.junreimap.com/images/points/405785/4v7rvmf_1757604991176.jpg",
        "location": "韮崎駅（JR中央本线-山梨）",
        "point_id": "4v7rvmf",
        "point_name": "韮崎駅",
        "remark": ""
      },
      "type": "Feature"
    },
    {
      "geometry": {
        "coordinates": [
          138.451016,
          35.710668
        ],
        "type": "Point"
      },
      "properties": {
        "bangumi_id": 405785,
        "bangumi_title": "摇曳露营△ 三期",
        "ep_cut": 7,
        "image_url": "https://w.junreimap.com/images/points/405785/4v7pz0o_1757604901899.jpg",
        "location": "韮崎駅（JR中央本线-山梨）",
        "point_id": "4v7pz0o",
        "point_name": "韮崎駅 的士站",
        "remark": "背后是北侧的TAXI打车点"
      },
      "type": "Feature"
    },
    {
      "geometry": {
        "coordinates": [
          138.451056,
          35.710688
        ],
        "type": "Point"
      },
      "properties": {
        "bangumi_id": 405785,
        "bangumi_title": "摇曳露营△ 三期",
        "ep_cut": 7,
        "image_url": "https://w.junreimap.com/images/points/405785/4v7rkr8_1757604976091.jpg",
        "location": "韮崎駅（JR中央本线-山梨）",
        "point_id": "4v7rkr8",
        "point_name": "韮崎駅 的士站",
        "remark": "左侧是北侧的TAXI打车点"
      },
      "type": "Feature"
    },
    {
      "geometry": {
        "coordinates": [
          138.450953,
          35.710622
        ],
        "type": "Point"
      },
      "properties": {
        "bangumi_id": 405785,
        "bangumi_title": "摇曳露营△ 三期",
        "ep_cut": 7,
        "image_url": "https://w.junreimap.com/images/points/405785/4v7s7f3_1757605005652.jpg",
        "location": "韮崎駅（JR中央本线-山梨）",
        "point_id": "4v7s7f3",
        "point_name": "韮崎駅",
        "remark": "背后是北侧的TAXI打车点"
      },
      "type": "Feature"
    },
    {
      "geometry": {
        "coordinates": [
          138.451037,
          35.710678
        ],
        "type": "Point"
      },
      "properties": {
        "bangumi_id": 405785,
        "bangumi_title": "摇曳露营△ 三期",
        "ep_cut": 7,
        "image_url": "https://w.junreimap.com/images/points/405785/4v7sj8i_1757605020658.jpg",
        "location": "韮崎駅（JR中央本线-山梨）",
        "point_id": "4v7sj8i",
        "point_name": "韮崎駅",
        "remark": "左侧是北侧的TAXI打车点"
      },
      "type": "Feature"
    },
    {
      "geometry": {
        "coordinates": [
          138.450933,
          35.710683
        ],
        "type": "Point"
      },
      "properties": {
        "bangumi_id": 405785,
        "bangumi_title": "摇曳露营△ 三期",
        "ep_cut": 7,
        "image_url": "https://w.junreimap.com/images/points/405785/4v7sl14_1757605023232.jpg",
        "location": "韮崎駅（JR中央本线-山梨）",
        "point_id": "4v7sl14",
        "point_name": "韮崎駅",
        "remark": ""
      },
      "type": "Feature"
    },
    {
      "geometry": {
        "coordinates": [
          138.450922,
          35.710609
        ],
        "type": "Point"
      },
      "properties": {
        "bangumi_id": 405785,
        "bangumi_title": "摇曳露营△ 三期",
        "ep_cut": 7,
        "image_url": "https://w.junreimap.com/images/points/405785/4v7q3oj_1757604907852.jpg",
        "location": "韮崎駅（JR中央本线-山梨）",
        "point_id": "4v7q3oj",
        "point_name": "韮崎駅 自动售货机",
        "remark": "此为的士站西方向背靠主体建筑物的自动售货机"
      },
      "type": "Feature"
    },
    {
      "geometry": {
        "coordinates": [
          138.450949,
          35.710589
        ],
        "type": "Point"
      },
      "properties": {
        "bangumi_id": 405785,
        "bangumi_title": "摇曳露营△ 三期",
        "ep_cut": 7,
        "image_url": "https://w.junreimap.com/images/points/405785/4v7rthw_1757604987671.jpg",
        "location": "韮崎駅（JR中央本线-山梨）",
        "point_id": "4v7rthw",
        "point_name": "韮崎駅",
        "remark": ""
      },
      "type": "Feature"
    },
    {
      "geometry": {
        "coordinates": [
          138.450987,
          35.710541
        ],
        "type": "Point"
      },
      "properties": {
        "bangumi_id": 405785,
        "bangumi_title": "摇曳露营△ 三期",
        "ep_cut": 7,
        "image_url": "https://w.junreimap.com/images/points/405785/4v7ry2r_1757604994115.jpg",
        "location": "韮崎駅（JR中央本线-山梨）",
        "point_id": "4v7ry2r",
        "point_name": "韮崎駅",
        "remark": ""
      },
      "type": "Feature"
    },
    {
      "geometry": {
        "coordinates": [
          138.450995,
          35.710565
        ],
        "type": "Point"
      },
      "properties": {
        "bangumi_id": 405785,
        "bangumi_title": "摇曳露营△ 三期",
        "ep_cut": 7,
        "image_url": "https://w.junreimap.com/images/points/405785/4v7r140_1757604950762.jpg",
        "location": "韮崎駅（JR中央本线-山梨）",
        "point_id": "4v7r140",
        "point_name": "韮崎駅",
        "remark": "在广场上面朝西方向主体建筑物屋顶"
      },
      "type": "Feature"
    },
    {
      "geometry": {
        "coordinates": [
          138.450888,
          35.71094
        ],
        "type": "Point"
      },
      "properties": {
        "bangumi_id": 405785,
        "bangumi_title": "摇曳露营△ 三期",
        "ep_cut": 7,
        "image_url": "https://w.junreimap.com/images/points/405785/4v7sq84_1757605030201.jpg",
        "location": "韮崎駅（JR中央本线-山梨）",
        "point_id": "4v7sq84",
        "point_name": "韮崎駅",
        "remark": ""
      },
      "type": "Feature"
    },
    {
      "geometry": {
        "coordinates": [
          138.449328,
          35.709435
        ],
        "type": "Point"
      },
      "properties": {
        "bangumi_id": 405785,
        "bangumi_title": "摇曳露营△ 三期",
        "ep_cut": 7,
        "image_url": "https://w.junreimap.com/images/user/0/bangumi/405785/points/kj0juwk5c-1716055579343.jpg",
        "location": "韮崎駅（JR中央本线-山梨）",
        "point_id": "kj0juwk5c",
        "point_name": "韭崎市俯视点",
        "remark": ""
      },
      "type": "Feature"
    },
    {
      "geometry": {
        "coordinates": [
          138.45307,
          35.701855
        ],
        "type": "Point"
      },
      "properties": {
        "bangumi_id": 405785,
        "bangumi_title": "摇曳露营△ 三期",
        "ep_cut": 7,
        "image_url": "https://w.junreimap.com/images/user/0/bangumi/405785/points/kj0qdessg-1716055980556.jpg",
        "location": "韮崎駅（JR中央本线-山梨）",
        "point_id": "kj0qdessg",
        "point_name": "韮崎市俯视图拍摄点2（无人机）",
        "remark": ""
      },
      "type": "Feature"
    },
    {
      "geometry": {
        "coordinates": [
          138.438267,
          35.722498
        ],
        "type": "Point"
      },
      "properties": {
        "bangumi_id": 405785,
        "bangumi_title": "摇曳露营△ 三期",
        "ep_cut": 11,
        "image_url": "https://w.junreimap.com/images/points/405785/486e2gl_1756211988956.jpg",
        "location": "韮崎中央公園（韭崎市-山梨）",
        "point_id": "486e2gl",
        "point_name": "韮崎中央公園",
        "remark": ""
      },
      "type": "Feature"
    },
    {
      "geometry": {
        "coordinates": [
          138.438058,
          35.721409
        ],
        "type": "Point"
      },
      "properties": {
        "bangumi_id": 405785,
        "bangumi_title": "摇曳露营△ 三期",
        "ep_cut": 11,
        "image_url": "https://w.junreimap.com/images/points/405785/486g30j_1756212046117.jpg",
        "location": "韮崎中央公園（韭崎市-山梨）",
        "point_id": "486g30j",
        "point_name": "韮崎中央公園 蒸気機関車C12 5号機",
        "remark": ""
      },
      "type": "Feature"
    },
    {
      "geometry": {
        "coordinates": [
          138.464881,
          35.772842
        ],
        "type": "Point"
      },
      "properties": {
        "bangumi_id": 405785,
        "bangumi_title": "摇曳露营△ 三期",
        "ep_cut": 7,
        "image_url": "https://w.junreimap.com/images/points/405785/4v7kvqc_1757604678738.jpg",
        "location": "あけ​の​農​さん​物​直売所（北杜市-山梨）",
        "point_id": "4v7kvqc",
        "point_name": "あけ​の​農​さん​物​直売所 前",
        "remark": "招牌在马路东侧"
      },
      "type": "Feature"
    },
    {
      "geometry": {
        "coordinates": [
          138.46502,
          35.77334
        ],
        "type": "Point"
      },
      "properties": {
        "bangumi_id": 405785,
        "bangumi_title": "摇曳露营△ 三期",
        "ep_cut": 7,
        "image_url": "https://w.junreimap.com/images/user/0/bangumi/405785/points/kj0zmysc7-1716056556266.jpg",
        "location": "あけ​の​農​さん​物​直売所（北杜市-山梨）",
        "point_id": "kj0zmysc7",
        "point_name": "あけ​の​農​さん​物​直売所 前",
        "remark": "出售当地蔬菜的会社，所有商品都是该会社自由地栽培，2楼有利用本地食材制作的特色料理。电话0551-25-5830。停车位10台。水日定休。营业时间9AM~5PM。"
      },
      "type": "Feature"
    },
    {
      "geometry": {
        "coordinates": [
          138.465027,
          35.773367
        ],
        "type": "Point"
      },
      "properties": {
        "bangumi_id": 405785,
        "bangumi_title": "摇曳露营△ 三期",
        "ep_cut": 7,
        "image_url": "https://w.junreimap.com/images/points/405785/4v7mbb9_1757604730710.jpg",
        "location": "あけ​の​農​さん​物​直売所（北杜市-山梨）",
        "point_id": "4v7mbb9",
        "point_name": "あけ​の​農​さん​物​直売所 前",
        "remark": "出售当地蔬菜的会社，所有商品都是该会社自由地栽培，2楼有利用本地食材制作的特色料理。电话0551-25-5830。停车位10台。水日定休。营业时间9AM~5PM。"
      },
      "type": "Feature"
    },
    {
      "geometry": {
        "coordinates": [
          138.465044,
          35.773345
        ],
        "type": "Point"
      },
      "properties": {
        "bangumi_id": 405785,
        "bangumi_title": "摇曳露营△ 三期",
        "ep_cut": 7,
        "image_url": "https://w.junreimap.com/images/points/405785/4v7moru_1757604751369.jpg",
        "location": "あけ​の​農​さん​物​直売所（北杜市-山梨）",
        "point_id": "4v7moru",
        "point_name": "あけ​の​農​さん​物​直売所 前",
        "remark": "出售当地蔬菜的会社，所有商品都是该会社自由地栽培，2楼有利用本地食材制作的特色料理。电话0551-25-5830。停车位10台。水日定休。营业时间9AM~5PM。"
      },
      "type": "Feature"
    },
    {
      "geometry": {
        "coordinates": [
          138.465103,
          35.773383
        ],
        "type": "Point"
      },
      "properties": {
        "bangumi_id": 405785,
        "bangumi_title": "摇曳露营△ 三期",
        "ep_cut": 7,
        "image_url": "https://w.junreimap.com/images/points/405785/4v7lyls_1757604720175.jpg",
        "location": "あけ​の​農​さん​物​直売所（北杜市-山梨）",
        "point_id": "4v7lyls",
        "point_name": "あけ​の​農​さん​物​直売所 内",
        "remark": "出售当地蔬菜的会社，所有商品都是该会社自由地栽培，2楼有利用本地食材制作的特色料理。电话0551-25-5830。停车位10台。水日定休。营业时间9AM~5PM。"
      },
      "type": "Feature"
    },
    {
      "geometry": {
        "coordinates": [
          138.465089,
          35.773379
        ],
        "type": "Point"
      },
      "properties": {
        "bangumi_id": 405785,
        "bangumi_title": "摇曳露营△ 三期",
        "ep_cut": 7,
        "image_url": "https://w.junreimap.com/images/points/405785/4v7lopq_1757604702541.jpg",
        "location": "あけ​の​農​さん​物​直売所（北杜市-山梨）",
        "point_id": "4v7lopq",
        "point_name": "あけ​の​農​さん​物​直売所 内",
        "remark": "现实中确实有500日元的西红柿放题。"
      },
      "type": "Feature"
    },
    {
      "geometry": {
        "coordinates": [
          138.46503,
          35.773438
        ],
        "type": "Point"
      },
      "properties": {
        "bangumi_id": 405785,
        "bangumi_title": "摇曳露营△ 三期",
        "ep_cut": 7,
        "image_url": "https://w.junreimap.com/images/points/405785/4v85uu8_1757605645637.jpg",
        "location": "あけ​の​農​さん​物​直売所（北杜市-山梨）",
        "point_id": "4v85uu8",
        "point_name": "あけ​の​農​さん​物​直売所 2F",
        "remark": "​直売所2楼是利用本地食材的餐厅，作品中点的是招牌菜——用蔬菜油油炸的7种时令蔬菜咖喱，售价1000日元。电话0551-25-5830。停车位10台。水日定休。营业时间9AM~5PM。"
      },
      "type": "Feature"
    },
    {
      "geometry": {
        "coordinates": [
          138.465117,
          35.773442
        ],
        "type": "Point"
      },
      "properties": {
        "bangumi_id": 405785,
        "bangumi_title": "摇曳露营△ 三期",
        "ep_cut": 7,
        "image_url": "https://w.junreimap.com/images/points/405785/4v88rrr_1757605778541.jpg",
        "location": "あけ​の​農​さん​物​直売所（北杜市-山梨）",
        "point_id": "4v88rrr",
        "point_name": "あけ​の​農​さん​物​直売所 2F",
        "remark": "​直売所2楼是利用本地食材的餐厅，作品中点的是招牌菜——用蔬菜油油炸的7种时令蔬菜咖喱，售价1000日元。电话0551-25-5830。停车位10台。水日定休。营业时间9AM~5PM。"
      },
      "type": "Feature"
    },
    {
      "geometry": {
        "coordinates": [
          138.465047,
          35.773445
        ],
        "type": "Point"
      },
      "properties": {
        "bangumi_id": 405785,
        "bangumi_title": "摇曳露营△ 三期",
        "ep_cut": 7,
        "image_url": "https://w.junreimap.com/images/points/405785/4v88bz6_1757605758795.jpg",
        "location": "あけ​の​農​さん​物​直売所（北杜市-山梨）",
        "point_id": "4v88bz6",
        "point_name": "あけ​の​農​さん​物​直売所 2F",
        "remark": "​直売所2楼是利用本地食材的餐厅，作品中点的是招牌菜——用蔬菜油油炸的7种时令蔬菜咖喱，售价1000日元。电话0551-25-5830。停车位10台。水日定休。营业时间9AM~5PM。"
      },
      "type": "Feature"
    },
    {
      "geometry": {
        "coordinates": [
          138.465095,
          35.773438
        ],
        "type": "Point"
      },
      "properties": {
        "bangumi_id": 405785,
        "bangumi_title": "摇曳露营△ 三期",
        "ep_cut": 7,
        "image_url": "https://w.junreimap.com/images/points/405785/4v88uns_1757605781962.jpg",
        "location": "あけ​の​農​さん​物​直売所（北杜市-山梨）",
        "point_id": "4v88uns",
        "point_name": "あけ​の​農​さん​物​直売所 2F",
        "remark": "​直売所2楼是利用本地食材的餐厅，作品中点的是招牌菜——用蔬菜油油炸的7种时令蔬菜咖喱，售价1000日元。电话0551-25-5830。停车位10台。水日定休。营业时间9AM~5PM。"
      },
      "type": "Feature"
    },
    {
      "geometry": {
        "coordinates": [
          138.465072,
          35.77336
        ],
        "type": "Point"
      },
      "properties": {
        "bangumi_id": 405785,
        "bangumi_title": "摇曳露营△ 三期",
        "ep_cut": 8,
        "image_url": "https://w.junreimap.com/images/points/405785/4v9lveh_1757608069846.jpg",
        "location": "あけ​の​農​さん​物​直売所（北杜市-山梨）",
        "point_id": "4v9lveh",
        "point_name": "あけ​の​農​さん​物​直売所 2F",
        "remark": "​直売所2楼是利用本地食材的餐厅，作品中点的是招牌菜——用蔬菜油油炸的7种时令蔬菜咖喱，售价1000日元。电话0551-25-5830。停车位10台。水日定休。营业时间9AM~5PM。"
      },
      "type": "Feature"
    },
    {
      "geometry": {
        "coordinates": [
          138.465072,
          35.773432
        ],
        "type": "Point"
      },
      "properties": {
        "bangumi_id": 405785,
        "bangumi_title": "摇曳露营△ 三期",
        "ep_cut": 7,
        "image_url": "https://w.junreimap.com/images/points/405785/4v88zy6_1757605791043.jpg",
        "location": "あけ​の​農​さん​物​直売所（北杜市-山梨）",
        "point_id": "4v88zy6",
        "point_name": "あけ​の​農​さん​物​直売所 2F",
        "remark": "​直売所2楼是利用本地食材的餐厅，作品中点的是招牌菜——用蔬菜油油炸的7种时令蔬菜咖喱，售价1000日元。电话0551-25-5830。停车位10台。水日定休。营业时间9AM~5PM。"
      },
      "type": "Feature"
    },
    {
      "geometry": {
        "coordinates": [
          138.465052,
          35.773426
        ],
        "type": "Point"
      },
      "properties": {
        "bangumi_id": 405785,
        "bangumi_title": "摇曳露营△ 三期",
        "ep_cut": 8,
        "image_url": "https://w.junreimap.com/images/points/405785/4v9mn5i_1757608105397.jpg",
        "location": "あけ​の​農​さん​物​直売所（北杜市-山梨）",
        "point_id": "4v9mn5i",
        "point_name": "あけ​の​農​さん​物​直売所 2F",
        "remark": "专门坐巴士大老远回来吃饭，不愧是你。"
      },
      "type": "Feature"
    },
    {
      "geometry": {
        "coordinates": [
          138.464752,
          35.771996
        ],
        "type": "Point"
      },
      "properties": {
        "bangumi_id": 405785,
        "bangumi_title": "摇曳露营△ 三期",
        "ep_cut": 7,
        "image_url": "https://w.junreimap.com/images/user/0/bangumi/405785/points/kj10ot18i-1716056606986.jpg",
        "location": "あけ​の​農​さん​物​直売所（北杜市-山梨）",
        "point_id": "kj10ot18i",
        "point_name": "あけ​の​農​さん​物​直売所 南侧",
        "remark": ""
      },
      "type": "Feature"
    },
    {
      "geometry": {
        "coordinates": [
          138.464856,
          35.772601
        ],
        "type": "Point"
      },
      "properties": {
        "bangumi_id": 405785,
        "bangumi_title": "摇曳露营△ 三期",
        "ep_cut": 7,
        "image_url": "https://w.junreimap.com/images/points/405785/4v7k6pt_1757604633006.jpg",
        "location": "あけ​の​農​さん​物​直売所（北杜市-山梨）",
        "point_id": "4v7k6pt",
        "point_name": "あけ​の​農​さん​物​直売所 南侧",
        "remark": "理论位置，实际上背后的群山不太像。"
      },
      "type": "Feature"
    },
    {
      "geometry": {
        "coordinates": [
          138.497633,
          35.861699
        ],
        "type": "Point"
      },
      "properties": {
        "bangumi_id": 405785,
        "bangumi_title": "摇曳露营△ 三期",
        "ep_cut": 7,
        "image_url": "https://w.junreimap.com/images/points/405785/4v8lrgf_1757606389570.jpg",
        "location": "瑞墙湖",
        "point_id": "4v8lrgf",
        "point_name": "鹿鳴峡大橋",
        "remark": ""
      },
      "type": "Feature"
    },
    {
      "geometry": {
        "coordinates": [
          138.502103,
          35.856402
        ],
        "type": "Point"
      },
      "properties": {
        "bangumi_id": 405785,
        "bangumi_title": "摇曳露营△ 三期",
        "ep_cut": 12,
        "image_url": "https://w.junreimap.com/images/user/0/bangumi/405785/points/kj17u7tg5-1716057015895.jpg",
        "location": "瑞墙湖",
        "point_id": "kj17u7tg5",
        "point_name": "みず​がき​湖​ビジター​センター",
        "remark": ""
      },
      "type": "Feature"
    },
    {
      "geometry": {
        "coordinates": [
          138.502231,
          35.856225
        ],
        "type": "Point"
      },
      "properties": {
        "bangumi_id": 405785,
        "bangumi_title": "摇曳露营△ 三期",
        "ep_cut": 7,
        "image_url": "https://w.junreimap.com/images/points/405785/4v8kyrv_1757606352066.jpg",
        "location": "瑞墙湖",
        "point_id": "4v8kyrv",
        "point_name": "みず​がき​湖​ビジター​センター",
        "remark": ""
      },
      "type": "Feature"
    },
    {
      "geometry": {
        "coordinates": [
          138.503671,
          35.8567
        ],
        "type": "Point"
      },
      "properties": {
        "bangumi_id": 405785,
        "bangumi_title": "摇曳露营△ 三期",
        "ep_cut": 7,
        "image_url": "https://w.junreimap.com/images/user/0/bangumi/405785/points/kj1fsre6n-1716057499646.jpg",
        "location": "瑞墙湖",
        "point_id": "kj1fsre6n",
        "point_name": "みず​がき​湖​ビジター​センター",
        "remark": ""
      },
      "type": "Feature"
    },
    {
      "geometry": {
        "coordinates": [
          138.502052,
          35.856992
        ],
        "type": "Point"
      },
      "properties": {
        "bangumi_id": 405785,
        "bangumi_title": "摇曳露营△ 三期",
        "ep_cut": 7,
        "image_url": "https://w.junreimap.com/images/user/0/bangumi/405785/points/kj1hfptw8-1716057597178.jpg",
        "location": "瑞墙湖",
        "point_id": "kj1hfptw8",
        "point_name": "みず​がき​湖​ビジター​センター",
        "remark": ""
      },
      "type": "Feature"
    },
    {
      "geometry": {
        "coordinates": [
          138.5031,
          35.856546
        ],
        "type": "Point"
      },
      "properties": {
        "bangumi_id": 405785,
        "bangumi_title": "摇曳露营△ 三期",
        "ep_cut": 7,
        "image_url": "https://w.junreimap.com/images/user/0/bangumi/405785/points/kj1e2zepl-1716057430281.jpg",
        "location": "瑞墙湖",
        "point_id": "kj1e2zepl",
        "point_name": "みず​がき​湖​ビジター​センター",
        "remark": ""
      },
      "type": "Feature"
    },
    {
      "geometry": {
        "coordinates": [
          138.50564,
          35.857766
        ],
        "type": "Point"
      },
      "properties": {
        "bangumi_id": 405785,
        "bangumi_title": "摇曳露营△ 三期",
        "ep_cut": 7,
        "image_url": "https://w.junreimap.com/images/user/0/bangumi/405785/points/kj1oxwx4y-1716058115635.jpg",
        "location": "瑞墙湖",
        "point_id": "kj1oxwx4y",
        "point_name": "瑞墙湖 东侧",
        "remark": ""
      },
      "type": "Feature"
    },
    {
      "geometry": {
        "coordinates": [
          138.505299,
          35.857596
        ],
        "type": "Point"
      },
      "properties": {
        "bangumi_id": 405785,
        "bangumi_title": "摇曳露营△ 三期",
        "ep_cut": 7,
        "image_url": "https://w.junreimap.com/images/user/0/bangumi/405785/points/kj1ohbhff-1716058018935.jpg",
        "location": "瑞墙湖",
        "point_id": "kj1ohbhff",
        "point_name": "瑞墙湖 东侧",
        "remark": ""
      },
      "type": "Feature"
    },
    {
      "geometry": {
        "coordinates": [
          138.501287,
          35.861032
        ],
        "type": "Point"
      },
      "properties": {
        "bangumi_id": 405785,
        "bangumi_title": "摇曳露营△ 三期",
        "ep_cut": 7,
        "image_url": "https://w.junreimap.com/images/points/405785/4v8evni_1757606076310.jpg",
        "location": "瑞墙湖",
        "point_id": "4v8evni",
        "point_name": "塩川ダム 展望所",
        "remark": ""
      },
      "type": "Feature"
    },
    {
      "geometry": {
        "coordinates": [
          138.501307,
          35.860901
        ],
        "type": "Point"
      },
      "properties": {
        "bangumi_id": 405785,
        "bangumi_title": "摇曳露营△ 三期",
        "ep_cut": 7,
        "image_url": "https://w.junreimap.com/images/points/405785/4v8frrr_1757606105679.jpg",
        "location": "瑞墙湖",
        "point_id": "4v8frrr",
        "point_name": "塩川ダム 展望所",
        "remark": ""
      },
      "type": "Feature"
    },
    {
      "geometry": {
        "coordinates": [
          138.501495,
          35.860723
        ],
        "type": "Point"
      },
      "properties": {
        "bangumi_id": 405785,
        "bangumi_title": "摇曳露营△ 三期",
        "ep_cut": 7,
        "image_url": "https://w.junreimap.com/images/points/405785/4v8f8ws_1757606081024.jpg",
        "location": "瑞墙湖",
        "point_id": "4v8f8ws",
        "point_name": "塩川ダム 展望所",
        "remark": ""
      },
      "type": "Feature"
    },
    {
      "geometry": {
        "coordinates": [
          138.500921,
          35.860782
        ],
        "type": "Point"
      },
      "properties": {
        "bangumi_id": 405785,
        "bangumi_title": "摇曳露营△ 三期",
        "ep_cut": 7,
        "image_url": "https://w.junreimap.com/images/points/405785/4v8ffho_1757606089544.jpg",
        "location": "瑞墙湖",
        "point_id": "4v8ffho",
        "point_name": "塩川ダム 展望所",
        "remark": ""
      },
      "type": "Feature"
    },
    {
      "geometry": {
        "coordinates": [
          138.501277,
          35.860852
        ],
        "type": "Point"
      },
      "properties": {
        "bangumi_id": 405785,
        "bangumi_title": "摇曳露营△ 三期",
        "ep_cut": 7,
        "image_url": "https://w.junreimap.com/images/points/405785/4v8fijp_1757606094562.jpg",
        "location": "瑞墙湖",
        "point_id": "4v8fijp",
        "point_name": "塩川ダム 展望所",
        "remark": ""
      },
      "type": "Feature"
    },
    {
      "geometry": {
        "coordinates": [
          138.50124,
          35.860918
        ],
        "type": "Point"
      },
      "properties": {
        "bangumi_id": 405785,
        "bangumi_title": "摇曳露营△ 三期",
        "ep_cut": 7,
        "image_url": "https://w.junreimap.com/images/user/0/bangumi/405785/points/kj1qk3nbn-1716058195178.jpg",
        "location": "瑞墙湖",
        "point_id": "kj1qk3nbn",
        "point_name": "塩川ダム 展望所",
        "remark": ""
      },
      "type": "Feature"
    },
    {
      "geometry": {
        "coordinates": [
          138.503352,
          35.862915
        ],
        "type": "Point"
      },
      "properties": {
        "bangumi_id": 405785,
        "bangumi_title": "摇曳露营△ 三期",
        "ep_cut": 7,
        "image_url": "https://w.junreimap.com/images/points/405785/4v7hyxg_1757604528289.jpg",
        "location": "瑞墙湖",
        "point_id": "4v7hyxg",
        "point_name": "ヨシヤーの湯",
        "remark": ""
      },
      "type": "Feature"
    },
    {
      "geometry": {
        "coordinates": [
          138.503514,
          35.862913
        ],
        "type": "Point"
      },
      "properties": {
        "bangumi_id": 405785,
        "bangumi_title": "摇曳露营△ 三期",
        "ep_cut": 7,
        "image_url": "https://w.junreimap.com/images/points/405785/4v8h51i_1757606170726.jpg",
        "location": "瑞墙湖",
        "point_id": "4v8h51i",
        "point_name": "ヨシヤーの湯",
        "remark": ""
      },
      "type": "Feature"
    },
    {
      "geometry": {
        "coordinates": [
          138.503532,
          35.862976
        ],
        "type": "Point"
      },
      "properties": {
        "bangumi_id": 405785,
        "bangumi_title": "摇曳露营△ 三期",
        "ep_cut": 7,
        "image_url": "https://w.junreimap.com/images/points/405785/4v8hd6z_1757606180081.jpg",
        "location": "瑞墙湖",
        "point_id": "4v8hd6z",
        "point_name": "ヨシヤーの湯",
        "remark": ""
      },
      "type": "Feature"
    },
    {
      "geometry": {
        "coordinates": [
          138.503404,
          35.863009
        ],
        "type": "Point"
      },
      "properties": {
        "bangumi_id": 405785,
        "bangumi_title": "摇曳露营△ 三期",
        "ep_cut": 7,
        "image_url": "https://w.junreimap.com/images/user/0/bangumi/405785/points/kj1vzrgcf-1716058502192.jpg",
        "location": "瑞墙湖",
        "point_id": "kj1vzrgcf",
        "point_name": "ヨシヤーの湯",
        "remark": ""
      },
      "type": "Feature"
    },
    {
      "geometry": {
        "coordinates": [
          138.505067,
          35.866758
        ],
        "type": "Point"
      },
      "properties": {
        "bangumi_id": 405785,
        "bangumi_title": "摇曳露营△ 三期",
        "ep_cut": 7,
        "image_url": "https://w.junreimap.com/images/user/1069/bangumi/405785/points/khhx9i4wn-1715936716426.jpg",
        "location": "小尾",
        "point_id": "khhx9i4wn",
        "point_name": "没想到居然走到神户来了.jpg",
        "remark": ""
      },
      "type": "Feature"
    },
    {
      "geometry": {
        "coordinates": [
          138.505042,
          35.866725
        ],
        "type": "Point"
      },
      "properties": {
        "bangumi_id": 405785,
        "bangumi_title": "摇曳露营△ 三期",
        "ep_cut": 7,
        "image_url": "https://w.junreimap.com/images/points/405785/4v8hzmq_1757606209187.jpg",
        "location": "小尾",
        "point_id": "4v8hzmq",
        "point_name": "県道610号",
        "remark": ""
      },
      "type": "Feature"
    },
    {
      "geometry": {
        "coordinates": [
          138.505035,
          35.866748
        ],
        "type": "Point"
      },
      "properties": {
        "bangumi_id": 405785,
        "bangumi_title": "摇曳露营△ 三期",
        "ep_cut": 7,
        "image_url": "https://w.junreimap.com/images/points/405785/4v8i2qu_1757606213038.jpg",
        "location": "小尾",
        "point_id": "4v8i2qu",
        "point_name": "県道610号",
        "remark": ""
      },
      "type": "Feature"
    },
    {
      "geometry": {
        "coordinates": [
          138.50629,
          35.868001
        ],
        "type": "Point"
      },
      "properties": {
        "bangumi_id": 405785,
        "bangumi_title": "摇曳露营△ 三期",
        "ep_cut": 7,
        "image_url": "https://w.junreimap.com/images/points/405785/4v8jcfi_1757606271862.jpg",
        "location": "小尾",
        "point_id": "4v8jcfi",
        "point_name": "やきとり鳥恵",
        "remark": ""
      },
      "type": "Feature"
    },
    {
      "geometry": {
        "coordinates": [
          138.506223,
          35.867962
        ],
        "type": "Point"
      },
      "properties": {
        "bangumi_id": 405785,
        "bangumi_title": "摇曳露营△ 三期",
        "ep_cut": 7,
        "image_url": "https://w.junreimap.com/images/user/0/bangumi/405785/points/kj2qbc3ik-1716060339695.jpg",
        "location": "小尾",
        "point_id": "kj2qbc3ik",
        "point_name": "やきとり鳥恵",
        "remark": ""
      },
      "type": "Feature"
    },
    {
      "geometry": {
        "coordinates": [
          138.506316,
          35.867999
        ],
        "type": "Point"
      },
      "properties": {
        "bangumi_id": 405785,
        "bangumi_title": "摇曳露营△ 三期",
        "ep_cut": 7,
        "image_url": "https://w.junreimap.com/images/points/405785/4v8jeyk_1757606275253.jpg",
        "location": "小尾",
        "point_id": "4v8jeyk",
        "point_name": "やきとり鳥恵",
        "remark": "*（TODO:待补充说明）"
      },
      "type": "Feature"
    },
    {
      "geometry": {
        "coordinates": [
          138.506344,
          35.867996
        ],
        "type": "Point"
      },
      "properties": {
        "bangumi_id": 405785,
        "bangumi_title": "摇曳露营△ 三期",
        "ep_cut": 7,
        "image_url": "https://w.junreimap.com/images/points/405785/4v8jvzn_1757606298189.jpg",
        "location": "小尾",
        "point_id": "4v8jvzn",
        "point_name": "やきとり鳥恵",
        "remark": ""
      },
      "type": "Feature"
    },
    {
      "geometry": {
        "coordinates": [
          138.506285,
          35.867978
        ],
        "type": "Point"
      },
      "properties": {
        "bangumi_id": 405785,
        "bangumi_title": "摇曳露营△ 三期",
        "ep_cut": 7,
        "image_url": "https://w.junreimap.com/images/points/405785/4v8k2ay_1757606305548.jpg",
        "location": "小尾",
        "point_id": "4v8k2ay",
        "point_name": "やきとり鳥恵",
        "remark": ""
      },
      "type": "Feature"
    },
    {
      "geometry": {
        "coordinates": [
          138.506314,
          35.867978
        ],
        "type": "Point"
      },
      "properties": {
        "bangumi_id": 405785,
        "bangumi_title": "摇曳露营△ 三期",
        "ep_cut": 7,
        "image_url": "https://w.junreimap.com/images/points/405785/4v8k56g_1757606309680.jpg",
        "location": "小尾",
        "point_id": "4v8k56g",
        "point_name": "やきとり鳥恵",
        "remark": ""
      },
      "type": "Feature"
    },
    {
      "geometry": {
        "coordinates": [
          138.506344,
          35.867972
        ],
        "type": "Point"
      },
      "properties": {
        "bangumi_id": 405785,
        "bangumi_title": "摇曳露营△ 三期",
        "ep_cut": 7,
        "image_url": "https://w.junreimap.com/images/points/405785/4v8k7tf_1757606312763.jpg",
        "location": "小尾",
        "point_id": "4v8k7tf",
        "point_name": "やきとり鳥恵",
        "remark": ""
      },
      "type": "Feature"
    },
    {
      "geometry": {
        "coordinates": [
          138.506371,
          35.867974
        ],
        "type": "Point"
      },
      "properties": {
        "bangumi_id": 405785,
        "bangumi_title": "摇曳露营△ 三期",
        "ep_cut": 7,
        "image_url": "https://w.junreimap.com/images/points/405785/4v8nhps_1757606465940.jpg",
        "location": "小尾",
        "point_id": "4v8nhps",
        "point_name": "やきとり鳥恵",
        "remark": ""
      },
      "type": "Feature"
    },
    {
      "geometry": {
        "coordinates": [
          138.506407,
          35.867972
        ],
        "type": "Point"
      },
      "properties": {
        "bangumi_id": 405785,
        "bangumi_title": "摇曳露营△ 三期",
        "ep_cut": 7,
        "image_url": "https://w.junreimap.com/images/points/405785/4v8nk0k_1757606468537.jpg",
        "location": "小尾",
        "point_id": "4v8nk0k",
        "point_name": "やきとり鳥恵",
        "remark": ""
      },
      "type": "Feature"
    },
    {
      "geometry": {
        "coordinates": [
          138.506403,
          35.867996
        ],
        "type": "Point"
      },
      "properties": {
        "bangumi_id": 405785,
        "bangumi_title": "摇曳露营△ 三期",
        "ep_cut": 7,
        "image_url": "https://w.junreimap.com/images/points/405785/4v8nmex_1757606471073.jpg",
        "location": "小尾",
        "point_id": "4v8nmex",
        "point_name": "やきとり鳥恵",
        "remark": ""
      },
      "type": "Feature"
    },
    {
      "geometry": {
        "coordinates": [
          138.512899,
          35.87046
        ],
        "type": "Point"
      },
      "properties": {
        "bangumi_id": 405785,
        "bangumi_title": "摇曳露营△ 三期",
        "ep_cut": 7,
        "image_url": "https://w.junreimap.com/images/points/405785/4v8odol_1757606507492.jpg",
        "location": "小尾",
        "point_id": "4v8odol",
        "point_name": "小尾->东小尾",
        "remark": "理论位置，非精确坐标。"
      },
      "type": "Feature"
    },
    {
      "geometry": {
        "coordinates": [
          138.512431,
          35.870288
        ],
        "type": "Point"
      },
      "properties": {
        "bangumi_id": 405785,
        "bangumi_title": "摇曳露营△ 三期",
        "ep_cut": 7,
        "image_url": "https://w.junreimap.com/images/user/0/bangumi/405785/points/kj2ujxyti-1716060586201.jpg",
        "location": "小尾",
        "point_id": "kj2ujxyti",
        "point_name": "小尾->东小尾",
        "remark": ""
      },
      "type": "Feature"
    },
    {
      "geometry": {
        "coordinates": [
          138.510064,
          35.869404
        ],
        "type": "Point"
      },
      "properties": {
        "bangumi_id": 405785,
        "bangumi_title": "摇曳露营△ 三期",
        "ep_cut": 7,
        "image_url": "https://w.junreimap.com/images/points/405785/4v8orgb_1757606526455.jpg",
        "location": "小尾",
        "point_id": "4v8orgb",
        "point_name": "小尾->东小尾",
        "remark": ""
      },
      "type": "Feature"
    },
    {
      "geometry": {
        "coordinates": [
          138.531074,
          35.86479
        ],
        "type": "Point"
      },
      "properties": {
        "bangumi_id": 405785,
        "bangumi_title": "摇曳露营△ 三期",
        "ep_cut": 7,
        "image_url": "https://w.junreimap.com/images/user/0/bangumi/405785/points/kj2xi4qlv-1716060750365.jpg",
        "location": "東​小尾",
        "point_id": "kj2xi4qlv",
        "point_name": "増富の湯",
        "remark": ""
      },
      "type": "Feature"
    },
    {
      "geometry": {
        "coordinates": [
          138.531137,
          35.864771
        ],
        "type": "Point"
      },
      "properties": {
        "bangumi_id": 405785,
        "bangumi_title": "摇曳露营△ 三期",
        "ep_cut": 7,
        "image_url": "https://w.junreimap.com/images/points/405785/4v8rejl_1757606650321.jpg",
        "location": "東​小尾",
        "point_id": "4v8rejl",
        "point_name": "増富の湯",
        "remark": ""
      },
      "type": "Feature"
    },
    {
      "geometry": {
        "coordinates": [
          138.531116,
          35.864555
        ],
        "type": "Point"
      },
      "properties": {
        "bangumi_id": 405785,
        "bangumi_title": "摇曳露营△ 三期",
        "ep_cut": 7,
        "image_url": "https://w.junreimap.com/images/points/405785/4v8qnne_1757606613012.jpg",
        "location": "東​小尾",
        "point_id": "4v8qnne",
        "point_name": "増富の湯",
        "remark": ""
      },
      "type": "Feature"
    },
    {
      "geometry": {
        "coordinates": [
          138.531116,
          35.864498
        ],
        "type": "Point"
      },
      "properties": {
        "bangumi_id": 405785,
        "bangumi_title": "摇曳露营△ 三期",
        "ep_cut": 7,
        "image_url": "https://w.junreimap.com/images/points/405785/4v8qrtp_1757606618558.jpg",
        "location": "東​小尾",
        "point_id": "4v8qrtp",
        "point_name": "増富の湯",
        "remark": ""
      },
      "type": "Feature"
    },
    {
      "geometry": {
        "coordinates": [
          138.531121,
          35.864435
        ],
        "type": "Point"
      },
      "properties": {
        "bangumi_id": 405785,
        "bangumi_title": "摇曳露营△ 三期",
        "ep_cut": 7,
        "image_url": "https://w.junreimap.com/images/points/405785/4v8quel_1757606622137.jpg",
        "location": "東​小尾",
        "point_id": "4v8quel",
        "point_name": "増富の湯",
        "remark": ""
      },
      "type": "Feature"
    },
    {
      "geometry": {
        "coordinates": [
          138.53119,
          35.86444
        ],
        "type": "Point"
      },
      "properties": {
        "bangumi_id": 405785,
        "bangumi_title": "摇曳露营△ 三期",
        "ep_cut": 7,
        "image_url": "https://w.junreimap.com/images/points/405785/4v8rj25_1757606653790.jpg",
        "location": "東​小尾",
        "point_id": "4v8rj25",
        "point_name": "増富の湯",
        "remark": ""
      },
      "type": "Feature"
    },
    {
      "geometry": {
        "coordinates": [
          138.531172,
          35.864566
        ],
        "type": "Point"
      },
      "properties": {
        "bangumi_id": 405785,
        "bangumi_title": "摇曳露营△ 三期",
        "ep_cut": 7,
        "image_url": "https://w.junreimap.com/images/points/405785/4v8r78u_1757606639798.jpg",
        "location": "東​小尾",
        "point_id": "4v8r78u",
        "point_name": "増富の湯",
        "remark": ""
      },
      "type": "Feature"
    },
    {
      "geometry": {
        "coordinates": [
          138.531186,
          35.864504
        ],
        "type": "Point"
      },
      "properties": {
        "bangumi_id": 405785,
        "bangumi_title": "摇曳露营△ 三期",
        "ep_cut": 7,
        "image_url": "https://w.junreimap.com/images/points/405785/4v8rabq_1757606643528.jpg",
        "location": "東​小尾",
        "point_id": "4v8rabq",
        "point_name": "増富の湯",
        "remark": ""
      },
      "type": "Feature"
    },
    {
      "geometry": {
        "coordinates": [
          138.531127,
          35.864375
        ],
        "type": "Point"
      },
      "properties": {
        "bangumi_id": 405785,
        "bangumi_title": "摇曳露营△ 三期",
        "ep_cut": 7,
        "image_url": "https://w.junreimap.com/images/points/405785/4v8qwtp_1757606624942.jpg",
        "location": "東​小尾",
        "point_id": "4v8qwtp",
        "point_name": "増富の湯",
        "remark": ""
      },
      "type": "Feature"
    },
    {
      "geometry": {
        "coordinates": [
          138.531146,
          35.864327
        ],
        "type": "Point"
      },
      "properties": {
        "bangumi_id": 405785,
        "bangumi_title": "摇曳露营△ 三期",
        "ep_cut": 7,
        "image_url": "https://w.junreimap.com/images/points/405785/4v8qz5z_1757606628352.jpg",
        "location": "東​小尾",
        "point_id": "4v8qz5z",
        "point_name": "増富の湯",
        "remark": ""
      },
      "type": "Feature"
    },
    {
      "geometry": {
        "coordinates": [
          138.531354,
          35.864525
        ],
        "type": "Point"
      },
      "properties": {
        "bangumi_id": 405785,
        "bangumi_title": "摇曳露营△ 三期",
        "ep_cut": 7,
        "image_url": "https://w.junreimap.com/images/points/405785/4v8mcst_1757606412403.jpg",
        "location": "東​小尾",
        "point_id": "4v8mcst",
        "point_name": "増富の湯",
        "remark": ""
      },
      "type": "Feature"
    },
    {
      "geometry": {
        "coordinates": [
          138.544627,
          35.866493
        ],
        "type": "Point"
      },
      "properties": {
        "bangumi_id": 405785,
        "bangumi_title": "摇曳露营△ 三期",
        "ep_cut": 7,
        "image_url": "https://w.junreimap.com/images/user/1069/bangumi/405785/points/khil25mdd-1715938109145.jpg",
        "location": "東​小尾",
        "point_id": "khil25mdd",
        "point_name": "増富ラジウムライン",
        "remark": ""
      },
      "type": "Feature"
    },
    {
      "geometry": {
        "coordinates": [
          138.544438,
          35.866449
        ],
        "type": "Point"
      },
      "properties": {
        "bangumi_id": 405785,
        "bangumi_title": "摇曳露营△ 三期",
        "ep_cut": 7,
        "image_url": "https://w.junreimap.com/images/points/405785/4v8s32b_1757606680061.jpg",
        "location": "東​小尾",
        "point_id": "4v8s32b",
        "point_name": "増富ラジウムライン",
        "remark": ""
      },
      "type": "Feature"
    },
    {
      "geometry": {
        "coordinates": [
          138.544947,
          35.866312
        ],
        "type": "Point"
      },
      "properties": {
        "bangumi_id": 405785,
        "bangumi_title": "摇曳露营△ 三期",
        "ep_cut": 7,
        "image_url": "https://w.junreimap.com/images/points/405785/4v9bdbn_1757607583901.jpg",
        "location": "東​小尾",
        "point_id": "4v9bdbn",
        "point_name": "増富ラジウムライン",
        "remark": "（理论位置，非精确坐标）按照官方导览书介绍，这个旗子就在鲸石附近，但是没找着。"
      },
      "type": "Feature"
    },
    {
      "geometry": {
        "coordinates": [
          138.575055,
          35.868198
        ],
        "type": "Point"
      },
      "properties": {
        "bangumi_id": 405785,
        "bangumi_title": "摇曳露营△ 三期",
        "ep_cut": 7,
        "image_url": "https://w.junreimap.com/images/user/1069/bangumi/405785/points/khir9aqsi-1715938529161.jpg",
        "location": "瑞牆山荘",
        "point_id": "khir9aqsi",
        "point_name": "金山​山荘​キャンプ場 前",
        "remark": ""
      },
      "type": "Feature"
    },
    {
      "geometry": {
        "coordinates": [
          138.578709,
          35.878004
        ],
        "type": "Point"
      },
      "properties": {
        "bangumi_id": 405785,
        "bangumi_title": "摇曳露营△ 三期",
        "ep_cut": 7,
        "image_url": "https://w.junreimap.com/images/points/405785/4v8uebx_1757606792233.jpg",
        "location": "瑞牆山荘",
        "point_id": "4v8uebx",
        "point_name": "瑞牆山荘 前 小路",
        "remark": ""
      },
      "type": "Feature"
    },
    {
      "geometry": {
        "coordinates": [
          138.578515,
          35.878517
        ],
        "type": "Point"
      },
      "properties": {
        "bangumi_id": 405785,
        "bangumi_title": "摇曳露营△ 三期",
        "ep_cut": 7,
        "image_url": "https://w.junreimap.com/images/points/405785/4v8v0wm_1757606816747.jpg",
        "location": "瑞牆山荘",
        "point_id": "4v8v0wm",
        "point_name": "瑞牆山荘 前",
        "remark": ""
      },
      "type": "Feature"
    },
    {
      "geometry": {
        "coordinates": [
          138.578426,
          35.878635
        ],
        "type": "Point"
      },
      "properties": {
        "bangumi_id": 405785,
        "bangumi_title": "摇曳露营△ 三期",
        "ep_cut": 7,
        "image_url": "https://w.junreimap.com/images/points/405785/4v8vetw_1757606834799.jpg",
        "location": "瑞牆山荘",
        "point_id": "4v8vetw",
        "point_name": "瑞牆山荘 前",
        "remark": ""
      },
      "type": "Feature"
    },
    {
      "geometry": {
        "coordinates": [
          138.578358,
          35.87865
        ],
        "type": "Point"
      },
      "properties": {
        "bangumi_id": 405785,
        "bangumi_title": "摇曳露营△ 三期",
        "ep_cut": 7,
        "image_url": "https://w.junreimap.com/images/points/405785/4v8vts5_1757606857637.jpg",
        "location": "瑞牆山荘",
        "point_id": "4v8vts5",
        "point_name": "瑞牆山荘 前",
        "remark": "讲道理，现实里这个招牌不太一样……"
      },
      "type": "Feature"
    },
    {
      "geometry": {
        "coordinates": [
          138.578491,
          35.878543
        ],
        "type": "Point"
      },
      "properties": {
        "bangumi_id": 405785,
        "bangumi_title": "摇曳露营△ 三期",
        "ep_cut": 7,
        "image_url": "https://w.junreimap.com/images/user/1069/bangumi/405785/points/khivpxnf6-1715938743149.jpg",
        "location": "瑞牆山荘",
        "point_id": "khivpxnf6",
        "point_name": "瑞牆山荘 前",
        "remark": ""
      },
      "type": "Feature"
    },
    {
      "geometry": {
        "coordinates": [
          138.578293,
          35.878617
        ],
        "type": "Point"
      },
      "properties": {
        "bangumi_id": 405785,
        "bangumi_title": "摇曳露营△ 三期",
        "ep_cut": 7,
        "image_url": "https://w.junreimap.com/images/points/405785/4v8vgiu_1757606837213.jpg",
        "location": "瑞牆山荘",
        "point_id": "4v8vgiu",
        "point_name": "瑞牆山荘 内",
        "remark": "手上的冰淇淋售价450日元。"
      },
      "type": "Feature"
    },
    {
      "geometry": {
        "coordinates": [
          138.578273,
          35.878603
        ],
        "type": "Point"
      },
      "properties": {
        "bangumi_id": 405785,
        "bangumi_title": "摇曳露营△ 三期",
        "ep_cut": 7,
        "image_url": "https://w.junreimap.com/images/points/405785/4v8vqxg_1757606907803.jpg",
        "location": "瑞牆山荘",
        "point_id": "4v8vqxg",
        "point_name": "瑞牆山荘 内",
        "remark": ""
      },
      "type": "Feature"
    },
    {
      "geometry": {
        "coordinates": [
          138.578284,
          35.878836
        ],
        "type": "Point"
      },
      "properties": {
        "bangumi_id": 405785,
        "bangumi_title": "摇曳露营△ 三期",
        "ep_cut": 7,
        "image_url": "https://w.junreimap.com/images/points/405785/4v8x69a_1757606937681.jpg",
        "location": "瑞牆山荘",
        "point_id": "4v8x69a",
        "point_name": "瑞牆山荘 北侧",
        "remark": ""
      },
      "type": "Feature"
    },
    {
      "geometry": {
        "coordinates": [
          138.570842,
          35.885577
        ],
        "type": "Point"
      },
      "properties": {
        "bangumi_id": 405785,
        "bangumi_title": "摇曳露营△ 三期",
        "ep_cut": 7,
        "image_url": "https://w.junreimap.com/images/points/405785/4v8zmj7_1757607032382.jpg",
        "location": "瑞牆山自然公园",
        "point_id": "4v8zmj7",
        "point_name": "みず​がき​山​自然​公園 途中",
        "remark": ""
      },
      "type": "Feature"
    },
    {
      "geometry": {
        "coordinates": [
          138.573514,
          35.896272
        ],
        "type": "Point"
      },
      "properties": {
        "bangumi_id": 405785,
        "bangumi_title": "摇曳露营△ 三期",
        "ep_cut": 7,
        "image_url": "https://w.junreimap.com/images/points/405785/4v90c8f_1757607093605.jpg",
        "location": "瑞牆山自然公园",
        "point_id": "4v90c8f",
        "point_name": "みず​がき​山​自然​公園 东侧",
        "remark": ""
      },
      "type": "Feature"
    },
    {
      "geometry": {
        "coordinates": [
          138.573274,
          35.896371
        ],
        "type": "Point"
      },
      "properties": {
        "bangumi_id": 405785,
        "bangumi_title": "摇曳露营△ 三期",
        "ep_cut": 8,
        "image_url": "https://w.junreimap.com/images/points/405785/4v9ok9b_1757608206334.jpg",
        "location": "瑞牆山自然公园",
        "point_id": "4v9ok9b",
        "point_name": "みず​がき​山​自然​公園 东侧",
        "remark": ""
      },
      "type": "Feature"
    },
    {
      "geometry": {
        "coordinates": [
          138.573711,
          35.896656
        ],
        "type": "Point"
      },
      "properties": {
        "bangumi_id": 405785,
        "bangumi_title": "摇曳露营△ 三期",
        "ep_cut": 8,
        "image_url": "https://w.junreimap.com/images/points/405785/4v93gvt_1757607210363.jpg",
        "location": "瑞牆山自然公园",
        "point_id": "4v93gvt",
        "point_name": "みず​がき​山​自然​公園 东侧",
        "remark": ""
      },
      "type": "Feature"
    },
    {
      "geometry": {
        "coordinates": [
          138.573808,
          35.896693
        ],
        "type": "Point"
      },
      "properties": {
        "bangumi_id": 405785,
        "bangumi_title": "摇曳露营△ 三期",
        "ep_cut": 8,
        "image_url": "https://w.junreimap.com/images/points/405785/4v93jpe_1757607214645.jpg",
        "location": "瑞牆山自然公园",
        "point_id": "4v93jpe",
        "point_name": "みず​がき​山​自然​公園 东侧",
        "remark": ""
      },
      "type": "Feature"
    },
    {
      "geometry": {
        "coordinates": [
          138.573859,
          35.896617
        ],
        "type": "Point"
      },
      "properties": {
        "bangumi_id": 405785,
        "bangumi_title": "摇曳露营△ 三期",
        "ep_cut": 8,
        "image_url": "https://w.junreimap.com/images/points/405785/4v9r17w_1757608311166.jpg",
        "location": "瑞牆山自然公园",
        "point_id": "4v9r17w",
        "point_name": "みず​がき​山​自然​公園 东侧",
        "remark": ""
      },
      "type": "Feature"
    },
    {
      "geometry": {
        "coordinates": [
          138.573996,
          35.896735
        ],
        "type": "Point"
      },
      "properties": {
        "bangumi_id": 405785,
        "bangumi_title": "摇曳露营△ 三期",
        "ep_cut": 8,
        "image_url": "https://w.junreimap.com/images/points/405785/4v93svb_1757607226860.jpg",
        "location": "瑞牆山自然公园",
        "point_id": "4v93svb",
        "point_name": "みず​がき​山​自然​公園 东侧",
        "remark": ""
      },
      "type": "Feature"
    },
    {
      "geometry": {
        "coordinates": [
          138.573396,
          35.89652
        ],
        "type": "Point"
      },
      "properties": {
        "bangumi_id": 405785,
        "bangumi_title": "摇曳露营△ 三期",
        "ep_cut": 8,
        "image_url": "https://w.junreimap.com/images/points/405785/4v93aqf_1757607204643.jpg",
        "location": "瑞牆山自然公园",
        "point_id": "4v93aqf",
        "point_name": "みず​がき​山​自然​公園 东侧",
        "remark": ""
      },
      "type": "Feature"
    },
    {
      "geometry": {
        "coordinates": [
          138.573896,
          35.89671
        ],
        "type": "Point"
      },
      "properties": {
        "bangumi_id": 405785,
        "bangumi_title": "摇曳露营△ 三期",
        "ep_cut": 8,
        "image_url": "https://w.junreimap.com/images/points/405785/4v93nxg_1757607219834.jpg",
        "location": "瑞牆山自然公园",
        "point_id": "4v93nxg",
        "point_name": "みず​がき​山​自然​公園 远眺",
        "remark": ""
      },
      "type": "Feature"
    },
    {
      "geometry": {
        "coordinates": [
          138.573546,
          35.8966
        ],
        "type": "Point"
      },
      "properties": {
        "bangumi_id": 405785,
        "bangumi_title": "摇曳露营△ 三期",
        "ep_cut": 8,
        "image_url": "https://w.junreimap.com/images/points/405785/4v936au_1757607198808.jpg",
        "location": "瑞牆山自然公园",
        "point_id": "4v936au",
        "point_name": "みず​がき​山​自然​公園 远眺",
        "remark": ""
      },
      "type": "Feature"
    },
    {
      "geometry": {
        "coordinates": [
          138.573652,
          35.896094
        ],
        "type": "Point"
      },
      "properties": {
        "bangumi_id": 405785,
        "bangumi_title": "摇曳露营△ 三期",
        "ep_cut": 7,
        "image_url": "https://w.junreimap.com/images/points/405785/4v8zxkv_1757607046991.jpg",
        "location": "瑞牆山自然公园",
        "point_id": "4v8zxkv",
        "point_name": "みず​がき​山​自然​公園 远眺",
        "remark": ""
      },
      "type": "Feature"
    },
    {
      "geometry": {
        "coordinates": [
          138.574116,
          35.896752
        ],
        "type": "Point"
      },
      "properties": {
        "bangumi_id": 405785,
        "bangumi_title": "摇曳露营△ 三期",
        "ep_cut": 8,
        "image_url": "https://w.junreimap.com/images/points/405785/4v940rx_1757607236433.jpg",
        "location": "瑞牆山自然公园",
        "point_id": "4v940rx",
        "point_name": "みず​がき​山​自然​公園 地图",
        "remark": ""
      },
      "type": "Feature"
    },
    {
      "geometry": {
        "coordinates": [
          138.573828,
          35.896269
        ],
        "type": "Point"
      },
      "properties": {
        "bangumi_id": 405785,
        "bangumi_title": "摇曳露营△ 三期",
        "ep_cut": 8,
        "image_url": "https://w.junreimap.com/images/points/405785/4v94b7p_1757607249785.jpg",
        "location": "瑞牆山自然公园",
        "point_id": "4v94b7p",
        "point_name": "みず​がき​山​自然​公園 凉亭",
        "remark": ""
      },
      "type": "Feature"
    },
    {
      "geometry": {
        "coordinates": [
          138.573901,
          35.896227
        ],
        "type": "Point"
      },
      "properties": {
        "bangumi_id": 405785,
        "bangumi_title": "摇曳露营△ 三期",
        "ep_cut": 8,
        "image_url": "https://w.junreimap.com/images/points/405785/4v9nzhw_1757608168372.jpg",
        "location": "瑞牆山自然公园",
        "point_id": "4v9nzhw",
        "point_name": "みず​がき​山​自然​公園 凉亭",
        "remark": ""
      },
      "type": "Feature"
    },
    {
      "geometry": {
        "coordinates": [
          138.573906,
          35.89626
        ],
        "type": "Point"
      },
      "properties": {
        "bangumi_id": 405785,
        "bangumi_title": "摇曳露营△ 三期",
        "ep_cut": 8,
        "image_url": "https://w.junreimap.com/images/points/405785/4v94d65_1757607252788.jpg",
        "location": "瑞牆山自然公园",
        "point_id": "4v94d65",
        "point_name": "みず​がき​山​自然​公園 凉亭",
        "remark": ""
      },
      "type": "Feature"
    },
    {
      "geometry": {
        "coordinates": [
          138.57388,
          35.89626
        ],
        "type": "Point"
      },
      "properties": {
        "bangumi_id": 405785,
        "bangumi_title": "摇曳露营△ 三期",
        "ep_cut": 8,
        "image_url": "https://w.junreimap.com/images/points/405785/4v94jum_1757607260977.jpg",
        "location": "瑞牆山自然公园",
        "point_id": "4v94jum",
        "point_name": "みず​がき​山​自然​公園 凉亭",
        "remark": ""
      },
      "type": "Feature"
    },
    {
      "geometry": {
        "coordinates": [
          138.57391,
          35.896273
        ],
        "type": "Point"
      },
      "properties": {
        "bangumi_id": 405785,
        "bangumi_title": "摇曳露营△ 三期",
        "ep_cut": 8,
        "image_url": "https://w.junreimap.com/images/points/405785/4v94mxq_1757607265432.jpg",
        "location": "瑞牆山自然公园",
        "point_id": "4v94mxq",
        "point_name": "みず​がき​山​自然​公園 凉亭",
        "remark": ""
      },
      "type": "Feature"
    },
    {
      "geometry": {
        "coordinates": [
          138.573918,
          35.896233
        ],
        "type": "Point"
      },
      "properties": {
        "bangumi_id": 405785,
        "bangumi_title": "摇曳露营△ 三期",
        "ep_cut": 8,
        "image_url": "https://w.junreimap.com/images/points/405785/4v94gc6_1757607256776.jpg",
        "location": "瑞牆山自然公园",
        "point_id": "4v94gc6",
        "point_name": "みず​がき​山​自然​公園 凉亭",
        "remark": ""
      },
      "type": "Feature"
    },
    {
      "geometry": {
        "coordinates": [
          138.573915,
          35.896246
        ],
        "type": "Point"
      },
      "properties": {
        "bangumi_id": 405785,
        "bangumi_title": "摇曳露营△ 三期",
        "ep_cut": 8,
        "image_url": "https://w.junreimap.com/images/points/405785/4v9o6k9_1757608176815.jpg",
        "location": "瑞牆山自然公园",
        "point_id": "4v9o6k9",
        "point_name": "みず​がき​山​自然​公園 凉亭",
        "remark": ""
      },
      "type": "Feature"
    },
    {
      "geometry": {
        "coordinates": [
          138.573999,
          35.896216
        ],
        "type": "Point"
      },
      "properties": {
        "bangumi_id": 405785,
        "bangumi_title": "摇曳露营△ 三期",
        "ep_cut": 8,
        "image_url": "https://w.junreimap.com/images/points/405785/4v9nr3b_1757608157459.jpg",
        "location": "瑞牆山自然公园",
        "point_id": "4v9nr3b",
        "point_name": "みず​がき​山​自然​公園 凉亭",
        "remark": ""
      },
      "type": "Feature"
    },
    {
      "geometry": {
        "coordinates": [
          138.57393,
          35.896246
        ],
        "type": "Point"
      },
      "properties": {
        "bangumi_id": 405785,
        "bangumi_title": "摇曳露营△ 三期",
        "ep_cut": 8,
        "image_url": "https://w.junreimap.com/images/points/405785/4v9nu0t_1757608161498.jpg",
        "location": "瑞牆山自然公园",
        "point_id": "4v9nu0t",
        "point_name": "みず​がき​山​自然​公園 凉亭",
        "remark": ""
      },
      "type": "Feature"
    },
    {
      "geometry": {
        "coordinates": [
          138.573897,
          35.89624
        ],
        "type": "Point"
      },
      "properties": {
        "bangumi_id": 405785,
        "bangumi_title": "摇曳露营△ 三期",
        "ep_cut": 8,
        "image_url": "https://w.junreimap.com/images/points/405785/4v9nxrf_1757608165430.jpg",
        "location": "瑞牆山自然公园",
        "point_id": "4v9nxrf",
        "point_name": "みず​がき​山​自然​公園 凉亭",
        "remark": ""
      },
      "type": "Feature"
    },
    {
      "geometry": {
        "coordinates": [
          138.573631,
          35.896625
        ],
        "type": "Point"
      },
      "properties": {
        "bangumi_id": 405785,
        "bangumi_title": "摇曳露营△ 三期",
        "ep_cut": 7,
        "image_url": "https://w.junreimap.com/images/points/405785/4v910yi_1757607098019.jpg",
        "location": "瑞牆山自然公园",
        "point_id": "4v910yi",
        "point_name": "みずがき山自然公園管理棟",
        "remark": "作品中的管理栋有屋顶改色+结构变化，但大致一样。顺便一提，虽然作品中（声称的）的扎营点是在东侧的芝生广场，但实际上管理栋在西侧，令人匪夷所思。从这张图可以看见，作品中凉亭和管理栋都北放在了东侧。实际拍摄中很难完全还原作品的构图。"
      },
      "type": "Feature"
    },
    {
      "geometry": {
        "coordinates": [
          138.573286,
          35.896311
        ],
        "type": "Point"
      },
      "properties": {
        "bangumi_id": 405785,
        "bangumi_title": "摇曳露营△ 三期",
        "ep_cut": 7,
        "image_url": "https://w.junreimap.com/images/points/405785/4v92fir_1757607163459.jpg",
        "location": "瑞牆山自然公园",
        "point_id": "4v92fir",
        "point_name": "みずがき山自然公園管理棟",
        "remark": "作品中的管理栋有屋顶改色+结构变化，但大致一样。顺便一提，虽然作品中（声称的）的扎营点是在东侧的芝生广场，但实际上管理栋在西侧，令人匪夷所思。"
      },
      "type": "Feature"
    },
    {
      "geometry": {
        "coordinates": [
          138.573066,
          35.896265
        ],
        "type": "Point"
      },
      "properties": {
        "bangumi_id": 405785,
        "bangumi_title": "摇曳露营△ 三期",
        "ep_cut": 7,
        "image_url": "https://w.junreimap.com/images/points/405785/4v919zu_1757607108893.jpg",
        "location": "瑞牆山自然公园",
        "point_id": "4v919zu",
        "point_name": "みずがき山自然公園管理棟",
        "remark": "作品中的管理栋有屋顶改色+结构变化，但大致一样。顺便一提，虽然作品中（声称的）的扎营点是在东侧的芝生广场，但实际上管理栋在西侧，令人匪夷所思。"
      },
      "type": "Feature"
    },
    {
      "geometry": {
        "coordinates": [
          138.57361,
          35.896311
        ],
        "type": "Point"
      },
      "properties": {
        "bangumi_id": 405785,
        "bangumi_title": "摇曳露营△ 三期",
        "ep_cut": 7,
        "image_url": "https://w.junreimap.com/images/user/1069/bangumi/405785/points/khj2yn1s6-1715939214478.jpg",
        "location": "瑞牆山自然公园",
        "point_id": "khj2yn1s6",
        "point_name": "みずがき山自然公園管理棟",
        "remark": "作品中的管理栋有屋顶改色+结构变化，但大致一样。顺便一提，虽然作品中（声称的）的扎营点是在东侧的芝生广场，但实际上管理栋在西侧，令人匪夷所思。"
      },
      "type": "Feature"
    },
    {
      "geometry": {
        "coordinates": [
          138.573307,
          35.896483
        ],
        "type": "Point"
      },
      "properties": {
        "bangumi_id": 405785,
        "bangumi_title": "摇曳露营△ 三期",
        "ep_cut": 8,
        "image_url": "https://w.junreimap.com/images/points/405785/4v9466z_1757607243667.jpg",
        "location": "瑞牆山自然公园",
        "point_id": "4v9466z",
        "point_name": "みずがき山自然公園管理棟",
        "remark": "作品中的管理栋有屋顶改色+结构变化，但大致一样。顺便一提，虽然作品中（声称的）的扎营点是在东侧的芝生广场，但实际上管理栋在西侧，令人匪夷所思。"
      },
      "type": "Feature"
    },
    {
      "geometry": {
        "coordinates": [
          138.573157,
          35.89622
        ],
        "type": "Point"
      },
      "properties": {
        "bangumi_id": 405785,
        "bangumi_title": "摇曳露营△ 三期",
        "ep_cut": 8,
        "image_url": "https://w.junreimap.com/images/points/405785/4v92yrp_1757607192731.jpg",
        "location": "瑞牆山自然公园",
        "point_id": "4v92yrp",
        "point_name": "みずがき山自然公園管理棟",
        "remark": "作品中的管理栋有屋顶改色+结构变化，但大致一样。顺便一提，虽然作品中（声称的）的扎营点是在东侧的芝生广场，但实际上管理栋在西侧，令人匪夷所思。"
      },
      "type": "Feature"
    },
    {
      "geometry": {
        "coordinates": [
          138.57302,
          35.896045
        ],
        "type": "Point"
      },
      "properties": {
        "bangumi_id": 405785,
        "bangumi_title": "摇曳露营△ 三期",
        "ep_cut": 8,
        "image_url": "https://w.junreimap.com/images/points/405785/4v9ri74_1757608334609.jpg",
        "location": "瑞牆山自然公园",
        "point_id": "4v9ri74",
        "point_name": "みずがき山自然公園管理棟",
        "remark": "应该捏他的是カゴメ的トマトジュース"
      },
      "type": "Feature"
    },
    {
      "geometry": {
        "coordinates": [
          138.573118,
          35.896248
        ],
        "type": "Point"
      },
      "properties": {
        "bangumi_id": 405785,
        "bangumi_title": "摇曳露营△ 三期",
        "ep_cut": 8,
        "image_url": "https://w.junreimap.com/images/points/405785/4v9p3bf_1757608220223.jpg",
        "location": "瑞牆山自然公园",
        "point_id": "4v9p3bf",
        "point_name": "みずがき山自然公園管理棟",
        "remark": "作品中的管理栋有屋顶改色+结构变化，但大致一样。顺便一提，虽然作品中（声称的）的扎营点是在东侧的芝生广场，但实际上管理栋在西侧，令人匪夷所思。"
      },
      "type": "Feature"
    },
    {
      "geometry": {
        "coordinates": [
          138.57307,
          35.896165
        ],
        "type": "Point"
      },
      "properties": {
        "bangumi_id": 405785,
        "bangumi_title": "摇曳露营△ 三期",
        "ep_cut": 7,
        "image_url": "https://w.junreimap.com/images/points/405785/4v91cji_1757607111763.jpg",
        "location": "瑞牆山自然公园",
        "point_id": "4v91cji",
        "point_name": "みずがき山自然公園管理棟",
        "remark": "作品中的管理栋有屋顶改色+结构变化，但大致一样。顺便一提，虽然作品中（声称的）的扎营点是在东侧的芝生广场，但实际上管理栋在西侧，令人匪夷所思。"
      },
      "type": "Feature"
    },
    {
      "geometry": {
        "coordinates": [
          138.573024,
          35.896131
        ],
        "type": "Point"
      },
      "properties": {
        "bangumi_id": 405785,
        "bangumi_title": "摇曳露营△ 三期",
        "ep_cut": 7,
        "image_url": "https://w.junreimap.com/images/points/405785/4v9208d_1757607142548.jpg",
        "location": "瑞牆山自然公园",
        "point_id": "4v9208d",
        "point_name": "みずがき山自然公園管理棟",
        "remark": "作品中的管理栋有屋顶改色+结构变化，但大致一样。顺便一提，虽然作品中（声称的）的扎营点是在东侧的芝生广场，但实际上管理栋在西侧，令人匪夷所思。"
      },
      "type": "Feature"
    },
    {
      "geometry": {
        "coordinates": [
          138.573062,
          35.896103
        ],
        "type": "Point"
      },
      "properties": {
        "bangumi_id": 405785,
        "bangumi_title": "摇曳露营△ 三期",
        "ep_cut": 7,
        "image_url": "https://w.junreimap.com/images/points/405785/4v91eoi_1757607121300.jpg",
        "location": "瑞牆山自然公园",
        "point_id": "4v91eoi",
        "point_name": "みずがき山自然公園管理棟",
        "remark": "作品中的管理栋有屋顶改色+结构变化，但大致一样。顺便一提，虽然作品中（声称的）的扎营点是在东侧的芝生广场，但实际上管理栋在西侧，令人匪夷所思。"
      },
      "type": "Feature"
    },
    {
      "geometry": {
        "coordinates": [
          138.573053,
          35.896042
        ],
        "type": "Point"
      },
      "properties": {
        "bangumi_id": 405785,
        "bangumi_title": "摇曳露营△ 三期",
        "ep_cut": 7,
        "image_url": "https://w.junreimap.com/images/points/405785/4v91nm5_1757607126960.jpg",
        "location": "瑞牆山自然公园",
        "point_id": "4v91nm5",
        "point_name": "みずがき山自然公園管理棟",
        "remark": "作品中的管理栋有屋顶改色+结构变化，但大致一样。顺便一提，虽然作品中（声称的）的扎营点是在东侧的芝生广场，但实际上管理栋在西侧，令人匪夷所思。"
      },
      "type": "Feature"
    },
    {
      "geometry": {
        "coordinates": [
          138.573054,
          35.896012
        ],
        "type": "Point"
      },
      "properties": {
        "bangumi_id": 405785,
        "bangumi_title": "摇曳露营△ 三期",
        "ep_cut": 7,
        "image_url": "https://w.junreimap.com/images/points/405785/4v91qli_1757607130787.jpg",
        "location": "瑞牆山自然公园",
        "point_id": "4v91qli",
        "point_name": "みずがき山自然公園管理棟",
        "remark": ""
      },
      "type": "Feature"
    },
    {
      "geometry": {
        "coordinates": [
          138.57306,
          35.896069
        ],
        "type": "Point"
      },
      "properties": {
        "bangumi_id": 405785,
        "bangumi_title": "摇曳露营△ 三期",
        "ep_cut": 7,
        "image_url": "https://w.junreimap.com/images/points/405785/4v91t4q_1757607133598.jpg",
        "location": "瑞牆山自然公园",
        "point_id": "4v91t4q",
        "point_name": "みずがき山自然公園管理棟",
        "remark": "作品中的管理栋有屋顶改色+结构变化，但大致一样。顺便一提，虽然作品中（声称的）的扎营点是在东侧的芝生广场，但实际上管理栋在西侧，令人匪夷所思。"
      },
      "type": "Feature"
    },
    {
      "geometry": {
        "coordinates": [
          138.573066,
          35.896134
        ],
        "type": "Point"
      },
      "properties": {
        "bangumi_id": 405785,
        "bangumi_title": "摇曳露营△ 三期",
        "ep_cut": 7,
        "image_url": "https://w.junreimap.com/images/points/405785/4v91w0q_1757607136782.jpg",
        "location": "瑞牆山自然公园",
        "point_id": "4v91w0q",
        "point_name": "みずがき山自然公園管理棟",
        "remark": "作品中的管理栋有屋顶改色+结构变化，但大致一样。顺便一提，虽然作品中（声称的）的扎营点是在东侧的芝生广场，但实际上管理栋在西侧，令人匪夷所思。"
      },
      "type": "Feature"
    },
    {
      "geometry": {
        "coordinates": [
          138.573026,
          35.896163
        ],
        "type": "Point"
      },
      "properties": {
        "bangumi_id": 405785,
        "bangumi_title": "摇曳露营△ 三期",
        "ep_cut": 7,
        "image_url": "https://w.junreimap.com/images/points/405785/4v91ypj_1757607140147.jpg",
        "location": "瑞牆山自然公园",
        "point_id": "4v91ypj",
        "point_name": "みずがき山自然公園管理棟",
        "remark": "作品中的管理栋有屋顶改色+结构变化，但大致一样。顺便一提，虽然作品中（声称的）的扎营点是在东侧的芝生广场，但实际上管理栋在西侧，令人匪夷所思。"
      },
      "type": "Feature"
    },
    {
      "geometry": {
        "coordinates": [
          138.57302,
          35.896102
        ],
        "type": "Point"
      },
      "properties": {
        "bangumi_id": 405785,
        "bangumi_title": "摇曳露营△ 三期",
        "ep_cut": 7,
        "image_url": "https://w.junreimap.com/images/points/405785/4v922bv_1757607146236.jpg",
        "location": "瑞牆山自然公园",
        "point_id": "4v922bv",
        "point_name": "みずがき山自然公園管理棟",
        "remark": "作品中的管理栋有屋顶改色+结构变化，但大致一样。顺便一提，虽然作品中（声称的）的扎营点是在东侧的芝生广场，但实际上管理栋在西侧，令人匪夷所思。"
      },
      "type": "Feature"
    },
    {
      "geometry": {
        "coordinates": [
          138.425854,
          35.708141
        ],
        "type": "Point"
      },
      "properties": {
        "bangumi_id": 405785,
        "bangumi_title": "摇曳露营△ 三期",
        "ep_cut": 9,
        "image_url": "https://w.junreimap.com/images/points/405785/4v76hy4_1757603992761.jpg",
        "location": "王仁冢的一本樱（韭崎市-山梨）",
        "point_id": "4v76hy4",
        "point_name": "わに塚のサクラ",
        "remark": ""
      },
      "type": "Feature"
    },
    {
      "geometry": {
        "coordinates": [
          138.425757,
          35.70817
        ],
        "type": "Point"
      },
      "properties": {
        "bangumi_id": 405785,
        "bangumi_title": "摇曳露营△ 三期",
        "ep_cut": 9,
        "image_url": "https://w.junreimap.com/images/points/405785/4v76bbs_1757603984340.jpg",
        "location": "王仁冢的一本樱（韭崎市-山梨）",
        "point_id": "4v76bbs",
        "point_name": "わに塚のサクラ",
        "remark": ""
      },
      "type": "Feature"
    },
    {
      "geometry": {
        "coordinates": [
          138.425907,
          35.708211
        ],
        "type": "Point"
      },
      "properties": {
        "bangumi_id": 405785,
        "bangumi_title": "摇曳露营△ 三期",
        "ep_cut": 9,
        "image_url": "https://w.junreimap.com/images/points/405785/4v76l9g_1757603998049.jpg",
        "location": "王仁冢的一本樱（韭崎市-山梨）",
        "point_id": "4v76l9g",
        "point_name": "わに塚のサクラ",
        "remark": ""
      },
      "type": "Feature"
    },
    {
      "geometry": {
        "coordinates": [
          138.425833,
          35.708206
        ],
        "type": "Point"
      },
      "properties": {
        "bangumi_id": 405785,
        "bangumi_title": "摇曳露营△ 三期",
        "ep_cut": 9,
        "image_url": "https://w.junreimap.com/images/user/1092/bangumi/405785/points/kxyzxod37-1717227687637.jpg",
        "location": "王仁冢的一本樱（韭崎市-山梨）",
        "point_id": "kxyzxod37",
        "point_name": "わに塚のサクラ",
        "remark": ""
      },
      "type": "Feature"
    },
    {
      "geometry": {
        "coordinates": [
          138.412155,
          35.510551
        ],
        "type": "Point"
      },
      "properties": {
        "bangumi_id": 405785,
        "bangumi_title": "摇曳露营△ 三期",
        "ep_cut": 9,
        "image_url": "https://w.junreimap.com/images/user/1092/bangumi/405785/points/kxxd9zmoi-1717224109511.jpg",
        "location": "大柳川（富士川町-山梨）",
        "point_id": "kxxd9zmoi",
        "point_name": "不動滝",
        "remark": ""
      },
      "type": "Feature"
    },
    {
      "geometry": {
        "coordinates": [
          138.39915,
          35.506221
        ],
        "type": "Point"
      },
      "properties": {
        "bangumi_id": 405785,
        "bangumi_title": "摇曳露营△ 三期",
        "ep_cut": 9,
        "image_url": "https://w.junreimap.com/images/points/405785/4v2qzgr_1757596552727.jpg",
        "location": "大柳川（富士川町-山梨）",
        "point_id": "4v2qzgr",
        "point_name": "大柳川渓流 キャンプ場",
        "remark": ""
      },
      "type": "Feature"
    },
    {
      "geometry": {
        "coordinates": [
          138.399098,
          35.506238
        ],
        "type": "Point"
      },
      "properties": {
        "bangumi_id": 405785,
        "bangumi_title": "摇曳露营△ 三期",
        "ep_cut": 9,
        "image_url": "https://w.junreimap.com/images/points/405785/4v2r5vm_1757596559642.jpg",
        "location": "大柳川（富士川町-山梨）",
        "point_id": "4v2r5vm",
        "point_name": "大柳川渓流 キャンプ場",
        "remark": ""
      },
      "type": "Feature"
    },
    {
      "geometry": {
        "coordinates": [
          138.398975,
          35.506252
        ],
        "type": "Point"
      },
      "properties": {
        "bangumi_id": 405785,
        "bangumi_title": "摇曳露营△ 三期",
        "ep_cut": 9,
        "image_url": "https://w.junreimap.com/images/user/1092/bangumi/405785/points/kxx9vxovn-1717223945784.jpg",
        "location": "大柳川（富士川町-山梨）",
        "point_id": "kxx9vxovn",
        "point_name": "大柳川渓流 キャンプ場",
        "remark": ""
      },
      "type": "Feature"
    },
    {
      "geometry": {
        "coordinates": [
          138.398653,
          35.506198
        ],
        "type": "Point"
      },
      "properties": {
        "bangumi_id": 405785,
        "bangumi_title": "摇曳露营△ 三期",
        "ep_cut": 9,
        "image_url": "https://w.junreimap.com/images/points/405785/4v35kio_1757597231546.jpg",
        "location": "大柳川（富士川町-山梨）",
        "point_id": "4v35kio",
        "point_name": "大柳川渓流 キャンプ場",
        "remark": ""
      },
      "type": "Feature"
    },
    {
      "geometry": {
        "coordinates": [
          138.398583,
          35.506145
        ],
        "type": "Point"
      },
      "properties": {
        "bangumi_id": 405785,
        "bangumi_title": "摇曳露营△ 三期",
        "ep_cut": 9,
        "image_url": "https://w.junreimap.com/images/points/405785/4v2rmq4_1757596589754.jpg",
        "location": "大柳川（富士川町-山梨）",
        "point_id": "4v2rmq4",
        "point_name": "大柳川渓流 キャンプ場",
        "remark": ""
      },
      "type": "Feature"
    },
    {
      "geometry": {
        "coordinates": [
          138.398112,
          35.506036
        ],
        "type": "Point"
      },
      "properties": {
        "bangumi_id": 405785,
        "bangumi_title": "摇曳露营△ 三期",
        "ep_cut": 9,
        "image_url": "https://w.junreimap.com/images/points/405785/4v2tkzs_1757596673353.jpg",
        "location": "大柳川（富士川町-山梨）",
        "point_id": "4v2tkzs",
        "point_name": "大柳川渓流 キャンプ場",
        "remark": ""
      },
      "type": "Feature"
    },
    {
      "geometry": {
        "coordinates": [
          138.396636,
          35.504745
        ],
        "type": "Point"
      },
      "properties": {
        "bangumi_id": 405785,
        "bangumi_title": "摇曳露营△ 三期",
        "ep_cut": 9,
        "image_url": "https://w.junreimap.com/images/user/1092/bangumi/405785/points/kxxjch21i-1717224515058.jpg",
        "location": "大柳川（富士川町-山梨）",
        "point_id": "kxxjch21i",
        "point_name": "大柳川渓流 キャンプ場",
        "remark": ""
      },
      "type": "Feature"
    },
    {
      "geometry": {
        "coordinates": [
          138.396757,
          35.504704
        ],
        "type": "Point"
      },
      "properties": {
        "bangumi_id": 405785,
        "bangumi_title": "摇曳露营△ 三期",
        "ep_cut": 9,
        "image_url": "https://w.junreimap.com/images/points/405785/4v2vvkn_1757596781626.jpg",
        "location": "大柳川（富士川町-山梨）",
        "point_id": "4v2vvkn",
        "point_name": "大柳川渓流 キャンプ場",
        "remark": ""
      },
      "type": "Feature"
    },
    {
      "geometry": {
        "coordinates": [
          138.396507,
          35.504731
        ],
        "type": "Point"
      },
      "properties": {
        "bangumi_id": 405785,
        "bangumi_title": "摇曳露营△ 三期",
        "ep_cut": 9,
        "image_url": "https://w.junreimap.com/images/points/405785/4v2w097_1757596784831.jpg",
        "location": "大柳川（富士川町-山梨）",
        "point_id": "4v2w097",
        "point_name": "大柳川渓流 キャンプ場",
        "remark": ""
      },
      "type": "Feature"
    },
    {
      "geometry": {
        "coordinates": [
          138.396952,
          35.504895
        ],
        "type": "Point"
      },
      "properties": {
        "bangumi_id": 405785,
        "bangumi_title": "摇曳露营△ 三期",
        "ep_cut": 9,
        "image_url": "https://w.junreimap.com/images/points/405785/4v2w4u9_1757596794646.jpg",
        "location": "大柳川（富士川町-山梨）",
        "point_id": "4v2w4u9",
        "point_name": "大柳川渓流 キャンプ場",
        "remark": ""
      },
      "type": "Feature"
    },
    {
      "geometry": {
        "coordinates": [
          138.39673,
          35.504862
        ],
        "type": "Point"
      },
      "properties": {
        "bangumi_id": 405785,
        "bangumi_title": "摇曳露营△ 三期",
        "ep_cut": 9,
        "image_url": "https://w.junreimap.com/images/points/405785/4v2wybc_1757596832953.jpg",
        "location": "大柳川（富士川町-山梨）",
        "point_id": "4v2wybc",
        "point_name": "大柳川渓流 キャンプ場",
        "remark": ""
      },
      "type": "Feature"
    },
    {
      "geometry": {
        "coordinates": [
          138.396616,
          35.504871
        ],
        "type": "Point"
      },
      "properties": {
        "bangumi_id": 405785,
        "bangumi_title": "摇曳露营△ 三期",
        "ep_cut": 9,
        "image_url": "https://w.junreimap.com/images/points/405785/4v2x9ik_1757596843276.jpg",
        "location": "大柳川（富士川町-山梨）",
        "point_id": "4v2x9ik",
        "point_name": "大柳川渓流 キャンプ場",
        "remark": ""
      },
      "type": "Feature"
    },
    {
      "geometry": {
        "coordinates": [
          138.396505,
          35.50488
        ],
        "type": "Point"
      },
      "properties": {
        "bangumi_id": 405785,
        "bangumi_title": "摇曳露营△ 三期",
        "ep_cut": 9,
        "image_url": "https://w.junreimap.com/images/points/405785/4v2xcdp_1757596846999.jpg",
        "location": "大柳川（富士川町-山梨）",
        "point_id": "4v2xcdp",
        "point_name": "大柳川渓流 キャンプ場",
        "remark": ""
      },
      "type": "Feature"
    },
    {
      "geometry": {
        "coordinates": [
          138.396514,
          35.504957
        ],
        "type": "Point"
      },
      "properties": {
        "bangumi_id": 405785,
        "bangumi_title": "摇曳露营△ 三期",
        "ep_cut": 9,
        "image_url": "https://w.junreimap.com/images/points/405785/4v343gi_1757597163242.jpg",
        "location": "大柳川（富士川町-山梨）",
        "point_id": "4v343gi",
        "point_name": "大柳川渓流 キャンプ場",
        "remark": ""
      },
      "type": "Feature"
    },
    {
      "geometry": {
        "coordinates": [
          138.396612,
          35.504958
        ],
        "type": "Point"
      },
      "properties": {
        "bangumi_id": 405785,
        "bangumi_title": "摇曳露营△ 三期",
        "ep_cut": 9,
        "image_url": "https://w.junreimap.com/images/points/405785/4v348oi_1757597168527.jpg",
        "location": "大柳川（富士川町-山梨）",
        "point_id": "4v348oi",
        "point_name": "大柳川渓流 キャンプ場",
        "remark": ""
      },
      "type": "Feature"
    },
    {
      "geometry": {
        "coordinates": [
          138.396737,
          35.504951
        ],
        "type": "Point"
      },
      "properties": {
        "bangumi_id": 405785,
        "bangumi_title": "摇曳露营△ 三期",
        "ep_cut": 9,
        "image_url": "https://w.junreimap.com/images/points/405785/4v34do4_1757597180088.jpg",
        "location": "大柳川（富士川町-山梨）",
        "point_id": "4v34do4",
        "point_name": "大柳川渓流 キャンプ場",
        "remark": ""
      },
      "type": "Feature"
    },
    {
      "geometry": {
        "coordinates": [
          138.396404,
          35.505052
        ],
        "type": "Point"
      },
      "properties": {
        "bangumi_id": 405785,
        "bangumi_title": "摇曳露营△ 三期",
        "ep_cut": 9,
        "image_url": "https://w.junreimap.com/images/points/405785/4v34jh3_1757597182595.jpg",
        "location": "大柳川（富士川町-山梨）",
        "point_id": "4v34jh3",
        "point_name": "大柳川渓流 キャンプ場",
        "remark": ""
      },
      "type": "Feature"
    },
    {
      "geometry": {
        "coordinates": [
          138.396515,
          35.505047
        ],
        "type": "Point"
      },
      "properties": {
        "bangumi_id": 405785,
        "bangumi_title": "摇曳露营△ 三期",
        "ep_cut": 9,
        "image_url": "https://w.junreimap.com/images/points/405785/4v34ly7_1757597185896.jpg",
        "location": "大柳川（富士川町-山梨）",
        "point_id": "4v34ly7",
        "point_name": "大柳川渓流 キャンプ場",
        "remark": ""
      },
      "type": "Feature"
    },
    {
      "geometry": {
        "coordinates": [
          138.396619,
          35.505042
        ],
        "type": "Point"
      },
      "properties": {
        "bangumi_id": 405785,
        "bangumi_title": "摇曳露营△ 三期",
        "ep_cut": 9,
        "image_url": "https://w.junreimap.com/images/points/405785/4v34p0h_1757597189878.jpg",
        "location": "大柳川（富士川町-山梨）",
        "point_id": "4v34p0h",
        "point_name": "大柳川渓流 キャンプ場",
        "remark": ""
      },
      "type": "Feature"
    },
    {
      "geometry": {
        "coordinates": [
          138.396739,
          35.505032
        ],
        "type": "Point"
      },
      "properties": {
        "bangumi_id": 405785,
        "bangumi_title": "摇曳露营△ 三期",
        "ep_cut": 9,
        "image_url": "https://w.junreimap.com/images/points/405785/4v34sme_1757597196557.jpg",
        "location": "大柳川（富士川町-山梨）",
        "point_id": "4v34sme",
        "point_name": "大柳川渓流 キャンプ場",
        "remark": ""
      },
      "type": "Feature"
    },
    {
      "geometry": {
        "coordinates": [
          138.396849,
          35.505032
        ],
        "type": "Point"
      },
      "properties": {
        "bangumi_id": 405785,
        "bangumi_title": "摇曳露营△ 三期",
        "ep_cut": 9,
        "image_url": "https://w.junreimap.com/images/points/405785/4v34x19_1757597200090.jpg",
        "location": "大柳川（富士川町-山梨）",
        "point_id": "4v34x19",
        "point_name": "大柳川渓流 キャンプ場",
        "remark": ""
      },
      "type": "Feature"
    },
    {
      "geometry": {
        "coordinates": [
          138.396834,
          35.504941
        ],
        "type": "Point"
      },
      "properties": {
        "bangumi_id": 405785,
        "bangumi_title": "摇曳露营△ 三期",
        "ep_cut": 9,
        "image_url": "https://w.junreimap.com/images/points/405785/4v34z16_1757597202590.jpg",
        "location": "大柳川（富士川町-山梨）",
        "point_id": "4v34z16",
        "point_name": "大柳川渓流 キャンプ場",
        "remark": ""
      },
      "type": "Feature"
    },
    {
      "geometry": {
        "coordinates": [
          138.397323,
          35.504189
        ],
        "type": "Point"
      },
      "properties": {
        "bangumi_id": 405785,
        "bangumi_title": "摇曳露营△ 三期",
        "ep_cut": 9,
        "image_url": "https://w.junreimap.com/images/points/405785/4v2xoim_1757596862532.jpg",
        "location": "大柳川（富士川町-山梨）",
        "point_id": "4v2xoim",
        "point_name": "大柳川渓流 キャンプ場",
        "remark": ""
      },
      "type": "Feature"
    },
    {
      "geometry": {
        "coordinates": [
          138.396102,
          35.5045
        ],
        "type": "Point"
      },
      "properties": {
        "bangumi_id": 405785,
        "bangumi_title": "摇曳露营△ 三期",
        "ep_cut": 9,
        "image_url": "https://w.junreimap.com/images/points/405785/4v30kmt_1757596997442.jpg",
        "location": "大柳川（富士川町-山梨）",
        "point_id": "4v30kmt",
        "point_name": "大柳川渓流 キャンプ場",
        "remark": ""
      },
      "type": "Feature"
    },
    {
      "geometry": {
        "coordinates": [
          138.396859,
          35.504625
        ],
        "type": "Point"
      },
      "properties": {
        "bangumi_id": 405785,
        "bangumi_title": "摇曳露营△ 三期",
        "ep_cut": 9,
        "image_url": "https://w.junreimap.com/images/points/405785/4v2xs59_1757596867292.jpg",
        "location": "大柳川（富士川町-山梨）",
        "point_id": "4v2xs59",
        "point_name": "大柳川渓流 キャンプ場",
        "remark": ""
      },
      "type": "Feature"
    },
    {
      "geometry": {
        "coordinates": [
          138.396318,
          35.504639
        ],
        "type": "Point"
      },
      "properties": {
        "bangumi_id": 405785,
        "bangumi_title": "摇曳露营△ 三期",
        "ep_cut": 9,
        "image_url": "https://w.junreimap.com/images/user/1092/bangumi/405785/points/kxxnkk6fy-1717224737921.jpg",
        "location": "大柳川（富士川町-山梨）",
        "point_id": "kxxnkk6fy",
        "point_name": "大柳川渓流露营场场景1",
        "remark": ""
      },
      "type": "Feature"
    },
    {
      "geometry": {
        "coordinates": [
          138.39556,
          35.503793
        ],
        "type": "Point"
      },
      "properties": {
        "bangumi_id": 405785,
        "bangumi_title": "摇曳露营△ 三期",
        "ep_cut": 9,
        "image_url": "https://w.junreimap.com/images/user/1092/bangumi/405785/points/kxxrfyqb3-1717224964232.jpg",
        "location": "大柳川（富士川町-山梨）",
        "point_id": "kxxrfyqb3",
        "point_name": "竜門橋",
        "remark": ""
      },
      "type": "Feature"
    },
    {
      "geometry": {
        "coordinates": [
          138.395715,
          35.503907
        ],
        "type": "Point"
      },
      "properties": {
        "bangumi_id": 405785,
        "bangumi_title": "摇曳露营△ 三期",
        "ep_cut": 9,
        "image_url": "https://w.junreimap.com/images/points/405785/4v31eas_1757597037610.jpg",
        "location": "大柳川（富士川町-山梨）",
        "point_id": "4v31eas",
        "point_name": "竜門橋",
        "remark": ""
      },
      "type": "Feature"
    },
    {
      "geometry": {
        "coordinates": [
          138.396014,
          35.503985
        ],
        "type": "Point"
      },
      "properties": {
        "bangumi_id": 405785,
        "bangumi_title": "摇曳露营△ 三期",
        "ep_cut": 9,
        "image_url": "https://w.junreimap.com/images/points/405785/4v31kqa_1757597044365.jpg",
        "location": "大柳川（富士川町-山梨）",
        "point_id": "4v31kqa",
        "point_name": "竜門橋",
        "remark": ""
      },
      "type": "Feature"
    },
    {
      "geometry": {
        "coordinates": [
          138.395597,
          35.503861
        ],
        "type": "Point"
      },
      "properties": {
        "bangumi_id": 405785,
        "bangumi_title": "摇曳露营△ 三期",
        "ep_cut": 9,
        "image_url": "https://w.junreimap.com/images/points/405785/4v31njw_1757597048194.jpg",
        "location": "大柳川（富士川町-山梨）",
        "point_id": "4v31njw",
        "point_name": "竜門橋",
        "remark": ""
      },
      "type": "Feature"
    },
    {
      "geometry": {
        "coordinates": [
          138.394964,
          35.503084
        ],
        "type": "Point"
      },
      "properties": {
        "bangumi_id": 405785,
        "bangumi_title": "摇曳露营△ 三期",
        "ep_cut": 9,
        "image_url": "https://w.junreimap.com/images/user/1092/bangumi/405785/points/kxxs95nvy-1717225014448.jpg",
        "location": "大柳川（富士川町-山梨）",
        "point_id": "kxxs95nvy",
        "point_name": "竜神橋",
        "remark": ""
      },
      "type": "Feature"
    },
    {
      "geometry": {
        "coordinates": [
          138.394945,
          35.503132
        ],
        "type": "Point"
      },
      "properties": {
        "bangumi_id": 405785,
        "bangumi_title": "摇曳露营△ 三期",
        "ep_cut": 9,
        "image_url": "https://w.junreimap.com/images/points/405785/4v32kc0_1757597110528.jpg",
        "location": "大柳川（富士川町-山梨）",
        "point_id": "4v32kc0",
        "point_name": "竜神橋",
        "remark": ""
      },
      "type": "Feature"
    },
    {
      "geometry": {
        "coordinates": [
          138.39495,
          35.503095
        ],
        "type": "Point"
      },
      "properties": {
        "bangumi_id": 405785,
        "bangumi_title": "摇曳露营△ 三期",
        "ep_cut": 9,
        "image_url": "https://w.junreimap.com/images/points/405785/4v333d3_1757597114807.jpg",
        "location": "大柳川（富士川町-山梨）",
        "point_id": "4v333d3",
        "point_name": "竜神橋",
        "remark": ""
      },
      "type": "Feature"
    },
    {
      "geometry": {
        "coordinates": [
          138.395003,
          35.503063
        ],
        "type": "Point"
      },
      "properties": {
        "bangumi_id": 405785,
        "bangumi_title": "摇曳露营△ 三期",
        "ep_cut": 9,
        "image_url": "https://w.junreimap.com/images/points/405785/4v338uf_1757597129086.jpg",
        "location": "大柳川（富士川町-山梨）",
        "point_id": "4v338uf",
        "point_name": "竜神橋",
        "remark": ""
      },
      "type": "Feature"
    },
    {
      "geometry": {
        "coordinates": [
          138.394985,
          35.503071
        ],
        "type": "Point"
      },
      "properties": {
        "bangumi_id": 405785,
        "bangumi_title": "摇曳露营△ 三期",
        "ep_cut": 9,
        "image_url": "https://w.junreimap.com/images/points/405785/4v33fu4_1757597131538.jpg",
        "location": "大柳川（富士川町-山梨）",
        "point_id": "4v33fu4",
        "point_name": "竜神橋",
        "remark": ""
      },
      "type": "Feature"
    },
    {
      "geometry": {
        "coordinates": [
          138.395113,
          35.503174
        ],
        "type": "Point"
      },
      "properties": {
        "bangumi_id": 405785,
        "bangumi_title": "摇曳露营△ 三期",
        "ep_cut": 9,
        "image_url": "https://w.junreimap.com/images/points/405785/4v32rrn_1757597100310.jpg",
        "location": "大柳川（富士川町-山梨）",
        "point_id": "4v32rrn",
        "point_name": "竜神橋",
        "remark": ""
      },
      "type": "Feature"
    },
    {
      "geometry": {
        "coordinates": [
          138.395273,
          35.503423
        ],
        "type": "Point"
      },
      "properties": {
        "bangumi_id": 405785,
        "bangumi_title": "摇曳露营△ 三期",
        "ep_cut": 9,
        "image_url": "https://w.junreimap.com/images/points/405785/4v32unt_1757597104425.jpg",
        "location": "大柳川（富士川町-山梨）",
        "point_id": "4v32unt",
        "point_name": "竜神橋",
        "remark": ""
      },
      "type": "Feature"
    },
    {
      "geometry": {
        "coordinates": [
          138.395145,
          35.503597
        ],
        "type": "Point"
      },
      "properties": {
        "bangumi_id": 405785,
        "bangumi_title": "摇曳露营△ 三期",
        "ep_cut": 9,
        "image_url": "https://w.junreimap.com/images/points/405785/4v32x0t_1757597106800.jpg",
        "location": "大柳川（富士川町-山梨）",
        "point_id": "4v32x0t",
        "point_name": "竜神橋",
        "remark": ""
      },
      "type": "Feature"
    },
    {
      "geometry": {
        "coordinates": [
          138.394056,
          35.50699
        ],
        "type": "Point"
      },
      "properties": {
        "bangumi_id": 405785,
        "bangumi_title": "摇曳露营△ 三期",
        "ep_cut": 9,
        "image_url": "https://w.junreimap.com/images/points/405785/4vd3kkc_1757613935640.jpg",
        "location": "峠之汤温泉（富士川町-山梨）",
        "point_id": "4vd3kkc",
        "point_name": "山の湯",
        "remark": "此处向东方向越过小河拍摄即可。"
      },
      "type": "Feature"
    },
    {
      "geometry": {
        "coordinates": [
          138.393603,
          35.504593
        ],
        "type": "Point"
      },
      "properties": {
        "bangumi_id": 405785,
        "bangumi_title": "摇曳露营△ 三期",
        "ep_cut": 9,
        "image_url": "https://w.junreimap.com/images/points/405785/4vcypdi_1757613708609.jpg",
        "location": "峠之汤温泉（富士川町-山梨）",
        "point_id": "4vcypdi",
        "point_name": "山の湯",
        "remark": ""
      },
      "type": "Feature"
    },
    {
      "geometry": {
        "coordinates": [
          138.393626,
          35.504663
        ],
        "type": "Point"
      },
      "properties": {
        "bangumi_id": 405785,
        "bangumi_title": "摇曳露营△ 三期",
        "ep_cut": 9,
        "image_url": "https://w.junreimap.com/images/points/405785/4vcz24e_1757613723877.jpg",
        "location": "峠之汤温泉（富士川町-山梨）",
        "point_id": "4vcz24e",
        "point_name": "山の湯",
        "remark": ""
      },
      "type": "Feature"
    },
    {
      "geometry": {
        "coordinates": [
          138.393661,
          35.504754
        ],
        "type": "Point"
      },
      "properties": {
        "bangumi_id": 405785,
        "bangumi_title": "摇曳露营△ 三期",
        "ep_cut": 9,
        "image_url": "https://w.junreimap.com/images/user/1092/bangumi/405785/points/kxz6r49te-1717228085398.jpg",
        "location": "峠之汤温泉（富士川町-山梨）",
        "point_id": "kxz6r49te",
        "point_name": "山の湯",
        "remark": ""
      },
      "type": "Feature"
    },
    {
      "geometry": {
        "coordinates": [
          138.39364,
          35.504717
        ],
        "type": "Point"
      },
      "properties": {
        "bangumi_id": 405785,
        "bangumi_title": "摇曳露营△ 三期",
        "ep_cut": 9,
        "image_url": "https://w.junreimap.com/images/points/405785/4vcz9ut_1757613732875.jpg",
        "location": "峠之汤温泉（富士川町-山梨）",
        "point_id": "4vcz9ut",
        "point_name": "山の湯",
        "remark": ""
      },
      "type": "Feature"
    },
    {
      "geometry": {
        "coordinates": [
          138.393631,
          35.504691
        ],
        "type": "Point"
      },
      "properties": {
        "bangumi_id": 405785,
        "bangumi_title": "摇曳露营△ 三期",
        "ep_cut": 9,
        "image_url": "https://w.junreimap.com/images/points/405785/4vd0me4_1757613798020.jpg",
        "location": "峠之汤温泉（富士川町-山梨）",
        "point_id": "4vd0me4",
        "point_name": "山の湯",
        "remark": ""
      },
      "type": "Feature"
    },
    {
      "geometry": {
        "coordinates": [
          138.393625,
          35.504631
        ],
        "type": "Point"
      },
      "properties": {
        "bangumi_id": 405785,
        "bangumi_title": "摇曳露营△ 三期",
        "ep_cut": 9,
        "image_url": "https://w.junreimap.com/images/points/405785/4vczd6v_1757613738335.jpg",
        "location": "峠之汤温泉（富士川町-山梨）",
        "point_id": "4vczd6v",
        "point_name": "山の湯",
        "remark": ""
      },
      "type": "Feature"
    },
    {
      "geometry": {
        "coordinates": [
          138.393717,
          35.504682
        ],
        "type": "Point"
      },
      "properties": {
        "bangumi_id": 405785,
        "bangumi_title": "摇曳露营△ 三期",
        "ep_cut": 9,
        "image_url": "https://w.junreimap.com/images/points/405785/4vczg62_1757613741348.jpg",
        "location": "峠之汤温泉（富士川町-山梨）",
        "point_id": "4vczg62",
        "point_name": "山の湯",
        "remark": ""
      },
      "type": "Feature"
    },
    {
      "geometry": {
        "coordinates": [
          138.39375,
          35.504678
        ],
        "type": "Point"
      },
      "properties": {
        "bangumi_id": 405785,
        "bangumi_title": "摇曳露营△ 三期",
        "ep_cut": 9,
        "image_url": "https://w.junreimap.com/images/points/405785/4vczkpz_1757613747756.jpg",
        "location": "峠之汤温泉（富士川町-山梨）",
        "point_id": "4vczkpz",
        "point_name": "山の湯",
        "remark": ""
      },
      "type": "Feature"
    },
    {
      "geometry": {
        "coordinates": [
          138.39375,
          35.504709
        ],
        "type": "Point"
      },
      "properties": {
        "bangumi_id": 405785,
        "bangumi_title": "摇曳露营△ 三期",
        "ep_cut": 9,
        "image_url": "https://w.junreimap.com/images/points/405785/4vczmze_1757613750194.jpg",
        "location": "峠之汤温泉（富士川町-山梨）",
        "point_id": "4vczmze",
        "point_name": "山の湯",
        "remark": ""
      },
      "type": "Feature"
    },
    {
      "geometry": {
        "coordinates": [
          138.393664,
          35.504686
        ],
        "type": "Point"
      },
      "properties": {
        "bangumi_id": 405785,
        "bangumi_title": "摇曳露营△ 三期",
        "ep_cut": 9,
        "image_url": "https://w.junreimap.com/images/points/405785/4vczqqn_1757613755560.jpg",
        "location": "峠之汤温泉（富士川町-山梨）",
        "point_id": "4vczqqn",
        "point_name": "山の湯",
        "remark": ""
      },
      "type": "Feature"
    },
    {
      "geometry": {
        "coordinates": [
          138.393695,
          35.504789
        ],
        "type": "Point"
      },
      "properties": {
        "bangumi_id": 405785,
        "bangumi_title": "摇曳露营△ 三期",
        "ep_cut": 9,
        "image_url": "https://w.junreimap.com/images/points/405785/4vczsxe_1757613757865.jpg",
        "location": "峠之汤温泉（富士川町-山梨）",
        "point_id": "4vczsxe",
        "point_name": "山の湯",
        "remark": ""
      },
      "type": "Feature"
    },
    {
      "geometry": {
        "coordinates": [
          138.393797,
          35.504949
        ],
        "type": "Point"
      },
      "properties": {
        "bangumi_id": 405785,
        "bangumi_title": "摇曳露营△ 三期",
        "ep_cut": 9,
        "image_url": "https://w.junreimap.com/images/points/405785/4vd02dc_1757613771670.jpg",
        "location": "峠之汤温泉（富士川町-山梨）",
        "point_id": "4vd02dc",
        "point_name": "山の湯",
        "remark": ""
      },
      "type": "Feature"
    },
    {
      "geometry": {
        "coordinates": [
          138.393795,
          35.504928
        ],
        "type": "Point"
      },
      "properties": {
        "bangumi_id": 405785,
        "bangumi_title": "摇曳露营△ 三期",
        "ep_cut": 9,
        "image_url": "https://w.junreimap.com/images/points/405785/4vd05ko_1757613774528.jpg",
        "location": "峠之汤温泉（富士川町-山梨）",
        "point_id": "4vd05ko",
        "point_name": "山の湯",
        "remark": ""
      },
      "type": "Feature"
    },
    {
      "geometry": {
        "coordinates": [
          138.393851,
          35.504958
        ],
        "type": "Point"
      },
      "properties": {
        "bangumi_id": 405785,
        "bangumi_title": "摇曳露营△ 三期",
        "ep_cut": 9,
        "image_url": "https://w.junreimap.com/images/points/405785/4vd0ie8_1757613790966.jpg",
        "location": "峠之汤温泉（富士川町-山梨）",
        "point_id": "4vd0ie8",
        "point_name": "山の湯",
        "remark": ""
      },
      "type": "Feature"
    },
    {
      "geometry": {
        "coordinates": [
          138.393798,
          35.50497
        ],
        "type": "Point"
      },
      "properties": {
        "bangumi_id": 405785,
        "bangumi_title": "摇曳露营△ 三期",
        "ep_cut": 9,
        "image_url": "https://w.junreimap.com/images/points/405785/4vd08p3_1757613778505.jpg",
        "location": "峠之汤温泉（富士川町-山梨）",
        "point_id": "4vd08p3",
        "point_name": "山の湯",
        "remark": ""
      },
      "type": "Feature"
    },
    {
      "geometry": {
        "coordinates": [
          138.3938,
          35.504989
        ],
        "type": "Point"
      },
      "properties": {
        "bangumi_id": 405785,
        "bangumi_title": "摇曳露营△ 三期",
        "ep_cut": 9,
        "image_url": "https://w.junreimap.com/images/points/405785/4vd0dl3_1757613788263.jpg",
        "location": "峠之汤温泉（富士川町-山梨）",
        "point_id": "4vd0dl3",
        "point_name": "山の湯",
        "remark": ""
      },
      "type": "Feature"
    },
    {
      "geometry": {
        "coordinates": [
          138.393852,
          35.504936
        ],
        "type": "Point"
      },
      "properties": {
        "bangumi_id": 405785,
        "bangumi_title": "摇曳露营△ 三期",
        "ep_cut": 9,
        "image_url": "https://w.junreimap.com/images/points/405785/4vd12b6_1757613816962.jpg",
        "location": "峠之汤温泉（富士川町-山梨）",
        "point_id": "4vd12b6",
        "point_name": "山の湯",
        "remark": ""
      },
      "type": "Feature"
    },
    {
      "geometry": {
        "coordinates": [
          138.393818,
          35.504926
        ],
        "type": "Point"
      },
      "properties": {
        "bangumi_id": 405785,
        "bangumi_title": "摇曳露营△ 三期",
        "ep_cut": 9,
        "image_url": "https://w.junreimap.com/images/points/405785/4vd0sr7_1757613804719.jpg",
        "location": "峠之汤温泉（富士川町-山梨）",
        "point_id": "4vd0sr7",
        "point_name": "山の湯",
        "remark": ""
      },
      "type": "Feature"
    },
    {
      "geometry": {
        "coordinates": [
          138.393849,
          35.504692
        ],
        "type": "Point"
      },
      "properties": {
        "bangumi_id": 405785,
        "bangumi_title": "摇曳露营△ 三期",
        "ep_cut": 9,
        "image_url": "https://w.junreimap.com/images/points/405785/4vd191d_1757613825790.jpg",
        "location": "峠之汤温泉（富士川町-山梨）",
        "point_id": "4vd191d",
        "point_name": "山の湯",
        "remark": ""
      },
      "type": "Feature"
    },
    {
      "geometry": {
        "coordinates": [
          138.393663,
          35.504627
        ],
        "type": "Point"
      },
      "properties": {
        "bangumi_id": 405785,
        "bangumi_title": "摇曳露营△ 三期",
        "ep_cut": 9,
        "image_url": "https://w.junreimap.com/images/points/405785/4vd1d1z_1757613830859.jpg",
        "location": "峠之汤温泉（富士川町-山梨）",
        "point_id": "4vd1d1z",
        "point_name": "山の湯",
        "remark": ""
      },
      "type": "Feature"
    },
    {
      "geometry": {
        "coordinates": [
          138.393646,
          35.504592
        ],
        "type": "Point"
      },
      "properties": {
        "bangumi_id": 405785,
        "bangumi_title": "摇曳露营△ 三期",
        "ep_cut": 9,
        "image_url": "https://w.junreimap.com/images/points/405785/4vd1ha8_1757613836107.jpg",
        "location": "峠之汤温泉（富士川町-山梨）",
        "point_id": "4vd1ha8",
        "point_name": "山の湯",
        "remark": ""
      },
      "type": "Feature"
    },
    {
      "geometry": {
        "coordinates": [
          138.393591,
          35.50463
        ],
        "type": "Point"
      },
      "properties": {
        "bangumi_id": 405785,
        "bangumi_title": "摇曳露营△ 三期",
        "ep_cut": 9,
        "image_url": "https://w.junreimap.com/images/points/405785/4vd1na7_1757613847172.jpg",
        "location": "峠之汤温泉（富士川町-山梨）",
        "point_id": "4vd1na7",
        "point_name": "山の湯",
        "remark": ""
      },
      "type": "Feature"
    },
    {
      "geometry": {
        "coordinates": [
          138.393669,
          35.505208
        ],
        "type": "Point"
      },
      "properties": {
        "bangumi_id": 405785,
        "bangumi_title": "摇曳露营△ 三期",
        "ep_cut": 9,
        "image_url": "https://w.junreimap.com/images/points/405785/4vd24ei_1757613866326.jpg",
        "location": "峠之汤温泉（富士川町-山梨）",
        "point_id": "4vd24ei",
        "point_name": "山の湯",
        "remark": ""
      },
      "type": "Feature"
    },
    {
      "geometry": {
        "coordinates": [
          138.440776,
          35.637545
        ],
        "type": "Point"
      },
      "properties": {
        "bangumi_id": 405785,
        "bangumi_title": "摇曳露营△ 三期",
        "ep_cut": 10,
        "image_url": "https://w.junreimap.com/images/user/1092/bangumi/405785/points/l3y5lput1-1717696036239.jpg",
        "location": "竜王（甲斐市-山梨）",
        "point_id": "l3y5lput1",
        "point_name": "桃花橋ループ",
        "remark": ""
      },
      "type": "Feature"
    },
    {
      "geometry": {
        "coordinates": [
          138.440755,
          35.63748
        ],
        "type": "Point"
      },
      "properties": {
        "bangumi_id": 405785,
        "bangumi_title": "摇曳露营△ 三期",
        "ep_cut": 10,
        "image_url": "https://w.junreimap.com/images/points/405785/4v742r4_1757603879377.jpg",
        "location": "竜王（甲斐市-山梨）",
        "point_id": "4v742r4",
        "point_name": "桃花橋ループ",
        "remark": ""
      },
      "type": "Feature"
    },
    {
      "geometry": {
        "coordinates": [
          138.440726,
          35.637402
        ],
        "type": "Point"
      },
      "properties": {
        "bangumi_id": 405785,
        "bangumi_title": "摇曳露营△ 三期",
        "ep_cut": 10,
        "image_url": "https://w.junreimap.com/images/points/405785/4v74d6t_1757603893994.jpg",
        "location": "竜王（甲斐市-山梨）",
        "point_id": "4v74d6t",
        "point_name": "桃花橋ループ",
        "remark": ""
      },
      "type": "Feature"
    },
    {
      "geometry": {
        "coordinates": [
          138.440835,
          35.637475
        ],
        "type": "Point"
      },
      "properties": {
        "bangumi_id": 405785,
        "bangumi_title": "摇曳露营△ 三期",
        "ep_cut": 10,
        "image_url": "https://w.junreimap.com/images/points/405785/4v74gn1_1757603897629.jpg",
        "location": "竜王（甲斐市-山梨）",
        "point_id": "4v74gn1",
        "point_name": "桃花橋ループ",
        "remark": ""
      },
      "type": "Feature"
    },
    {
      "geometry": {
        "coordinates": [
          138.440815,
          35.637419
        ],
        "type": "Point"
      },
      "properties": {
        "bangumi_id": 405785,
        "bangumi_title": "摇曳露营△ 三期",
        "ep_cut": 10,
        "image_url": "https://w.junreimap.com/images/points/405785/4v74jgh_1757603901325.jpg",
        "location": "竜王（甲斐市-山梨）",
        "point_id": "4v74jgh",
        "point_name": "桃花橋ループ",
        "remark": ""
      },
      "type": "Feature"
    },
    {
      "geometry": {
        "coordinates": [
          138.440796,
          35.637354
        ],
        "type": "Point"
      },
      "properties": {
        "bangumi_id": 405785,
        "bangumi_title": "摇曳露营△ 三期",
        "ep_cut": 10,
        "image_url": "https://w.junreimap.com/images/points/405785/4v74lc2_1757603903537.jpg",
        "location": "竜王（甲斐市-山梨）",
        "point_id": "4v74lc2",
        "point_name": "桃花橋ループ",
        "remark": ""
      },
      "type": "Feature"
    },
    {
      "geometry": {
        "coordinates": [
          138.5197,
          35.70337
        ],
        "type": "Point"
      },
      "properties": {
        "bangumi_id": 405785,
        "bangumi_title": "摇曳露营△ 三期",
        "ep_cut": 10,
        "image_url": "https://w.junreimap.com/images/user/1092/bangumi/405785/points/l3yc2gkke-1717696426207.jpg",
        "location": "矢木羽湖公園（甲斐市-山梨）",
        "point_id": "l3yc2gkke",
        "point_name": "矢木羽湖公園",
        "remark": ""
      },
      "type": "Feature"
    },
    {
      "geometry": {
        "coordinates": [
          138.518911,
          35.703171
        ],
        "type": "Point"
      },
      "properties": {
        "bangumi_id": 405785,
        "bangumi_title": "摇曳露营△ 三期",
        "ep_cut": 10,
        "image_url": "https://w.junreimap.com/images/points/405785/4v7airr_1757604180583.jpg",
        "location": "矢木羽湖公園（甲斐市-山梨）",
        "point_id": "4v7airr",
        "point_name": "矢木羽湖公園",
        "remark": "（非精准坐标）"
      },
      "type": "Feature"
    },
    {
      "geometry": {
        "coordinates": [
          138.519085,
          35.703014
        ],
        "type": "Point"
      },
      "properties": {
        "bangumi_id": 405785,
        "bangumi_title": "摇曳露营△ 三期",
        "ep_cut": 10,
        "image_url": "https://w.junreimap.com/images/points/405785/4v7alfz_1757604185070.jpg",
        "location": "矢木羽湖公園（甲斐市-山梨）",
        "point_id": "4v7alfz",
        "point_name": "矢木羽湖公園",
        "remark": "（非精准坐标）"
      },
      "type": "Feature"
    },
    {
      "geometry": {
        "coordinates": [
          138.518979,
          35.70314
        ],
        "type": "Point"
      },
      "properties": {
        "bangumi_id": 405785,
        "bangumi_title": "摇曳露营△ 三期",
        "ep_cut": 10,
        "image_url": "https://w.junreimap.com/images/points/405785/4v7aq46_1757604190555.jpg",
        "location": "矢木羽湖公園（甲斐市-山梨）",
        "point_id": "4v7aq46",
        "point_name": "矢木羽湖公園",
        "remark": "（非精准坐标）"
      },
      "type": "Feature"
    },
    {
      "geometry": {
        "coordinates": [
          138.519249,
          35.702923
        ],
        "type": "Point"
      },
      "properties": {
        "bangumi_id": 405785,
        "bangumi_title": "摇曳露营△ 三期",
        "ep_cut": 10,
        "image_url": "https://w.junreimap.com/images/points/405785/4v7auzk_1757604196905.jpg",
        "location": "矢木羽湖公園（甲斐市-山梨）",
        "point_id": "4v7auzk",
        "point_name": "矢木羽湖公園",
        "remark": ""
      },
      "type": "Feature"
    },
    {
      "geometry": {
        "coordinates": [
          138.519098,
          35.703095
        ],
        "type": "Point"
      },
      "properties": {
        "bangumi_id": 405785,
        "bangumi_title": "摇曳露营△ 三期",
        "ep_cut": 10,
        "image_url": "https://w.junreimap.com/images/points/405785/4v7b0ng_1757604206391.jpg",
        "location": "矢木羽湖公園（甲斐市-山梨）",
        "point_id": "4v7b0ng",
        "point_name": "矢木羽湖公園",
        "remark": "（非精准坐标）"
      },
      "type": "Feature"
    },
    {
      "geometry": {
        "coordinates": [
          138.519025,
          35.703032
        ],
        "type": "Point"
      },
      "properties": {
        "bangumi_id": 405785,
        "bangumi_title": "摇曳露营△ 三期",
        "ep_cut": 10,
        "image_url": "https://w.junreimap.com/images/points/405785/4v7b4uw_1757604209049.jpg",
        "location": "矢木羽湖公園（甲斐市-山梨）",
        "point_id": "4v7b4uw",
        "point_name": "矢木羽湖公園",
        "remark": "（非精准坐标）"
      },
      "type": "Feature"
    },
    {
      "geometry": {
        "coordinates": [
          138.518955,
          35.703054
        ],
        "type": "Point"
      },
      "properties": {
        "bangumi_id": 405785,
        "bangumi_title": "摇曳露营△ 三期",
        "ep_cut": 10,
        "image_url": "https://w.junreimap.com/images/points/405785/4v7b6nj_1757604211685.jpg",
        "location": "矢木羽湖公園（甲斐市-山梨）",
        "point_id": "4v7b6nj",
        "point_name": "矢木羽湖公園",
        "remark": "（非精准坐标）"
      },
      "type": "Feature"
    },
    {
      "geometry": {
        "coordinates": [
          138.518887,
          35.70308
        ],
        "type": "Point"
      },
      "properties": {
        "bangumi_id": 405785,
        "bangumi_title": "摇曳露营△ 三期",
        "ep_cut": 10,
        "image_url": "https://w.junreimap.com/images/points/405785/4v7b8mf_1757604213673.jpg",
        "location": "矢木羽湖公園（甲斐市-山梨）",
        "point_id": "4v7b8mf",
        "point_name": "矢木羽湖公園",
        "remark": "（非精准坐标）"
      },
      "type": "Feature"
    },
    {
      "geometry": {
        "coordinates": [
          138.505001,
          35.674393
        ],
        "type": "Point"
      },
      "properties": {
        "bangumi_id": 405785,
        "bangumi_title": "摇曳露营△ 三期",
        "ep_cut": 10,
        "image_url": "https://w.junreimap.com/images/user/1092/bangumi/405785/points/l3yg0xzx4-1717696646877.jpg",
        "location": "赤坂台総合公園（甲斐市-山梨）",
        "point_id": "l3yg0xzx4",
        "point_name": "赤坂台総合公園",
        "remark": ""
      },
      "type": "Feature"
    },
    {
      "geometry": {
        "coordinates": [
          138.505136,
          35.67419
        ],
        "type": "Point"
      },
      "properties": {
        "bangumi_id": 405785,
        "bangumi_title": "摇曳露营△ 三期",
        "ep_cut": 10,
        "image_url": "https://w.junreimap.com/images/points/405785/4v7cgab_1757604271408.jpg",
        "location": "赤坂台総合公園（甲斐市-山梨）",
        "point_id": "4v7cgab",
        "point_name": "赤坂台総合公園",
        "remark": ""
      },
      "type": "Feature"
    },
    {
      "geometry": {
        "coordinates": [
          138.505289,
          35.674324
        ],
        "type": "Point"
      },
      "properties": {
        "bangumi_id": 405785,
        "bangumi_title": "摇曳露营△ 三期",
        "ep_cut": 10,
        "image_url": "https://w.junreimap.com/images/points/405785/4v7cj3s_1757604274767.jpg",
        "location": "赤坂台総合公園（甲斐市-山梨）",
        "point_id": "4v7cj3s",
        "point_name": "赤坂台総合公園",
        "remark": ""
      },
      "type": "Feature"
    },
    {
      "geometry": {
        "coordinates": [
          138.50457,
          35.674164
        ],
        "type": "Point"
      },
      "properties": {
        "bangumi_id": 405785,
        "bangumi_title": "摇曳露营△ 三期",
        "ep_cut": 10,
        "image_url": "https://w.junreimap.com/images/points/405785/4v7clli_1757604277656.jpg",
        "location": "赤坂台総合公園（甲斐市-山梨）",
        "point_id": "4v7clli",
        "point_name": "赤坂台総合公園",
        "remark": "这个塔在西方向"
      },
      "type": "Feature"
    },
    {
      "geometry": {
        "coordinates": [
          138.651705,
          35.687596
        ],
        "type": "Point"
      },
      "properties": {
        "bangumi_id": 405785,
        "bangumi_title": "摇曳露营△ 三期",
        "ep_cut": 10,
        "image_url": "https://w.junreimap.com/images/user/1092/bangumi/405785/points/l3zuke2wr-1717699705974.jpg",
        "location": "笛吹川​フルーツ​公園（山梨市-山梨）",
        "point_id": "l3zuke2wr",
        "point_name": "フル-ツライン",
        "remark": ""
      },
      "type": "Feature"
    },
    {
      "geometry": {
        "coordinates": [
          138.654507,
          35.692759
        ],
        "type": "Point"
      },
      "properties": {
        "bangumi_id": 405785,
        "bangumi_title": "摇曳露营△ 三期",
        "ep_cut": 10,
        "image_url": "https://w.junreimap.com/images/user/1092/bangumi/405785/points/l3zz6b758-1717700008632.jpg",
        "location": "笛吹川​フルーツ​公園（山梨市-山梨）",
        "point_id": "l3zz6b758",
        "point_name": "フル-ツライン",
        "remark": ""
      },
      "type": "Feature"
    },
    {
      "geometry": {
        "coordinates": [
          138.657212,
          35.695242
        ],
        "type": "Point"
      },
      "properties": {
        "bangumi_id": 405785,
        "bangumi_title": "摇曳露营△ 三期",
        "ep_cut": 10,
        "image_url": "https://w.junreimap.com/images/user/1092/bangumi/405785/points/l401kf9b1-1717700116051.jpg",
        "location": "笛吹川​フルーツ​公園（山梨市-山梨）",
        "point_id": "l401kf9b1",
        "point_name": "フル-ツライン",
        "remark": ""
      },
      "type": "Feature"
    },
    {
      "geometry": {
        "coordinates": [
          138.667494,
          35.700018
        ],
        "type": "Point"
      },
      "properties": {
        "bangumi_id": 405785,
        "bangumi_title": "摇曳露营△ 三期",
        "ep_cut": 10,
        "image_url": "https://w.junreimap.com/images/user/1092/bangumi/405785/points/l406vtytb-1717700436656.jpg",
        "location": "笛吹川​フルーツ​公園（山梨市-山梨）",
        "point_id": "l406vtytb",
        "point_name": "フル-ツライン",
        "remark": ""
      },
      "type": "Feature"
    },
    {
      "geometry": {
        "coordinates": [
          138.669415,
          35.718239
        ],
        "type": "Point"
      },
      "properties": {
        "bangumi_id": 405785,
        "bangumi_title": "摇曳露营△ 三期",
        "ep_cut": 10,
        "image_url": "https://w.junreimap.com/images/user/1092/bangumi/405785/points/l40cv8koo-1717700783040.jpg",
        "location": "笛吹川​フルーツ​公園（山梨市-山梨）",
        "point_id": "l40cv8koo",
        "point_name": "フル-ツライン",
        "remark": ""
      },
      "type": "Feature"
    },
    {
      "geometry": {
        "coordinates": [
          138.664393,
          35.702036
        ],
        "type": "Point"
      },
      "properties": {
        "bangumi_id": 405785,
        "bangumi_title": "摇曳露营△ 三期",
        "ep_cut": 11,
        "image_url": "https://w.junreimap.com/images/user/1092/bangumi/405785/points/lbkkxioua-1718293354161.jpg",
        "location": "笛吹川​フルーツ​公園（山梨市-山梨）",
        "point_id": "lbkkxioua",
        "point_name": "笛吹川​フルーツ​公園",
        "remark": ""
      },
      "type": "Feature"
    },
    {
      "geometry": {
        "coordinates": [
          138.676173,
          35.722452
        ],
        "type": "Point"
      },
      "properties": {
        "bangumi_id": 405785,
        "bangumi_title": "摇曳露营△ 三期",
        "ep_cut": 10,
        "image_url": "https://w.junreimap.com/images/user/1092/bangumi/405785/points/l40hyqyjz-1717701120196.jpg",
        "location": "笛吹川​フルーツ​公園（山梨市-山梨）",
        "point_id": "l40hyqyjz",
        "point_name": "フルーツライン 展望ポイント",
        "remark": ""
      },
      "type": "Feature"
    },
    {
      "geometry": {
        "coordinates": [
          138.676307,
          35.722451
        ],
        "type": "Point"
      },
      "properties": {
        "bangumi_id": 405785,
        "bangumi_title": "摇曳露营△ 三期",
        "ep_cut": 10,
        "image_url": "https://w.junreimap.com/images/points/405785/4wwloau_1757707162582.jpg",
        "location": "笛吹川​フルーツ​公園（山梨市-山梨）",
        "point_id": "4wwloau",
        "point_name": "フルーツライン 展望ポイント",
        "remark": ""
      },
      "type": "Feature"
    },
    {
      "geometry": {
        "coordinates": [
          138.67602,
          35.722448
        ],
        "type": "Point"
      },
      "properties": {
        "bangumi_id": 405785,
        "bangumi_title": "摇曳露营△ 三期",
        "ep_cut": 10,
        "image_url": "https://w.junreimap.com/images/points/405785/4wwlyrs_1757707173977.jpg",
        "location": "笛吹川​フルーツ​公園（山梨市-山梨）",
        "point_id": "4wwlyrs",
        "point_name": "フルーツライン 展望ポイント",
        "remark": ""
      },
      "type": "Feature"
    },
    {
      "geometry": {
        "coordinates": [
          138.65144,
          35.658436
        ],
        "type": "Point"
      },
      "properties": {
        "bangumi_id": 405785,
        "bangumi_title": "摇曳露营△ 三期",
        "ep_cut": 10,
        "image_url": "https://w.junreimap.com/images/user/0/bangumi/405785/points/l40tihnfs-1782317233453.webp",
        "location": "石和温泉（笛吹市-山梨）",
        "point_id": "l40tihnfs",
        "point_name": "さくら温泉通り",
        "remark": ""
      },
      "type": "Feature"
    },
    {
      "geometry": {
        "coordinates": [
          138.65144,
          35.658517
        ],
        "type": "Point"
      },
      "properties": {
        "bangumi_id": 405785,
        "bangumi_title": "摇曳露营△ 三期",
        "ep_cut": 10,
        "image_url": "https://w.junreimap.com/images/points/405785/4v6yq5a_1757603632167.jpg",
        "location": "石和温泉（笛吹市-山梨）",
        "point_id": "4v6yq5a",
        "point_name": "さくら温泉通り",
        "remark": ""
      },
      "type": "Feature"
    },
    {
      "geometry": {
        "coordinates": [
          138.651366,
          35.658497
        ],
        "type": "Point"
      },
      "properties": {
        "bangumi_id": 405785,
        "bangumi_title": "摇曳露营△ 三期",
        "ep_cut": 10,
        "image_url": "https://w.junreimap.com/images/points/405785/4v6z325_1757603646998.jpg",
        "location": "石和温泉（笛吹市-山梨）",
        "point_id": "4v6z325",
        "point_name": "さくら温泉通り",
        "remark": "（待核对点位）"
      },
      "type": "Feature"
    },
    {
      "geometry": {
        "coordinates": [
          138.645957,
          35.658285
        ],
        "type": "Point"
      },
      "properties": {
        "bangumi_id": 405785,
        "bangumi_title": "摇曳露营△ 三期",
        "ep_cut": 10,
        "image_url": "https://w.junreimap.com/images/points/405785/4v6z6cp_1757603651208.jpg",
        "location": "石和温泉（笛吹市-山梨）",
        "point_id": "4v6z6cp",
        "point_name": "石和温泉観光情報館",
        "remark": ""
      },
      "type": "Feature"
    },
    {
      "geometry": {
        "coordinates": [
          138.645891,
          35.658487
        ],
        "type": "Point"
      },
      "properties": {
        "bangumi_id": 405785,
        "bangumi_title": "摇曳露营△ 三期",
        "ep_cut": 10,
        "image_url": "https://w.junreimap.com/images/points/405785/4v6z9lu_1757603655142.jpg",
        "location": "石和温泉（笛吹市-山梨）",
        "point_id": "4v6z9lu",
        "point_name": "石和温泉観光情報館",
        "remark": ""
      },
      "type": "Feature"
    },
    {
      "geometry": {
        "coordinates": [
          138.645878,
          35.65839
        ],
        "type": "Point"
      },
      "properties": {
        "bangumi_id": 405785,
        "bangumi_title": "摇曳露营△ 三期",
        "ep_cut": 10,
        "image_url": "https://w.junreimap.com/images/points/405785/4v6zf0d_1757603662151.jpg",
        "location": "石和温泉（笛吹市-山梨）",
        "point_id": "4v6zf0d",
        "point_name": "石和温泉観光情報館",
        "remark": ""
      },
      "type": "Feature"
    },
    {
      "geometry": {
        "coordinates": [
          138.645916,
          35.658403
        ],
        "type": "Point"
      },
      "properties": {
        "bangumi_id": 405785,
        "bangumi_title": "摇曳露营△ 三期",
        "ep_cut": 10,
        "image_url": "https://w.junreimap.com/images/points/405785/4v6zhou_1757603665564.jpg",
        "location": "石和温泉（笛吹市-山梨）",
        "point_id": "4v6zhou",
        "point_name": "石和温泉観光情報館",
        "remark": ""
      },
      "type": "Feature"
    },
    {
      "geometry": {
        "coordinates": [
          138.647048,
          35.65789
        ],
        "type": "Point"
      },
      "properties": {
        "bangumi_id": 405785,
        "bangumi_title": "摇曳露营△ 三期",
        "ep_cut": 10,
        "image_url": "https://w.junreimap.com/images/user/0/bangumi/405785/points/gxcpxdz-1783855769643.webp",
        "location": "石和温泉（笛吹市-山梨）",
        "point_id": "gxcpxdz",
        "point_name": "石和温泉管理事务所附近",
        "remark": ""
      },
      "type": "Feature"
    },
    {
      "geometry": {
        "coordinates": [
          138.636127,
          35.664811
        ],
        "type": "Point"
      },
      "properties": {
        "bangumi_id": 405785,
        "bangumi_title": "摇曳露营△ 三期",
        "ep_cut": 11,
        "image_url": "https://w.junreimap.com/images/user/1092/bangumi/405785/points/lbl72aip6-1718294764011.jpg",
        "location": "石和温泉（笛吹市-山梨）",
        "point_id": "lbl72aip6",
        "point_name": "笈形烧",
        "remark": ""
      },
      "type": "Feature"
    },
    {
      "geometry": {
        "coordinates": [
          138.742825,
          35.67254
        ],
        "type": "Point"
      },
      "properties": {
        "bangumi_id": 405785,
        "bangumi_title": "摇曳露营△ 三期",
        "ep_cut": 10,
        "image_url": "https://w.junreimap.com/images/user/1069/bangumi/405785/points/l4jf1bvwb-1717742527049.jpg",
        "location": "胜沼（甲州市-山梨）",
        "point_id": "l4jf1bvwb",
        "point_name": "勝沼ぶどう郷駅前広場／甚六桜",
        "remark": ""
      },
      "type": "Feature"
    },
    {
      "geometry": {
        "coordinates": [
          138.743172,
          35.673634
        ],
        "type": "Point"
      },
      "properties": {
        "bangumi_id": 405785,
        "bangumi_title": "摇曳露营△ 三期",
        "ep_cut": 10,
        "image_url": "https://w.junreimap.com/images/user/1093/bangumi/405785/points/l4i7l0nes-1717739672860.jpg",
        "location": "胜沼（甲州市-山梨）",
        "point_id": "l4i7l0nes",
        "point_name": "勝沼鉄道遺産記念公園（甚六桜公園）",
        "remark": ""
      },
      "type": "Feature"
    },
    {
      "geometry": {
        "coordinates": [
          138.743181,
          35.673812
        ],
        "type": "Point"
      },
      "properties": {
        "bangumi_id": 405785,
        "bangumi_title": "摇曳露营△ 三期",
        "ep_cut": 10,
        "image_url": "https://w.junreimap.com/images/user/1069/bangumi/405785/points/l4jnicfmk-1717742796993.jpg",
        "location": "胜沼（甲州市-山梨）",
        "point_id": "l4jnicfmk",
        "point_name": "勝沼鉄道遺産記念公園（甚六桜公園）旧勝沼駅名標",
        "remark": ""
      },
      "type": "Feature"
    },
    {
      "geometry": {
        "coordinates": [
          138.742688,
          35.672155
        ],
        "type": "Point"
      },
      "properties": {
        "bangumi_id": 405785,
        "bangumi_title": "摇曳露营△ 三期",
        "ep_cut": 10,
        "image_url": "https://w.junreimap.com/images/points/405785/4wwrhyt_1757707439146.jpg",
        "location": "胜沼（甲州市-山梨）",
        "point_id": "4wwrhyt",
        "point_name": "駅前甚六公園  電気機関車EF64形18号機",
        "remark": ""
      },
      "type": "Feature"
    },
    {
      "geometry": {
        "coordinates": [
          138.742751,
          35.671657
        ],
        "type": "Point"
      },
      "properties": {
        "bangumi_id": 405785,
        "bangumi_title": "摇曳露营△ 三期",
        "ep_cut": 10,
        "image_url": "https://w.junreimap.com/images/points/405785/4wwsd7u_1757707469388.jpg",
        "location": "胜沼（甲州市-山梨）",
        "point_id": "4wwsd7u",
        "point_name": "駅前甚六公園  電気機関車EF64形18号機",
        "remark": ""
      },
      "type": "Feature"
    },
    {
      "geometry": {
        "coordinates": [
          138.742888,
          35.671641
        ],
        "type": "Point"
      },
      "properties": {
        "bangumi_id": 405785,
        "bangumi_title": "摇曳露营△ 三期",
        "ep_cut": 10,
        "image_url": "https://w.junreimap.com/images/points/405785/4wwsiax_1757707476553.jpg",
        "location": "胜沼（甲州市-山梨）",
        "point_id": "4wwsiax",
        "point_name": "駅前甚六公園  電気機関車EF64形18号機",
        "remark": ""
      },
      "type": "Feature"
    },
    {
      "geometry": {
        "coordinates": [
          138.742829,
          35.671533
        ],
        "type": "Point"
      },
      "properties": {
        "bangumi_id": 405785,
        "bangumi_title": "摇曳露营△ 三期",
        "ep_cut": 10,
        "image_url": "https://w.junreimap.com/images/user/1093/bangumi/405785/points/l4ibzo7np-1717739925462.jpg",
        "location": "胜沼（甲州市-山梨）",
        "point_id": "l4ibzo7np",
        "point_name": "駅前甚六公園  電気機関車EF64形18号機",
        "remark": ""
      },
      "type": "Feature"
    },
    {
      "geometry": {
        "coordinates": [
          138.742661,
          35.671526
        ],
        "type": "Point"
      },
      "properties": {
        "bangumi_id": 405785,
        "bangumi_title": "摇曳露营△ 三期",
        "ep_cut": 10,
        "image_url": "https://w.junreimap.com/images/user/1069/bangumi/405785/points/l4jrss7jo-1717743051907.jpg",
        "location": "胜沼（甲州市-山梨）",
        "point_id": "l4jrss7jo",
        "point_name": "駅前甚六公園  電気機関車EF64形18号機",
        "remark": ""
      },
      "type": "Feature"
    },
    {
      "geometry": {
        "coordinates": [
          138.742764,
          35.671521
        ],
        "type": "Point"
      },
      "properties": {
        "bangumi_id": 405785,
        "bangumi_title": "摇曳露营△ 三期",
        "ep_cut": 11,
        "image_url": "https://w.junreimap.com/images/points/405785/4wwr1ms_1757707408946.jpg",
        "location": "胜沼（甲州市-山梨）",
        "point_id": "4wwr1ms",
        "point_name": "駅前甚六公園  電気機関車EF64形18号機",
        "remark": ""
      },
      "type": "Feature"
    },
    {
      "geometry": {
        "coordinates": [
          138.742833,
          35.671411
        ],
        "type": "Point"
      },
      "properties": {
        "bangumi_id": 405785,
        "bangumi_title": "摇曳露营△ 三期",
        "ep_cut": "Episode10",
        "image_url": "https://w.junreimap.com/images/user/0/bangumi/405785/points/gxd170y-1783856185503.webp",
        "location": "胜沼（甲州市-山梨）",
        "point_id": "gxd170y",
        "point_name": "駅前甚六公園",
        "remark": ""
      },
      "type": "Feature"
    },
    {
      "geometry": {
        "coordinates": [
          138.722541,
          35.664132
        ],
        "type": "Point"
      },
      "properties": {
        "bangumi_id": 405785,
        "bangumi_title": "摇曳露营△ 三期",
        "ep_cut": 11,
        "image_url": "https://w.junreimap.com/images/points/405785/486ijm3_1756212154461.jpg",
        "location": "つぐら舎 （甲州市-山梨）",
        "point_id": "486ijm3",
        "point_name": "つぐら舎 前",
        "remark": ""
      },
      "type": "Feature"
    },
    {
      "geometry": {
        "coordinates": [
          138.722439,
          35.664027
        ],
        "type": "Point"
      },
      "properties": {
        "bangumi_id": 405785,
        "bangumi_title": "摇曳露营△ 三期",
        "ep_cut": 11,
        "image_url": "https://w.junreimap.com/images/points/405785/486iprd_1756212162286.jpg",
        "location": "つぐら舎 （甲州市-山梨）",
        "point_id": "486iprd",
        "point_name": "つぐら舎",
        "remark": "同款布丁1210日元。"
      },
      "type": "Feature"
    },
    {
      "geometry": {
        "coordinates": [
          138.722512,
          35.66403
        ],
        "type": "Point"
      },
      "properties": {
        "bangumi_id": 405785,
        "bangumi_title": "摇曳露营△ 三期",
        "ep_cut": 11,
        "image_url": "https://w.junreimap.com/images/points/405785/4wllq93_1757688683825.jpg",
        "location": "つぐら舎 （甲州市-山梨）",
        "point_id": "4wllq93",
        "point_name": "つぐら舎",
        "remark": ""
      },
      "type": "Feature"
    },
    {
      "geometry": {
        "coordinates": [
          138.722408,
          35.663988
        ],
        "type": "Point"
      },
      "properties": {
        "bangumi_id": 405785,
        "bangumi_title": "摇曳露营△ 三期",
        "ep_cut": 11,
        "image_url": "https://w.junreimap.com/images/points/405785/4wllsh6_1757688686791.jpg",
        "location": "つぐら舎 （甲州市-山梨）",
        "point_id": "4wllsh6",
        "point_name": "つぐら舎",
        "remark": ""
      },
      "type": "Feature"
    },
    {
      "geometry": {
        "coordinates": [
          138.722403,
          35.664045
        ],
        "type": "Point"
      },
      "properties": {
        "bangumi_id": 405785,
        "bangumi_title": "摇曳露营△ 三期",
        "ep_cut": 11,
        "image_url": "https://w.junreimap.com/images/points/405785/4wlluym_1757688690509.jpg",
        "location": "つぐら舎 （甲州市-山梨）",
        "point_id": "4wlluym",
        "point_name": "つぐら舎",
        "remark": ""
      },
      "type": "Feature"
    },
    {
      "geometry": {
        "coordinates": [
          138.722476,
          35.664019
        ],
        "type": "Point"
      },
      "properties": {
        "bangumi_id": 405785,
        "bangumi_title": "摇曳露营△ 三期",
        "ep_cut": 11,
        "image_url": "https://w.junreimap.com/images/user/1092/bangumi/405785/points/lbks4uely-1718293808276.jpg",
        "location": "つぐら舎 （甲州市-山梨）",
        "point_id": "lbks4uely",
        "point_name": "つぐら舎",
        "remark": ""
      },
      "type": "Feature"
    },
    {
      "geometry": {
        "coordinates": [
          138.72486,
          35.663594
        ],
        "type": "Point"
      },
      "properties": {
        "bangumi_id": 405785,
        "bangumi_title": "摇曳露营△ 三期",
        "ep_cut": 11,
        "image_url": "https://w.junreimap.com/images/user/1092/bangumi/405785/points/lbkv3luq0-1718293984767.jpg",
        "location": "つぐら舎 （甲州市-山梨）",
        "point_id": "lbkv3luq0",
        "point_name": "街道场景1",
        "remark": ""
      },
      "type": "Feature"
    },
    {
      "geometry": {
        "coordinates": [
          138.743221,
          35.6558
        ],
        "type": "Point"
      },
      "properties": {
        "bangumi_id": 405785,
        "bangumi_title": "摇曳露营△ 三期",
        "ep_cut": 11,
        "image_url": "https://w.junreimap.com/images/points/405785/486m5ld_1756212329540.jpg",
        "location": "フルーツライン展望台（甲州市-山梨）",
        "point_id": "486m5ld",
        "point_name": "大善寺",
        "remark": "左側是大善寺"
      },
      "type": "Feature"
    },
    {
      "geometry": {
        "coordinates": [
          138.736883,
          35.660765
        ],
        "type": "Point"
      },
      "properties": {
        "bangumi_id": 405785,
        "bangumi_title": "摇曳露营△ 三期",
        "ep_cut": 11,
        "image_url": "https://w.junreimap.com/images/points/405785/4wwnrma_1757707257499.jpg",
        "location": "フルーツライン展望台（甲州市-山梨）",
        "point_id": "4wwnrma",
        "point_name": "フルーツライン展望台",
        "remark": ""
      },
      "type": "Feature"
    },
    {
      "geometry": {
        "coordinates": [
          138.737109,
          35.660621
        ],
        "type": "Point"
      },
      "properties": {
        "bangumi_id": 405785,
        "bangumi_title": "摇曳露营△ 三期",
        "ep_cut": 11,
        "image_url": "https://w.junreimap.com/images/points/405785/4wwohjr_1757707289448.jpg",
        "location": "フルーツライン展望台（甲州市-山梨）",
        "point_id": "4wwohjr",
        "point_name": "フルーツライン展望台",
        "remark": ""
      },
      "type": "Feature"
    },
    {
      "geometry": {
        "coordinates": [
          138.737034,
          35.660743
        ],
        "type": "Point"
      },
      "properties": {
        "bangumi_id": 405785,
        "bangumi_title": "摇曳露营△ 三期",
        "ep_cut": 11,
        "image_url": "https://w.junreimap.com/images/user/1092/bangumi/405785/points/lbkz1ppks-1718294398501.jpg",
        "location": "フルーツライン展望台（甲州市-山梨）",
        "point_id": "lbkz1ppks",
        "point_name": "フルーツライン展望台",
        "remark": ""
      },
      "type": "Feature"
    },
    {
      "geometry": {
        "coordinates": [
          138.736993,
          35.660646
        ],
        "type": "Point"
      },
      "properties": {
        "bangumi_id": 405785,
        "bangumi_title": "摇曳露营△ 三期",
        "ep_cut": 11,
        "image_url": "https://w.junreimap.com/images/points/405785/4wwnvhq_1757707260347.jpg",
        "location": "フルーツライン展望台（甲州市-山梨）",
        "point_id": "4wwnvhq",
        "point_name": "フルーツライン展望台",
        "remark": ""
      },
      "type": "Feature"
    },
    {
      "geometry": {
        "coordinates": [
          138.737122,
          35.660699
        ],
        "type": "Point"
      },
      "properties": {
        "bangumi_id": 405785,
        "bangumi_title": "摇曳露营△ 三期",
        "ep_cut": 11,
        "image_url": "https://w.junreimap.com/images/points/405785/4wwo1n2_1757707269384.jpg",
        "location": "フルーツライン展望台（甲州市-山梨）",
        "point_id": "4wwo1n2",
        "point_name": "フルーツライン展望台",
        "remark": ""
      },
      "type": "Feature"
    },
    {
      "geometry": {
        "coordinates": [
          138.737122,
          35.660801
        ],
        "type": "Point"
      },
      "properties": {
        "bangumi_id": 405785,
        "bangumi_title": "摇曳露营△ 三期",
        "ep_cut": 11,
        "image_url": "https://w.junreimap.com/images/points/405785/4wwo5bj_1757707273181.jpg",
        "location": "フルーツライン展望台（甲州市-山梨）",
        "point_id": "4wwo5bj",
        "point_name": "フルーツライン展望台",
        "remark": ""
      },
      "type": "Feature"
    },
    {
      "geometry": {
        "coordinates": [
          138.736681,
          35.660715
        ],
        "type": "Point"
      },
      "properties": {
        "bangumi_id": 405785,
        "bangumi_title": "摇曳露营△ 三期",
        "ep_cut": 11,
        "image_url": "https://w.junreimap.com/images/points/405785/4wwoa6a_1757707280526.jpg",
        "location": "フルーツライン展望台（甲州市-山梨）",
        "point_id": "4wwoa6a",
        "point_name": "フルーツライン展望台",
        "remark": ""
      },
      "type": "Feature"
    },
    {
      "geometry": {
        "coordinates": [
          138.737002,
          35.660538
        ],
        "type": "Point"
      },
      "properties": {
        "bangumi_id": 405785,
        "bangumi_title": "摇曳露营△ 三期",
        "ep_cut": 11,
        "image_url": "https://w.junreimap.com/images/points/405785/4wwpr2z_1757707348454.jpg",
        "location": "フルーツライン展望台（甲州市-山梨）",
        "point_id": "4wwpr2z",
        "point_name": "フルーツライン展望台",
        "remark": ""
      },
      "type": "Feature"
    },
    {
      "geometry": {
        "coordinates": [
          138.737822,
          35.66012
        ],
        "type": "Point"
      },
      "properties": {
        "bangumi_id": 405785,
        "bangumi_title": "摇曳露营△ 三期",
        "ep_cut": 11,
        "image_url": "https://w.junreimap.com/images/user/1092/bangumi/405785/points/lbl4ni7z7-1718294621448.jpg",
        "location": "フルーツライン展望台（甲州市-山梨）",
        "point_id": "lbl4ni7z7",
        "point_name": "鸟居烧",
        "remark": ""
      },
      "type": "Feature"
    },
    {
      "geometry": {
        "coordinates": [
          138.737452,
          35.658233
        ],
        "type": "Point"
      },
      "properties": {
        "bangumi_id": 405785,
        "bangumi_title": "摇曳露营△ 三期",
        "ep_cut": 11,
        "image_url": "https://w.junreimap.com/images/user/1092/bangumi/405785/points/lbkwv6hx4-1718294081204.jpg",
        "location": "フルーツライン展望台（甲州市-山梨）",
        "point_id": "lbkwv6hx4",
        "point_name": "街道场景2",
        "remark": ""
      },
      "type": "Feature"
    },
    {
      "geometry": {
        "coordinates": [
          138.455963,
          35.546331
        ],
        "type": "Point"
      },
      "properties": {
        "bangumi_id": 405785,
        "bangumi_title": "摇曳露营△ 三期",
        "ep_cut": "EP9",
        "image_url": "https://w.junreimap.com/images/user/0/bangumi/405785/points/o76tt9avo-1726413768220.jpg",
        "location": "富士川町-山梨",
        "point_id": "o76tt9avo",
        "point_name": "大法師公園",
        "remark": ""
      },
      "type": "Feature"
    },
    {
      "geometry": {
        "coordinates": [
          138.455485,
          35.546216
        ],
        "type": "Point"
      },
      "properties": {
        "bangumi_id": 405785,
        "bangumi_title": "摇曳露营△ 三期",
        "ep_cut": 9,
        "image_url": "https://w.junreimap.com/images/points/405785/4v36dhg_1757597270893.jpg",
        "location": "富士川町-山梨",
        "point_id": "4v36dhg",
        "point_name": "大法師公園",
        "remark": ""
      },
      "type": "Feature"
    },
    {
      "geometry": {
        "coordinates": [
          138.455607,
          35.545946
        ],
        "type": "Point"
      },
      "properties": {
        "bangumi_id": 405785,
        "bangumi_title": "摇曳露营△ 三期",
        "ep_cut": 9,
        "image_url": "https://w.junreimap.com/images/points/405785/4v36h3t_1757597276379.jpg",
        "location": "富士川町-山梨",
        "point_id": "4v36h3t",
        "point_name": "大法師公園",
        "remark": ""
      },
      "type": "Feature"
    },
    {
      "geometry": {
        "coordinates": [
          138.455764,
          35.545661
        ],
        "type": "Point"
      },
      "properties": {
        "bangumi_id": 405785,
        "bangumi_title": "摇曳露营△ 三期",
        "ep_cut": 9,
        "image_url": "https://w.junreimap.com/images/points/405785/4v36miy_1757597279723.jpg",
        "location": "富士川町-山梨",
        "point_id": "4v36miy",
        "point_name": "大法師公園",
        "remark": ""
      },
      "type": "Feature"
    },
    {
      "geometry": {
        "coordinates": [
          138.470609,
          35.541025
        ],
        "type": "Point"
      },
      "properties": {
        "bangumi_id": 405785,
        "bangumi_title": "摇曳露营△ 三期",
        "ep_cut": "SP3",
        "image_url": "https://w.junreimap.com/images/points/405785/s9ykab9fj_1737914849905.jpg",
        "location": "富士川町-山梨",
        "point_id": "s9ykab9fj",
        "point_name": "鰍沢口駅",
        "remark": "抚子从此处骑自行车赶来"
      },
      "type": "Feature"
    },
    {
      "geometry": {
        "coordinates": [
          138.462234,
          35.559033
        ],
        "type": "Point"
      },
      "properties": {
        "bangumi_id": 405785,
        "bangumi_title": "摇曳露营△ 三期",
        "ep_cut": 11,
        "image_url": "https://w.junreimap.com/images/user/1092/bangumi/405785/points/lj9o44p8j-1718896573415.jpg",
        "location": "ミート高橋（富士川町-山梨）",
        "point_id": "lj9o44p8j",
        "point_name": "ミート高橋",
        "remark": ""
      },
      "type": "Feature"
    },
    {
      "geometry": {
        "coordinates": [
          138.462293,
          35.559064
        ],
        "type": "Point"
      },
      "properties": {
        "bangumi_id": 405785,
        "bangumi_title": "摇曳露营△ 三期",
        "ep_cut": 11,
        "image_url": "https://w.junreimap.com/images/points/405785/4v2p2u2_1757596461692.jpg",
        "location": "ミート高橋（富士川町-山梨）",
        "point_id": "4v2p2u2",
        "point_name": "ミート高橋",
        "remark": ""
      },
      "type": "Feature"
    },
    {
      "geometry": {
        "coordinates": [
          138.462341,
          35.559055
        ],
        "type": "Point"
      },
      "properties": {
        "bangumi_id": 405785,
        "bangumi_title": "摇曳露营△ 三期",
        "ep_cut": 11,
        "image_url": "https://w.junreimap.com/images/points/405785/4v2p605_1757596465466.jpg",
        "location": "ミート高橋（富士川町-山梨）",
        "point_id": "4v2p605",
        "point_name": "ミート高橋",
        "remark": ""
      },
      "type": "Feature"
    },
    {
      "geometry": {
        "coordinates": [
          138.462392,
          35.559029
        ],
        "type": "Point"
      },
      "properties": {
        "bangumi_id": 405785,
        "bangumi_title": "摇曳露营△ 三期",
        "ep_cut": 11,
        "image_url": "https://w.junreimap.com/images/points/405785/4v2p8cz_1757596468308.jpg",
        "location": "ミート高橋（富士川町-山梨）",
        "point_id": "4v2p8cz",
        "point_name": "ミート高橋",
        "remark": ""
      },
      "type": "Feature"
    },
    {
      "geometry": {
        "coordinates": [
          138.462446,
          35.55901
        ],
        "type": "Point"
      },
      "properties": {
        "bangumi_id": 405785,
        "bangumi_title": "摇曳露营△ 三期",
        "ep_cut": 11,
        "image_url": "https://w.junreimap.com/images/points/405785/4v2paei_1757596470897.jpg",
        "location": "ミート高橋（富士川町-山梨）",
        "point_id": "4v2paei",
        "point_name": "ミート高橋",
        "remark": ""
      },
      "type": "Feature"
    },
    {
      "geometry": {
        "coordinates": [
          138.756278,
          35.717803
        ],
        "type": "Point"
      },
      "properties": {
        "bangumi_id": 405785,
        "bangumi_title": "摇曳露营△ 三期",
        "ep_cut": 11,
        "image_url": "https://w.junreimap.com/images/points/405785/4wwhqur_1757706977474.jpg",
        "location": "塩山（甲州市-山梨）",
        "point_id": "4wwhqur",
        "point_name": "天龙山慈云寺",
        "remark": ""
      },
      "type": "Feature"
    },
    {
      "geometry": {
        "coordinates": [
          138.756249,
          35.717882
        ],
        "type": "Point"
      },
      "properties": {
        "bangumi_id": 405785,
        "bangumi_title": "摇曳露营△ 三期",
        "ep_cut": 11,
        "image_url": "https://w.junreimap.com/images/points/405785/4wwhzox_1757706987558.jpg",
        "location": "塩山（甲州市-山梨）",
        "point_id": "4wwhzox",
        "point_name": "天龙山慈云寺",
        "remark": ""
      },
      "type": "Feature"
    },
    {
      "geometry": {
        "coordinates": [
          138.756093,
          35.718088
        ],
        "type": "Point"
      },
      "properties": {
        "bangumi_id": 405785,
        "bangumi_title": "摇曳露营△ 三期",
        "ep_cut": 11,
        "image_url": "https://w.junreimap.com/images/points/405785/4wwi4dq_1757706992339.jpg",
        "location": "塩山（甲州市-山梨）",
        "point_id": "4wwi4dq",
        "point_name": "天龙山慈云寺",
        "remark": ""
      },
      "type": "Feature"
    },
    {
      "geometry": {
        "coordinates": [
          138.756211,
          35.718252
        ],
        "type": "Point"
      },
      "properties": {
        "bangumi_id": 405785,
        "bangumi_title": "摇曳露营△ 三期",
        "ep_cut": 11,
        "image_url": "https://w.junreimap.com/images/user/1092/bangumi/405785/points/lbkhxt7gu-1718293201476.jpg",
        "location": "塩山（甲州市-山梨）",
        "point_id": "lbkhxt7gu",
        "point_name": "慈云寺",
        "remark": ""
      },
      "type": "Feature"
    },
    {
      "geometry": {
        "coordinates": [
          138.75622,
          35.717971
        ],
        "type": "Point"
      },
      "properties": {
        "bangumi_id": 405785,
        "bangumi_title": "摇曳露营△ 三期",
        "ep_cut": 11,
        "image_url": "https://w.junreimap.com/images/user/1092/bangumi/405785/points/lbkgr3q16-1718293138410.jpg",
        "location": "塩山（甲州市-山梨）",
        "point_id": "lbkgr3q16",
        "point_name": "慈雲寺",
        "remark": ""
      },
      "type": "Feature"
    },
    {
      "geometry": {
        "coordinates": [
          138.75622,
          35.71818
        ],
        "type": "Point"
      },
      "properties": {
        "bangumi_id": 405785,
        "bangumi_title": "摇曳露营△ 三期",
        "ep_cut": 11,
        "image_url": "https://w.junreimap.com/images/points/405785/4wwiusj_1757707027081.jpg",
        "location": "塩山（甲州市-山梨）",
        "point_id": "4wwiusj",
        "point_name": "慈雲寺",
        "remark": ""
      },
      "type": "Feature"
    },
    {
      "geometry": {
        "coordinates": [
          138.756145,
          35.718173
        ],
        "type": "Point"
      },
      "properties": {
        "bangumi_id": 405785,
        "bangumi_title": "摇曳露营△ 三期",
        "ep_cut": 11,
        "image_url": "https://w.junreimap.com/images/points/405785/4wwiz4f_1757707031800.jpg",
        "location": "塩山（甲州市-山梨）",
        "point_id": "4wwiz4f",
        "point_name": "慈雲寺",
        "remark": ""
      },
      "type": "Feature"
    },
    {
      "geometry": {
        "coordinates": [
          138.756126,
          35.717963
        ],
        "type": "Point"
      },
      "properties": {
        "bangumi_id": 405785,
        "bangumi_title": "摇曳露营△ 三期",
        "ep_cut": 11,
        "image_url": "https://w.junreimap.com/images/points/405785/4wwj2g7_1757707035767.jpg",
        "location": "塩山（甲州市-山梨）",
        "point_id": "4wwj2g7",
        "point_name": "慈雲寺",
        "remark": "吉恩吉~"
      },
      "type": "Feature"
    },
    {
      "geometry": {
        "coordinates": [
          138.756418,
          35.717993
        ],
        "type": "Point"
      },
      "properties": {
        "bangumi_id": 405785,
        "bangumi_title": "摇曳露营△ 三期",
        "ep_cut": 11,
        "image_url": "https://w.junreimap.com/images/points/405785/4wwjms0_1757707062486.jpg",
        "location": "塩山（甲州市-山梨）",
        "point_id": "4wwjms0",
        "point_name": "慈雲寺",
        "remark": "吉恩吉~标点位置这边的停车场有个出墙的樱花（桃花？）树干外形非常接近这个分镜"
      },
      "type": "Feature"
    },
    {
      "geometry": {
        "coordinates": [
          138.75622,
          35.71803
        ],
        "type": "Point"
      },
      "properties": {
        "bangumi_id": 405785,
        "bangumi_title": "摇曳露营△ 三期",
        "ep_cut": 11,
        "image_url": "https://w.junreimap.com/images/points/405785/4wwki3u_1757707102845.jpg",
        "location": "塩山（甲州市-山梨）",
        "point_id": "4wwki3u",
        "point_name": "慈雲寺",
        "remark": ""
      },
      "type": "Feature"
    },
    {
      "geometry": {
        "coordinates": [
          138.756215,
          35.718088
        ],
        "type": "Point"
      },
      "properties": {
        "bangumi_id": 405785,
        "bangumi_title": "摇曳露营△ 三期",
        "ep_cut": 11,
        "image_url": "https://w.junreimap.com/images/points/405785/4wwihgs_1757707008847.jpg",
        "location": "塩山（甲州市-山梨）",
        "point_id": "4wwihgs",
        "point_name": "慈雲寺",
        "remark": ""
      },
      "type": "Feature"
    },
    {
      "geometry": {
        "coordinates": [
          138.756355,
          35.718242
        ],
        "type": "Point"
      },
      "properties": {
        "bangumi_id": 405785,
        "bangumi_title": "摇曳露营△ 三期",
        "ep_cut": 11,
        "image_url": "https://w.junreimap.com/images/points/405785/4wwijlt_1757707013063.jpg",
        "location": "塩山（甲州市-山梨）",
        "point_id": "4wwijlt",
        "point_name": "慈雲寺",
        "remark": ""
      },
      "type": "Feature"
    },
    {
      "geometry": {
        "coordinates": [
          138.7541,
          35.716891
        ],
        "type": "Point"
      },
      "properties": {
        "bangumi_id": 405785,
        "bangumi_title": "摇曳露营△ 三期",
        "ep_cut": 11,
        "image_url": "https://w.junreimap.com/images/points/405785/4862k1x_1756211414005.jpg",
        "location": "塩山（甲州市-山梨）",
        "point_id": "4862k1x",
        "point_name": "天龙山慈云寺 上山路",
        "remark": "没记错的话，是慈云寺上山的某段路，具体是这段路的哪个准确位置就不太好标了。"
      },
      "type": "Feature"
    },
    {
      "geometry": {
        "coordinates": [
          138.666459,
          35.603355
        ],
        "type": "Point"
      },
      "properties": {
        "bangumi_id": 405785,
        "bangumi_title": "摇曳露营△ 三期",
        "ep_cut": 12,
        "image_url": "https://w.junreimap.com/images/user/1092/bangumi/405785/points/lj9awl12w-1718895752074.jpg",
        "location": "花鳥山展望台一带（笛吹市-山梨）",
        "point_id": "lj9awl12w",
        "point_name": "花鳥山展望台",
        "remark": "这个摄像头视角可以通过以下网址查看哦\nhttp://linearcam.city.fuefuki.yamanashi.jp/index.html?p=2"
      },
      "type": "Feature"
    },
    {
      "geometry": {
        "coordinates": [
          138.665999,
          35.603256
        ],
        "type": "Point"
      },
      "properties": {
        "bangumi_id": 405785,
        "bangumi_title": "摇曳露营△ 三期",
        "ep_cut": 12,
        "image_url": "https://w.junreimap.com/images/user/1092/bangumi/405785/points/lj9hdm0ki-1718896119644.jpg",
        "location": "花鳥山展望台一带（笛吹市-山梨）",
        "point_id": "lj9hdm0ki",
        "point_name": "花鳥山展望台",
        "remark": ""
      },
      "type": "Feature"
    },
    {
      "geometry": {
        "coordinates": [
          138.666042,
          35.603307
        ],
        "type": "Point"
      },
      "properties": {
        "bangumi_id": 405785,
        "bangumi_title": "摇曳露营△ 三期",
        "ep_cut": 12,
        "image_url": "https://w.junreimap.com/images/points/405785/4wlizj4_1757688556446.jpg",
        "location": "花鳥山展望台一带（笛吹市-山梨）",
        "point_id": "4wlizj4",
        "point_name": "花鳥山展望台",
        "remark": ""
      },
      "type": "Feature"
    },
    {
      "geometry": {
        "coordinates": [
          138.6662,
          35.603253
        ],
        "type": "Point"
      },
      "properties": {
        "bangumi_id": 405785,
        "bangumi_title": "摇曳露营△ 三期",
        "ep_cut": 12,
        "image_url": "https://w.junreimap.com/images/points/405785/4wlj4oo_1757688564459.jpg",
        "location": "花鳥山展望台一带（笛吹市-山梨）",
        "point_id": "4wlj4oo",
        "point_name": "花鳥山展望台",
        "remark": ""
      },
      "type": "Feature"
    },
    {
      "geometry": {
        "coordinates": [
          138.665968,
          35.603348
        ],
        "type": "Point"
      },
      "properties": {
        "bangumi_id": 405785,
        "bangumi_title": "摇曳露营△ 三期",
        "ep_cut": 12,
        "image_url": "https://w.junreimap.com/images/points/405785/4wlj8sy_1757688574376.jpg",
        "location": "花鳥山展望台一带（笛吹市-山梨）",
        "point_id": "4wlj8sy",
        "point_name": "花鳥山展望台",
        "remark": ""
      },
      "type": "Feature"
    },
    {
      "geometry": {
        "coordinates": [
          138.66606,
          35.603227
        ],
        "type": "Point"
      },
      "properties": {
        "bangumi_id": 405785,
        "bangumi_title": "摇曳露营△ 三期",
        "ep_cut": 12,
        "image_url": "https://w.junreimap.com/images/points/405785/4wljino_1757688581453.jpg",
        "location": "花鳥山展望台一带（笛吹市-山梨）",
        "point_id": "4wljino",
        "point_name": "花鳥山展望台",
        "remark": ""
      },
      "type": "Feature"
    },
    {
      "geometry": {
        "coordinates": [
          138.666257,
          35.603329
        ],
        "type": "Point"
      },
      "properties": {
        "bangumi_id": 405785,
        "bangumi_title": "摇曳露营△ 三期",
        "ep_cut": 12,
        "image_url": "https://w.junreimap.com/images/points/405785/4wljn0v_1757688586521.jpg",
        "location": "花鳥山展望台一带（笛吹市-山梨）",
        "point_id": "4wljn0v",
        "point_name": "花鳥山展望台",
        "remark": ""
      },
      "type": "Feature"
    },
    {
      "geometry": {
        "coordinates": [
          138.666126,
          35.603163
        ],
        "type": "Point"
      },
      "properties": {
        "bangumi_id": 405785,
        "bangumi_title": "摇曳露营△ 三期",
        "ep_cut": 12,
        "image_url": "https://w.junreimap.com/images/points/405785/4wljr0f_1757688591667.jpg",
        "location": "花鳥山展望台一带（笛吹市-山梨）",
        "point_id": "4wljr0f",
        "point_name": "花鳥山展望台",
        "remark": ""
      },
      "type": "Feature"
    },
    {
      "geometry": {
        "coordinates": [
          138.666053,
          35.603268
        ],
        "type": "Point"
      },
      "properties": {
        "bangumi_id": 405785,
        "bangumi_title": "摇曳露营△ 三期",
        "ep_cut": 12,
        "image_url": "https://w.junreimap.com/images/points/405785/4wliwsd_1757688552430.jpg",
        "location": "花鳥山展望台一带（笛吹市-山梨）",
        "point_id": "4wliwsd",
        "point_name": "花鳥山展望台",
        "remark": ""
      },
      "type": "Feature"
    },
    {
      "geometry": {
        "coordinates": [
          138.645457,
          35.602673
        ],
        "type": "Point"
      },
      "properties": {
        "bangumi_id": 405785,
        "bangumi_title": "摇曳露营△ 三期",
        "ep_cut": 11,
        "image_url": "https://w.junreimap.com/images/user/1092/bangumi/405785/points/lblevy8pj-1718295177218.jpg",
        "location": "笛吹市八代故乡公园（笛吹市-山梨）",
        "point_id": "lblevy8pj",
        "point_name": "笛吹市八代ふるさと公園",
        "remark": ""
      },
      "type": "Feature"
    },
    {
      "geometry": {
        "coordinates": [
          138.645595,
          35.60266
        ],
        "type": "Point"
      },
      "properties": {
        "bangumi_id": 405785,
        "bangumi_title": "摇曳露营△ 三期",
        "ep_cut": 11,
        "image_url": "https://w.junreimap.com/images/points/405785/4wli7bs_1757688525858.jpg",
        "location": "笛吹市八代故乡公园（笛吹市-山梨）",
        "point_id": "4wli7bs",
        "point_name": "笛吹市八代ふるさと公園",
        "remark": ""
      },
      "type": "Feature"
    },
    {
      "geometry": {
        "coordinates": [
          138.708519,
          35.632353
        ],
        "type": "Point"
      },
      "properties": {
        "bangumi_id": 405785,
        "bangumi_title": "摇曳露营△ 三期",
        "ep_cut": 11,
        "image_url": "https://w.junreimap.com/images/user/1092/bangumi/405785/points/lblc9wqt8-1718295019384.jpg",
        "location": "峰城山（笛吹市-山梨）",
        "point_id": "lblc9wqt8",
        "point_name": "大文字焼き",
        "remark": ""
      },
      "type": "Feature"
    },
    {
      "geometry": {
        "coordinates": [
          138.410688,
          35.598701
        ],
        "type": "Point"
      },
      "properties": {
        "bangumi_id": 405785,
        "bangumi_title": "摇曳露营△ 三期",
        "ep_cut": "SP3",
        "image_url": "https://w.junreimap.com/images/points/405785/s9xhmaj8i_1737912527070.jpg",
        "location": "伊奈​​湖",
        "point_id": "s9xhmaj8i",
        "point_name": "菖蒲池園地口",
        "remark": ""
      },
      "type": "Feature"
    },
    {
      "geometry": {
        "coordinates": [
          138.410305,
          35.59727
        ],
        "type": "Point"
      },
      "properties": {
        "bangumi_id": 405785,
        "bangumi_title": "摇曳露营△ 三期",
        "ep_cut": 15,
        "image_url": "https://w.junreimap.com/images/points/405785/4v37het_1757597323164.jpg",
        "location": "伊奈​​湖",
        "point_id": "4v37het",
        "point_name": "菖蒲池園地口",
        "remark": "（非精确坐标，仅供参考）"
      },
      "type": "Feature"
    },
    {
      "geometry": {
        "coordinates": [
          138.412193,
          35.598274
        ],
        "type": "Point"
      },
      "properties": {
        "bangumi_id": 405785,
        "bangumi_title": "摇曳露营△ 三期",
        "ep_cut": 15,
        "image_url": "https://w.junreimap.com/images/points/405785/4v37ovy_1757597331453.jpg",
        "location": "伊奈​​湖",
        "point_id": "4v37ovy",
        "point_name": "菖蒲池園地口",
        "remark": "（非精确坐标，仅供参考）"
      },
      "type": "Feature"
    },
    {
      "geometry": {
        "coordinates": [
          138.411804,
          35.60172
        ],
        "type": "Point"
      },
      "properties": {
        "bangumi_id": 405785,
        "bangumi_title": "摇曳露营△ 三期",
        "ep_cut": "SP3",
        "image_url": "https://w.junreimap.com/images/points/405785/s9xkelwxv_1737912680947.jpg",
        "location": "伊奈​​湖",
        "point_id": "s9xkelwxv",
        "point_name": "南アルプス伊奈​ケ​湖森林公園案内板",
        "remark": "该集对应漫画第13.5巻"
      },
      "type": "Feature"
    },
    {
      "geometry": {
        "coordinates": [
          138.412216,
          35.601538
        ],
        "type": "Point"
      },
      "properties": {
        "bangumi_id": 405785,
        "bangumi_title": "摇曳露营△ 三期",
        "ep_cut": "SP3",
        "image_url": "https://w.junreimap.com/images/points/405785/s9xmv4uj5_1737912838427.jpg",
        "location": "伊奈​​湖",
        "point_id": "s9xmv4uj5",
        "point_name": "県民の森第1駐車場",
        "remark": "2023年新建"
      },
      "type": "Feature"
    },
    {
      "geometry": {
        "coordinates": [
          138.411951,
          35.601848
        ],
        "type": "Point"
      },
      "properties": {
        "bangumi_id": 405785,
        "bangumi_title": "摇曳露营△ 三期",
        "ep_cut": "SP3",
        "image_url": "https://w.junreimap.com/images/points/405785/s9xj6j3bv_1737912597953.jpg",
        "location": "伊奈​​湖",
        "point_id": "s9xj6j3bv",
        "point_name": "レストハウスミッシェル​伊奈​ケ​湖​店",
        "remark": "森林汤咖喱 1100円"
      },
      "type": "Feature"
    },
    {
      "geometry": {
        "coordinates": [
          138.411972,
          35.601804
        ],
        "type": "Point"
      },
      "properties": {
        "bangumi_id": 405785,
        "bangumi_title": "摇曳露营△ 三期",
        "ep_cut": 15,
        "image_url": "https://w.junreimap.com/images/points/405785/4v38vpx_1757597385426.jpg",
        "location": "伊奈​​湖",
        "point_id": "4v38vpx",
        "point_name": "レストハウスミッシェル​伊奈​ケ​湖​店",
        "remark": ""
      },
      "type": "Feature"
    },
    {
      "geometry": {
        "coordinates": [
          138.412062,
          35.601751
        ],
        "type": "Point"
      },
      "properties": {
        "bangumi_id": 405785,
        "bangumi_title": "摇曳露营△ 三期",
        "ep_cut": 15,
        "image_url": "https://w.junreimap.com/images/points/405785/4v392e2_1757597394028.jpg",
        "location": "伊奈​​湖",
        "point_id": "4v392e2",
        "point_name": "レストハウスミッシェル​伊奈​ケ​湖​店",
        "remark": ""
      },
      "type": "Feature"
    },
    {
      "geometry": {
        "coordinates": [
          138.41164,
          35.601798
        ],
        "type": "Point"
      },
      "properties": {
        "bangumi_id": 405785,
        "bangumi_title": "摇曳露营△ 三期",
        "ep_cut": 15,
        "image_url": "https://w.junreimap.com/images/points/405785/4v38dx8_1757597362014.jpg",
        "location": "伊奈​​湖",
        "point_id": "4v38dx8",
        "point_name": "レストハウスミッシェル​伊奈​ケ​湖​店",
        "remark": ""
      },
      "type": "Feature"
    },
    {
      "geometry": {
        "coordinates": [
          138.412794,
          35.601707
        ],
        "type": "Point"
      },
      "properties": {
        "bangumi_id": 405785,
        "bangumi_title": "摇曳露营△ 三期",
        "ep_cut": "SP3",
        "image_url": "https://w.junreimap.com/images/points/405785/s9xqpsrac_1737913111201.jpg",
        "location": "伊奈​​湖",
        "point_id": "s9xqpsrac",
        "point_name": "県民​の​森​森林​科学館",
        "remark": ""
      },
      "type": "Feature"
    },
    {
      "geometry": {
        "coordinates": [
          138.412793,
          35.601762
        ],
        "type": "Point"
      },
      "properties": {
        "bangumi_id": 405785,
        "bangumi_title": "摇曳露营△ 三期",
        "ep_cut": 15,
        "image_url": "https://w.junreimap.com/images/points/405785/4v398re_1757597402015.jpg",
        "location": "伊奈​​湖",
        "point_id": "4v398re",
        "point_name": "県立​県民​の​森​森林​科学館​管理​事務所",
        "remark": ""
      },
      "type": "Feature"
    },
    {
      "geometry": {
        "coordinates": [
          138.412847,
          35.601758
        ],
        "type": "Point"
      },
      "properties": {
        "bangumi_id": 405785,
        "bangumi_title": "摇曳露营△ 三期",
        "ep_cut": 15,
        "image_url": "https://w.junreimap.com/images/points/405785/4v39byv_1757597406078.jpg",
        "location": "伊奈​​湖",
        "point_id": "4v39byv",
        "point_name": "県立​県民​の​森​森林​科学館​管理​事務所",
        "remark": ""
      },
      "type": "Feature"
    },
    {
      "geometry": {
        "coordinates": [
          138.412854,
          35.601696
        ],
        "type": "Point"
      },
      "properties": {
        "bangumi_id": 405785,
        "bangumi_title": "摇曳露营△ 三期",
        "ep_cut": 15,
        "image_url": "https://w.junreimap.com/images/points/405785/4v39dhj_1757597408193.jpg",
        "location": "伊奈​​湖",
        "point_id": "4v39dhj",
        "point_name": "県立​県民​の​森​森林​科学館​管理​事務所",
        "remark": ""
      },
      "type": "Feature"
    },
    {
      "geometry": {
        "coordinates": [
          138.412859,
          35.601624
        ],
        "type": "Point"
      },
      "properties": {
        "bangumi_id": 405785,
        "bangumi_title": "摇曳露营△ 三期",
        "ep_cut": 15,
        "image_url": "https://w.junreimap.com/images/points/405785/4v39fy7_1757597411203.jpg",
        "location": "伊奈​​湖",
        "point_id": "4v39fy7",
        "point_name": "県立​県民​の​森​森林​科学館​管理​事務所",
        "remark": ""
      },
      "type": "Feature"
    },
    {
      "geometry": {
        "coordinates": [
          138.412634,
          35.601526
        ],
        "type": "Point"
      },
      "properties": {
        "bangumi_id": 405785,
        "bangumi_title": "摇曳露营△ 三期",
        "ep_cut": 15,
        "image_url": "https://w.junreimap.com/images/points/405785/4v39jm1_1757597416014.jpg",
        "location": "伊奈​​湖",
        "point_id": "4v39jm1",
        "point_name": "県立​県民​の​森​森林​科学館​管理​事務所",
        "remark": ""
      },
      "type": "Feature"
    },
    {
      "geometry": {
        "coordinates": [
          138.412605,
          35.601174
        ],
        "type": "Point"
      },
      "properties": {
        "bangumi_id": 405785,
        "bangumi_title": "摇曳露营△ 三期",
        "ep_cut": "SP3",
        "image_url": "https://w.junreimap.com/images/points/405785/s9xp17qyh_1737913031114.jpg",
        "location": "伊奈​​湖",
        "point_id": "s9xp17qyh",
        "point_name": "県民​の​森​グリーン​ロッジ",
        "remark": ""
      },
      "type": "Feature"
    },
    {
      "geometry": {
        "coordinates": [
          138.4117,
          35.60464
        ],
        "type": "Point"
      },
      "properties": {
        "bangumi_id": 405785,
        "bangumi_title": "摇曳露营△ 三期",
        "ep_cut": "SP3",
        "image_url": "https://w.junreimap.com/images/points/405785/s9y1xeazo_1737913790517.jpg",
        "location": "伊奈​​湖",
        "point_id": "s9y1xeazo",
        "point_name": "北伊奈​ケ​湖",
        "remark": "树木过于繁茂，湖景大多被遮挡"
      },
      "type": "Feature"
    },
    {
      "geometry": {
        "coordinates": [
          138.411653,
          35.60442
        ],
        "type": "Point"
      },
      "properties": {
        "bangumi_id": 405785,
        "bangumi_title": "摇曳露营△ 三期",
        "ep_cut": 15,
        "image_url": "https://w.junreimap.com/images/points/405785/4v3m0rw_1757597998293.jpg",
        "location": "伊奈​​湖",
        "point_id": "4v3m0rw",
        "point_name": "北​​伊奈ヶ湖オートキャンプ場",
        "remark": ""
      },
      "type": "Feature"
    },
    {
      "geometry": {
        "coordinates": [
          138.411838,
          35.604676
        ],
        "type": "Point"
      },
      "properties": {
        "bangumi_id": 405785,
        "bangumi_title": "摇曳露营△ 三期",
        "ep_cut": 15,
        "image_url": "https://w.junreimap.com/images/points/405785/4v3mvg9_1757598054020.jpg",
        "location": "伊奈​​湖",
        "point_id": "4v3mvg9",
        "point_name": "北伊奈​ケ​湖",
        "remark": "待验证点位"
      },
      "type": "Feature"
    },
    {
      "geometry": {
        "coordinates": [
          138.412523,
          35.604428
        ],
        "type": "Point"
      },
      "properties": {
        "bangumi_id": 405785,
        "bangumi_title": "摇曳露营△ 三期",
        "ep_cut": 15,
        "image_url": "https://w.junreimap.com/images/points/405785/4v3nxvb_1757598090522.jpg",
        "location": "伊奈​​湖",
        "point_id": "4v3nxvb",
        "point_name": "北伊奈​ケ​湖",
        "remark": "待验证点位"
      },
      "type": "Feature"
    },
    {
      "geometry": {
        "coordinates": [
          138.413186,
          35.60396
        ],
        "type": "Point"
      },
      "properties": {
        "bangumi_id": 405785,
        "bangumi_title": "摇曳露营△ 三期",
        "ep_cut": "SP3",
        "image_url": "https://w.junreimap.com/images/points/405785/s9y57caqc_1737913997145.jpg",
        "location": "伊奈​​湖",
        "point_id": "s9y57caqc",
        "point_name": "北伊奈​ケ​湖堰堤",
        "remark": ""
      },
      "type": "Feature"
    },
    {
      "geometry": {
        "coordinates": [
          138.411771,
          35.604031
        ],
        "type": "Point"
      },
      "properties": {
        "bangumi_id": 405785,
        "bangumi_title": "摇曳露营△ 三期",
        "ep_cut": "SP3",
        "image_url": "https://w.junreimap.com/images/points/405785/s9zfbrapd_1737916810695.jpg",
        "location": "伊奈​​湖",
        "point_id": "s9zfbrapd",
        "point_name": "北​伊奈​ケ​湖​水辺​公園",
        "remark": "好大的鲤鱼"
      },
      "type": "Feature"
    },
    {
      "geometry": {
        "coordinates": [
          138.41112,
          35.604026
        ],
        "type": "Point"
      },
      "properties": {
        "bangumi_id": 405785,
        "bangumi_title": "摇曳露营△ 三期",
        "ep_cut": "SP3",
        "image_url": "https://w.junreimap.com/images/points/405785/s9yud9lky_1738062091962.jpg",
        "location": "伊奈​​湖",
        "point_id": "s9yud9lky",
        "point_name": "北​​伊奈ヶ湖オートキャンプ場",
        "remark": "志摩凛扎营地"
      },
      "type": "Feature"
    },
    {
      "geometry": {
        "coordinates": [
          138.410947,
          35.603787
        ],
        "type": "Point"
      },
      "properties": {
        "bangumi_id": 405785,
        "bangumi_title": "摇曳露营△ 三期",
        "ep_cut": 15,
        "image_url": "https://w.junreimap.com/images/points/405785/4v3l18o_1757597952135.jpg",
        "location": "伊奈​​湖",
        "point_id": "4v3l18o",
        "point_name": "北​​伊奈ヶ湖オートキャンプ場",
        "remark": ""
      },
      "type": "Feature"
    },
    {
      "geometry": {
        "coordinates": [
          138.410902,
          35.603629
        ],
        "type": "Point"
      },
      "properties": {
        "bangumi_id": 405785,
        "bangumi_title": "摇曳露营△ 三期",
        "ep_cut": 15,
        "image_url": "https://w.junreimap.com/images/points/405785/4v3lnxt_1757597983943.jpg",
        "location": "伊奈​​湖",
        "point_id": "4v3lnxt",
        "point_name": "北​​伊奈ヶ湖オートキャンプ場",
        "remark": ""
      },
      "type": "Feature"
    },
    {
      "geometry": {
        "coordinates": [
          138.411185,
          35.603712
        ],
        "type": "Point"
      },
      "properties": {
        "bangumi_id": 405785,
        "bangumi_title": "摇曳露营△ 三期",
        "ep_cut": 15,
        "image_url": "https://w.junreimap.com/images/points/405785/4v3lust_1757597991713.jpg",
        "location": "伊奈​​湖",
        "point_id": "4v3lust",
        "point_name": "北​​伊奈ヶ湖オートキャンプ場",
        "remark": ""
      },
      "type": "Feature"
    },
    {
      "geometry": {
        "coordinates": [
          138.411173,
          35.603865
        ],
        "type": "Point"
      },
      "properties": {
        "bangumi_id": 405785,
        "bangumi_title": "摇曳露营△ 三期",
        "ep_cut": 15,
        "image_url": "https://w.junreimap.com/images/points/405785/4v3jrs9_1757597894280.jpg",
        "location": "伊奈​​湖",
        "point_id": "4v3jrs9",
        "point_name": "北​​伊奈ヶ湖オートキャンプ場",
        "remark": ""
      },
      "type": "Feature"
    },
    {
      "geometry": {
        "coordinates": [
          138.411168,
          35.603784
        ],
        "type": "Point"
      },
      "properties": {
        "bangumi_id": 405785,
        "bangumi_title": "摇曳露营△ 三期",
        "ep_cut": 15,
        "image_url": "https://w.junreimap.com/images/points/405785/4v3ojyf_1757598116723.jpg",
        "location": "伊奈​​湖",
        "point_id": "4v3ojyf",
        "point_name": "北​​伊奈ヶ湖オートキャンプ場",
        "remark": ""
      },
      "type": "Feature"
    },
    {
      "geometry": {
        "coordinates": [
          138.411156,
          35.603824
        ],
        "type": "Point"
      },
      "properties": {
        "bangumi_id": 405785,
        "bangumi_title": "摇曳露营△ 三期",
        "ep_cut": 15,
        "image_url": "https://w.junreimap.com/images/points/405785/4v3onrj_1757598123008.jpg",
        "location": "伊奈​​湖",
        "point_id": "4v3onrj",
        "point_name": "北​​伊奈ヶ湖オートキャンプ場",
        "remark": ""
      },
      "type": "Feature"
    },
    {
      "geometry": {
        "coordinates": [
          138.41369,
          35.60085
        ],
        "type": "Point"
      },
      "properties": {
        "bangumi_id": 405785,
        "bangumi_title": "摇曳露营△ 三期",
        "ep_cut": 15,
        "image_url": "https://w.junreimap.com/images/points/405785/4v3p4cg_1757598142757.jpg",
        "location": "伊奈​​湖",
        "point_id": "4v3p4cg",
        "point_name": "県民の森 展望台",
        "remark": ""
      },
      "type": "Feature"
    },
    {
      "geometry": {
        "coordinates": [
          138.413483,
          35.600894
        ],
        "type": "Point"
      },
      "properties": {
        "bangumi_id": 405785,
        "bangumi_title": "摇曳露营△ 三期",
        "ep_cut": 15,
        "image_url": "https://w.junreimap.com/images/points/405785/4v3p8j6_1757598147961.jpg",
        "location": "伊奈​​湖",
        "point_id": "4v3p8j6",
        "point_name": "県民の森 展望台",
        "remark": ""
      },
      "type": "Feature"
    },
    {
      "geometry": {
        "coordinates": [
          138.413619,
          35.600796
        ],
        "type": "Point"
      },
      "properties": {
        "bangumi_id": 405785,
        "bangumi_title": "摇曳露营△ 三期",
        "ep_cut": "SP3",
        "image_url": "https://w.junreimap.com/images/points/405785/s9ygeht1j_1737914652700.jpg",
        "location": "伊奈​​湖",
        "point_id": "s9ygeht1j",
        "point_name": "県民の森 展望台",
        "remark": "远望甲府盆地"
      },
      "type": "Feature"
    },
    {
      "geometry": {
        "coordinates": [
          138.413568,
          35.600741
        ],
        "type": "Point"
      },
      "properties": {
        "bangumi_id": 405785,
        "bangumi_title": "摇曳露营△ 三期",
        "ep_cut": 15,
        "image_url": "https://w.junreimap.com/images/points/405785/4v3kgli_1757597925420.jpg",
        "location": "伊奈​​湖",
        "point_id": "4v3kgli",
        "point_name": "県民の森 展望台",
        "remark": ""
      },
      "type": "Feature"
    },
    {
      "geometry": {
        "coordinates": [
          138.408885,
          35.58044
        ],
        "type": "Point"
      },
      "properties": {
        "bangumi_id": 405785,
        "bangumi_title": "摇曳露营△ 三期",
        "ep_cut": "SP3",
        "image_url": "https://w.junreimap.com/images/points/405785/s9yodohcm_1737915093282.jpg",
        "location": "伊奈​​湖",
        "point_id": "s9yodohcm",
        "point_name": "櫛形​山登​山口​平林​休憩​所",
        "remark": ""
      },
      "type": "Feature"
    },
    {
      "geometry": {
        "coordinates": [
          138.40863,
          35.580425
        ],
        "type": "Point"
      },
      "properties": {
        "bangumi_id": 405785,
        "bangumi_title": "摇曳露营△ 三期",
        "ep_cut": 15,
        "image_url": "https://w.junreimap.com/images/points/405785/4v3b29f_1757597486925.jpg",
        "location": "伊奈​​湖",
        "point_id": "4v3b29f",
        "point_name": "櫛形​山登​山口​平林​休憩​所",
        "remark": ""
      },
      "type": "Feature"
    },
    {
      "geometry": {
        "coordinates": [
          138.40821,
          35.577846
        ],
        "type": "Point"
      },
      "properties": {
        "bangumi_id": 405785,
        "bangumi_title": "摇曳露营△ 三期",
        "ep_cut": "SP3",
        "image_url": "https://w.junreimap.com/images/points/405785/s9yqhp30f_1737915218827.jpg",
        "location": "伊奈​​湖",
        "point_id": "s9yqhp30f",
        "point_name": "平林​交流​の​里​みさき​耕​舎",
        "remark": ""
      },
      "type": "Feature"
    },
    {
      "geometry": {
        "coordinates": [
          138.393698,
          35.567251
        ],
        "type": "Point"
      },
      "properties": {
        "bangumi_id": 405785,
        "bangumi_title": "摇曳露营△ 三期",
        "ep_cut": "SP3",
        "image_url": "https://w.junreimap.com/images/points/405785/s9yy26pxs_1737915798370.jpg",
        "location": "伊奈​​湖",
        "point_id": "s9yy26pxs",
        "point_name": "赤石温泉",
        "remark": "抚子走了反方向"
      },
      "type": "Feature"
    },
    {
      "geometry": {
        "coordinates": [
          138.415613,
          35.533391
        ],
        "type": "Point"
      },
      "properties": {
        "bangumi_id": 405785,
        "bangumi_title": "摇曳露营△ 三期",
        "ep_cut": "SP3",
        "image_url": "https://w.junreimap.com/images/points/405785/s9z6ptpfj_1737916230203.jpg",
        "location": "钻石富士",
        "point_id": "s9z6ptpfj",
        "point_name": "高下ダイヤモンド富士スポット駐車場 前",
        "remark": "看到了富士山"
      },
      "type": "Feature"
    },
    {
      "geometry": {
        "coordinates": [
          138.415777,
          35.533699
        ],
        "type": "Point"
      },
      "properties": {
        "bangumi_id": 405785,
        "bangumi_title": "摇曳露营△ 三期",
        "ep_cut": "SP3",
        "image_url": "https://w.junreimap.com/images/points/405785/s9z8gamll_1737916297140.jpg",
        "location": "钻石富士",
        "point_id": "s9z8gamll",
        "point_name": "高下ダイヤモンド富士スポット駐車場",
        "remark": "发现走错路了（本来路程16.5㎞，折返后总和37.9㎞）"
      },
      "type": "Feature"
    },
    {
      "geometry": {
        "coordinates": [
          138.41591,
          35.5335
        ],
        "type": "Point"
      },
      "properties": {
        "bangumi_id": 405785,
        "bangumi_title": "摇曳露营△ 三期",
        "ep_cut": 15,
        "image_url": "https://w.junreimap.com/images/points/405785/4v3q8up_1757598195342.jpg",
        "location": "钻石富士",
        "point_id": "4v3q8up",
        "point_name": "高下ダイヤモンド富士スポット駐車場",
        "remark": ""
      },
      "type": "Feature"
    },
    {
      "geometry": {
        "coordinates": [
          138.415728,
          35.533537
        ],
        "type": "Point"
      },
      "properties": {
        "bangumi_id": 405785,
        "bangumi_title": "摇曳露营△ 三期",
        "ep_cut": 15,
        "image_url": "https://w.junreimap.com/images/points/405785/4v3qak3_1757598198069.jpg",
        "location": "钻石富士",
        "point_id": "4v3qak3",
        "point_name": "高下ダイヤモンド富士スポット駐車場",
        "remark": ""
      },
      "type": "Feature"
    },
    {
      "geometry": {
        "coordinates": [
          138.418078,
          35.551665
        ],
        "type": "Point"
      },
      "properties": {
        "bangumi_id": 405785,
        "bangumi_title": "摇曳露营△ 三期",
        "ep_cut": "SP3",
        "image_url": "https://w.junreimap.com/images/points/405785/s9z2nlq7z_1737916041946.jpg",
        "location": "钻石富士",
        "point_id": "s9z2nlq7z",
        "point_name": "富士川町小室4672 T字路",
        "remark": "连续大下坡后"
      },
      "type": "Feature"
    },
    {
      "geometry": {
        "coordinates": [
          137.595351,
          34.692525
        ],
        "type": "Point"
      },
      "properties": {
        "bangumi_id": 405785,
        "bangumi_title": "摇曳露营△ 三期",
        "ep_cut": 2,
        "image_url": "https://w.junreimap.com/images/points/405785/46wwju6_1756135551028.jpg",
        "location": "弁天島（滨松市-静冈）",
        "point_id": "46wwju6",
        "point_name": "キャンパル",
        "remark": "一个存在感过于薄弱以至于绝大部分S3巡礼blog都没记录的巡礼地标。这是一家露营用品店，从灯笼到帐篷一应俱全，也提供租赁帐篷与帐篷试搭、干燥等服务。电话0535228881，营业时间4AM~7PM，木曜日定休，有停车位。\n2026/7补充: 此地已于2025/12停止营业，并重新改为服装店，装饰已经完全不同了"
      },
      "type": "Feature"
    },
    {
      "geometry": {
        "coordinates": [
          137.594997,
          34.692643
        ],
        "type": "Point"
      },
      "properties": {
        "bangumi_id": 405785,
        "bangumi_title": "摇曳露营△ 三期",
        "ep_cut": 2,
        "image_url": "https://w.junreimap.com/images/points/405785/46wyn7m_1756135642651.jpg",
        "location": "弁天島（滨松市-静冈）",
        "point_id": "46wyn7m",
        "point_name": "キャンパル",
        "remark": "一个存在感过于薄弱以至于绝大部分S3巡礼blog都没记录的巡礼地标。这是一家露营用品店，从灯笼到帐篷一应俱全，也提供租赁帐篷与帐篷试搭、干燥等服务。电话0535228881，营业时间4AM~7PM，木曜日定休，有停车位。"
      },
      "type": "Feature"
    },
    {
      "geometry": {
        "coordinates": [
          137.595048,
          34.692636
        ],
        "type": "Point"
      },
      "properties": {
        "bangumi_id": 405785,
        "bangumi_title": "摇曳露营△ 三期",
        "ep_cut": 2,
        "image_url": "https://w.junreimap.com/images/points/405785/46wypnl_1756135645426.jpg",
        "location": "弁天島（滨松市-静冈）",
        "point_id": "46wypnl",
        "point_name": "キャンパル",
        "remark": "一个存在感过于薄弱以至于绝大部分S3巡礼blog都没记录的巡礼地标。这是一家露营用品店，从灯笼到帐篷一应俱全，也提供租赁帐篷与帐篷试搭、干燥等服务。电话0535228881，营业时间4AM~7PM，木曜日定休，有停车位。"
      },
      "type": "Feature"
    },
    {
      "geometry": {
        "coordinates": [
          137.594968,
          34.69257
        ],
        "type": "Point"
      },
      "properties": {
        "bangumi_id": 405785,
        "bangumi_title": "摇曳露营△ 三期",
        "ep_cut": 2,
        "image_url": "https://w.junreimap.com/images/points/405785/46wyxtu_1756135656450.jpg",
        "location": "弁天島（滨松市-静冈）",
        "point_id": "46wyxtu",
        "point_name": "キャンパル",
        "remark": "一个存在感过于薄弱以至于绝大部分S3巡礼blog都没记录的巡礼地标。这是一家露营用品店，从灯笼到帐篷一应俱全，也提供租赁帐篷与帐篷试搭、干燥等服务。电话0535228881，营业时间4AM~7PM，木曜日定休，有停车位。"
      },
      "type": "Feature"
    },
    {
      "geometry": {
        "coordinates": [
          137.595026,
          34.692561
        ],
        "type": "Point"
      },
      "properties": {
        "bangumi_id": 405785,
        "bangumi_title": "摇曳露营△ 三期",
        "ep_cut": 2,
        "image_url": "https://w.junreimap.com/images/points/405785/46wz128_1756135659726.jpg",
        "location": "弁天島（滨松市-静冈）",
        "point_id": "46wz128",
        "point_name": "キャンパル",
        "remark": "一个存在感过于薄弱以至于绝大部分S3巡礼blog都没记录的巡礼地标。这是一家露营用品店，从灯笼到帐篷一应俱全，也提供租赁帐篷与帐篷试搭、干燥等服务。电话0535228881，营业时间4AM~7PM，木曜日定休，有停车位。"
      },
      "type": "Feature"
    },
    {
      "geometry": {
        "coordinates": [
          137.594953,
          34.692542
        ],
        "type": "Point"
      },
      "properties": {
        "bangumi_id": 405785,
        "bangumi_title": "摇曳露营△ 三期",
        "ep_cut": 2,
        "image_url": "https://w.junreimap.com/images/points/405785/46wz2yw_1756135662544.jpg",
        "location": "弁天島（滨松市-静冈）",
        "point_id": "46wz2yw",
        "point_name": "キャンパル",
        "remark": "一个存在感过于薄弱以至于绝大部分S3巡礼blog都没记录的巡礼地标。这是一家露营用品店，从灯笼到帐篷一应俱全，也提供租赁帐篷与帐篷试搭、干燥等服务。电话0535228881，营业时间4AM~7PM，木曜日定休，有停车位。"
      },
      "type": "Feature"
    },
    {
      "geometry": {
        "coordinates": [
          137.598549,
          34.69723
        ],
        "type": "Point"
      },
      "properties": {
        "bangumi_id": 405785,
        "bangumi_title": "摇曳露营△ 三期",
        "ep_cut": 5,
        "image_url": "https://w.junreimap.com/images/points/405785/4wrke59_1757698708491.jpg",
        "location": "弁天島（滨松市-静冈）",
        "point_id": "4wrke59",
        "point_name": "弁天島公園",
        "remark": "沿着谷歌街景走遍了大半个弁天島终于找到了这个点= =此处是S03EP5抚子的回忆"
      },
      "type": "Feature"
    },
    {
      "geometry": {
        "coordinates": [
          137.598506,
          34.697144
        ],
        "type": "Point"
      },
      "properties": {
        "bangumi_id": 405785,
        "bangumi_title": "摇曳露营△ 三期",
        "ep_cut": 5,
        "image_url": "https://w.junreimap.com/images/points/405785/4wrki9v_1757698705813.jpg",
        "location": "弁天島（滨松市-静冈）",
        "point_id": "4wrki9v",
        "point_name": "弁天島公園",
        "remark": "沿着谷歌街景走遍了大半个弁天島终于找到了这个点= =此处是S03EP5抚子的回忆"
      },
      "type": "Feature"
    },
    {
      "geometry": {
        "coordinates": [
          137.596966,
          34.696906
        ],
        "type": "Point"
      },
      "properties": {
        "bangumi_id": 405785,
        "bangumi_title": "摇曳露营△ 三期",
        "ep_cut": 5,
        "image_url": "https://w.junreimap.com/images/points/405785/4wrj0f0_1757698640867.jpg",
        "location": "弁天島（滨松市-静冈）",
        "point_id": "4wrj0f0",
        "point_name": "弁天島公園",
        "remark": "沿着谷歌街景走遍了大半个弁天島终于找到了这个点= =此处是S03EP5抚子的回忆"
      },
      "type": "Feature"
    },
    {
      "geometry": {
        "coordinates": [
          137.603838,
          34.688328
        ],
        "type": "Point"
      },
      "properties": {
        "bangumi_id": 405785,
        "bangumi_title": "摇曳露营△ 三期",
        "ep_cut": 6,
        "image_url": "https://w.junreimap.com/images/points/405785/4vc9512_1757612514089.jpg",
        "location": "弁天島（滨松市-静冈）",
        "point_id": "4vc9512",
        "point_name": "弁天島海水浴場",
        "remark": "右侧的草地上有摇曳露营圣地巡礼地标指示牌"
      },
      "type": "Feature"
    },
    {
      "geometry": {
        "coordinates": [
          137.603894,
          34.688305
        ],
        "type": "Point"
      },
      "properties": {
        "bangumi_id": 405785,
        "bangumi_title": "摇曳露营△ 三期",
        "ep_cut": 6,
        "image_url": "https://w.junreimap.com/images/points/405785/4vc981x_1757612517861.jpg",
        "location": "弁天島（滨松市-静冈）",
        "point_id": "4vc981x",
        "point_name": "弁天島海水浴場",
        "remark": "右侧的草地上有摇曳露营圣地巡礼地标指示牌"
      },
      "type": "Feature"
    },
    {
      "geometry": {
        "coordinates": [
          137.603739,
          34.688356
        ],
        "type": "Point"
      },
      "properties": {
        "bangumi_id": 405785,
        "bangumi_title": "摇曳露营△ 三期",
        "ep_cut": "联动相关",
        "image_url": "",
        "location": "弁天島（滨松市-静冈）",
        "point_id": "4vc9w5s",
        "point_name": "圣地巡礼纪念指示牌",
        "remark": "大概在这个位置附近的草地上有圣地巡礼纪念指示牌"
      },
      "type": "Feature"
    },
    {
      "geometry": {
        "coordinates": [
          137.599855,
          34.679706
        ],
        "type": "Point"
      },
      "properties": {
        "bangumi_id": 405785,
        "bangumi_title": "摇曳露营△ 三期",
        "ep_cut": 2,
        "image_url": "https://w.junreimap.com/images/points/405785/46ya8c0_1756137872692.jpg",
        "location": "弁天島（滨松市-静冈）",
        "point_id": "46ya8c0",
        "point_name": "表浜公園",
        "remark": ""
      },
      "type": "Feature"
    },
    {
      "geometry": {
        "coordinates": [
          137.562741,
          34.680071
        ],
        "type": "Point"
      },
      "properties": {
        "bangumi_id": 405785,
        "bangumi_title": "摇曳露营△ 三期",
        "ep_cut": 2,
        "image_url": "https://w.junreimap.com/images/points/405785/46yb66g_1756138027425.jpg",
        "location": "细谷海岸（丰桥市-静冈）",
        "point_id": "46yb66g",
        "point_name": "细谷海岸",
        "remark": "核实后，确认这里出现的不是东边舞坂海岸，而是西边的细谷海岸。"
      },
      "type": "Feature"
    },
    {
      "geometry": {
        "coordinates": [
          137.5639,
          34.680104
        ],
        "type": "Point"
      },
      "properties": {
        "bangumi_id": 405785,
        "bangumi_title": "摇曳露营△ 三期",
        "ep_cut": 2,
        "image_url": "https://w.junreimap.com/images/points/405785/46ydxqy_1756138037478.jpg",
        "location": "细谷海岸（丰桥市-静冈）",
        "point_id": "46ydxqy",
        "point_name": "细谷海岸",
        "remark": "核实后，确认这里出现的不是东边舞坂海岸，而是西边的细谷海岸。"
      },
      "type": "Feature"
    },
    {
      "geometry": {
        "coordinates": [
          137.562178,
          34.680017
        ],
        "type": "Point"
      },
      "properties": {
        "bangumi_id": 405785,
        "bangumi_title": "摇曳露营△ 三期",
        "ep_cut": 2,
        "image_url": "https://w.junreimap.com/images/points/405785/46ye1u5_1756138041933.jpg",
        "location": "细谷海岸（丰桥市-静冈）",
        "point_id": "46ye1u5",
        "point_name": "细谷海岸",
        "remark": "核实后，确认这里出现的不是东边舞坂海岸，而是西边的细谷海岸。"
      },
      "type": "Feature"
    },
    {
      "geometry": {
        "coordinates": [
          137.567823,
          34.6801
        ],
        "type": "Point"
      },
      "properties": {
        "bangumi_id": 405785,
        "bangumi_title": "摇曳露营△ 三期",
        "ep_cut": 2,
        "image_url": "https://w.junreimap.com/images/points/405785/46ye4vl_1756138044059.jpg",
        "location": "细谷海岸（丰桥市-静冈）",
        "point_id": "46ye4vl",
        "point_name": "细谷海岸",
        "remark": "核实后，确认这里出现的不是东边舞坂海岸，而是西边的细谷海岸。"
      },
      "type": "Feature"
    },
    {
      "geometry": {
        "coordinates": [
          137.566644,
          34.680087
        ],
        "type": "Point"
      },
      "properties": {
        "bangumi_id": 405785,
        "bangumi_title": "摇曳露营△ 三期",
        "ep_cut": 2,
        "image_url": "https://w.junreimap.com/images/points/405785/46ye7oz_1756138048209.jpg",
        "location": "细谷海岸（丰桥市-静冈）",
        "point_id": "46ye7oz",
        "point_name": "细谷海岸",
        "remark": "核实后，确认这里出现的不是东边舞坂海岸，而是西边的细谷海岸。"
      },
      "type": "Feature"
    },
    {
      "geometry": {
        "coordinates": [
          137.567162,
          34.680077
        ],
        "type": "Point"
      },
      "properties": {
        "bangumi_id": 405785,
        "bangumi_title": "摇曳露营△ 三期",
        "ep_cut": 2,
        "image_url": "https://w.junreimap.com/images/points/405785/46yebvb_1756138053172.jpg",
        "location": "细谷海岸（丰桥市-静冈）",
        "point_id": "46yebvb",
        "point_name": "细谷海岸",
        "remark": "核实后，确认这里出现的不是东边舞坂海岸，而是西边的细谷海岸。"
      },
      "type": "Feature"
    },
    {
      "geometry": {
        "coordinates": [
          137.56554,
          34.680123
        ],
        "type": "Point"
      },
      "properties": {
        "bangumi_id": 405785,
        "bangumi_title": "摇曳露营△ 三期",
        "ep_cut": 2,
        "image_url": "https://w.junreimap.com/images/points/405785/46yee81_1756138056657.jpg",
        "location": "细谷海岸（丰桥市-静冈）",
        "point_id": "46yee81",
        "point_name": "细谷海岸",
        "remark": "核实后，确认这里出现的不是东边舞坂海岸，而是西边的细谷海岸。"
      },
      "type": "Feature"
    },
    {
      "geometry": {
        "coordinates": [
          137.563315,
          34.680081
        ],
        "type": "Point"
      },
      "properties": {
        "bangumi_id": 405785,
        "bangumi_title": "摇曳露营△ 三期",
        "ep_cut": 2,
        "image_url": "https://w.junreimap.com/images/points/405785/46yekor_1756138064735.jpg",
        "location": "细谷海岸（丰桥市-静冈）",
        "point_id": "46yekor",
        "point_name": "细谷海岸",
        "remark": "核实后，确认这里出现的不是东边舞坂海岸，而是西边的细谷海岸。"
      },
      "type": "Feature"
    },
    {
      "geometry": {
        "coordinates": [
          137.597801,
          34.82022
        ],
        "type": "Point"
      },
      "properties": {
        "bangumi_id": 405785,
        "bangumi_title": "摇曳露营△ 三期",
        "ep_cut": 2,
        "image_url": "https://w.junreimap.com/images/points/405785/46xcmy7_1756136296271.jpg",
        "location": "滨松市北区-静冈",
        "point_id": "46xcmy7",
        "point_name": "浜名湖パラグライダースクール",
        "remark": "这是绫乃在进行小型环行途中造访的景点——滨名湖滑翔伞场。位于高度500m的高地，可以俯瞰滨名湖。体验飞行15000日元起。电话053-526-0015，营业时间10AM~5.30PM，木曜日定休，有停车位50台。从天龙滨名湖铁道都筑站开车约5分钟到达。"
      },
      "type": "Feature"
    },
    {
      "geometry": {
        "coordinates": [
          137.597801,
          34.81986
        ],
        "type": "Point"
      },
      "properties": {
        "bangumi_id": 405785,
        "bangumi_title": "摇曳露营△ 三期",
        "ep_cut": 2,
        "image_url": "https://w.junreimap.com/images/points/405785/46xcqa4_1756136300223.jpg",
        "location": "滨松市北区-静冈",
        "point_id": "46xcqa4",
        "point_name": "浜名湖パラグライダースクール",
        "remark": "这是绫乃在进行小型环行途中造访的景点——滨名湖滑翔伞场。位于高度500m的高地，可以俯瞰滨名湖。体验飞行15000日元起。电话053-526-0015，营业时间10AM~5.30PM，木曜日定休，有停车位50台。从天龙滨名湖铁道都筑站开车约5分钟到达。"
      },
      "type": "Feature"
    },
    {
      "geometry": {
        "coordinates": [
          137.598051,
          34.82015
        ],
        "type": "Point"
      },
      "properties": {
        "bangumi_id": 405785,
        "bangumi_title": "摇曳露营△ 三期",
        "ep_cut": 2,
        "image_url": "https://w.junreimap.com/images/points/405785/46xcv1r_1756136305847.jpg",
        "location": "滨松市北区-静冈",
        "point_id": "46xcv1r",
        "point_name": "浜名湖パラグライダースクール",
        "remark": "这是绫乃在进行小型环行途中造访的景点——滨名湖滑翔伞场。位于高度500m的高地，可以俯瞰滨名湖。体验飞行15000日元起。电话053-526-0015，营业时间10AM~5.30PM，木曜日定休，有停车位50台。从天龙滨名湖铁道都筑站开车约5分钟到达。"
      },
      "type": "Feature"
    },
    {
      "geometry": {
        "coordinates": [
          137.597861,
          34.820021
        ],
        "type": "Point"
      },
      "properties": {
        "bangumi_id": 405785,
        "bangumi_title": "摇曳露营△ 三期",
        "ep_cut": 2,
        "image_url": "https://w.junreimap.com/images/user/1073/bangumi/405785/points/ky3r2qtzd-1717238065797.jpg",
        "location": "滨松市北区-静冈",
        "point_id": "ky3r2qtzd",
        "point_name": "浜名湖フライトパーク第2テイクオフ",
        "remark": "無断立入禁止，需网站预约进入，请勿擅闯\nhttps://yurucamp.jp/news/information/8674"
      },
      "type": "Feature"
    },
    {
      "geometry": {
        "coordinates": [
          137.581345,
          34.823614
        ],
        "type": "Point"
      },
      "properties": {
        "bangumi_id": 405785,
        "bangumi_title": "摇曳露营△ 三期",
        "ep_cut": 2,
        "image_url": "https://w.junreimap.com/images/user/1073/bangumi/405785/points/ky3ax42vf-1717237026101.jpg",
        "location": "滨松市北区-静冈",
        "point_id": "ky3ax42vf",
        "point_name": "県道308岔路口",
        "remark": ""
      },
      "type": "Feature"
    },
    {
      "geometry": {
        "coordinates": [
          137.58407,
          34.79776
        ],
        "type": "Point"
      },
      "properties": {
        "bangumi_id": 405785,
        "bangumi_title": "摇曳露营△ 三期",
        "ep_cut": 2,
        "image_url": "https://w.junreimap.com/images/points/405785/46x7uvl_1756136071589.jpg",
        "location": "滨松市北区-静冈",
        "point_id": "46x7uvl",
        "point_name": "JAみっかび 特産センター",
        "remark": "绫乃骑车经过的地方，有一个Mika酱的人偶模型，这里是JA三ヶ日直营店，店内出售JA三ヶ日蜜柑和加工制品。营业时间9.30AM~4.30PM，周三定休日（11~12月除外），有40台停车位。电话+81535260155。"
      },
      "type": "Feature"
    },
    {
      "geometry": {
        "coordinates": [
          137.584092,
          34.797809
        ],
        "type": "Point"
      },
      "properties": {
        "bangumi_id": 405785,
        "bangumi_title": "摇曳露营△ 三期",
        "ep_cut": 2,
        "image_url": "https://w.junreimap.com/images/points/405785/46x7c0g_1756136063524.jpg",
        "location": "滨松市北区-静冈",
        "point_id": "46x7c0g",
        "point_name": "JAみっかび 特産センター",
        "remark": "绫乃骑车经过的地方，有一个Mika酱的人偶模型，这里是JA三ヶ日直营店，店内出售JA三ヶ日蜜柑和加工制品。营业时间9.30AM~4.30PM，周三定休日（11~12月除外），有40台停车位。电话+81535260155。"
      },
      "type": "Feature"
    },
    {
      "geometry": {
        "coordinates": [
          138.563471,
          35.399622
        ],
        "type": "Point"
      },
      "properties": {
        "bangumi_id": 405785,
        "bangumi_title": "摇曳露营△ 三期",
        "ep_cut": "SP2",
        "image_url": "https://w.junreimap.com/images/points/405785/487rdj2_1756214244771.jpg",
        "location": "ふもとっぱらキャンプ場（富士宫市-静冈）",
        "point_id": "487rdj2",
        "point_name": "ふもとっぱらキャンプ場",
        "remark": "《赞美太阳》"
      },
      "type": "Feature"
    },
    {
      "geometry": {
        "coordinates": [
          138.56344,
          35.399485
        ],
        "type": "Point"
      },
      "properties": {
        "bangumi_id": 405785,
        "bangumi_title": "摇曳露营△ 三期",
        "ep_cut": "SP2",
        "image_url": "https://w.junreimap.com/images/points/405785/487rj7f_1756214252508.jpg",
        "location": "ふもとっぱらキャンプ場（富士宫市-静冈）",
        "point_id": "487rj7f",
        "point_name": "ふもとっぱらキャンプ場",
        "remark": "《荣归故里芝麻凛》"
      },
      "type": "Feature"
    },
    {
      "geometry": {
        "coordinates": [
          138.560935,
          35.401122
        ],
        "type": "Point"
      },
      "properties": {
        "bangumi_id": 405785,
        "bangumi_title": "摇曳露营△ 三期",
        "ep_cut": "SP2",
        "image_url": "https://w.junreimap.com/images/points/405785/487rpp6_1756214260391.jpg",
        "location": "ふもとっぱらキャンプ場（富士宫市-静冈）",
        "point_id": "487rpp6",
        "point_name": "ふもとっぱらキャンプ場",
        "remark": "《荣归故里芝麻凛》"
      },
      "type": "Feature"
    },
    {
      "geometry": {
        "coordinates": [
          138.562491,
          35.398744
        ],
        "type": "Point"
      },
      "properties": {
        "bangumi_id": 405785,
        "bangumi_title": "摇曳露营△ 三期",
        "ep_cut": "SP2",
        "image_url": "https://w.junreimap.com/images/points/405785/487s0gr_1756214274634.jpg",
        "location": "ふもとっぱらキャンプ場（富士宫市-静冈）",
        "point_id": "487s0gr",
        "point_name": "ふもとっぱらキャンプ場",
        "remark": "《荣归故里芝麻凛》"
      },
      "type": "Feature"
    },
    {
      "geometry": {
        "coordinates": [
          138.560857,
          35.401016
        ],
        "type": "Point"
      },
      "properties": {
        "bangumi_id": 405785,
        "bangumi_title": "摇曳露营△ 三期",
        "ep_cut": "SP2",
        "image_url": "https://w.junreimap.com/images/points/405785/487s4li_1756214280202.jpg",
        "location": "ふもとっぱらキャンプ場（富士宫市-静冈）",
        "point_id": "487s4li",
        "point_name": "ふもとっぱらキャンプ場",
        "remark": "《荣归故里芝麻凛》"
      },
      "type": "Feature"
    },
    {
      "geometry": {
        "coordinates": [
          138.561672,
          35.400488
        ],
        "type": "Point"
      },
      "properties": {
        "bangumi_id": 405785,
        "bangumi_title": "摇曳露营△ 三期",
        "ep_cut": "SP2",
        "image_url": "https://w.junreimap.com/images/points/405785/487s8jo_1756214284974.jpg",
        "location": "ふもとっぱらキャンプ場（富士宫市-静冈）",
        "point_id": "487s8jo",
        "point_name": "ふもとっぱらキャンプ場",
        "remark": "《荣归故里芝麻凛》"
      },
      "type": "Feature"
    },
    {
      "geometry": {
        "coordinates": [
          138.561144,
          35.401365
        ],
        "type": "Point"
      },
      "properties": {
        "bangumi_id": 405785,
        "bangumi_title": "摇曳露营△ 三期",
        "ep_cut": "SP2",
        "image_url": "https://w.junreimap.com/images/points/405785/487pnk8_1756214206313.jpg",
        "location": "ふもとっぱらキャンプ場（富士宫市-静冈）",
        "point_id": "487pnk8",
        "point_name": "ふもとっぱらキャンプ場",
        "remark": "《荣归故里芝麻凛》"
      },
      "type": "Feature"
    },
    {
      "geometry": {
        "coordinates": [
          138.561626,
          35.400629
        ],
        "type": "Point"
      },
      "properties": {
        "bangumi_id": 405785,
        "bangumi_title": "摇曳露营△ 三期",
        "ep_cut": "SP2",
        "image_url": "https://w.junreimap.com/images/points/405785/487qq3r_1756214214248.jpg",
        "location": "ふもとっぱらキャンプ場（富士宫市-静冈）",
        "point_id": "487qq3r",
        "point_name": "ふもとっぱらキャンプ場",
        "remark": "《荣归故里芝麻凛》"
      },
      "type": "Feature"
    },
    {
      "geometry": {
        "coordinates": [
          138.561628,
          35.400567
        ],
        "type": "Point"
      },
      "properties": {
        "bangumi_id": 405785,
        "bangumi_title": "摇曳露营△ 三期",
        "ep_cut": "SP2",
        "image_url": "https://w.junreimap.com/images/points/405785/487qtao_1756214223398.jpg",
        "location": "ふもとっぱらキャンプ場（富士宫市-静冈）",
        "point_id": "487qtao",
        "point_name": "ふもとっぱらキャンプ場",
        "remark": "《荣归故里芝麻凛》"
      },
      "type": "Feature"
    },
    {
      "geometry": {
        "coordinates": [
          138.560715,
          35.40027
        ],
        "type": "Point"
      },
      "properties": {
        "bangumi_id": 405785,
        "bangumi_title": "摇曳露营△ 三期",
        "ep_cut": "SP2",
        "image_url": "https://w.junreimap.com/images/points/405785/487r35p_1756214231665.jpg",
        "location": "ふもとっぱらキャンプ場（富士宫市-静冈）",
        "point_id": "487r35p",
        "point_name": "ふもとっぱらキャンプ場",
        "remark": "《荣归故里芝麻凛》"
      },
      "type": "Feature"
    },
    {
      "geometry": {
        "coordinates": [
          138.560737,
          35.40034
        ],
        "type": "Point"
      },
      "properties": {
        "bangumi_id": 405785,
        "bangumi_title": "摇曳露营△ 三期",
        "ep_cut": "SP2",
        "image_url": "https://w.junreimap.com/images/points/405785/487r835_1756214237402.jpg",
        "location": "ふもとっぱらキャンプ場（富士宫市-静冈）",
        "point_id": "487r835",
        "point_name": "ふもとっぱらキャンプ場",
        "remark": "《荣归故里芝麻凛》"
      },
      "type": "Feature"
    },
    {
      "geometry": {
        "coordinates": [
          138.733712,
          36.336417
        ],
        "type": "Point"
      },
      "properties": {
        "bangumi_id": 405785,
        "bangumi_title": "摇曳露营△ 三期",
        "ep_cut": 10,
        "image_url": "https://w.junreimap.com/images/user/1069/bangumi/405785/points/l4iptqotu-1717740834434.jpg",
        "location": "横川（安中市-群马）",
        "point_id": "l4iptqotu",
        "point_name": "碓氷峠​鉄道​文化​むら",
        "remark": ""
      },
      "type": "Feature"
    },
    {
      "geometry": {
        "coordinates": [
          138.962173,
          35.039522
        ],
        "type": "Point"
      },
      "properties": {
        "bangumi_id": 405785,
        "bangumi_title": "摇曳露营△ 三期",
        "ep_cut": 5,
        "image_url": "https://w.junreimap.com/images/points/405785/4wrz2sl_1757699404058.jpg",
        "location": "伊豆",
        "point_id": "4wrz2sl",
        "point_name": "韭山反射炉",
        "remark": "我记得以前S03有这个地标啊，怎么消失了？"
      },
      "type": "Feature"
    },
    {
      "geometry": {
        "coordinates": [
          139.097076,
          34.907606
        ],
        "type": "Point"
      },
      "properties": {
        "bangumi_id": 405785,
        "bangumi_title": "摇曳露营△ 三期",
        "ep_cut": 4,
        "image_url": "https://w.junreimap.com/images/user/2168/bangumi/405785/points/4wolins-1757693739482.jpg",
        "location": "伊豆",
        "point_id": "4wolins",
        "point_name": "大室山登山リフト",
        "remark": "注：这个地标没标错作品，这里是S03EP4中，抚子回忆S02EP13的伊豆之旅的片段。"
      },
      "type": "Feature"
    },
    {
      "geometry": {
        "coordinates": [
          139.094157,
          34.903245
        ],
        "type": "Point"
      },
      "properties": {
        "bangumi_id": 405785,
        "bangumi_title": "摇曳露营△ 三期",
        "ep_cut": 4,
        "image_url": "https://w.junreimap.com/images/user/2168/bangumi/405785/points/4woo2f2-1757693851171.jpg",
        "location": "伊豆",
        "point_id": "4woo2f2",
        "point_name": "大室山",
        "remark": "注：这个地标没标错作品，这里是S03EP4中，抚子回忆S02EP13的伊豆之旅的片段。"
      },
      "type": "Feature"
    },
    {
      "geometry": {
        "coordinates": [
          139.094414,
          34.90311
        ],
        "type": "Point"
      },
      "properties": {
        "bangumi_id": 405785,
        "bangumi_title": "摇曳露营△ 三期",
        "ep_cut": 4,
        "image_url": "https://w.junreimap.com/images/points/405785/4wq0yan_1757696112881.jpg",
        "location": "伊豆",
        "point_id": "4wq0yan",
        "point_name": "大室山",
        "remark": "注：这个地标没标错作品，这里是S03EP4中，抚子回忆S02EP13的伊豆之旅的片段。"
      },
      "type": "Feature"
    },
    {
      "geometry": {
        "coordinates": [
          138.440719,
          35.417156
        ],
        "type": "Point"
      },
      "properties": {
        "bangumi_id": 405785,
        "bangumi_title": "摇曳露营△ 三期",
        "ep_cut": "角色主视觉图",
        "image_url": "https://w.junreimap.com/images/user/0/bangumi/405785/points/f1nr26z-1779762480804.jpg",
        "location": "富士川CraftPark（波高岛-身延町-山梨）",
        "point_id": "f1nr26z",
        "point_name": "富士川クラフトパーク",
        "remark": ""
      },
      "type": "Feature"
    },
    {
      "geometry": {
        "coordinates": [
          138.449668,
          35.332297
        ],
        "type": "Point"
      },
      "properties": {
        "bangumi_id": 405785,
        "bangumi_title": "摇曳露营△ 三期",
        "ep_cut": "角色主视觉图",
        "image_url": "https://w.junreimap.com/images/user/0/bangumi/405785/points/f1nwx2p-1779762813790.jpg",
        "location": "甲斐大島（身延町-山梨）",
        "point_id": "f1nwx2p",
        "point_name": "山梨県南巨摩郡身延町",
        "remark": ""
      },
      "type": "Feature"
    },
    {
      "geometry": {
        "coordinates": [
          138.452344,
          35.361927
        ],
        "type": "Point"
      },
      "properties": {
        "bangumi_id": 405785,
        "bangumi_title": "摇曳露营△ 三期",
        "ep_cut": "角色主视觉图",
        "image_url": "https://w.junreimap.com/images/user/0/bangumi/207195/points/f1n32vg-1779761357517.jpg",
        "location": "身延町-山梨",
        "point_id": "f1n32vg",
        "point_name": "みのぶまんじゅうベンチ",
        "remark": ""
      },
      "type": "Feature"
    },
    {
      "geometry": {
        "coordinates": [
          138.249619,
          35.239669
        ],
        "type": "Point"
      },
      "properties": {
        "bangumi_id": 405785,
        "bangumi_title": "摇曳露营△ 三期",
        "ep_cut": "角色主视觉图",
        "image_url": "https://w.junreimap.com/images/user/0/bangumi/207195/points/f1n1g6f-1779761263895.jpg",
        "location": "井川大桥周边（大井川）",
        "point_id": "f1n1g6f",
        "point_name": "井川大橋",
        "remark": ""
      },
      "type": "Feature"
    },
    {
      "geometry": {
        "coordinates": [
          138.137369,
          35.107872
        ],
        "type": "Point"
      },
      "properties": {
        "bangumi_id": 405785,
        "bangumi_title": "摇曳露营△ 三期",
        "ep_cut": "角色主视觉图",
        "image_url": "https://w.junreimap.com/images/user/0/bangumi/207195/points/f1mrkfw-1779761154689.jpg",
        "location": "大井川铁道井川线",
        "point_id": "f1mrkfw",
        "point_name": "千頭駅ホーム",
        "remark": ""
      },
      "type": "Feature"
    },
    {
      "geometry": {
        "coordinates": [
          138.229129,
          35.039616
        ],
        "type": "Point"
      },
      "properties": {
        "bangumi_id": 405785,
        "bangumi_title": "摇曳露营△ 三期",
        "ep_cut": 3,
        "image_url": "https://w.junreimap.com/images/user/0/bangumi/207195/points/f1ikeo9-1779754196818.jpg",
        "location": "静冈市~川根本町",
        "point_id": "f1ikeo9",
        "point_name": "静岡市葵区久能尾　国道362号",
        "remark": ""
      },
      "type": "Feature"
    },
    {
      "geometry": {
        "coordinates": [
          138.229192,
          35.039682
        ],
        "type": "Point"
      },
      "properties": {
        "bangumi_id": 405785,
        "bangumi_title": "摇曳露营△ 三期",
        "ep_cut": 3,
        "image_url": "https://w.junreimap.com/images/user/0/bangumi/207195/points/f1ivemo-1779754282916.jpg",
        "location": "静冈市~川根本町",
        "point_id": "f1ivemo",
        "point_name": "静岡市葵区久能尾　国道362号",
        "remark": ""
      },
      "type": "Feature"
    },
    {
      "geometry": {
        "coordinates": [
          138.211418,
          35.067736
        ],
        "type": "Point"
      },
      "properties": {
        "bangumi_id": 405785,
        "bangumi_title": "摇曳露营△ 三期",
        "ep_cut": 3,
        "image_url": "https://w.junreimap.com/images/user/0/bangumi/207195/points/f1j6sdz-1779754793661.jpg",
        "location": "静冈市~川根本町",
        "point_id": "f1j6sdz",
        "point_name": "静岡市葵区黒俣",
        "remark": ""
      },
      "type": "Feature"
    },
    {
      "geometry": {
        "coordinates": [
          138.21121,
          35.063747
        ],
        "type": "Point"
      },
      "properties": {
        "bangumi_id": 405785,
        "bangumi_title": "摇曳露营△ 三期",
        "ep_cut": 3,
        "image_url": "https://w.junreimap.com/images/user/0/bangumi/207195/points/f1jn0qw-1779755578062.jpg",
        "location": "静冈市~川根本町",
        "point_id": "f1jn0qw",
        "point_name": "静岡市葵区黒俣",
        "remark": ""
      },
      "type": "Feature"
    },
    {
      "geometry": {
        "coordinates": [
          138.528622,
          35.054262
        ],
        "type": "Point"
      },
      "properties": {
        "bangumi_id": 405785,
        "bangumi_title": "摇曳露营△ 三期",
        "ep_cut": 3,
        "image_url": "https://w.junreimap.com/images/user/0/bangumi/207195/points/f1iyvu8-1779754433711.jpg",
        "location": "静冈市~川根本町",
        "point_id": "f1iyvu8",
        "point_name": "静岡市清水区興津中町　興津中町交差点",
        "remark": ""
      },
      "type": "Feature"
    },
    {
      "geometry": {
        "coordinates": [
          138.207998,
          35.060314
        ],
        "type": "Point"
      },
      "properties": {
        "bangumi_id": 405785,
        "bangumi_title": "摇曳露营△ 三期",
        "ep_cut": 3,
        "image_url": "https://w.junreimap.com/images/user/0/bangumi/207195/points/f1j2tr2-1779754616010.jpg",
        "location": "静冈市~川根本町",
        "point_id": "f1j2tr2",
        "point_name": "静岡市葵区黒俣",
        "remark": ""
      },
      "type": "Feature"
    }
  ],
  "type": "FeatureCollection"
}