{
  "features": [
    {
      "geometry": {
        "coordinates": [
          139.712957,
          35.73034
        ],
        "type": "Point"
      },
      "properties": {
        "bangumi_id": 428735,
        "bangumi_title": "迷途之子！！！！！",
        "ep_cut": 1,
        "image_url": "https://w.junreimap.com/images/points/428735/rdwqeevw4_1735403291084.jpg",
        "location": "池袋东口",
        "point_id": "rdwqeevw4",
        "point_name": "池袋駅東口交差点",
        "remark": "该红绿灯位于池袋站33号出入口旁，后方露出一部分的招牌为サンドラッグ池袋東口駅前店。"
      },
      "type": "Feature"
    },
    {
      "geometry": {
        "coordinates": [
          139.712725,
          35.730467
        ],
        "type": "Point"
      },
      "properties": {
        "bangumi_id": 428735,
        "bangumi_title": "迷途之子！！！！！",
        "ep_cut": 1,
        "image_url": "https://w.junreimap.com/images/points/428735/rdwnsmwzk_1735403114067.jpg",
        "location": "池袋东口",
        "point_id": "rdwnsmwzk",
        "point_name": "池袋駅東口交差点",
        "remark": "画面中为马路西侧，右侧可见池袋站26号出入口。请在马路东侧拍摄。\n路中交通岛可拍斑马线跟车站牌子，对面就是33号口红绿灯。"
      },
      "type": "Feature"
    },
    {
      "geometry": {
        "coordinates": [
          139.713067,
          35.730311
        ],
        "type": "Point"
      },
      "properties": {
        "bangumi_id": 428735,
        "bangumi_title": "迷途之子！！！！！",
        "ep_cut": 1,
        "image_url": "https://w.junreimap.com/images/points/428735/tqa3j_1747060295931.jpg",
        "location": "池袋东口",
        "point_id": "tqa3j",
        "point_name": "池袋駅東口交差点",
        "remark": "祥子雨中穿过池袋站前人流的画面。画面右侧为池袋站34号出入口，左上为楽園池袋店的广告牌。拍摄点位比较刁钻，需要紧贴三桐ビル西南角才能看到，可根据画面中消火栓、東京メトロ站牌以及后方的西武池袋大楼确认具体方位。"
      },
      "type": "Feature"
    },
    {
      "geometry": {
        "coordinates": [
          139.717039,
          35.733657
        ],
        "type": "Point"
      },
      "properties": {
        "bangumi_id": 428735,
        "bangumi_title": "迷途之子！！！！！",
        "ep_cut": 1,
        "image_url": "https://w.junreimap.com/images/points/428735/rdw5s76mw_1735403639907.jpg",
        "location": "サウンドスタジオノア池袋店",
        "point_id": "rdw5s76mw",
        "point_name": "サウンドスタジオノア池袋店",
        "remark": "CryChic解散剧情发生地。现实中大楼造型略有不同。"
      },
      "type": "Feature"
    },
    {
      "geometry": {
        "coordinates": [
          139.716928,
          35.733843
        ],
        "type": "Point"
      },
      "properties": {
        "bangumi_id": 428735,
        "bangumi_title": "迷途之子！！！！！",
        "ep_cut": 1,
        "image_url": "https://w.junreimap.com/images/points/428735/rdx1nx1ss_1735404150258.jpg",
        "location": "サウンドスタジオノア池袋店",
        "point_id": "rdx1nx1ss",
        "point_name": "サウンドスタジオノア池袋店前",
        "remark": "サウンドスタジオノア池袋店前方的盲道。"
      },
      "type": "Feature"
    },
    {
      "geometry": {
        "coordinates": [
          139.716925,
          35.733842
        ],
        "type": "Point"
      },
      "properties": {
        "bangumi_id": 428735,
        "bangumi_title": "迷途之子！！！！！",
        "ep_cut": 1,
        "image_url": "https://w.junreimap.com/images/points/428735/rdx2pw1ni_1735403953063.jpg",
        "location": "サウンドスタジオノア池袋店",
        "point_id": "rdx2pw1ni",
        "point_name": "サウンドスタジオノア池袋店前",
        "remark": "サウンドスタジオノア池袋店前方的盲道旁边的井盖，拥有数秒特写。"
      },
      "type": "Feature"
    },
    {
      "geometry": {
        "coordinates": [
          -0.488893,
          51.47085
        ],
        "type": "Point"
      },
      "properties": {
        "bangumi_id": 428735,
        "bangumi_title": "迷途之子！！！！！",
        "ep_cut": 1,
        "image_url": "https://w.junreimap.com/images/points/428735/rdxn45u3w_1735405172960.jpg",
        "location": "英国",
        "point_id": "rdxn45u3w",
        "point_name": "Heathrow Airport",
        "remark": "具体位置有待补充，应该在门的附近。\n二编：250215已更新位置，位于costa左侧10m左右，坐标：(51.4711631, -0.4891836)（不知道为什么无法编辑位置点"
      },
      "type": "Feature"
    },
    {
      "geometry": {
        "coordinates": [
          -0.487892,
          51.46934
        ],
        "type": "Point"
      },
      "properties": {
        "bangumi_id": 428735,
        "bangumi_title": "迷途之子！！！！！",
        "ep_cut": 1,
        "image_url": "https://w.junreimap.com/images/points/428735/ipq4b0s7c_1735404239637.jpg",
        "location": "英国",
        "point_id": "ipq4b0s7c",
        "point_name": "Heathrow Airport Terminal 5",
        "remark": "Anon酱从英国准备润回霓虹的地方"
      },
      "type": "Feature"
    },
    {
      "geometry": {
        "coordinates": [
          -0.489412,
          51.471824
        ],
        "type": "Point"
      },
      "properties": {
        "bangumi_id": 428735,
        "bangumi_title": "迷途之子！！！！！",
        "ep_cut": 1,
        "image_url": "https://w.junreimap.com/images/points/428735/rdx9ykshp_1735404408216.jpg",
        "location": "英国",
        "point_id": "rdx9ykshp",
        "point_name": "Heathrow Airport Terminal 5 Zone D",
        "remark": "距离最近的街景参见：https://maps.app.goo.gl/VPSZYgDMJg5FFD2h7"
      },
      "type": "Feature"
    },
    {
      "geometry": {
        "coordinates": [
          -0.486732,
          51.472581
        ],
        "type": "Point"
      },
      "properties": {
        "bangumi_id": 428735,
        "bangumi_title": "迷途之子！！！！！",
        "ep_cut": 1,
        "image_url": "https://w.junreimap.com/images/points/428735/rdxek99uf_1735404657243.jpg",
        "location": "英国",
        "point_id": "rdxek99uf",
        "point_name": "Heathrow Airport Terminal 5",
        "remark": "该场景窗外可见机场跑道和另一个航站楼，可知此处并非前面出现的T5航站楼西侧的D区。大概可在T5航站楼东侧拍摄。"
      },
      "type": "Feature"
    },
    {
      "geometry": {
        "coordinates": [
          -0.48684,
          51.472581
        ],
        "type": "Point"
      },
      "properties": {
        "bangumi_id": 428735,
        "bangumi_title": "迷途之子！！！！！",
        "ep_cut": 1,
        "image_url": "https://w.junreimap.com/images/points/428735/rdxekq0mt_1735404678763.jpg",
        "location": "英国",
        "point_id": "rdxekq0mt",
        "point_name": "Heathrow Airport Terminal 5",
        "remark": "该场景窗外可见机场跑道和另一个航站楼，可知此处并非前面出现的T5航站楼西侧的D区。大概可在T5航站楼东侧拍摄。"
      },
      "type": "Feature"
    },
    {
      "geometry": {
        "coordinates": [
          139.720534,
          35.717477
        ],
        "type": "Point"
      },
      "properties": {
        "bangumi_id": 428735,
        "bangumi_title": "迷途之子！！！！！",
        "ep_cut": 1,
        "image_url": "https://w.junreimap.com/images/points/428735/idmkglyvy_1735404704285.jpg",
        "location": "羽丘周边",
        "point_id": "idmkglyvy",
        "point_name": "日本女子大学",
        "remark": "据说为羽丘女子学园原型。使用该点导航会被引导至学校后面的学生宿舍，如果想去正门建议用下面公交站那个点。"
      },
      "type": "Feature"
    },
    {
      "geometry": {
        "coordinates": [
          139.709654,
          35.720309
        ],
        "type": "Point"
      },
      "properties": {
        "bangumi_id": 428735,
        "bangumi_title": "迷途之子！！！！！",
        "ep_cut": 1,
        "image_url": "https://w.junreimap.com/images/points/428735/idmkglyv3_1735405268994.jpg",
        "location": "月之森周边",
        "point_id": "idmkglyv3",
        "point_name": "私立學習院大學 正門",
        "remark": "被认为是月之森女子学园原型的地方，离素世坐车的目白站也很近。"
      },
      "type": "Feature"
    },
    {
      "geometry": {
        "coordinates": [
          139.714108,
          35.729735
        ],
        "type": "Point"
      },
      "properties": {
        "bangumi_id": 428735,
        "bangumi_title": "迷途之子！！！！！",
        "ep_cut": 1,
        "image_url": "https://w.junreimap.com/images/points/428735/jq6yl4gxx_1735405300124.jpg",
        "location": "池袋东口",
        "point_id": "jq6yl4gxx",
        "point_name": "カラオケ​館​池袋​東口​本店",
        "remark": "剧中的卡拉OK，就在sunshine60大街的一个路口，实景一致。"
      },
      "type": "Feature"
    },
    {
      "geometry": {
        "coordinates": [
          139.714767,
          35.729775
        ],
        "type": "Point"
      },
      "properties": {
        "bangumi_id": 428735,
        "bangumi_title": "迷途之子！！！！！",
        "ep_cut": 1,
        "image_url": "https://w.junreimap.com/images/points/428735/rdxwnfne1_1735405808441.jpg",
        "location": "RiNG周边",
        "point_id": "rdxwnfne1",
        "point_name": "Mixalive TOKYO",
        "remark": "LIVE HOUSE RiNG的原型，只有大致形状一致。附近场景与实景有较大差距。商场四楼有将于2025年1月13日停业的Bushiroad Store池袋店。"
      },
      "type": "Feature"
    },
    {
      "geometry": {
        "coordinates": [
          139.715394,
          35.72996
        ],
        "type": "Point"
      },
      "properties": {
        "bangumi_id": 428735,
        "bangumi_title": "迷途之子！！！！！",
        "ep_cut": 1,
        "image_url": "https://w.junreimap.com/images/points/428735/rdxwnfne1_1735405808441.jpg",
        "location": "RiNG周边",
        "point_id": "re418ivae",
        "point_name": "ユニクロ 池袋サンシャイン６０通り店",
        "remark": "被认为是RiNG的可能原型，外观有一定接近。不过官方认证的RiNG原型是西侧的Mixalive TOKYO。"
      },
      "type": "Feature"
    },
    {
      "geometry": {
        "coordinates": [
          139.716728,
          35.729446
        ],
        "type": "Point"
      },
      "properties": {
        "bangumi_id": 428735,
        "bangumi_title": "迷途之子！！！！！",
        "ep_cut": 1,
        "image_url": "https://w.junreimap.com/images/points/428735/rdy0mlquv_1735406013639.jpg",
        "location": "Sunshine City",
        "point_id": "rdy0mlquv",
        "point_name": "サンシャイン前交差点",
        "remark": "在路口西北角面向东南拍摄。"
      },
      "type": "Feature"
    },
    {
      "geometry": {
        "coordinates": [
          139.717089,
          35.729084
        ],
        "type": "Point"
      },
      "properties": {
        "bangumi_id": 428735,
        "bangumi_title": "迷途之子！！！！！",
        "ep_cut": 1,
        "image_url": "https://w.junreimap.com/images/points/428735/rdy7pfex4_1735406416013.jpg",
        "location": "RiNG周边",
        "point_id": "rdy7pfex4",
        "point_name": "サンシャイン前交差点",
        "remark": ""
      },
      "type": "Feature"
    },
    {
      "geometry": {
        "coordinates": [
          139.71709,
          35.729079
        ],
        "type": "Point"
      },
      "properties": {
        "bangumi_id": 428735,
        "bangumi_title": "迷途之子！！！！！",
        "ep_cut": 1,
        "image_url": "https://w.junreimap.com/images/points/428735/rdy3flbht_1735406357493.jpg",
        "location": "Sunshine City",
        "point_id": "rdy3flbht",
        "point_name": "サンシャイン前交差点",
        "remark": "位于路口东南角。背景中可见首都高速5号池袋線的支柱，右侧为タイムズステーション池袋的停车场。"
      },
      "type": "Feature"
    },
    {
      "geometry": {
        "coordinates": [
          139.720159,
          35.725283
        ],
        "type": "Point"
      },
      "properties": {
        "bangumi_id": 428735,
        "bangumi_title": "迷途之子！！！！！",
        "ep_cut": 2,
        "image_url": "https://w.junreimap.com/images/points/428735/idmkglzbq_1735409096430.jpg",
        "location": "都电荒川线",
        "point_id": "idmkglzbq",
        "point_name": "東池袋四丁目停留場",
        "remark": "都电荒川线车站。灯从RiNG回家要去的车站，不过动画中给的镜头是三轮桥方向的站台，所以灯会在站台前等红绿灯。"
      },
      "type": "Feature"
    },
    {
      "geometry": {
        "coordinates": [
          139.719777,
          35.728832
        ],
        "type": "Point"
      },
      "properties": {
        "bangumi_id": 428735,
        "bangumi_title": "迷途之子！！！！！",
        "ep_cut": 2,
        "image_url": "https://w.junreimap.com/images/points/428735/rdzm5zqa9_1735409622031.jpg",
        "location": "星象仪馆「满天」",
        "point_id": "rdzm5zqa9",
        "point_name": "コニカミノルタ プラネタリウム満天 in Sunshine City",
        "remark": "星象仪馆位于池袋Sunshine City屋顶，入口紧邻Sunshine水族馆。像灯这样拥有水族馆年票的人可享受星象仪馆普通座半价优惠，不过水族馆已经于2023年6月取消了年票制度。"
      },
      "type": "Feature"
    },
    {
      "geometry": {
        "coordinates": [
          139.719789,
          35.728844
        ],
        "type": "Point"
      },
      "properties": {
        "bangumi_id": 428735,
        "bangumi_title": "迷途之子！！！！！",
        "ep_cut": 2,
        "image_url": "https://w.junreimap.com/images/points/428735/rdzrc6zhz_1735409779463.jpg",
        "location": "星象仪馆「满天」",
        "point_id": "rdzrc6zhz",
        "point_name": "コニカミノルタ プラネタリウム満天 in Sunshine City",
        "remark": ""
      },
      "type": "Feature"
    },
    {
      "geometry": {
        "coordinates": [
          139.719872,
          35.728869
        ],
        "type": "Point"
      },
      "properties": {
        "bangumi_id": 428735,
        "bangumi_title": "迷途之子！！！！！",
        "ep_cut": 2,
        "image_url": "https://w.junreimap.com/images/points/428735/rdzr3merc_1735409769783.jpg",
        "location": "星象仪馆「满天」",
        "point_id": "rdzr3merc",
        "point_name": "コニカミノルタ プラネタリウム満天 in Sunshine City",
        "remark": ""
      },
      "type": "Feature"
    },
    {
      "geometry": {
        "coordinates": [
          139.717987,
          35.729838
        ],
        "type": "Point"
      },
      "properties": {
        "bangumi_id": 428735,
        "bangumi_title": "迷途之子！！！！！",
        "ep_cut": 2,
        "image_url": "https://w.junreimap.com/images/points/428735/rdzztl79q_1735410406822.jpg",
        "location": "Sunshine City",
        "point_id": "rdzztl79q",
        "point_name": "サンシャインシティ",
        "remark": "需要从较高的地方拍摄，建议在此处。可根据路灯杆确认两个人坐的位置，之后就方便确定周围点位了。"
      },
      "type": "Feature"
    },
    {
      "geometry": {
        "coordinates": [
          139.718553,
          35.729805
        ],
        "type": "Point"
      },
      "properties": {
        "bangumi_id": 428735,
        "bangumi_title": "迷途之子！！！！！",
        "ep_cut": 2,
        "image_url": "https://w.junreimap.com/images/points/428735/re1g89ytz_1735413461792.jpg",
        "location": "Sunshine City",
        "point_id": "re1g89ytz",
        "point_name": "サンシャインシティ",
        "remark": ""
      },
      "type": "Feature"
    },
    {
      "geometry": {
        "coordinates": [
          139.717998,
          35.729838
        ],
        "type": "Point"
      },
      "properties": {
        "bangumi_id": 428735,
        "bangumi_title": "迷途之子！！！！！",
        "ep_cut": 2,
        "image_url": "https://w.junreimap.com/images/points/428735/re01er0qx_1735410432861.jpg",
        "location": "Sunshine City",
        "point_id": "re01er0qx",
        "point_name": "サンシャインシティ",
        "remark": "需要从较高的地方拍摄，建议在此处。"
      },
      "type": "Feature"
    },
    {
      "geometry": {
        "coordinates": [
          139.71852,
          35.729821
        ],
        "type": "Point"
      },
      "properties": {
        "bangumi_id": 428735,
        "bangumi_title": "迷途之子！！！！！",
        "ep_cut": 2,
        "image_url": "https://w.junreimap.com/images/points/428735/re02h95it_1735410453718.jpg",
        "location": "Sunshine City",
        "point_id": "re02h95it",
        "point_name": "サンシャインシティ",
        "remark": ""
      },
      "type": "Feature"
    },
    {
      "geometry": {
        "coordinates": [
          139.718411,
          35.729875
        ],
        "type": "Point"
      },
      "properties": {
        "bangumi_id": 428735,
        "bangumi_title": "迷途之子！！！！！",
        "ep_cut": 2,
        "image_url": "https://w.junreimap.com/images/points/428735/re044pdjy_1735410554201.jpg",
        "location": "Sunshine City",
        "point_id": "re044pdjy",
        "point_name": "サンシャインシティ",
        "remark": ""
      },
      "type": "Feature"
    },
    {
      "geometry": {
        "coordinates": [
          139.718521,
          35.729825
        ],
        "type": "Point"
      },
      "properties": {
        "bangumi_id": 428735,
        "bangumi_title": "迷途之子！！！！！",
        "ep_cut": 2,
        "image_url": "https://w.junreimap.com/images/points/428735/re09ejrm2_1735410872165.jpg",
        "location": "Sunshine City",
        "point_id": "re09ejrm2",
        "point_name": "サンシャインシティ",
        "remark": ""
      },
      "type": "Feature"
    },
    {
      "geometry": {
        "coordinates": [
          139.713755,
          35.71874
        ],
        "type": "Point"
      },
      "properties": {
        "bangumi_id": 428735,
        "bangumi_title": "迷途之子！！！！！",
        "ep_cut": 3,
        "image_url": "https://w.junreimap.com/images/points/428735/nb7djwe3v_1735410914080.jpg",
        "location": "千登世桥",
        "point_id": "nb7djwe3v",
        "point_name": "千登世小橋",
        "remark": "灯祥初遇地。都电荒川线的跨线桥，正式名称为千登世小桥（西侧跨过明治通的稍长的桥才是千登世桥）。此时灯是在桥南侧。"
      },
      "type": "Feature"
    },
    {
      "geometry": {
        "coordinates": [
          139.713769,
          35.718731
        ],
        "type": "Point"
      },
      "properties": {
        "bangumi_id": 428735,
        "bangumi_title": "迷途之子！！！！！",
        "ep_cut": 3,
        "image_url": "https://w.junreimap.com/images/points/428735/re0fhchhu_1735411247846.jpg",
        "location": "千登世桥",
        "point_id": "re0fhchhu",
        "point_name": "千登世小橋",
        "remark": ""
      },
      "type": "Feature"
    },
    {
      "geometry": {
        "coordinates": [
          139.713748,
          35.718744
        ],
        "type": "Point"
      },
      "properties": {
        "bangumi_id": 428735,
        "bangumi_title": "迷途之子！！！！！",
        "ep_cut": 3,
        "image_url": "https://w.junreimap.com/images/points/428735/re0g7lvpd_1735411284029.jpg",
        "location": "千登世桥",
        "point_id": "re0g7lvpd",
        "point_name": "千登世小橋",
        "remark": ""
      },
      "type": "Feature"
    },
    {
      "geometry": {
        "coordinates": [
          139.713779,
          35.718728
        ],
        "type": "Point"
      },
      "properties": {
        "bangumi_id": 428735,
        "bangumi_title": "迷途之子！！！！！",
        "ep_cut": 3,
        "image_url": "https://w.junreimap.com/images/points/428735/re0h4ub9i_1735411369304.jpg",
        "location": "千登世桥",
        "point_id": "re0h4ub9i",
        "point_name": "千登世小橋",
        "remark": "背景可见目白1丁目7-18的佐藤ビル。"
      },
      "type": "Feature"
    },
    {
      "geometry": {
        "coordinates": [
          139.74576,
          35.742884
        ],
        "type": "Point"
      },
      "properties": {
        "bangumi_id": 428735,
        "bangumi_title": "迷途之子！！！！！",
        "ep_cut": 3,
        "image_url": "https://w.junreimap.com/images/points/428735/re0kjl66x_1735411683968.jpg",
        "location": "丰川家",
        "point_id": "re0kjl66x",
        "point_name": "大谷美術館（旧古河邸）",
        "remark": "被认为是丰川家的原型，造型并不相同，但地理位置较为一致。有不少祥子从这里出发的镜头，其中有几次是从家里出门呢？进庭园150，参观建筑400，不过里头没有像摆钢琴的私房，二楼几乎不开，只为了找祥子的琴房你会失望的。古河庭院是赏玫瑰胜地，花期一般是春秋两季。\n庭院时而有无料日，但进建筑需门票，建筑16时售票截止，园区整体17点关门，售票截止时间看有无go友补充，PS:庭院里有个春日灯(笼)，有兴趣可以找找"
      },
      "type": "Feature"
    },
    {
      "geometry": {
        "coordinates": [
          139.714752,
          35.720022
        ],
        "type": "Point"
      },
      "properties": {
        "bangumi_id": 428735,
        "bangumi_title": "迷途之子！！！！！",
        "ep_cut": 3,
        "image_url": "https://w.junreimap.com/images/points/428735/re0ra4dy5_1735411953055.jpg",
        "location": "鬼子母神前",
        "point_id": "re0ra4dy5",
        "point_name": "鬼子母神前停留場",
        "remark": ""
      },
      "type": "Feature"
    },
    {
      "geometry": {
        "coordinates": [
          139.714742,
          35.720007
        ],
        "type": "Point"
      },
      "properties": {
        "bangumi_id": 428735,
        "bangumi_title": "迷途之子！！！！！",
        "ep_cut": 3,
        "image_url": "https://w.junreimap.com/images/points/428735/re0q5wntw_1735411944169.jpg",
        "location": "鬼子母神前",
        "point_id": "re0q5wntw",
        "point_name": "鬼子母神前停留場",
        "remark": "都电荒川线车站，此处是路线东侧的早稻田方向站点。设定上离灯家最近的车站，月之森（原型为日本女大）也在这附近。所以灯与月之森在读的角色经常出现在这。"
      },
      "type": "Feature"
    },
    {
      "geometry": {
        "coordinates": [
          139.734614,
          35.707904
        ],
        "type": "Point"
      },
      "properties": {
        "bangumi_id": 428735,
        "bangumi_title": "迷途之子！！！！！",
        "ep_cut": 3,
        "image_url": "https://w.junreimap.com/images/points/428735/idmkglyvd_1735411758439.jpg",
        "location": "羽泽咖啡店",
        "point_id": "idmkglyvd",
        "point_name": "on the Corner",
        "remark": "可能是羽泽咖啡店的原型，祥睦经常碰头的地方，也是CRYCHIC曾经聚会的场所。\n现地看感觉像这家的门结合了左边那家的椅子和雨棚。"
      },
      "type": "Feature"
    },
    {
      "geometry": {
        "coordinates": [
          139.732461,
          35.708228
        ],
        "type": "Point"
      },
      "properties": {
        "bangumi_id": 428735,
        "bangumi_title": "迷途之子！！！！！",
        "ep_cut": 3,
        "image_url": "https://w.junreimap.com/images/points/428735/jq6dt1nvm_1735411764248.jpg",
        "location": "羽泽咖啡店",
        "point_id": "jq6dt1nvm",
        "point_name": "マメココロ​@​江戸川​橋",
        "remark": "可能是羽泽咖啡店的原型，有长椅和遮雨棚。"
      },
      "type": "Feature"
    },
    {
      "geometry": {
        "coordinates": [
          139.712836,
          35.720835
        ],
        "type": "Point"
      },
      "properties": {
        "bangumi_id": 428735,
        "bangumi_title": "迷途之子！！！！！",
        "ep_cut": 3,
        "image_url": "https://w.junreimap.com/images/points/428735/idmkglz9m_1735412049583.jpg",
        "location": "千登世步道桥",
        "point_id": "idmkglz9m",
        "point_name": "千登世步道桥",
        "remark": "著名的「成为人类桥」，面向北方拍摄。动画中除了桥以外的建筑均与现实不一致。涉及灯的多次告白的发生地，当然也是那声呐喊的地方。bd上卷封面也是这。"
      },
      "type": "Feature"
    },
    {
      "geometry": {
        "coordinates": [
          139.712828,
          35.720832
        ],
        "type": "Point"
      },
      "properties": {
        "bangumi_id": 428735,
        "bangumi_title": "迷途之子！！！！！",
        "ep_cut": 3,
        "image_url": "https://w.junreimap.com/images/points/428735/re0rntu6g_1735411976160.jpg",
        "location": "千登世步道桥",
        "point_id": "re0rntu6g",
        "point_name": "千登世歩道橋",
        "remark": "此处为面向东拍摄，背景建筑与现实不一致，下同。"
      },
      "type": "Feature"
    },
    {
      "geometry": {
        "coordinates": [
          139.712842,
          35.720835
        ],
        "type": "Point"
      },
      "properties": {
        "bangumi_id": 428735,
        "bangumi_title": "迷途之子！！！！！",
        "ep_cut": 3,
        "image_url": "https://w.junreimap.com/images/points/428735/re0wlkgn1_1735412274523.jpg",
        "location": "千登世步道桥",
        "point_id": "re0wlkgn1",
        "point_name": "千登世歩道橋",
        "remark": ""
      },
      "type": "Feature"
    },
    {
      "geometry": {
        "coordinates": [
          139.712841,
          35.720837
        ],
        "type": "Point"
      },
      "properties": {
        "bangumi_id": 428735,
        "bangumi_title": "迷途之子！！！！！",
        "ep_cut": 3,
        "image_url": "https://w.junreimap.com/images/points/428735/re0x9ju0u_1735412314936.jpg",
        "location": "千登世步道桥",
        "point_id": "re0x9ju0u",
        "point_name": "千登世歩道橋",
        "remark": ""
      },
      "type": "Feature"
    },
    {
      "geometry": {
        "coordinates": [
          139.712839,
          35.720836
        ],
        "type": "Point"
      },
      "properties": {
        "bangumi_id": 428735,
        "bangumi_title": "迷途之子！！！！！",
        "ep_cut": 3,
        "image_url": "https://w.junreimap.com/images/points/428735/re0xq0l55_1735412342501.jpg",
        "location": "千登世步道桥",
        "point_id": "re0xq0l55",
        "point_name": "千登世歩道橋",
        "remark": ""
      },
      "type": "Feature"
    },
    {
      "geometry": {
        "coordinates": [
          139.713965,
          35.729741
        ],
        "type": "Point"
      },
      "properties": {
        "bangumi_id": 428735,
        "bangumi_title": "迷途之子！！！！！",
        "ep_cut": 3,
        "image_url": "https://w.junreimap.com/images/points/428735/re0yf5ime_1735412384750.jpg",
        "location": "RiNG周边",
        "point_id": "re0yf5ime",
        "point_name": "カラオケ​館​池袋​東口​本店",
        "remark": "后续出现的店内大堂场景与现实不一致，故不在此添加相应地标。日间房费720円/h，自助饮料费660円可选，沙锤摇铃一楼电梯口自取，问了店员没有剧中那种构造的房间。邦的歌基本都有，包括sumimi那首，无CRYCHIC的歌，MV是统一的三次元模板，不过有企鹅ver可选"
      },
      "type": "Feature"
    },
    {
      "geometry": {
        "coordinates": [
          139.713789,
          35.718723
        ],
        "type": "Point"
      },
      "properties": {
        "bangumi_id": 428735,
        "bangumi_title": "迷途之子！！！！！",
        "ep_cut": 3,
        "image_url": "https://w.junreimap.com/images/points/428735/re12cwglt_1735412623975.jpg",
        "location": "千登世桥",
        "point_id": "re12cwglt",
        "point_name": "千登世小橋",
        "remark": "桥南侧面朝东。"
      },
      "type": "Feature"
    },
    {
      "geometry": {
        "coordinates": [
          139.713785,
          35.718725
        ],
        "type": "Point"
      },
      "properties": {
        "bangumi_id": 428735,
        "bangumi_title": "迷途之子！！！！！",
        "ep_cut": 3,
        "image_url": "https://w.junreimap.com/images/points/428735/re12q17z0_1735412645171.jpg",
        "location": "千登世桥",
        "point_id": "re12q17z0",
        "point_name": "千登世小橋",
        "remark": "桥南侧面朝南。"
      },
      "type": "Feature"
    },
    {
      "geometry": {
        "coordinates": [
          139.713761,
          35.718736
        ],
        "type": "Point"
      },
      "properties": {
        "bangumi_id": 428735,
        "bangumi_title": "迷途之子！！！！！",
        "ep_cut": 3,
        "image_url": "https://w.junreimap.com/images/user/0/bangumi/428735/points/ubn744y71-1743689051470.jpg",
        "location": "千登世桥",
        "point_id": "ubn744y71",
        "point_name": "千登世小桥",
        "remark": "周边的施工预计持续到令和7年（2025年）6月下旬，想看到花与绿植的可以考虑在这之后再来巡礼\n26.8.30施工还是没完成"
      },
      "type": "Feature"
    },
    {
      "geometry": {
        "coordinates": [
          139.718514,
          35.729825
        ],
        "type": "Point"
      },
      "properties": {
        "bangumi_id": 428735,
        "bangumi_title": "迷途之子！！！！！",
        "ep_cut": 4,
        "image_url": "https://w.junreimap.com/images/points/428735/re1cn7nej_1735413247058.jpg",
        "location": "Sunshine City",
        "point_id": "re1cn7nej",
        "point_name": "サンシャインシティ",
        "remark": ""
      },
      "type": "Feature"
    },
    {
      "geometry": {
        "coordinates": [
          139.718503,
          35.729829
        ],
        "type": "Point"
      },
      "properties": {
        "bangumi_id": 428735,
        "bangumi_title": "迷途之子！！！！！",
        "ep_cut": 4,
        "image_url": "https://w.junreimap.com/images/points/428735/re1ceu6v0_1735413236542.jpg",
        "location": "Sunshine City",
        "point_id": "re1ceu6v0",
        "point_name": "サンシャインシティ",
        "remark": ""
      },
      "type": "Feature"
    },
    {
      "geometry": {
        "coordinates": [
          139.718415,
          35.729799
        ],
        "type": "Point"
      },
      "properties": {
        "bangumi_id": 428735,
        "bangumi_title": "迷途之子！！！！！",
        "ep_cut": 4,
        "image_url": "https://w.junreimap.com/images/points/428735/re1hsjnee_1735413556827.jpg",
        "location": "Sunshine City",
        "point_id": "re1hsjnee",
        "point_name": "サンシャインシティ",
        "remark": "这张图严格来说是从栏杆外的空中拍摄的，不要轻易挑战。"
      },
      "type": "Feature"
    },
    {
      "geometry": {
        "coordinates": [
          139.71851,
          35.729816
        ],
        "type": "Point"
      },
      "properties": {
        "bangumi_id": 428735,
        "bangumi_title": "迷途之子！！！！！",
        "ep_cut": 4,
        "image_url": "https://w.junreimap.com/images/points/428735/re1isuff3_1735413617034.jpg",
        "location": "Sunshine City",
        "point_id": "re1isuff3",
        "point_name": "サンシャインシティ",
        "remark": ""
      },
      "type": "Feature"
    },
    {
      "geometry": {
        "coordinates": [
          139.718632,
          35.729769
        ],
        "type": "Point"
      },
      "properties": {
        "bangumi_id": 428735,
        "bangumi_title": "迷途之子！！！！！",
        "ep_cut": 4,
        "image_url": "https://w.junreimap.com/images/points/428735/re1j5y7dm_1735413639367.jpg",
        "location": "Sunshine City",
        "point_id": "re1j5y7dm",
        "point_name": "サンシャインシティ",
        "remark": ""
      },
      "type": "Feature"
    },
    {
      "geometry": {
        "coordinates": [
          139.713633,
          35.718672
        ],
        "type": "Point"
      },
      "properties": {
        "bangumi_id": 428735,
        "bangumi_title": "迷途之子！！！！！",
        "ep_cut": 4,
        "image_url": "https://w.junreimap.com/images/points/428735/re1p9ket8_1735414017938.jpg",
        "location": "千登世桥",
        "point_id": "re1p9ket8",
        "point_name": "千登世小橋南",
        "remark": "开往早稻田停留场的7700形电车，绿色涂装表示这辆车为7701号或7702号。"
      },
      "type": "Feature"
    },
    {
      "geometry": {
        "coordinates": [
          139.713504,
          35.718408
        ],
        "type": "Point"
      },
      "properties": {
        "bangumi_id": 428735,
        "bangumi_title": "迷途之子！！！！！",
        "ep_cut": 4,
        "image_url": "https://w.junreimap.com/images/points/428735/re1smyo8x_1735414217458.jpg",
        "location": "都电荒川线",
        "point_id": "re1smyo8x",
        "point_name": "都電荒川線",
        "remark": "在电车上拍摄，左侧窗外建筑应该是目白中野ビル。"
      },
      "type": "Feature"
    },
    {
      "geometry": {
        "coordinates": [
          139.717728,
          35.716617
        ],
        "type": "Point"
      },
      "properties": {
        "bangumi_id": 428735,
        "bangumi_title": "迷途之子！！！！！",
        "ep_cut": 4,
        "image_url": "https://w.junreimap.com/images/points/428735/re1wemt70_1735414690851.jpg",
        "location": "富士见坂",
        "point_id": "re1wemt70",
        "point_name": "富士見坂",
        "remark": ""
      },
      "type": "Feature"
    },
    {
      "geometry": {
        "coordinates": [
          139.717749,
          35.716651
        ],
        "type": "Point"
      },
      "properties": {
        "bangumi_id": 428735,
        "bangumi_title": "迷途之子！！！！！",
        "ep_cut": 4,
        "image_url": "https://w.junreimap.com/images/points/428735/idmkglz4e_1735414294771.jpg",
        "location": "富士见坂",
        "point_id": "idmkglz4e",
        "point_name": "富士見坂",
        "remark": "素世追祥子的坂道，左侧可以看到一条岔路，即为ED中素世所在的日无坂。这里在邦邦之前的动画里也出现过。虽然方向不太对，不过设定上似乎变成了羽丘学生上下学的必经之路，灯上学和祥子放学的时候都曾经过此处。"
      },
      "type": "Feature"
    },
    {
      "geometry": {
        "coordinates": [
          139.717668,
          35.716538
        ],
        "type": "Point"
      },
      "properties": {
        "bangumi_id": 428735,
        "bangumi_title": "迷途之子！！！！！",
        "ep_cut": 4,
        "image_url": "https://w.junreimap.com/images/points/428735/re222i2ar_1735414782175.jpg",
        "location": "富士见坂",
        "point_id": "re222i2ar",
        "point_name": "富士見坂",
        "remark": "背景为爬满植物的民宅的围墙。"
      },
      "type": "Feature"
    },
    {
      "geometry": {
        "coordinates": [
          139.717663,
          35.71653
        ],
        "type": "Point"
      },
      "properties": {
        "bangumi_id": 428735,
        "bangumi_title": "迷途之子！！！！！",
        "ep_cut": 4,
        "image_url": "https://w.junreimap.com/images/points/428735/re22bqsx6_1735414797259.jpg",
        "location": "富士见坂",
        "point_id": "re22bqsx6",
        "point_name": "富士見坂",
        "remark": "背景为爬满植物的民宅的围墙。"
      },
      "type": "Feature"
    },
    {
      "geometry": {
        "coordinates": [
          139.717628,
          35.716482
        ],
        "type": "Point"
      },
      "properties": {
        "bangumi_id": 428735,
        "bangumi_title": "迷途之子！！！！！",
        "ep_cut": 4,
        "image_url": "https://w.junreimap.com/images/points/428735/re2470gy3_1735414945660.jpg",
        "location": "富士见坂",
        "point_id": "re2470gy3",
        "point_name": "富士見坂",
        "remark": "背景为爬满植物的民宅的院门。此处为私宅，不建议拍照。"
      },
      "type": "Feature"
    },
    {
      "geometry": {
        "coordinates": [
          139.717604,
          35.716451
        ],
        "type": "Point"
      },
      "properties": {
        "bangumi_id": 428735,
        "bangumi_title": "迷途之子！！！！！",
        "ep_cut": 4,
        "image_url": "https://w.junreimap.com/images/user/0/bangumi/428735/points/ubl84c0v0-1743684893317.jpg",
        "location": "富士见坂",
        "point_id": "ubl84c0v0",
        "point_name": "富士見坂",
        "remark": ""
      },
      "type": "Feature"
    },
    {
      "geometry": {
        "coordinates": [
          139.717616,
          35.716466
        ],
        "type": "Point"
      },
      "properties": {
        "bangumi_id": 428735,
        "bangumi_title": "迷途之子！！！！！",
        "ep_cut": 4,
        "image_url": "https://w.junreimap.com/images/points/428735/re256u8un_1735415045327.jpg",
        "location": "富士见坂",
        "point_id": "re256u8un",
        "point_name": "富士見坂",
        "remark": "此处祥子背后的房子已经于2025年6月拆除。"
      },
      "type": "Feature"
    },
    {
      "geometry": {
        "coordinates": [
          139.717435,
          35.716225
        ],
        "type": "Point"
      },
      "properties": {
        "bangumi_id": 428735,
        "bangumi_title": "迷途之子！！！！！",
        "ep_cut": 4,
        "image_url": "https://w.junreimap.com/images/points/428735/re25u2wun_1735415020153.jpg",
        "location": "富士见坂",
        "point_id": "re25u2wun",
        "point_name": "富士見坂",
        "remark": ""
      },
      "type": "Feature"
    },
    {
      "geometry": {
        "coordinates": [
          139.714777,
          35.729722
        ],
        "type": "Point"
      },
      "properties": {
        "bangumi_id": 428735,
        "bangumi_title": "迷途之子！！！！！",
        "ep_cut": 4,
        "image_url": "https://w.junreimap.com/images/points/428735/re2ha75og_1735415771428.jpg",
        "location": "RiNG周边",
        "point_id": "re2ha75og",
        "point_name": "オーク東池袋ビル",
        "remark": ""
      },
      "type": "Feature"
    },
    {
      "geometry": {
        "coordinates": [
          139.714747,
          35.729717
        ],
        "type": "Point"
      },
      "properties": {
        "bangumi_id": 428735,
        "bangumi_title": "迷途之子！！！！！",
        "ep_cut": 4,
        "image_url": "https://w.junreimap.com/images/points/428735/re2im3dvd_1735415786745.jpg",
        "location": "RiNG周边",
        "point_id": "re2im3dvd",
        "point_name": "オーク東池袋ビル",
        "remark": "与RiNG的原型Max Live隔了一条斑马线的大楼，ABZ-MARK在现实中是ABC-MART，BUSINESS LEATHER则与现实同名。"
      },
      "type": "Feature"
    },
    {
      "geometry": {
        "coordinates": [
          139.715294,
          35.72984
        ],
        "type": "Point"
      },
      "properties": {
        "bangumi_id": 428735,
        "bangumi_title": "迷途之子！！！！！",
        "ep_cut": 4,
        "image_url": "https://w.junreimap.com/images/points/428735/idmkglzf0_1713214515341.jpg",
        "location": "RiNG周边",
        "point_id": "idmkglzf0",
        "point_name": "サンシャイン60通り",
        "remark": "RiNG的所在地。这张图远处圆滑的建筑为サンシャインシティ アネックス。"
      },
      "type": "Feature"
    },
    {
      "geometry": {
        "coordinates": [
          139.715002,
          35.720259
        ],
        "type": "Point"
      },
      "properties": {
        "bangumi_id": 428735,
        "bangumi_title": "迷途之子！！！！！",
        "ep_cut": 4,
        "image_url": "https://w.junreimap.com/images/points/428735/re2wo1uw1_1735416845868.jpg",
        "location": "鬼子母神前",
        "point_id": "re2wo1uw1",
        "point_name": "鬼子母神前踏切",
        "remark": "从踏切东北方向西南拍摄。注意此处出现的升降杆是踏切东侧的升降杆，而踏切警報機柱（画面右侧X字柱子）则是踏切西侧的柱子。背景中的建筑与现实不同。"
      },
      "type": "Feature"
    },
    {
      "geometry": {
        "coordinates": [
          139.714737,
          35.720359
        ],
        "type": "Point"
      },
      "properties": {
        "bangumi_id": 428735,
        "bangumi_title": "迷途之子！！！！！",
        "ep_cut": 4,
        "image_url": "https://w.junreimap.com/images/points/428735/re2sgkhvj_1735416385092.jpg",
        "location": "鬼子母神前",
        "point_id": "re2sgkhvj",
        "point_name": "西参道薬局",
        "remark": "立希和灯穿过踏切后的场景，药局名和现实一致。"
      },
      "type": "Feature"
    },
    {
      "geometry": {
        "coordinates": [
          139.713271,
          35.719192
        ],
        "type": "Point"
      },
      "properties": {
        "bangumi_id": 428735,
        "bangumi_title": "迷途之子！！！！！",
        "ep_cut": 4,
        "image_url": "https://w.junreimap.com/images/points/428735/re3a9md4c_1735417476197.jpg",
        "location": "千登世桥",
        "point_id": "re3a9md4c",
        "point_name": "千登世橋北",
        "remark": "千登世桥北侧与明治通平行的小路，注意背景是石制围墙和红色栏杆的分界处。"
      },
      "type": "Feature"
    },
    {
      "geometry": {
        "coordinates": [
          139.712839,
          35.720838
        ],
        "type": "Point"
      },
      "properties": {
        "bangumi_id": 428735,
        "bangumi_title": "迷途之子！！！！！",
        "ep_cut": 4,
        "image_url": "https://w.junreimap.com/images/points/428735/re3jidzs0_1735418127548.jpg",
        "location": "千登世步道桥",
        "point_id": "re3jidzs0",
        "point_name": "千登世歩道橋",
        "remark": ""
      },
      "type": "Feature"
    },
    {
      "geometry": {
        "coordinates": [
          139.712837,
          35.720837
        ],
        "type": "Point"
      },
      "properties": {
        "bangumi_id": 428735,
        "bangumi_title": "迷途之子！！！！！",
        "ep_cut": 4,
        "image_url": "https://w.junreimap.com/images/points/428735/re3jrwd2a_1735418035770.jpg",
        "location": "千登世步道桥",
        "point_id": "re3jrwd2a",
        "point_name": "千登世歩道橋",
        "remark": ""
      },
      "type": "Feature"
    },
    {
      "geometry": {
        "coordinates": [
          139.712841,
          35.720838
        ],
        "type": "Point"
      },
      "properties": {
        "bangumi_id": 428735,
        "bangumi_title": "迷途之子！！！！！",
        "ep_cut": 4,
        "image_url": "https://w.junreimap.com/images/points/428735/re3jzgflx_1735418044402.jpg",
        "location": "千登世步道桥",
        "point_id": "re3jzgflx",
        "point_name": "千登世歩道橋",
        "remark": ""
      },
      "type": "Feature"
    },
    {
      "geometry": {
        "coordinates": [
          139.712946,
          35.720751
        ],
        "type": "Point"
      },
      "properties": {
        "bangumi_id": 428735,
        "bangumi_title": "迷途之子！！！！！",
        "ep_cut": 4,
        "image_url": "https://w.junreimap.com/images/points/428735/re3d6ihag_1735417647271.jpg",
        "location": "千登世步道桥",
        "point_id": "re3d6ihag",
        "point_name": "千登世歩道橋",
        "remark": "千登世步道桥旁边的建筑为换成了更北侧的建筑，详见下一条。"
      },
      "type": "Feature"
    },
    {
      "geometry": {
        "coordinates": [
          139.712797,
          35.721115
        ],
        "type": "Point"
      },
      "properties": {
        "bangumi_id": 428735,
        "bangumi_title": "迷途之子！！！！！",
        "ep_cut": 4,
        "image_url": "https://w.junreimap.com/images/points/428735/re3d6ihag_1735417647271.jpg",
        "location": "千登世步道桥",
        "point_id": "re3esdnfe",
        "point_name": "高松灯家",
        "remark": "动画中步道桥的背景原型。左侧可以看到被树挡住的やまずう〇薬局招牌，对应目白邸苑一楼的うずらやま薬局。动画中灯的家便位于药局在的这栋楼里。"
      },
      "type": "Feature"
    },
    {
      "geometry": {
        "coordinates": [
          139.714887,
          35.720188
        ],
        "type": "Point"
      },
      "properties": {
        "bangumi_id": 428735,
        "bangumi_title": "迷途之子！！！！！",
        "ep_cut": 5,
        "image_url": "https://w.junreimap.com/images/points/428735/re45n98w4_1735419356461.jpg",
        "location": "鬼子母神前",
        "point_id": "re45n98w4",
        "point_name": "鬼子母神前踏切",
        "remark": "背景中的车站方向牌应该是早稻田方向，这里大概是制作组失误。"
      },
      "type": "Feature"
    },
    {
      "geometry": {
        "coordinates": [
          139.717925,
          35.730086
        ],
        "type": "Point"
      },
      "properties": {
        "bangumi_id": 428735,
        "bangumi_title": "迷途之子！！！！！",
        "ep_cut": 5,
        "image_url": "https://w.junreimap.com/images/points/428735/idmkglz99_1735410226253.jpg",
        "location": "Sunshine City",
        "point_id": "idmkglz99",
        "point_name": "サンシャインシティ前",
        "remark": ""
      },
      "type": "Feature"
    },
    {
      "geometry": {
        "coordinates": [
          139.718171,
          35.729885
        ],
        "type": "Point"
      },
      "properties": {
        "bangumi_id": 428735,
        "bangumi_title": "迷途之子！！！！！",
        "ep_cut": 5,
        "image_url": "https://w.junreimap.com/images/points/428735/retadkfeu_1735474065491.jpg",
        "location": "Sunshine City",
        "point_id": "retadkfeu",
        "point_name": "サンシャインシティ",
        "remark": "立希和素世拿着咖啡走出的咖啡店现实中是商场入口，位于赛百味对面，并非店铺。"
      },
      "type": "Feature"
    },
    {
      "geometry": {
        "coordinates": [
          139.718128,
          35.729877
        ],
        "type": "Point"
      },
      "properties": {
        "bangumi_id": 428735,
        "bangumi_title": "迷途之子！！！！！",
        "ep_cut": 5,
        "image_url": "https://w.junreimap.com/images/points/428735/re4gvsrf3_1735420042768.jpg",
        "location": "Sunshine City",
        "point_id": "re4gvsrf3",
        "point_name": "サンシャインシティ",
        "remark": "黑色的柱子是主要参照物，"
      },
      "type": "Feature"
    },
    {
      "geometry": {
        "coordinates": [
          139.718146,
          35.729886
        ],
        "type": "Point"
      },
      "properties": {
        "bangumi_id": 428735,
        "bangumi_title": "迷途之子！！！！！",
        "ep_cut": 5,
        "image_url": "https://w.junreimap.com/images/points/428735/re4ih71sz_1735420162851.jpg",
        "location": "Sunshine City",
        "point_id": "re4ih71sz",
        "point_name": "サンシャインシティ",
        "remark": ""
      },
      "type": "Feature"
    },
    {
      "geometry": {
        "coordinates": [
          139.718142,
          35.729877
        ],
        "type": "Point"
      },
      "properties": {
        "bangumi_id": 428735,
        "bangumi_title": "迷途之子！！！！！",
        "ep_cut": 5,
        "image_url": "https://w.junreimap.com/images/points/428735/re4jatcn6_1735420177317.jpg",
        "location": "Sunshine City",
        "point_id": "re4jatcn6",
        "point_name": "サンシャインシティ",
        "remark": ""
      },
      "type": "Feature"
    },
    {
      "geometry": {
        "coordinates": [
          139.718133,
          35.729881
        ],
        "type": "Point"
      },
      "properties": {
        "bangumi_id": 428735,
        "bangumi_title": "迷途之子！！！！！",
        "ep_cut": 5,
        "image_url": "https://w.junreimap.com/images/points/428735/re4ji369r_1735420190834.jpg",
        "location": "Sunshine City",
        "point_id": "re4ji369r",
        "point_name": "サンシャインシティ",
        "remark": ""
      },
      "type": "Feature"
    },
    {
      "geometry": {
        "coordinates": [
          139.718609,
          35.73012
        ],
        "type": "Point"
      },
      "properties": {
        "bangumi_id": 428735,
        "bangumi_title": "迷途之子！！！！！",
        "ep_cut": 5,
        "image_url": "https://w.junreimap.com/images/points/428735/idmkglytn_1735420211331.jpg",
        "location": "东池袋中央公园",
        "point_id": "idmkglytn",
        "point_name": "豊島区立東池袋中央公園",
        "remark": "爱音遇到初中同学的地方，实际上就在前一个场景旁边几十米。"
      },
      "type": "Feature"
    },
    {
      "geometry": {
        "coordinates": [
          139.718638,
          35.730072
        ],
        "type": "Point"
      },
      "properties": {
        "bangumi_id": 428735,
        "bangumi_title": "迷途之子！！！！！",
        "ep_cut": 5,
        "image_url": "https://w.junreimap.com/images/points/428735/re4lnwddb_1735420325171.jpg",
        "location": "东池袋中央公园",
        "point_id": "re4lnwddb",
        "point_name": "豊島区立東池袋中央公園",
        "remark": ""
      },
      "type": "Feature"
    },
    {
      "geometry": {
        "coordinates": [
          139.718685,
          35.730127
        ],
        "type": "Point"
      },
      "properties": {
        "bangumi_id": 428735,
        "bangumi_title": "迷途之子！！！！！",
        "ep_cut": 5,
        "image_url": "https://w.junreimap.com/images/points/428735/re4mnvplg_1735420380867.jpg",
        "location": "东池袋中央公园",
        "point_id": "re4mnvplg",
        "point_name": "豊島区立東池袋中央公園",
        "remark": ""
      },
      "type": "Feature"
    },
    {
      "geometry": {
        "coordinates": [
          139.718678,
          35.730114
        ],
        "type": "Point"
      },
      "properties": {
        "bangumi_id": 428735,
        "bangumi_title": "迷途之子！！！！！",
        "ep_cut": 5,
        "image_url": "https://w.junreimap.com/images/points/428735/re4n1zcvi_1735420404597.jpg",
        "location": "东池袋中央公园",
        "point_id": "re4n1zcvi",
        "point_name": "豊島区立東池袋中央公園",
        "remark": ""
      },
      "type": "Feature"
    },
    {
      "geometry": {
        "coordinates": [
          139.718676,
          35.730109
        ],
        "type": "Point"
      },
      "properties": {
        "bangumi_id": 428735,
        "bangumi_title": "迷途之子！！！！！",
        "ep_cut": 5,
        "image_url": "https://w.junreimap.com/images/points/428735/re4nbe9tx_1735420420118.jpg",
        "location": "东池袋中央公园",
        "point_id": "re4nbe9tx",
        "point_name": "豊島区立東池袋中央公園",
        "remark": ""
      },
      "type": "Feature"
    },
    {
      "geometry": {
        "coordinates": [
          139.718661,
          35.730085
        ],
        "type": "Point"
      },
      "properties": {
        "bangumi_id": 428735,
        "bangumi_title": "迷途之子！！！！！",
        "ep_cut": 5,
        "image_url": "https://w.junreimap.com/images/points/428735/re4nmo42a_1735420439613.jpg",
        "location": "东池袋中央公园",
        "point_id": "re4nmo42a",
        "point_name": "豊島区立東池袋中央公園",
        "remark": ""
      },
      "type": "Feature"
    },
    {
      "geometry": {
        "coordinates": [
          139.718665,
          35.73009
        ],
        "type": "Point"
      },
      "properties": {
        "bangumi_id": 428735,
        "bangumi_title": "迷途之子！！！！！",
        "ep_cut": 5,
        "image_url": "https://w.junreimap.com/images/points/428735/re4nym6vz_1735420459337.jpg",
        "location": "东池袋中央公园",
        "point_id": "re4nym6vz",
        "point_name": "豊島区立東池袋中央公園",
        "remark": ""
      },
      "type": "Feature"
    },
    {
      "geometry": {
        "coordinates": [
          139.718684,
          35.730121
        ],
        "type": "Point"
      },
      "properties": {
        "bangumi_id": 428735,
        "bangumi_title": "迷途之子！！！！！",
        "ep_cut": 5,
        "image_url": "https://w.junreimap.com/images/points/428735/re4o477qt_1735420468581.jpg",
        "location": "东池袋中央公园",
        "point_id": "re4o477qt",
        "point_name": "豊島区立東池袋中央公園",
        "remark": ""
      },
      "type": "Feature"
    },
    {
      "geometry": {
        "coordinates": [
          139.718657,
          35.730079
        ],
        "type": "Point"
      },
      "properties": {
        "bangumi_id": 428735,
        "bangumi_title": "迷途之子！！！！！",
        "ep_cut": 5,
        "image_url": "https://w.junreimap.com/images/points/428735/re4ochatk_1735420485255.jpg",
        "location": "东池袋中央公园",
        "point_id": "re4ochatk",
        "point_name": "豊島区立東池袋中央公園",
        "remark": ""
      },
      "type": "Feature"
    },
    {
      "geometry": {
        "coordinates": [
          139.718644,
          35.730087
        ],
        "type": "Point"
      },
      "properties": {
        "bangumi_id": 428735,
        "bangumi_title": "迷途之子！！！！！",
        "ep_cut": 5,
        "image_url": "https://w.junreimap.com/images/points/428735/re4olncdc_1735420509885.jpg",
        "location": "东池袋中央公园",
        "point_id": "re4olncdc",
        "point_name": "豊島区立東池袋中央公園",
        "remark": ""
      },
      "type": "Feature"
    },
    {
      "geometry": {
        "coordinates": [
          139.718652,
          35.730085
        ],
        "type": "Point"
      },
      "properties": {
        "bangumi_id": 428735,
        "bangumi_title": "迷途之子！！！！！",
        "ep_cut": 5,
        "image_url": "https://w.junreimap.com/images/points/428735/re4p202er_1735420525173.jpg",
        "location": "东池袋中央公园",
        "point_id": "re4p202er",
        "point_name": "豊島区立東池袋中央公園",
        "remark": ""
      },
      "type": "Feature"
    },
    {
      "geometry": {
        "coordinates": [
          139.718579,
          35.7301
        ],
        "type": "Point"
      },
      "properties": {
        "bangumi_id": 428735,
        "bangumi_title": "迷途之子！！！！！",
        "ep_cut": 5,
        "image_url": "https://w.junreimap.com/images/points/428735/re4pbrzmp_1735420541904.jpg",
        "location": "东池袋中央公园",
        "point_id": "re4pbrzmp",
        "point_name": "豊島区立東池袋中央公園",
        "remark": ""
      },
      "type": "Feature"
    },
    {
      "geometry": {
        "coordinates": [
          139.718507,
          35.730263
        ],
        "type": "Point"
      },
      "properties": {
        "bangumi_id": 428735,
        "bangumi_title": "迷途之子！！！！！",
        "ep_cut": 5,
        "image_url": "https://w.junreimap.com/images/points/428735/re4r29svq_1735420651385.jpg",
        "location": "东池袋中央公园",
        "point_id": "re4r29svq",
        "point_name": "豊島区立東池袋中央公園",
        "remark": "灯牵着爱音逃走时经过的写着公园注意事项的牌子。"
      },
      "type": "Feature"
    },
    {
      "geometry": {
        "coordinates": [
          139.720157,
          35.728925
        ],
        "type": "Point"
      },
      "properties": {
        "bangumi_id": 428735,
        "bangumi_title": "迷途之子！！！！！",
        "ep_cut": 5,
        "image_url": "https://w.junreimap.com/images/points/428735/idmkglyzw_1735420712105.jpg",
        "location": "Sunshine水族馆",
        "point_id": "idmkglyzw",
        "point_name": "サンシャイン​水族館",
        "remark": "池袋Sunshine City屋顶的水族馆，入口紧邻星象仪馆的入口。动画中多次出现了在天台北侧边缘的企鹅水箱。灯购入了能全年免费入馆的年票，但是该水族馆已于2023年6月30日中止了年票制度。"
      },
      "type": "Feature"
    },
    {
      "geometry": {
        "coordinates": [
          139.720169,
          35.729325
        ],
        "type": "Point"
      },
      "properties": {
        "bangumi_id": 428735,
        "bangumi_title": "迷途之子！！！！！",
        "ep_cut": 5,
        "image_url": "https://w.junreimap.com/images/points/428735/re58eng3u_1735421701875.jpg",
        "location": "Sunshine水族馆",
        "point_id": "re58eng3u",
        "point_name": "サンシャイン​水族館",
        "remark": "企鹅水箱位于楼顶北侧。"
      },
      "type": "Feature"
    },
    {
      "geometry": {
        "coordinates": [
          139.720151,
          35.729314
        ],
        "type": "Point"
      },
      "properties": {
        "bangumi_id": 428735,
        "bangumi_title": "迷途之子！！！！！",
        "ep_cut": 5,
        "image_url": "https://w.junreimap.com/images/points/428735/re4y3imrm_1735421616963.jpg",
        "location": "Sunshine水族馆",
        "point_id": "re4y3imrm",
        "point_name": "サンシャイン​水族館",
        "remark": ""
      },
      "type": "Feature"
    },
    {
      "geometry": {
        "coordinates": [
          139.720161,
          35.729322
        ],
        "type": "Point"
      },
      "properties": {
        "bangumi_id": 428735,
        "bangumi_title": "迷途之子！！！！！",
        "ep_cut": 5,
        "image_url": "https://w.junreimap.com/images/points/428735/re59006yv_1735421734486.jpg",
        "location": "Sunshine水族馆",
        "point_id": "re59006yv",
        "point_name": "サンシャイン​水族館",
        "remark": ""
      },
      "type": "Feature"
    },
    {
      "geometry": {
        "coordinates": [
          139.720147,
          35.729285
        ],
        "type": "Point"
      },
      "properties": {
        "bangumi_id": 428735,
        "bangumi_title": "迷途之子！！！！！",
        "ep_cut": 5,
        "image_url": "https://w.junreimap.com/images/points/428735/re57t8zdl_1735421886025.jpg",
        "location": "Sunshine水族馆",
        "point_id": "re57t8zdl",
        "point_name": "サンシャイン​水族館",
        "remark": "水族馆晚八点打烊，但根据现场贴的通知企鹅池七点就会结束营业"
      },
      "type": "Feature"
    },
    {
      "geometry": {
        "coordinates": [
          139.720164,
          35.729309
        ],
        "type": "Point"
      },
      "properties": {
        "bangumi_id": 428735,
        "bangumi_title": "迷途之子！！！！！",
        "ep_cut": 5,
        "image_url": "https://w.junreimap.com/images/points/428735/re5bsogmg_1735421960648.jpg",
        "location": "Sunshine水族馆",
        "point_id": "re5bsogmg",
        "point_name": "サンシャイン​水族館",
        "remark": ""
      },
      "type": "Feature"
    },
    {
      "geometry": {
        "coordinates": [
          140.388618,
          35.773684
        ],
        "type": "Point"
      },
      "properties": {
        "bangumi_id": 428735,
        "bangumi_title": "迷途之子！！！！！",
        "ep_cut": 5,
        "image_url": "https://w.junreimap.com/images/points/428735/jqav45ypf_1735421262128.jpg",
        "location": "成田机场",
        "point_id": "jqav45ypf",
        "point_name": "成田国際空港第2ターミナル フライトインフォメーションシステム",
        "remark": "此处的的航班信息显示系统位于T2航站楼，但是下一个画面位于T1航站楼。画面中的出发口造型似乎是较早以前的，现在已经翻修。"
      },
      "type": "Feature"
    },
    {
      "geometry": {
        "coordinates": [
          140.384057,
          35.764636
        ],
        "type": "Point"
      },
      "properties": {
        "bangumi_id": 428735,
        "bangumi_title": "迷途之子！！！！！",
        "ep_cut": 5,
        "image_url": "https://w.junreimap.com/images/points/428735/rejioe3iy_1735453115228.jpg",
        "location": "成田机场",
        "point_id": "rejioe3iy",
        "point_name": "成田国際空港第1ターミナル チェックインカウンターA",
        "remark": "位于T1航站楼六楼的国际线出发柜台。牌子上的logo是经过修改的星空联盟logo。"
      },
      "type": "Feature"
    },
    {
      "geometry": {
        "coordinates": [
          0.684877,
          52.301543
        ],
        "type": "Point"
      },
      "properties": {
        "bangumi_id": 428735,
        "bangumi_title": "迷途之子！！！！！",
        "ep_cut": 5,
        "image_url": "https://w.junreimap.com/images/points/428735/re5wsowfi_1735423245574.jpg",
        "location": "英国",
        "point_id": "re5wsowfi",
        "point_name": "Culford School",
        "remark": "爱音留学的学校。根据校方发布的文件，校内这栋名为Culford Hall的建筑前方的道路是面向公众开放的，建筑内有学校办公室，应该不能自由进入。详见https://resources.finalsite.net/images/v1725352251/culfordcouk/xbuvqthpr7dwsuvawrma/FootpathPolicy.pdf。"
      },
      "type": "Feature"
    },
    {
      "geometry": {
        "coordinates": [
          -0.119813,
          51.501356
        ],
        "type": "Point"
      },
      "properties": {
        "bangumi_id": 428735,
        "bangumi_title": "迷途之子！！！！！",
        "ep_cut": 5,
        "image_url": "https://w.junreimap.com/images/points/428735/ii4jrgqq2_1735421286731.jpg",
        "location": "英国",
        "point_id": "ii4jrgqq2",
        "point_name": "Westminster Bridge",
        "remark": "anon留学英国的打卡地"
      },
      "type": "Feature"
    },
    {
      "geometry": {
        "coordinates": [
          139.720171,
          35.729309
        ],
        "type": "Point"
      },
      "properties": {
        "bangumi_id": 428735,
        "bangumi_title": "迷途之子！！！！！",
        "ep_cut": 5,
        "image_url": "https://w.junreimap.com/images/points/428735/re597pofd_1735421751576.jpg",
        "location": "Sunshine水族馆",
        "point_id": "re597pofd",
        "point_name": "サンシャイン​水族館",
        "remark": ""
      },
      "type": "Feature"
    },
    {
      "geometry": {
        "coordinates": [
          139.720151,
          35.729319
        ],
        "type": "Point"
      },
      "properties": {
        "bangumi_id": 428735,
        "bangumi_title": "迷途之子！！！！！",
        "ep_cut": 5,
        "image_url": "https://w.junreimap.com/images/points/428735/re5aitdxr_1735421833259.jpg",
        "location": "Sunshine水族馆",
        "point_id": "re5aitdxr",
        "point_name": "サンシャイン​水族館",
        "remark": ""
      },
      "type": "Feature"
    },
    {
      "geometry": {
        "coordinates": [
          139.720153,
          35.72931
        ],
        "type": "Point"
      },
      "properties": {
        "bangumi_id": 428735,
        "bangumi_title": "迷途之子！！！！！",
        "ep_cut": 5,
        "image_url": "https://w.junreimap.com/images/points/428735/re5cy5vaj_1735421971674.jpg",
        "location": "Sunshine水族馆",
        "point_id": "re5cy5vaj",
        "point_name": "サンシャイン​水族館",
        "remark": ""
      },
      "type": "Feature"
    },
    {
      "geometry": {
        "coordinates": [
          139.720159,
          35.729314
        ],
        "type": "Point"
      },
      "properties": {
        "bangumi_id": 428735,
        "bangumi_title": "迷途之子！！！！！",
        "ep_cut": 5,
        "image_url": "https://w.junreimap.com/images/points/428735/re5dipe83_1735422011938.jpg",
        "location": "Sunshine水族馆",
        "point_id": "re5dipe83",
        "point_name": "サンシャイン​水族館",
        "remark": ""
      },
      "type": "Feature"
    },
    {
      "geometry": {
        "coordinates": [
          139.720146,
          35.729316
        ],
        "type": "Point"
      },
      "properties": {
        "bangumi_id": 428735,
        "bangumi_title": "迷途之子！！！！！",
        "ep_cut": 5,
        "image_url": "https://w.junreimap.com/images/points/428735/re5drayei_1735422019345.jpg",
        "location": "Sunshine水族馆",
        "point_id": "re5drayei",
        "point_name": "サンシャイン​水族館",
        "remark": ""
      },
      "type": "Feature"
    },
    {
      "geometry": {
        "coordinates": [
          139.720147,
          35.729311
        ],
        "type": "Point"
      },
      "properties": {
        "bangumi_id": 428735,
        "bangumi_title": "迷途之子！！！！！",
        "ep_cut": 5,
        "image_url": "https://w.junreimap.com/images/points/428735/re5d7xc8d_1735421997881.jpg",
        "location": "Sunshine水族馆",
        "point_id": "re5d7xc8d",
        "point_name": "サンシャイン​水族館",
        "remark": ""
      },
      "type": "Feature"
    },
    {
      "geometry": {
        "coordinates": [
          139.720167,
          35.729329
        ],
        "type": "Point"
      },
      "properties": {
        "bangumi_id": 428735,
        "bangumi_title": "迷途之子！！！！！",
        "ep_cut": 5,
        "image_url": "https://w.junreimap.com/images/points/428735/re5dv9unm_1735422029900.jpg",
        "location": "Sunshine水族馆",
        "point_id": "re5dv9unm",
        "point_name": "サンシャイン​水族館",
        "remark": ""
      },
      "type": "Feature"
    },
    {
      "geometry": {
        "coordinates": [
          139.718507,
          35.729825
        ],
        "type": "Point"
      },
      "properties": {
        "bangumi_id": 428735,
        "bangumi_title": "迷途之子！！！！！",
        "ep_cut": 5,
        "image_url": "https://w.junreimap.com/images/points/428735/re5ex4v2k_1735422089508.jpg",
        "location": "Sunshine City",
        "point_id": "re5ex4v2k",
        "point_name": "サンシャインシティ",
        "remark": ""
      },
      "type": "Feature"
    },
    {
      "geometry": {
        "coordinates": [
          139.718486,
          35.729839
        ],
        "type": "Point"
      },
      "properties": {
        "bangumi_id": 428735,
        "bangumi_title": "迷途之子！！！！！",
        "ep_cut": 5,
        "image_url": "https://w.junreimap.com/images/points/428735/onj2lnlym_1735421299449.jpg",
        "location": "Sunshine City",
        "point_id": "onj2lnlym",
        "point_name": "サンシャインシティ",
        "remark": ""
      },
      "type": "Feature"
    },
    {
      "geometry": {
        "coordinates": [
          139.718496,
          35.729833
        ],
        "type": "Point"
      },
      "properties": {
        "bangumi_id": 428735,
        "bangumi_title": "迷途之子！！！！！",
        "ep_cut": 5,
        "image_url": "https://w.junreimap.com/images/points/428735/re5facrff_1735422113285.jpg",
        "location": "Sunshine City",
        "point_id": "re5facrff",
        "point_name": "サンシャインシティ",
        "remark": ""
      },
      "type": "Feature"
    },
    {
      "geometry": {
        "coordinates": [
          139.714256,
          35.713136
        ],
        "type": "Point"
      },
      "properties": {
        "bangumi_id": 428735,
        "bangumi_title": "迷途之子！！！！！",
        "ep_cut": 6,
        "image_url": "https://w.junreimap.com/images/points/428735/idmkglz2c_1735453846179.jpg",
        "location": "面影桥",
        "point_id": "idmkglz2c",
        "point_name": "面影橋",
        "remark": ""
      },
      "type": "Feature"
    },
    {
      "geometry": {
        "coordinates": [
          139.720176,
          35.716118
        ],
        "type": "Point"
      },
      "properties": {
        "bangumi_id": 428735,
        "bangumi_title": "迷途之子！！！！！",
        "ep_cut": 6,
        "image_url": "https://w.junreimap.com/images/points/428735/rek85hr29_1735454364539.jpg",
        "location": "羽丘周边",
        "point_id": "rek85hr29",
        "point_name": "日本女子大前バス停",
        "remark": "巴士车身可见路线图「目早警察署前→千母神橋前→羽丘女子学園→田高田二丁目」，大致对应了都营巴士白61系统的「目白警察署前→鬼子母神前→高田一丁目→日本女子大前→目白台三丁目」。"
      },
      "type": "Feature"
    },
    {
      "geometry": {
        "coordinates": [
          139.714259,
          35.713259
        ],
        "type": "Point"
      },
      "properties": {
        "bangumi_id": 428735,
        "bangumi_title": "迷途之子！！！！！",
        "ep_cut": 6,
        "image_url": "https://w.junreimap.com/images/points/428735/rekf5fvg0_1735454765007.jpg",
        "location": "面影桥",
        "point_id": "rekf5fvg0",
        "point_name": "面影橋",
        "remark": ""
      },
      "type": "Feature"
    },
    {
      "geometry": {
        "coordinates": [
          139.714316,
          35.713508
        ],
        "type": "Point"
      },
      "properties": {
        "bangumi_id": 428735,
        "bangumi_title": "迷途之子！！！！！",
        "ep_cut": 6,
        "image_url": "https://w.junreimap.com/images/points/428735/idmkglz3p_1735454860885.jpg",
        "location": "面影桥",
        "point_id": "idmkglz3p",
        "point_name": "立希家",
        "remark": "动画中为黑色，现实中是白色三层小楼。"
      },
      "type": "Feature"
    },
    {
      "geometry": {
        "coordinates": [
          139.714136,
          35.729599
        ],
        "type": "Point"
      },
      "properties": {
        "bangumi_id": 428735,
        "bangumi_title": "迷途之子！！！！！",
        "ep_cut": 6,
        "image_url": "https://w.junreimap.com/images/points/428735/reku42rio_1735455724758.jpg",
        "location": "池袋东口",
        "point_id": "reku42rio",
        "point_name": "東口五差路交差点",
        "remark": "这里应该是在路东侧拍摄路西侧的红绿灯和背后的路灯，角度可能会比较难找。"
      },
      "type": "Feature"
    },
    {
      "geometry": {
        "coordinates": [
          139.714116,
          35.729577
        ],
        "type": "Point"
      },
      "properties": {
        "bangumi_id": 428735,
        "bangumi_title": "迷途之子！！！！！",
        "ep_cut": 6,
        "image_url": "https://w.junreimap.com/images/points/428735/rekmumkuf_1735455221379.jpg",
        "location": "池袋东口",
        "point_id": "rekmumkuf",
        "point_name": "ロッテリア 池袋東口店",
        "remark": "素世和爱音自五差路的西北角向西穿过马路。两人背后是ロッテリア 池袋東口店。"
      },
      "type": "Feature"
    },
    {
      "geometry": {
        "coordinates": [
          139.71413,
          35.729588
        ],
        "type": "Point"
      },
      "properties": {
        "bangumi_id": 428735,
        "bangumi_title": "迷途之子！！！！！",
        "ep_cut": 6,
        "image_url": "https://w.junreimap.com/images/points/428735/rekm67qnl_1735455639404.jpg",
        "location": "池袋东口",
        "point_id": "rekm67qnl",
        "point_name": "ロッテリア 池袋東口店",
        "remark": ""
      },
      "type": "Feature"
    },
    {
      "geometry": {
        "coordinates": [
          139.71699,
          35.72285
        ],
        "type": "Point"
      },
      "properties": {
        "bangumi_id": 428735,
        "bangumi_title": "迷途之子！！！！！",
        "ep_cut": 6,
        "image_url": "https://w.junreimap.com/images/points/428735/rel2pwter_1735456307694.jpg",
        "location": "都电荒川线",
        "point_id": "rel2pwter",
        "point_name": "早稻田22号踏切",
        "remark": ""
      },
      "type": "Feature"
    },
    {
      "geometry": {
        "coordinates": [
          139.714876,
          35.720173
        ],
        "type": "Point"
      },
      "properties": {
        "bangumi_id": 428735,
        "bangumi_title": "迷途之子！！！！！",
        "ep_cut": 6,
        "image_url": "https://w.junreimap.com/images/points/428735/rel8jsey9_1735456534627.jpg",
        "location": "鬼子母神前",
        "point_id": "rel8jsey9",
        "point_name": "鬼子母神前停留場",
        "remark": ""
      },
      "type": "Feature"
    },
    {
      "geometry": {
        "coordinates": [
          139.71419,
          35.713162
        ],
        "type": "Point"
      },
      "properties": {
        "bangumi_id": 428735,
        "bangumi_title": "迷途之子！！！！！",
        "ep_cut": 6,
        "image_url": "https://w.junreimap.com/images/points/428735/relg8xszn_1735457002297.jpg",
        "location": "面影桥",
        "point_id": "relg8xszn",
        "point_name": "面影橋",
        "remark": ""
      },
      "type": "Feature"
    },
    {
      "geometry": {
        "coordinates": [
          139.71417,
          35.71331
        ],
        "type": "Point"
      },
      "properties": {
        "bangumi_id": 428735,
        "bangumi_title": "迷途之子！！！！！",
        "ep_cut": 6,
        "image_url": "https://w.junreimap.com/images/points/428735/relghceim_1735457018339.jpg",
        "location": "面影桥",
        "point_id": "relghceim",
        "point_name": "面影橋",
        "remark": ""
      },
      "type": "Feature"
    },
    {
      "geometry": {
        "coordinates": [
          139.728157,
          35.707254
        ],
        "type": "Point"
      },
      "properties": {
        "bangumi_id": 428735,
        "bangumi_title": "迷途之子！！！！！",
        "ep_cut": 6,
        "image_url": "https://w.junreimap.com/images/points/428735/idmkglzh5_1735457047238.jpg",
        "location": "花咲川周边",
        "point_id": "idmkglzh5",
        "point_name": "東京都立新宿山吹高等学校",
        "remark": "花咲川女校的原型。"
      },
      "type": "Feature"
    },
    {
      "geometry": {
        "coordinates": [
          139.714741,
          35.729795
        ],
        "type": "Point"
      },
      "properties": {
        "bangumi_id": 428735,
        "bangumi_title": "迷途之子！！！！！",
        "ep_cut": 7,
        "image_url": "https://w.junreimap.com/images/points/428735/reljglfe9_1735457203557.jpg",
        "location": "RiNG周边",
        "point_id": "reljglfe9",
        "point_name": "Mixalive TOKYO前",
        "remark": "背景中可以看到オーク​東池袋​ビル的BUSINESS LEATHER招牌。"
      },
      "type": "Feature"
    },
    {
      "geometry": {
        "coordinates": [
          139.714786,
          35.729626
        ],
        "type": "Point"
      },
      "properties": {
        "bangumi_id": 428735,
        "bangumi_title": "迷途之子！！！！！",
        "ep_cut": 7,
        "image_url": "https://w.junreimap.com/images/points/428735/jq6rj0gje_1735457377117.jpg",
        "location": "RiNG周边",
        "point_id": "jq6rj0gje",
        "point_name": "GIGO 総本店",
        "remark": "被认为是祥子破防破防时看到的sumimi歌曲MV大屏幕的原型，并忘记一切，但是这块屏幕就在Mixalive对面，所以小祥你根本没走几步"
      },
      "type": "Feature"
    },
    {
      "geometry": {
        "coordinates": [
          139.715857,
          35.730017
        ],
        "type": "Point"
      },
      "properties": {
        "bangumi_id": 428735,
        "bangumi_title": "迷途之子！！！！！",
        "ep_cut": 7,
        "image_url": "https://w.junreimap.com/images/points/428735/relsc7kez_1735457835789.jpg",
        "location": "RiNG周边",
        "point_id": "relsc7kez",
        "point_name": "ラグーンビル池袋前",
        "remark": "动画中出现大屏幕并说出「让我忘记一切吧」的实际位置在此，可通过消火栓牌子的位置定位。现实中这里有一个药店，并没有屏幕。"
      },
      "type": "Feature"
    },
    {
      "geometry": {
        "coordinates": [
          139.712761,
          35.720817
        ],
        "type": "Point"
      },
      "properties": {
        "bangumi_id": 428735,
        "bangumi_title": "迷途之子！！！！！",
        "ep_cut": 8,
        "image_url": "https://w.junreimap.com/images/points/428735/relvvglhz_1735457943322.jpg",
        "location": "千登世步道桥",
        "point_id": "relvvglhz",
        "point_name": "千登世歩道橋",
        "remark": ""
      },
      "type": "Feature"
    },
    {
      "geometry": {
        "coordinates": [
          139.71278,
          35.720749
        ],
        "type": "Point"
      },
      "properties": {
        "bangumi_id": 428735,
        "bangumi_title": "迷途之子！！！！！",
        "ep_cut": 8,
        "image_url": "https://w.junreimap.com/images/points/428735/relv746xd_1735457902788.jpg",
        "location": "千登世步道桥",
        "point_id": "relv746xd",
        "point_name": "千登世歩道橋",
        "remark": ""
      },
      "type": "Feature"
    },
    {
      "geometry": {
        "coordinates": [
          139.712589,
          35.72119
        ],
        "type": "Point"
      },
      "properties": {
        "bangumi_id": 428735,
        "bangumi_title": "迷途之子！！！！！",
        "ep_cut": 8,
        "image_url": "https://w.junreimap.com/images/points/428735/re3t1to3f_1735418592334.jpg",
        "location": "千登世步道桥",
        "point_id": "re3t1to3f",
        "point_name": "高松灯家",
        "remark": "动画设定中位于步道桥西侧，现实中步道桥西侧不存在这一建筑。从一楼的药局的名字「やまずう〇薬局」可以判断其现实原型为一楼有「うずらやま薬局」的目白邸苑。"
      },
      "type": "Feature"
    },
    {
      "geometry": {
        "coordinates": [
          139.719804,
          35.728835
        ],
        "type": "Point"
      },
      "properties": {
        "bangumi_id": 428735,
        "bangumi_title": "迷途之子！！！！！",
        "ep_cut": 8,
        "image_url": "https://w.junreimap.com/images/points/428735/relwft7mt_1735457990193.jpg",
        "location": "星象仪馆",
        "point_id": "relwft7mt",
        "point_name": "コニカミノルタ プラネタリウム満天 in Sunshine City",
        "remark": ""
      },
      "type": "Feature"
    },
    {
      "geometry": {
        "coordinates": [
          139.719877,
          35.728866
        ],
        "type": "Point"
      },
      "properties": {
        "bangumi_id": 428735,
        "bangumi_title": "迷途之子！！！！！",
        "ep_cut": 8,
        "image_url": "https://w.junreimap.com/images/points/428735/relxvgopl_1735458077764.jpg",
        "location": "星象仪馆",
        "point_id": "relxvgopl",
        "point_name": "コニカミノルタ プラネタリウム満天 in Sunshine City",
        "remark": ""
      },
      "type": "Feature"
    },
    {
      "geometry": {
        "coordinates": [
          139.719866,
          35.728861
        ],
        "type": "Point"
      },
      "properties": {
        "bangumi_id": 428735,
        "bangumi_title": "迷途之子！！！！！",
        "ep_cut": 8,
        "image_url": "https://w.junreimap.com/images/points/428735/relxhz5eq_1735458048838.jpg",
        "location": "星象仪馆",
        "point_id": "relxhz5eq",
        "point_name": "コニカミノルタ プラネタリウム満天 in Sunshine City",
        "remark": ""
      },
      "type": "Feature"
    },
    {
      "geometry": {
        "coordinates": [
          139.719872,
          35.728864
        ],
        "type": "Point"
      },
      "properties": {
        "bangumi_id": 428735,
        "bangumi_title": "迷途之子！！！！！",
        "ep_cut": 8,
        "image_url": "https://w.junreimap.com/images/points/428735/rely9jnph_1735458087506.jpg",
        "location": "星象仪馆",
        "point_id": "rely9jnph",
        "point_name": "コニカミノルタ プラネタリウム満天 in Sunshine City",
        "remark": "从星象仪馆入口处向外拍摄。"
      },
      "type": "Feature"
    },
    {
      "geometry": {
        "coordinates": [
          139.711857,
          35.729721
        ],
        "type": "Point"
      },
      "properties": {
        "bangumi_id": 428735,
        "bangumi_title": "迷途之子！！！！！",
        "ep_cut": 8,
        "image_url": "https://w.junreimap.com/images/points/428735/relyqzbah_1735458152012.jpg",
        "location": "西武池袋空中庭园",
        "point_id": "relyqzbah",
        "point_name": "食と緑の空中庭園",
        "remark": "正式名称「食と緑の空中庭園」。\n2025.5.3 花园区域被封闭施工了，来了可以远远看到绿桥，很难拍照。\n26.7.4已重新开放"
      },
      "type": "Feature"
    },
    {
      "geometry": {
        "coordinates": [
          139.711878,
          35.729759
        ],
        "type": "Point"
      },
      "properties": {
        "bangumi_id": 428735,
        "bangumi_title": "迷途之子！！！！！",
        "ep_cut": 8,
        "image_url": "https://w.junreimap.com/images/points/428735/idmkglyxq_1735458165685.jpg",
        "location": "西武池袋空中庭园",
        "point_id": "idmkglyxq",
        "point_name": "食と緑の空中庭園",
        "remark": "祥子与初华碰头的地方，动画里看起来还挺大的，实际上有点角度欺诈。直接从西武百货本馆上到9层，再往小桥看的角度还可以看到revue的塔，双厨狂喜。"
      },
      "type": "Feature"
    },
    {
      "geometry": {
        "coordinates": [
          139.711909,
          35.72976
        ],
        "type": "Point"
      },
      "properties": {
        "bangumi_id": 428735,
        "bangumi_title": "迷途之子！！！！！",
        "ep_cut": 8,
        "image_url": "https://w.junreimap.com/images/points/428735/rem0pf0td_1735458278619.jpg",
        "location": "西武池袋空中庭园",
        "point_id": "rem0pf0td",
        "point_name": "食と緑の空中庭園",
        "remark": ""
      },
      "type": "Feature"
    },
    {
      "geometry": {
        "coordinates": [
          139.711858,
          35.729777
        ],
        "type": "Point"
      },
      "properties": {
        "bangumi_id": 428735,
        "bangumi_title": "迷途之子！！！！！",
        "ep_cut": 8,
        "image_url": "https://w.junreimap.com/images/points/428735/rem1rfxc2_1735458301896.jpg",
        "location": "西武池袋空中庭园",
        "point_id": "rem1rfxc2",
        "point_name": "食と緑の空中庭園",
        "remark": ""
      },
      "type": "Feature"
    },
    {
      "geometry": {
        "coordinates": [
          139.711856,
          35.729754
        ],
        "type": "Point"
      },
      "properties": {
        "bangumi_id": 428735,
        "bangumi_title": "迷途之子！！！！！",
        "ep_cut": 8,
        "image_url": "https://w.junreimap.com/images/points/428735/rem1xe9ka_1735458310405.jpg",
        "location": "西武池袋空中庭园",
        "point_id": "rem1xe9ka",
        "point_name": "食と緑の空中庭園",
        "remark": ""
      },
      "type": "Feature"
    },
    {
      "geometry": {
        "coordinates": [
          139.711893,
          35.729743
        ],
        "type": "Point"
      },
      "properties": {
        "bangumi_id": 428735,
        "bangumi_title": "迷途之子！！！！！",
        "ep_cut": 8,
        "image_url": "https://w.junreimap.com/images/points/428735/rem23oywx_1735458319796.jpg",
        "location": "西武池袋空中庭园",
        "point_id": "rem23oywx",
        "point_name": "食と緑の空中庭園",
        "remark": "花园位于九楼，如果从池袋东口站进先左转去直梯，坐到八楼后找扶梯到九楼，路上有一定的指示标识(空中庭园/鹤仙园)4月22日起庭院施工，只能远远看到桥，工事结束时间未知"
      },
      "type": "Feature"
    },
    {
      "geometry": {
        "coordinates": [
          139.711872,
          35.729746
        ],
        "type": "Point"
      },
      "properties": {
        "bangumi_id": 428735,
        "bangumi_title": "迷途之子！！！！！",
        "ep_cut": 8,
        "image_url": "https://w.junreimap.com/images/points/428735/rem2ekeq2_1735458337853.jpg",
        "location": "西武池袋空中庭园",
        "point_id": "rem2ekeq2",
        "point_name": "食と緑の空中庭園",
        "remark": ""
      },
      "type": "Feature"
    },
    {
      "geometry": {
        "coordinates": [
          139.711875,
          35.729753
        ],
        "type": "Point"
      },
      "properties": {
        "bangumi_id": 428735,
        "bangumi_title": "迷途之子！！！！！",
        "ep_cut": 8,
        "image_url": "https://w.junreimap.com/images/points/428735/rem345sip_1735458381525.jpg",
        "location": "西武池袋空中庭园",
        "point_id": "rem345sip",
        "point_name": "食と緑の空中庭園",
        "remark": ""
      },
      "type": "Feature"
    },
    {
      "geometry": {
        "coordinates": [
          139.711866,
          35.729757
        ],
        "type": "Point"
      },
      "properties": {
        "bangumi_id": 428735,
        "bangumi_title": "迷途之子！！！！！",
        "ep_cut": 8,
        "image_url": "https://w.junreimap.com/images/points/428735/rem3avkvb_1735458392816.jpg",
        "location": "西武池袋空中庭园",
        "point_id": "rem3avkvb",
        "point_name": "食と緑の空中庭園",
        "remark": ""
      },
      "type": "Feature"
    },
    {
      "geometry": {
        "coordinates": [
          139.711889,
          35.72975
        ],
        "type": "Point"
      },
      "properties": {
        "bangumi_id": 428735,
        "bangumi_title": "迷途之子！！！！！",
        "ep_cut": 8,
        "image_url": "https://w.junreimap.com/images/points/428735/rem2zx369_1735458374810.jpg",
        "location": "西武池袋空中庭园",
        "point_id": "rem2zx369",
        "point_name": "食と緑の空中庭園",
        "remark": ""
      },
      "type": "Feature"
    },
    {
      "geometry": {
        "coordinates": [
          139.717712,
          35.716594
        ],
        "type": "Point"
      },
      "properties": {
        "bangumi_id": 428735,
        "bangumi_title": "迷途之子！！！！！",
        "ep_cut": 8,
        "image_url": "https://w.junreimap.com/images/points/428735/rem4gim01_1735458495553.jpg",
        "location": "富士见坂",
        "point_id": "rem4gim01",
        "point_name": "富士見坂",
        "remark": ""
      },
      "type": "Feature"
    },
    {
      "geometry": {
        "coordinates": [
          139.737436,
          35.750295
        ],
        "type": "Point"
      },
      "properties": {
        "bangumi_id": 428735,
        "bangumi_title": "迷途之子！！！！！",
        "ep_cut": 8,
        "image_url": "https://w.junreimap.com/images/points/428735/idmkglz1j_1735458521119.jpg",
        "location": "飞鸟山公园",
        "point_id": "idmkglz1j",
        "point_name": "飛鳥山停留場",
        "remark": "睦带素世找祥子下车的车站，西侧的三之轮桥方向站台。这里到王子站前是都电唯一一段真正的与机动车公用道路的区间。"
      },
      "type": "Feature"
    },
    {
      "geometry": {
        "coordinates": [
          139.737392,
          35.750251
        ],
        "type": "Point"
      },
      "properties": {
        "bangumi_id": 428735,
        "bangumi_title": "迷途之子！！！！！",
        "ep_cut": 8,
        "image_url": "https://w.junreimap.com/images/points/428735/rem81k1ui_1735458679092.jpg",
        "location": "飞鸟山公园",
        "point_id": "rem81k1ui",
        "point_name": "飛鳥山停留場",
        "remark": ""
      },
      "type": "Feature"
    },
    {
      "geometry": {
        "coordinates": [
          139.737634,
          35.7505
        ],
        "type": "Point"
      },
      "properties": {
        "bangumi_id": 428735,
        "bangumi_title": "迷途之子！！！！！",
        "ep_cut": 8,
        "image_url": "https://w.junreimap.com/images/points/428735/lqg1szumg_1735458694240.jpg",
        "location": "飞鸟山公园",
        "point_id": "lqg1szumg",
        "point_name": "本郷通り",
        "remark": "荒川线并入行车道的转口"
      },
      "type": "Feature"
    },
    {
      "geometry": {
        "coordinates": [
          139.745736,
          35.742995
        ],
        "type": "Point"
      },
      "properties": {
        "bangumi_id": 428735,
        "bangumi_title": "迷途之子！！！！！",
        "ep_cut": 8,
        "image_url": "https://w.junreimap.com/images/points/428735/idmkglz3a_1735458716570.jpg",
        "location": "丰川家",
        "point_id": "idmkglz3a",
        "point_name": "大谷美術館",
        "remark": "丰川家的可能原型。"
      },
      "type": "Feature"
    },
    {
      "geometry": {
        "coordinates": [
          139.745803,
          35.74292
        ],
        "type": "Point"
      },
      "properties": {
        "bangumi_id": 428735,
        "bangumi_title": "迷途之子！！！！！",
        "ep_cut": 8,
        "image_url": "https://w.junreimap.com/images/points/428735/rem97j4sq_1735458749508.jpg",
        "location": "丰川家",
        "point_id": "rem97j4sq",
        "point_name": "大谷美術館",
        "remark": ""
      },
      "type": "Feature"
    },
    {
      "geometry": {
        "coordinates": [
          139.738064,
          35.750543
        ],
        "type": "Point"
      },
      "properties": {
        "bangumi_id": 428735,
        "bangumi_title": "迷途之子！！！！！",
        "ep_cut": 8,
        "image_url": "https://w.junreimap.com/images/points/428735/remb1exoh_1735458906736.jpg",
        "location": "飞鸟山公园",
        "point_id": "remb1exoh",
        "point_name": "飛鳥山公園",
        "remark": "祥子、素世、睦对话的地方。几人站立的位置在井字形喷泉的南侧，位于喷泉和公厕之间，自南向北分别为祥子、素世、睦。25.5.4喷泉维修中"
      },
      "type": "Feature"
    },
    {
      "geometry": {
        "coordinates": [
          139.738188,
          35.750429
        ],
        "type": "Point"
      },
      "properties": {
        "bangumi_id": 428735,
        "bangumi_title": "迷途之子！！！！！",
        "ep_cut": 8,
        "image_url": "https://w.junreimap.com/images/points/428735/remdk5pno_1735459012444.jpg",
        "location": "飞鸟山公园",
        "point_id": "remdk5pno",
        "point_name": "飛鳥山公園",
        "remark": "背景中可见井字形喷泉。"
      },
      "type": "Feature"
    },
    {
      "geometry": {
        "coordinates": [
          139.738201,
          35.750485
        ],
        "type": "Point"
      },
      "properties": {
        "bangumi_id": 428735,
        "bangumi_title": "迷途之子！！！！！",
        "ep_cut": 8,
        "image_url": "https://w.junreimap.com/images/points/428735/remdr3yws_1735459025541.jpg",
        "location": "飞鸟山公园",
        "point_id": "remdr3yws",
        "point_name": "飛鳥山公園",
        "remark": "背景中的建筑物是位于南侧的公厕。"
      },
      "type": "Feature"
    },
    {
      "geometry": {
        "coordinates": [
          139.738178,
          35.750427
        ],
        "type": "Point"
      },
      "properties": {
        "bangumi_id": 428735,
        "bangumi_title": "迷途之子！！！！！",
        "ep_cut": 8,
        "image_url": "https://w.junreimap.com/images/points/428735/remeq5wwm_1735459085079.jpg",
        "location": "飞鸟山公园",
        "point_id": "remeq5wwm",
        "point_name": "飛鳥山公園",
        "remark": ""
      },
      "type": "Feature"
    },
    {
      "geometry": {
        "coordinates": [
          139.738183,
          35.750411
        ],
        "type": "Point"
      },
      "properties": {
        "bangumi_id": 428735,
        "bangumi_title": "迷途之子！！！！！",
        "ep_cut": 8,
        "image_url": "https://w.junreimap.com/images/points/428735/remg0gexw_1735459161910.jpg",
        "location": "飞鸟山公园",
        "point_id": "remg0gexw",
        "point_name": "飛鳥山公園",
        "remark": ""
      },
      "type": "Feature"
    },
    {
      "geometry": {
        "coordinates": [
          139.737982,
          35.750614
        ],
        "type": "Point"
      },
      "properties": {
        "bangumi_id": 428735,
        "bangumi_title": "迷途之子！！！！！",
        "ep_cut": 8,
        "image_url": "https://w.junreimap.com/images/points/428735/remgbwmrs_1735459181348.jpg",
        "location": "飞鸟山公园",
        "point_id": "remgbwmrs",
        "point_name": "飛鳥山公園",
        "remark": ""
      },
      "type": "Feature"
    },
    {
      "geometry": {
        "coordinates": [
          139.738186,
          35.75042
        ],
        "type": "Point"
      },
      "properties": {
        "bangumi_id": 428735,
        "bangumi_title": "迷途之子！！！！！",
        "ep_cut": 8,
        "image_url": "https://w.junreimap.com/images/points/428735/remgm5i07_1735459213137.jpg",
        "location": "飞鸟山公园",
        "point_id": "remgm5i07",
        "point_name": "飛鳥山公園",
        "remark": ""
      },
      "type": "Feature"
    },
    {
      "geometry": {
        "coordinates": [
          139.738198,
          35.750467
        ],
        "type": "Point"
      },
      "properties": {
        "bangumi_id": 428735,
        "bangumi_title": "迷途之子！！！！！",
        "ep_cut": 8,
        "image_url": "https://w.junreimap.com/images/points/428735/remh6ar4m_1735459230989.jpg",
        "location": "飞鸟山公园",
        "point_id": "remh6ar4m",
        "point_name": "飛鳥山公園",
        "remark": ""
      },
      "type": "Feature"
    },
    {
      "geometry": {
        "coordinates": [
          139.738159,
          35.750462
        ],
        "type": "Point"
      },
      "properties": {
        "bangumi_id": 428735,
        "bangumi_title": "迷途之子！！！！！",
        "ep_cut": 8,
        "image_url": "https://w.junreimap.com/images/points/428735/idmkglzdx_1735459242761.jpg",
        "location": "飞鸟山公园",
        "point_id": "idmkglzdx",
        "point_name": "飛鳥山公園",
        "remark": "素世拉住祥子下跪的地方。顺带一提在飞鸟山公园香澄与阿妙也有次灵魂对撞，属于是公用圣地。"
      },
      "type": "Feature"
    },
    {
      "geometry": {
        "coordinates": [
          139.7382,
          35.750479
        ],
        "type": "Point"
      },
      "properties": {
        "bangumi_id": 428735,
        "bangumi_title": "迷途之子！！！！！",
        "ep_cut": 8,
        "image_url": "https://w.junreimap.com/images/points/428735/remhtfb1m_1735459270486.jpg",
        "location": "飞鸟山公园",
        "point_id": "remhtfb1m",
        "point_name": "飛鳥山公園",
        "remark": ""
      },
      "type": "Feature"
    },
    {
      "geometry": {
        "coordinates": [
          139.738184,
          35.750413
        ],
        "type": "Point"
      },
      "properties": {
        "bangumi_id": 428735,
        "bangumi_title": "迷途之子！！！！！",
        "ep_cut": 8,
        "image_url": "https://w.junreimap.com/images/points/428735/remi8mkbu_1735459297135.jpg",
        "location": "飞鸟山公园",
        "point_id": "remi8mkbu",
        "point_name": "飛鳥山公園",
        "remark": ""
      },
      "type": "Feature"
    },
    {
      "geometry": {
        "coordinates": [
          139.738195,
          35.750455
        ],
        "type": "Point"
      },
      "properties": {
        "bangumi_id": 428735,
        "bangumi_title": "迷途之子！！！！！",
        "ep_cut": 8,
        "image_url": "https://w.junreimap.com/images/points/428735/remijsacw_1735459316104.jpg",
        "location": "飞鸟山公园",
        "point_id": "remijsacw",
        "point_name": "飛鳥山公園",
        "remark": ""
      },
      "type": "Feature"
    },
    {
      "geometry": {
        "coordinates": [
          139.738196,
          35.750458
        ],
        "type": "Point"
      },
      "properties": {
        "bangumi_id": 428735,
        "bangumi_title": "迷途之子！！！！！",
        "ep_cut": 8,
        "image_url": "https://w.junreimap.com/images/points/428735/remirzk9x_1735459327990.jpg",
        "location": "飞鸟山公园",
        "point_id": "remirzk9x",
        "point_name": "飛鳥山公園",
        "remark": ""
      },
      "type": "Feature"
    },
    {
      "geometry": {
        "coordinates": [
          139.738185,
          35.750435
        ],
        "type": "Point"
      },
      "properties": {
        "bangumi_id": 428735,
        "bangumi_title": "迷途之子！！！！！",
        "ep_cut": 8,
        "image_url": "https://w.junreimap.com/images/points/428735/remj56s4j_1735459350260.jpg",
        "location": "飞鸟山公园",
        "point_id": "remj56s4j",
        "point_name": "飛鳥山公園",
        "remark": ""
      },
      "type": "Feature"
    },
    {
      "geometry": {
        "coordinates": [
          139.738163,
          35.750438
        ],
        "type": "Point"
      },
      "properties": {
        "bangumi_id": 428735,
        "bangumi_title": "迷途之子！！！！！",
        "ep_cut": 8,
        "image_url": "https://w.junreimap.com/images/points/428735/remjpdbb0_1735459385902.jpg",
        "location": "飞鸟山公园",
        "point_id": "remjpdbb0",
        "point_name": "飛鳥山公園",
        "remark": ""
      },
      "type": "Feature"
    },
    {
      "geometry": {
        "coordinates": [
          139.738181,
          35.750404
        ],
        "type": "Point"
      },
      "properties": {
        "bangumi_id": 428735,
        "bangumi_title": "迷途之子！！！！！",
        "ep_cut": 8,
        "image_url": "https://w.junreimap.com/images/points/428735/remjzpu3b_1735459401990.jpg",
        "location": "飞鸟山公园",
        "point_id": "remjzpu3b",
        "point_name": "飛鳥山公園",
        "remark": ""
      },
      "type": "Feature"
    },
    {
      "geometry": {
        "coordinates": [
          139.738246,
          35.750768
        ],
        "type": "Point"
      },
      "properties": {
        "bangumi_id": 428735,
        "bangumi_title": "迷途之子！！！！！",
        "ep_cut": 8,
        "image_url": "https://w.junreimap.com/images/points/428735/remkezorh_1735459430326.jpg",
        "location": "飞鸟山公园",
        "point_id": "remkezorh",
        "point_name": "飛鳥山公園",
        "remark": ""
      },
      "type": "Feature"
    },
    {
      "geometry": {
        "coordinates": [
          139.7382,
          35.750476
        ],
        "type": "Point"
      },
      "properties": {
        "bangumi_id": 428735,
        "bangumi_title": "迷途之子！！！！！",
        "ep_cut": 8,
        "image_url": "https://w.junreimap.com/images/points/428735/remkya9q0_1735459468670.jpg",
        "location": "飞鸟山公园",
        "point_id": "remkya9q0",
        "point_name": "飛鳥山公園",
        "remark": ""
      },
      "type": "Feature"
    },
    {
      "geometry": {
        "coordinates": [
          139.738171,
          35.750424
        ],
        "type": "Point"
      },
      "properties": {
        "bangumi_id": 428735,
        "bangumi_title": "迷途之子！！！！！",
        "ep_cut": 8,
        "image_url": "https://w.junreimap.com/images/points/428735/remm7q2ey_1735459538647.jpg",
        "location": "飞鸟山公园",
        "point_id": "remm7q2ey",
        "point_name": "飛鳥山公園",
        "remark": ""
      },
      "type": "Feature"
    },
    {
      "geometry": {
        "coordinates": [
          139.738182,
          35.750424
        ],
        "type": "Point"
      },
      "properties": {
        "bangumi_id": 428735,
        "bangumi_title": "迷途之子！！！！！",
        "ep_cut": 8,
        "image_url": "https://w.junreimap.com/images/points/428735/remmmp1tz_1735459561605.jpg",
        "location": "飞鸟山公园",
        "point_id": "remmmp1tz",
        "point_name": "飛鳥山公園",
        "remark": ""
      },
      "type": "Feature"
    },
    {
      "geometry": {
        "coordinates": [
          139.738177,
          35.750421
        ],
        "type": "Point"
      },
      "properties": {
        "bangumi_id": 428735,
        "bangumi_title": "迷途之子！！！！！",
        "ep_cut": 8,
        "image_url": "https://w.junreimap.com/images/points/428735/remmtxf1x_1735459572972.jpg",
        "location": "飞鸟山公园",
        "point_id": "remmtxf1x",
        "point_name": "飛鳥山公園",
        "remark": ""
      },
      "type": "Feature"
    },
    {
      "geometry": {
        "coordinates": [
          139.738172,
          35.750414
        ],
        "type": "Point"
      },
      "properties": {
        "bangumi_id": 428735,
        "bangumi_title": "迷途之子！！！！！",
        "ep_cut": 8,
        "image_url": "https://w.junreimap.com/images/points/428735/remnvnm4n_1735459646097.jpg",
        "location": "飞鸟山公园",
        "point_id": "remnvnm4n",
        "point_name": "飛鳥山公園",
        "remark": ""
      },
      "type": "Feature"
    },
    {
      "geometry": {
        "coordinates": [
          139.738178,
          35.750416
        ],
        "type": "Point"
      },
      "properties": {
        "bangumi_id": 428735,
        "bangumi_title": "迷途之子！！！！！",
        "ep_cut": 8,
        "image_url": "https://w.junreimap.com/images/points/428735/remojdwco_1735459677280.jpg",
        "location": "飞鸟山公园",
        "point_id": "remojdwco",
        "point_name": "飛鳥山公園",
        "remark": ""
      },
      "type": "Feature"
    },
    {
      "geometry": {
        "coordinates": [
          139.738175,
          35.750424
        ],
        "type": "Point"
      },
      "properties": {
        "bangumi_id": 428735,
        "bangumi_title": "迷途之子！！！！！",
        "ep_cut": 8,
        "image_url": "https://w.junreimap.com/images/points/428735/remopcw4s_1735459686309.jpg",
        "location": "飞鸟山公园",
        "point_id": "remopcw4s",
        "point_name": "飛鳥山公園",
        "remark": ""
      },
      "type": "Feature"
    },
    {
      "geometry": {
        "coordinates": [
          139.738177,
          35.750419
        ],
        "type": "Point"
      },
      "properties": {
        "bangumi_id": 428735,
        "bangumi_title": "迷途之子！！！！！",
        "ep_cut": 8,
        "image_url": "https://w.junreimap.com/images/points/428735/removcn0b_1735459696115.jpg",
        "location": "飞鸟山公园",
        "point_id": "removcn0b",
        "point_name": "飛鳥山公園",
        "remark": ""
      },
      "type": "Feature"
    },
    {
      "geometry": {
        "coordinates": [
          139.738175,
          35.75042
        ],
        "type": "Point"
      },
      "properties": {
        "bangumi_id": 428735,
        "bangumi_title": "迷途之子！！！！！",
        "ep_cut": 8,
        "image_url": "https://w.junreimap.com/images/points/428735/remp0gci3_1735459704823.jpg",
        "location": "飞鸟山公园",
        "point_id": "remp0gci3",
        "point_name": "飛鳥山公園",
        "remark": ""
      },
      "type": "Feature"
    },
    {
      "geometry": {
        "coordinates": [
          139.738175,
          35.750418
        ],
        "type": "Point"
      },
      "properties": {
        "bangumi_id": 428735,
        "bangumi_title": "迷途之子！！！！！",
        "ep_cut": 8,
        "image_url": "https://w.junreimap.com/images/points/428735/rempjmpsa_1735459737024.jpg",
        "location": "飞鸟山公园",
        "point_id": "rempjmpsa",
        "point_name": "飛鳥山公園",
        "remark": ""
      },
      "type": "Feature"
    },
    {
      "geometry": {
        "coordinates": [
          139.738171,
          35.750389
        ],
        "type": "Point"
      },
      "properties": {
        "bangumi_id": 428735,
        "bangumi_title": "迷途之子！！！！！",
        "ep_cut": 8,
        "image_url": "https://w.junreimap.com/images/points/428735/remq2p6pc_1735459770134.jpg",
        "location": "飞鸟山公园",
        "point_id": "remq2p6pc",
        "point_name": "飛鳥山公園",
        "remark": ""
      },
      "type": "Feature"
    },
    {
      "geometry": {
        "coordinates": [
          139.727772,
          35.659498
        ],
        "type": "Point"
      },
      "properties": {
        "bangumi_id": 428735,
        "bangumi_title": "迷途之子！！！！！",
        "ep_cut": 9,
        "image_url": "https://w.junreimap.com/images/points/428735/remrvrxk1_1735459888825.jpg",
        "location": "素世家",
        "point_id": "remrvrxk1",
        "point_name": "素世家",
        "remark": "六本木ヒルズレジデンスB棟，拍摄点位在西侧的这个路口。"
      },
      "type": "Feature"
    },
    {
      "geometry": {
        "coordinates": [
          139.729421,
          35.658852
        ],
        "type": "Point"
      },
      "properties": {
        "bangumi_id": 428735,
        "bangumi_title": "迷途之子！！！！！",
        "ep_cut": 9,
        "image_url": "https://w.junreimap.com/images/points/428735/remtzaz51_1735460023188.jpg",
        "location": "素世家",
        "point_id": "remtzaz51",
        "point_name": "素世家",
        "remark": "动画中出现的素世家内装与六本木ヒルズレジデンスB棟的最高层户型「ペントハウス」也完全一致。价格据说接近十亿日元。"
      },
      "type": "Feature"
    },
    {
      "geometry": {
        "coordinates": [
          139.729128,
          35.731161
        ],
        "type": "Point"
      },
      "properties": {
        "bangumi_id": 428735,
        "bangumi_title": "迷途之子！！！！！",
        "ep_cut": 9,
        "image_url": "https://w.junreimap.com/images/points/428735/mp20on0xq_1735460471618.jpg",
        "location": "都电荒川线",
        "point_id": "mp20on0xq",
        "point_name": "大塚駅前踏切",
        "remark": "正式名称为「南大塚1号踏切」，位于大塚站前停留所南侧。图中场景为踏切东北向西南拍摄。立希和灯乘坐的电车向南前进，最终两人会在鬼子母神前停留所下车。\n如果从这里坐电车去巡其他景点一般是往早稻田方向(应该只有飞鸟山是另一方向)，谷歌地图入站口信息可能有误，注意确认。"
      },
      "type": "Feature"
    },
    {
      "geometry": {
        "coordinates": [
          139.712763,
          35.72081
        ],
        "type": "Point"
      },
      "properties": {
        "bangumi_id": 428735,
        "bangumi_title": "迷途之子！！！！！",
        "ep_cut": 9,
        "image_url": "https://w.junreimap.com/images/points/428735/ren64ttyl_1735460748259.jpg",
        "location": "千登世步道桥",
        "point_id": "ren64ttyl",
        "point_name": "千登世歩道橋",
        "remark": ""
      },
      "type": "Feature"
    },
    {
      "geometry": {
        "coordinates": [
          139.712876,
          35.720846
        ],
        "type": "Point"
      },
      "properties": {
        "bangumi_id": 428735,
        "bangumi_title": "迷途之子！！！！！",
        "ep_cut": 9,
        "image_url": "https://w.junreimap.com/images/points/428735/ren6yxuab_1735460791120.jpg",
        "location": "千登世步道桥",
        "point_id": "ren6yxuab",
        "point_name": "千登世歩道橋",
        "remark": ""
      },
      "type": "Feature"
    },
    {
      "geometry": {
        "coordinates": [
          139.714137,
          35.713156
        ],
        "type": "Point"
      },
      "properties": {
        "bangumi_id": 428735,
        "bangumi_title": "迷途之子！！！！！",
        "ep_cut": 9,
        "image_url": "https://w.junreimap.com/images/points/428735/ren8843ne_1735460866978.jpg",
        "location": "面影桥",
        "point_id": "ren8843ne",
        "point_name": "面影橋",
        "remark": ""
      },
      "type": "Feature"
    },
    {
      "geometry": {
        "coordinates": [
          139.714225,
          35.713242
        ],
        "type": "Point"
      },
      "properties": {
        "bangumi_id": 428735,
        "bangumi_title": "迷途之子！！！！！",
        "ep_cut": 9,
        "image_url": "https://w.junreimap.com/images/points/428735/ren8hqkye_1735460925530.jpg",
        "location": "面影桥",
        "point_id": "ren8hqkye",
        "point_name": "面影橋",
        "remark": ""
      },
      "type": "Feature"
    },
    {
      "geometry": {
        "coordinates": [
          139.714905,
          35.720193
        ],
        "type": "Point"
      },
      "properties": {
        "bangumi_id": 428735,
        "bangumi_title": "迷途之子！！！！！",
        "ep_cut": 9,
        "image_url": "https://w.junreimap.com/images/points/428735/ren9s1fcy_1735460973209.jpg",
        "location": "鬼子母神前",
        "point_id": "ren9s1fcy",
        "point_name": "鬼子母神前停留場",
        "remark": "灯和爱音位于路线西侧的三之轮桥方向站台。"
      },
      "type": "Feature"
    },
    {
      "geometry": {
        "coordinates": [
          139.714705,
          35.720089
        ],
        "type": "Point"
      },
      "properties": {
        "bangumi_id": 428735,
        "bangumi_title": "迷途之子！！！！！",
        "ep_cut": 9,
        "image_url": "https://w.junreimap.com/images/points/428735/rencnch4c_1735461134353.jpg",
        "location": "鬼子母神前",
        "point_id": "rencnch4c",
        "point_name": "鬼子母神前停留場",
        "remark": "因施工原因谷歌地图导航的千登世桥路线被封，需要从成人桥与千登世桥中间的路口上坡前往电车站，施工预计25.5.31结束"
      },
      "type": "Feature"
    },
    {
      "geometry": {
        "coordinates": [
          139.714769,
          35.720174
        ],
        "type": "Point"
      },
      "properties": {
        "bangumi_id": 428735,
        "bangumi_title": "迷途之子！！！！！",
        "ep_cut": 9,
        "image_url": "https://w.junreimap.com/images/points/428735/rencu4a6z_1735461145496.jpg",
        "location": "鬼子母神前",
        "point_id": "rencu4a6z",
        "point_name": "鬼子母神前停留場",
        "remark": ""
      },
      "type": "Feature"
    },
    {
      "geometry": {
        "coordinates": [
          139.714773,
          35.720164
        ],
        "type": "Point"
      },
      "properties": {
        "bangumi_id": 428735,
        "bangumi_title": "迷途之子！！！！！",
        "ep_cut": 9,
        "image_url": "https://w.junreimap.com/images/points/428735/rend7with_1735461168750.jpg",
        "location": "鬼子母神前",
        "point_id": "rend7with",
        "point_name": "鬼子母神前停留場",
        "remark": ""
      },
      "type": "Feature"
    },
    {
      "geometry": {
        "coordinates": [
          139.714827,
          35.720111
        ],
        "type": "Point"
      },
      "properties": {
        "bangumi_id": 428735,
        "bangumi_title": "迷途之子！！！！！",
        "ep_cut": 9,
        "image_url": "https://w.junreimap.com/images/points/428735/idmkglzgl_1735461278362.jpg",
        "location": "鬼子母神前",
        "point_id": "idmkglzgl",
        "point_name": "鬼子母神前停留場",
        "remark": "设定上离灯家最近的车站，附近还有月之森的原型日本女子大学。所以灯和月之森在读的角色都经常出现在这里，立希也经常陪灯坐车到这里并送她回家。"
      },
      "type": "Feature"
    },
    {
      "geometry": {
        "coordinates": [
          139.714765,
          35.720166
        ],
        "type": "Point"
      },
      "properties": {
        "bangumi_id": 428735,
        "bangumi_title": "迷途之子！！！！！",
        "ep_cut": 9,
        "image_url": "https://w.junreimap.com/images/points/428735/renfm89kj_1735461313658.jpg",
        "location": "鬼子母神前",
        "point_id": "renfm89kj",
        "point_name": "鬼子母神前停留場",
        "remark": ""
      },
      "type": "Feature"
    },
    {
      "geometry": {
        "coordinates": [
          139.714773,
          35.72017
        ],
        "type": "Point"
      },
      "properties": {
        "bangumi_id": 428735,
        "bangumi_title": "迷途之子！！！！！",
        "ep_cut": 9,
        "image_url": "https://w.junreimap.com/images/points/428735/renfs7bhl_1735461323482.jpg",
        "location": "鬼子母神前",
        "point_id": "renfs7bhl",
        "point_name": "鬼子母神前停留場",
        "remark": ""
      },
      "type": "Feature"
    },
    {
      "geometry": {
        "coordinates": [
          139.71483,
          35.720116
        ],
        "type": "Point"
      },
      "properties": {
        "bangumi_id": 428735,
        "bangumi_title": "迷途之子！！！！！",
        "ep_cut": 9,
        "image_url": "https://w.junreimap.com/images/points/428735/reng2u46z_1735461342862.jpg",
        "location": "鬼子母神前",
        "point_id": "reng2u46z",
        "point_name": "鬼子母神前停留場",
        "remark": ""
      },
      "type": "Feature"
    },
    {
      "geometry": {
        "coordinates": [
          139.714831,
          35.72012
        ],
        "type": "Point"
      },
      "properties": {
        "bangumi_id": 428735,
        "bangumi_title": "迷途之子！！！！！",
        "ep_cut": 9,
        "image_url": "https://w.junreimap.com/images/points/428735/renghf8x7_1735461371220.jpg",
        "location": "鬼子母神前",
        "point_id": "renghf8x7",
        "point_name": "鬼子母神前停留場",
        "remark": ""
      },
      "type": "Feature"
    },
    {
      "geometry": {
        "coordinates": [
          139.71482,
          35.720113
        ],
        "type": "Point"
      },
      "properties": {
        "bangumi_id": 428735,
        "bangumi_title": "迷途之子！！！！！",
        "ep_cut": 9,
        "image_url": "https://w.junreimap.com/images/points/428735/rengvm2xb_1735461389774.jpg",
        "location": "鬼子母神前",
        "point_id": "rengvm2xb",
        "point_name": "鬼子母神前停留場",
        "remark": ""
      },
      "type": "Feature"
    },
    {
      "geometry": {
        "coordinates": [
          139.714824,
          35.720109
        ],
        "type": "Point"
      },
      "properties": {
        "bangumi_id": 428735,
        "bangumi_title": "迷途之子！！！！！",
        "ep_cut": 9,
        "image_url": "https://w.junreimap.com/images/points/428735/renh1j32p_1735461400369.jpg",
        "location": "鬼子母神前",
        "point_id": "renh1j32p",
        "point_name": "鬼子母神前停留場",
        "remark": ""
      },
      "type": "Feature"
    },
    {
      "geometry": {
        "coordinates": [
          139.719329,
          35.711776
        ],
        "type": "Point"
      },
      "properties": {
        "bangumi_id": 428735,
        "bangumi_title": "迷途之子！！！！！",
        "ep_cut": 9,
        "image_url": "https://w.junreimap.com/images/points/428735/idmkglz2q_1735461424802.jpg",
        "location": "都电荒川线",
        "point_id": "idmkglz2q",
        "point_name": "早稲田停留場",
        "remark": "都电荒川线最南侧的终点站，立希与素世在此擦身而过。"
      },
      "type": "Feature"
    },
    {
      "geometry": {
        "coordinates": [
          139.719036,
          35.711815
        ],
        "type": "Point"
      },
      "properties": {
        "bangumi_id": 428735,
        "bangumi_title": "迷途之子！！！！！",
        "ep_cut": 9,
        "image_url": "https://w.junreimap.com/images/points/428735/renk4ofs0_1735461586922.jpg",
        "location": "都电荒川线",
        "point_id": "renk4ofs0",
        "point_name": "早稲田停留場",
        "remark": ""
      },
      "type": "Feature"
    },
    {
      "geometry": {
        "coordinates": [
          139.719004,
          35.711819
        ],
        "type": "Point"
      },
      "properties": {
        "bangumi_id": 428735,
        "bangumi_title": "迷途之子！！！！！",
        "ep_cut": 9,
        "image_url": "https://w.junreimap.com/images/points/428735/renjis686_1735461572577.jpg",
        "location": "都电荒川线",
        "point_id": "renjis686",
        "point_name": "早稲田停留場",
        "remark": ""
      },
      "type": "Feature"
    },
    {
      "geometry": {
        "coordinates": [
          139.713823,
          35.718807
        ],
        "type": "Point"
      },
      "properties": {
        "bangumi_id": 428735,
        "bangumi_title": "迷途之子！！！！！",
        "ep_cut": 9,
        "image_url": "https://w.junreimap.com/images/points/428735/rennnrj4h_1735461812165.jpg",
        "location": "千登世桥",
        "point_id": "rennnrj4h",
        "point_name": "千登世小橋",
        "remark": "在桥北拍摄桥南。"
      },
      "type": "Feature"
    },
    {
      "geometry": {
        "coordinates": [
          139.71375,
          35.718763
        ],
        "type": "Point"
      },
      "properties": {
        "bangumi_id": 428735,
        "bangumi_title": "迷途之子！！！！！",
        "ep_cut": 9,
        "image_url": "https://w.junreimap.com/images/points/428735/renqkz0u9_1735461979460.jpg",
        "location": "千登世桥",
        "point_id": "renqkz0u9",
        "point_name": "千登世小橋",
        "remark": ""
      },
      "type": "Feature"
    },
    {
      "geometry": {
        "coordinates": [
          139.713762,
          35.718758
        ],
        "type": "Point"
      },
      "properties": {
        "bangumi_id": 428735,
        "bangumi_title": "迷途之子！！！！！",
        "ep_cut": 9,
        "image_url": "https://w.junreimap.com/images/points/428735/renr0ovr3_1735462003692.jpg",
        "location": "千登世桥",
        "point_id": "renr0ovr3",
        "point_name": "千登世小橋",
        "remark": ""
      },
      "type": "Feature"
    },
    {
      "geometry": {
        "coordinates": [
          139.713769,
          35.718754
        ],
        "type": "Point"
      },
      "properties": {
        "bangumi_id": 428735,
        "bangumi_title": "迷途之子！！！！！",
        "ep_cut": 9,
        "image_url": "https://w.junreimap.com/images/points/428735/renr9uhvt_1735462018229.jpg",
        "location": "千登世桥",
        "point_id": "renr9uhvt",
        "point_name": "千登世小橋",
        "remark": ""
      },
      "type": "Feature"
    },
    {
      "geometry": {
        "coordinates": [
          139.716927,
          35.715725
        ],
        "type": "Point"
      },
      "properties": {
        "bangumi_id": 428735,
        "bangumi_title": "迷途之子！！！！！",
        "ep_cut": 10,
        "image_url": "https://w.junreimap.com/images/points/428735/renx1cu1b_1735462420944.jpg",
        "location": "富士见坂",
        "point_id": "renx1cu1b",
        "point_name": "稲荷坂 交通ミラー",
        "remark": ""
      },
      "type": "Feature"
    },
    {
      "geometry": {
        "coordinates": [
          139.717143,
          35.715855
        ],
        "type": "Point"
      },
      "properties": {
        "bangumi_id": 428735,
        "bangumi_title": "迷途之子！！！！！",
        "ep_cut": 10,
        "image_url": "https://w.junreimap.com/images/points/428735/reo1s9qzr_1735462667782.jpg",
        "location": "富士见坂",
        "point_id": "reo1s9qzr",
        "point_name": "富士見坂",
        "remark": "这里的背景是路西侧民宅门口花坛的围墙，旁边有一个写着14-70的电线杆。"
      },
      "type": "Feature"
    },
    {
      "geometry": {
        "coordinates": [
          139.717066,
          35.715748
        ],
        "type": "Point"
      },
      "properties": {
        "bangumi_id": 428735,
        "bangumi_title": "迷途之子！！！！！",
        "ep_cut": 10,
        "image_url": "https://w.junreimap.com/images/points/428735/renuiwqr7_1735462224528.jpg",
        "location": "富士见坂",
        "point_id": "renuiwqr7",
        "point_name": "富士見坂",
        "remark": ""
      },
      "type": "Feature"
    },
    {
      "geometry": {
        "coordinates": [
          139.717152,
          35.715867
        ],
        "type": "Point"
      },
      "properties": {
        "bangumi_id": 428735,
        "bangumi_title": "迷途之子！！！！！",
        "ep_cut": 10,
        "image_url": "https://w.junreimap.com/images/points/428735/reolj0pyd_1735463849986.jpg",
        "location": "富士见坂",
        "point_id": "reolj0pyd",
        "point_name": "富士見坂",
        "remark": ""
      },
      "type": "Feature"
    },
    {
      "geometry": {
        "coordinates": [
          139.718224,
          35.716728
        ],
        "type": "Point"
      },
      "properties": {
        "bangumi_id": 428735,
        "bangumi_title": "迷途之子！！！！！",
        "ep_cut": 10,
        "image_url": "https://w.junreimap.com/images/points/428735/reo4bpn1g_1735462854462.jpg",
        "location": "羽丘周边",
        "point_id": "reo4bpn1g",
        "point_name": "目白台二丁目交差点",
        "remark": "位于羽丘（日本女大）附近的路口。这张图需要从路口南侧向北拍摄。前景是两段斑马线中间的安全岛上的三方向的人行道红绿灯。背景中有电箱的杆子是更北侧的公路红绿灯，上面有横向写着「目白台二丁目」的牌子，在图中露出了最后一个字。需要找好位置让两个红绿灯排在一条直线上才能拍出一致的图。"
      },
      "type": "Feature"
    },
    {
      "geometry": {
        "coordinates": [
          139.719794,
          35.728824
        ],
        "type": "Point"
      },
      "properties": {
        "bangumi_id": 428735,
        "bangumi_title": "迷途之子！！！！！",
        "ep_cut": 10,
        "image_url": "https://w.junreimap.com/images/points/428735/reol1mx3p_1735463819619.jpg",
        "location": "星象仪馆「满天」",
        "point_id": "reol1mx3p",
        "point_name": "コニカミノルタ プラネタリウム満天 in Sunshine City",
        "remark": "达到商场4楼平台后直接前往后面的大楼入口，乘直梯到屋上。注意商场办展览时会把两馆与展览放在一张指示牌上引导，但实际并不在一个地方，不要被误导了。星象馆放送一场约50分钟，可借用英文同声翻译器，但日语知名声优与AI英语对比下好像这个(指翻译器)不需要了"
      },
      "type": "Feature"
    },
    {
      "geometry": {
        "coordinates": [
          139.719793,
          35.72883
        ],
        "type": "Point"
      },
      "properties": {
        "bangumi_id": 428735,
        "bangumi_title": "迷途之子！！！！！",
        "ep_cut": 10,
        "image_url": "https://w.junreimap.com/images/points/428735/reomkjsf4_1735463913129.jpg",
        "location": "星象仪馆「满天」",
        "point_id": "reomkjsf4",
        "point_name": "コニカミノルタ プラネタリウム満天 in Sunshine City",
        "remark": ""
      },
      "type": "Feature"
    },
    {
      "geometry": {
        "coordinates": [
          139.718423,
          35.729868
        ],
        "type": "Point"
      },
      "properties": {
        "bangumi_id": 428735,
        "bangumi_title": "迷途之子！！！！！",
        "ep_cut": 10,
        "image_url": "https://w.junreimap.com/images/points/428735/reonp7obq_1735463993708.jpg",
        "location": "Sunshine City",
        "point_id": "reonp7obq",
        "point_name": "サンシャインシティ",
        "remark": ""
      },
      "type": "Feature"
    },
    {
      "geometry": {
        "coordinates": [
          139.718577,
          35.729744
        ],
        "type": "Point"
      },
      "properties": {
        "bangumi_id": 428735,
        "bangumi_title": "迷途之子！！！！！",
        "ep_cut": 10,
        "image_url": "https://w.junreimap.com/images/points/428735/reooltti6_1735464040173.jpg",
        "location": "Sunshine City",
        "point_id": "reooltti6",
        "point_name": "サンシャインシティ",
        "remark": ""
      },
      "type": "Feature"
    },
    {
      "geometry": {
        "coordinates": [
          139.718594,
          35.729792
        ],
        "type": "Point"
      },
      "properties": {
        "bangumi_id": 428735,
        "bangumi_title": "迷途之子！！！！！",
        "ep_cut": 10,
        "image_url": "https://w.junreimap.com/images/points/428735/reoqonbmu_1735464176198.jpg",
        "location": "Sunshine City",
        "point_id": "reoqonbmu",
        "point_name": "サンシャインシティ",
        "remark": "灯和初华坐在楼梯最高层的部分。"
      },
      "type": "Feature"
    },
    {
      "geometry": {
        "coordinates": [
          139.718573,
          35.729733
        ],
        "type": "Point"
      },
      "properties": {
        "bangumi_id": 428735,
        "bangumi_title": "迷途之子！！！！！",
        "ep_cut": 10,
        "image_url": "https://w.junreimap.com/images/points/428735/reorn9qth_1735464217907.jpg",
        "location": "Sunshine City",
        "point_id": "reorn9qth",
        "point_name": "サンシャインシティ",
        "remark": ""
      },
      "type": "Feature"
    },
    {
      "geometry": {
        "coordinates": [
          139.718589,
          35.729749
        ],
        "type": "Point"
      },
      "properties": {
        "bangumi_id": 428735,
        "bangumi_title": "迷途之子！！！！！",
        "ep_cut": 10,
        "image_url": "https://w.junreimap.com/images/points/428735/reortryt7_1735464228905.jpg",
        "location": "Sunshine City",
        "point_id": "reortryt7",
        "point_name": "サンシャインシティ",
        "remark": ""
      },
      "type": "Feature"
    },
    {
      "geometry": {
        "coordinates": [
          139.71858,
          35.729749
        ],
        "type": "Point"
      },
      "properties": {
        "bangumi_id": 428735,
        "bangumi_title": "迷途之子！！！！！",
        "ep_cut": 10,
        "image_url": "https://w.junreimap.com/images/points/428735/reosjjr33_1735464363800.jpg",
        "location": "Sunshine City",
        "point_id": "reosjjr33",
        "point_name": "サンシャインシティ アネックス",
        "remark": "位于Sunshine City西侧，仰拍。此处初华正在和灯讨论北极星，画面中也可以看到小熊座与北极星，有兴趣的话可以查询星图确认什么时间点能拍到一致的照片。"
      },
      "type": "Feature"
    },
    {
      "geometry": {
        "coordinates": [
          139.718571,
          35.729753
        ],
        "type": "Point"
      },
      "properties": {
        "bangumi_id": 428735,
        "bangumi_title": "迷途之子！！！！！",
        "ep_cut": 10,
        "image_url": "https://w.junreimap.com/images/points/428735/reovt2eap_1735464484446.jpg",
        "location": "Sunshine City",
        "point_id": "reovt2eap",
        "point_name": "サンシャインシティ",
        "remark": ""
      },
      "type": "Feature"
    },
    {
      "geometry": {
        "coordinates": [
          139.718569,
          35.729742
        ],
        "type": "Point"
      },
      "properties": {
        "bangumi_id": 428735,
        "bangumi_title": "迷途之子！！！！！",
        "ep_cut": 10,
        "image_url": "https://w.junreimap.com/images/points/428735/reowfav7s_1735464507512.jpg",
        "location": "Sunshine City",
        "point_id": "reowfav7s",
        "point_name": "サンシャインシティ",
        "remark": ""
      },
      "type": "Feature"
    },
    {
      "geometry": {
        "coordinates": [
          139.718573,
          35.729742
        ],
        "type": "Point"
      },
      "properties": {
        "bangumi_id": 428735,
        "bangumi_title": "迷途之子！！！！！",
        "ep_cut": 10,
        "image_url": "https://w.junreimap.com/images/points/428735/reowqwc9u_1735464526163.jpg",
        "location": "Sunshine City",
        "point_id": "reowqwc9u",
        "point_name": "サンシャインシティ",
        "remark": ""
      },
      "type": "Feature"
    },
    {
      "geometry": {
        "coordinates": [
          139.718584,
          35.729746
        ],
        "type": "Point"
      },
      "properties": {
        "bangumi_id": 428735,
        "bangumi_title": "迷途之子！！！！！",
        "ep_cut": 10,
        "image_url": "https://w.junreimap.com/images/points/428735/oniyon1xi_1735464532861.jpg",
        "location": "Sunshine City",
        "point_id": "oniyon1xi",
        "point_name": "サンシャインシティ",
        "remark": ""
      },
      "type": "Feature"
    },
    {
      "geometry": {
        "coordinates": [
          139.705933,
          35.719633
        ],
        "type": "Point"
      },
      "properties": {
        "bangumi_id": 428735,
        "bangumi_title": "迷途之子！！！！！",
        "ep_cut": 10,
        "image_url": "https://w.junreimap.com/images/points/428735/jq79uvaqd_1735464803842.jpg",
        "location": "月之森周边",
        "point_id": "jq79uvaqd",
        "point_name": "JR目白駅 1・2番線（山手線）ホーム",
        "remark": "爱音跟随素世回家时进入的车站，是距离月之森（学习院）最近的JR车站。使用该点导航会被引导至铁道外面的马路，离进站口较远，建议直接搜目白站，或是在附近将目的地设置为soyo家。"
      },
      "type": "Feature"
    },
    {
      "geometry": {
        "coordinates": [
          139.731753,
          35.663638
        ],
        "type": "Point"
      },
      "properties": {
        "bangumi_id": 428735,
        "bangumi_title": "迷途之子！！！！！",
        "ep_cut": 10,
        "image_url": "https://w.junreimap.com/images/points/428735/rep1zlnjm_1735465059632.jpg",
        "location": "素世家",
        "point_id": "rep1zlnjm",
        "point_name": "都営大江戸線六本木駅",
        "remark": "距离素世家比较近的车站。据分析，动画中出现的应该联通六本木站地下2层和地下4层的扶梯。"
      },
      "type": "Feature"
    },
    {
      "geometry": {
        "coordinates": [
          139.728971,
          35.659162
        ],
        "type": "Point"
      },
      "properties": {
        "bangumi_id": 428735,
        "bangumi_title": "迷途之子！！！！！",
        "ep_cut": 10,
        "image_url": "https://w.junreimap.com/images/user/0/bangumi/428735/points/ji2n1dw04-1713160685446.jpg",
        "location": "素世家",
        "point_id": "ji2n1dw04",
        "point_name": "素世家",
        "remark": "Soyo家，六本木​ヒルズ​レジデンス​B​棟。没几年就从小破房子换成超级塔楼顶层，Soyo妈，实际商业超人！"
      },
      "type": "Feature"
    },
    {
      "geometry": {
        "coordinates": [
          139.729398,
          35.658876
        ],
        "type": "Point"
      },
      "properties": {
        "bangumi_id": 428735,
        "bangumi_title": "迷途之子！！！！！",
        "ep_cut": 10,
        "image_url": "https://w.junreimap.com/images/points/428735/rep6o812w_1735465126311.jpg",
        "location": "素世家",
        "point_id": "rep6o812w",
        "point_name": "素世家",
        "remark": ""
      },
      "type": "Feature"
    },
    {
      "geometry": {
        "coordinates": [
          139.713289,
          35.729829
        ],
        "type": "Point"
      },
      "properties": {
        "bangumi_id": 428735,
        "bangumi_title": "迷途之子！！！！！",
        "ep_cut": 11,
        "image_url": "https://w.junreimap.com/images/points/428735/repam5rw9_1735465488007.jpg",
        "location": "池袋东口",
        "point_id": "repam5rw9",
        "point_name": "池袋駅東口前",
        "remark": "现实中这里的盲道上有「池袋駅東口」公交站，很好辨认，不过动画这个画面没有把公交站站亭画出来。"
      },
      "type": "Feature"
    },
    {
      "geometry": {
        "coordinates": [
          139.713221,
          35.729833
        ],
        "type": "Point"
      },
      "properties": {
        "bangumi_id": 428735,
        "bangumi_title": "迷途之子！！！！！",
        "ep_cut": 11,
        "image_url": "https://w.junreimap.com/images/points/428735/repf02ovy_1735465630266.jpg",
        "location": "池袋东口",
        "point_id": "repf02ovy",
        "point_name": "池袋駅東口前",
        "remark": ""
      },
      "type": "Feature"
    },
    {
      "geometry": {
        "coordinates": [
          139.713205,
          35.729784
        ],
        "type": "Point"
      },
      "properties": {
        "bangumi_id": 428735,
        "bangumi_title": "迷途之子！！！！！",
        "ep_cut": 11,
        "image_url": "https://w.junreimap.com/images/points/428735/repfds16n_1735465653307.jpg",
        "location": "池袋东口",
        "point_id": "repfds16n",
        "point_name": "池袋駅東口前",
        "remark": ""
      },
      "type": "Feature"
    },
    {
      "geometry": {
        "coordinates": [
          139.713151,
          35.729828
        ],
        "type": "Point"
      },
      "properties": {
        "bangumi_id": 428735,
        "bangumi_title": "迷途之子！！！！！",
        "ep_cut": 11,
        "image_url": "https://w.junreimap.com/images/points/428735/repfk0con_1735465676437.jpg",
        "location": "池袋东口",
        "point_id": "repfk0con",
        "point_name": "池袋駅35番出入口",
        "remark": ""
      },
      "type": "Feature"
    },
    {
      "geometry": {
        "coordinates": [
          139.713111,
          35.729828
        ],
        "type": "Point"
      },
      "properties": {
        "bangumi_id": 428735,
        "bangumi_title": "迷途之子！！！！！",
        "ep_cut": 11,
        "image_url": "https://w.junreimap.com/images/points/428735/repga8qkr_1735465707821.jpg",
        "location": "池袋东口",
        "point_id": "repga8qkr",
        "point_name": "池袋駅35番出入口",
        "remark": "背景中的「3」是GIGO 3号馆的标识。"
      },
      "type": "Feature"
    },
    {
      "geometry": {
        "coordinates": [
          139.713132,
          35.729827
        ],
        "type": "Point"
      },
      "properties": {
        "bangumi_id": 428735,
        "bangumi_title": "迷途之子！！！！！",
        "ep_cut": 11,
        "image_url": "https://w.junreimap.com/images/points/428735/reph238ot_1735465755300.jpg",
        "location": "池袋东口",
        "point_id": "reph238ot",
        "point_name": "池袋駅35番出入口",
        "remark": ""
      },
      "type": "Feature"
    },
    {
      "geometry": {
        "coordinates": [
          139.713143,
          35.729842
        ],
        "type": "Point"
      },
      "properties": {
        "bangumi_id": 428735,
        "bangumi_title": "迷途之子！！！！！",
        "ep_cut": 11,
        "image_url": "https://w.junreimap.com/images/points/428735/repha4bsz_1735465768124.jpg",
        "location": "池袋东口",
        "point_id": "repha4bsz",
        "point_name": "池袋駅35番出入口",
        "remark": ""
      },
      "type": "Feature"
    },
    {
      "geometry": {
        "coordinates": [
          139.713133,
          35.729831
        ],
        "type": "Point"
      },
      "properties": {
        "bangumi_id": 428735,
        "bangumi_title": "迷途之子！！！！！",
        "ep_cut": 11,
        "image_url": "https://w.junreimap.com/images/points/428735/repi4hrgq_1735465821484.jpg",
        "location": "池袋东口",
        "point_id": "repi4hrgq",
        "point_name": "池袋駅35番出入口",
        "remark": "背景为「池袋駅東口」公交站的站亭，爱音挡住的地方其实有一个电话亭。"
      },
      "type": "Feature"
    },
    {
      "geometry": {
        "coordinates": [
          139.713145,
          35.729868
        ],
        "type": "Point"
      },
      "properties": {
        "bangumi_id": 428735,
        "bangumi_title": "迷途之子！！！！！",
        "ep_cut": 11,
        "image_url": "https://w.junreimap.com/images/points/428735/idmkglyza_1735465884264.jpg",
        "location": "池袋东口",
        "point_id": "idmkglyza",
        "point_name": "池袋駅35番出入口",
        "remark": "池袋站35号口。爱音创造「Soyorin」昵称的地方。"
      },
      "type": "Feature"
    },
    {
      "geometry": {
        "coordinates": [
          139.713145,
          35.729846
        ],
        "type": "Point"
      },
      "properties": {
        "bangumi_id": 428735,
        "bangumi_title": "迷途之子！！！！！",
        "ep_cut": 11,
        "image_url": "https://w.junreimap.com/images/points/428735/repocfuh3_1735466196491.jpg",
        "location": "池袋东口",
        "point_id": "repocfuh3",
        "point_name": "池袋駅35番出入口",
        "remark": "背景是位于35号口和公交站之间的电话亭。"
      },
      "type": "Feature"
    },
    {
      "geometry": {
        "coordinates": [
          139.713155,
          35.729845
        ],
        "type": "Point"
      },
      "properties": {
        "bangumi_id": 428735,
        "bangumi_title": "迷途之子！！！！！",
        "ep_cut": 11,
        "image_url": "https://w.junreimap.com/images/points/428735/repltqo6y_1735466059764.jpg",
        "location": "池袋东口",
        "point_id": "repltqo6y",
        "point_name": "池袋駅35番出入口",
        "remark": ""
      },
      "type": "Feature"
    },
    {
      "geometry": {
        "coordinates": [
          139.707943,
          35.815927
        ],
        "type": "Point"
      },
      "properties": {
        "bangumi_id": 428735,
        "bangumi_title": "迷途之子！！！！！",
        "ep_cut": 11,
        "image_url": "https://w.junreimap.com/images/points/428735/reppv6ikj_1735466294950.jpg",
        "location": "SPACE",
        "point_id": "reppv6ikj",
        "point_name": "西川口Live House Hearts",
        "remark": ""
      },
      "type": "Feature"
    },
    {
      "geometry": {
        "coordinates": [
          139.707886,
          35.815931
        ],
        "type": "Point"
      },
      "properties": {
        "bangumi_id": 428735,
        "bangumi_title": "迷途之子！！！！！",
        "ep_cut": 11,
        "image_url": "https://w.junreimap.com/images/points/428735/idmkglzer_1735466352738.jpg",
        "location": "SPACE",
        "point_id": "idmkglzer",
        "point_name": "西川口Live House Hearts",
        "remark": "要乐奈的奶奶曾经经营的Live House SPACE的原型。"
      },
      "type": "Feature"
    },
    {
      "geometry": {
        "coordinates": [
          139.729472,
          35.65888
        ],
        "type": "Point"
      },
      "properties": {
        "bangumi_id": 428735,
        "bangumi_title": "迷途之子！！！！！",
        "ep_cut": 11,
        "image_url": "https://w.junreimap.com/images/points/428735/reptsxka2_1735466529593.jpg",
        "location": "素世家",
        "point_id": "reptsxka2",
        "point_name": "素世家",
        "remark": "虽然基本上不可能亲自前往，但是在谷歌地图上是能看到这栋楼四角的天台的。"
      },
      "type": "Feature"
    },
    {
      "geometry": {
        "coordinates": [
          139.713945,
          35.729605
        ],
        "type": "Point"
      },
      "properties": {
        "bangumi_id": 428735,
        "bangumi_title": "迷途之子！！！！！",
        "ep_cut": 12,
        "image_url": "https://w.junreimap.com/images/points/428735/req0gx7eh_1735466946107.jpg",
        "location": "池袋东口",
        "point_id": "req0gx7eh",
        "point_name": "東口五差路交差点",
        "remark": "左侧为ロッテリア 池袋東口店，睦和海铃站在马路东侧，拍摄点位在马路西侧。"
      },
      "type": "Feature"
    },
    {
      "geometry": {
        "coordinates": [
          139.714079,
          35.729582
        ],
        "type": "Point"
      },
      "properties": {
        "bangumi_id": 428735,
        "bangumi_title": "迷途之子！！！！！",
        "ep_cut": 12,
        "image_url": "https://w.junreimap.com/images/points/428735/req2gcrxp_1735467055745.jpg",
        "location": "池袋东口",
        "point_id": "req2gcrxp",
        "point_name": "東口五差路交差点",
        "remark": ""
      },
      "type": "Feature"
    },
    {
      "geometry": {
        "coordinates": [
          139.714107,
          35.729563
        ],
        "type": "Point"
      },
      "properties": {
        "bangumi_id": 428735,
        "bangumi_title": "迷途之子！！！！！",
        "ep_cut": 12,
        "image_url": "https://w.junreimap.com/images/points/428735/req2ws18i_1735467079063.jpg",
        "location": "池袋东口",
        "point_id": "req2ws18i",
        "point_name": "東口五差路交差点",
        "remark": ""
      },
      "type": "Feature"
    },
    {
      "geometry": {
        "coordinates": [
          139.773478,
          35.687632
        ],
        "type": "Point"
      },
      "properties": {
        "bangumi_id": 428735,
        "bangumi_title": "迷途之子！！！！！",
        "ep_cut": 12,
        "image_url": "https://w.junreimap.com/images/points/428735/req85sgf4_1735467635497.jpg",
        "location": "东京文华东方酒店",
        "point_id": "req85sgf4",
        "point_name": "マンダリンオリエンタル東京",
        "remark": "酒店大楼下半部分造型一致，上半部分有一定不同。动画中酒店门口的名牌像是另一家酒店RIHGA ROYAL HOTEL的变体。"
      },
      "type": "Feature"
    },
    {
      "geometry": {
        "coordinates": [
          139.701601,
          35.68259
        ],
        "type": "Point"
      },
      "properties": {
        "bangumi_id": 428735,
        "bangumi_title": "迷途之子！！！！！",
        "ep_cut": 13,
        "image_url": "https://w.junreimap.com/images/points/428735/idmkglz1i_1735467656703.jpg",
        "location": "Symbol Tower",
        "point_id": "idmkglz1i",
        "point_name": "シンボルタワー",
        "remark": "祥子打工的地方，于2023年11月开始拆除，目前已不存在。"
      },
      "type": "Feature"
    },
    {
      "geometry": {
        "coordinates": [
          139.598931,
          35.640581
        ],
        "type": "Point"
      },
      "properties": {
        "bangumi_id": 428735,
        "bangumi_title": "迷途之子！！！！！",
        "ep_cut": 13,
        "image_url": "https://w.junreimap.com/images/points/428735/idmkglza7_1713214506334.jpg",
        "location": "成城学园前站",
        "point_id": "idmkglza7",
        "point_name": "成城学園前駅",
        "remark": "祥子劝诱睦加入Ave Mujica时下车的站，图中地点位于车站北口，应该是距离睦家最近的车站。"
      },
      "type": "Feature"
    },
    {
      "geometry": {
        "coordinates": [
          139.714861,
          35.720154
        ],
        "type": "Point"
      },
      "properties": {
        "bangumi_id": 428735,
        "bangumi_title": "迷途之子！！！！！",
        "ep_cut": 13,
        "image_url": "https://w.junreimap.com/images/points/428735/reqj1lhau_1735468053313.jpg",
        "location": "鬼子母神前",
        "point_id": "reqj1lhau",
        "point_name": "鬼子母神前停留場",
        "remark": ""
      },
      "type": "Feature"
    },
    {
      "geometry": {
        "coordinates": [
          139.712813,
          35.720831
        ],
        "type": "Point"
      },
      "properties": {
        "bangumi_id": 428735,
        "bangumi_title": "迷途之子！！！！！",
        "ep_cut": 13,
        "image_url": "https://w.junreimap.com/images/points/428735/reqkkwjnh_1735468150780.jpg",
        "location": "千登世步道桥",
        "point_id": "reqkkwjnh",
        "point_name": "千登世歩道橋",
        "remark": ""
      },
      "type": "Feature"
    },
    {
      "geometry": {
        "coordinates": [
          139.712852,
          35.72084
        ],
        "type": "Point"
      },
      "properties": {
        "bangumi_id": 428735,
        "bangumi_title": "迷途之子！！！！！",
        "ep_cut": 13,
        "image_url": "https://w.junreimap.com/images/points/428735/reql0xng3_1735468174499.jpg",
        "location": "千登世步道桥",
        "point_id": "reql0xng3",
        "point_name": "千登世歩道橋",
        "remark": ""
      },
      "type": "Feature"
    },
    {
      "geometry": {
        "coordinates": [
          139.712822,
          35.720833
        ],
        "type": "Point"
      },
      "properties": {
        "bangumi_id": 428735,
        "bangumi_title": "迷途之子！！！！！",
        "ep_cut": 13,
        "image_url": "https://w.junreimap.com/images/points/428735/reqlbvozx_1735468190308.jpg",
        "location": "千登世步道桥",
        "point_id": "reqlbvozx",
        "point_name": "千登世歩道橋",
        "remark": ""
      },
      "type": "Feature"
    },
    {
      "geometry": {
        "coordinates": [
          139.712827,
          35.720834
        ],
        "type": "Point"
      },
      "properties": {
        "bangumi_id": 428735,
        "bangumi_title": "迷途之子！！！！！",
        "ep_cut": 13,
        "image_url": "https://w.junreimap.com/images/points/428735/reqlsdzq7_1735468217301.jpg",
        "location": "千登世步道桥",
        "point_id": "reqlsdzq7",
        "point_name": "千登世歩道橋",
        "remark": ""
      },
      "type": "Feature"
    },
    {
      "geometry": {
        "coordinates": [
          139.716904,
          35.729225
        ],
        "type": "Point"
      },
      "properties": {
        "bangumi_id": 428735,
        "bangumi_title": "迷途之子！！！！！",
        "ep_cut": 13,
        "image_url": "https://w.junreimap.com/images/points/428735/rerb7he88_1735469824482.jpg",
        "location": "Sunshine City",
        "point_id": "rerb7he88",
        "point_name": "サンシャイン前交差点",
        "remark": "向东拍摄。画面中左侧大楼是サンシャイン60，右侧大楼是タイムズステーション池袋。"
      },
      "type": "Feature"
    },
    {
      "geometry": {
        "coordinates": [
          139.720131,
          35.729291
        ],
        "type": "Point"
      },
      "properties": {
        "bangumi_id": 428735,
        "bangumi_title": "迷途之子！！！！！",
        "ep_cut": 13,
        "image_url": "https://w.junreimap.com/images/points/428735/reqmg3n02_1735468261433.jpg",
        "location": "Sunshine水族馆",
        "point_id": "reqmg3n02",
        "point_name": "サンシャイン​水族館",
        "remark": ""
      },
      "type": "Feature"
    },
    {
      "geometry": {
        "coordinates": [
          139.72016,
          35.729311
        ],
        "type": "Point"
      },
      "properties": {
        "bangumi_id": 428735,
        "bangumi_title": "迷途之子！！！！！",
        "ep_cut": 13,
        "image_url": "https://w.junreimap.com/images/points/428735/reqpdln9z_1735468438217.jpg",
        "location": "Sunshine水族馆",
        "point_id": "reqpdln9z",
        "point_name": "サンシャイン​水族館",
        "remark": "背景是洗手池。"
      },
      "type": "Feature"
    },
    {
      "geometry": {
        "coordinates": [
          139.72015,
          35.729324
        ],
        "type": "Point"
      },
      "properties": {
        "bangumi_id": 428735,
        "bangumi_title": "迷途之子！！！！！",
        "ep_cut": 13,
        "image_url": "https://w.junreimap.com/images/points/428735/reqqa5mdn_1735468489455.jpg",
        "location": "Sunshine水族馆",
        "point_id": "reqqa5mdn",
        "point_name": "サンシャイン​水族館",
        "remark": ""
      },
      "type": "Feature"
    },
    {
      "geometry": {
        "coordinates": [
          139.720117,
          35.729331
        ],
        "type": "Point"
      },
      "properties": {
        "bangumi_id": 428735,
        "bangumi_title": "迷途之子！！！！！",
        "ep_cut": 13,
        "image_url": "https://w.junreimap.com/images/points/428735/reqn2divt_1735468295292.jpg",
        "location": "Sunshine水族馆",
        "point_id": "reqn2divt",
        "point_name": "サンシャイン​水族館",
        "remark": ""
      },
      "type": "Feature"
    },
    {
      "geometry": {
        "coordinates": [
          139.720142,
          35.729323
        ],
        "type": "Point"
      },
      "properties": {
        "bangumi_id": 428735,
        "bangumi_title": "迷途之子！！！！！",
        "ep_cut": 13,
        "image_url": "https://w.junreimap.com/images/points/428735/reqnd8mrt_1735468313088.jpg",
        "location": "Sunshine水族馆",
        "point_id": "reqnd8mrt",
        "point_name": "サンシャイン​水族館",
        "remark": ""
      },
      "type": "Feature"
    },
    {
      "geometry": {
        "coordinates": [
          139.720159,
          35.72933
        ],
        "type": "Point"
      },
      "properties": {
        "bangumi_id": 428735,
        "bangumi_title": "迷途之子！！！！！",
        "ep_cut": 13,
        "image_url": "https://w.junreimap.com/images/points/428735/reqnkbd9j_1735468324874.jpg",
        "location": "Sunshine水族馆",
        "point_id": "reqnkbd9j",
        "point_name": "サンシャイン​水族館",
        "remark": ""
      },
      "type": "Feature"
    },
    {
      "geometry": {
        "coordinates": [
          139.72015,
          35.729305
        ],
        "type": "Point"
      },
      "properties": {
        "bangumi_id": 428735,
        "bangumi_title": "迷途之子！！！！！",
        "ep_cut": 13,
        "image_url": "https://w.junreimap.com/images/points/428735/reqnt1xyf_1735468339753.jpg",
        "location": "Sunshine水族馆",
        "point_id": "reqnt1xyf",
        "point_name": "サンシャイン​水族館",
        "remark": ""
      },
      "type": "Feature"
    },
    {
      "geometry": {
        "coordinates": [
          139.718574,
          35.729601
        ],
        "type": "Point"
      },
      "properties": {
        "bangumi_id": 428735,
        "bangumi_title": "迷途之子！！！！！",
        "ep_cut": 13,
        "image_url": "https://w.junreimap.com/images/points/428735/reqwl4u2u_1735468875830.jpg",
        "location": "Sunshine City",
        "point_id": "reqwl4u2u",
        "point_name": "サンシャイン​シティ",
        "remark": "面向东南侧拍摄，可通过右侧筒状结构定位。"
      },
      "type": "Feature"
    },
    {
      "geometry": {
        "coordinates": [
          139.718596,
          35.729588
        ],
        "type": "Point"
      },
      "properties": {
        "bangumi_id": 428735,
        "bangumi_title": "迷途之子！！！！！",
        "ep_cut": 13,
        "image_url": "https://w.junreimap.com/images/points/428735/rer00mt37_1735469078514.jpg",
        "location": "Sunshine City",
        "point_id": "rer00mt37",
        "point_name": "サンシャイン​シティ",
        "remark": ""
      },
      "type": "Feature"
    },
    {
      "geometry": {
        "coordinates": [
          139.718651,
          35.729747
        ],
        "type": "Point"
      },
      "properties": {
        "bangumi_id": 428735,
        "bangumi_title": "迷途之子！！！！！",
        "ep_cut": 13,
        "image_url": "https://w.junreimap.com/images/points/428735/rer0iuv8r_1735469120179.jpg",
        "location": "Sunshine City",
        "point_id": "rer0iuv8r",
        "point_name": "サンシャイン​シティ",
        "remark": ""
      },
      "type": "Feature"
    },
    {
      "geometry": {
        "coordinates": [
          139.71863,
          35.729752
        ],
        "type": "Point"
      },
      "properties": {
        "bangumi_id": 428735,
        "bangumi_title": "迷途之子！！！！！",
        "ep_cut": 13,
        "image_url": "https://w.junreimap.com/images/points/428735/rer1dggff_1735469162412.jpg",
        "location": "Sunshine City",
        "point_id": "rer1dggff",
        "point_name": "サンシャイン​シティ",
        "remark": ""
      },
      "type": "Feature"
    },
    {
      "geometry": {
        "coordinates": [
          139.718631,
          35.729759
        ],
        "type": "Point"
      },
      "properties": {
        "bangumi_id": 428735,
        "bangumi_title": "迷途之子！！！！！",
        "ep_cut": 13,
        "image_url": "https://w.junreimap.com/images/points/428735/rer2n7v51_1735469242418.jpg",
        "location": "Sunshine City",
        "point_id": "rer2n7v51",
        "point_name": "サンシャイン​シティ",
        "remark": ""
      },
      "type": "Feature"
    },
    {
      "geometry": {
        "coordinates": [
          139.718636,
          35.729745
        ],
        "type": "Point"
      },
      "properties": {
        "bangumi_id": 428735,
        "bangumi_title": "迷途之子！！！！！",
        "ep_cut": 13,
        "image_url": "https://w.junreimap.com/images/points/428735/rer25ntbw_1735469226997.jpg",
        "location": "Sunshine City",
        "point_id": "rer25ntbw",
        "point_name": "サンシャイン​シティ",
        "remark": ""
      },
      "type": "Feature"
    },
    {
      "geometry": {
        "coordinates": [
          139.718635,
          35.72975
        ],
        "type": "Point"
      },
      "properties": {
        "bangumi_id": 428735,
        "bangumi_title": "迷途之子！！！！！",
        "ep_cut": 13,
        "image_url": "https://w.junreimap.com/images/points/428735/rer36ix85_1735469271833.jpg",
        "location": "Sunshine City",
        "point_id": "rer36ix85",
        "point_name": "サンシャイン​シティ",
        "remark": ""
      },
      "type": "Feature"
    },
    {
      "geometry": {
        "coordinates": [
          139.718635,
          35.729754
        ],
        "type": "Point"
      },
      "properties": {
        "bangumi_id": 428735,
        "bangumi_title": "迷途之子！！！！！",
        "ep_cut": 13,
        "image_url": "https://w.junreimap.com/images/points/428735/rer3jjtus_1735469291640.jpg",
        "location": "Sunshine City",
        "point_id": "rer3jjtus",
        "point_name": "サンシャイン​シティ",
        "remark": ""
      },
      "type": "Feature"
    },
    {
      "geometry": {
        "coordinates": [
          139.718301,
          35.729889
        ],
        "type": "Point"
      },
      "properties": {
        "bangumi_id": 428735,
        "bangumi_title": "迷途之子！！！！！",
        "ep_cut": 13,
        "image_url": "https://w.junreimap.com/images/points/428735/rer5236w0_1735469397632.jpg",
        "location": "Sunshine City",
        "point_id": "rer5236w0",
        "point_name": "サンシャイン​シティ",
        "remark": ""
      },
      "type": "Feature"
    },
    {
      "geometry": {
        "coordinates": [
          139.719989,
          35.778144
        ],
        "type": "Point"
      },
      "properties": {
        "bangumi_id": 428735,
        "bangumi_title": "迷途之子！！！！！",
        "ep_cut": 13,
        "image_url": "https://w.junreimap.com/images/points/428735/idmkglz0h_1735469461568.jpg",
        "location": "赤羽站",
        "point_id": "idmkglz0h",
        "point_name": "赤羽駅西口",
        "remark": "离祥子新家最近的站，关于新家位置，网上有一些考据，不过因为可能的原型都是民居，且没有完全一致的备选，这里暂时不进行收录。"
      },
      "type": "Feature"
    },
    {
      "geometry": {
        "coordinates": [
          139.718952,
          35.779951
        ],
        "type": "Point"
      },
      "properties": {
        "bangumi_id": 428735,
        "bangumi_title": "迷途之子！！！！！",
        "ep_cut": 13,
        "image_url": "https://w.junreimap.com/images/points/428735/rer9kfk32_1735469670006.jpg",
        "location": "赤羽站",
        "point_id": "rer9kfk32",
        "point_name": "新幹線の高架下",
        "remark": "祥子从赤羽站回家路上经过的地方。"
      },
      "type": "Feature"
    },
    {
      "geometry": {
        "coordinates": [
          139.717122,
          35.722391
        ],
        "type": "Point"
      },
      "properties": {
        "bangumi_id": 428735,
        "bangumi_title": "迷途之子！！！！！",
        "ep_cut": "ED",
        "image_url": "https://w.junreimap.com/images/points/428735/rdyh8q898_1735406994756.jpg",
        "location": "南池袋第二公园",
        "point_id": "rdyh8q898",
        "point_name": "豊島区立南池袋第二公園",
        "remark": ""
      },
      "type": "Feature"
    },
    {
      "geometry": {
        "coordinates": [
          139.730291,
          35.710703
        ],
        "type": "Point"
      },
      "properties": {
        "bangumi_id": 428735,
        "bangumi_title": "迷途之子！！！！！",
        "ep_cut": "ED",
        "image_url": "https://w.junreimap.com/images/points/428735/idmkglz0w_1735406922209.jpg",
        "location": "神田川两岸",
        "point_id": "idmkglz0w",
        "point_name": "神田川北",
        "remark": ""
      },
      "type": "Feature"
    },
    {
      "geometry": {
        "coordinates": [
          139.713795,
          35.719011
        ],
        "type": "Point"
      },
      "properties": {
        "bangumi_id": 428735,
        "bangumi_title": "迷途之子！！！！！",
        "ep_cut": "ED",
        "image_url": "https://w.junreimap.com/images/points/428735/idmkglz38_1735407493401.jpg",
        "location": "千登世桥",
        "point_id": "idmkglz38",
        "point_name": "千登世橋",
        "remark": "嵌在千登世桥北侧小路旁边防护网上的木头。2025年9月10日此木头已被市政移除，原因未知。"
      },
      "type": "Feature"
    },
    {
      "geometry": {
        "coordinates": [
          139.711817,
          35.714616
        ],
        "type": "Point"
      },
      "properties": {
        "bangumi_id": 428735,
        "bangumi_title": "迷途之子！！！！！",
        "ep_cut": "ED",
        "image_url": "https://w.junreimap.com/images/points/428735/rdysr8dx2_1735407694173.jpg",
        "location": "神田川两岸",
        "point_id": "rdysr8dx2",
        "point_name": "神田川南",
        "remark": "对应街景：https://maps.app.goo.gl/ThMMhw8Y6nuuFv336"
      },
      "type": "Feature"
    },
    {
      "geometry": {
        "coordinates": [
          139.714078,
          35.721771
        ],
        "type": "Point"
      },
      "properties": {
        "bangumi_id": 428735,
        "bangumi_title": "迷途之子！！！！！",
        "ep_cut": "ED",
        "image_url": "https://w.junreimap.com/images/points/428735/p2k2yu1no_1735406875267.jpg",
        "location": "鬼子母神前",
        "point_id": "p2k2yu1no",
        "point_name": "雑司が谷みみずく公園",
        "remark": "公园内的秋千。"
      },
      "type": "Feature"
    },
    {
      "geometry": {
        "coordinates": [
          139.711787,
          35.714578
        ],
        "type": "Point"
      },
      "properties": {
        "bangumi_id": 428735,
        "bangumi_title": "迷途之子！！！！！",
        "ep_cut": "ED",
        "image_url": "https://w.junreimap.com/images/points/428735/idmkglz03_1735407096860.jpg",
        "location": "神田川两岸",
        "point_id": "idmkglz03",
        "point_name": "神田川南",
        "remark": "ED中灯所在的位置。"
      },
      "type": "Feature"
    },
    {
      "geometry": {
        "coordinates": [
          139.717003,
          35.722571
        ],
        "type": "Point"
      },
      "properties": {
        "bangumi_id": 428735,
        "bangumi_title": "迷途之子！！！！！",
        "ep_cut": "ED",
        "image_url": "https://w.junreimap.com/images/points/428735/idmkglza4_1735406890044.jpg",
        "location": "南池袋第二公园",
        "point_id": "idmkglza4",
        "point_name": "豊島区立南池袋第二公園",
        "remark": "ED中爱音所在的位置。在公园沙坑内向西北方向的公园入口拍摄。现实中的沙坑确实有这些玩具。"
      },
      "type": "Feature"
    },
    {
      "geometry": {
        "coordinates": [
          139.715778,
          35.713126
        ],
        "type": "Point"
      },
      "properties": {
        "bangumi_id": 428735,
        "bangumi_title": "迷途之子！！！！！",
        "ep_cut": "ED",
        "image_url": "https://w.junreimap.com/images/points/428735/idmkglyz4_1735407088257.jpg",
        "location": "面影桥",
        "point_id": "idmkglyz4",
        "point_name": "三島橋",
        "remark": "ED中立希所在的位置，不远处就是面影桥和她的家。"
      },
      "type": "Feature"
    },
    {
      "geometry": {
        "coordinates": [
          139.717741,
          35.716569
        ],
        "type": "Point"
      },
      "properties": {
        "bangumi_id": 428735,
        "bangumi_title": "迷途之子！！！！！",
        "ep_cut": "ED",
        "image_url": "https://w.junreimap.com/images/points/428735/idmkglyty_1735407484370.jpg",
        "location": "富士见坂",
        "point_id": "idmkglyty",
        "point_name": "日無坂",
        "remark": "ED中soyo所在的位置，富士见坂的一个旁边的岔路。"
      },
      "type": "Feature"
    },
    {
      "geometry": {
        "coordinates": [
          139.717882,
          35.714305
        ],
        "type": "Point"
      },
      "properties": {
        "bangumi_id": 428735,
        "bangumi_title": "迷途之子！！！！！",
        "ep_cut": "ED",
        "image_url": "https://w.junreimap.com/images/points/428735/idmkglzbe_1735406854629.jpg",
        "location": "目白台1丁目12-6",
        "point_id": "idmkglzbe",
        "point_name": "目白台1丁目12-6",
        "remark": "ED中乐奈所在位置，一片空地。迎着空地走，谷歌地图提示到达后向左50米有类似构造的门，向右50米有张迷子猫的告示。迷子猫告示已经于2025年7月19日被取下，希望是猫被找到了吧。"
      },
      "type": "Feature"
    },
    {
      "geometry": {
        "coordinates": [
          139.713542,
          35.718968
        ],
        "type": "Point"
      },
      "properties": {
        "bangumi_id": 428735,
        "bangumi_title": "迷途之子！！！！！",
        "ep_cut": "ED",
        "image_url": "https://w.junreimap.com/images/points/428735/re13shrdq_1735412716831.jpg",
        "location": "千登世桥",
        "point_id": "re13shrdq",
        "point_name": "千登世橋",
        "remark": "真正的千登世桥，在动画正片中其实几乎没有出现。在桥北面朝桥南拍摄。"
      },
      "type": "Feature"
    },
    {
      "geometry": {
        "coordinates": [
          139.71699,
          35.722933
        ],
        "type": "Point"
      },
      "properties": {
        "bangumi_id": 428735,
        "bangumi_title": "迷途之子！！！！！",
        "ep_cut": "ED",
        "image_url": "https://w.junreimap.com/images/points/428735/idmkglzhk_1735407499020.jpg",
        "location": "都电荒川线",
        "point_id": "idmkglzhk",
        "point_name": "早稻田22号踏切",
        "remark": "早稻田22号踏切，向北拍摄。"
      },
      "type": "Feature"
    },
    {
      "geometry": {
        "coordinates": [
          139.719379,
          35.724933
        ],
        "type": "Point"
      },
      "properties": {
        "bangumi_id": 428735,
        "bangumi_title": "迷途之子！！！！！",
        "ep_cut": "宣传图",
        "image_url": "https://w.junreimap.com/images/points/428735/rezho2986_1735492596770.jpg",
        "location": "都电荒川线",
        "point_id": "rezho2986",
        "point_name": "早稻田18号踏切",
        "remark": "幼年乐奈会经过的地方。这个踏切没有警报机和升降杆的「第四类踏切」，较为危险。\n2025/1/2 已經封起來了"
      },
      "type": "Feature"
    },
    {
      "geometry": {
        "coordinates": [
          139.71666,
          35.730183
        ],
        "type": "Point"
      },
      "properties": {
        "bangumi_id": 428735,
        "bangumi_title": "迷途之子！！！！！",
        "ep_cut": "宣传图",
        "image_url": "https://w.junreimap.com/images/points/428735/idmkglz9p_1735492614277.jpg",
        "location": "RiNG周边",
        "point_id": "idmkglz9p",
        "point_name": "サンシャイン60通り交差点",
        "remark": "动画主视觉图之一。实际上远处的高楼会被高架桥挡住。"
      },
      "type": "Feature"
    },
    {
      "geometry": {
        "coordinates": [
          139.714059,
          35.729545
        ],
        "type": "Point"
      },
      "properties": {
        "bangumi_id": 428735,
        "bangumi_title": "迷途之子！！！！！",
        "ep_cut": "宣传图",
        "image_url": "https://w.junreimap.com/images/user/0/bangumi/428735/points/jq7410t6y-1713797276844.jpg",
        "location": "池袋东口",
        "point_id": "jq7410t6y",
        "point_name": "東口五差路交差点",
        "remark": "动画主视觉图之二，背后建筑是LOTTEIRA池袋东口店。"
      },
      "type": "Feature"
    },
    {
      "geometry": {
        "coordinates": [
          139.712962,
          35.720791
        ],
        "type": "Point"
      },
      "properties": {
        "bangumi_id": 428735,
        "bangumi_title": "迷途之子！！！！！",
        "ep_cut": "宣传图",
        "image_url": "https://w.junreimap.com/images/points/428735/reuixe7k4_1735492630586.jpg",
        "location": "千登世步道桥",
        "point_id": "reuixe7k4",
        "point_name": "千登世歩道橋",
        "remark": "动画BD上卷封面图。"
      },
      "type": "Feature"
    },
    {
      "geometry": {
        "coordinates": [
          139.717753,
          35.71659
        ],
        "type": "Point"
      },
      "properties": {
        "bangumi_id": 428735,
        "bangumi_title": "迷途之子！！！！！",
        "ep_cut": "宣传图",
        "image_url": "https://w.junreimap.com/images/points/428735/ret076tyc_1735492654885.jpg",
        "location": "富士见坂",
        "point_id": "ret076tyc",
        "point_name": "日無坂",
        "remark": "动画BD上下卷同时购入特典收纳BOX插图，右侧被素世挡住的房子就是动画里她追祥子时很显眼的被植物覆盖的房子。"
      },
      "type": "Feature"
    },
    {
      "geometry": {
        "coordinates": [
          139.745006,
          35.651898
        ],
        "type": "Point"
      },
      "properties": {
        "bangumi_id": 428735,
        "bangumi_title": "迷途之子！！！！！",
        "ep_cut": "宣传图",
        "image_url": "https://w.junreimap.com/images/points/428735/reurgcepj_1735477322164.jpg",
        "location": "LIVE/活动场地",
        "point_id": "reurgcepj",
        "point_name": "三田一丁目交差点",
        "remark": "动画剧场版×东京塔联动宣传图。"
      },
      "type": "Feature"
    },
    {
      "geometry": {
        "coordinates": [
          139.716992,
          35.730361
        ],
        "type": "Point"
      },
      "properties": {
        "bangumi_id": 428735,
        "bangumi_title": "迷途之子！！！！！",
        "ep_cut": "宣传图",
        "image_url": "https://w.junreimap.com/images/points/428735/reuvob3ld_1735492691446.jpg",
        "location": "RiNG周边",
        "point_id": "reuvob3ld",
        "point_name": "サンシャイン60通り交差点",
        "remark": "动画剧场版下篇四周目特典。"
      },
      "type": "Feature"
    },
    {
      "geometry": {
        "coordinates": [
          139.716705,
          35.730186
        ],
        "type": "Point"
      },
      "properties": {
        "bangumi_id": 428735,
        "bangumi_title": "迷途之子！！！！！",
        "ep_cut": "宣传图",
        "image_url": "https://w.junreimap.com/images/points/428735/retoahhhx_1735475731068.jpg",
        "location": "RiNG周边",
        "point_id": "retoahhhx",
        "point_name": "サンシャイン60通り交差点",
        "remark": "MyGO!!!!! 1st LIVE「僕たちはここで叫ぶ」宣传图。"
      },
      "type": "Feature"
    },
    {
      "geometry": {
        "coordinates": [
          135.494828,
          34.703415
        ],
        "type": "Point"
      },
      "properties": {
        "bangumi_id": 428735,
        "bangumi_title": "迷途之子！！！！！",
        "ep_cut": "宣传图",
        "image_url": "https://w.junreimap.com/images/points/428735/reu9dd2ux_1735476235879.jpg",
        "location": "LIVE/活动场地",
        "point_id": "reu9dd2ux",
        "point_name": "JR大阪駅中央北口",
        "remark": "MyGO!!!!! 3rd LIVE「声を抱えて生きる」宣传图。因为LIVE在大阪所以宣传图背景是大阪站中央北口的台阶。"
      },
      "type": "Feature"
    },
    {
      "geometry": {
        "coordinates": [
          139.411922,
          35.704798
        ],
        "type": "Point"
      },
      "properties": {
        "bangumi_id": 428735,
        "bangumi_title": "迷途之子！！！！！",
        "ep_cut": "宣传图",
        "image_url": "https://w.junreimap.com/images/points/428735/reudqvipz_1735492709927.jpg",
        "location": "LIVE/活动场地",
        "point_id": "reudqvipz",
        "point_name": "TACHIKAWA STAGE GARDEN",
        "remark": "MyGO!!!!! 4th LIVE「前へ進む音の中で」宣传图。官方还发布过一张声优在舞台上摆出相同动作的宣传照片。"
      },
      "type": "Feature"
    },
    {
      "geometry": {
        "coordinates": [
          139.626487,
          35.460528
        ],
        "type": "Point"
      },
      "properties": {
        "bangumi_id": 428735,
        "bangumi_title": "迷途之子！！！！！",
        "ep_cut": "宣传图",
        "image_url": "https://w.junreimap.com/images/points/428735/oncjh2bef_1727679611656.jpg",
        "location": "LIVE/活动场地",
        "point_id": "oncjh2bef",
        "point_name": "すずかけ通り西交差点",
        "remark": "MyGO!!!!! 5th LIVE「迷うことに迷わない」宣传图。图右前方即为举办地KT Zepp Yokohama。"
      },
      "type": "Feature"
    },
    {
      "geometry": {
        "coordinates": [
          139.524995,
          35.666573
        ],
        "type": "Point"
      },
      "properties": {
        "bangumi_id": 428735,
        "bangumi_title": "迷途之子！！！！！",
        "ep_cut": "宣传图",
        "image_url": "https://w.junreimap.com/images/points/428735/reulf60wv_1735492743373.jpg",
        "location": "LIVE/活动场地",
        "point_id": "reulf60wv",
        "point_name": "武蔵野の森総合スポーツプラザ",
        "remark": "MyGO!!!!! 6th LIVE「見つけた景色、たずさえて」宣传图。图中场景是位于LIVE举办地武蔵野の森総合スポーツプラザ东北角的盲道，可通过三角形区域确定。现实中盲道造型略有不同。"
      },
      "type": "Feature"
    },
    {
      "geometry": {
        "coordinates": [
          121.473852,
          31.237503
        ],
        "type": "Point"
      },
      "properties": {
        "bangumi_id": 428735,
        "bangumi_title": "迷途之子！！！！！",
        "ep_cut": "宣传图",
        "image_url": "https://w.junreimap.com/images/user/0/bangumi/428735/points/ngqt39kko-1724341043457.jpg",
        "location": "LIVE/活动场地",
        "point_id": "ngqt39kko",
        "point_name": "南京东路与浙江中路交口",
        "remark": "MyGO!!!!! 6th LIVE 上海追加公演「寻觅到的风景，携手同行」宣传图。"
      },
      "type": "Feature"
    },
    {
      "geometry": {
        "coordinates": [
          139.754222,
          35.672618
        ],
        "type": "Point"
      },
      "properties": {
        "bangumi_id": 428735,
        "bangumi_title": "迷途之子！！！！！",
        "ep_cut": "宣传图",
        "image_url": "https://w.junreimap.com/images/points/428735/oncmaeh66_1727679911567.jpg",
        "location": "LIVE/活动场地",
        "point_id": "oncmaeh66",
        "point_name": "日比谷公園大音楽堂",
        "remark": "MyGO!!!!! 7th LIVE「こたえなんてなくても」宣传图与举办地。\n地标已拆除（2026.2更新）"
      },
      "type": "Feature"
    },
    {
      "geometry": {
        "coordinates": [
          139.699232,
          35.661983
        ],
        "type": "Point"
      },
      "properties": {
        "bangumi_id": 428735,
        "bangumi_title": "迷途之子！！！！！",
        "ep_cut": "名無声",
        "image_url": "https://w.junreimap.com/images/points/428735/rev5lblto_1735478138764.jpg",
        "location": "涩谷",
        "point_id": "rev5lblto",
        "point_name": "渋谷パルコ屋上",
        "remark": "从涩谷PARCO屋顶向东拍摄，左侧建筑为渋谷ヒカリエ，中间为渋谷スクランブルスクエア。现在右侧又新建了一栋楼。"
      },
      "type": "Feature"
    },
    {
      "geometry": {
        "coordinates": [
          139.700474,
          35.659475
        ],
        "type": "Point"
      },
      "properties": {
        "bangumi_id": 428735,
        "bangumi_title": "迷途之子！！！！！",
        "ep_cut": "名無声",
        "image_url": "https://w.junreimap.com/images/points/428735/revakcv4e_1735478426099.jpg",
        "location": "涩谷",
        "point_id": "revakcv4e",
        "point_name": "渋谷スクランブル交差点",
        "remark": ""
      },
      "type": "Feature"
    },
    {
      "geometry": {
        "coordinates": [
          139.701689,
          35.663484
        ],
        "type": "Point"
      },
      "properties": {
        "bangumi_id": 428735,
        "bangumi_title": "迷途之子！！！！！",
        "ep_cut": "名無声",
        "image_url": "https://w.junreimap.com/images/points/428735/revba8pad_1735478476054.jpg",
        "location": "涩谷",
        "point_id": "revba8pad",
        "point_name": "神宮通りのガード下",
        "remark": ""
      },
      "type": "Feature"
    },
    {
      "geometry": {
        "coordinates": [
          139.701457,
          35.66341
        ],
        "type": "Point"
      },
      "properties": {
        "bangumi_id": 428735,
        "bangumi_title": "迷途之子！！！！！",
        "ep_cut": "名無声",
        "image_url": "https://w.junreimap.com/images/points/428735/revbul51m_1735478500626.jpg",
        "location": "涩谷",
        "point_id": "revbul51m",
        "point_name": "神宮通りのガード下",
        "remark": ""
      },
      "type": "Feature"
    },
    {
      "geometry": {
        "coordinates": [
          139.701543,
          35.663434
        ],
        "type": "Point"
      },
      "properties": {
        "bangumi_id": 428735,
        "bangumi_title": "迷途之子！！！！！",
        "ep_cut": "名無声",
        "image_url": "https://w.junreimap.com/images/points/428735/revc0ait9_1735478519720.jpg",
        "location": "涩谷",
        "point_id": "revc0ait9",
        "point_name": "神宮通りのガード下",
        "remark": ""
      },
      "type": "Feature"
    },
    {
      "geometry": {
        "coordinates": [
          139.702271,
          35.661901
        ],
        "type": "Point"
      },
      "properties": {
        "bangumi_id": 428735,
        "bangumi_title": "迷途之子！！！！！",
        "ep_cut": "名無声",
        "image_url": "https://w.junreimap.com/images/points/428735/revd0y87y_1735478581508.jpg",
        "location": "涩谷",
        "point_id": "revd0y87y",
        "point_name": "宮下公園交差点",
        "remark": "仰望渋谷地下鉄ビルディング。"
      },
      "type": "Feature"
    },
    {
      "geometry": {
        "coordinates": [
          139.702091,
          35.662801
        ],
        "type": "Point"
      },
      "properties": {
        "bangumi_id": 428735,
        "bangumi_title": "迷途之子！！！！！",
        "ep_cut": "名無声",
        "image_url": "https://w.junreimap.com/images/points/428735/revfdnyi6_1735478761704.jpg",
        "location": "涩谷",
        "point_id": "revfdnyi6",
        "point_name": "宮下第2歩道橋前",
        "remark": "与现实镜像相反。"
      },
      "type": "Feature"
    },
    {
      "geometry": {
        "coordinates": [
          139.702111,
          35.662822
        ],
        "type": "Point"
      },
      "properties": {
        "bangumi_id": 428735,
        "bangumi_title": "迷途之子！！！！！",
        "ep_cut": "名無声",
        "image_url": "https://w.junreimap.com/images/points/428735/revguw02p_1735478803796.jpg",
        "location": "涩谷",
        "point_id": "revguw02p",
        "point_name": "宮下第2歩道橋前",
        "remark": ""
      },
      "type": "Feature"
    },
    {
      "geometry": {
        "coordinates": [
          139.697185,
          35.662663
        ],
        "type": "Point"
      },
      "properties": {
        "bangumi_id": 428735,
        "bangumi_title": "迷途之子！！！！！",
        "ep_cut": "名無声",
        "image_url": "https://w.junreimap.com/images/points/428735/revhpbl5r_1735478898919.jpg",
        "location": "涩谷",
        "point_id": "revhpbl5r",
        "point_name": "宇田川町10丁目の階段",
        "remark": ""
      },
      "type": "Feature"
    },
    {
      "geometry": {
        "coordinates": [
          139.700575,
          35.659466
        ],
        "type": "Point"
      },
      "properties": {
        "bangumi_id": 428735,
        "bangumi_title": "迷途之子！！！！！",
        "ep_cut": "名無声",
        "image_url": "https://w.junreimap.com/images/points/428735/revjx08yk_1735479006921.jpg",
        "location": "涩谷",
        "point_id": "revjx08yk",
        "point_name": "渋谷スクランブル交差点",
        "remark": ""
      },
      "type": "Feature"
    },
    {
      "geometry": {
        "coordinates": [
          139.698358,
          35.662083
        ],
        "type": "Point"
      },
      "properties": {
        "bangumi_id": 428735,
        "bangumi_title": "迷途之子！！！！！",
        "ep_cut": "名無声",
        "image_url": "https://w.junreimap.com/images/points/428735/revkxdrly_1735479115994.jpg",
        "location": "涩谷",
        "point_id": "revkxdrly",
        "point_name": "渋谷パルコ屋上",
        "remark": "大致是在涩谷PARCO，背景建筑是住友不動産渋谷ビル。"
      },
      "type": "Feature"
    },
    {
      "geometry": {
        "coordinates": [
          139.697717,
          35.661737
        ],
        "type": "Point"
      },
      "properties": {
        "bangumi_id": 428735,
        "bangumi_title": "迷途之子！！！！！",
        "ep_cut": "名無声",
        "image_url": "https://w.junreimap.com/images/points/428735/revmfbq67_1735479253223.jpg",
        "location": "涩谷",
        "point_id": "revmfbq67",
        "point_name": "井ノ頭通り",
        "remark": "灯在自南向北奔跑。"
      },
      "type": "Feature"
    },
    {
      "geometry": {
        "coordinates": [
          139.697199,
          35.662679
        ],
        "type": "Point"
      },
      "properties": {
        "bangumi_id": 428735,
        "bangumi_title": "迷途之子！！！！！",
        "ep_cut": "名無声",
        "image_url": "https://w.junreimap.com/images/points/428735/revou8brb_1735479304060.jpg",
        "location": "涩谷",
        "point_id": "revou8brb",
        "point_name": "宇田川町10丁目の階段",
        "remark": ""
      },
      "type": "Feature"
    },
    {
      "geometry": {
        "coordinates": [
          139.702138,
          35.66324
        ],
        "type": "Point"
      },
      "properties": {
        "bangumi_id": 428735,
        "bangumi_title": "迷途之子！！！！！",
        "ep_cut": "名無声",
        "image_url": "https://w.junreimap.com/images/points/428735/revqiqqqa_1735479389446.jpg",
        "location": "涩谷",
        "point_id": "revqiqqqa",
        "point_name": "宮下第2歩道橋",
        "remark": "向北拍摄。"
      },
      "type": "Feature"
    },
    {
      "geometry": {
        "coordinates": [
          139.701405,
          35.662073
        ],
        "type": "Point"
      },
      "properties": {
        "bangumi_id": 428735,
        "bangumi_title": "迷途之子！！！！！",
        "ep_cut": "名無声",
        "image_url": "https://w.junreimap.com/images/points/428735/revs7g3sg_1735479498129.jpg",
        "location": "涩谷",
        "point_id": "revs7g3sg",
        "point_name": "ガード",
        "remark": ""
      },
      "type": "Feature"
    },
    {
      "geometry": {
        "coordinates": [
          139.702246,
          35.663242
        ],
        "type": "Point"
      },
      "properties": {
        "bangumi_id": 428735,
        "bangumi_title": "迷途之子！！！！！",
        "ep_cut": "名無声",
        "image_url": "https://w.junreimap.com/images/points/428735/revpo7eoe_1735479353267.jpg",
        "location": "涩谷",
        "point_id": "revpo7eoe",
        "point_name": "宮下第2歩道橋",
        "remark": ""
      },
      "type": "Feature"
    },
    {
      "geometry": {
        "coordinates": [
          139.700426,
          35.659422
        ],
        "type": "Point"
      },
      "properties": {
        "bangumi_id": 428735,
        "bangumi_title": "迷途之子！！！！！",
        "ep_cut": "名無声",
        "image_url": "https://w.junreimap.com/images/points/428735/revxikuhk_1735479958584.jpg",
        "location": "涩谷",
        "point_id": "revxikuhk",
        "point_name": "渋谷スクランブル交差点",
        "remark": ""
      },
      "type": "Feature"
    },
    {
      "geometry": {
        "coordinates": [
          139.700529,
          35.659398
        ],
        "type": "Point"
      },
      "properties": {
        "bangumi_id": 428735,
        "bangumi_title": "迷途之子！！！！！",
        "ep_cut": "名無声",
        "image_url": "https://w.junreimap.com/images/points/428735/revxjeg03_1735479977866.jpg",
        "location": "涩谷",
        "point_id": "revxjeg03",
        "point_name": "渋谷スクランブル交差点",
        "remark": ""
      },
      "type": "Feature"
    },
    {
      "geometry": {
        "coordinates": [
          139.700603,
          35.659476
        ],
        "type": "Point"
      },
      "properties": {
        "bangumi_id": 428735,
        "bangumi_title": "迷途之子！！！！！",
        "ep_cut": "名無声",
        "image_url": "https://w.junreimap.com/images/points/428735/revxkexwh_1735479871769.jpg",
        "location": "涩谷",
        "point_id": "revxkexwh",
        "point_name": "渋谷スクランブル交差点",
        "remark": ""
      },
      "type": "Feature"
    },
    {
      "geometry": {
        "coordinates": [
          139.700524,
          35.659543
        ],
        "type": "Point"
      },
      "properties": {
        "bangumi_id": 428735,
        "bangumi_title": "迷途之子！！！！！",
        "ep_cut": "名無声",
        "image_url": "https://w.junreimap.com/images/points/428735/revxh95j0_1735479907092.jpg",
        "location": "涩谷",
        "point_id": "revxh95j0",
        "point_name": "渋谷スクランブル交差点",
        "remark": ""
      },
      "type": "Feature"
    },
    {
      "geometry": {
        "coordinates": [
          139.70042,
          35.659512
        ],
        "type": "Point"
      },
      "properties": {
        "bangumi_id": 428735,
        "bangumi_title": "迷途之子！！！！！",
        "ep_cut": "名無声",
        "image_url": "https://w.junreimap.com/images/points/428735/revxhxphd_1735479919259.jpg",
        "location": "涩谷",
        "point_id": "revxhxphd",
        "point_name": "渋谷スクランブル交差点",
        "remark": ""
      },
      "type": "Feature"
    },
    {
      "geometry": {
        "coordinates": [
          139.699706,
          35.659519
        ],
        "type": "Point"
      },
      "properties": {
        "bangumi_id": 428735,
        "bangumi_title": "迷途之子！！！！！",
        "ep_cut": "名無声",
        "image_url": "https://w.junreimap.com/images/points/428735/rew2a9kek_1735480133772.jpg",
        "location": "涩谷",
        "point_id": "rew2a9kek",
        "point_name": "渋谷スクランブル交差点",
        "remark": ""
      },
      "type": "Feature"
    },
    {
      "geometry": {
        "coordinates": [
          139.716749,
          35.730318
        ],
        "type": "Point"
      },
      "properties": {
        "bangumi_id": 428735,
        "bangumi_title": "迷途之子！！！！！",
        "ep_cut": "音一会",
        "image_url": "https://w.junreimap.com/images/points/428735/rettjady5_1735494913261.jpg",
        "location": "RiNG周边",
        "point_id": "rettjady5",
        "point_name": "サンシャイン60通り交差点",
        "remark": "MyGO!!!!! 2nd Single「音一会」封面。几个人站在路口北侧的斑马线上，远处可以看到写着「王子」的路牌。"
      },
      "type": "Feature"
    },
    {
      "geometry": {
        "coordinates": [
          139.718334,
          35.730705
        ],
        "type": "Point"
      },
      "properties": {
        "bangumi_id": 428735,
        "bangumi_title": "迷途之子！！！！！",
        "ep_cut": "音一会",
        "image_url": "https://w.junreimap.com/images/points/428735/rg4k4855u_1735577115469.jpg",
        "location": "Sunshine City",
        "point_id": "rg4btu1qi",
        "point_name": "ねむの木学園芸術広場",
        "remark": "右下角爱音照片拍摄点。画师Shuzuku曾在推特发布过该MV内照片的单图，为了保持统一，这里统一采用MV截图。如需更清晰的图片来进行对比可查阅：https://x.com/shu_atelier/status/1647555438672760832、https://x.com/shu_atelier/status/1647917836071849984、https://x.com/shu_atelier/status/1648280218778611712、https://x.com/shu_atelier/status/1648644616034619392、https://x.com/shu_atelier/status/1777622480447996302"
      },
      "type": "Feature"
    },
    {
      "geometry": {
        "coordinates": [
          139.717715,
          35.730637
        ],
        "type": "Point"
      },
      "properties": {
        "bangumi_id": 428735,
        "bangumi_title": "迷途之子！！！！！",
        "ep_cut": "音一会",
        "image_url": "https://w.junreimap.com/images/points/428735/rg4k4855u_1735577115469.jpg",
        "location": "Sunshine City",
        "point_id": "rg4k4855u",
        "point_name": "サンシャインシティ アネックス",
        "remark": "中左素世照片拍摄点。背景为サンシャインシティ アネックス。"
      },
      "type": "Feature"
    },
    {
      "geometry": {
        "coordinates": [
          139.718679,
          35.731137
        ],
        "type": "Point"
      },
      "properties": {
        "bangumi_id": 428735,
        "bangumi_title": "迷途之子！！！！！",
        "ep_cut": "音一会",
        "image_url": "https://w.junreimap.com/images/points/428735/rg4k4855u_1735577115469.jpg",
        "location": "Sunshine City",
        "point_id": "rg4o4tygp",
        "point_name": "ファミリー​マート東池袋​三丁目​店",
        "remark": "中下灯和爱音的照片的拍摄点，背景中可以看到ファミリー​マート東池袋​三丁目​店的绿白色招牌。"
      },
      "type": "Feature"
    },
    {
      "geometry": {
        "coordinates": [
          139.718942,
          35.731529
        ],
        "type": "Point"
      },
      "properties": {
        "bangumi_id": 428735,
        "bangumi_title": "迷途之子！！！！！",
        "ep_cut": "音一会",
        "image_url": "https://w.junreimap.com/images/points/428735/rg46w0xm1_1735576178384.jpg",
        "location": "Sunshine City",
        "point_id": "rg46w0xm1",
        "point_name": "トヨタレンタカー 池袋東口店",
        "remark": "右下乐奈照片拍摄点。"
      },
      "type": "Feature"
    },
    {
      "geometry": {
        "coordinates": [
          139.717509,
          35.729943
        ],
        "type": "Point"
      },
      "properties": {
        "bangumi_id": 428735,
        "bangumi_title": "迷途之子！！！！！",
        "ep_cut": "音一会",
        "image_url": "https://w.junreimap.com/images/points/428735/rg4rnsrlc_1735577441885.jpg",
        "location": "Sunshine City",
        "point_id": "rg4rnsrlc",
        "point_name": "サンシャインシティ アネックス",
        "remark": "中间只有腿的照片的拍摄点。"
      },
      "type": "Feature"
    },
    {
      "geometry": {
        "coordinates": [
          139.717335,
          35.729645
        ],
        "type": "Point"
      },
      "properties": {
        "bangumi_id": 428735,
        "bangumi_title": "迷途之子！！！！！",
        "ep_cut": "音一会",
        "image_url": "https://w.junreimap.com/images/points/428735/rewjv31ua_1735577586769.jpg",
        "location": "Sunshine City",
        "point_id": "rewjv31ua",
        "point_name": "首都高速道路高架下",
        "remark": "左下高架桥照片拍摄点。"
      },
      "type": "Feature"
    },
    {
      "geometry": {
        "coordinates": [
          139.717908,
          35.730326
        ],
        "type": "Point"
      },
      "properties": {
        "bangumi_id": 428735,
        "bangumi_title": "迷途之子！！！！！",
        "ep_cut": "音一会",
        "image_url": "https://w.junreimap.com/images/points/428735/rewhv9jli_1735481121564.jpg",
        "location": "RiNG周边",
        "point_id": "rewhv9jli",
        "point_name": "サンシャイン60",
        "remark": "中右侧照片拍摄点。"
      },
      "type": "Feature"
    },
    {
      "geometry": {
        "coordinates": [
          139.717443,
          35.729361
        ],
        "type": "Point"
      },
      "properties": {
        "bangumi_id": 428735,
        "bangumi_title": "迷途之子！！！！！",
        "ep_cut": "音一会",
        "image_url": "https://w.junreimap.com/images/points/428735/rewly7sxy_1735481302431.jpg",
        "location": "Sunshine City",
        "point_id": "rewly7sxy",
        "point_name": "首都高速道路高架下",
        "remark": "左侧照片拍摄点。"
      },
      "type": "Feature"
    },
    {
      "geometry": {
        "coordinates": [
          139.714066,
          35.722027
        ],
        "type": "Point"
      },
      "properties": {
        "bangumi_id": 428735,
        "bangumi_title": "迷途之子！！！！！",
        "ep_cut": "音一会",
        "image_url": "https://w.junreimap.com/images/points/428735/rewng2cc8_1735481388188.jpg",
        "location": "鬼子母神前",
        "point_id": "rewng2cc8",
        "point_name": "鬼子母神表参道",
        "remark": ""
      },
      "type": "Feature"
    },
    {
      "geometry": {
        "coordinates": [
          139.716699,
          35.730659
        ],
        "type": "Point"
      },
      "properties": {
        "bangumi_id": 428735,
        "bangumi_title": "迷途之子！！！！！",
        "ep_cut": "音一会",
        "image_url": "https://w.junreimap.com/images/points/428735/rewojzpi0_1735481511445.jpg",
        "location": "RiNG周边",
        "point_id": "rewojzpi0",
        "point_name": "首都高速道路高架下",
        "remark": ""
      },
      "type": "Feature"
    },
    {
      "geometry": {
        "coordinates": [
          139.718139,
          35.731426
        ],
        "type": "Point"
      },
      "properties": {
        "bangumi_id": 428735,
        "bangumi_title": "迷途之子！！！！！",
        "ep_cut": "音一会",
        "image_url": "https://w.junreimap.com/images/points/428735/rg4fxk7xm_1735576704153.jpg",
        "location": "RiNG周边",
        "point_id": "rg4fxk7xm",
        "point_name": "東池袋公園付近",
        "remark": "右上只有腿的照片的拍摄点。"
      },
      "type": "Feature"
    },
    {
      "geometry": {
        "coordinates": [
          139.718476,
          35.729879
        ],
        "type": "Point"
      },
      "properties": {
        "bangumi_id": 428735,
        "bangumi_title": "迷途之子！！！！！",
        "ep_cut": "音一会",
        "image_url": "https://w.junreimap.com/images/points/428735/rg4hff6jf_1735576804858.jpg",
        "location": "Sunshine City",
        "point_id": "rg4hff6jf",
        "point_name": "サンシャインシティ",
        "remark": "左上素世背影照片拍摄点。"
      },
      "type": "Feature"
    },
    {
      "geometry": {
        "coordinates": [
          139.71665,
          35.730059
        ],
        "type": "Point"
      },
      "properties": {
        "bangumi_id": 428735,
        "bangumi_title": "迷途之子！！！！！",
        "ep_cut": "音一会",
        "image_url": "https://w.junreimap.com/images/points/428735/rg4vu2zy0_1735577777729.jpg",
        "location": "RiNG周边",
        "point_id": "rg4vu2zy0",
        "point_name": "首都高速道路高架下",
        "remark": "左上乐奈照片拍摄点。需要用长焦拍摄马路对面，可通过消火栓的标识定位。"
      },
      "type": "Feature"
    },
    {
      "geometry": {
        "coordinates": [
          139.71399,
          35.721311
        ],
        "type": "Point"
      },
      "properties": {
        "bangumi_id": 428735,
        "bangumi_title": "迷途之子！！！！！",
        "ep_cut": "音一会",
        "image_url": "https://w.junreimap.com/images/points/428735/rewqwsndu_1735481610149.jpg",
        "location": "鬼子母神前",
        "point_id": "rewqwsndu",
        "point_name": "鬼子母神西参道",
        "remark": "右侧照片拍摄点。"
      },
      "type": "Feature"
    },
    {
      "geometry": {
        "coordinates": [
          139.718261,
          35.731501
        ],
        "type": "Point"
      },
      "properties": {
        "bangumi_id": 428735,
        "bangumi_title": "迷途之子！！！！！",
        "ep_cut": "音一会",
        "image_url": "https://w.junreimap.com/images/points/428735/rg4iraan6_1735576884783.jpg",
        "location": "RiNG周边",
        "point_id": "rg4iraan6",
        "point_name": "東池袋公園付近",
        "remark": "左侧背影照片拍摄点。"
      },
      "type": "Feature"
    },
    {
      "geometry": {
        "coordinates": [
          139.716821,
          35.730299
        ],
        "type": "Point"
      },
      "properties": {
        "bangumi_id": 428735,
        "bangumi_title": "迷途之子！！！！！",
        "ep_cut": "音一会",
        "image_url": "https://w.junreimap.com/images/points/428735/rewsio90o_1735481696740.jpg",
        "location": "RiNG周边",
        "point_id": "rewsio90o",
        "point_name": "サンシャイン60通り交差点",
        "remark": ""
      },
      "type": "Feature"
    },
    {
      "geometry": {
        "coordinates": [
          139.717065,
          35.729302
        ],
        "type": "Point"
      },
      "properties": {
        "bangumi_id": 428735,
        "bangumi_title": "迷途之子！！！！！",
        "ep_cut": "碧天伴走",
        "image_url": "https://w.junreimap.com/images/points/428735/rewvclbmx_1735481864181.jpg",
        "location": "Sunshine City",
        "point_id": "rewvclbmx",
        "point_name": "サンシャイン60",
        "remark": ""
      },
      "type": "Feature"
    },
    {
      "geometry": {
        "coordinates": [
          139.718766,
          35.725798
        ],
        "type": "Point"
      },
      "properties": {
        "bangumi_id": 428735,
        "bangumi_title": "迷途之子！！！！！",
        "ep_cut": "碧天伴走",
        "image_url": "https://w.junreimap.com/images/points/428735/rewwo9bnz_1735481939368.jpg",
        "location": "东池袋",
        "point_id": "rewwo9bnz",
        "point_name": "日ノ出町のココイチの裏手",
        "remark": ""
      },
      "type": "Feature"
    },
    {
      "geometry": {
        "coordinates": [
          139.718532,
          35.730136
        ],
        "type": "Point"
      },
      "properties": {
        "bangumi_id": 428735,
        "bangumi_title": "迷途之子！！！！！",
        "ep_cut": "碧天伴走",
        "image_url": "https://w.junreimap.com/images/points/428735/rewxfj2du_1735482041213.jpg",
        "location": "东池袋中央公园",
        "point_id": "rewxfj2du",
        "point_name": "豊島区立東池袋中央公園",
        "remark": ""
      },
      "type": "Feature"
    },
    {
      "geometry": {
        "coordinates": [
          139.718572,
          35.730119
        ],
        "type": "Point"
      },
      "properties": {
        "bangumi_id": 428735,
        "bangumi_title": "迷途之子！！！！！",
        "ep_cut": "碧天伴走",
        "image_url": "https://w.junreimap.com/images/points/428735/rewykvh83_1735482051877.jpg",
        "location": "东池袋中央公园",
        "point_id": "rewykvh83",
        "point_name": "豊島区立東池袋中央公園",
        "remark": ""
      },
      "type": "Feature"
    },
    {
      "geometry": {
        "coordinates": [
          139.713485,
          35.718647
        ],
        "type": "Point"
      },
      "properties": {
        "bangumi_id": 428735,
        "bangumi_title": "迷途之子！！！！！",
        "ep_cut": "碧天伴走",
        "image_url": "https://w.junreimap.com/images/points/428735/rewyxc1r7_1735482104179.jpg",
        "location": "千登世桥",
        "point_id": "rewyxc1r7",
        "point_name": "千登世橋",
        "remark": "立希背靠的是千登世桥和千登世小桥之间的楼梯。"
      },
      "type": "Feature"
    },
    {
      "geometry": {
        "coordinates": [
          139.717486,
          35.72671
        ],
        "type": "Point"
      },
      "properties": {
        "bangumi_id": 428735,
        "bangumi_title": "迷途之子！！！！！",
        "ep_cut": "碧天伴走",
        "image_url": "https://w.junreimap.com/images/points/428735/rewyxc1r7_1735482104179.jpg",
        "location": "东池袋",
        "point_id": "rewzwjt0f",
        "point_name": "東池袋駅1番口横の駐輪場通路前",
        "remark": ""
      },
      "type": "Feature"
    },
    {
      "geometry": {
        "coordinates": [
          139.714136,
          35.721836
        ],
        "type": "Point"
      },
      "properties": {
        "bangumi_id": 428735,
        "bangumi_title": "迷途之子！！！！！",
        "ep_cut": "碧天伴走",
        "image_url": "https://w.junreimap.com/images/points/428735/rex1e3ahj_1735482271307.jpg",
        "location": "鬼子母神前",
        "point_id": "rex1e3ahj",
        "point_name": "雑司が谷みみずく公園",
        "remark": ""
      },
      "type": "Feature"
    },
    {
      "geometry": {
        "coordinates": [
          139.717967,
          35.726478
        ],
        "type": "Point"
      },
      "properties": {
        "bangumi_id": 428735,
        "bangumi_title": "迷途之子！！！！！",
        "ep_cut": "碧天伴走",
        "image_url": "https://w.junreimap.com/images/points/428735/rex1e3ahj_1735482271307.jpg",
        "location": "东池袋",
        "point_id": "rex3e6lrn",
        "point_name": "首都高速道路高架下",
        "remark": "サン浜名旁边的道路。"
      },
      "type": "Feature"
    },
    {
      "geometry": {
        "coordinates": [
          139.718526,
          35.730176
        ],
        "type": "Point"
      },
      "properties": {
        "bangumi_id": 428735,
        "bangumi_title": "迷途之子！！！！！",
        "ep_cut": "碧天伴走",
        "image_url": "https://w.junreimap.com/images/points/428735/rex4pbzja_1735482422820.jpg",
        "location": "东池袋中央公园",
        "point_id": "rex4pbzja",
        "point_name": "豊島区立東池袋中央公園",
        "remark": ""
      },
      "type": "Feature"
    },
    {
      "geometry": {
        "coordinates": [
          139.718675,
          35.729736
        ],
        "type": "Point"
      },
      "properties": {
        "bangumi_id": 428735,
        "bangumi_title": "迷途之子！！！！！",
        "ep_cut": "碧天伴走",
        "image_url": "https://w.junreimap.com/images/points/428735/rex5s16pl_1735482497953.jpg",
        "location": "Sunshine City",
        "point_id": "rex5s16pl",
        "point_name": "サンシャイン​シティ",
        "remark": ""
      },
      "type": "Feature"
    },
    {
      "geometry": {
        "coordinates": [
          139.718665,
          35.72974
        ],
        "type": "Point"
      },
      "properties": {
        "bangumi_id": 428735,
        "bangumi_title": "迷途之子！！！！！",
        "ep_cut": "碧天伴走",
        "image_url": "https://w.junreimap.com/images/points/428735/rex6y94fb_1735482560598.jpg",
        "location": "Sunshine City",
        "point_id": "rex6y94fb",
        "point_name": "サンシャイン​シティ",
        "remark": ""
      },
      "type": "Feature"
    },
    {
      "geometry": {
        "coordinates": [
          139.718618,
          35.729763
        ],
        "type": "Point"
      },
      "properties": {
        "bangumi_id": 428735,
        "bangumi_title": "迷途之子！！！！！",
        "ep_cut": "碧天伴走",
        "image_url": "https://w.junreimap.com/images/points/428735/rex7apan7_1735482581041.jpg",
        "location": "Sunshine City",
        "point_id": "rex7apan7",
        "point_name": "サンシャイン​シティ",
        "remark": ""
      },
      "type": "Feature"
    },
    {
      "geometry": {
        "coordinates": [
          139.717884,
          35.726857
        ],
        "type": "Point"
      },
      "properties": {
        "bangumi_id": 428735,
        "bangumi_title": "迷途之子！！！！！",
        "ep_cut": "碧天伴走",
        "image_url": "https://w.junreimap.com/images/points/428735/rex8otibl_1735482670334.jpg",
        "location": "东池袋",
        "point_id": "rex8otibl",
        "point_name": "東池袋駅2番口",
        "remark": "素世所在位置。"
      },
      "type": "Feature"
    },
    {
      "geometry": {
        "coordinates": [
          139.718922,
          35.729041
        ],
        "type": "Point"
      },
      "properties": {
        "bangumi_id": 428735,
        "bangumi_title": "迷途之子！！！！！",
        "ep_cut": "碧天伴走",
        "image_url": "https://w.junreimap.com/images/points/428735/rex8otibl_1735482670334.jpg",
        "location": "Sunshine City",
        "point_id": "rex9fpt4y",
        "point_name": "サンシャイン​シティ屋上",
        "remark": "乐奈所在位置。"
      },
      "type": "Feature"
    },
    {
      "geometry": {
        "coordinates": [
          139.716014,
          35.721909
        ],
        "type": "Point"
      },
      "properties": {
        "bangumi_id": 428735,
        "bangumi_title": "迷途之子！！！！！",
        "ep_cut": "碧天伴走",
        "image_url": "https://w.junreimap.com/images/points/428735/rexbfd6wt_1735482832978.jpg",
        "location": "都电荒川线",
        "point_id": "rexc0m85g",
        "point_name": "早稲田23号踏切",
        "remark": "立希所在位置。"
      },
      "type": "Feature"
    },
    {
      "geometry": {
        "coordinates": [
          139.713488,
          35.722086
        ],
        "type": "Point"
      },
      "properties": {
        "bangumi_id": 428735,
        "bangumi_title": "迷途之子！！！！！",
        "ep_cut": "碧天伴走",
        "image_url": "https://w.junreimap.com/images/points/428735/rexbfd6wt_1735482832978.jpg",
        "location": "鬼子母神前",
        "point_id": "rexbfd6wt",
        "point_name": "雑​司​が​谷​鬼子母神​堂",
        "remark": "爱音所在位置。"
      },
      "type": "Feature"
    },
    {
      "geometry": {
        "coordinates": [
          139.715995,
          35.721877
        ],
        "type": "Point"
      },
      "properties": {
        "bangumi_id": 428735,
        "bangumi_title": "迷途之子！！！！！",
        "ep_cut": "碧天伴走",
        "image_url": "https://w.junreimap.com/images/points/428735/rexjwzux2_1735483757400.jpg",
        "location": "都电荒川线",
        "point_id": "rexjwzux2",
        "point_name": "エディフィ​雑​司​が​谷",
        "remark": "画面左侧建筑，在对面，有扇窗户后有Sukai的招牌。"
      },
      "type": "Feature"
    },
    {
      "geometry": {
        "coordinates": [
          139.715203,
          35.720905
        ],
        "type": "Point"
      },
      "properties": {
        "bangumi_id": 428735,
        "bangumi_title": "迷途之子！！！！！",
        "ep_cut": "碧天伴走",
        "image_url": "https://w.junreimap.com/images/points/428735/rexixb716_1735483313716.jpg",
        "location": "都电荒川线",
        "point_id": "rexixb716",
        "point_name": "雑司ヶ谷変電所",
        "remark": "画面右侧建筑，在对面。"
      },
      "type": "Feature"
    },
    {
      "geometry": {
        "coordinates": [
          139.715109,
          35.720783
        ],
        "type": "Point"
      },
      "properties": {
        "bangumi_id": 428735,
        "bangumi_title": "迷途之子！！！！！",
        "ep_cut": "碧天伴走",
        "image_url": "https://w.junreimap.com/images/points/428735/rexrwledt_1735483826871.jpg",
        "location": "都电荒川线",
        "point_id": "rexrwledt",
        "point_name": "石井ビル",
        "remark": "背景建筑，在对面。"
      },
      "type": "Feature"
    },
    {
      "geometry": {
        "coordinates": [
          139.716054,
          35.721958
        ],
        "type": "Point"
      },
      "properties": {
        "bangumi_id": 428735,
        "bangumi_title": "迷途之子！！！！！",
        "ep_cut": "碧天伴走",
        "image_url": "https://w.junreimap.com/images/points/428735/rext7p1fc_1735483911463.jpg",
        "location": "都电荒川线",
        "point_id": "rext7p1fc",
        "point_name": "メゾンドノグチ",
        "remark": ""
      },
      "type": "Feature"
    },
    {
      "geometry": {
        "coordinates": [
          139.696752,
          35.667213
        ],
        "type": "Point"
      },
      "properties": {
        "bangumi_id": 428735,
        "bangumi_title": "迷途之子！！！！！",
        "ep_cut": "碧天伴走",
        "image_url": "https://w.junreimap.com/images/points/428735/rexudg1vb_1735484026984.jpg",
        "location": "代代木公园野外舞台",
        "point_id": "rexudg1vb",
        "point_name": "代々木公園野外ステージ",
        "remark": "实际上MyGO并没有在这里办过live。"
      },
      "type": "Feature"
    },
    {
      "geometry": {
        "coordinates": [
          139.69668,
          35.667158
        ],
        "type": "Point"
      },
      "properties": {
        "bangumi_id": 428735,
        "bangumi_title": "迷途之子！！！！！",
        "ep_cut": "碧天伴走",
        "image_url": "https://w.junreimap.com/images/points/428735/rexuj10up_1735484041175.jpg",
        "location": "代代木公园野外舞台",
        "point_id": "rexuj10up",
        "point_name": "代々木公園野外ステージ",
        "remark": ""
      },
      "type": "Feature"
    },
    {
      "geometry": {
        "coordinates": [
          139.715102,
          35.729748
        ],
        "type": "Point"
      },
      "properties": {
        "bangumi_id": 428735,
        "bangumi_title": "迷途之子！！！！！",
        "ep_cut": "詩超絆",
        "image_url": "https://w.junreimap.com/images/points/428735/rey793rph_1735484767544.jpg",
        "location": "RiNG周边",
        "point_id": "rey793rph",
        "point_name": "サンシャイン60通り",
        "remark": "根据地砖分布基本上可以确认是Sunshine60通南侧的步行道，具体位置有待确认。"
      },
      "type": "Feature"
    },
    {
      "geometry": {
        "coordinates": [
          139.716607,
          35.725137
        ],
        "type": "Point"
      },
      "properties": {
        "bangumi_id": 428735,
        "bangumi_title": "迷途之子！！！！！",
        "ep_cut": "詩超絆",
        "image_url": "https://w.junreimap.com/images/points/428735/rey97pwtl_1735484901794.jpg",
        "location": "东池袋",
        "point_id": "rey97pwtl",
        "point_name": "ブリリアタワー池袋前",
        "remark": ""
      },
      "type": "Feature"
    },
    {
      "geometry": {
        "coordinates": [
          139.714226,
          35.729547
        ],
        "type": "Point"
      },
      "properties": {
        "bangumi_id": 428735,
        "bangumi_title": "迷途之子！！！！！",
        "ep_cut": "詩超絆",
        "image_url": "https://w.junreimap.com/images/points/428735/rezsxiszz_1735488293300.jpg",
        "location": "RiNG周边",
        "point_id": "rezsxiszz",
        "point_name": "サンシャイン60通り",
        "remark": ""
      },
      "type": "Feature"
    },
    {
      "geometry": {
        "coordinates": [
          139.714562,
          35.720735
        ],
        "type": "Point"
      },
      "properties": {
        "bangumi_id": 428735,
        "bangumi_title": "迷途之子！！！！！",
        "ep_cut": "詩超絆",
        "image_url": "https://w.junreimap.com/images/points/428735/rezvgtt0d_1735488403904.jpg",
        "location": "鬼子母神前",
        "point_id": "rezvgtt0d",
        "point_name": "鬼子母神大門",
        "remark": ""
      },
      "type": "Feature"
    },
    {
      "geometry": {
        "coordinates": [
          139.713841,
          35.718823
        ],
        "type": "Point"
      },
      "properties": {
        "bangumi_id": 428735,
        "bangumi_title": "迷途之子！！！！！",
        "ep_cut": "詩超絆",
        "image_url": "https://w.junreimap.com/images/points/428735/rezwadrc6_1735488495885.jpg",
        "location": "千登世桥",
        "point_id": "rezwadrc6",
        "point_name": "千登世小橋",
        "remark": "向北拍摄。"
      },
      "type": "Feature"
    },
    {
      "geometry": {
        "coordinates": [
          139.71345,
          35.718869
        ],
        "type": "Point"
      },
      "properties": {
        "bangumi_id": 428735,
        "bangumi_title": "迷途之子！！！！！",
        "ep_cut": "詩超絆",
        "image_url": "https://w.junreimap.com/images/points/428735/rezzpjrhx_1735488768584.jpg",
        "location": "千登世桥",
        "point_id": "rezzpjrhx",
        "point_name": "千登世橋",
        "remark": "向南拍摄。"
      },
      "type": "Feature"
    },
    {
      "geometry": {
        "coordinates": [
          139.712295,
          35.72964
        ],
        "type": "Point"
      },
      "properties": {
        "bangumi_id": 428735,
        "bangumi_title": "迷途之子！！！！！",
        "ep_cut": "詩超絆",
        "image_url": "https://w.junreimap.com/images/points/428735/rf02xuxjv_1735488925024.jpg",
        "location": "池袋东口",
        "point_id": "rf02xuxjv",
        "point_name": "池袋駅東口",
        "remark": "3D建模的池袋东口。\n原来的位置拍摄时，远处那个像烟囱的白色高建筑物会被池袋站的建筑挡住，而诗超绊的建模里包含路中间那个岛上面的绿色水管，水管后面那块建筑不太确定，看建模图的话，实际的位置可能比我的拍摄位置更靠东（靠右）一点吧。\n实际视点位置在路中间的岛上"
      },
      "type": "Feature"
    },
    {
      "geometry": {
        "coordinates": [
          139.715796,
          35.729998
        ],
        "type": "Point"
      },
      "properties": {
        "bangumi_id": 428735,
        "bangumi_title": "迷途之子！！！！！",
        "ep_cut": "歌いましょう鳴らしましょう",
        "image_url": "https://w.junreimap.com/images/points/428735/rf0q9smts_1735490257680.jpg",
        "location": "RiNG周边",
        "point_id": "rf0q9smts",
        "point_name": "サンシャイン60通り",
        "remark": "道路中间的地砖。"
      },
      "type": "Feature"
    },
    {
      "geometry": {
        "coordinates": [
          139.715718,
          35.729958
        ],
        "type": "Point"
      },
      "properties": {
        "bangumi_id": 428735,
        "bangumi_title": "迷途之子！！！！！",
        "ep_cut": "歌いましょう鳴らしましょう",
        "image_url": "https://w.junreimap.com/images/points/428735/rf0o93wox_1735490157843.jpg",
        "location": "RiNG周边",
        "point_id": "rf0o93wox",
        "point_name": "サンシャイン60通り",
        "remark": "向西拍摄，可通过路灯定位。"
      },
      "type": "Feature"
    },
    {
      "geometry": {
        "coordinates": [
          139.715466,
          35.729895
        ],
        "type": "Point"
      },
      "properties": {
        "bangumi_id": 428735,
        "bangumi_title": "迷途之子！！！！！",
        "ep_cut": "歌いましょう鳴らしましょう",
        "image_url": "https://w.junreimap.com/images/points/428735/rf0r4cveo_1735490312189.jpg",
        "location": "RiNG周边",
        "point_id": "rf0r4cveo",
        "point_name": "サンシャイン60通り",
        "remark": ""
      },
      "type": "Feature"
    },
    {
      "geometry": {
        "coordinates": [
          139.715172,
          35.729821
        ],
        "type": "Point"
      },
      "properties": {
        "bangumi_id": 428735,
        "bangumi_title": "迷途之子！！！！！",
        "ep_cut": "歌いましょう鳴らしましょう",
        "image_url": "https://w.junreimap.com/images/points/428735/rf0i0qht5_1735489830160.jpg",
        "location": "RiNG周边",
        "point_id": "rf0i0qht5",
        "point_name": "サンシャイン60通り",
        "remark": "向东拍摄。PV中隐约可以看到「高価買取」的招牌。"
      },
      "type": "Feature"
    },
    {
      "geometry": {
        "coordinates": [
          139.715249,
          35.729842
        ],
        "type": "Point"
      },
      "properties": {
        "bangumi_id": 428735,
        "bangumi_title": "迷途之子！！！！！",
        "ep_cut": "歌いましょう鳴らしましょう",
        "image_url": "https://w.junreimap.com/images/points/428735/rf0jw247p_1735489871168.jpg",
        "location": "RiNG周边",
        "point_id": "rf0jw247p",
        "point_name": "サンシャイン60通り",
        "remark": "向西拍摄。远处建筑为エス・エイチ・ワン。"
      },
      "type": "Feature"
    },
    {
      "geometry": {
        "coordinates": [
          139.71612,
          35.730091
        ],
        "type": "Point"
      },
      "properties": {
        "bangumi_id": 428735,
        "bangumi_title": "迷途之子！！！！！",
        "ep_cut": "歌いましょう鳴らしましょう",
        "image_url": "https://w.junreimap.com/images/points/428735/rf0spal3q_1735490646635.jpg",
        "location": "RiNG周边",
        "point_id": "rf0spal3q",
        "point_name": "サンシャイン60通りの交差点",
        "remark": ""
      },
      "type": "Feature"
    },
    {
      "geometry": {
        "coordinates": [
          139.716932,
          35.73147
        ],
        "type": "Point"
      },
      "properties": {
        "bangumi_id": 428735,
        "bangumi_title": "迷途之子！！！！！",
        "ep_cut": "歌いましょう鳴らしましょう",
        "image_url": "https://w.junreimap.com/images/points/428735/rf0ubblqd_1735490698838.jpg",
        "location": "RiNG周边",
        "point_id": "rf0ubblqd",
        "point_name": "東京​電子​専門学校",
        "remark": ""
      },
      "type": "Feature"
    },
    {
      "geometry": {
        "coordinates": [
          139.717524,
          35.731622
        ],
        "type": "Point"
      },
      "properties": {
        "bangumi_id": 428735,
        "bangumi_title": "迷途之子！！！！！",
        "ep_cut": "歌いましょう鳴らしましょう",
        "image_url": "https://w.junreimap.com/images/points/428735/rf0y70szs_1735490797347.jpg",
        "location": "RiNG周边",
        "point_id": "rf0y70szs",
        "point_name": "東池袋公園",
        "remark": ""
      },
      "type": "Feature"
    },
    {
      "geometry": {
        "coordinates": [
          139.720399,
          35.725372
        ],
        "type": "Point"
      },
      "properties": {
        "bangumi_id": 428735,
        "bangumi_title": "迷途之子！！！！！",
        "ep_cut": "歌いましょう鳴らしましょう",
        "image_url": "https://w.junreimap.com/images/points/428735/rf1daw7tb_1735491659539.jpg",
        "location": "RiNG周边",
        "point_id": "rf1daw7tb",
        "point_name": "都電",
        "remark": "车内场景。"
      },
      "type": "Feature"
    },
    {
      "geometry": {
        "coordinates": [
          139.718322,
          35.730516
        ],
        "type": "Point"
      },
      "properties": {
        "bangumi_id": 428735,
        "bangumi_title": "迷途之子！！！！！",
        "ep_cut": "歌いましょう鳴らしましょう",
        "image_url": "https://w.junreimap.com/images/points/428735/rf10omyux_1735491493379.jpg",
        "location": "RiNG周边",
        "point_id": "rf10omyux",
        "point_name": "K-BOOKS",
        "remark": "向马路西侧拍摄。可通过盲道形状定位。"
      },
      "type": "Feature"
    },
    {
      "geometry": {
        "coordinates": [
          139.716246,
          35.730168
        ],
        "type": "Point"
      },
      "properties": {
        "bangumi_id": 428735,
        "bangumi_title": "迷途之子！！！！！",
        "ep_cut": "歌いましょう鳴らしましょう",
        "image_url": "https://w.junreimap.com/images/points/428735/rf13129ah_1735491126784.jpg",
        "location": "RiNG周边",
        "point_id": "rf13129ah",
        "point_name": "ABC-MART GRAND STAGE 池袋店",
        "remark": "背景是这个点位南侧ABC-MART GRAND STAGE 池袋店的门旁边的金属网格。接下来数秒的画面是灯一路向东跑，背景中可以看到池袋サンシャイン60通り店的外墙和圆柱。"
      },
      "type": "Feature"
    },
    {
      "geometry": {
        "coordinates": [
          139.71637,
          35.7302
        ],
        "type": "Point"
      },
      "properties": {
        "bangumi_id": 428735,
        "bangumi_title": "迷途之子！！！！！",
        "ep_cut": "歌いましょう鳴らしましょう",
        "image_url": "https://w.junreimap.com/images/points/428735/rf19nxvs9_1735491456142.jpg",
        "location": "RiNG周边",
        "point_id": "rf19nxvs9",
        "point_name": "池袋サンシャイン60通り店",
        "remark": "背景中可以看到池袋サンシャイン60通り店门口的第一根圆柱。"
      },
      "type": "Feature"
    },
    {
      "geometry": {
        "coordinates": [
          139.716395,
          35.730208
        ],
        "type": "Point"
      },
      "properties": {
        "bangumi_id": 428735,
        "bangumi_title": "迷途之子！！！！！",
        "ep_cut": "歌いましょう鳴らしましょう",
        "image_url": "https://w.junreimap.com/images/points/428735/rf1lzc4ri_1735492292522.jpg",
        "location": "RiNG周边",
        "point_id": "rf1lzc4ri",
        "point_name": "池袋サンシャイン60通り店",
        "remark": "背景中可以看到池袋サンシャイン60通り店门口的施工围墙的拐角。"
      },
      "type": "Feature"
    },
    {
      "geometry": {
        "coordinates": [
          139.716409,
          35.730213
        ],
        "type": "Point"
      },
      "properties": {
        "bangumi_id": 428735,
        "bangumi_title": "迷途之子！！！！！",
        "ep_cut": "歌いましょう鳴らしましょう",
        "image_url": "https://w.junreimap.com/images/points/428735/rf1oz76fg_1735492356251.jpg",
        "location": "RiNG周边",
        "point_id": "rf1oz76fg",
        "point_name": "池袋サンシャイン60通り店",
        "remark": "背景中可以看到池袋サンシャイン60通り店门口的施工围墙的末端。"
      },
      "type": "Feature"
    },
    {
      "geometry": {
        "coordinates": [
          139.716965,
          35.731469
        ],
        "type": "Point"
      },
      "properties": {
        "bangumi_id": 428735,
        "bangumi_title": "迷途之子！！！！！",
        "ep_cut": "歌いましょう鳴らしましょう",
        "image_url": "https://w.junreimap.com/images/points/428735/rf1b4cft0_1735491520332.jpg",
        "location": "RiNG周边",
        "point_id": "rf1b4cft0",
        "point_name": "東京​電子​専門学校",
        "remark": ""
      },
      "type": "Feature"
    },
    {
      "geometry": {
        "coordinates": [
          139.717541,
          35.731609
        ],
        "type": "Point"
      },
      "properties": {
        "bangumi_id": 428735,
        "bangumi_title": "迷途之子！！！！！",
        "ep_cut": "歌いましょう鳴らしましょう",
        "image_url": "https://w.junreimap.com/images/points/428735/rf1be0twl_1735491541046.jpg",
        "location": "RiNG周边",
        "point_id": "rf1be0twl",
        "point_name": "東池袋公園",
        "remark": ""
      },
      "type": "Feature"
    },
    {
      "geometry": {
        "coordinates": [
          139.720394,
          35.72537
        ],
        "type": "Point"
      },
      "properties": {
        "bangumi_id": 428735,
        "bangumi_title": "迷途之子！！！！！",
        "ep_cut": "歌いましょう鳴らしましょう",
        "image_url": "https://w.junreimap.com/images/points/428735/rf1deejku_1735491691820.jpg",
        "location": "RiNG周边",
        "point_id": "rf1deejku",
        "point_name": "都電",
        "remark": ""
      },
      "type": "Feature"
    },
    {
      "geometry": {
        "coordinates": [
          139.718179,
          35.730582
        ],
        "type": "Point"
      },
      "properties": {
        "bangumi_id": 428735,
        "bangumi_title": "迷途之子！！！！！",
        "ep_cut": "歌いましょう鳴らしましょう",
        "image_url": "https://w.junreimap.com/images/points/428735/rf1jfc9gp_1735492028744.jpg",
        "location": "RiNG周边",
        "point_id": "rf1jfc9gp",
        "point_name": "K-BOOKS",
        "remark": ""
      },
      "type": "Feature"
    },
    {
      "geometry": {
        "coordinates": [
          139.717747,
          35.729258
        ],
        "type": "Point"
      },
      "properties": {
        "bangumi_id": 428735,
        "bangumi_title": "迷途之子！！！！！",
        "ep_cut": "処救生",
        "image_url": "https://w.junreimap.com/images/points/428735/rf1wfkdnu_1735492815020.jpg",
        "location": "Sunshine City",
        "point_id": "rf2n6vv21",
        "point_name": "首都高速道路高架下",
        "remark": ""
      },
      "type": "Feature"
    },
    {
      "geometry": {
        "coordinates": [
          139.717643,
          35.729318
        ],
        "type": "Point"
      },
      "properties": {
        "bangumi_id": 428735,
        "bangumi_title": "迷途之子！！！！！",
        "ep_cut": "処救生",
        "image_url": "https://w.junreimap.com/images/points/428735/rf1x54gvw_1735492850638.jpg",
        "location": "Sunshine City",
        "point_id": "rf2nq7xqx",
        "point_name": "首都高速道路高架下",
        "remark": ""
      },
      "type": "Feature"
    },
    {
      "geometry": {
        "coordinates": [
          139.712206,
          35.716316
        ],
        "type": "Point"
      },
      "properties": {
        "bangumi_id": 428735,
        "bangumi_title": "迷途之子！！！！！",
        "ep_cut": "処救生",
        "image_url": "https://w.junreimap.com/images/points/428735/rf20frxty_1735493048359.jpg",
        "location": "高田二丁目步道桥",
        "point_id": "rf2omwplo",
        "point_name": "高田二丁目歩道橋",
        "remark": ""
      },
      "type": "Feature"
    },
    {
      "geometry": {
        "coordinates": [
          139.712203,
          35.716311
        ],
        "type": "Point"
      },
      "properties": {
        "bangumi_id": 428735,
        "bangumi_title": "迷途之子！！！！！",
        "ep_cut": "処救生",
        "image_url": "https://w.junreimap.com/images/points/428735/rf203jml1_1735493032948.jpg",
        "location": "高田二丁目步道桥",
        "point_id": "rf2or1zto",
        "point_name": "高田二丁目歩道橋",
        "remark": ""
      },
      "type": "Feature"
    },
    {
      "geometry": {
        "coordinates": [
          139.720045,
          35.725171
        ],
        "type": "Point"
      },
      "properties": {
        "bangumi_id": 428735,
        "bangumi_title": "迷途之子！！！！！",
        "ep_cut": "処救生",
        "image_url": "https://w.junreimap.com/images/points/428735/rf22oyugy_1735493334626.jpg",
        "location": "都电荒川线",
        "point_id": "rf2pxy9lg",
        "point_name": "東池袋四丁目停留場",
        "remark": "车站旁边，高架下方的小路。"
      },
      "type": "Feature"
    },
    {
      "geometry": {
        "coordinates": [
          139.712472,
          35.716448
        ],
        "type": "Point"
      },
      "properties": {
        "bangumi_id": 428735,
        "bangumi_title": "迷途之子！！！！！",
        "ep_cut": "処救生",
        "image_url": "https://w.junreimap.com/images/points/428735/rf28uq5lq_1735493567810.jpg",
        "location": "高田二丁目步道桥",
        "point_id": "rf2qr15cc",
        "point_name": "高田二丁目歩道橋",
        "remark": "可以看到天桥后的「江原運送」大楼和招牌。"
      },
      "type": "Feature"
    },
    {
      "geometry": {
        "coordinates": [
          139.712471,
          35.716443
        ],
        "type": "Point"
      },
      "properties": {
        "bangumi_id": 428735,
        "bangumi_title": "迷途之子！！！！！",
        "ep_cut": "処救生",
        "image_url": "https://w.junreimap.com/images/points/428735/rf298vmyc_1735493581025.jpg",
        "location": "高田二丁目步道桥",
        "point_id": "rf2r7bgjv",
        "point_name": "高田二丁目歩道橋",
        "remark": ""
      },
      "type": "Feature"
    },
    {
      "geometry": {
        "coordinates": [
          139.712203,
          35.716244
        ],
        "type": "Point"
      },
      "properties": {
        "bangumi_id": 428735,
        "bangumi_title": "迷途之子！！！！！",
        "ep_cut": "処救生",
        "image_url": "https://w.junreimap.com/images/points/428735/rf2awxh9x_1735493682118.jpg",
        "location": "高田二丁目步道桥",
        "point_id": "rf2rk04r3",
        "point_name": "高田二丁目歩道橋",
        "remark": ""
      },
      "type": "Feature"
    },
    {
      "geometry": {
        "coordinates": [
          139.712209,
          35.716243
        ],
        "type": "Point"
      },
      "properties": {
        "bangumi_id": 428735,
        "bangumi_title": "迷途之子！！！！！",
        "ep_cut": "処救生",
        "image_url": "https://w.junreimap.com/images/points/428735/rf2b4p10m_1735493701809.jpg",
        "location": "高田二丁目步道桥",
        "point_id": "rf2rx7cwe",
        "point_name": "メゾンサイトウ",
        "remark": ""
      },
      "type": "Feature"
    },
    {
      "geometry": {
        "coordinates": [
          139.71222,
          35.716239
        ],
        "type": "Point"
      },
      "properties": {
        "bangumi_id": 428735,
        "bangumi_title": "迷途之子！！！！！",
        "ep_cut": "処救生",
        "image_url": "https://w.junreimap.com/images/points/428735/rf2csd6b4_1735493795495.jpg",
        "location": "高田二丁目步道桥",
        "point_id": "rf2s74yp8",
        "point_name": "高田二丁目歩道橋",
        "remark": ""
      },
      "type": "Feature"
    },
    {
      "geometry": {
        "coordinates": [
          139.712214,
          35.716239
        ],
        "type": "Point"
      },
      "properties": {
        "bangumi_id": 428735,
        "bangumi_title": "迷途之子！！！！！",
        "ep_cut": "処救生",
        "image_url": "https://w.junreimap.com/images/points/428735/rf2dljb4a_1735493845710.jpg",
        "location": "高田二丁目步道桥",
        "point_id": "rf2sqdpn7",
        "point_name": "高田二丁目歩道橋",
        "remark": ""
      },
      "type": "Feature"
    },
    {
      "geometry": {
        "coordinates": [
          139.7205,
          35.725397
        ],
        "type": "Point"
      },
      "properties": {
        "bangumi_id": 428735,
        "bangumi_title": "迷途之子！！！！！",
        "ep_cut": "処救生",
        "image_url": "https://w.junreimap.com/images/points/428735/rf2f56k0e_1735493940297.jpg",
        "location": "都电荒川线",
        "point_id": "rf2t8ncnl",
        "point_name": "東池袋四丁目停留場",
        "remark": "向站台出入口的方向。"
      },
      "type": "Feature"
    },
    {
      "geometry": {
        "coordinates": [
          139.712473,
          35.716348
        ],
        "type": "Point"
      },
      "properties": {
        "bangumi_id": 428735,
        "bangumi_title": "迷途之子！！！！！",
        "ep_cut": "処救生",
        "image_url": "https://w.junreimap.com/images/points/428735/rf2ccz0z7_1735493900501.jpg",
        "location": "高田二丁目步道桥",
        "point_id": "rf2sjk2wo",
        "point_name": "高田二丁目歩道橋",
        "remark": ""
      },
      "type": "Feature"
    },
    {
      "geometry": {
        "coordinates": [
          139.718051,
          35.716109
        ],
        "type": "Point"
      },
      "properties": {
        "bangumi_id": 428735,
        "bangumi_title": "迷途之子！！！！！",
        "ep_cut": "ED",
        "image_url": "https://w.junreimap.com/images/user/0/bangumi/428735/points/s5vi6lhqg-1737594721823.jpg",
        "location": "羽丘周边",
        "point_id": "s5vi6lhqg",
        "point_name": "目白台一丁目遊び場",
        "remark": "ED中出现的公园的秋千，相比雑司が谷みみずく公園，更像是这里，因为地面有草。"
      },
      "type": "Feature"
    },
    {
      "geometry": {
        "coordinates": [
          136.947668,
          35.140719
        ],
        "type": "Point"
      },
      "properties": {
        "bangumi_id": 428735,
        "bangumi_title": "迷途之子！！！！！",
        "ep_cut": 13,
        "image_url": "https://w.junreimap.com/images/points/428735/td2hzw03n_1740979602115.jpg",
        "location": "名古屋",
        "point_id": "td2hzw03n",
        "point_name": "若叶睦的豪宅",
        "remark": "私人住宅，注意文明巡礼"
      },
      "type": "Feature"
    },
    {
      "geometry": {
        "coordinates": [
          140.028975,
          35.651372
        ],
        "type": "Point"
      },
      "properties": {
        "bangumi_id": 428735,
        "bangumi_title": "迷途之子！！！！！",
        "ep_cut": "OP《壱雫空》取景地",
        "image_url": "https://w.junreimap.com/images/user/0/bangumi/428735/points/4t8x4ww-1757486078720.jpg",
        "location": "幕张",
        "point_id": "4t8x4ww",
        "point_name": "幕張メッセ駐車場",
        "remark": "远处的由字型白楼和原址的花见川第二终末处理厂一致。地面大型探照灯一致。"
      },
      "type": "Feature"
    },
    {
      "geometry": {
        "coordinates": [
          139.571208,
          35.270366
        ],
        "type": "Point"
      },
      "properties": {
        "bangumi_id": 428735,
        "bangumi_title": "迷途之子！！！！！",
        "ep_cut": "エガクミライ",
        "image_url": "https://w.junreimap.com/images/user/0/bangumi/428735/points/54pvx05-1758429729330.jpg",
        "location": "真名瀬",
        "point_id": "54pvx05",
        "point_name": "真名瀬（バス）",
        "remark": ""
      },
      "type": "Feature"
    },
    {
      "geometry": {
        "coordinates": [
          139.574413,
          35.287078
        ],
        "type": "Point"
      },
      "properties": {
        "bangumi_id": 428735,
        "bangumi_title": "迷途之子！！！！！",
        "ep_cut": "エガクミライ",
        "image_url": "https://w.junreimap.com/images/user/0/bangumi/428735/points/54qi80s-1758428665230.jpg",
        "location": "渚橋",
        "point_id": "54qi80s",
        "point_name": "ファミリー​マート\n逗子​渚橋​店",
        "remark": ""
      },
      "type": "Feature"
    },
    {
      "geometry": {
        "coordinates": [
          139.570317,
          35.268336
        ],
        "type": "Point"
      },
      "properties": {
        "bangumi_id": 428735,
        "bangumi_title": "迷途之子！！！！！",
        "ep_cut": "エガクミライ",
        "image_url": "https://w.junreimap.com/images/user/0/bangumi/428735/points/54qoxjk-1758343409109.jpg",
        "location": "芝崎海岸",
        "point_id": "54qoxjk",
        "point_name": "HAYAMA TOWN GUIDE",
        "remark": "在信号灯旁边"
      },
      "type": "Feature"
    },
    {
      "geometry": {
        "coordinates": [
          139.576282,
          35.264012
        ],
        "type": "Point"
      },
      "properties": {
        "bangumi_id": 428735,
        "bangumi_title": "迷途之子！！！！！",
        "ep_cut": "エガクミライ",
        "image_url": "https://w.junreimap.com/images/user/0/bangumi/583138/points/54m5qae-1758174332187.jpg",
        "location": "一色海岸",
        "point_id": "54m5qae",
        "point_name": "一色海岸",
        "remark": "爱音架起脚架拍摄素希灯三人"
      },
      "type": "Feature"
    },
    {
      "geometry": {
        "coordinates": [
          139.576086,
          35.26404
        ],
        "type": "Point"
      },
      "properties": {
        "bangumi_id": 428735,
        "bangumi_title": "迷途之子！！！！！",
        "ep_cut": "エガクミライ",
        "image_url": "https://w.junreimap.com/images/user/0/bangumi/583138/points/54myv51-1758174792210.jpg",
        "location": "一色海岸",
        "point_id": "54myv51",
        "point_name": "一色海岸",
        "remark": "画面左侧可见一色ロイヤルビーチ沙滩俱乐部（夏季限定）"
      },
      "type": "Feature"
    },
    {
      "geometry": {
        "coordinates": [
          139.573945,
          35.290031
        ],
        "type": "Point"
      },
      "properties": {
        "bangumi_id": 428735,
        "bangumi_title": "迷途之子！！！！！",
        "ep_cut": "エガクミライ",
        "image_url": "https://w.junreimap.com/images/user/0/bangumi/583138/points/54p7x8l-1758178548923.jpg",
        "location": "逗子海岸",
        "point_id": "54p7x8l",
        "point_name": "逗子海岸ウォーターパーク",
        "remark": "前往逗子海岸公园的小隧道。出隧道后右侧是一个卫生间，此处有几条类似的隧道，不要找错。"
      },
      "type": "Feature"
    },
    {
      "geometry": {
        "coordinates": [
          139.567009,
          35.28306
        ],
        "type": "Point"
      },
      "properties": {
        "bangumi_id": 428735,
        "bangumi_title": "迷途之子！！！！！",
        "ep_cut": "エガクミライ",
        "image_url": "https://w.junreimap.com/images/user/0/bangumi/583138/points/54po2z0-1758179395622.jpg",
        "location": "叶山港",
        "point_id": "54po2z0",
        "point_name": "葉山港堤防",
        "remark": "位置不会远于葉山港突堤"
      },
      "type": "Feature"
    },
    {
      "geometry": {
        "coordinates": [
          139.566576,
          35.283148
        ],
        "type": "Point"
      },
      "properties": {
        "bangumi_id": 428735,
        "bangumi_title": "迷途之子！！！！！",
        "ep_cut": "エガクミライ",
        "image_url": "https://w.junreimap.com/images/user/0/bangumi/583138/points/54pwz69-1758179664784.jpg",
        "location": "叶山港",
        "point_id": "54pwz69",
        "point_name": "葉山港堤防 防波堤A 防波護岸入口",
        "remark": ""
      },
      "type": "Feature"
    },
    {
      "geometry": {
        "coordinates": [
          139.569121,
          35.266141
        ],
        "type": "Point"
      },
      "properties": {
        "bangumi_id": 428735,
        "bangumi_title": "迷途之子！！！！！",
        "ep_cut": "エガクミライ",
        "image_url": "https://w.junreimap.com/images/user/0/bangumi/583138/points/54qny8q-1758180938604.jpg",
        "location": "芝崎海岸",
        "point_id": "54qny8q",
        "point_name": "芝崎海岸",
        "remark": "素世和立希走海堤。结合近处海面几乎无陆地、海天线左侧有陆地和太阳方向可知为芝崎海岸南段"
      },
      "type": "Feature"
    },
    {
      "geometry": {
        "coordinates": [
          139.576652,
          35.263589
        ],
        "type": "Point"
      },
      "properties": {
        "bangumi_id": 428735,
        "bangumi_title": "迷途之子！！！！！",
        "ep_cut": "エガクミライ",
        "image_url": "https://w.junreimap.com/images/user/0/bangumi/583138/points/54qzbr5-1758181490169.jpg",
        "location": "一色海岸",
        "point_id": "54qzbr5",
        "point_name": "一色海水浴場",
        "remark": "背景为一色ロイヤルビーチ沙滩俱乐部（夏季限定）"
      },
      "type": "Feature"
    },
    {
      "geometry": {
        "coordinates": [
          139.568535,
          35.266098
        ],
        "type": "Point"
      },
      "properties": {
        "bangumi_id": 428735,
        "bangumi_title": "迷途之子！！！！！",
        "ep_cut": "エガクミライ",
        "image_url": "https://w.junreimap.com/images/user/0/bangumi/583138/points/54r8jql-1758181985790.jpg",
        "location": "芝崎海岸",
        "point_id": "54r8jql",
        "point_name": "芝崎海岸",
        "remark": ""
      },
      "type": "Feature"
    },
    {
      "geometry": {
        "coordinates": [
          139.565953,
          35.283135
        ],
        "type": "Point"
      },
      "properties": {
        "bangumi_id": 428735,
        "bangumi_title": "迷途之子！！！！！",
        "ep_cut": "エガクミライ",
        "image_url": "https://w.junreimap.com/images/user/0/bangumi/583138/points/54rkjc2-1758182462386.jpg",
        "location": "叶山港",
        "point_id": "54rkjc2",
        "point_name": "葉山港防波堤赤灯台（葉山港A防波堤灯台）",
        "remark": "防波堤消波结构。经过现地观察，MV中所拍摄的应当是从最东侧开始数的第8个消波结构。墙壁上有一节露出的白色水管，可根据此特征定位。"
      },
      "type": "Feature"
    },
    {
      "geometry": {
        "coordinates": [
          139.568903,
          35.283805
        ],
        "type": "Point"
      },
      "properties": {
        "bangumi_id": 428735,
        "bangumi_title": "迷途之子！！！！！",
        "ep_cut": "エガクミライ",
        "image_url": "https://w.junreimap.com/images/user/0/bangumi/583138/points/54rxk7g-1758183098394.jpg",
        "location": "鐙摺児童遊園",
        "point_id": "54rxk7g",
        "point_name": "鐙摺児童遊園",
        "remark": ""
      },
      "type": "Feature"
    },
    {
      "geometry": {
        "coordinates": [
          139.568854,
          35.283688
        ],
        "type": "Point"
      },
      "properties": {
        "bangumi_id": 428735,
        "bangumi_title": "迷途之子！！！！！",
        "ep_cut": "エガクミライ",
        "image_url": "https://w.junreimap.com/images/user/0/bangumi/583138/points/54rz5ea-1758183134377.jpg",
        "location": "鐙摺児童遊園",
        "point_id": "54rz5ea",
        "point_name": "鐙摺児童遊園",
        "remark": ""
      },
      "type": "Feature"
    },
    {
      "geometry": {
        "coordinates": [
          139.568962,
          35.283697
        ],
        "type": "Point"
      },
      "properties": {
        "bangumi_id": 428735,
        "bangumi_title": "迷途之子！！！！！",
        "ep_cut": "エガクミライ",
        "image_url": "https://w.junreimap.com/images/user/0/bangumi/583138/points/54s0jy6-1758183189213.jpg",
        "location": "鐙摺児童遊園",
        "point_id": "54s0jy6",
        "point_name": "鐙摺児童遊園",
        "remark": ""
      },
      "type": "Feature"
    },
    {
      "geometry": {
        "coordinates": [
          139.576359,
          35.263882
        ],
        "type": "Point"
      },
      "properties": {
        "bangumi_id": 428735,
        "bangumi_title": "迷途之子！！！！！",
        "ep_cut": "エガクミライ",
        "image_url": "https://w.junreimap.com/images/user/0/bangumi/583138/points/54sfwz9-1758183924126.jpg",
        "location": "一色海岸",
        "point_id": "54sfwz9",
        "point_name": "一色海岸",
        "remark": ""
      },
      "type": "Feature"
    },
    {
      "geometry": {
        "coordinates": [
          139.576641,
          35.264283
        ],
        "type": "Point"
      },
      "properties": {
        "bangumi_id": 428735,
        "bangumi_title": "迷途之子！！！！！",
        "ep_cut": "エガクミライ",
        "image_url": "https://w.junreimap.com/images/user/0/bangumi/428735/points/54rk42j-1758342476314.jpg",
        "location": "一色海岸",
        "point_id": "54rk42j",
        "point_name": "しおさいこみち",
        "remark": ""
      },
      "type": "Feature"
    },
    {
      "geometry": {
        "coordinates": [
          139.570168,
          35.284856
        ],
        "type": "Point"
      },
      "properties": {
        "bangumi_id": 428735,
        "bangumi_title": "迷途之子！！！！！",
        "ep_cut": "エガクミライ",
        "image_url": "https://w.junreimap.com/images/user/0/bangumi/583138/points/54rw4qs-1758188761988.jpg",
        "location": "叶山港",
        "point_id": "54rw4qs",
        "point_name": "葉山町",
        "remark": ""
      },
      "type": "Feature"
    },
    {
      "geometry": {
        "coordinates": [
          139.569249,
          35.266174
        ],
        "type": "Point"
      },
      "properties": {
        "bangumi_id": 428735,
        "bangumi_title": "迷途之子！！！！！",
        "ep_cut": "エガクミライ",
        "image_url": "https://w.junreimap.com/images/user/0/bangumi/583138/points/54sl8z7-1758184173104.jpg",
        "location": "芝崎海岸",
        "point_id": "54sl8z7",
        "point_name": "芝崎海岸",
        "remark": "在石壁的最西侧"
      },
      "type": "Feature"
    },
    {
      "geometry": {
        "coordinates": [
          139.567571,
          35.283813
        ],
        "type": "Point"
      },
      "properties": {
        "bangumi_id": 428735,
        "bangumi_title": "迷途之子！！！！！",
        "ep_cut": "エガクミライ",
        "image_url": "https://w.junreimap.com/images/user/0/bangumi/583138/points/54sqr54-1758184527639.jpg",
        "location": "叶山港",
        "point_id": "54sqr54",
        "point_name": "葉山港ヤシの木",
        "remark": "港口入口处三棵棕榈树的中间那棵。站在停车场闸机的位置向西北方向拍摄。灯头发右侧露出的是ヨットサービス的建筑物房檐。"
      },
      "type": "Feature"
    },
    {
      "geometry": {
        "coordinates": [
          139.579657,
          35.262331
        ],
        "type": "Point"
      },
      "properties": {
        "bangumi_id": 428735,
        "bangumi_title": "迷途之子！！！！！",
        "ep_cut": "エガクミライ",
        "image_url": "https://w.junreimap.com/images/user/0/bangumi/583138/points/54t1liy-1758184978005.jpg",
        "location": "一色海岸",
        "point_id": "54t1liy",
        "point_name": "葉山（バス）",
        "remark": ""
      },
      "type": "Feature"
    },
    {
      "geometry": {
        "coordinates": [
          139.571898,
          35.275265
        ],
        "type": "Point"
      },
      "properties": {
        "bangumi_id": 428735,
        "bangumi_title": "迷途之子！！！！！",
        "ep_cut": "エガクミライ",
        "image_url": "https://w.junreimap.com/images/user/0/bangumi/583138/points/54tqsaq-1758186091395.jpg",
        "location": "SCAPES THE SUITE",
        "point_id": "54tqsaq",
        "point_name": "シェルの砂時計",
        "remark": "シェルの砂時計正门右侧墙壁。此处及附近为私人住宅，请文明巡礼。"
      },
      "type": "Feature"
    },
    {
      "geometry": {
        "coordinates": [
          139.571645,
          35.275287
        ],
        "type": "Point"
      },
      "properties": {
        "bangumi_id": 428735,
        "bangumi_title": "迷途之子！！！！！",
        "ep_cut": "エガクミライ",
        "image_url": "https://w.junreimap.com/images/user/0/bangumi/583138/points/54tvshw-1758186342533.jpg",
        "location": "SCAPES THE SUITE",
        "point_id": "54tvshw",
        "point_name": "SCAPES THE SUITE",
        "remark": "SCAPES THE SUITE北侧外墙最东端"
      },
      "type": "Feature"
    },
    {
      "geometry": {
        "coordinates": [
          139.571465,
          35.271691
        ],
        "type": "Point"
      },
      "properties": {
        "bangumi_id": 428735,
        "bangumi_title": "迷途之子！！！！！",
        "ep_cut": "エガクミライ",
        "image_url": "https://w.junreimap.com/images/user/0/bangumi/583138/points/54u3dsb-1758186689829.jpg",
        "location": "三角屋根",
        "point_id": "54u3dsb",
        "point_name": "三角屋根",
        "remark": "旁边是森户神社车站。2026/7/14：反光镜已被更换，变成了圆形。"
      },
      "type": "Feature"
    },
    {
      "geometry": {
        "coordinates": [
          139.57135,
          35.271704
        ],
        "type": "Point"
      },
      "properties": {
        "bangumi_id": 428735,
        "bangumi_title": "迷途之子！！！！！",
        "ep_cut": "エガクミライ",
        "image_url": "https://w.junreimap.com/images/user/0/bangumi/583138/points/54u7thu-1758186914954.jpg",
        "location": "三角屋根",
        "point_id": "54u7thu",
        "point_name": " 森戸海岸第５ 駐車場 自動販売機",
        "remark": "在三角屋根停车场正对面"
      },
      "type": "Feature"
    },
    {
      "geometry": {
        "coordinates": [
          139.571098,
          35.270394
        ],
        "type": "Point"
      },
      "properties": {
        "bangumi_id": 428735,
        "bangumi_title": "迷途之子！！！！！",
        "ep_cut": "エガクミライ",
        "image_url": "https://w.junreimap.com/images/user/0/bangumi/583138/points/54ujirg-1758187466001.jpg",
        "location": "真名瀬",
        "point_id": "54ujirg",
        "point_name": "真名瀬（バス）",
        "remark": ""
      },
      "type": "Feature"
    },
    {
      "geometry": {
        "coordinates": [
          139.575668,
          35.264642
        ],
        "type": "Point"
      },
      "properties": {
        "bangumi_id": 428735,
        "bangumi_title": "迷途之子！！！！！",
        "ep_cut": "エガクミライ",
        "image_url": "https://w.junreimap.com/images/user/0/bangumi/583138/points/54usu41-1758187879792.jpg",
        "location": "一色海岸",
        "point_id": "54usu41",
        "point_name": "一色海岸",
        "remark": "猫猫在看排水渠流出的水"
      },
      "type": "Feature"
    },
    {
      "geometry": {
        "coordinates": [
          139.565977,
          35.283211
        ],
        "type": "Point"
      },
      "properties": {
        "bangumi_id": 428735,
        "bangumi_title": "迷途之子！！！！！",
        "ep_cut": "エガクミライ",
        "image_url": "https://w.junreimap.com/images/user/0/bangumi/583138/points/54uuko1-1758187972406.jpg",
        "location": "叶山港",
        "point_id": "54uuko1",
        "point_name": "葉山港防波堤赤灯台（葉山港A防波堤灯台）",
        "remark": ""
      },
      "type": "Feature"
    },
    {
      "geometry": {
        "coordinates": [
          139.569075,
          35.266141
        ],
        "type": "Point"
      },
      "properties": {
        "bangumi_id": 428735,
        "bangumi_title": "迷途之子！！！！！",
        "ep_cut": "エガクミライ",
        "image_url": "https://w.junreimap.com/images/user/0/bangumi/583138/points/54uwz2d-1758188070629.jpg",
        "location": "芝崎海岸",
        "point_id": "54uwz2d",
        "point_name": "芝崎海岸",
        "remark": "此标点处排水孔相对更密集"
      },
      "type": "Feature"
    },
    {
      "geometry": {
        "coordinates": [
          139.570457,
          35.266299
        ],
        "type": "Point"
      },
      "properties": {
        "bangumi_id": 428735,
        "bangumi_title": "迷途之子！！！！！",
        "ep_cut": "エガクミライ",
        "image_url": "https://w.junreimap.com/images/user/0/bangumi/583138/points/54v8bs7-1758188659622.jpg",
        "location": "芝崎海岸",
        "point_id": "54v8bs7",
        "point_name": "コンドミニアムザハヤマ東棟",
        "remark": "コンドミニアムザハヤマ東棟东侧Y字路口"
      },
      "type": "Feature"
    },
    {
      "geometry": {
        "coordinates": [
          139.567543,
          35.267273
        ],
        "type": "Point"
      },
      "properties": {
        "bangumi_id": 428735,
        "bangumi_title": "迷途之子！！！！！",
        "ep_cut": "エガクミライ",
        "image_url": "https://w.junreimap.com/images/user/0/bangumi/583138/points/54vdbcj-1758188850805.jpg",
        "location": "芝崎海岸",
        "point_id": "54vdbcj",
        "point_name": "芝崎海岸",
        "remark": ""
      },
      "type": "Feature"
    },
    {
      "geometry": {
        "coordinates": [
          139.566197,
          35.283095
        ],
        "type": "Point"
      },
      "properties": {
        "bangumi_id": 428735,
        "bangumi_title": "迷途之子！！！！！",
        "ep_cut": "エガクミライ",
        "image_url": "https://w.junreimap.com/images/user/0/bangumi/583138/points/54vhvuc-1758189081539.jpg",
        "location": "叶山港",
        "point_id": "54vhvuc",
        "point_name": "葉山港",
        "remark": "叶山港向南往叶山酒店展望"
      },
      "type": "Feature"
    },
    {
      "geometry": {
        "coordinates": [
          139.574106,
          35.286771
        ],
        "type": "Point"
      },
      "properties": {
        "bangumi_id": 428735,
        "bangumi_title": "迷途之子！！！！！",
        "ep_cut": "エガクミライ",
        "image_url": "https://w.junreimap.com/images/user/0/bangumi/583138/points/54vnklw-1758189300354.jpg",
        "location": "渚橋",
        "point_id": "54vnklw",
        "point_name": "渚橋交差点",
        "remark": "立希拍摄高松灯"
      },
      "type": "Feature"
    },
    {
      "geometry": {
        "coordinates": [
          139.574277,
          35.286765
        ],
        "type": "Point"
      },
      "properties": {
        "bangumi_id": 428735,
        "bangumi_title": "迷途之子！！！！！",
        "ep_cut": "エガクミライ",
        "image_url": "https://w.junreimap.com/images/user/0/bangumi/583138/points/54vq00q-1758189415743.jpg",
        "location": "渚橋",
        "point_id": "54vq00q",
        "point_name": "渚橋交差点",
        "remark": "素世拍摄大家"
      },
      "type": "Feature"
    },
    {
      "geometry": {
        "coordinates": [
          139.565558,
          35.283473
        ],
        "type": "Point"
      },
      "properties": {
        "bangumi_id": 428735,
        "bangumi_title": "迷途之子！！！！！",
        "ep_cut": "エガクミライ",
        "image_url": "https://w.junreimap.com/images/user/0/bangumi/583138/points/54vrkdl-1758189500844.jpg",
        "location": "叶山港",
        "point_id": "54vrkdl",
        "point_name": "葉山港防波堤赤灯台（葉山港A防波堤灯台）",
        "remark": ""
      },
      "type": "Feature"
    },
    {
      "geometry": {
        "coordinates": [
          139.571089,
          35.270372
        ],
        "type": "Point"
      },
      "properties": {
        "bangumi_id": 428735,
        "bangumi_title": "迷途之子！！！！！",
        "ep_cut": "エガクミライ",
        "image_url": "https://w.junreimap.com/images/user/0/bangumi/583138/points/54vy17o-1758189839295.jpg",
        "location": "真名瀬",
        "point_id": "54vy17o",
        "point_name": "真名瀬（バス）",
        "remark": "真名濑巴士站通往海滩的楼梯"
      },
      "type": "Feature"
    },
    {
      "geometry": {
        "coordinates": [
          139.572956,
          35.292048
        ],
        "type": "Point"
      },
      "properties": {
        "bangumi_id": 428735,
        "bangumi_title": "迷途之子！！！！！",
        "ep_cut": "エガクミライ",
        "image_url": "https://w.junreimap.com/images/user/0/bangumi/583138/points/54wsain-1758191221660.jpg",
        "location": "逗子海岸",
        "point_id": "54wsain",
        "point_name": "逗子海岸ウォーターパーク",
        "remark": "通往逗子海岸水上公园的小隧道内视角。2026/7/14：墙面现已被粉刷。"
      },
      "type": "Feature"
    },
    {
      "geometry": {
        "coordinates": [
          139.571357,
          35.270975
        ],
        "type": "Point"
      },
      "properties": {
        "bangumi_id": 428735,
        "bangumi_title": "迷途之子！！！！！",
        "ep_cut": "エガクミライ",
        "image_url": "https://w.junreimap.com/images/user/0/bangumi/583138/points/54xa98k-1758192197697.jpg",
        "location": "真名瀬",
        "point_id": "54xa98k",
        "point_name": "県道207線の急カーブ標示",
        "remark": ""
      },
      "type": "Feature"
    },
    {
      "geometry": {
        "coordinates": [
          139.579626,
          35.258486
        ],
        "type": "Point"
      },
      "properties": {
        "bangumi_id": 428735,
        "bangumi_title": "迷途之子！！！！！",
        "ep_cut": "エガクミライ",
        "image_url": "https://w.junreimap.com/images/user/0/bangumi/583138/points/54xhxgw-1758192480651.jpg",
        "location": "葉山公園",
        "point_id": "54xhxgw",
        "point_name": "バーゴラ（葉山公園）",
        "remark": ""
      },
      "type": "Feature"
    },
    {
      "geometry": {
        "coordinates": [
          139.565884,
          35.283177
        ],
        "type": "Point"
      },
      "properties": {
        "bangumi_id": 428735,
        "bangumi_title": "迷途之子！！！！！",
        "ep_cut": "エガクミライ",
        "image_url": "https://w.junreimap.com/images/user/0/bangumi/583138/points/54xuclp-1758192991931.jpg",
        "location": "叶山港",
        "point_id": "54xuclp",
        "point_name": "葉山港防波堤赤灯台（葉山港A防波堤灯台）",
        "remark": ""
      },
      "type": "Feature"
    },
    {
      "geometry": {
        "coordinates": [
          139.578467,
          35.259028
        ],
        "type": "Point"
      },
      "properties": {
        "bangumi_id": 428735,
        "bangumi_title": "迷途之子！！！！！",
        "ep_cut": "エガクミライ",
        "image_url": "https://w.junreimap.com/images/user/0/bangumi/583138/points/54y55f4-1758193494643.jpg",
        "location": "大浜海岸",
        "point_id": "54y55f4",
        "point_name": "大浜海岸",
        "remark": "标记点往西北方向看向河流入海口"
      },
      "type": "Feature"
    },
    {
      "geometry": {
        "coordinates": [
          139.568009,
          35.268001
        ],
        "type": "Point"
      },
      "properties": {
        "bangumi_id": 428735,
        "bangumi_title": "迷途之子！！！！！",
        "ep_cut": "エガクミライ",
        "image_url": "https://w.junreimap.com/images/user/0/bangumi/583138/points/54xsc6j-1758192899637.jpg",
        "location": "芝崎海岸",
        "point_id": "54xsc6j",
        "point_name": "芝崎海岸",
        "remark": ""
      },
      "type": "Feature"
    },
    {
      "geometry": {
        "coordinates": [
          139.579511,
          35.258524
        ],
        "type": "Point"
      },
      "properties": {
        "bangumi_id": 428735,
        "bangumi_title": "迷途之子！！！！！",
        "ep_cut": "エガクミライ",
        "image_url": "https://w.junreimap.com/images/user/0/bangumi/428735/points/57au326-1758335779503.jpg",
        "location": "葉山公園",
        "point_id": "57au326",
        "point_name": "バーゴラ（葉山公園）",
        "remark": "叶山公园凉棚北侧桌子"
      },
      "type": "Feature"
    },
    {
      "geometry": {
        "coordinates": [
          139.573857,
          35.29001
        ],
        "type": "Point"
      },
      "properties": {
        "bangumi_id": 428735,
        "bangumi_title": "迷途之子！！！！！",
        "ep_cut": "エガクミライ",
        "image_url": "https://w.junreimap.com/images/user/0/bangumi/428735/points/57i3c4d-1758347981969.jpg",
        "location": "逗子海岸",
        "point_id": "57i3c4d",
        "point_name": "県道134号",
        "remark": "上午最佳，机位在县道的靠海滩一侧"
      },
      "type": "Feature"
    },
    {
      "geometry": {
        "coordinates": [
          139.579533,
          35.258519
        ],
        "type": "Point"
      },
      "properties": {
        "bangumi_id": 428735,
        "bangumi_title": "迷途之子！！！！！",
        "ep_cut": "エガクミライ",
        "image_url": "https://w.junreimap.com/images/user/0/bangumi/428735/points/57azo6s-1758336019598.jpg",
        "location": "葉山公園",
        "point_id": "57azo6s",
        "point_name": "バーゴラ（葉山公園）",
        "remark": "立希阻挡爱音偷拍"
      },
      "type": "Feature"
    },
    {
      "geometry": {
        "coordinates": [
          139.579516,
          35.25851
        ],
        "type": "Point"
      },
      "properties": {
        "bangumi_id": 428735,
        "bangumi_title": "迷途之子！！！！！",
        "ep_cut": "エガクミライ",
        "image_url": "https://w.junreimap.com/images/user/0/bangumi/428735/points/57b3qi5-1758336286754.jpg",
        "location": "葉山公園",
        "point_id": "57b3qi5",
        "point_name": "バーゴラ（葉山公園）",
        "remark": ""
      },
      "type": "Feature"
    },
    {
      "geometry": {
        "coordinates": [
          139.579589,
          35.258533
        ],
        "type": "Point"
      },
      "properties": {
        "bangumi_id": 428735,
        "bangumi_title": "迷途之子！！！！！",
        "ep_cut": "エガクミライ",
        "image_url": "https://w.junreimap.com/images/user/0/bangumi/428735/points/57d847m-1758339777346.jpg",
        "location": "葉山公園",
        "point_id": "57d847m",
        "point_name": "バーゴラ（葉山公園）",
        "remark": "叶山公园凉棚地板东北角"
      },
      "type": "Feature"
    },
    {
      "geometry": {
        "coordinates": [
          139.576367,
          35.264071
        ],
        "type": "Point"
      },
      "properties": {
        "bangumi_id": 428735,
        "bangumi_title": "迷途之子！！！！！",
        "ep_cut": "エガクミライ",
        "image_url": "https://w.junreimap.com/images/user/0/bangumi/428735/points/57desrm-1758340079518.jpg",
        "location": "一色海岸",
        "point_id": "57desrm",
        "point_name": "一色海岸",
        "remark": "爱音身后即为潮騷小道"
      },
      "type": "Feature"
    },
    {
      "geometry": {
        "coordinates": [
          139.576342,
          35.263878
        ],
        "type": "Point"
      },
      "properties": {
        "bangumi_id": 428735,
        "bangumi_title": "迷途之子！！！！！",
        "ep_cut": "エガクミライ",
        "image_url": "https://w.junreimap.com/images/user/0/bangumi/428735/points/58zud6w-1758438205288.jpg",
        "location": "一色海岸",
        "point_id": "58zud6w",
        "point_name": "一色海岸",
        "remark": ""
      },
      "type": "Feature"
    },
    {
      "geometry": {
        "coordinates": [
          139.570313,
          35.279204
        ],
        "type": "Point"
      },
      "properties": {
        "bangumi_id": 428735,
        "bangumi_title": "迷途之子！！！！！",
        "ep_cut": "エガクミライ",
        "image_url": "https://w.junreimap.com/images/user/0/bangumi/428735/points/58xqyas-1758434788503.jpg",
        "location": "諏訪町下海岸",
        "point_id": "58xqyas",
        "point_name": "諏訪町下海岸",
        "remark": "諏訪町下海岸45R葉山旁民居排水渠"
      },
      "type": "Feature"
    },
    {
      "geometry": {
        "coordinates": [
          139.575926,
          35.270306
        ],
        "type": "Point"
      },
      "properties": {
        "bangumi_id": 428735,
        "bangumi_title": "迷途之子！！！！！",
        "ep_cut": "エガクミライ",
        "image_url": "https://w.junreimap.com/images/user/0/bangumi/428735/points/58xzs2u-1758435133649.jpg",
        "location": "紫阳花公园",
        "point_id": "58xzs2u",
        "point_name": "あじさい公園",
        "remark": "推测拍摄者在标记点向南拍摄，需实地进一步确认"
      },
      "type": "Feature"
    },
    {
      "geometry": {
        "coordinates": [
          139.575849,
          35.270277
        ],
        "type": "Point"
      },
      "properties": {
        "bangumi_id": 428735,
        "bangumi_title": "迷途之子！！！！！",
        "ep_cut": "エガクミライ",
        "image_url": "https://w.junreimap.com/images/user/0/bangumi/428735/points/58ysmcp-1758436439829.jpg",
        "location": "紫阳花公园",
        "point_id": "58ysmcp",
        "point_name": "あじさい公園",
        "remark": "根据官网照片比对发现树叶和枝干较为一致，需要进一步确认"
      },
      "type": "Feature"
    },
    {
      "geometry": {
        "coordinates": [
          139.576772,
          35.263628
        ],
        "type": "Point"
      },
      "properties": {
        "bangumi_id": 428735,
        "bangumi_title": "迷途之子！！！！！",
        "ep_cut": "エガクミライ",
        "image_url": "https://w.junreimap.com/images/user/0/bangumi/428735/points/58z9z1y-1758437306651.jpg",
        "location": "一色海岸",
        "point_id": "58z9z1y",
        "point_name": "一色海岸",
        "remark": "远处礁石为芝崎海岸对出的礁石"
      },
      "type": "Feature"
    },
    {
      "geometry": {
        "coordinates": [
          139.576755,
          35.263466
        ],
        "type": "Point"
      },
      "properties": {
        "bangumi_id": 428735,
        "bangumi_title": "迷途之子！！！！！",
        "ep_cut": "エガクミライ",
        "image_url": "https://w.junreimap.com/images/user/0/bangumi/428735/points/58zdcpt-1758437415968.jpg",
        "location": "一色海岸",
        "point_id": "58zdcpt",
        "point_name": "一色海岸",
        "remark": ""
      },
      "type": "Feature"
    },
    {
      "geometry": {
        "coordinates": [
          139.576546,
          35.263585
        ],
        "type": "Point"
      },
      "properties": {
        "bangumi_id": 428735,
        "bangumi_title": "迷途之子！！！！！",
        "ep_cut": "エガクミライ",
        "image_url": "https://w.junreimap.com/images/user/0/bangumi/428735/points/58zsaj8-1758438120774.jpg",
        "location": "一色海岸",
        "point_id": "58zsaj8",
        "point_name": "一色海岸",
        "remark": ""
      },
      "type": "Feature"
    },
    {
      "geometry": {
        "coordinates": [
          139.576365,
          35.260514
        ],
        "type": "Point"
      },
      "properties": {
        "bangumi_id": 428735,
        "bangumi_title": "迷途之子！！！！！",
        "ep_cut": "エガクミライ",
        "image_url": "https://w.junreimap.com/images/user/0/bangumi/428735/points/5928sc2-1758442279477.jpg",
        "location": "小磯の鼻",
        "point_id": "5928sc2",
        "point_name": "小磯の鼻",
        "remark": "岩石特征与标记点较为符合，需进一步确认"
      },
      "type": "Feature"
    },
    {
      "geometry": {
        "coordinates": [
          139.576384,
          35.260363
        ],
        "type": "Point"
      },
      "properties": {
        "bangumi_id": 428735,
        "bangumi_title": "迷途之子！！！！！",
        "ep_cut": "エガクミライ",
        "image_url": "https://w.junreimap.com/images/user/0/bangumi/428735/points/592dufx-1758442475624.jpg",
        "location": "小磯の鼻",
        "point_id": "592dufx",
        "point_name": "小磯の鼻",
        "remark": "实际去的地方与MV里暗示的完全相反"
      },
      "type": "Feature"
    },
    {
      "geometry": {
        "coordinates": [
          139.7148,
          35.720081
        ],
        "type": "Point"
      },
      "properties": {
        "bangumi_id": 428735,
        "bangumi_title": "迷途之子！！！！！",
        "ep_cut": "证命赞歌",
        "image_url": "https://w.junreimap.com/images/user/0/bangumi/428735/points/gj16rgp-1782989775274.webp",
        "location": "鬼子母神前",
        "point_id": "gj16rgp",
        "point_name": "鬼子母神前停留場",
        "remark": "站在鬼子母神前站三之轮桥方面站台向北拍摄。远景高楼从左至右分别为Brillia Tower池袋、被挡住的Sunshin 60、刚建好的グランドシティタワー池袋和プラウドタワー池袋。"
      },
      "type": "Feature"
    },
    {
      "geometry": {
        "coordinates": [
          139.717753,
          35.716638
        ],
        "type": "Point"
      },
      "properties": {
        "bangumi_id": 428735,
        "bangumi_title": "迷途之子！！！！！",
        "ep_cut": "证命赞歌",
        "image_url": "https://w.junreimap.com/images/user/0/bangumi/428735/points/gj1fa7b-1782990192563.webp",
        "location": "富士见坂",
        "point_id": "gj1fa7b",
        "point_name": "富士見坂",
        "remark": "黄昏时刻站在标记点位置向南拍摄。"
      },
      "type": "Feature"
    },
    {
      "geometry": {
        "coordinates": [
          139.712969,
          35.720719
        ],
        "type": "Point"
      },
      "properties": {
        "bangumi_id": 428735,
        "bangumi_title": "迷途之子！！！！！",
        "ep_cut": "证命赞歌",
        "image_url": "https://w.junreimap.com/images/user/0/bangumi/428735/points/gj1nzol-1782990534409.webp",
        "location": "千登世步道桥",
        "point_id": "gj1nzol",
        "point_name": "千登世歩道橋",
        "remark": "黄昏时段站在标记点向北拍摄，此处就是翻新后加高护栏的成人桥。"
      },
      "type": "Feature"
    },
    {
      "geometry": {
        "coordinates": [
          139.714336,
          35.713362
        ],
        "type": "Point"
      },
      "properties": {
        "bangumi_id": 428735,
        "bangumi_title": "迷途之子！！！！！",
        "ep_cut": "证命赞歌",
        "image_url": "https://w.junreimap.com/images/user/0/bangumi/428735/points/gj1ty2d-1782990838707.webp",
        "location": "面影桥",
        "point_id": "gj1ty2d",
        "point_name": "面影橋",
        "remark": "黄昏时段站在桥北标记点向南拍摄。画面左下可见面影桥牌匾。远处路口就是都电荒川线车站。"
      },
      "type": "Feature"
    },
    {
      "geometry": {
        "coordinates": [
          139.717269,
          35.729219
        ],
        "type": "Point"
      },
      "properties": {
        "bangumi_id": 428735,
        "bangumi_title": "迷途之子！！！！！",
        "ep_cut": "证命赞歌",
        "image_url": "https://w.junreimap.com/images/user/0/bangumi/428735/points/gj1zb8r-1782991138279.webp",
        "location": "サンシャイン前交差点",
        "point_id": "gj1zb8r",
        "point_name": "サンシャイン前交差点",
        "remark": "白天时站在标记点位置向北拍摄，匝道桥墩十分醒目。画面右侧是Sunshine 60。"
      },
      "type": "Feature"
    },
    {
      "geometry": {
        "coordinates": [
          139.712574,
          35.730544
        ],
        "type": "Point"
      },
      "properties": {
        "bangumi_id": 428735,
        "bangumi_title": "迷途之子！！！！！",
        "ep_cut": "证命赞歌",
        "image_url": "https://w.junreimap.com/images/user/0/bangumi/428735/points/gj2d4qu-1782991729025.webp",
        "location": "池袋駅東口交差点",
        "point_id": "gj2d4qu",
        "point_name": "池袋駅東口交差点",
        "remark": "白天站在标记点向东拍摄，画面左侧建筑为ソフマップ池袋店，中间为池袋伊藤ビル，右侧为ヒューリック​池​袋​駅​前​ビル。"
      },
      "type": "Feature"
    },
    {
      "geometry": {
        "coordinates": [
          139.717868,
          35.716882
        ],
        "type": "Point"
      },
      "properties": {
        "bangumi_id": 428735,
        "bangumi_title": "迷途之子！！！！！",
        "ep_cut": "证命赞歌",
        "image_url": "https://w.junreimap.com/images/user/0/bangumi/428735/points/gj35o3q-1782993144988.webp",
        "location": "目白台二丁目路口",
        "point_id": "gj35o3q",
        "point_name": "目白台二丁目交叉点",
        "remark": "黄昏时段站在标记点位置向北拍摄，可根据画面中消防栓标牌定位。"
      },
      "type": "Feature"
    },
    {
      "geometry": {
        "coordinates": [
          139.71378,
          35.718747
        ],
        "type": "Point"
      },
      "properties": {
        "bangumi_id": 428735,
        "bangumi_title": "迷途之子！！！！！",
        "ep_cut": "证命赞歌",
        "image_url": "https://w.junreimap.com/images/user/0/bangumi/428735/points/gj0fr7n-1782988505884.webp",
        "location": "千登世桥",
        "point_id": "gj0fr7n",
        "point_name": "千登世小橋",
        "remark": "黄昏时段站在千登世小桥南侧向北拍摄。画面最左侧黄色建筑物为SZビル雑司が谷；中部为都电荒川线轨道；远景高楼从左到右分别为Brilla Tower池袋、被挡住一半的Sunshine 60、刚刚建好的グランドシティタワー池袋以及プラウドタワー池袋和最右侧的プラウドタワー東池袋。"
      },
      "type": "Feature"
    },
    {
      "geometry": {
        "coordinates": [
          139.516649,
          35.303694
        ],
        "type": "Point"
      },
      "properties": {
        "bangumi_id": 428735,
        "bangumi_title": "迷途之子！！！！！",
        "ep_cut": "宣传图",
        "image_url": "https://w.junreimap.com/images/user/0/bangumi/428735/points/gkdxuol-1783071653694.webp",
        "location": "LIVE/活动场地",
        "point_id": "gkdxuol",
        "point_name": "七里ヶ浜海岸",
        "remark": "MyGO!!!!! 9th LIVE「つなぎ目の向こうに」宣传图。栏杆细节略有不同，例如现实中颜色为白色而非宣传图中黑色，并且是直接安装在地面上而不是马路牙上。逗子沿岸有大量类似路段，仅供参考。"
      },
      "type": "Feature"
    },
    {
      "geometry": {
        "coordinates": [
          139.57642,
          35.260322
        ],
        "type": "Point"
      },
      "properties": {
        "bangumi_id": 428735,
        "bangumi_title": "迷途之子！！！！！",
        "ep_cut": "エガクミライ",
        "image_url": "https://w.junreimap.com/images/user/0/bangumi/428735/points/gouebbu-1783341134975.webp",
        "location": "小磯の鼻",
        "point_id": "gouebbu",
        "point_name": "小磯の鼻",
        "remark": "黄昏时站在标记点位置向南拍摄。爱音背后为虚化的長者ヶ崎石壁。画面右侧露出的礁石可帮助定位。"
      },
      "type": "Feature"
    },
    {
      "geometry": {
        "coordinates": [
          139.576439,
          35.26036
        ],
        "type": "Point"
      },
      "properties": {
        "bangumi_id": 428735,
        "bangumi_title": "迷途之子！！！！！",
        "ep_cut": "エガクミライ",
        "image_url": "https://w.junreimap.com/images/user/0/bangumi/428735/points/gou86bh-1783340836788.webp",
        "location": "小磯の鼻",
        "point_id": "gou86bh",
        "point_name": "小磯の鼻",
        "remark": "黄昏时站在标记点位置向西拍摄。MV画面中左下角为富士山，如果现地天气够好，理论上可以复刻。"
      },
      "type": "Feature"
    },
    {
      "geometry": {
        "coordinates": [
          139.572835,
          35.265474
        ],
        "type": "Point"
      },
      "properties": {
        "bangumi_id": 428735,
        "bangumi_title": "迷途之子！！！！！",
        "ep_cut": "エガクミライ",
        "image_url": "https://w.junreimap.com/images/user/0/bangumi/428735/points/gooyb7d-1783332155117.webp",
        "location": "一色海岸",
        "point_id": "gooyb7d",
        "point_name": "一色海岸北侧石滩",
        "remark": "对比了小磯の鼻和森戸大明神社附近的类似石滩，还是此处最为相似。有待实地确认。"
      },
      "type": "Feature"
    },
    {
      "geometry": {
        "coordinates": [
          139.707943,
          35.815902
        ],
        "type": "Point"
      },
      "properties": {
        "bangumi_id": 428735,
        "bangumi_title": "迷途之子！！！！！",
        "ep_cut": "剧场版上",
        "image_url": "https://w.junreimap.com/images/user/0/bangumi/428735/points/gyhsbs0-1783924600170.webp",
        "location": "SPACE",
        "point_id": "gyhsbs0",
        "point_name": "西川口Live House Hearts",
        "remark": ""
      },
      "type": "Feature"
    }
  ],
  "type": "FeatureCollection"
}