{
  "features": [
    {
      "geometry": {
        "coordinates": [
          139.744159,
          35.697813
        ],
        "type": "Point"
      },
      "properties": {
        "bangumi_id": 437593,
        "bangumi_title": "杂旅-That's Journey-",
        "ep_cut": 1,
        "image_url": "https://w.junreimap.com/images/points/437593/te46ays8m_1753279181254.jpg",
        "location": "",
        "point_id": "te46ays8m",
        "point_name": "角川​第2​本社​ビル",
        "remark": ""
      },
      "type": "Feature"
    },
    {
      "geometry": {
        "coordinates": [
          139.745446,
          35.698908
        ],
        "type": "Point"
      },
      "properties": {
        "bangumi_id": 437593,
        "bangumi_title": "杂旅-That's Journey-",
        "ep_cut": 1,
        "image_url": "https://w.junreimap.com/images/points/437593/unrg3c1jo_1744638677005_c16v9.jpg",
        "location": "",
        "point_id": "unrg3c1jo",
        "point_name": "ドーム飯田橋",
        "remark": ""
      },
      "type": "Feature"
    },
    {
      "geometry": {
        "coordinates": [
          139.744238,
          35.699688
        ],
        "type": "Point"
      },
      "properties": {
        "bangumi_id": 437593,
        "bangumi_title": "杂旅-That's Journey-",
        "ep_cut": 1,
        "image_url": "https://w.junreimap.com/images/points/437593/unrcodfg5_1744638461039_c16v9.jpg",
        "location": "",
        "point_id": "unrcodfg5",
        "point_name": "早稲田通り",
        "remark": ""
      },
      "type": "Feature"
    },
    {
      "geometry": {
        "coordinates": [
          139.74428,
          35.699677
        ],
        "type": "Point"
      },
      "properties": {
        "bangumi_id": 437593,
        "bangumi_title": "杂旅-That's Journey-",
        "ep_cut": 1,
        "image_url": "https://w.junreimap.com/images/points/437593/unr91ft99_1744638472641_c16v9.jpg",
        "location": "",
        "point_id": "unr91ft99",
        "point_name": "新しい飯田橋駅西口",
        "remark": ""
      },
      "type": "Feature"
    },
    {
      "geometry": {
        "coordinates": [
          140.388228,
          37.397418
        ],
        "type": "Point"
      },
      "properties": {
        "bangumi_id": 437593,
        "bangumi_title": "杂旅-That's Journey-",
        "ep_cut": 1,
        "image_url": "https://w.junreimap.com/images/points/437593/te4dd17gl_1753283322372.jpg",
        "location": "郡山駅",
        "point_id": "te4dd17gl",
        "point_name": "郡山駅 新幹線",
        "remark": "12站台"
      },
      "type": "Feature"
    },
    {
      "geometry": {
        "coordinates": [
          140.38843,
          37.39775
        ],
        "type": "Point"
      },
      "properties": {
        "bangumi_id": 437593,
        "bangumi_title": "杂旅-That's Journey-",
        "ep_cut": 1,
        "image_url": "https://w.junreimap.com/images/points/437593/te4nnpldg_1753283363508.jpg",
        "location": "郡山駅",
        "point_id": "te4nnpldg",
        "point_name": "郡山駅 在来線改札口",
        "remark": ""
      },
      "type": "Feature"
    },
    {
      "geometry": {
        "coordinates": [
          140.388725,
          37.398192
        ],
        "type": "Point"
      },
      "properties": {
        "bangumi_id": 437593,
        "bangumi_title": "杂旅-That's Journey-",
        "ep_cut": 1,
        "image_url": "https://w.junreimap.com/images/points/437593/te4h0jro6_1753283392417.jpg",
        "location": "郡山駅",
        "point_id": "te4h0jro6",
        "point_name": "郡山駅 磐越西線",
        "remark": "1站台"
      },
      "type": "Feature"
    },
    {
      "geometry": {
        "coordinates": [
          140.270827,
          37.480723
        ],
        "type": "Point"
      },
      "properties": {
        "bangumi_id": 437593,
        "bangumi_title": "杂旅-That's Journey-",
        "ep_cut": 1,
        "image_url": "https://w.junreimap.com/images/points/437593/te4pchkw6_1753283403858.jpg",
        "location": "磐梯熱海",
        "point_id": "te4pchkw6",
        "point_name": "磐梯熱海駅内",
        "remark": ""
      },
      "type": "Feature"
    },
    {
      "geometry": {
        "coordinates": [
          140.270865,
          37.480845
        ],
        "type": "Point"
      },
      "properties": {
        "bangumi_id": 437593,
        "bangumi_title": "杂旅-That's Journey-",
        "ep_cut": 1,
        "image_url": "https://w.junreimap.com/images/points/437593/2vqtn2q_1753283427945.jpg",
        "location": "磐梯熱海",
        "point_id": "2vqtn2q",
        "point_name": "ようこそ磐梯熱海温泉へ",
        "remark": ""
      },
      "type": "Feature"
    },
    {
      "geometry": {
        "coordinates": [
          140.270947,
          37.480865
        ],
        "type": "Point"
      },
      "properties": {
        "bangumi_id": 437593,
        "bangumi_title": "杂旅-That's Journey-",
        "ep_cut": 1,
        "image_url": "https://w.junreimap.com/images/points/437593/te4r574lw_1753283471283.jpg",
        "location": "磐梯熱海",
        "point_id": "te4r574lw",
        "point_name": "磐梯熱海駅",
        "remark": ""
      },
      "type": "Feature"
    },
    {
      "geometry": {
        "coordinates": [
          140.270922,
          37.481129
        ],
        "type": "Point"
      },
      "properties": {
        "bangumi_id": 437593,
        "bangumi_title": "杂旅-That's Journey-",
        "ep_cut": 1,
        "image_url": "https://w.junreimap.com/images/points/437593/te4sgcr78_1753283463882.jpg",
        "location": "磐梯熱海",
        "point_id": "te4sgcr78",
        "point_name": "磐梯熱海駅前足湯",
        "remark": ""
      },
      "type": "Feature"
    },
    {
      "geometry": {
        "coordinates": [
          139.93047,
          37.507836
        ],
        "type": "Point"
      },
      "properties": {
        "bangumi_id": 437593,
        "bangumi_title": "杂旅-That's Journey-",
        "ep_cut": 1,
        "image_url": "https://w.junreimap.com/images/points/437593/te4vrafps_1753283492862.jpg",
        "location": "会津若松",
        "point_id": "te4vrafps",
        "point_name": "会津若松駅",
        "remark": ""
      },
      "type": "Feature"
    },
    {
      "geometry": {
        "coordinates": [
          139.930409,
          37.507843
        ],
        "type": "Point"
      },
      "properties": {
        "bangumi_id": 437593,
        "bangumi_title": "杂旅-That's Journey-",
        "ep_cut": 1,
        "image_url": "https://w.junreimap.com/images/points/437593/te7it0u6k_1753283504260.jpg",
        "location": "会津若松",
        "point_id": "te7it0u6k",
        "point_name": "会津红牛「あかべぇ」",
        "remark": ""
      },
      "type": "Feature"
    },
    {
      "geometry": {
        "coordinates": [
          139.930468,
          37.50782
        ],
        "type": "Point"
      },
      "properties": {
        "bangumi_id": 437593,
        "bangumi_title": "杂旅-That's Journey-",
        "ep_cut": 1,
        "image_url": "https://w.junreimap.com/images/points/437593/te77ihmzn_1753283546819.jpg",
        "location": "会津若松",
        "point_id": "te77ihmzn",
        "point_name": "会津若松駅前広場",
        "remark": ""
      },
      "type": "Feature"
    },
    {
      "geometry": {
        "coordinates": [
          139.930563,
          37.507826
        ],
        "type": "Point"
      },
      "properties": {
        "bangumi_id": 437593,
        "bangumi_title": "杂旅-That's Journey-",
        "ep_cut": 1,
        "image_url": "https://w.junreimap.com/images/points/437593/lblhnsxvu_1753283557888.jpg",
        "location": "会津若松",
        "point_id": "lblhnsxvu",
        "point_name": "白虎隊士の像",
        "remark": ""
      },
      "type": "Feature"
    },
    {
      "geometry": {
        "coordinates": [
          139.931295,
          37.507699
        ],
        "type": "Point"
      },
      "properties": {
        "bangumi_id": 437593,
        "bangumi_title": "杂旅-That's Journey-",
        "ep_cut": 1,
        "image_url": "https://w.junreimap.com/images/points/437593/te9f14fox_1753283535103.jpg",
        "location": "会津若松",
        "point_id": "te9f14fox",
        "point_name": "会津若松駅前",
        "remark": ""
      },
      "type": "Feature"
    },
    {
      "geometry": {
        "coordinates": [
          139.931327,
          37.507686
        ],
        "type": "Point"
      },
      "properties": {
        "bangumi_id": 437593,
        "bangumi_title": "杂旅-That's Journey-",
        "ep_cut": 1,
        "image_url": "https://w.junreimap.com/images/points/437593/2vqwsr3_1753283577587.jpg",
        "location": "会津若松",
        "point_id": "2vqwsr3",
        "point_name": "",
        "remark": ""
      },
      "type": "Feature"
    },
    {
      "geometry": {
        "coordinates": [
          139.931172,
          37.507126
        ],
        "type": "Point"
      },
      "properties": {
        "bangumi_id": 437593,
        "bangumi_title": "杂旅-That's Journey-",
        "ep_cut": 1,
        "image_url": "https://w.junreimap.com/images/points/437593/2vqxux3_1753283625471.jpg",
        "location": "会津若松",
        "point_id": "2vqxux3",
        "point_name": "",
        "remark": ""
      },
      "type": "Feature"
    },
    {
      "geometry": {
        "coordinates": [
          139.931443,
          37.506692
        ],
        "type": "Point"
      },
      "properties": {
        "bangumi_id": 437593,
        "bangumi_title": "杂旅-That's Journey-",
        "ep_cut": 1,
        "image_url": "https://w.junreimap.com/images/points/437593/te51fvgxf_1753283652271.jpg",
        "location": "会津若松",
        "point_id": "te51fvgxf",
        "point_name": "ラーメン​二郎​会津若松​駅前​店",
        "remark": ""
      },
      "type": "Feature"
    },
    {
      "geometry": {
        "coordinates": [
          139.939038,
          37.504708
        ],
        "type": "Point"
      },
      "properties": {
        "bangumi_id": 437593,
        "bangumi_title": "杂旅-That's Journey-",
        "ep_cut": 1,
        "image_url": "https://w.junreimap.com/images/points/437593/te53cfajx_1753283660473.jpg",
        "location": "会津若松",
        "point_id": "te53cfajx",
        "point_name": "蚕養国神社",
        "remark": ""
      },
      "type": "Feature"
    },
    {
      "geometry": {
        "coordinates": [
          139.946218,
          37.504341
        ],
        "type": "Point"
      },
      "properties": {
        "bangumi_id": 437593,
        "bangumi_title": "杂旅-That's Journey-",
        "ep_cut": 1,
        "image_url": "https://w.junreimap.com/images/points/437593/te8mm9ewh_1753283669741.jpg",
        "location": "会津若松",
        "point_id": "te8mm9ewh",
        "point_name": "コーポAたなぎ",
        "remark": ""
      },
      "type": "Feature"
    },
    {
      "geometry": {
        "coordinates": [
          139.95227,
          37.504509
        ],
        "type": "Point"
      },
      "properties": {
        "bangumi_id": 437593,
        "bangumi_title": "杂旅-That's Journey-",
        "ep_cut": 1,
        "image_url": "https://w.junreimap.com/images/points/437593/te7brb2qn_1753283694010.jpg",
        "location": "会津若松",
        "point_id": "te7brb2qn",
        "point_name": "飯盛山入口",
        "remark": ""
      },
      "type": "Feature"
    },
    {
      "geometry": {
        "coordinates": [
          139.953146,
          37.50434
        ],
        "type": "Point"
      },
      "properties": {
        "bangumi_id": 437593,
        "bangumi_title": "杂旅-That's Journey-",
        "ep_cut": 1,
        "image_url": "https://w.junreimap.com/images/points/437593/te56trwq6_1753283703167.jpg",
        "location": "会津若松",
        "point_id": "te56trwq6",
        "point_name": "飯盛山山口 白虎隊記念館前",
        "remark": ""
      },
      "type": "Feature"
    },
    {
      "geometry": {
        "coordinates": [
          139.954298,
          37.504945
        ],
        "type": "Point"
      },
      "properties": {
        "bangumi_id": 437593,
        "bangumi_title": "杂旅-That's Journey-",
        "ep_cut": 1,
        "image_url": "https://w.junreimap.com/images/points/437593/uny6jgitc_1744653817357.jpg",
        "location": "飯盛山",
        "point_id": "uny6jgitc",
        "point_name": "戸ノ口堰",
        "remark": "洞穴"
      },
      "type": "Feature"
    },
    {
      "geometry": {
        "coordinates": [
          139.954258,
          37.504801
        ],
        "type": "Point"
      },
      "properties": {
        "bangumi_id": 437593,
        "bangumi_title": "杂旅-That's Journey-",
        "ep_cut": 1,
        "image_url": "https://w.junreimap.com/images/points/437593/uny82v6jb_1744653855493.jpg",
        "location": "飯盛山",
        "point_id": "uny82v6jb",
        "point_name": "厳島神社（飯盛山）",
        "remark": ""
      },
      "type": "Feature"
    },
    {
      "geometry": {
        "coordinates": [
          139.954014,
          37.504698
        ],
        "type": "Point"
      },
      "properties": {
        "bangumi_id": 437593,
        "bangumi_title": "杂旅-That's Journey-",
        "ep_cut": 1,
        "image_url": "https://w.junreimap.com/images/points/437593/uny7a13mt_1744653897766.jpg",
        "location": "飯盛山",
        "point_id": "uny7a13mt",
        "point_name": "さざえ堂へ階段",
        "remark": ""
      },
      "type": "Feature"
    },
    {
      "geometry": {
        "coordinates": [
          139.953959,
          37.504595
        ],
        "type": "Point"
      },
      "properties": {
        "bangumi_id": 437593,
        "bangumi_title": "杂旅-That's Journey-",
        "ep_cut": 1,
        "image_url": "https://w.junreimap.com/images/points/437593/uny28wrp7_1744653926997.jpg",
        "location": "飯盛山",
        "point_id": "uny28wrp7",
        "point_name": "さざえ堂",
        "remark": ""
      },
      "type": "Feature"
    },
    {
      "geometry": {
        "coordinates": [
          139.95397,
          37.504531
        ],
        "type": "Point"
      },
      "properties": {
        "bangumi_id": 437593,
        "bangumi_title": "杂旅-That's Journey-",
        "ep_cut": 1,
        "image_url": "https://w.junreimap.com/images/points/437593/uny2ltkea_1744653955258.jpg",
        "location": "飯盛山",
        "point_id": "uny2ltkea",
        "point_name": "さざえ堂内部",
        "remark": ""
      },
      "type": "Feature"
    },
    {
      "geometry": {
        "coordinates": [
          139.95358,
          37.50348
        ],
        "type": "Point"
      },
      "properties": {
        "bangumi_id": 437593,
        "bangumi_title": "杂旅-That's Journey-",
        "ep_cut": 1,
        "image_url": "https://w.junreimap.com/images/points/437593/uny349jbl_1744653978535.jpg",
        "location": "飯盛山",
        "point_id": "uny349jbl",
        "point_name": "展望台",
        "remark": ""
      },
      "type": "Feature"
    },
    {
      "geometry": {
        "coordinates": [
          139.954264,
          37.504035
        ],
        "type": "Point"
      },
      "properties": {
        "bangumi_id": 437593,
        "bangumi_title": "杂旅-That's Journey-",
        "ep_cut": 1,
        "image_url": "https://w.junreimap.com/images/points/437593/unybkxyft_1744654009458.jpg",
        "location": "飯盛山",
        "point_id": "unybkxyft",
        "point_name": "下山道",
        "remark": ""
      },
      "type": "Feature"
    },
    {
      "geometry": {
        "coordinates": [
          139.952706,
          37.504431
        ],
        "type": "Point"
      },
      "properties": {
        "bangumi_id": 437593,
        "bangumi_title": "杂旅-That's Journey-",
        "ep_cut": 1,
        "image_url": "https://w.junreimap.com/images/points/437593/te7ld55h4_1753283739314.jpg",
        "location": "会津若松",
        "point_id": "te7ld55h4",
        "point_name": "小池菓子舗 飯盛山店",
        "remark": "柳津名物「あわまんじゅう」"
      },
      "type": "Feature"
    },
    {
      "geometry": {
        "coordinates": [
          139.962421,
          37.4794
        ],
        "type": "Point"
      },
      "properties": {
        "bangumi_id": 437593,
        "bangumi_title": "杂旅-That's Journey-",
        "ep_cut": 1,
        "image_url": "https://w.junreimap.com/images/points/437593/te8sydbns_1753283747276.jpg",
        "location": "東山温泉",
        "point_id": "te8sydbns",
        "point_name": "千代滝",
        "remark": "1万3千円毎晩"
      },
      "type": "Feature"
    },
    {
      "geometry": {
        "coordinates": [
          139.96346,
          37.475164
        ],
        "type": "Point"
      },
      "properties": {
        "bangumi_id": 437593,
        "bangumi_title": "杂旅-That's Journey-",
        "ep_cut": 1,
        "image_url": "https://w.junreimap.com/images/points/437593/te9nsdqxz_1753283756418.jpg",
        "location": "東山温泉",
        "point_id": "te9nsdqxz",
        "point_name": "ホテル玉屋（廃棄）",
        "remark": "2017年3月閉業。https://haikyo.info/s/14850.html"
      },
      "type": "Feature"
    },
    {
      "geometry": {
        "coordinates": [
          139.96306,
          37.474162
        ],
        "type": "Point"
      },
      "properties": {
        "bangumi_id": 437593,
        "bangumi_title": "杂旅-That's Journey-",
        "ep_cut": 1,
        "image_url": "https://w.junreimap.com/images/points/437593/tgrkc101v_1753283761611.jpg",
        "location": "東山温泉",
        "point_id": "tgrkc101v",
        "point_name": "会津東山閣キャニオン（廃棄）",
        "remark": "1996年「東山温泉美人看護婦殺人事件」発生地、2000年頃に閉業したらしい。https://haikyo.info/s/8051.html"
      },
      "type": "Feature"
    },
    {
      "geometry": {
        "coordinates": [
          139.963245,
          37.47625
        ],
        "type": "Point"
      },
      "properties": {
        "bangumi_id": 437593,
        "bangumi_title": "杂旅-That's Journey-",
        "ep_cut": 1,
        "image_url": "https://w.junreimap.com/images/points/437593/te8z0m9f1_1753283770119.jpg",
        "location": "東山温泉",
        "point_id": "te8z0m9f1",
        "point_name": "尼ヶ渕",
        "remark": ""
      },
      "type": "Feature"
    },
    {
      "geometry": {
        "coordinates": [
          139.963146,
          37.478081
        ],
        "type": "Point"
      },
      "properties": {
        "bangumi_id": 437593,
        "bangumi_title": "杂旅-That's Journey-",
        "ep_cut": 1,
        "image_url": "https://w.junreimap.com/images/points/437593/te8rvax9x_1753283776152.jpg",
        "location": "東山温泉",
        "point_id": "te8rvax9x",
        "point_name": "東山温泉射的場",
        "remark": ""
      },
      "type": "Feature"
    },
    {
      "geometry": {
        "coordinates": [
          139.962068,
          37.478133
        ],
        "type": "Point"
      },
      "properties": {
        "bangumi_id": 437593,
        "bangumi_title": "杂旅-That's Journey-",
        "ep_cut": 1,
        "image_url": "https://w.junreimap.com/images/points/437593/te8u1n92e_1753283783746.jpg",
        "location": "東山温泉",
        "point_id": "te8u1n92e",
        "point_name": "東山温泉 無料足湯処",
        "remark": ""
      },
      "type": "Feature"
    },
    {
      "geometry": {
        "coordinates": [
          139.962067,
          37.478005
        ],
        "type": "Point"
      },
      "properties": {
        "bangumi_id": 437593,
        "bangumi_title": "杂旅-That's Journey-",
        "ep_cut": 1,
        "image_url": "https://w.junreimap.com/images/points/437593/te94ccdho_1753283791218.jpg",
        "location": "東山温泉",
        "point_id": "te94ccdho",
        "point_name": "東山温泉発祥の源泉(猿湯)",
        "remark": "土方歳三"
      },
      "type": "Feature"
    },
    {
      "geometry": {
        "coordinates": [
          139.961383,
          37.478276
        ],
        "type": "Point"
      },
      "properties": {
        "bangumi_id": 437593,
        "bangumi_title": "杂旅-That's Journey-",
        "ep_cut": 1,
        "image_url": "https://w.junreimap.com/images/points/437593/te8qjm2q2_1753283799555.jpg",
        "location": "東山温泉",
        "point_id": "te8qjm2q2",
        "point_name": "向瀧",
        "remark": ""
      },
      "type": "Feature"
    },
    {
      "geometry": {
        "coordinates": [
          139.961619,
          37.479325
        ],
        "type": "Point"
      },
      "properties": {
        "bangumi_id": 437593,
        "bangumi_title": "杂旅-That's Journey-",
        "ep_cut": 1,
        "image_url": "https://w.junreimap.com/images/points/437593/2vr2b0w_1753283834499.jpg",
        "location": "東山温泉",
        "point_id": "2vr2b0w",
        "point_name": "羽黒山神社 社務所",
        "remark": ""
      },
      "type": "Feature"
    },
    {
      "geometry": {
        "coordinates": [
          139.96167,
          37.479363
        ],
        "type": "Point"
      },
      "properties": {
        "bangumi_id": 437593,
        "bangumi_title": "杂旅-That's Journey-",
        "ep_cut": 1,
        "image_url": "https://w.junreimap.com/images/points/437593/te9dal0g3_1753283819921.jpg",
        "location": "東山温泉",
        "point_id": "te9dal0g3",
        "point_name": "羽黒山神社鳥居",
        "remark": ""
      },
      "type": "Feature"
    },
    {
      "geometry": {
        "coordinates": [
          139.961673,
          37.479363
        ],
        "type": "Point"
      },
      "properties": {
        "bangumi_id": 437593,
        "bangumi_title": "杂旅-That's Journey-",
        "ep_cut": 1,
        "image_url": "https://w.junreimap.com/images/points/437593/2vr379n_1753283870523.jpg",
        "location": "東山温泉",
        "point_id": "2vr379n",
        "point_name": "羽黒山神社鳥居",
        "remark": ""
      },
      "type": "Feature"
    },
    {
      "geometry": {
        "coordinates": [
          139.962149,
          37.479654
        ],
        "type": "Point"
      },
      "properties": {
        "bangumi_id": 437593,
        "bangumi_title": "杂旅-That's Journey-",
        "ep_cut": 1,
        "image_url": "https://w.junreimap.com/images/points/437593/te98ykiuz_1753283890004.jpg",
        "location": "東山温泉",
        "point_id": "te98ykiuz",
        "point_name": "羽黒山神社口",
        "remark": "有1225级台阶的神社"
      },
      "type": "Feature"
    },
    {
      "geometry": {
        "coordinates": [
          139.965169,
          37.481869
        ],
        "type": "Point"
      },
      "properties": {
        "bangumi_id": 437593,
        "bangumi_title": "杂旅-That's Journey-",
        "ep_cut": 1,
        "image_url": "https://w.junreimap.com/images/points/437593/te9aiinbi_1753283903291.jpg",
        "location": "東山温泉",
        "point_id": "te9aiinbi",
        "point_name": "羽黒山神社",
        "remark": "当地有新年上山参拜活动"
      },
      "type": "Feature"
    },
    {
      "geometry": {
        "coordinates": [
          140.882082,
          38.259789
        ],
        "type": "Point"
      },
      "properties": {
        "bangumi_id": 437593,
        "bangumi_title": "杂旅-That's Journey-",
        "ep_cut": 2,
        "image_url": "https://w.junreimap.com/images/points/437593/2vr8rt2_1753284137856.jpg",
        "location": "仙台駅",
        "point_id": "2vr8rt2",
        "point_name": "仙台駅",
        "remark": ""
      },
      "type": "Feature"
    },
    {
      "geometry": {
        "coordinates": [
          140.882092,
          38.259355
        ],
        "type": "Point"
      },
      "properties": {
        "bangumi_id": 437593,
        "bangumi_title": "杂旅-That's Journey-",
        "ep_cut": 2,
        "image_url": "https://w.junreimap.com/images/points/437593/2vr9ch0_1753284161719.jpg",
        "location": "仙台駅",
        "point_id": "2vr9ch0",
        "point_name": "仙台駅 新幹線南乗り換え口",
        "remark": ""
      },
      "type": "Feature"
    },
    {
      "geometry": {
        "coordinates": [
          140.883015,
          38.25983
        ],
        "type": "Point"
      },
      "properties": {
        "bangumi_id": 437593,
        "bangumi_title": "杂旅-That's Journey-",
        "ep_cut": 2,
        "image_url": "https://w.junreimap.com/images/points/437593/2vraf0z_1753284210576.jpg",
        "location": "仙台駅",
        "point_id": "2vraf0z",
        "point_name": "仙台駅 仙石線のりばへ",
        "remark": ""
      },
      "type": "Feature"
    },
    {
      "geometry": {
        "coordinates": [
          141.058737,
          38.368309
        ],
        "type": "Point"
      },
      "properties": {
        "bangumi_id": 437593,
        "bangumi_title": "杂旅-That's Journey-",
        "ep_cut": 2,
        "image_url": "https://w.junreimap.com/images/points/437593/2vrb4la_1753284243782.jpg",
        "location": "松島",
        "point_id": "2vrb4la",
        "point_name": "松島海岸駅",
        "remark": ""
      },
      "type": "Feature"
    },
    {
      "geometry": {
        "coordinates": [
          141.05894,
          38.368455
        ],
        "type": "Point"
      },
      "properties": {
        "bangumi_id": 437593,
        "bangumi_title": "杂旅-That's Journey-",
        "ep_cut": 2,
        "image_url": "https://w.junreimap.com/images/points/437593/uos5192xk_1753284263783.jpg",
        "location": "松島",
        "point_id": "uos5192xk",
        "point_name": "松島海岸駅",
        "remark": "在仙台换乘"
      },
      "type": "Feature"
    },
    {
      "geometry": {
        "coordinates": [
          141.058898,
          38.368381
        ],
        "type": "Point"
      },
      "properties": {
        "bangumi_id": 437593,
        "bangumi_title": "杂旅-That's Journey-",
        "ep_cut": 2,
        "image_url": "https://w.junreimap.com/images/points/437593/2vrbu3m_1753284276757.jpg",
        "location": "松島",
        "point_id": "2vrbu3m",
        "point_name": "松島海岸駅",
        "remark": ""
      },
      "type": "Feature"
    },
    {
      "geometry": {
        "coordinates": [
          141.058995,
          38.36818
        ],
        "type": "Point"
      },
      "properties": {
        "bangumi_id": 437593,
        "bangumi_title": "杂旅-That's Journey-",
        "ep_cut": 2,
        "image_url": "https://w.junreimap.com/images/points/437593/2vrc88h_1753284293588.jpg",
        "location": "松島",
        "point_id": "2vrc88h",
        "point_name": "松島海岸駅前バス停",
        "remark": ""
      },
      "type": "Feature"
    },
    {
      "geometry": {
        "coordinates": [
          141.059002,
          38.368149
        ],
        "type": "Point"
      },
      "properties": {
        "bangumi_id": 437593,
        "bangumi_title": "杂旅-That's Journey-",
        "ep_cut": 2,
        "image_url": "https://w.junreimap.com/images/points/437593/2vrclte_1753284308706.jpg",
        "location": "松島",
        "point_id": "2vrclte",
        "point_name": "ようこそ松島へ",
        "remark": ""
      },
      "type": "Feature"
    },
    {
      "geometry": {
        "coordinates": [
          141.061173,
          38.366179
        ],
        "type": "Point"
      },
      "properties": {
        "bangumi_id": 437593,
        "bangumi_title": "杂旅-That's Journey-",
        "ep_cut": 2,
        "image_url": "https://w.junreimap.com/images/points/437593/2vrdb1d_1753284344376.jpg",
        "location": "松島",
        "point_id": "2vrdb1d",
        "point_name": "雄島へ至る",
        "remark": ""
      },
      "type": "Feature"
    },
    {
      "geometry": {
        "coordinates": [
          141.061252,
          38.366142
        ],
        "type": "Point"
      },
      "properties": {
        "bangumi_id": 437593,
        "bangumi_title": "杂旅-That's Journey-",
        "ep_cut": 2,
        "image_url": "https://w.junreimap.com/images/points/437593/2vrdqfm_1753284364022.jpg",
        "location": "松島",
        "point_id": "2vrdqfm",
        "point_name": "雄島入口",
        "remark": ""
      },
      "type": "Feature"
    },
    {
      "geometry": {
        "coordinates": [
          141.061483,
          38.366024
        ],
        "type": "Point"
      },
      "properties": {
        "bangumi_id": 437593,
        "bangumi_title": "杂旅-That's Journey-",
        "ep_cut": 2,
        "image_url": "https://w.junreimap.com/images/points/437593/21obu0g_1753284383601.jpg",
        "location": "松島",
        "point_id": "21obu0g",
        "point_name": "切通し",
        "remark": ""
      },
      "type": "Feature"
    },
    {
      "geometry": {
        "coordinates": [
          141.061428,
          38.365529
        ],
        "type": "Point"
      },
      "properties": {
        "bangumi_id": 437593,
        "bangumi_title": "杂旅-That's Journey-",
        "ep_cut": 2,
        "image_url": "https://w.junreimap.com/images/points/437593/uov4ikhm6_1753284391550.jpg",
        "location": "松島",
        "point_id": "uov4ikhm6",
        "point_name": "雄島眺め",
        "remark": ""
      },
      "type": "Feature"
    },
    {
      "geometry": {
        "coordinates": [
          141.061929,
          38.365357
        ],
        "type": "Point"
      },
      "properties": {
        "bangumi_id": 437593,
        "bangumi_title": "杂旅-That's Journey-",
        "ep_cut": 2,
        "image_url": "https://w.junreimap.com/images/points/437593/tldilgfq1_1753284400365.jpg",
        "location": "松島",
        "point_id": "tldilgfq1",
        "point_name": "渡月橋（松島海岸）",
        "remark": ""
      },
      "type": "Feature"
    },
    {
      "geometry": {
        "coordinates": [
          141.062134,
          38.365375
        ],
        "type": "Point"
      },
      "properties": {
        "bangumi_id": 437593,
        "bangumi_title": "杂旅-That's Journey-",
        "ep_cut": 2,
        "image_url": "https://w.junreimap.com/images/points/437593/2vrer6j_1753284413364.jpg",
        "location": "松島",
        "point_id": "2vrer6j",
        "point_name": "観音像",
        "remark": ""
      },
      "type": "Feature"
    },
    {
      "geometry": {
        "coordinates": [
          141.062257,
          38.365396
        ],
        "type": "Point"
      },
      "properties": {
        "bangumi_id": 437593,
        "bangumi_title": "杂旅-That's Journey-",
        "ep_cut": 2,
        "image_url": "https://w.junreimap.com/images/points/437593/2vrfb20_1753284435675.jpg",
        "location": "松島",
        "point_id": "2vrfb20",
        "point_name": "鳥居",
        "remark": ""
      },
      "type": "Feature"
    },
    {
      "geometry": {
        "coordinates": [
          141.062257,
          38.365469
        ],
        "type": "Point"
      },
      "properties": {
        "bangumi_id": 437593,
        "bangumi_title": "杂旅-That's Journey-",
        "ep_cut": 2,
        "image_url": "https://w.junreimap.com/images/points/437593/uos6bxri4_1753284455241.jpg",
        "location": "松島",
        "point_id": "uos6bxri4",
        "point_name": "御​嶋​真珠​稲荷​大​明神",
        "remark": ""
      },
      "type": "Feature"
    },
    {
      "geometry": {
        "coordinates": [
          141.062536,
          38.365289
        ],
        "type": "Point"
      },
      "properties": {
        "bangumi_id": 437593,
        "bangumi_title": "杂旅-That's Journey-",
        "ep_cut": 2,
        "image_url": "https://w.junreimap.com/images/points/437593/21oionn_1753284469842.jpg",
        "location": "松島",
        "point_id": "21oionn",
        "point_name": "松尾芭蕉＆曾良句碑",
        "remark": "松島や、鶴に身をかれ、ほととぎす"
      },
      "type": "Feature"
    },
    {
      "geometry": {
        "coordinates": [
          141.062759,
          38.364413
        ],
        "type": "Point"
      },
      "properties": {
        "bangumi_id": 437593,
        "bangumi_title": "杂旅-That's Journey-",
        "ep_cut": 2,
        "image_url": "https://w.junreimap.com/images/points/437593/21onxtv_1753284476238.jpg",
        "location": "松島",
        "point_id": "21onxtv",
        "point_name": "頼賢（らいけん）の碑",
        "remark": ""
      },
      "type": "Feature"
    },
    {
      "geometry": {
        "coordinates": [
          141.062987,
          38.364417
        ],
        "type": "Point"
      },
      "properties": {
        "bangumi_id": 437593,
        "bangumi_title": "杂旅-That's Journey-",
        "ep_cut": 2,
        "image_url": "https://w.junreimap.com/images/points/437593/21oqkdn_1753284482840.jpg",
        "location": "松島",
        "point_id": "21oqkdn",
        "point_name": "双子島眺め",
        "remark": "左「鯨島」右「亀島」"
      },
      "type": "Feature"
    },
    {
      "geometry": {
        "coordinates": [
          141.062874,
          38.366034
        ],
        "type": "Point"
      },
      "properties": {
        "bangumi_id": 437593,
        "bangumi_title": "杂旅-That's Journey-",
        "ep_cut": 2,
        "image_url": "https://w.junreimap.com/images/points/437593/21oge6i_1753284490130.jpg",
        "location": "松島",
        "point_id": "21oge6i",
        "point_name": "妙覚庵跡",
        "remark": ""
      },
      "type": "Feature"
    },
    {
      "geometry": {
        "coordinates": [
          141.063317,
          38.366053
        ],
        "type": "Point"
      },
      "properties": {
        "bangumi_id": 437593,
        "bangumi_title": "杂旅-That's Journey-",
        "ep_cut": 2,
        "image_url": "https://w.junreimap.com/images/points/437593/21ov2rv_1753284497262.jpg",
        "location": "松島",
        "point_id": "21ov2rv",
        "point_name": "从松岛湾方向看雄岛",
        "remark": ""
      },
      "type": "Feature"
    },
    {
      "geometry": {
        "coordinates": [
          141.060259,
          38.370964
        ],
        "type": "Point"
      },
      "properties": {
        "bangumi_id": 437593,
        "bangumi_title": "杂旅-That's Journey-",
        "ep_cut": 2,
        "image_url": "https://w.junreimap.com/images/points/437593/21p0cbm_1753284555843.jpg",
        "location": "松島",
        "point_id": "21p0cbm",
        "point_name": "円通院入口",
        "remark": ""
      },
      "type": "Feature"
    },
    {
      "geometry": {
        "coordinates": [
          141.06049,
          38.371154
        ],
        "type": "Point"
      },
      "properties": {
        "bangumi_id": 437593,
        "bangumi_title": "杂旅-That's Journey-",
        "ep_cut": 2,
        "image_url": "https://w.junreimap.com/images/points/437593/2vri1lt_1753284562652.jpg",
        "location": "松島",
        "point_id": "2vri1lt",
        "point_name": "瑞巌寺 看板",
        "remark": ""
      },
      "type": "Feature"
    },
    {
      "geometry": {
        "coordinates": [
          141.060647,
          38.371489
        ],
        "type": "Point"
      },
      "properties": {
        "bangumi_id": 437593,
        "bangumi_title": "杂旅-That's Journey-",
        "ep_cut": 2,
        "image_url": "https://w.junreimap.com/images/points/437593/21p2jgl_1753284578859.jpg",
        "location": "松島",
        "point_id": "21p2jgl",
        "point_name": "瑞巌寺 延命地藏",
        "remark": ""
      },
      "type": "Feature"
    },
    {
      "geometry": {
        "coordinates": [
          141.060728,
          38.371579
        ],
        "type": "Point"
      },
      "properties": {
        "bangumi_id": 437593,
        "bangumi_title": "杂旅-That's Journey-",
        "ep_cut": 2,
        "image_url": "https://w.junreimap.com/images/points/437593/2vrijg0_1753284587135.jpg",
        "location": "松島",
        "point_id": "2vrijg0",
        "point_name": "瑞巌寺 券売機",
        "remark": ""
      },
      "type": "Feature"
    },
    {
      "geometry": {
        "coordinates": [
          141.06001,
          38.37192
        ],
        "type": "Point"
      },
      "properties": {
        "bangumi_id": 437593,
        "bangumi_title": "杂旅-That's Journey-",
        "ep_cut": 2,
        "image_url": "https://w.junreimap.com/images/points/437593/uovdayytl_1753284607854.jpg",
        "location": "松島",
        "point_id": "uovdayytl",
        "point_name": "瑞巌寺 中門",
        "remark": "匾额「瑞嵒圓福禪寺」"
      },
      "type": "Feature"
    },
    {
      "geometry": {
        "coordinates": [
          141.05979,
          38.372067
        ],
        "type": "Point"
      },
      "properties": {
        "bangumi_id": 437593,
        "bangumi_title": "杂旅-That's Journey-",
        "ep_cut": 2,
        "image_url": "https://w.junreimap.com/images/points/437593/2vrj8av_1753284621295.jpg",
        "location": "松島",
        "point_id": "2vrj8av",
        "point_name": "瑞巌寺 中門 扁額",
        "remark": ""
      },
      "type": "Feature"
    },
    {
      "geometry": {
        "coordinates": [
          141.060349,
          38.372036
        ],
        "type": "Point"
      },
      "properties": {
        "bangumi_id": 437593,
        "bangumi_title": "杂旅-That's Journey-",
        "ep_cut": 2,
        "image_url": "https://w.junreimap.com/images/points/437593/2vrjr40_1753284661373.jpg",
        "location": "松島",
        "point_id": "2vrjr40",
        "point_name": "瑞巌寺 庫裡への門",
        "remark": ""
      },
      "type": "Feature"
    },
    {
      "geometry": {
        "coordinates": [
          141.060353,
          38.372107
        ],
        "type": "Point"
      },
      "properties": {
        "bangumi_id": 437593,
        "bangumi_title": "杂旅-That's Journey-",
        "ep_cut": 2,
        "image_url": "https://w.junreimap.com/images/points/437593/2vrkdo0_1753284671698.jpg",
        "location": "松島",
        "point_id": "2vrkdo0",
        "point_name": "瑞巌寺 庫裡",
        "remark": ""
      },
      "type": "Feature"
    },
    {
      "geometry": {
        "coordinates": [
          141.06036,
          38.372151
        ],
        "type": "Point"
      },
      "properties": {
        "bangumi_id": 437593,
        "bangumi_title": "杂旅-That's Journey-",
        "ep_cut": 2,
        "image_url": "https://w.junreimap.com/images/points/437593/uos7eew3d_1753284685776.jpg",
        "location": "松島",
        "point_id": "uos7eew3d",
        "point_name": "瑞巌寺の庫裡 門",
        "remark": ""
      },
      "type": "Feature"
    },
    {
      "geometry": {
        "coordinates": [
          141.060193,
          38.372249
        ],
        "type": "Point"
      },
      "properties": {
        "bangumi_id": 437593,
        "bangumi_title": "杂旅-That's Journey-",
        "ep_cut": 2,
        "image_url": "https://w.junreimap.com/images/points/437593/umk5rdwuo_1753284711517.jpg",
        "location": "松島",
        "point_id": "umk5rdwuo",
        "point_name": "瑞巌寺の庫裡",
        "remark": "高村光雲作の光雲観音\n撮影禁止"
      },
      "type": "Feature"
    },
    {
      "geometry": {
        "coordinates": [
          141.05975,
          38.372239
        ],
        "type": "Point"
      },
      "properties": {
        "bangumi_id": 437593,
        "bangumi_title": "杂旅-That's Journey-",
        "ep_cut": 2,
        "image_url": "https://w.junreimap.com/images/points/437593/21pqz23_1753284731461.jpg",
        "location": "松島",
        "point_id": "21pqz23",
        "point_name": "瑞巌寺 鷹の間",
        "remark": "撮影禁止"
      },
      "type": "Feature"
    },
    {
      "geometry": {
        "coordinates": [
          141.059667,
          38.372131
        ],
        "type": "Point"
      },
      "properties": {
        "bangumi_id": 437593,
        "bangumi_title": "杂旅-That's Journey-",
        "ep_cut": 2,
        "image_url": "https://w.junreimap.com/images/points/437593/uovyzmhyy_1753284723100.jpg",
        "location": "松島",
        "point_id": "uovyzmhyy",
        "point_name": "瑞巌寺 孔雀の間",
        "remark": "撮影禁止"
      },
      "type": "Feature"
    },
    {
      "geometry": {
        "coordinates": [
          141.059696,
          38.372414
        ],
        "type": "Point"
      },
      "properties": {
        "bangumi_id": 437593,
        "bangumi_title": "杂旅-That's Journey-",
        "ep_cut": 2,
        "image_url": "https://w.junreimap.com/images/points/437593/21pc5e6_1753284743346.jpg",
        "location": "松島",
        "point_id": "21pc5e6",
        "point_name": "瑞巌寺 中庭",
        "remark": "这里大概可以拍"
      },
      "type": "Feature"
    },
    {
      "geometry": {
        "coordinates": [
          141.060388,
          38.372135
        ],
        "type": "Point"
      },
      "properties": {
        "bangumi_id": 437593,
        "bangumi_title": "杂旅-That's Journey-",
        "ep_cut": 2,
        "image_url": "https://w.junreimap.com/images/points/437593/2vrmo4f_1753285221455.jpg",
        "location": "松島",
        "point_id": "2vrmo4f",
        "point_name": "瑞巌寺の庫裡 門",
        "remark": ""
      },
      "type": "Feature"
    },
    {
      "geometry": {
        "coordinates": [
          141.060224,
          38.371627
        ],
        "type": "Point"
      },
      "properties": {
        "bangumi_id": 437593,
        "bangumi_title": "杂旅-That's Journey-",
        "ep_cut": 2,
        "image_url": "https://w.junreimap.com/images/points/437593/2vrn2t1_1753284801814.jpg",
        "location": "松島",
        "point_id": "2vrn2t1",
        "point_name": "瑞巌寺 法身窟",
        "remark": ""
      },
      "type": "Feature"
    },
    {
      "geometry": {
        "coordinates": [
          141.060706,
          38.371141
        ],
        "type": "Point"
      },
      "properties": {
        "bangumi_id": 437593,
        "bangumi_title": "杂旅-That's Journey-",
        "ep_cut": 2,
        "image_url": "https://w.junreimap.com/images/points/437593/21pn5kb_1753284890823.jpg",
        "location": "松島",
        "point_id": "21pn5kb",
        "point_name": "瑞巌寺 復興地蔵堂",
        "remark": "311大震災記念"
      },
      "type": "Feature"
    },
    {
      "geometry": {
        "coordinates": [
          141.064225,
          38.369854
        ],
        "type": "Point"
      },
      "properties": {
        "bangumi_id": 437593,
        "bangumi_title": "杂旅-That's Journey-",
        "ep_cut": 2,
        "image_url": "https://w.junreimap.com/images/points/437593/2vrpf6l_1753284908502.jpg",
        "location": "松島",
        "point_id": "2vrpf6l",
        "point_name": "五大堂 橋",
        "remark": ""
      },
      "type": "Feature"
    },
    {
      "geometry": {
        "coordinates": [
          141.064227,
          38.36962
        ],
        "type": "Point"
      },
      "properties": {
        "bangumi_id": 437593,
        "bangumi_title": "杂旅-That's Journey-",
        "ep_cut": 2,
        "image_url": "https://w.junreimap.com/images/points/437593/21p66kb_1753284899028.jpg",
        "location": "松島",
        "point_id": "21p66kb",
        "point_name": "五大堂",
        "remark": ""
      },
      "type": "Feature"
    },
    {
      "geometry": {
        "coordinates": [
          141.063009,
          38.369677
        ],
        "type": "Point"
      },
      "properties": {
        "bangumi_id": 437593,
        "bangumi_title": "杂旅-That's Journey-",
        "ep_cut": 2,
        "image_url": "https://w.junreimap.com/images/points/437593/tldq9omff_1753284920398.jpg",
        "location": "松島",
        "point_id": "tldq9omff",
        "point_name": "松島湾観光船発着場付近",
        "remark": ""
      },
      "type": "Feature"
    },
    {
      "geometry": {
        "coordinates": [
          141.062985,
          38.369717
        ],
        "type": "Point"
      },
      "properties": {
        "bangumi_id": 437593,
        "bangumi_title": "杂旅-That's Journey-",
        "ep_cut": 2,
        "image_url": "https://w.junreimap.com/images/points/437593/unxqoo6xi_1753284929772.jpg",
        "location": "松島",
        "point_id": "unxqoo6xi",
        "point_name": "日本三景 松島",
        "remark": ""
      },
      "type": "Feature"
    },
    {
      "geometry": {
        "coordinates": [
          141.0654,
          38.370698
        ],
        "type": "Point"
      },
      "properties": {
        "bangumi_id": 437593,
        "bangumi_title": "杂旅-That's Journey-",
        "ep_cut": 2,
        "image_url": "https://w.junreimap.com/images/points/437593/2vrqam6_1753284946985.jpg",
        "location": "松島",
        "point_id": "2vrqam6",
        "point_name": "うな真石田屋 あなごのかば焼き",
        "remark": ""
      },
      "type": "Feature"
    },
    {
      "geometry": {
        "coordinates": [
          141.065382,
          38.370696
        ],
        "type": "Point"
      },
      "properties": {
        "bangumi_id": 437593,
        "bangumi_title": "杂旅-That's Journey-",
        "ep_cut": 2,
        "image_url": "https://w.junreimap.com/images/points/437593/2vrr7ie_1753284989330.jpg",
        "location": "松島",
        "point_id": "2vrr7ie",
        "point_name": "うな真石田屋 二階",
        "remark": ""
      },
      "type": "Feature"
    },
    {
      "geometry": {
        "coordinates": [
          141.065433,
          38.370673
        ],
        "type": "Point"
      },
      "properties": {
        "bangumi_id": 437593,
        "bangumi_title": "杂旅-That's Journey-",
        "ep_cut": 2,
        "image_url": "https://w.junreimap.com/images/points/437593/2vrrr8k_1753285017411.jpg",
        "location": "松島",
        "point_id": "2vrrr8k",
        "point_name": "うな真石田屋 二階",
        "remark": ""
      },
      "type": "Feature"
    },
    {
      "geometry": {
        "coordinates": [
          141.065361,
          38.370682
        ],
        "type": "Point"
      },
      "properties": {
        "bangumi_id": 437593,
        "bangumi_title": "杂旅-That's Journey-",
        "ep_cut": 2,
        "image_url": "https://w.junreimap.com/images/points/437593/uouy3z3p0_1753284938185.jpg",
        "location": "松島",
        "point_id": "uouy3z3p0",
        "point_name": "うな真石田屋",
        "remark": ""
      },
      "type": "Feature"
    },
    {
      "geometry": {
        "coordinates": [
          141.068359,
          38.376816
        ],
        "type": "Point"
      },
      "properties": {
        "bangumi_id": 437593,
        "bangumi_title": "杂旅-That's Journey-",
        "ep_cut": 2,
        "image_url": "https://w.junreimap.com/images/points/437593/uouzs6rml_1753285037239.jpg",
        "location": "松島",
        "point_id": "uouzs6rml",
        "point_name": "松島ホテル和楽",
        "remark": ""
      },
      "type": "Feature"
    },
    {
      "geometry": {
        "coordinates": [
          141.063116,
          38.36913
        ],
        "type": "Point"
      },
      "properties": {
        "bangumi_id": 437593,
        "bangumi_title": "杂旅-That's Journey-",
        "ep_cut": 2,
        "image_url": "https://w.junreimap.com/images/points/437593/uos2tak7g_1753285043086.jpg",
        "location": "松島",
        "point_id": "uos2tak7g",
        "point_name": "定期​観光​船​発着​場",
        "remark": "绕松岛湾一周"
      },
      "type": "Feature"
    },
    {
      "geometry": {
        "coordinates": [
          141.065119,
          38.371914
        ],
        "type": "Point"
      },
      "properties": {
        "bangumi_id": 437593,
        "bangumi_title": "杂旅-That's Journey-",
        "ep_cut": 2,
        "image_url": "https://w.junreimap.com/images/points/437593/uov1cz6le_1753285064001.jpg",
        "location": "松島",
        "point_id": "uov1cz6le",
        "point_name": "松島さかな市場",
        "remark": ""
      },
      "type": "Feature"
    },
    {
      "geometry": {
        "coordinates": [
          141.065202,
          38.371867
        ],
        "type": "Point"
      },
      "properties": {
        "bangumi_id": 437593,
        "bangumi_title": "杂旅-That's Journey-",
        "ep_cut": 2,
        "image_url": "https://w.junreimap.com/images/points/437593/2vrsxx2_1753285075583.jpg",
        "location": "松島",
        "point_id": "2vrsxx2",
        "point_name": "松島さかな市場 階段",
        "remark": ""
      },
      "type": "Feature"
    },
    {
      "geometry": {
        "coordinates": [
          141.065192,
          38.371798
        ],
        "type": "Point"
      },
      "properties": {
        "bangumi_id": 437593,
        "bangumi_title": "杂旅-That's Journey-",
        "ep_cut": 2,
        "image_url": "https://w.junreimap.com/images/points/437593/2vrt9iu_1753285086758.jpg",
        "location": "松島",
        "point_id": "2vrt9iu",
        "point_name": "松島焼がきハウス",
        "remark": ""
      },
      "type": "Feature"
    },
    {
      "geometry": {
        "coordinates": [
          141.065194,
          38.371907
        ],
        "type": "Point"
      },
      "properties": {
        "bangumi_id": 437593,
        "bangumi_title": "杂旅-That's Journey-",
        "ep_cut": 2,
        "image_url": "https://w.junreimap.com/images/points/437593/2vruai6_1753285134228.jpg",
        "location": "松島",
        "point_id": "2vruai6",
        "point_name": "松島かきバーガー",
        "remark": ""
      },
      "type": "Feature"
    },
    {
      "geometry": {
        "coordinates": [
          141.065194,
          38.371902
        ],
        "type": "Point"
      },
      "properties": {
        "bangumi_id": 437593,
        "bangumi_title": "杂旅-That's Journey-",
        "ep_cut": 2,
        "image_url": "https://w.junreimap.com/images/points/437593/2vruuxf_1753285172142.jpg",
        "location": "松島",
        "point_id": "2vruuxf",
        "point_name": "松島かきバーガー かき串",
        "remark": "现已涨价至600日元（2025年7月）"
      },
      "type": "Feature"
    },
    {
      "geometry": {
        "coordinates": [
          139.714842,
          35.562168
        ],
        "type": "Point"
      },
      "properties": {
        "bangumi_id": 437593,
        "bangumi_title": "杂旅-That's Journey-",
        "ep_cut": 2,
        "image_url": "https://w.junreimap.com/images/points/437593/umjf1p61z_1744542855604.jpg",
        "location": "",
        "point_id": "umjf1p61z",
        "point_name": "蒲田駅西口前",
        "remark": "2話预告 https://maps.app.goo.gl/xCnofYBeHJJtWsES7"
      },
      "type": "Feature"
    },
    {
      "geometry": {
        "coordinates": [
          137.481299,
          36.873961
        ],
        "type": "Point"
      },
      "properties": {
        "bangumi_id": 437593,
        "bangumi_title": "杂旅-That's Journey-",
        "ep_cut": 2,
        "image_url": "https://w.junreimap.com/images/points/437593/ui3jm1ds4_1744652445551.jpg",
        "location": "黒部",
        "point_id": "ui3jm1ds4",
        "point_name": "JR黒部宇奈月温泉駅東口",
        "remark": ""
      },
      "type": "Feature"
    },
    {
      "geometry": {
        "coordinates": [
          137.481454,
          36.873603
        ],
        "type": "Point"
      },
      "properties": {
        "bangumi_id": 437593,
        "bangumi_title": "杂旅-That's Journey-",
        "ep_cut": 2,
        "image_url": "https://w.junreimap.com/images/points/437593/ui3ohtub7_1744652472015.jpg",
        "location": "黒部",
        "point_id": "ui3ohtub7",
        "point_name": "新黒部駅前広場",
        "remark": "トロッコ列車"
      },
      "type": "Feature"
    },
    {
      "geometry": {
        "coordinates": [
          137.480953,
          36.873587
        ],
        "type": "Point"
      },
      "properties": {
        "bangumi_id": 437593,
        "bangumi_title": "杂旅-That's Journey-",
        "ep_cut": 2,
        "image_url": "https://w.junreimap.com/images/points/437593/ui3xlh0q9_1744652491454.jpg",
        "location": "黒部",
        "point_id": "ui3xlh0q9",
        "point_name": "新黒部駅",
        "remark": "富山地鉄"
      },
      "type": "Feature"
    },
    {
      "geometry": {
        "coordinates": [
          137.444179,
          36.873874
        ],
        "type": "Point"
      },
      "properties": {
        "bangumi_id": 437593,
        "bangumi_title": "杂旅-That's Journey-",
        "ep_cut": 2,
        "image_url": "https://w.junreimap.com/images/points/437593/unxtr36a7_1744652566550.jpg",
        "location": "黒部",
        "point_id": "unxtr36a7",
        "point_name": "電鉄黒部駅バス停",
        "remark": "富山地鉄バス"
      },
      "type": "Feature"
    },
    {
      "geometry": {
        "coordinates": [
          137.419328,
          36.891126
        ],
        "type": "Point"
      },
      "properties": {
        "bangumi_id": 437593,
        "bangumi_title": "杂旅-That's Journey-",
        "ep_cut": 2,
        "image_url": "https://w.junreimap.com/images/points/437593/unxt7ikwj_1744652600340.jpg",
        "location": "黒部",
        "point_id": "unxt7ikwj",
        "point_name": "魚の駅生地",
        "remark": ""
      },
      "type": "Feature"
    },
    {
      "geometry": {
        "coordinates": [
          137.419,
          36.891101
        ],
        "type": "Point"
      },
      "properties": {
        "bangumi_id": 437593,
        "bangumi_title": "杂旅-That's Journey-",
        "ep_cut": 2,
        "image_url": "https://w.junreimap.com/images/points/437593/ui42di0p8_1744652619189.jpg",
        "location": "黒部",
        "point_id": "ui42di0p8",
        "point_name": "魚の駅生地 できたて館",
        "remark": "刺身套餐+炸白虾"
      },
      "type": "Feature"
    },
    {
      "geometry": {
        "coordinates": [
          137.416889,
          36.890649
        ],
        "type": "Point"
      },
      "properties": {
        "bangumi_id": 437593,
        "bangumi_title": "杂旅-That's Journey-",
        "ep_cut": 2,
        "image_url": "https://w.junreimap.com/images/points/437593/ui4brms0c_1744652636515.jpg",
        "location": "黒部",
        "point_id": "ui4brms0c",
        "point_name": "岩瀬家の清水",
        "remark": "皇国晴酒造の敷地内にあります"
      },
      "type": "Feature"
    },
    {
      "geometry": {
        "coordinates": [
          137.417607,
          36.888369
        ],
        "type": "Point"
      },
      "properties": {
        "bangumi_id": 437593,
        "bangumi_title": "杂旅-That's Journey-",
        "ep_cut": 2,
        "image_url": "https://w.junreimap.com/images/user/0/bangumi/437593/points/suc64y-1748754486364.jpg",
        "location": "黒部",
        "point_id": "suc64y",
        "point_name": "殿様清水から海側の眺め",
        "remark": "ED"
      },
      "type": "Feature"
    },
    {
      "geometry": {
        "coordinates": [
          137.415686,
          36.889403
        ],
        "type": "Point"
      },
      "properties": {
        "bangumi_id": 437593,
        "bangumi_title": "杂旅-That's Journey-",
        "ep_cut": 2,
        "image_url": "https://w.junreimap.com/images/points/437593/ui4ig4fbs_1744652656730.jpg",
        "location": "黒部",
        "point_id": "ui4ig4fbs",
        "point_name": "生地海岸",
        "remark": "鈴ヶ森＆蓮沼"
      },
      "type": "Feature"
    },
    {
      "geometry": {
        "coordinates": [
          137.583236,
          36.8158
        ],
        "type": "Point"
      },
      "properties": {
        "bangumi_id": 437593,
        "bangumi_title": "杂旅-That's Journey-",
        "ep_cut": 3,
        "image_url": "https://w.junreimap.com/images/points/437593/ug6pjbpcx_1745245410321.jpg",
        "location": "宇奈月",
        "point_id": "ug6pjbpcx",
        "point_name": "宇奈月温泉駅",
        "remark": "温泉の噴水"
      },
      "type": "Feature"
    },
    {
      "geometry": {
        "coordinates": [
          137.582925,
          36.815986
        ],
        "type": "Point"
      },
      "properties": {
        "bangumi_id": 437593,
        "bangumi_title": "杂旅-That's Journey-",
        "ep_cut": 3,
        "image_url": "https://w.junreimap.com/images/points/437593/ug6otoy0j_1745245422912.jpg",
        "location": "宇奈月",
        "point_id": "ug6otoy0j",
        "point_name": "踏切前",
        "remark": ""
      },
      "type": "Feature"
    },
    {
      "geometry": {
        "coordinates": [
          137.582906,
          36.816186
        ],
        "type": "Point"
      },
      "properties": {
        "bangumi_id": 437593,
        "bangumi_title": "杂旅-That's Journey-",
        "ep_cut": 3,
        "image_url": "https://w.junreimap.com/images/points/437593/uvi9x6lo0_1745245687240.jpg",
        "location": "宇奈月",
        "point_id": "uvi9x6lo0",
        "point_name": "コーヒーハウスモーツァルト",
        "remark": ""
      },
      "type": "Feature"
    },
    {
      "geometry": {
        "coordinates": [
          137.582691,
          36.816235
        ],
        "type": "Point"
      },
      "properties": {
        "bangumi_id": 437593,
        "bangumi_title": "杂旅-That's Journey-",
        "ep_cut": 3,
        "image_url": "https://w.junreimap.com/images/points/437593/uvi9pubqs_1745245629695.jpg",
        "location": "宇奈月",
        "point_id": "uvi9pubqs",
        "point_name": "宇奈月温泉​総湯​",
        "remark": ""
      },
      "type": "Feature"
    },
    {
      "geometry": {
        "coordinates": [
          137.582638,
          36.815703
        ],
        "type": "Point"
      },
      "properties": {
        "bangumi_id": 437593,
        "bangumi_title": "杂旅-That's Journey-",
        "ep_cut": 3,
        "image_url": "https://w.junreimap.com/images/points/437593/ug72faz4g_1745245552983.jpg",
        "location": "宇奈月",
        "point_id": "ug72faz4g",
        "point_name": "釜めし味処河鹿",
        "remark": "ホタルイカ釜飯"
      },
      "type": "Feature"
    },
    {
      "geometry": {
        "coordinates": [
          137.589698,
          36.812795
        ],
        "type": "Point"
      },
      "properties": {
        "bangumi_id": 437593,
        "bangumi_title": "杂旅-That's Journey-",
        "ep_cut": 3,
        "image_url": "https://w.junreimap.com/images/points/437593/uvibs38vl_1745245771218.jpg",
        "location": "宇奈月",
        "point_id": "uvibs38vl",
        "point_name": "ホテル黒部",
        "remark": ""
      },
      "type": "Feature"
    },
    {
      "geometry": {
        "coordinates": [
          137.585871,
          36.814933
        ],
        "type": "Point"
      },
      "properties": {
        "bangumi_id": 437593,
        "bangumi_title": "杂旅-That's Journey-",
        "ep_cut": 3,
        "image_url": "https://w.junreimap.com/images/points/437593/ug6qq3myt_1745245441329.jpg",
        "location": "宇奈月",
        "point_id": "ug6qq3myt",
        "point_name": "黒部​峡谷​鉄道​宇奈月​駅",
        "remark": "官网https://www.kurotetu.co.jp/cn/，4月20日-11月30日营运"
      },
      "type": "Feature"
    },
    {
      "geometry": {
        "coordinates": [
          137.587974,
          36.814179
        ],
        "type": "Point"
      },
      "properties": {
        "bangumi_id": 437593,
        "bangumi_title": "杂旅-That's Journey-",
        "ep_cut": 3,
        "image_url": "https://w.junreimap.com/images/points/437593/ug6vlklam_1745245468407.jpg",
        "location": "宇奈月",
        "point_id": "ug6vlklam",
        "point_name": "やまびこ展望台",
        "remark": ""
      },
      "type": "Feature"
    },
    {
      "geometry": {
        "coordinates": [
          137.589293,
          36.814289
        ],
        "type": "Point"
      },
      "properties": {
        "bangumi_id": 437593,
        "bangumi_title": "杂旅-That's Journey-",
        "ep_cut": 3,
        "image_url": "https://w.junreimap.com/images/points/437593/ug6z8qdns_1745245490137.jpg",
        "location": "宇奈月",
        "point_id": "ug6z8qdns",
        "point_name": "新山彦橋",
        "remark": "右侧，铁道用桥"
      },
      "type": "Feature"
    },
    {
      "geometry": {
        "coordinates": [
          137.588572,
          36.814786
        ],
        "type": "Point"
      },
      "properties": {
        "bangumi_id": 437593,
        "bangumi_title": "杂旅-That's Journey-",
        "ep_cut": 3,
        "image_url": "https://w.junreimap.com/images/points/437593/ug73ipln3_1745245514593.jpg",
        "location": "宇奈月",
        "point_id": "ug73ipln3",
        "point_name": "山彦橋",
        "remark": "左侧，旧铁道桥，人行用"
      },
      "type": "Feature"
    },
    {
      "geometry": {
        "coordinates": [
          133.918206,
          34.666992
        ],
        "type": "Point"
      },
      "properties": {
        "bangumi_id": 437593,
        "bangumi_title": "杂旅-That's Journey-",
        "ep_cut": 3,
        "image_url": "https://w.junreimap.com/images/points/437593/uvipawaoz_1745246622793.jpg",
        "location": "四国之行",
        "point_id": "uvipawaoz",
        "point_name": "岡山駅６番ホーム",
        "remark": "宇野線"
      },
      "type": "Feature"
    },
    {
      "geometry": {
        "coordinates": [
          133.821621,
          34.375257
        ],
        "type": "Point"
      },
      "properties": {
        "bangumi_id": 437593,
        "bangumi_title": "杂旅-That's Journey-",
        "ep_cut": 3,
        "image_url": "https://w.junreimap.com/images/points/437593/uvijt5y9u_1745246228206.jpg",
        "location": "四国之行",
        "point_id": "uvijt5y9u",
        "point_name": "瀬戸大橋",
        "remark": ""
      },
      "type": "Feature"
    },
    {
      "geometry": {
        "coordinates": [
          134.047097,
          34.350988
        ],
        "type": "Point"
      },
      "properties": {
        "bangumi_id": 437593,
        "bangumi_title": "杂旅-That's Journey-",
        "ep_cut": 3,
        "image_url": "https://w.junreimap.com/images/points/437593/uvitgjy0e_1745246800530.jpg",
        "location": "四国之行",
        "point_id": "uvitgjy0e",
        "point_name": "高松駅",
        "remark": ""
      },
      "type": "Feature"
    },
    {
      "geometry": {
        "coordinates": [
          134.047472,
          34.351171
        ],
        "type": "Point"
      },
      "properties": {
        "bangumi_id": 437593,
        "bangumi_title": "杂旅-That's Journey-",
        "ep_cut": 3,
        "image_url": "https://w.junreimap.com/images/points/437593/uviwgwb9j_1745247046365.jpg",
        "location": "四国之行",
        "point_id": "uviwgwb9j",
        "point_name": "高松駅前",
        "remark": ""
      },
      "type": "Feature"
    },
    {
      "geometry": {
        "coordinates": [
          134.049318,
          34.350777
        ],
        "type": "Point"
      },
      "properties": {
        "bangumi_id": 437593,
        "bangumi_title": "杂旅-That's Journey-",
        "ep_cut": 3,
        "image_url": "https://w.junreimap.com/images/points/437593/uvixxj7jt_1745247093173.jpg",
        "location": "四国之行",
        "point_id": "uvixxj7jt",
        "point_name": "高松築港駅",
        "remark": ""
      },
      "type": "Feature"
    },
    {
      "geometry": {
        "coordinates": [
          134.050092,
          34.350381
        ],
        "type": "Point"
      },
      "properties": {
        "bangumi_id": 437593,
        "bangumi_title": "杂旅-That's Journey-",
        "ep_cut": 3,
        "image_url": "https://w.junreimap.com/images/points/437593/uvj0zndxi_1745247264469.jpg",
        "location": "四国之行",
        "point_id": "uvj0zndxi",
        "point_name": "高松城 鞘橋（駅から見える）",
        "remark": ""
      },
      "type": "Feature"
    },
    {
      "geometry": {
        "coordinates": [
          134.049495,
          34.350432
        ],
        "type": "Point"
      },
      "properties": {
        "bangumi_id": 437593,
        "bangumi_title": "杂旅-That's Journey-",
        "ep_cut": 3,
        "image_url": "https://w.junreimap.com/images/points/437593/uviztwmka_1745247179597.jpg",
        "location": "四国之行",
        "point_id": "uviztwmka",
        "point_name": "高松築港駅内",
        "remark": ""
      },
      "type": "Feature"
    },
    {
      "geometry": {
        "coordinates": [
          134.122012,
          34.344694
        ],
        "type": "Point"
      },
      "properties": {
        "bangumi_id": 437593,
        "bangumi_title": "杂旅-That's Journey-",
        "ep_cut": 3,
        "image_url": "https://w.junreimap.com/images/points/437593/uvj5lqfu9_1745247528249.jpg",
        "location": "八栗",
        "point_id": "uvj5lqfu9",
        "point_name": "八栗駅",
        "remark": "ことでん"
      },
      "type": "Feature"
    },
    {
      "geometry": {
        "coordinates": [
          134.129771,
          34.353074
        ],
        "type": "Point"
      },
      "properties": {
        "bangumi_id": 437593,
        "bangumi_title": "杂旅-That's Journey-",
        "ep_cut": 3,
        "image_url": "https://w.junreimap.com/images/user/1073/bangumi/437593/points/uvkal06xw-1745250016687.jpg",
        "location": "八栗",
        "point_id": "uvkal06xw",
        "point_name": "うどん本陣山田家",
        "remark": ""
      },
      "type": "Feature"
    },
    {
      "geometry": {
        "coordinates": [
          134.129691,
          34.353179
        ],
        "type": "Point"
      },
      "properties": {
        "bangumi_id": 437593,
        "bangumi_title": "杂旅-That's Journey-",
        "ep_cut": 3,
        "image_url": "https://w.junreimap.com/images/user/1073/bangumi/437593/points/uzteyt35q-1745583342765.jpg",
        "location": "八栗",
        "point_id": "uzteyt35q",
        "point_name": "うどん本陣山田家 内部",
        "remark": ""
      },
      "type": "Feature"
    },
    {
      "geometry": {
        "coordinates": [
          134.133481,
          34.355036
        ],
        "type": "Point"
      },
      "properties": {
        "bangumi_id": 437593,
        "bangumi_title": "杂旅-That's Journey-",
        "ep_cut": 3,
        "image_url": "https://w.junreimap.com/images/user/1073/bangumi/437593/points/uztg2o4h0-1745583391495.jpg",
        "location": "八栗",
        "point_id": "uztg2o4h0",
        "point_name": "八栗登山口前",
        "remark": ""
      },
      "type": "Feature"
    },
    {
      "geometry": {
        "coordinates": [
          134.133666,
          34.355132
        ],
        "type": "Point"
      },
      "properties": {
        "bangumi_id": 437593,
        "bangumi_title": "杂旅-That's Journey-",
        "ep_cut": 3,
        "image_url": "https://w.junreimap.com/images/user/1073/bangumi/437593/points/uztgz688m-1745583442448.jpg",
        "location": "八栗",
        "point_id": "uztgz688m",
        "point_name": "八栗登山口",
        "remark": "八栗ケーブル"
      },
      "type": "Feature"
    },
    {
      "geometry": {
        "coordinates": [
          134.139796,
          34.358047
        ],
        "type": "Point"
      },
      "properties": {
        "bangumi_id": 437593,
        "bangumi_title": "杂旅-That's Journey-",
        "ep_cut": 3,
        "image_url": "https://w.junreimap.com/images/user/1073/bangumi/437593/points/uzthn6htz-1745583480689.jpg",
        "location": "八栗",
        "point_id": "uzthn6htz",
        "point_name": "八栗山上",
        "remark": ""
      },
      "type": "Feature"
    },
    {
      "geometry": {
        "coordinates": [
          134.140896,
          34.359611
        ],
        "type": "Point"
      },
      "properties": {
        "bangumi_id": 437593,
        "bangumi_title": "杂旅-That's Journey-",
        "ep_cut": 3,
        "image_url": "https://w.junreimap.com/images/user/1073/bangumi/437593/points/uzti6fc9y-1745583520456.jpg",
        "location": "八栗",
        "point_id": "uzti6fc9y",
        "point_name": "八栗寺 多宝塔",
        "remark": ""
      },
      "type": "Feature"
    },
    {
      "geometry": {
        "coordinates": [
          134.140662,
          34.359656
        ],
        "type": "Point"
      },
      "properties": {
        "bangumi_id": 437593,
        "bangumi_title": "杂旅-That's Journey-",
        "ep_cut": 3,
        "image_url": "https://w.junreimap.com/images/user/1073/bangumi/437593/points/uztiq6e2m-1745583571086.jpg",
        "location": "八栗",
        "point_id": "uztiq6e2m",
        "point_name": "八栗寺 大師堂",
        "remark": ""
      },
      "type": "Feature"
    },
    {
      "geometry": {
        "coordinates": [
          134.140402,
          34.359658
        ],
        "type": "Point"
      },
      "properties": {
        "bangumi_id": 437593,
        "bangumi_title": "杂旅-That's Journey-",
        "ep_cut": 3,
        "image_url": "https://w.junreimap.com/images/user/1073/bangumi/437593/points/uztjn1pqb-1745583608675.jpg",
        "location": "八栗",
        "point_id": "uztjn1pqb",
        "point_name": "八栗寺 地蔵堂",
        "remark": ""
      },
      "type": "Feature"
    },
    {
      "geometry": {
        "coordinates": [
          134.139535,
          34.359736
        ],
        "type": "Point"
      },
      "properties": {
        "bangumi_id": 437593,
        "bangumi_title": "杂旅-That's Journey-",
        "ep_cut": 3,
        "image_url": "https://w.junreimap.com/images/user/1073/bangumi/437593/points/uztke2bdl-1745583657489.jpg",
        "location": "八栗",
        "point_id": "uztke2bdl",
        "point_name": "第85番札所八栗寺",
        "remark": ""
      },
      "type": "Feature"
    },
    {
      "geometry": {
        "coordinates": [
          134.139982,
          34.359748
        ],
        "type": "Point"
      },
      "properties": {
        "bangumi_id": 437593,
        "bangumi_title": "杂旅-That's Journey-",
        "ep_cut": 3,
        "image_url": "https://w.junreimap.com/images/user/1073/bangumi/437593/points/uztl39rfq-1745583697088.jpg",
        "location": "八栗",
        "point_id": "uztl39rfq",
        "point_name": "八栗寺 钟楼",
        "remark": ""
      },
      "type": "Feature"
    },
    {
      "geometry": {
        "coordinates": [
          134.13931,
          34.359605
        ],
        "type": "Point"
      },
      "properties": {
        "bangumi_id": 437593,
        "bangumi_title": "杂旅-That's Journey-",
        "ep_cut": 3,
        "image_url": "https://w.junreimap.com/images/user/1073/bangumi/437593/points/uztluqvc7-1745583798906.jpg",
        "location": "八栗",
        "point_id": "uztluqvc7",
        "point_name": "八栗寺 二天門",
        "remark": ""
      },
      "type": "Feature"
    },
    {
      "geometry": {
        "coordinates": [
          134.138249,
          34.358952
        ],
        "type": "Point"
      },
      "properties": {
        "bangumi_id": 437593,
        "bangumi_title": "杂旅-That's Journey-",
        "ep_cut": 3,
        "image_url": "https://w.junreimap.com/images/user/1073/bangumi/437593/points/uztntadeu-1745583857959.jpg",
        "location": "八栗",
        "point_id": "uztntadeu",
        "point_name": "お迎え大師",
        "remark": ""
      },
      "type": "Feature"
    },
    {
      "geometry": {
        "coordinates": [
          134.046919,
          34.349772
        ],
        "type": "Point"
      },
      "properties": {
        "bangumi_id": 437593,
        "bangumi_title": "杂旅-That's Journey-",
        "ep_cut": 3,
        "image_url": "https://w.junreimap.com/images/user/1073/bangumi/437593/points/uztpdbtrl-1745583946487.jpg",
        "location": "高松",
        "point_id": "uztpdbtrl",
        "point_name": "ビジネス​ホテル​ルピナス",
        "remark": "住宿"
      },
      "type": "Feature"
    },
    {
      "geometry": {
        "coordinates": [
          134.048979,
          34.352953
        ],
        "type": "Point"
      },
      "properties": {
        "bangumi_id": 437593,
        "bangumi_title": "杂旅-That's Journey-",
        "ep_cut": 3,
        "image_url": "https://w.junreimap.com/images/user/1073/bangumi/437593/points/uztq7gxfq-1745584013512.jpg",
        "location": "高松",
        "point_id": "uztq7gxfq",
        "point_name": "高松港 雕像",
        "remark": "左边是渡轮，右边是快艇"
      },
      "type": "Feature"
    },
    {
      "geometry": {
        "coordinates": [
          134.049534,
          34.351232
        ],
        "type": "Point"
      },
      "properties": {
        "bangumi_id": 437593,
        "bangumi_title": "杂旅-That's Journey-",
        "ep_cut": 3,
        "image_url": "https://w.junreimap.com/images/user/1073/bangumi/437593/points/uztrbtgwu-1745584077047.jpg",
        "location": "高松",
        "point_id": "uztrbtgwu",
        "point_name": "高松城 西門",
        "remark": ""
      },
      "type": "Feature"
    },
    {
      "geometry": {
        "coordinates": [
          134.050571,
          34.351154
        ],
        "type": "Point"
      },
      "properties": {
        "bangumi_id": 437593,
        "bangumi_title": "杂旅-That's Journey-",
        "ep_cut": 3,
        "image_url": "https://w.junreimap.com/images/user/1073/bangumi/437593/points/uztt8ax4e-1745584198244.jpg",
        "location": "高松",
        "point_id": "uztt8ax4e",
        "point_name": "鯛のエサ",
        "remark": "喂鱼"
      },
      "type": "Feature"
    },
    {
      "geometry": {
        "coordinates": [
          134.051689,
          34.351182
        ],
        "type": "Point"
      },
      "properties": {
        "bangumi_id": 437593,
        "bangumi_title": "杂旅-That's Journey-",
        "ep_cut": 3,
        "image_url": "https://w.junreimap.com/images/user/1073/bangumi/437593/points/uztusggfm-1745584294422.jpg",
        "location": "高松",
        "point_id": "uztusggfm",
        "point_name": "水手御門",
        "remark": "古代出海用"
      },
      "type": "Feature"
    },
    {
      "geometry": {
        "coordinates": [
          134.051636,
          34.350389
        ],
        "type": "Point"
      },
      "properties": {
        "bangumi_id": 437593,
        "bangumi_title": "杂旅-That's Journey-",
        "ep_cut": 3,
        "image_url": "https://w.junreimap.com/images/user/1073/bangumi/437593/points/uztwbqn1n-1745584367611.jpg",
        "location": "高松",
        "point_id": "uztwbqn1n",
        "point_name": "高松城跡",
        "remark": ""
      },
      "type": "Feature"
    },
    {
      "geometry": {
        "coordinates": [
          135.771044,
          34.967031
        ],
        "type": "Point"
      },
      "properties": {
        "bangumi_id": 437593,
        "bangumi_title": "杂旅-That's Journey-",
        "ep_cut": 4,
        "image_url": "https://w.junreimap.com/images/points/437593/2fig9ey_1752301932553.jpg",
        "location": "京都",
        "point_id": "2fig9ey",
        "point_name": "伏見稻荷大社大鳥居",
        "remark": "神社内地标需补充"
      },
      "type": "Feature"
    },
    {
      "geometry": {
        "coordinates": [
          135.758878,
          34.986221
        ],
        "type": "Point"
      },
      "properties": {
        "bangumi_id": 437593,
        "bangumi_title": "杂旅-That's Journey-",
        "ep_cut": 4,
        "image_url": "https://w.junreimap.com/images/points/437593/2finikq_1752302266034.jpg",
        "location": "京都",
        "point_id": "2finikq",
        "point_name": "京都駅 中央口",
        "remark": ""
      },
      "type": "Feature"
    },
    {
      "geometry": {
        "coordinates": [
          135.762468,
          34.935202
        ],
        "type": "Point"
      },
      "properties": {
        "bangumi_id": 437593,
        "bangumi_title": "杂旅-That's Journey-",
        "ep_cut": 4,
        "image_url": "https://w.junreimap.com/images/points/437593/v40dh6tfq_1745911926620.jpg",
        "location": "京都",
        "point_id": "v40dh6tfq",
        "point_name": "藤岡酒造 酒蔵Barえん",
        "remark": ""
      },
      "type": "Feature"
    },
    {
      "geometry": {
        "coordinates": [
          135.758255,
          34.934482
        ],
        "type": "Point"
      },
      "properties": {
        "bangumi_id": 437593,
        "bangumi_title": "杂旅-That's Journey-",
        "ep_cut": 4,
        "image_url": "https://w.junreimap.com/images/points/437593/v40cwoxlb_1745911897756.jpg",
        "location": "京都",
        "point_id": "v40cwoxlb",
        "point_name": "月桂冠​昭和​蔵​工場",
        "remark": ""
      },
      "type": "Feature"
    },
    {
      "geometry": {
        "coordinates": [
          135.754104,
          34.932994
        ],
        "type": "Point"
      },
      "properties": {
        "bangumi_id": 437593,
        "bangumi_title": "杂旅-That's Journey-",
        "ep_cut": 4,
        "image_url": "https://w.junreimap.com/images/points/437593/v40ci48f4_1745911867227.jpg",
        "location": "京都",
        "point_id": "v40ci48f4",
        "point_name": "松本酒造(株)",
        "remark": ""
      },
      "type": "Feature"
    },
    {
      "geometry": {
        "coordinates": [
          135.768568,
          34.968583
        ],
        "type": "Point"
      },
      "properties": {
        "bangumi_id": 437593,
        "bangumi_title": "杂旅-That's Journey-",
        "ep_cut": 4,
        "image_url": "https://w.junreimap.com/images/points/437593/v40ehnh0i_1745911982612.jpg",
        "location": "京都",
        "point_id": "v40ehnh0i",
        "point_name": "ラー麺 陽はまた昇る",
        "remark": "伏見稲荷駅前本店"
      },
      "type": "Feature"
    },
    {
      "geometry": {
        "coordinates": [
          135.769346,
          34.968652
        ],
        "type": "Point"
      },
      "properties": {
        "bangumi_id": 437593,
        "bangumi_title": "杂旅-That's Journey-",
        "ep_cut": 4,
        "image_url": "https://w.junreimap.com/images/points/437593/2fiyqtn_1752302769424.jpg",
        "location": "京都",
        "point_id": "2fiyqtn",
        "point_name": "伏見稲荷駅",
        "remark": ""
      },
      "type": "Feature"
    },
    {
      "geometry": {
        "coordinates": [
          135.758922,
          34.986321
        ],
        "type": "Point"
      },
      "properties": {
        "bangumi_id": 437593,
        "bangumi_title": "杂旅-That's Journey-",
        "ep_cut": 4,
        "image_url": "https://w.junreimap.com/images/points/437593/2fip1zb_1752302327242.jpg",
        "location": "京都",
        "point_id": "2fip1zb",
        "point_name": "京都​站前",
        "remark": "京都塔"
      },
      "type": "Feature"
    },
    {
      "geometry": {
        "coordinates": [
          135.758652,
          34.985966
        ],
        "type": "Point"
      },
      "properties": {
        "bangumi_id": 437593,
        "bangumi_title": "杂旅-That's Journey-",
        "ep_cut": 4,
        "image_url": "https://w.junreimap.com/images/points/437593/2fiuxxh_1752302601771.jpg",
        "location": "京都",
        "point_id": "2fiuxxh",
        "point_name": "京都​站内",
        "remark": ""
      },
      "type": "Feature"
    },
    {
      "geometry": {
        "coordinates": [
          135.756922,
          34.985446
        ],
        "type": "Point"
      },
      "properties": {
        "bangumi_id": 437593,
        "bangumi_title": "杂旅-That's Journey-",
        "ep_cut": 4,
        "image_url": "https://w.junreimap.com/images/points/437593/v40f7o804_1745912057370.jpg",
        "location": "京都",
        "point_id": "v40f7o804",
        "point_name": "京都駅 31番線ホーム",
        "remark": "嵯峨野線"
      },
      "type": "Feature"
    },
    {
      "geometry": {
        "coordinates": [
          135.118825,
          35.296168
        ],
        "type": "Point"
      },
      "properties": {
        "bangumi_id": 437593,
        "bangumi_title": "杂旅-That's Journey-",
        "ep_cut": 4,
        "image_url": "https://w.junreimap.com/images/points/437593/v40h0zvia_1745912138078.jpg",
        "location": "丹後",
        "point_id": "v40h0zvia",
        "point_name": "JR福知山駅",
        "remark": ""
      },
      "type": "Feature"
    },
    {
      "geometry": {
        "coordinates": [
          135.199834,
          35.534265
        ],
        "type": "Point"
      },
      "properties": {
        "bangumi_id": 437593,
        "bangumi_title": "杂旅-That's Journey-",
        "ep_cut": 4,
        "image_url": "https://w.junreimap.com/images/points/437593/v40hzhq7g_1745912201969.jpg",
        "location": "丹後",
        "point_id": "v40hzhq7g",
        "point_name": "宮津駅内",
        "remark": ""
      },
      "type": "Feature"
    },
    {
      "geometry": {
        "coordinates": [
          135.199589,
          35.534447
        ],
        "type": "Point"
      },
      "properties": {
        "bangumi_id": 437593,
        "bangumi_title": "杂旅-That's Journey-",
        "ep_cut": 4,
        "image_url": "https://w.junreimap.com/images/points/437593/v40hs8nlt_1745912211975.jpg",
        "location": "丹後",
        "point_id": "v40hs8nlt",
        "point_name": "宮津駅",
        "remark": ""
      },
      "type": "Feature"
    },
    {
      "geometry": {
        "coordinates": [
          135.199233,
          35.534828
        ],
        "type": "Point"
      },
      "properties": {
        "bangumi_id": 437593,
        "bangumi_title": "杂旅-That's Journey-",
        "ep_cut": 4,
        "image_url": "https://w.junreimap.com/images/points/437593/v40ill7vg_1745912230564.jpg",
        "location": "丹後",
        "point_id": "v40ill7vg",
        "point_name": "大衆​食事処​富田屋",
        "remark": ""
      },
      "type": "Feature"
    },
    {
      "geometry": {
        "coordinates": [
          135.191797,
          35.536836
        ],
        "type": "Point"
      },
      "properties": {
        "bangumi_id": 437593,
        "bangumi_title": "杂旅-That's Journey-",
        "ep_cut": 4,
        "image_url": "https://w.junreimap.com/images/points/437593/v40iwc8iw_1745912250712.jpg",
        "location": "丹後",
        "point_id": "v40iwc8iw",
        "point_name": "茶六本館",
        "remark": "1晚2餐 16000円"
      },
      "type": "Feature"
    },
    {
      "geometry": {
        "coordinates": [
          135.183993,
          35.55595
        ],
        "type": "Point"
      },
      "properties": {
        "bangumi_id": 437593,
        "bangumi_title": "杂旅-That's Journey-",
        "ep_cut": 4,
        "image_url": "https://w.junreimap.com/images/points/437593/v40jpkbij_1745912300648.jpg",
        "location": "丹後",
        "point_id": "v40jpkbij",
        "point_name": "天橋立​ビュー​ランド",
        "remark": ""
      },
      "type": "Feature"
    },
    {
      "geometry": {
        "coordinates": [
          135.191542,
          35.569631
        ],
        "type": "Point"
      },
      "properties": {
        "bangumi_id": 437593,
        "bangumi_title": "杂旅-That's Journey-",
        "ep_cut": 4,
        "image_url": "https://w.junreimap.com/images/points/437593/v40k99ovm_1745912329118.jpg",
        "location": "丹後",
        "point_id": "v40k99ovm",
        "point_name": "天橋立",
        "remark": ""
      },
      "type": "Feature"
    },
    {
      "geometry": {
        "coordinates": [
          135.182219,
          35.552657
        ],
        "type": "Point"
      },
      "properties": {
        "bangumi_id": 437593,
        "bangumi_title": "杂旅-That's Journey-",
        "ep_cut": 4,
        "image_url": "https://w.junreimap.com/images/user/1073/bangumi/437593/points/v3c51p486-1745859236344.jpg",
        "location": "丹後",
        "point_id": "v3c51p486",
        "point_name": "股のぞき台",
        "remark": "OP"
      },
      "type": "Feature"
    },
    {
      "geometry": {
        "coordinates": [
          135.196555,
          35.581772
        ],
        "type": "Point"
      },
      "properties": {
        "bangumi_id": 437593,
        "bangumi_title": "杂旅-That's Journey-",
        "ep_cut": 4,
        "image_url": "https://w.junreimap.com/images/user/1073/bangumi/437593/points/v427md7lz-1745915966547.jpg",
        "location": "丹後",
        "point_id": "v427md7lz",
        "point_name": "元伊勢籠神社",
        "remark": ""
      },
      "type": "Feature"
    },
    {
      "geometry": {
        "coordinates": [
          139.898725,
          36.559712
        ],
        "type": "Point"
      },
      "properties": {
        "bangumi_id": 437593,
        "bangumi_title": "杂旅-That's Journey-",
        "ep_cut": 5,
        "image_url": "https://w.junreimap.com/images/points/437593/vay90gs97_1752299018373.jpg",
        "location": "那須烏山",
        "point_id": "vay90gs97",
        "point_name": "宇都宮駅",
        "remark": "烏山線"
      },
      "type": "Feature"
    },
    {
      "geometry": {
        "coordinates": [
          140.138041,
          36.648814
        ],
        "type": "Point"
      },
      "properties": {
        "bangumi_id": 437593,
        "bangumi_title": "杂旅-That's Journey-",
        "ep_cut": 5,
        "image_url": "https://w.junreimap.com/images/points/437593/vayfb5or1_1752299131321.jpg",
        "location": "那須烏山",
        "point_id": "vayfb5or1",
        "point_name": "滝駅",
        "remark": "无人车站"
      },
      "type": "Feature"
    },
    {
      "geometry": {
        "coordinates": [
          140.139841,
          36.645565
        ],
        "type": "Point"
      },
      "properties": {
        "bangumi_id": 437593,
        "bangumi_title": "杂旅-That's Journey-",
        "ep_cut": 5,
        "image_url": "https://w.junreimap.com/images/points/437593/vayi8d17k_1752299193483.jpg",
        "location": "那須烏山",
        "point_id": "vayi8d17k",
        "point_name": "龍門の滝",
        "remark": "宽65m,高20m"
      },
      "type": "Feature"
    },
    {
      "geometry": {
        "coordinates": [
          140.138885,
          36.645575
        ],
        "type": "Point"
      },
      "properties": {
        "bangumi_id": 437593,
        "bangumi_title": "杂旅-That's Journey-",
        "ep_cut": 5,
        "image_url": "https://w.junreimap.com/images/points/437593/vayp738sg_1752299243678.jpg",
        "location": "那須烏山",
        "point_id": "vayp738sg",
        "point_name": "那須烏山市​龍​門​ふるさと​民芸館",
        "remark": "龙神洞＆龙门咖啡"
      },
      "type": "Feature"
    },
    {
      "geometry": {
        "coordinates": [
          140.13824,
          36.657072
        ],
        "type": "Point"
      },
      "properties": {
        "bangumi_id": 437593,
        "bangumi_title": "杂旅-That's Journey-",
        "ep_cut": 5,
        "image_url": "https://w.junreimap.com/images/points/437593/vaysgf3x9_1752299363089.jpg",
        "location": "那須烏山",
        "point_id": "vaysgf3x9",
        "point_name": "島崎酒造どうくつ酒蔵",
        "remark": "洞窟酒窖、地下戦車工場跡"
      },
      "type": "Feature"
    },
    {
      "geometry": {
        "coordinates": [
          140.13997,
          36.660473
        ],
        "type": "Point"
      },
      "properties": {
        "bangumi_id": 437593,
        "bangumi_title": "杂旅-That's Journey-",
        "ep_cut": 5,
        "image_url": "https://w.junreimap.com/images/points/437593/vaz2b5bux_1752299428131.jpg",
        "location": "那須烏山",
        "point_id": "vaz2b5bux",
        "point_name": "神長トンネル",
        "remark": ""
      },
      "type": "Feature"
    },
    {
      "geometry": {
        "coordinates": [
          140.1508,
          36.656901
        ],
        "type": "Point"
      },
      "properties": {
        "bangumi_id": 437593,
        "bangumi_title": "杂旅-That's Journey-",
        "ep_cut": 5,
        "image_url": "https://w.junreimap.com/images/points/437593/vaz311mbz_1752299483067.jpg",
        "location": "那須烏山",
        "point_id": "vaz311mbz",
        "point_name": "八雲神社前",
        "remark": ""
      },
      "type": "Feature"
    },
    {
      "geometry": {
        "coordinates": [
          140.151875,
          36.657569
        ],
        "type": "Point"
      },
      "properties": {
        "bangumi_id": 437593,
        "bangumi_title": "杂旅-That's Journey-",
        "ep_cut": 5,
        "image_url": "https://w.junreimap.com/images/points/437593/vaz6vq250_1752299511444.jpg",
        "location": "那須烏山",
        "point_id": "vaz6vq250",
        "point_name": "烏山城址ご案内",
        "remark": ""
      },
      "type": "Feature"
    },
    {
      "geometry": {
        "coordinates": [
          140.151915,
          36.661858
        ],
        "type": "Point"
      },
      "properties": {
        "bangumi_id": 437593,
        "bangumi_title": "杂旅-That's Journey-",
        "ep_cut": 5,
        "image_url": "https://w.junreimap.com/images/points/437593/vazb9j9qg_1752299566885.jpg",
        "location": "那須烏山",
        "point_id": "vazb9j9qg",
        "point_name": "城山下 入口",
        "remark": ""
      },
      "type": "Feature"
    },
    {
      "geometry": {
        "coordinates": [
          140.150183,
          36.662009
        ],
        "type": "Point"
      },
      "properties": {
        "bangumi_id": 437593,
        "bangumi_title": "杂旅-That's Journey-",
        "ep_cut": 5,
        "image_url": "https://w.junreimap.com/images/points/437593/vazcuaasu_1752299626767.jpg",
        "location": "那須烏山",
        "point_id": "vazcuaasu",
        "point_name": "寿亀山神社",
        "remark": ""
      },
      "type": "Feature"
    },
    {
      "geometry": {
        "coordinates": [
          140.15372,
          36.655756
        ],
        "type": "Point"
      },
      "properties": {
        "bangumi_id": 437593,
        "bangumi_title": "杂旅-That's Journey-",
        "ep_cut": 5,
        "image_url": "https://w.junreimap.com/images/points/437593/vazniqa6h_1752299708400.jpg",
        "location": "那須烏山",
        "point_id": "vazniqa6h",
        "point_name": "島崎酒造本店",
        "remark": ""
      },
      "type": "Feature"
    },
    {
      "geometry": {
        "coordinates": [
          140.154885,
          36.650534
        ],
        "type": "Point"
      },
      "properties": {
        "bangumi_id": 437593,
        "bangumi_title": "杂旅-That's Journey-",
        "ep_cut": 5,
        "image_url": "https://w.junreimap.com/images/points/437593/vazocq9jn_1752299750448.jpg",
        "location": "那須烏山",
        "point_id": "vazocq9jn",
        "point_name": "烏山駅",
        "remark": ""
      },
      "type": "Feature"
    },
    {
      "geometry": {
        "coordinates": [
          140.154529,
          36.65085
        ],
        "type": "Point"
      },
      "properties": {
        "bangumi_id": 437593,
        "bangumi_title": "杂旅-That's Journey-",
        "ep_cut": 5,
        "image_url": "https://w.junreimap.com/images/user/0/bangumi/437593/points/vgf42p45u-1746884507722.jpg",
        "location": "那須烏山",
        "point_id": "vgf42p45u",
        "point_name": "ふくずみ旅館",
        "remark": ""
      },
      "type": "Feature"
    },
    {
      "geometry": {
        "coordinates": [
          140.170518,
          36.651784
        ],
        "type": "Point"
      },
      "properties": {
        "bangumi_id": 437593,
        "bangumi_title": "杂旅-That's Journey-",
        "ep_cut": 5,
        "image_url": "https://w.junreimap.com/images/points/437593/vc0btaw6r_1752299823142.jpg",
        "location": "那須烏山",
        "point_id": "vc0btaw6r",
        "point_name": "烏山大橋",
        "remark": "桥长530m，桥塔高93m"
      },
      "type": "Feature"
    },
    {
      "geometry": {
        "coordinates": [
          140.176465,
          36.648099
        ],
        "type": "Point"
      },
      "properties": {
        "bangumi_id": 437593,
        "bangumi_title": "杂旅-That's Journey-",
        "ep_cut": 5,
        "image_url": "https://w.junreimap.com/images/points/437593/vc0fpavo0_1752299873364.jpg",
        "location": "那須烏山",
        "point_id": "vc0fpavo0",
        "point_name": "十二所神社前",
        "remark": ""
      },
      "type": "Feature"
    },
    {
      "geometry": {
        "coordinates": [
          140.176495,
          36.648607
        ],
        "type": "Point"
      },
      "properties": {
        "bangumi_id": 437593,
        "bangumi_title": "杂旅-That's Journey-",
        "ep_cut": 5,
        "image_url": "https://w.junreimap.com/images/points/437593/2fh9uls_1752299925553.jpg",
        "location": "那須烏山",
        "point_id": "2fh9uls",
        "point_name": "十二所神社",
        "remark": ""
      },
      "type": "Feature"
    },
    {
      "geometry": {
        "coordinates": [
          140.185451,
          36.649145
        ],
        "type": "Point"
      },
      "properties": {
        "bangumi_id": 437593,
        "bangumi_title": "杂旅-That's Journey-",
        "ep_cut": 5,
        "image_url": "https://w.junreimap.com/images/points/437593/vc0gsngj1_1752300243150.jpg",
        "location": "那須烏山",
        "point_id": "vc0gsngj1",
        "point_name": "森食堂",
        "remark": "手打荞麦面"
      },
      "type": "Feature"
    },
    {
      "geometry": {
        "coordinates": [
          139.255364,
          38.467613
        ],
        "type": "Point"
      },
      "properties": {
        "bangumi_id": 437593,
        "bangumi_title": "杂旅-That's Journey-",
        "ep_cut": 5,
        "image_url": "https://w.junreimap.com/images/user/1073/bangumi/437593/points/vc0o0hoic-1746539498920.jpg",
        "location": "粟島",
        "point_id": "vc0o0hoic",
        "point_name": "粟島港",
        "remark": "新潟~村上特急列车2646円，岩船~粟島快船4470円普通船2520円"
      },
      "type": "Feature"
    },
    {
      "geometry": {
        "coordinates": [
          139.223004,
          38.446986
        ],
        "type": "Point"
      },
      "properties": {
        "bangumi_id": 437593,
        "bangumi_title": "杂旅-That's Journey-",
        "ep_cut": 5,
        "image_url": "https://w.junreimap.com/images/user/1073/bangumi/437593/points/vc0tsrg9i-1746539833081.jpg",
        "location": "粟島",
        "point_id": "vc0tsrg9i",
        "point_name": "民宿源左エ門",
        "remark": ""
      },
      "type": "Feature"
    },
    {
      "geometry": {
        "coordinates": [
          139.221338,
          38.447502
        ],
        "type": "Point"
      },
      "properties": {
        "bangumi_id": 437593,
        "bangumi_title": "杂旅-That's Journey-",
        "ep_cut": 5,
        "image_url": "https://w.junreimap.com/images/user/1073/bangumi/437593/points/vc0xay5pc-1746540049607.jpg",
        "location": "粟島",
        "point_id": "vc0xay5pc",
        "point_name": "釜谷海岸",
        "remark": ""
      },
      "type": "Feature"
    },
    {
      "geometry": {
        "coordinates": [
          139.214335,
          38.438569
        ],
        "type": "Point"
      },
      "properties": {
        "bangumi_id": 437593,
        "bangumi_title": "杂旅-That's Journey-",
        "ep_cut": 5,
        "image_url": "https://w.junreimap.com/images/user/1073/bangumi/437593/points/vc1a54zga-1746540811091.jpg",
        "location": "粟島",
        "point_id": "vc1a54zga",
        "point_name": "八幡鼻",
        "remark": ""
      },
      "type": "Feature"
    },
    {
      "geometry": {
        "coordinates": [
          139.223985,
          38.437271
        ],
        "type": "Point"
      },
      "properties": {
        "bangumi_id": 437593,
        "bangumi_title": "杂旅-That's Journey-",
        "ep_cut": 5,
        "image_url": "https://w.junreimap.com/images/user/1073/bangumi/437593/points/vc16qlkej-1746540640975.jpg",
        "location": "粟島",
        "point_id": "vc16qlkej",
        "point_name": "矢ヶ鼻展望台",
        "remark": ""
      },
      "type": "Feature"
    },
    {
      "geometry": {
        "coordinates": [
          139.248016,
          38.455822
        ],
        "type": "Point"
      },
      "properties": {
        "bangumi_id": 437593,
        "bangumi_title": "杂旅-That's Journey-",
        "ep_cut": 5,
        "image_url": "https://w.junreimap.com/images/user/1073/bangumi/437593/points/vc179ybff-1746540664647.jpg",
        "location": "粟島",
        "point_id": "vc179ybff",
        "point_name": "あわしま牧場",
        "remark": ""
      },
      "type": "Feature"
    },
    {
      "geometry": {
        "coordinates": [
          139.253192,
          38.464756
        ],
        "type": "Point"
      },
      "properties": {
        "bangumi_id": 437593,
        "bangumi_title": "杂旅-That's Journey-",
        "ep_cut": 5,
        "image_url": "https://w.junreimap.com/images/user/1073/bangumi/437593/points/vc1b5k8zb-1746540870052.jpg",
        "location": "粟島",
        "point_id": "vc1b5k8zb",
        "point_name": "食堂・​民宿​あわしま​屋",
        "remark": "ありが鯛"
      },
      "type": "Feature"
    },
    {
      "geometry": {
        "coordinates": [
          139.254902,
          38.468772
        ],
        "type": "Point"
      },
      "properties": {
        "bangumi_id": 437593,
        "bangumi_title": "杂旅-That's Journey-",
        "ep_cut": 5,
        "image_url": "https://w.junreimap.com/images/user/1073/bangumi/437593/points/vc1ckpjzf-1746540960156.jpg",
        "location": "粟島",
        "point_id": "vc1ckpjzf",
        "point_name": "漁火​温泉​お​と​姫​の​湯",
        "remark": ""
      },
      "type": "Feature"
    },
    {
      "geometry": {
        "coordinates": [
          139.263434,
          38.487673
        ],
        "type": "Point"
      },
      "properties": {
        "bangumi_id": 437593,
        "bangumi_title": "杂旅-That's Journey-",
        "ep_cut": 6,
        "image_url": "https://w.junreimap.com/images/points/437593/21ro111_1751470877409.jpg",
        "location": "粟島",
        "point_id": "21ro111",
        "point_name": "鳥崎展望台",
        "remark": ""
      },
      "type": "Feature"
    },
    {
      "geometry": {
        "coordinates": [
          139.70058,
          35.659052
        ],
        "type": "Point"
      },
      "properties": {
        "bangumi_id": 437593,
        "bangumi_title": "杂旅-That's Journey-",
        "ep_cut": 6,
        "image_url": "https://w.junreimap.com/images/points/437593/21rq9p3_1751473330758.jpg",
        "location": "涩谷＆新宿",
        "point_id": "21rq9p3",
        "point_name": "忠犬ハチ公",
        "remark": ""
      },
      "type": "Feature"
    },
    {
      "geometry": {
        "coordinates": [
          139.700493,
          35.659466
        ],
        "type": "Point"
      },
      "properties": {
        "bangumi_id": 437593,
        "bangumi_title": "杂旅-That's Journey-",
        "ep_cut": 6,
        "image_url": "https://w.junreimap.com/images/points/437593/21rqylt_1751473351943.jpg",
        "location": "涩谷＆新宿",
        "point_id": "21rqylt",
        "point_name": "渋谷駅前",
        "remark": ""
      },
      "type": "Feature"
    },
    {
      "geometry": {
        "coordinates": [
          139.701955,
          35.658491
        ],
        "type": "Point"
      },
      "properties": {
        "bangumi_id": 437593,
        "bangumi_title": "杂旅-That's Journey-",
        "ep_cut": 6,
        "image_url": "https://w.junreimap.com/images/points/437593/21rw8be_1751473371406.jpg",
        "location": "",
        "point_id": "21rw8be",
        "point_name": "渋谷SKY",
        "remark": ""
      },
      "type": "Feature"
    },
    {
      "geometry": {
        "coordinates": [
          139.702381,
          35.658609
        ],
        "type": "Point"
      },
      "properties": {
        "bangumi_id": 437593,
        "bangumi_title": "杂旅-That's Journey-",
        "ep_cut": 6,
        "image_url": "https://w.junreimap.com/images/points/437593/21ryznm_1751473395554.jpg",
        "location": "",
        "point_id": "21ryznm",
        "point_name": "渋谷SKY 2",
        "remark": ""
      },
      "type": "Feature"
    },
    {
      "geometry": {
        "coordinates": [
          139.702135,
          35.658329
        ],
        "type": "Point"
      },
      "properties": {
        "bangumi_id": 437593,
        "bangumi_title": "杂旅-That's Journey-",
        "ep_cut": 6,
        "image_url": "https://w.junreimap.com/images/points/437593/21s09aq_1751473425697.jpg",
        "location": "",
        "point_id": "21s09aq",
        "point_name": "渋谷SKY 3",
        "remark": ""
      },
      "type": "Feature"
    },
    {
      "geometry": {
        "coordinates": [
          139.702,
          35.658428
        ],
        "type": "Point"
      },
      "properties": {
        "bangumi_id": 437593,
        "bangumi_title": "杂旅-That's Journey-",
        "ep_cut": 6,
        "image_url": "https://w.junreimap.com/images/points/437593/21s3w63_1751473462192.jpg",
        "location": "",
        "point_id": "21s3w63",
        "point_name": "渋谷SKY 4",
        "remark": ""
      },
      "type": "Feature"
    },
    {
      "geometry": {
        "coordinates": [
          139.702272,
          35.658364
        ],
        "type": "Point"
      },
      "properties": {
        "bangumi_id": 437593,
        "bangumi_title": "杂旅-That's Journey-",
        "ep_cut": 6,
        "image_url": "https://w.junreimap.com/images/points/437593/21s43js_1751473479286.jpg",
        "location": "",
        "point_id": "21s43js",
        "point_name": "渋谷SKY 5",
        "remark": ""
      },
      "type": "Feature"
    },
    {
      "geometry": {
        "coordinates": [
          139.701968,
          35.659021
        ],
        "type": "Point"
      },
      "properties": {
        "bangumi_id": 437593,
        "bangumi_title": "杂旅-That's Journey-",
        "ep_cut": 6,
        "image_url": "https://w.junreimap.com/images/points/437593/21tswat_1751474556838.jpg",
        "location": "",
        "point_id": "21tswat",
        "point_name": "渋谷SKY 大楼",
        "remark": ""
      },
      "type": "Feature"
    },
    {
      "geometry": {
        "coordinates": [
          139.701656,
          35.660207
        ],
        "type": "Point"
      },
      "properties": {
        "bangumi_id": 437593,
        "bangumi_title": "杂旅-That's Journey-",
        "ep_cut": 6,
        "image_url": "https://w.junreimap.com/images/points/437593/21sc4tp_1751473525134.jpg",
        "location": "涩谷＆新宿",
        "point_id": "21sc4tp",
        "point_name": "宮下公園",
        "remark": "水母最后一话的舞台"
      },
      "type": "Feature"
    },
    {
      "geometry": {
        "coordinates": [
          139.701637,
          35.660324
        ],
        "type": "Point"
      },
      "properties": {
        "bangumi_id": 437593,
        "bangumi_title": "杂旅-That's Journey-",
        "ep_cut": 6,
        "image_url": "https://w.junreimap.com/images/points/437593/21sdj88_1751473567646.jpg",
        "location": "涩谷＆新宿",
        "point_id": "21sdj88",
        "point_name": "宮下公園 扶梯",
        "remark": "水母的名场面"
      },
      "type": "Feature"
    },
    {
      "geometry": {
        "coordinates": [
          139.701674,
          35.660424
        ],
        "type": "Point"
      },
      "properties": {
        "bangumi_id": 437593,
        "bangumi_title": "杂旅-That's Journey-",
        "ep_cut": 6,
        "image_url": "https://w.junreimap.com/images/points/437593/21sfold_1751473654125.jpg",
        "location": "涩谷＆新宿",
        "point_id": "21sfold",
        "point_name": "宮下公園 扶梯顶",
        "remark": ""
      },
      "type": "Feature"
    },
    {
      "geometry": {
        "coordinates": [
          139.701676,
          35.66102
        ],
        "type": "Point"
      },
      "properties": {
        "bangumi_id": 437593,
        "bangumi_title": "杂旅-That's Journey-",
        "ep_cut": 6,
        "image_url": "https://w.junreimap.com/images/points/437593/21sr9jg_1751473833464.jpg",
        "location": "涩谷＆新宿",
        "point_id": "21sr9jg",
        "point_name": "宮下公園 ボルダリングワール",
        "remark": ""
      },
      "type": "Feature"
    },
    {
      "geometry": {
        "coordinates": [
          139.701737,
          35.661608
        ],
        "type": "Point"
      },
      "properties": {
        "bangumi_id": 437593,
        "bangumi_title": "杂旅-That's Journey-",
        "ep_cut": 6,
        "image_url": "https://w.junreimap.com/images/points/437593/21skqxc_1751473889696.jpg",
        "location": "涩谷＆新宿",
        "point_id": "21skqxc",
        "point_name": "宮下公園 散步道",
        "remark": ""
      },
      "type": "Feature"
    },
    {
      "geometry": {
        "coordinates": [
          139.701728,
          35.661994
        ],
        "type": "Point"
      },
      "properties": {
        "bangumi_id": 437593,
        "bangumi_title": "杂旅-That's Journey-",
        "ep_cut": 6,
        "image_url": "https://w.junreimap.com/images/points/437593/21slp50_1751474161488.jpg",
        "location": "涩谷＆新宿",
        "point_id": "21slp50",
        "point_name": "宮下公園 大阶梯",
        "remark": ""
      },
      "type": "Feature"
    },
    {
      "geometry": {
        "coordinates": [
          139.705919,
          35.668642
        ],
        "type": "Point"
      },
      "properties": {
        "bangumi_id": 437593,
        "bangumi_title": "杂旅-That's Journey-",
        "ep_cut": 6,
        "image_url": "https://w.junreimap.com/images/points/437593/21svaky_1751474246174.jpg",
        "location": "涩谷＆新宿",
        "point_id": "21svaky",
        "point_name": "東急​プラザ​表参道​ 原宿",
        "remark": ""
      },
      "type": "Feature"
    },
    {
      "geometry": {
        "coordinates": [
          139.700917,
          35.669015
        ],
        "type": "Point"
      },
      "properties": {
        "bangumi_id": 437593,
        "bangumi_title": "杂旅-That's Journey-",
        "ep_cut": 6,
        "image_url": "https://w.junreimap.com/images/points/437593/21swr17_1751474336555.jpg",
        "location": "涩谷＆新宿",
        "point_id": "21swr17",
        "point_name": "代々木公園 原宿門",
        "remark": ""
      },
      "type": "Feature"
    },
    {
      "geometry": {
        "coordinates": [
          139.695671,
          35.670425
        ],
        "type": "Point"
      },
      "properties": {
        "bangumi_id": 437593,
        "bangumi_title": "杂旅-That's Journey-",
        "ep_cut": 6,
        "image_url": "https://w.junreimap.com/images/points/437593/21sy9lm_1751474350737.jpg",
        "location": "涩谷＆新宿",
        "point_id": "21sy9lm",
        "point_name": "代々木公園 池",
        "remark": ""
      },
      "type": "Feature"
    },
    {
      "geometry": {
        "coordinates": [
          139.691178,
          35.689356
        ],
        "type": "Point"
      },
      "properties": {
        "bangumi_id": 437593,
        "bangumi_title": "杂旅-That's Journey-",
        "ep_cut": 6,
        "image_url": "https://w.junreimap.com/images/points/437593/21szbnm_1751474367252.jpg",
        "location": "涩谷＆新宿",
        "point_id": "21szbnm",
        "point_name": "東京都庁",
        "remark": "「朱甲容」前"
      },
      "type": "Feature"
    },
    {
      "geometry": {
        "coordinates": [
          139.691814,
          35.689038
        ],
        "type": "Point"
      },
      "properties": {
        "bangumi_id": 437593,
        "bangumi_title": "杂旅-That's Journey-",
        "ep_cut": 6,
        "image_url": "https://w.junreimap.com/images/points/437593/21szt22_1751474381235.jpg",
        "location": "涩谷＆新宿",
        "point_id": "21szt22",
        "point_name": "東京都庁 南展望室",
        "remark": ""
      },
      "type": "Feature"
    },
    {
      "geometry": {
        "coordinates": [
          139.691838,
          35.688939
        ],
        "type": "Point"
      },
      "properties": {
        "bangumi_id": 437593,
        "bangumi_title": "杂旅-That's Journey-",
        "ep_cut": 6,
        "image_url": "https://w.junreimap.com/images/points/437593/21ts3kk_1751474422615.jpg",
        "location": "涩谷＆新宿",
        "point_id": "21ts3kk",
        "point_name": "東京都庁 南展望室 夜景",
        "remark": ""
      },
      "type": "Feature"
    },
    {
      "geometry": {
        "coordinates": [
          136.59585,
          34.833235
        ],
        "type": "Point"
      },
      "properties": {
        "bangumi_id": 437593,
        "bangumi_title": "杂旅-That's Journey-",
        "ep_cut": 7,
        "image_url": "https://w.junreimap.com/images/user/1073/bangumi/437593/points/gkxmv9-1748013012246.jpg",
        "location": "伊勢",
        "point_id": "gkxmv9",
        "point_name": "白子海岸",
        "remark": "可以看到海对面的中部国际机场"
      },
      "type": "Feature"
    },
    {
      "geometry": {
        "coordinates": [
          136.591971,
          34.827707
        ],
        "type": "Point"
      },
      "properties": {
        "bangumi_id": 437593,
        "bangumi_title": "杂旅-That's Journey-",
        "ep_cut": 7,
        "image_url": "https://w.junreimap.com/images/user/1073/bangumi/437593/points/gl27q0-1748013195425.jpg",
        "location": "伊勢",
        "point_id": "gl27q0",
        "point_name": "鈴鹿市​漁業​協同​組合​直販所​ 魚​魚​鈴",
        "remark": ""
      },
      "type": "Feature"
    },
    {
      "geometry": {
        "coordinates": [
          136.709288,
          34.490675
        ],
        "type": "Point"
      },
      "properties": {
        "bangumi_id": 437593,
        "bangumi_title": "杂旅-That's Journey-",
        "ep_cut": 7,
        "image_url": "https://w.junreimap.com/images/user/1073/bangumi/437593/points/gl7l8s-1748013458159.jpg",
        "location": "伊勢",
        "point_id": "gl7l8s",
        "point_name": "伊勢市駅 鳥居",
        "remark": ""
      },
      "type": "Feature"
    },
    {
      "geometry": {
        "coordinates": [
          136.707171,
          34.488424
        ],
        "type": "Point"
      },
      "properties": {
        "bangumi_id": 437593,
        "bangumi_title": "杂旅-That's Journey-",
        "ep_cut": 7,
        "image_url": "https://w.junreimap.com/images/user/1073/bangumi/437593/points/glbwxi-1748013764752.jpg",
        "location": "伊勢",
        "point_id": "glbwxi",
        "point_name": "若松屋",
        "remark": "飛龍頭（鱼浆炸豆泡）\n此处应为若松屋 外宮前店"
      },
      "type": "Feature"
    },
    {
      "geometry": {
        "coordinates": [
          136.706169,
          34.487171
        ],
        "type": "Point"
      },
      "properties": {
        "bangumi_id": 437593,
        "bangumi_title": "杂旅-That's Journey-",
        "ep_cut": 7,
        "image_url": "https://w.junreimap.com/images/user/1073/bangumi/437593/points/gljiyx-1748014031162.jpg",
        "location": "伊勢",
        "point_id": "gljiyx",
        "point_name": "伊勢神宮(外宮)",
        "remark": "火除橋"
      },
      "type": "Feature"
    },
    {
      "geometry": {
        "coordinates": [
          136.723218,
          34.458746
        ],
        "type": "Point"
      },
      "properties": {
        "bangumi_id": 437593,
        "bangumi_title": "杂旅-That's Journey-",
        "ep_cut": 7,
        "image_url": "https://w.junreimap.com/images/user/1073/bangumi/437593/points/glpkis-1748014329977.jpg",
        "location": "伊勢",
        "point_id": "glpkis",
        "point_name": "伊勢神宮 宇治橋",
        "remark": ""
      },
      "type": "Feature"
    },
    {
      "geometry": {
        "coordinates": [
          136.721808,
          34.455932
        ],
        "type": "Point"
      },
      "properties": {
        "bangumi_id": 437593,
        "bangumi_title": "杂旅-That's Journey-",
        "ep_cut": 7,
        "image_url": "https://w.junreimap.com/images/user/1073/bangumi/437593/points/gln7ob-1748014199142.jpg",
        "location": "伊勢",
        "point_id": "gln7ob",
        "point_name": "五十鈴川 御手洗場",
        "remark": ""
      },
      "type": "Feature"
    },
    {
      "geometry": {
        "coordinates": [
          136.72325,
          34.455419
        ],
        "type": "Point"
      },
      "properties": {
        "bangumi_id": 437593,
        "bangumi_title": "杂旅-That's Journey-",
        "ep_cut": 7,
        "image_url": "https://w.junreimap.com/images/user/1073/bangumi/437593/points/glwbee-1748014603863.jpg",
        "location": "伊勢",
        "point_id": "glwbee",
        "point_name": "伊勢神宮 内宮神楽殿",
        "remark": ""
      },
      "type": "Feature"
    },
    {
      "geometry": {
        "coordinates": [
          136.725173,
          34.454635
        ],
        "type": "Point"
      },
      "properties": {
        "bangumi_id": 437593,
        "bangumi_title": "杂旅-That's Journey-",
        "ep_cut": 7,
        "image_url": "https://w.junreimap.com/images/user/1073/bangumi/437593/points/glz91z-1748014788666.jpg",
        "location": "伊勢",
        "point_id": "glz91z",
        "point_name": "内宮 皇大神宮前",
        "remark": "外玉垣南御門"
      },
      "type": "Feature"
    },
    {
      "geometry": {
        "coordinates": [
          136.723279,
          34.459726
        ],
        "type": "Point"
      },
      "properties": {
        "bangumi_id": 437593,
        "bangumi_title": "杂旅-That's Journey-",
        "ep_cut": 7,
        "image_url": "https://w.junreimap.com/images/user/1073/bangumi/437593/points/gm6kkf-1748015079718.jpg",
        "location": "伊勢",
        "point_id": "gm6kkf",
        "point_name": "岩戸屋",
        "remark": "和菓子店"
      },
      "type": "Feature"
    },
    {
      "geometry": {
        "coordinates": [
          136.723429,
          34.460929
        ],
        "type": "Point"
      },
      "properties": {
        "bangumi_id": 437593,
        "bangumi_title": "杂旅-That's Journey-",
        "ep_cut": 7,
        "image_url": "https://w.junreimap.com/images/user/1073/bangumi/437593/points/gm9qq1-1748015245057.jpg",
        "location": "伊勢",
        "point_id": "gm9qq1",
        "point_name": "(有)​白鷹​三宅​商店",
        "remark": "酒屋"
      },
      "type": "Feature"
    },
    {
      "geometry": {
        "coordinates": [
          136.723532,
          34.46264
        ],
        "type": "Point"
      },
      "properties": {
        "bangumi_id": 437593,
        "bangumi_title": "杂旅-That's Journey-",
        "ep_cut": 7,
        "image_url": "https://w.junreimap.com/images/user/1073/bangumi/437593/points/gmbx4x-1748015361881.jpg",
        "location": "伊勢",
        "point_id": "gmbx4x",
        "point_name": "赤福本店",
        "remark": "赤福餅"
      },
      "type": "Feature"
    },
    {
      "geometry": {
        "coordinates": [
          136.843668,
          34.486038
        ],
        "type": "Point"
      },
      "properties": {
        "bangumi_id": 437593,
        "bangumi_title": "杂旅-That's Journey-",
        "ep_cut": 7,
        "image_url": "https://w.junreimap.com/images/user/1073/bangumi/437593/points/gmkh6s-1748015748879.jpg",
        "location": "伊勢",
        "point_id": "gmkh6s",
        "point_name": "JR鳥羽駅前　金刀比羅神社大鳥居",
        "remark": ""
      },
      "type": "Feature"
    },
    {
      "geometry": {
        "coordinates": [
          136.843892,
          34.484718
        ],
        "type": "Point"
      },
      "properties": {
        "bangumi_id": 437593,
        "bangumi_title": "杂旅-That's Journey-",
        "ep_cut": 7,
        "image_url": "https://w.junreimap.com/images/user/1073/bangumi/437593/points/gmmtv5-1748015837301.jpg",
        "location": "伊勢",
        "point_id": "gmmtv5",
        "point_name": "旅館 海月",
        "remark": ""
      },
      "type": "Feature"
    },
    {
      "geometry": {
        "coordinates": [
          136.852052,
          34.467335
        ],
        "type": "Point"
      },
      "properties": {
        "bangumi_id": 437593,
        "bangumi_title": "杂旅-That's Journey-",
        "ep_cut": 7,
        "image_url": "https://w.junreimap.com/images/user/1073/bangumi/437593/points/gmpc6m-1748015954344.jpg",
        "location": "伊勢",
        "point_id": "gmpc6m",
        "point_name": "みなと食堂",
        "remark": "海鲜"
      },
      "type": "Feature"
    },
    {
      "geometry": {
        "coordinates": [
          136.777156,
          34.50393
        ],
        "type": "Point"
      },
      "properties": {
        "bangumi_id": 437593,
        "bangumi_title": "杂旅-That's Journey-",
        "ep_cut": 7,
        "image_url": "https://w.junreimap.com/images/points/437593/gnbdx1_1748016980270.jpg",
        "location": "伊勢",
        "point_id": "gnbdx1",
        "point_name": "二見浦駅",
        "remark": ""
      },
      "type": "Feature"
    },
    {
      "geometry": {
        "coordinates": [
          136.788315,
          34.509388
        ],
        "type": "Point"
      },
      "properties": {
        "bangumi_id": 437593,
        "bangumi_title": "杂旅-That's Journey-",
        "ep_cut": 7,
        "image_url": "https://w.junreimap.com/images/user/1073/bangumi/437593/points/gmsx67-1748016118584.jpg",
        "location": "伊勢",
        "point_id": "gmsx67",
        "point_name": "夫婦岩",
        "remark": ""
      },
      "type": "Feature"
    },
    {
      "geometry": {
        "coordinates": [
          132.303009,
          34.311968
        ],
        "type": "Point"
      },
      "properties": {
        "bangumi_id": 437593,
        "bangumi_title": "杂旅-That's Journey-",
        "ep_cut": 8,
        "image_url": "https://w.junreimap.com/images/user/1073/bangumi/437593/points/m3o8o2-1748346801772.jpg",
        "location": "宮島",
        "point_id": "m3o8o2",
        "point_name": "宮島口駅",
        "remark": ""
      },
      "type": "Feature"
    },
    {
      "geometry": {
        "coordinates": [
          132.304944,
          34.311124
        ],
        "type": "Point"
      },
      "properties": {
        "bangumi_id": 437593,
        "bangumi_title": "杂旅-That's Journey-",
        "ep_cut": 8,
        "image_url": "https://w.junreimap.com/images/user/1073/bangumi/437593/points/m3wbc0-1748347167624.jpg",
        "location": "宮島",
        "point_id": "m3wbc0",
        "point_name": "宮島口​旅客​ターミナル",
        "remark": ""
      },
      "type": "Feature"
    },
    {
      "geometry": {
        "coordinates": [
          132.30346,
          34.311472
        ],
        "type": "Point"
      },
      "properties": {
        "bangumi_id": 437593,
        "bangumi_title": "杂旅-That's Journey-",
        "ep_cut": 8,
        "image_url": "https://w.junreimap.com/images/user/1073/bangumi/437593/points/m404ia-1748347341355.jpg",
        "location": "宮島",
        "point_id": "m404ia",
        "point_name": "あ​なごめ​し​うえ​の",
        "remark": "星鳗饭"
      },
      "type": "Feature"
    },
    {
      "geometry": {
        "coordinates": [
          132.319029,
          34.297312
        ],
        "type": "Point"
      },
      "properties": {
        "bangumi_id": 437593,
        "bangumi_title": "杂旅-That's Journey-",
        "ep_cut": 8,
        "image_url": "https://w.junreimap.com/images/user/1093/bangumi/437593/points/m4e6xx-1752247804052.jpg",
        "location": "宮島",
        "point_id": "m4e6xx",
        "point_name": "宮島 大鳥居",
        "remark": ""
      },
      "type": "Feature"
    },
    {
      "geometry": {
        "coordinates": [
          132.319741,
          34.296049
        ],
        "type": "Point"
      },
      "properties": {
        "bangumi_id": 437593,
        "bangumi_title": "杂旅-That's Journey-",
        "ep_cut": 8,
        "image_url": "https://w.junreimap.com/images/user/1073/bangumi/437593/points/m4hkf7-1748348169498.jpg",
        "location": "宮島",
        "point_id": "m4hkf7",
        "point_name": "厳島神社",
        "remark": ""
      },
      "type": "Feature"
    },
    {
      "geometry": {
        "coordinates": [
          132.31641,
          34.296385
        ],
        "type": "Point"
      },
      "properties": {
        "bangumi_id": 437593,
        "bangumi_title": "杂旅-That's Journey-",
        "ep_cut": 8,
        "image_url": "https://w.junreimap.com/images/user/1073/bangumi/437593/points/m4vvji-1748348825210.jpg",
        "location": "宮島",
        "point_id": "m4vvji",
        "point_name": "清盛神社",
        "remark": "有鹿"
      },
      "type": "Feature"
    },
    {
      "geometry": {
        "coordinates": [
          132.318829,
          34.292597
        ],
        "type": "Point"
      },
      "properties": {
        "bangumi_id": 437593,
        "bangumi_title": "杂旅-That's Journey-",
        "ep_cut": 8,
        "image_url": "https://w.junreimap.com/images/user/1073/bangumi/437593/points/m4wuc6-1748348921362.jpg",
        "location": "宮島",
        "point_id": "m4wuc6",
        "point_name": "大聖院仁王門",
        "remark": ""
      },
      "type": "Feature"
    },
    {
      "geometry": {
        "coordinates": [
          132.318781,
          34.292373
        ],
        "type": "Point"
      },
      "properties": {
        "bangumi_id": 437593,
        "bangumi_title": "杂旅-That's Journey-",
        "ep_cut": 8,
        "image_url": "https://w.junreimap.com/images/user/1073/bangumi/437593/points/m542mc-1748349296900.jpg",
        "location": "宮島",
        "point_id": "m542mc",
        "point_name": "大聖院 マニ車",
        "remark": "设在仁王门、御成门的阶梯之间"
      },
      "type": "Feature"
    },
    {
      "geometry": {
        "coordinates": [
          132.318557,
          34.291176
        ],
        "type": "Point"
      },
      "properties": {
        "bangumi_id": 437593,
        "bangumi_title": "杂旅-That's Journey-",
        "ep_cut": 8,
        "image_url": "https://w.junreimap.com/images/user/1073/bangumi/437593/points/m50rd0-1748349064973.jpg",
        "location": "宮島",
        "point_id": "m50rd0",
        "point_name": "大聖院 遍照窟",
        "remark": "在大师堂地下，存有四国八十八寺的香土"
      },
      "type": "Feature"
    },
    {
      "geometry": {
        "coordinates": [
          132.32083,
          34.297692
        ],
        "type": "Point"
      },
      "properties": {
        "bangumi_id": 437593,
        "bangumi_title": "杂旅-That's Journey-",
        "ep_cut": 8,
        "image_url": "https://w.junreimap.com/images/user/1073/bangumi/437593/points/m5a157-1748349480378.jpg",
        "location": "宮島",
        "point_id": "m5a157",
        "point_name": "本店紅葉堂",
        "remark": "炸红叶馒头"
      },
      "type": "Feature"
    },
    {
      "geometry": {
        "coordinates": [
          132.55822,
          34.244382
        ],
        "type": "Point"
      },
      "properties": {
        "bangumi_id": 437593,
        "bangumi_title": "杂旅-That's Journey-",
        "ep_cut": 8,
        "image_url": "https://w.junreimap.com/images/user/1093/bangumi/437593/points/u2yn4d-1752248590425.jpg",
        "location": "呉",
        "point_id": "u2yn4d",
        "point_name": "呉駅",
        "remark": "位于吴站二层东南侧的天桥出入口"
      },
      "type": "Feature"
    },
    {
      "geometry": {
        "coordinates": [
          132.555421,
          34.241978
        ],
        "type": "Point"
      },
      "properties": {
        "bangumi_id": 437593,
        "bangumi_title": "杂旅-That's Journey-",
        "ep_cut": 8,
        "image_url": "https://w.junreimap.com/images/user/1073/bangumi/437593/points/u36qyd-1748829701460.jpg",
        "location": "呉",
        "point_id": "u36qyd",
        "point_name": "海上自衛隊呉史料館",
        "remark": "潜水艦「あきしお」"
      },
      "type": "Feature"
    },
    {
      "geometry": {
        "coordinates": [
          132.555951,
          34.241522
        ],
        "type": "Point"
      },
      "properties": {
        "bangumi_id": 437593,
        "bangumi_title": "杂旅-That's Journey-",
        "ep_cut": 8,
        "image_url": "https://w.junreimap.com/images/user/1073/bangumi/437593/points/u3f984-1748830106000.jpg",
        "location": "呉",
        "point_id": "u3f984",
        "point_name": "戦艦「陸奥」の主砲",
        "remark": ""
      },
      "type": "Feature"
    },
    {
      "geometry": {
        "coordinates": [
          132.55615,
          34.241217
        ],
        "type": "Point"
      },
      "properties": {
        "bangumi_id": 437593,
        "bangumi_title": "杂旅-That's Journey-",
        "ep_cut": 8,
        "image_url": "https://w.junreimap.com/images/user/1073/bangumi/437593/points/u3idqg-1748830279699.jpg",
        "location": "呉",
        "point_id": "u3idqg",
        "point_name": "大和ミュージアム（呉市海事歴史科学館）",
        "remark": "来年の2026年3月末まで、リニューアル工事のため休館中"
      },
      "type": "Feature"
    },
    {
      "geometry": {
        "coordinates": [
          132.556512,
          34.240796
        ],
        "type": "Point"
      },
      "properties": {
        "bangumi_id": 437593,
        "bangumi_title": "杂旅-That's Journey-",
        "ep_cut": 8,
        "image_url": "https://w.junreimap.com/images/user/1073/bangumi/437593/points/u3avpn-1748829894864.jpg",
        "location": "呉",
        "point_id": "u3avpn",
        "point_name": "呉中央桟橋ターミナル",
        "remark": ""
      },
      "type": "Feature"
    },
    {
      "geometry": {
        "coordinates": [
          132.555327,
          34.240069
        ],
        "type": "Point"
      },
      "properties": {
        "bangumi_id": 437593,
        "bangumi_title": "杂旅-That's Journey-",
        "ep_cut": 8,
        "image_url": "https://w.junreimap.com/images/user/1073/bangumi/437593/points/u3w82w-1748830892020.jpg",
        "location": "呉",
        "point_id": "u3w82w",
        "point_name": "呉湾艦船めぐり",
        "remark": ""
      },
      "type": "Feature"
    },
    {
      "geometry": {
        "coordinates": [
          132.547418,
          34.233085
        ],
        "type": "Point"
      },
      "properties": {
        "bangumi_id": 437593,
        "bangumi_title": "杂旅-That's Journey-",
        "ep_cut": 8,
        "image_url": "https://w.junreimap.com/images/user/1073/bangumi/437593/points/u3zjca-1748831071152.jpg",
        "location": "呉",
        "point_id": "u3zjca",
        "point_name": "呉港基地",
        "remark": "乘坐「呉湾艦船めぐり」可以看到部分舰船（图为DD-113さざなみ、LST-4002しもきた）"
      },
      "type": "Feature"
    },
    {
      "geometry": {
        "coordinates": [
          132.557478,
          34.241465
        ],
        "type": "Point"
      },
      "properties": {
        "bangumi_id": 437593,
        "bangumi_title": "杂旅-That's Journey-",
        "ep_cut": 8,
        "image_url": "https://w.junreimap.com/images/user/1073/bangumi/437593/points/u47dxi-1748831411336.jpg",
        "location": "呉",
        "point_id": "u47dxi",
        "point_name": "呉ハイカラ食堂",
        "remark": "铁板咖喱"
      },
      "type": "Feature"
    },
    {
      "geometry": {
        "coordinates": [
          133.19365,
          34.404729
        ],
        "type": "Point"
      },
      "properties": {
        "bangumi_id": 437593,
        "bangumi_title": "杂旅-That's Journey-",
        "ep_cut": 8,
        "image_url": "https://w.junreimap.com/images/user/1073/bangumi/437593/points/u48wrp-1748831484096.jpg",
        "location": "尾道",
        "point_id": "u48wrp",
        "point_name": "尾道駅",
        "remark": ""
      },
      "type": "Feature"
    },
    {
      "geometry": {
        "coordinates": [
          133.197137,
          34.410719
        ],
        "type": "Point"
      },
      "properties": {
        "bangumi_id": 437593,
        "bangumi_title": "杂旅-That's Journey-",
        "ep_cut": 8,
        "image_url": "https://w.junreimap.com/images/user/1073/bangumi/437593/points/1cqa3xk-1749956883590.jpg",
        "location": "尾道",
        "point_id": "1cqa3xk",
        "point_name": "千光寺頂上展望台 peak前",
        "remark": ""
      },
      "type": "Feature"
    },
    {
      "geometry": {
        "coordinates": [
          133.197446,
          34.410685
        ],
        "type": "Point"
      },
      "properties": {
        "bangumi_id": 437593,
        "bangumi_title": "杂旅-That's Journey-",
        "ep_cut": 8,
        "image_url": "https://w.junreimap.com/images/user/1073/bangumi/437593/points/1cq5fvc-1749956671612.jpg",
        "location": "尾道",
        "point_id": "1cq5fvc",
        "point_name": "千光寺頂上展望台 peak",
        "remark": ""
      },
      "type": "Feature"
    },
    {
      "geometry": {
        "coordinates": [
          133.196028,
          34.405771
        ],
        "type": "Point"
      },
      "properties": {
        "bangumi_id": 437593,
        "bangumi_title": "杂旅-That's Journey-",
        "ep_cut": 8,
        "image_url": "https://w.junreimap.com/images/user/1073/bangumi/437593/points/1cqeqck-1749957093625.jpg",
        "location": "尾道",
        "point_id": "1cqeqck",
        "point_name": "日乃出食堂",
        "remark": "尾道拉面"
      },
      "type": "Feature"
    },
    {
      "geometry": {
        "coordinates": [
          140.859133,
          40.675901
        ],
        "type": "Point"
      },
      "properties": {
        "bangumi_id": 437593,
        "bangumi_title": "杂旅-That's Journey-",
        "ep_cut": 9,
        "image_url": "https://w.junreimap.com/images/user/1073/bangumi/437593/points/15rewj0-1749535540389.jpg",
        "location": "八甲田山",
        "point_id": "15rewj0",
        "point_name": "山頂公園駅",
        "remark": ""
      },
      "type": "Feature"
    },
    {
      "geometry": {
        "coordinates": [
          140.860307,
          40.675652
        ],
        "type": "Point"
      },
      "properties": {
        "bangumi_id": 437593,
        "bangumi_title": "杂旅-That's Journey-",
        "ep_cut": 9,
        "image_url": "https://w.junreimap.com/images/user/1073/bangumi/437593/points/15rsxe9-1749536184064.jpg",
        "location": "八甲田山",
        "point_id": "15rsxe9",
        "point_name": "八甲田山山頂公園",
        "remark": "从山上看山下"
      },
      "type": "Feature"
    },
    {
      "geometry": {
        "coordinates": [
          140.863707,
          40.67396
        ],
        "type": "Point"
      },
      "properties": {
        "bangumi_id": 437593,
        "bangumi_title": "杂旅-That's Journey-",
        "ep_cut": 9,
        "image_url": "https://w.junreimap.com/images/user/1073/bangumi/437593/points/15s5xkc-1749536824417.jpg",
        "location": "八甲田山",
        "point_id": "15s5xkc",
        "point_name": "田茂萢湿原",
        "remark": "田茂萢（たもやち）"
      },
      "type": "Feature"
    },
    {
      "geometry": {
        "coordinates": [
          140.831821,
          40.680803
        ],
        "type": "Point"
      },
      "properties": {
        "bangumi_id": 437593,
        "bangumi_title": "杂旅-That's Journey-",
        "ep_cut": 9,
        "image_url": "https://w.junreimap.com/images/user/1073/bangumi/437593/points/15reykt-1749535580175.jpg",
        "location": "八甲田山",
        "point_id": "15reykt",
        "point_name": "山麓駅",
        "remark": ""
      },
      "type": "Feature"
    },
    {
      "geometry": {
        "coordinates": [
          140.924624,
          40.632965
        ],
        "type": "Point"
      },
      "properties": {
        "bangumi_id": 437593,
        "bangumi_title": "杂旅-That's Journey-",
        "ep_cut": 9,
        "image_url": "https://w.junreimap.com/images/user/1073/bangumi/437593/points/15rnmwn-1749535940801.jpg",
        "location": "八甲田山",
        "point_id": "15rnmwn",
        "point_name": "谷地温泉",
        "remark": ""
      },
      "type": "Feature"
    },
    {
      "geometry": {
        "coordinates": [
          141.189815,
          41.283126
        ],
        "type": "Point"
      },
      "properties": {
        "bangumi_id": 437593,
        "bangumi_title": "杂旅-That's Journey-",
        "ep_cut": 9,
        "image_url": "https://w.junreimap.com/images/user/1073/bangumi/437593/points/15saqy5-1749537016214.jpg",
        "location": "恐山",
        "point_id": "15saqy5",
        "point_name": "下北駅",
        "remark": ""
      },
      "type": "Feature"
    },
    {
      "geometry": {
        "coordinates": [
          141.189491,
          41.283303
        ],
        "type": "Point"
      },
      "properties": {
        "bangumi_id": 437593,
        "bangumi_title": "杂旅-That's Journey-",
        "ep_cut": 9,
        "image_url": "https://w.junreimap.com/images/user/1073/bangumi/437593/points/15sfccs-1749537232004.jpg",
        "location": "恐山",
        "point_id": "15sfccs",
        "point_name": "下北観光案内所",
        "remark": ""
      },
      "type": "Feature"
    },
    {
      "geometry": {
        "coordinates": [
          141.096249,
          41.326088
        ],
        "type": "Point"
      },
      "properties": {
        "bangumi_id": 437593,
        "bangumi_title": "杂旅-That's Journey-",
        "ep_cut": 9,
        "image_url": "https://w.junreimap.com/images/user/1073/bangumi/437593/points/15t01uf-1749538193851.jpg",
        "location": "恐山",
        "point_id": "15t01uf",
        "point_name": "三途の川",
        "remark": ""
      },
      "type": "Feature"
    },
    {
      "geometry": {
        "coordinates": [
          141.094491,
          41.32644
        ],
        "type": "Point"
      },
      "properties": {
        "bangumi_id": 437593,
        "bangumi_title": "杂旅-That's Journey-",
        "ep_cut": 9,
        "image_url": "https://w.junreimap.com/images/user/1073/bangumi/437593/points/15t3anr-1749538341513.jpg",
        "location": "恐山",
        "point_id": "15t3anr",
        "point_name": "宇曽利山湖",
        "remark": ""
      },
      "type": "Feature"
    },
    {
      "geometry": {
        "coordinates": [
          141.090656,
          41.327086
        ],
        "type": "Point"
      },
      "properties": {
        "bangumi_id": 437593,
        "bangumi_title": "杂旅-That's Journey-",
        "ep_cut": 9,
        "image_url": "https://w.junreimap.com/images/user/1073/bangumi/437593/points/15t6gey-1749538495800.jpg",
        "location": "恐山",
        "point_id": "15t6gey",
        "point_name": "恐山 山门前",
        "remark": ""
      },
      "type": "Feature"
    },
    {
      "geometry": {
        "coordinates": [
          141.09041,
          41.327324
        ],
        "type": "Point"
      },
      "properties": {
        "bangumi_id": 437593,
        "bangumi_title": "杂旅-That's Journey-",
        "ep_cut": 9,
        "image_url": "https://w.junreimap.com/images/user/1073/bangumi/437593/points/15tepg3-1749539126611.jpg",
        "location": "恐山",
        "point_id": "15tepg3",
        "point_name": "恐山  地藏",
        "remark": "山门前"
      },
      "type": "Feature"
    },
    {
      "geometry": {
        "coordinates": [
          141.090402,
          41.327804
        ],
        "type": "Point"
      },
      "properties": {
        "bangumi_id": 437593,
        "bangumi_title": "杂旅-That's Journey-",
        "ep_cut": 9,
        "image_url": "https://w.junreimap.com/images/user/1073/bangumi/437593/points/15tnfvp-1749539325645.jpg",
        "location": "恐山",
        "point_id": "15tnfvp",
        "point_name": "恐山 薬師の湯",
        "remark": "男湯"
      },
      "type": "Feature"
    },
    {
      "geometry": {
        "coordinates": [
          141.085299,
          41.326928
        ],
        "type": "Point"
      },
      "properties": {
        "bangumi_id": 437593,
        "bangumi_title": "杂旅-That's Journey-",
        "ep_cut": 9,
        "image_url": "https://w.junreimap.com/images/user/1073/bangumi/437593/points/15umly5-1749540935124.jpg",
        "location": "恐山",
        "point_id": "15umly5",
        "point_name": "極楽浜",
        "remark": ""
      },
      "type": "Feature"
    },
    {
      "geometry": {
        "coordinates": [
          135.781899,
          33.475442
        ],
        "type": "Point"
      },
      "properties": {
        "bangumi_id": 437593,
        "bangumi_title": "杂旅-That's Journey-",
        "ep_cut": 9,
        "image_url": "https://w.junreimap.com/images/user/1073/bangumi/437593/points/15vbq7a-1749542128368.jpg",
        "location": "串本海岸",
        "point_id": "15vbq7a",
        "point_name": "串本駅",
        "remark": ""
      },
      "type": "Feature"
    },
    {
      "geometry": {
        "coordinates": [
          135.781749,
          33.474581
        ],
        "type": "Point"
      },
      "properties": {
        "bangumi_id": 437593,
        "bangumi_title": "杂旅-That's Journey-",
        "ep_cut": 9,
        "image_url": "https://w.junreimap.com/images/user/1073/bangumi/437593/points/15vfbxr-1749542256630.jpg",
        "location": "串本海岸",
        "point_id": "15vfbxr",
        "point_name": "料理 萬口",
        "remark": "鲣鱼茶泡饭"
      },
      "type": "Feature"
    },
    {
      "geometry": {
        "coordinates": [
          135.754343,
          33.437589
        ],
        "type": "Point"
      },
      "properties": {
        "bangumi_id": 437593,
        "bangumi_title": "杂旅-That's Journey-",
        "ep_cut": 9,
        "image_url": "https://w.junreimap.com/images/user/1073/bangumi/437593/points/17lem5u-1749646365815.jpg",
        "location": "串本海岸",
        "point_id": "17lem5u",
        "point_name": "潮岬灯台",
        "remark": ""
      },
      "type": "Feature"
    },
    {
      "geometry": {
        "coordinates": [
          135.758065,
          33.4371
        ],
        "type": "Point"
      },
      "properties": {
        "bangumi_id": 437593,
        "bangumi_title": "杂旅-That's Journey-",
        "ep_cut": 9,
        "image_url": "https://w.junreimap.com/images/user/1073/bangumi/437593/points/17lh7se-1749646531490.jpg",
        "location": "串本海岸",
        "point_id": "17lh7se",
        "point_name": "和歌山県朝日夕陽百選　潮岬",
        "remark": ""
      },
      "type": "Feature"
    },
    {
      "geometry": {
        "coordinates": [
          135.762162,
          33.436259
        ],
        "type": "Point"
      },
      "properties": {
        "bangumi_id": 437593,
        "bangumi_title": "杂旅-That's Journey-",
        "ep_cut": 9,
        "image_url": "https://w.junreimap.com/images/user/1073/bangumi/437593/points/17lj8rs-1749646598564.jpg",
        "location": "串本海岸",
        "point_id": "17lj8rs",
        "point_name": "本州最南端の碑",
        "remark": ""
      },
      "type": "Feature"
    },
    {
      "geometry": {
        "coordinates": [
          135.761467,
          33.437797
        ],
        "type": "Point"
      },
      "properties": {
        "bangumi_id": 437593,
        "bangumi_title": "杂旅-That's Journey-",
        "ep_cut": 9,
        "image_url": "https://w.junreimap.com/images/user/1073/bangumi/437593/points/17lkkl4-1749646635307.jpg",
        "location": "串本海岸",
        "point_id": "17lkkl4",
        "point_name": "潮岬観光タワー",
        "remark": ""
      },
      "type": "Feature"
    },
    {
      "geometry": {
        "coordinates": [
          135.761694,
          33.436881
        ],
        "type": "Point"
      },
      "properties": {
        "bangumi_id": 437593,
        "bangumi_title": "杂旅-That's Journey-",
        "ep_cut": 9,
        "image_url": "https://w.junreimap.com/images/user/1073/bangumi/437593/points/17lw4ai-1749647199839.jpg",
        "location": "串本海岸",
        "point_id": "17lw4ai",
        "point_name": "潮岬　朝陽",
        "remark": "塔上和公园内都能观赏"
      },
      "type": "Feature"
    },
    {
      "geometry": {
        "coordinates": [
          135.994265,
          33.725181
        ],
        "type": "Point"
      },
      "properties": {
        "bangumi_id": 437593,
        "bangumi_title": "杂旅-That's Journey-",
        "ep_cut": 10,
        "image_url": "https://w.junreimap.com/images/user/1073/bangumi/437593/points/1cqzg3q-1749958059070.jpg",
        "location": "熊野山",
        "point_id": "1cqzg3q",
        "point_name": "新宮駅",
        "remark": ""
      },
      "type": "Feature"
    },
    {
      "geometry": {
        "coordinates": [
          135.994651,
          33.725454
        ],
        "type": "Point"
      },
      "properties": {
        "bangumi_id": 437593,
        "bangumi_title": "杂旅-That's Journey-",
        "ep_cut": 10,
        "image_url": "https://w.junreimap.com/images/user/1073/bangumi/437593/points/1crb56e-1749958639966.jpg",
        "location": "熊野山",
        "point_id": "1crb56e",
        "point_name": "熊野​新宮​観光​案内​センター",
        "remark": ""
      },
      "type": "Feature"
    },
    {
      "geometry": {
        "coordinates": [
          135.775286,
          33.838495
        ],
        "type": "Point"
      },
      "properties": {
        "bangumi_id": 437593,
        "bangumi_title": "杂旅-That's Journey-",
        "ep_cut": 10,
        "image_url": "https://w.junreimap.com/images/user/1073/bangumi/437593/points/1crkytz-1749959071510.jpg",
        "location": "熊野山",
        "point_id": "1crkytz",
        "point_name": "本宮大社前バス停",
        "remark": "从串本駅搭电车与巴士2个半小时，2330円"
      },
      "type": "Feature"
    },
    {
      "geometry": {
        "coordinates": [
          135.774603,
          33.83877
        ],
        "type": "Point"
      },
      "properties": {
        "bangumi_id": 437593,
        "bangumi_title": "杂旅-That's Journey-",
        "ep_cut": 10,
        "image_url": "https://w.junreimap.com/images/user/1073/bangumi/437593/points/1crsy9l-1749959460641.jpg",
        "location": "熊野山",
        "point_id": "1crsy9l",
        "point_name": "熊野本宮大社 大鳥居",
        "remark": ""
      },
      "type": "Feature"
    },
    {
      "geometry": {
        "coordinates": [
          135.774381,
          33.839235
        ],
        "type": "Point"
      },
      "properties": {
        "bangumi_id": 437593,
        "bangumi_title": "杂旅-That's Journey-",
        "ep_cut": 10,
        "image_url": "https://w.junreimap.com/images/user/1073/bangumi/437593/points/1csfs8o-1749960514707.jpg",
        "location": "熊野山",
        "point_id": "1csfs8o",
        "point_name": "熊野本宮大社 参道",
        "remark": ""
      },
      "type": "Feature"
    },
    {
      "geometry": {
        "coordinates": [
          135.774239,
          33.839641
        ],
        "type": "Point"
      },
      "properties": {
        "bangumi_id": 437593,
        "bangumi_title": "杂旅-That's Journey-",
        "ep_cut": 10,
        "image_url": "https://w.junreimap.com/images/user/1073/bangumi/437593/points/1csjh67-1749960682218.jpg",
        "location": "熊野山",
        "point_id": "1csjh67",
        "point_name": "熊野本宮大社 手水舎",
        "remark": ""
      },
      "type": "Feature"
    },
    {
      "geometry": {
        "coordinates": [
          135.7735,
          33.840568
        ],
        "type": "Point"
      },
      "properties": {
        "bangumi_id": 437593,
        "bangumi_title": "杂旅-That's Journey-",
        "ep_cut": 10,
        "image_url": "https://w.junreimap.com/images/user/1073/bangumi/437593/points/1cstdsz-1749961138567.jpg",
        "location": "熊野山",
        "point_id": "1cstdsz",
        "point_name": "熊野本宮大社",
        "remark": ""
      },
      "type": "Feature"
    },
    {
      "geometry": {
        "coordinates": [
          135.774026,
          33.838892
        ],
        "type": "Point"
      },
      "properties": {
        "bangumi_id": 437593,
        "bangumi_title": "杂旅-That's Journey-",
        "ep_cut": 10,
        "image_url": "https://w.junreimap.com/images/user/1073/bangumi/437593/points/1csy77n-1749961358910.jpg",
        "location": "熊野山",
        "point_id": "1csy77n",
        "point_name": "茶房珍重菴 本宮店",
        "remark": "もうで餅（参拜麻糬）"
      },
      "type": "Feature"
    },
    {
      "geometry": {
        "coordinates": [
          141.173712,
          39.406674
        ],
        "type": "Point"
      },
      "properties": {
        "bangumi_id": 437593,
        "bangumi_title": "杂旅-That's Journey-",
        "ep_cut": 10,
        "image_url": "https://w.junreimap.com/images/user/1073/bangumi/437593/points/1d649xz-1749983480326.jpg",
        "location": "花巻",
        "point_id": "1d649xz",
        "point_name": "新花巻駅",
        "remark": ""
      },
      "type": "Feature"
    },
    {
      "geometry": {
        "coordinates": [
          141.167592,
          39.405036
        ],
        "type": "Point"
      },
      "properties": {
        "bangumi_id": 437593,
        "bangumi_title": "杂旅-That's Journey-",
        "ep_cut": 10,
        "image_url": "https://w.junreimap.com/images/user/1073/bangumi/437593/points/1d6hzlm-1749984286250.jpg",
        "location": "花巻",
        "point_id": "1d6hzlm",
        "point_name": "釜石線踏切",
        "remark": ""
      },
      "type": "Feature"
    },
    {
      "geometry": {
        "coordinates": [
          141.165619,
          39.398571
        ],
        "type": "Point"
      },
      "properties": {
        "bangumi_id": 437593,
        "bangumi_title": "杂旅-That's Journey-",
        "ep_cut": 10,
        "image_url": "https://w.junreimap.com/images/user/1073/bangumi/437593/points/1d6ss0s-1749984644855.jpg",
        "location": "花巻",
        "point_id": "1d6ss0s",
        "point_name": "宮沢賢治記念館 入口",
        "remark": ""
      },
      "type": "Feature"
    },
    {
      "geometry": {
        "coordinates": [
          141.1655,
          39.398672
        ],
        "type": "Point"
      },
      "properties": {
        "bangumi_id": 437593,
        "bangumi_title": "杂旅-That's Journey-",
        "ep_cut": 10,
        "image_url": "https://w.junreimap.com/images/user/1073/bangumi/437593/points/1d6vlqx-1749984856266.jpg",
        "location": "花巻",
        "point_id": "1d6vlqx",
        "point_name": "宮沢賢治記念館 階段",
        "remark": "共367段，每段都有遗作「雨ニモマケズ」的其中一个音"
      },
      "type": "Feature"
    },
    {
      "geometry": {
        "coordinates": [
          141.164634,
          39.399433
        ],
        "type": "Point"
      },
      "properties": {
        "bangumi_id": 437593,
        "bangumi_title": "杂旅-That's Journey-",
        "ep_cut": 10,
        "image_url": "https://w.junreimap.com/images/user/1073/bangumi/437593/points/1d77d0p-1749985302371.jpg",
        "location": "花巻",
        "point_id": "1d77d0p",
        "point_name": "レストラン​山猫​軒",
        "remark": "注文の多い料理店"
      },
      "type": "Feature"
    },
    {
      "geometry": {
        "coordinates": [
          141.162611,
          39.399189
        ],
        "type": "Point"
      },
      "properties": {
        "bangumi_id": 437593,
        "bangumi_title": "杂旅-That's Journey-",
        "ep_cut": 10,
        "image_url": "https://w.junreimap.com/images/user/1073/bangumi/437593/points/1d7asrq-1749985463873.jpg",
        "location": "花巻",
        "point_id": "1d7asrq",
        "point_name": "宮沢賢治記念館",
        "remark": "イーハトーブの世界"
      },
      "type": "Feature"
    },
    {
      "geometry": {
        "coordinates": [
          141.162933,
          39.399768
        ],
        "type": "Point"
      },
      "properties": {
        "bangumi_id": 437593,
        "bangumi_title": "杂旅-That's Journey-",
        "ep_cut": 10,
        "image_url": "https://w.junreimap.com/images/user/1073/bangumi/437593/points/1d7oaen-1749986125010.jpg",
        "location": "花巻",
        "point_id": "1d7oaen",
        "point_name": "胡四王神社 鳥居",
        "remark": "离纪念馆300m左右"
      },
      "type": "Feature"
    },
    {
      "geometry": {
        "coordinates": [
          141.160998,
          39.401587
        ],
        "type": "Point"
      },
      "properties": {
        "bangumi_id": 437593,
        "bangumi_title": "杂旅-That's Journey-",
        "ep_cut": 10,
        "image_url": "https://w.junreimap.com/images/user/1073/bangumi/437593/points/1d7sq9x-1749986300642.jpg",
        "location": "花巻",
        "point_id": "1d7sq9x",
        "point_name": "胡四王神社",
        "remark": ""
      },
      "type": "Feature"
    },
    {
      "geometry": {
        "coordinates": [
          141.141408,
          39.412031
        ],
        "type": "Point"
      },
      "properties": {
        "bangumi_id": 437593,
        "bangumi_title": "杂旅-That's Journey-",
        "ep_cut": 10,
        "image_url": "https://w.junreimap.com/images/user/1073/bangumi/437593/points/1d81sss-1749986722700.jpg",
        "location": "花巻",
        "point_id": "1d81sss",
        "point_name": "宮野​目​特産​物​直売所​(有)​案山子",
        "remark": "烤布丁大福"
      },
      "type": "Feature"
    },
    {
      "geometry": {
        "coordinates": [
          141.11713,
          39.385783
        ],
        "type": "Point"
      },
      "properties": {
        "bangumi_id": 437593,
        "bangumi_title": "杂旅-That's Journey-",
        "ep_cut": 10,
        "image_url": "https://w.junreimap.com/images/user/1073/bangumi/437593/points/1d865vq-1749986927900.jpg",
        "location": "花巻",
        "point_id": "1d865vq",
        "point_name": "マルカンビル6F 大食堂",
        "remark": "10层冰激凌"
      },
      "type": "Feature"
    },
    {
      "geometry": {
        "coordinates": [
          141.015922,
          39.436556
        ],
        "type": "Point"
      },
      "properties": {
        "bangumi_id": 437593,
        "bangumi_title": "杂旅-That's Journey-",
        "ep_cut": 10,
        "image_url": "https://w.junreimap.com/images/user/1073/bangumi/437593/points/1d8ctbj-1749987244977.jpg",
        "location": "花巻",
        "point_id": "1d8ctbj",
        "point_name": "大沢温泉　湯治屋",
        "remark": "只住宿不含餐"
      },
      "type": "Feature"
    },
    {
      "geometry": {
        "coordinates": [
          141.10917,
          39.389176
        ],
        "type": "Point"
      },
      "properties": {
        "bangumi_id": 437593,
        "bangumi_title": "杂旅-That's Journey-",
        "ep_cut": 10,
        "image_url": "https://w.junreimap.com/images/user/1073/bangumi/437593/points/1d8mucw-1749987732101.jpg",
        "location": "花巻",
        "point_id": "1d8mucw",
        "point_name": "材木町公園　デハ３電車",
        "remark": "旧花巻電鉄の車両"
      },
      "type": "Feature"
    },
    {
      "geometry": {
        "coordinates": [
          141.103874,
          39.383045
        ],
        "type": "Point"
      },
      "properties": {
        "bangumi_id": 437593,
        "bangumi_title": "杂旅-That's Journey-",
        "ep_cut": 10,
        "image_url": "https://w.junreimap.com/images/user/1073/bangumi/437593/points/1gch75i-1750175569415.jpg",
        "location": "花巻",
        "point_id": "1gch75i",
        "point_name": "鼬幣稲荷神社",
        "remark": ""
      },
      "type": "Feature"
    },
    {
      "geometry": {
        "coordinates": [
          141.106317,
          39.379367
        ],
        "type": "Point"
      },
      "properties": {
        "bangumi_id": 437593,
        "bangumi_title": "杂旅-That's Journey-",
        "ep_cut": 10,
        "image_url": "https://w.junreimap.com/images/user/1073/bangumi/437593/points/1gcnm83-1750175874963.jpg",
        "location": "花巻",
        "point_id": "1gcnm83",
        "point_name": "賢治さんと歩く心象ロード",
        "remark": "花巻市の豊沢川に沿って整備された散策路・散歩道"
      },
      "type": "Feature"
    },
    {
      "geometry": {
        "coordinates": [
          141.109034,
          39.356858
        ],
        "type": "Point"
      },
      "properties": {
        "bangumi_id": 437593,
        "bangumi_title": "杂旅-That's Journey-",
        "ep_cut": 10,
        "image_url": "https://w.junreimap.com/images/user/1073/bangumi/437593/points/1gcut2y-1750176223755.jpg",
        "location": "花巻",
        "point_id": "1gcut2y",
        "point_name": "さかえや本店",
        "remark": "松辽韭菜拉面"
      },
      "type": "Feature"
    },
    {
      "geometry": {
        "coordinates": [
          141.09989,
          39.001364
        ],
        "type": "Point"
      },
      "properties": {
        "bangumi_id": 437593,
        "bangumi_title": "杂旅-That's Journey-",
        "ep_cut": 10,
        "image_url": "https://w.junreimap.com/images/user/1073/bangumi/437593/points/1gd888e-1750176840442.jpg",
        "location": "",
        "point_id": "1gd888e",
        "point_name": "中尊寺金色堂",
        "remark": "右下，12世纪初由奥州藤原氏所建"
      },
      "type": "Feature"
    },
    {
      "geometry": {
        "coordinates": [
          132.756619,
          35.360936
        ],
        "type": "Point"
      },
      "properties": {
        "bangumi_id": 437593,
        "bangumi_title": "杂旅-That's Journey-",
        "ep_cut": 11,
        "image_url": "https://w.junreimap.com/images/points/437593/1hol7hr_1785844513721.webp",
        "location": "出雲",
        "point_id": "1hol7hr",
        "point_name": "出雲市駅",
        "remark": ""
      },
      "type": "Feature"
    },
    {
      "geometry": {
        "coordinates": [
          132.718081,
          35.361036
        ],
        "type": "Point"
      },
      "properties": {
        "bangumi_id": 437593,
        "bangumi_title": "杂旅-That's Journey-",
        "ep_cut": 11,
        "image_url": "https://w.junreimap.com/images/user/1073/bangumi/437593/points/1honear-1750256503579.jpg",
        "location": "出雲",
        "point_id": "1honear",
        "point_name": "高松駅前橋",
        "remark": "旧JR大社線"
      },
      "type": "Feature"
    },
    {
      "geometry": {
        "coordinates": [
          132.690435,
          35.386818
        ],
        "type": "Point"
      },
      "properties": {
        "bangumi_id": 437593,
        "bangumi_title": "杂旅-That's Journey-",
        "ep_cut": 11,
        "image_url": "https://w.junreimap.com/images/points/437593/1hos315_1785844538884.webp",
        "location": "出雲",
        "point_id": "1hos315",
        "point_name": "旧JR大社駅",
        "remark": "1912開業ー1990廃止"
      },
      "type": "Feature"
    },
    {
      "geometry": {
        "coordinates": [
          132.687304,
          35.391473
        ],
        "type": "Point"
      },
      "properties": {
        "bangumi_id": 437593,
        "bangumi_title": "杂旅-That's Journey-",
        "ep_cut": 11,
        "image_url": "https://w.junreimap.com/images/points/437593/1hoz19p_1785844549822.webp",
        "location": "出雲",
        "point_id": "1hoz19p",
        "point_name": "出雲大社 大鳥居",
        "remark": ""
      },
      "type": "Feature"
    },
    {
      "geometry": {
        "coordinates": [
          132.686387,
          35.395921
        ],
        "type": "Point"
      },
      "properties": {
        "bangumi_id": 437593,
        "bangumi_title": "杂旅-That's Journey-",
        "ep_cut": 11,
        "image_url": "https://w.junreimap.com/images/points/437593/1hp2ska_1785844588829.webp",
        "location": "出雲",
        "point_id": "1hp2ska",
        "point_name": "福乃和",
        "remark": "おふく焼き(鲷鱼烧)"
      },
      "type": "Feature"
    },
    {
      "geometry": {
        "coordinates": [
          132.686282,
          35.396277
        ],
        "type": "Point"
      },
      "properties": {
        "bangumi_id": 437593,
        "bangumi_title": "杂旅-That's Journey-",
        "ep_cut": 11,
        "image_url": "https://w.junreimap.com/images/points/437593/1hpnici_1785844596118.webp",
        "location": "出雲",
        "point_id": "1hpnici",
        "point_name": "すし日本海 大社門前店",
        "remark": "のどぐろ丼としじみ汁（喉黑鱼盖饭和蚬汤套餐）"
      },
      "type": "Feature"
    },
    {
      "geometry": {
        "coordinates": [
          132.685595,
          35.4008
        ],
        "type": "Point"
      },
      "properties": {
        "bangumi_id": 437593,
        "bangumi_title": "杂旅-That's Journey-",
        "ep_cut": 11,
        "image_url": "https://w.junreimap.com/images/points/437593/1hpu3ub_1785844605917.webp",
        "location": "出雲",
        "point_id": "1hpu3ub",
        "point_name": "出雲大社 銅の鳥居",
        "remark": ""
      },
      "type": "Feature"
    },
    {
      "geometry": {
        "coordinates": [
          132.68555,
          35.401129
        ],
        "type": "Point"
      },
      "properties": {
        "bangumi_id": 437593,
        "bangumi_title": "杂旅-That's Journey-",
        "ep_cut": 11,
        "image_url": "https://w.junreimap.com/images/points/437593/1hq4uas_1785844612308.webp",
        "location": "出雲",
        "point_id": "1hq4uas",
        "point_name": "出雲大社 拝殿",
        "remark": ""
      },
      "type": "Feature"
    },
    {
      "geometry": {
        "coordinates": [
          132.684876,
          35.401419
        ],
        "type": "Point"
      },
      "properties": {
        "bangumi_id": 437593,
        "bangumi_title": "杂旅-That's Journey-",
        "ep_cut": 11,
        "image_url": "https://w.junreimap.com/images/points/437593/1hq72jt_1785844625196.webp",
        "location": "出雲",
        "point_id": "1hq72jt",
        "point_name": "出雲大社 十九社",
        "remark": "神様のお宿"
      },
      "type": "Feature"
    },
    {
      "geometry": {
        "coordinates": [
          132.6845,
          35.401386
        ],
        "type": "Point"
      },
      "properties": {
        "bangumi_id": 437593,
        "bangumi_title": "杂旅-That's Journey-",
        "ep_cut": 11,
        "image_url": "https://w.junreimap.com/images/points/437593/1hqdgen_1785844631763.webp",
        "location": "出雲",
        "point_id": "1hqdgen",
        "point_name": "出雲大社 神楽殿",
        "remark": "比拜殿更大的注连绳"
      },
      "type": "Feature"
    },
    {
      "geometry": {
        "coordinates": [
          132.685506,
          35.401565
        ],
        "type": "Point"
      },
      "properties": {
        "bangumi_id": 437593,
        "bangumi_title": "杂旅-That's Journey-",
        "ep_cut": 11,
        "image_url": "https://w.junreimap.com/images/points/437593/1hqlt5i_1785844619273.webp",
        "location": "出雲",
        "point_id": "1hqlt5i",
        "point_name": "出雲大社 八足門",
        "remark": ""
      },
      "type": "Feature"
    },
    {
      "geometry": {
        "coordinates": [
          132.685589,
          35.402655
        ],
        "type": "Point"
      },
      "properties": {
        "bangumi_id": 437593,
        "bangumi_title": "杂旅-That's Journey-",
        "ep_cut": 11,
        "image_url": "https://w.junreimap.com/images/points/437593/1hqp7pj_1785844680399.webp",
        "location": "出雲",
        "point_id": "1hqp7pj",
        "point_name": "出雲大社 素鵞社",
        "remark": ""
      },
      "type": "Feature"
    },
    {
      "geometry": {
        "coordinates": [
          132.672548,
          35.400318
        ],
        "type": "Point"
      },
      "properties": {
        "bangumi_id": 437593,
        "bangumi_title": "杂旅-That's Journey-",
        "ep_cut": 11,
        "image_url": "https://w.junreimap.com/images/points/437593/1hqv7y0_1785844695627.webp",
        "location": "出雲",
        "point_id": "1hqv7y0",
        "point_name": "稲佐の浜",
        "remark": ""
      },
      "type": "Feature"
    },
    {
      "geometry": {
        "coordinates": [
          132.687016,
          35.393521
        ],
        "type": "Point"
      },
      "properties": {
        "bangumi_id": 437593,
        "bangumi_title": "杂旅-That's Journey-",
        "ep_cut": 11,
        "image_url": "https://w.junreimap.com/images/points/437593/1hqze8m_1785844577369.webp",
        "location": "出雲",
        "point_id": "1hqze8m",
        "point_name": "出雲大社前駅",
        "remark": "一畑電車"
      },
      "type": "Feature"
    },
    {
      "geometry": {
        "coordinates": [
          132.687099,
          35.393583
        ],
        "type": "Point"
      },
      "properties": {
        "bangumi_id": 437593,
        "bangumi_title": "杂旅-That's Journey-",
        "ep_cut": 11,
        "image_url": "https://w.junreimap.com/images/points/437593/1hr22n7_1785844571421.webp",
        "location": "出雲",
        "point_id": "1hr22n7",
        "point_name": "出雲大社前駅舎",
        "remark": ""
      },
      "type": "Feature"
    },
    {
      "geometry": {
        "coordinates": [
          132.687501,
          35.393399
        ],
        "type": "Point"
      },
      "properties": {
        "bangumi_id": 437593,
        "bangumi_title": "杂旅-That's Journey-",
        "ep_cut": 11,
        "image_url": "https://w.junreimap.com/images/points/437593/1hr3vwg_1785844557402.webp",
        "location": "出雲",
        "point_id": "1hr3vwg",
        "point_name": "出雲大社前駅ホーム",
        "remark": ""
      },
      "type": "Feature"
    },
    {
      "geometry": {
        "coordinates": [
          133.046096,
          35.467323
        ],
        "type": "Point"
      },
      "properties": {
        "bangumi_id": 437593,
        "bangumi_title": "杂旅-That's Journey-",
        "ep_cut": 11,
        "image_url": "https://w.junreimap.com/images/user/1073/bangumi/437593/points/1hr8kb7-1750260820522.jpg",
        "location": "松江",
        "point_id": "1hr8kb7",
        "point_name": "松江​しんじ湖​温泉駅",
        "remark": ""
      },
      "type": "Feature"
    },
    {
      "geometry": {
        "coordinates": [
          133.045909,
          35.466553
        ],
        "type": "Point"
      },
      "properties": {
        "bangumi_id": 437593,
        "bangumi_title": "杂旅-That's Journey-",
        "ep_cut": 11,
        "image_url": "https://w.junreimap.com/images/user/1073/bangumi/437593/points/1hrf6i1-1750261138628.jpg",
        "location": "松江",
        "point_id": "1hrf6i1",
        "point_name": "ホテル一畑 Hotel Ichibata",
        "remark": "湖景酒店"
      },
      "type": "Feature"
    },
    {
      "geometry": {
        "coordinates": [
          133.053155,
          35.473414
        ],
        "type": "Point"
      },
      "properties": {
        "bangumi_id": 437593,
        "bangumi_title": "杂旅-That's Journey-",
        "ep_cut": 11,
        "image_url": "https://w.junreimap.com/images/user/1073/bangumi/437593/points/1hrjr8l-1750261338487.jpg",
        "location": "松江",
        "point_id": "1hrjr8l",
        "point_name": "島根ふるさと館",
        "remark": ""
      },
      "type": "Feature"
    },
    {
      "geometry": {
        "coordinates": [
          133.050726,
          35.4749
        ],
        "type": "Point"
      },
      "properties": {
        "bangumi_id": 437593,
        "bangumi_title": "杂旅-That's Journey-",
        "ep_cut": 11,
        "image_url": "https://w.junreimap.com/images/user/1073/bangumi/437593/points/1hrl34y-1750261406767.jpg",
        "location": "松江",
        "point_id": "1hrl34y",
        "point_name": "松江城",
        "remark": ""
      },
      "type": "Feature"
    },
    {
      "geometry": {
        "coordinates": [
          133.050746,
          35.475075
        ],
        "type": "Point"
      },
      "properties": {
        "bangumi_id": 437593,
        "bangumi_title": "杂旅-That's Journey-",
        "ep_cut": 11,
        "image_url": "https://w.junreimap.com/images/user/1073/bangumi/437593/points/1rtjjwx-1750869387172.jpg",
        "location": "松江",
        "point_id": "1rtjjwx",
        "point_name": "松江城天守",
        "remark": ""
      },
      "type": "Feature"
    },
    {
      "geometry": {
        "coordinates": [
          133.164501,
          35.534903
        ],
        "type": "Point"
      },
      "properties": {
        "bangumi_id": 437593,
        "bangumi_title": "杂旅-That's Journey-",
        "ep_cut": 12,
        "image_url": "https://w.junreimap.com/images/points/437593/1rtpylt_1785844091398.webp",
        "location": "美保关",
        "point_id": "1rtpylt",
        "point_name": "美保関​バス​ターミナル",
        "remark": ""
      },
      "type": "Feature"
    },
    {
      "geometry": {
        "coordinates": [
          133.306237,
          35.562298
        ],
        "type": "Point"
      },
      "properties": {
        "bangumi_id": 437593,
        "bangumi_title": "杂旅-That's Journey-",
        "ep_cut": 12,
        "image_url": "https://w.junreimap.com/images/points/437593/1ruck2t_1785843787721.webp",
        "location": "美保关",
        "point_id": "1ruck2t",
        "point_name": "美保神社",
        "remark": ""
      },
      "type": "Feature"
    },
    {
      "geometry": {
        "coordinates": [
          133.307347,
          35.562351
        ],
        "type": "Point"
      },
      "properties": {
        "bangumi_id": 437593,
        "bangumi_title": "杂旅-That's Journey-",
        "ep_cut": 12,
        "image_url": "https://w.junreimap.com/images/points/437593/1ruevhm_1785844068747.webp",
        "location": "美保关",
        "point_id": "1ruevhm",
        "point_name": "青石畳み通り",
        "remark": ""
      },
      "type": "Feature"
    },
    {
      "geometry": {
        "coordinates": [
          133.320067,
          35.56418
        ],
        "type": "Point"
      },
      "properties": {
        "bangumi_id": 437593,
        "bangumi_title": "杂旅-That's Journey-",
        "ep_cut": 12,
        "image_url": "https://w.junreimap.com/images/points/437593/1ruh0dd_1785844059009.webp",
        "location": "美保关",
        "point_id": "1ruh0dd",
        "point_name": "恵美須社",
        "remark": ""
      },
      "type": "Feature"
    },
    {
      "geometry": {
        "coordinates": [
          133.324799,
          35.566976
        ],
        "type": "Point"
      },
      "properties": {
        "bangumi_id": 437593,
        "bangumi_title": "杂旅-That's Journey-",
        "ep_cut": 12,
        "image_url": "https://w.junreimap.com/images/points/437593/1rujtg2_1785844049408.webp",
        "location": "美保关",
        "point_id": "1rujtg2",
        "point_name": "美保関灯台入口",
        "remark": ""
      },
      "type": "Feature"
    },
    {
      "geometry": {
        "coordinates": [
          133.32502,
          35.567254
        ],
        "type": "Point"
      },
      "properties": {
        "bangumi_id": 437593,
        "bangumi_title": "杂旅-That's Journey-",
        "ep_cut": 12,
        "image_url": "https://w.junreimap.com/images/points/437593/1rule1t_1785844042667.webp",
        "location": "美保关",
        "point_id": "1rule1t",
        "point_name": "美保関​観光​ビュッフェ",
        "remark": "美保関咖喱"
      },
      "type": "Feature"
    },
    {
      "geometry": {
        "coordinates": [
          133.32509,
          35.567358
        ],
        "type": "Point"
      },
      "properties": {
        "bangumi_id": 437593,
        "bangumi_title": "杂旅-That's Journey-",
        "ep_cut": 12,
        "image_url": "https://w.junreimap.com/images/points/437593/1rungxj_1785844032409.webp",
        "location": "美保关",
        "point_id": "1rungxj",
        "point_name": "灯台北侧展望台",
        "remark": ""
      },
      "type": "Feature"
    },
    {
      "geometry": {
        "coordinates": [
          133.326477,
          35.567663
        ],
        "type": "Point"
      },
      "properties": {
        "bangumi_id": 437593,
        "bangumi_title": "杂旅-That's Journey-",
        "ep_cut": 12,
        "image_url": "https://w.junreimap.com/images/points/437593/1rurbwu_1785843711754.webp",
        "location": "美保关",
        "point_id": "1rurbwu",
        "point_name": "地蔵崎",
        "remark": "地之御前"
      },
      "type": "Feature"
    },
    {
      "geometry": {
        "coordinates": [
          135.777752,
          33.464398
        ],
        "type": "Point"
      },
      "properties": {
        "bangumi_id": 437593,
        "bangumi_title": "杂旅-That's Journey-",
        "ep_cut": 9,
        "image_url": "https://w.junreimap.com/images/user/0/bangumi/437593/points/1zrcm0k-1751349476292.jpg",
        "location": "串本海岸",
        "point_id": "1zrcm0k",
        "point_name": "潮岬西入口",
        "remark": ""
      },
      "type": "Feature"
    },
    {
      "geometry": {
        "coordinates": [
          135.754792,
          33.437581
        ],
        "type": "Point"
      },
      "properties": {
        "bangumi_id": 437593,
        "bangumi_title": "杂旅-That's Journey-",
        "ep_cut": 9,
        "image_url": "https://w.junreimap.com/images/user/0/bangumi/437593/points/1zrfqmc-1751349554126.jpg",
        "location": "串本海岸",
        "point_id": "1zrfqmc",
        "point_name": "潮岬灯台",
        "remark": "日本十六座可以上去参观的灯塔之一"
      },
      "type": "Feature"
    },
    {
      "geometry": {
        "coordinates": [
          135.754464,
          33.437618
        ],
        "type": "Point"
      },
      "properties": {
        "bangumi_id": 437593,
        "bangumi_title": "杂旅-That's Journey-",
        "ep_cut": 9,
        "image_url": "https://w.junreimap.com/images/user/0/bangumi/437593/points/1zrhjay-1751349640929.jpg",
        "location": "串本海岸",
        "point_id": "1zrhjay",
        "point_name": "潮岬灯台",
        "remark": ""
      },
      "type": "Feature"
    },
    {
      "geometry": {
        "coordinates": [
          135.754401,
          33.437604
        ],
        "type": "Point"
      },
      "properties": {
        "bangumi_id": 437593,
        "bangumi_title": "杂旅-That's Journey-",
        "ep_cut": 9,
        "image_url": "https://w.junreimap.com/images/user/0/bangumi/437593/points/1zrij22-1751349735598.jpg",
        "location": "串本海岸",
        "point_id": "1zrij22",
        "point_name": "潮岬灯台展示室1",
        "remark": ""
      },
      "type": "Feature"
    },
    {
      "geometry": {
        "coordinates": [
          135.754393,
          33.437585
        ],
        "type": "Point"
      },
      "properties": {
        "bangumi_id": 437593,
        "bangumi_title": "杂旅-That's Journey-",
        "ep_cut": 9,
        "image_url": "https://w.junreimap.com/images/user/0/bangumi/437593/points/1zrkikh-1751349785217.jpg",
        "location": "串本海岸",
        "point_id": "1zrkikh",
        "point_name": "潮岬灯台展示室2",
        "remark": ""
      },
      "type": "Feature"
    },
    {
      "geometry": {
        "coordinates": [
          135.762231,
          33.436186
        ],
        "type": "Point"
      },
      "properties": {
        "bangumi_id": 437593,
        "bangumi_title": "杂旅-That's Journey-",
        "ep_cut": 9,
        "image_url": "https://w.junreimap.com/images/user/0/bangumi/437593/points/1zrmmzr-1751349872981.jpg",
        "location": "串本海岸",
        "point_id": "1zrmmzr",
        "point_name": "本州最南端",
        "remark": ""
      },
      "type": "Feature"
    },
    {
      "geometry": {
        "coordinates": [
          135.762252,
          33.435961
        ],
        "type": "Point"
      },
      "properties": {
        "bangumi_id": 437593,
        "bangumi_title": "杂旅-That's Journey-",
        "ep_cut": 9,
        "image_url": "https://w.junreimap.com/images/user/0/bangumi/437593/points/1zrnoln-1751349921404.jpg",
        "location": "串本海岸",
        "point_id": "1zrnoln",
        "point_name": "本州最南端",
        "remark": ""
      },
      "type": "Feature"
    },
    {
      "geometry": {
        "coordinates": [
          136.707157,
          34.488375
        ],
        "type": "Point"
      },
      "properties": {
        "bangumi_id": 437593,
        "bangumi_title": "杂旅-That's Journey-",
        "ep_cut": 7,
        "image_url": "https://w.junreimap.com/images/user/1093/bangumi/437593/points/2dzkxq2-1752209748568.jpg",
        "location": "伊勢",
        "point_id": "2dzkxq2",
        "point_name": "若松屋",
        "remark": ""
      },
      "type": "Feature"
    },
    {
      "geometry": {
        "coordinates": [
          136.788125,
          34.509099
        ],
        "type": "Point"
      },
      "properties": {
        "bangumi_id": 437593,
        "bangumi_title": "杂旅-That's Journey-",
        "ep_cut": 7,
        "image_url": "https://w.junreimap.com/images/user/1093/bangumi/437593/points/2e07fod-1752210811976.jpg",
        "location": "伊勢",
        "point_id": "2e07fod",
        "point_name": "夫婦岩",
        "remark": ""
      },
      "type": "Feature"
    },
    {
      "geometry": {
        "coordinates": [
          136.778282,
          34.507446
        ],
        "type": "Point"
      },
      "properties": {
        "bangumi_id": 437593,
        "bangumi_title": "杂旅-That's Journey-",
        "ep_cut": 7,
        "image_url": "https://w.junreimap.com/images/user/1093/bangumi/437593/points/2e0dhsc-1752211089367.jpg",
        "location": "伊勢",
        "point_id": "2e0dhsc",
        "point_name": "夫婦岩　旧参道",
        "remark": ""
      },
      "type": "Feature"
    },
    {
      "geometry": {
        "coordinates": [
          136.777974,
          34.507448
        ],
        "type": "Point"
      },
      "properties": {
        "bangumi_id": 437593,
        "bangumi_title": "杂旅-That's Journey-",
        "ep_cut": 7,
        "image_url": "https://w.junreimap.com/images/user/1093/bangumi/437593/points/2e0fnjq-1752211241678.jpg",
        "location": "伊勢",
        "point_id": "2e0fnjq",
        "point_name": "夫婦岩　表参道",
        "remark": ""
      },
      "type": "Feature"
    },
    {
      "geometry": {
        "coordinates": [
          136.777916,
          34.507325
        ],
        "type": "Point"
      },
      "properties": {
        "bangumi_id": 437593,
        "bangumi_title": "杂旅-That's Journey-",
        "ep_cut": 7,
        "image_url": "https://w.junreimap.com/images/user/1093/bangumi/437593/points/2e0hq61-1752211282656.jpg",
        "location": "伊勢",
        "point_id": "2e0hq61",
        "point_name": "赤福 二見店",
        "remark": "赤福冰的发源地"
      },
      "type": "Feature"
    },
    {
      "geometry": {
        "coordinates": [
          136.777855,
          34.507218
        ],
        "type": "Point"
      },
      "properties": {
        "bangumi_id": 437593,
        "bangumi_title": "杂旅-That's Journey-",
        "ep_cut": 7,
        "image_url": "https://w.junreimap.com/images/user/1093/bangumi/437593/points/2e0j4p6-1752211348276.jpg",
        "location": "伊勢",
        "point_id": "2e0j4p6",
        "point_name": "赤福の外",
        "remark": ""
      },
      "type": "Feature"
    },
    {
      "geometry": {
        "coordinates": [
          136.77787,
          34.507253
        ],
        "type": "Point"
      },
      "properties": {
        "bangumi_id": 437593,
        "bangumi_title": "杂旅-That's Journey-",
        "ep_cut": 7,
        "image_url": "https://w.junreimap.com/images/user/1093/bangumi/437593/points/2e0l7p5-1752211451470.jpg",
        "location": "伊勢",
        "point_id": "2e0l7p5",
        "point_name": "赤福の外で座って赤福氷食べる",
        "remark": ""
      },
      "type": "Feature"
    },
    {
      "geometry": {
        "coordinates": [
          139.700689,
          35.688248
        ],
        "type": "Point"
      },
      "properties": {
        "bangumi_id": 437593,
        "bangumi_title": "杂旅-That's Journey-",
        "ep_cut": 7,
        "image_url": "https://w.junreimap.com/images/user/1093/bangumi/437593/points/2e138ux-1752212290833.jpg",
        "location": "",
        "point_id": "2e138ux",
        "point_name": "バスタ新宿　C7",
        "remark": ""
      },
      "type": "Feature"
    },
    {
      "geometry": {
        "coordinates": [
          139.700638,
          35.68825
        ],
        "type": "Point"
      },
      "properties": {
        "bangumi_id": 437593,
        "bangumi_title": "杂旅-That's Journey-",
        "ep_cut": 7,
        "image_url": "https://w.junreimap.com/images/user/1093/bangumi/437593/points/2e14inx-1752212336838.jpg",
        "location": "",
        "point_id": "2e14inx",
        "point_name": "バスタ新宿　C7",
        "remark": ""
      },
      "type": "Feature"
    },
    {
      "geometry": {
        "coordinates": [
          135.494511,
          34.701463
        ],
        "type": "Point"
      },
      "properties": {
        "bangumi_id": 437593,
        "bangumi_title": "杂旅-That's Journey-",
        "ep_cut": 8,
        "image_url": "https://w.junreimap.com/images/user/1093/bangumi/437593/points/2ekj5gl-1752245097652.jpg",
        "location": "",
        "point_id": "2ekj5gl",
        "point_name": "JR大阪駅 桜橋口",
        "remark": ""
      },
      "type": "Feature"
    },
    {
      "geometry": {
        "coordinates": [
          135.49453,
          34.701372
        ],
        "type": "Point"
      },
      "properties": {
        "bangumi_id": 437593,
        "bangumi_title": "杂旅-That's Journey-",
        "ep_cut": 8,
        "image_url": "https://w.junreimap.com/images/user/1093/bangumi/437593/points/2ekp382-1752245221714.jpg",
        "location": "",
        "point_id": "2ekp382",
        "point_name": "JR大阪駅 桜橋口",
        "remark": ""
      },
      "type": "Feature"
    },
    {
      "geometry": {
        "coordinates": [
          132.475573,
          34.398137
        ],
        "type": "Point"
      },
      "properties": {
        "bangumi_id": 437593,
        "bangumi_title": "杂旅-That's Journey-",
        "ep_cut": 8,
        "image_url": "https://w.junreimap.com/images/user/1093/bangumi/437593/points/2em2c60-1752247548816.jpg",
        "location": "",
        "point_id": "2em2c60",
        "point_name": "モスバーガーJR広島駅",
        "remark": ""
      },
      "type": "Feature"
    },
    {
      "geometry": {
        "coordinates": [
          132.475336,
          34.397615
        ],
        "type": "Point"
      },
      "properties": {
        "bangumi_id": 437593,
        "bangumi_title": "杂旅-That's Journey-",
        "ep_cut": 8,
        "image_url": "https://w.junreimap.com/images/user/1093/bangumi/437593/points/2emklm3-1752248367905.jpg",
        "location": "",
        "point_id": "2emklm3",
        "point_name": "広島駅改札内",
        "remark": ""
      },
      "type": "Feature"
    },
    {
      "geometry": {
        "coordinates": [
          132.558585,
          34.242993
        ],
        "type": "Point"
      },
      "properties": {
        "bangumi_id": 437593,
        "bangumi_title": "杂旅-That's Journey-",
        "ep_cut": 8,
        "image_url": "https://w.junreimap.com/images/user/1093/bangumi/437593/points/2emt8yt-1752248762555.jpg",
        "location": "呉",
        "point_id": "2emt8yt",
        "point_name": "コンフォートホテル呉",
        "remark": "三人在吴市入住的商务酒店。官网：https://www.choice-hotels.jp/hotel/kure/"
      },
      "type": "Feature"
    },
    {
      "geometry": {
        "coordinates": [
          132.558645,
          34.243199
        ],
        "type": "Point"
      },
      "properties": {
        "bangumi_id": 437593,
        "bangumi_title": "杂旅-That's Journey-",
        "ep_cut": 8,
        "image_url": "https://w.junreimap.com/images/user/1093/bangumi/437593/points/2emyrnv-1752249030556.jpg",
        "location": "呉",
        "point_id": "2emyrnv",
        "point_name": "コンフォートホテル呉　部屋内",
        "remark": "房型是「１ベッド◆ダブルエコノミー◆ ＜禁煙＞」。内饰一模一样，可巡礼。"
      },
      "type": "Feature"
    },
    {
      "geometry": {
        "coordinates": [
          139.940239,
          37.503359
        ],
        "type": "Point"
      },
      "properties": {
        "bangumi_id": 437593,
        "bangumi_title": "杂旅-That's Journey-",
        "ep_cut": 1,
        "image_url": "https://w.junreimap.com/images/user/0/bangumi/437593/points/46gi94o-1756108073886.jpg",
        "location": "会津若松",
        "point_id": "46gi94o",
        "point_name": "古峯神社",
        "remark": ""
      },
      "type": "Feature"
    },
    {
      "geometry": {
        "coordinates": [
          140.159321,
          36.653907
        ],
        "type": "Point"
      },
      "properties": {
        "bangumi_id": 437593,
        "bangumi_title": "杂旅-That's Journey-",
        "ep_cut": 5,
        "image_url": "https://w.junreimap.com/images/user/1093/bangumi/437593/points/5eb3u36-1758759451205.jpg",
        "location": "那須烏山",
        "point_id": "5eb3u36",
        "point_name": "カワチ薬品 那須烏山店",
        "remark": ""
      },
      "type": "Feature"
    },
    {
      "geometry": {
        "coordinates": [
          140.160222,
          36.653664
        ],
        "type": "Point"
      },
      "properties": {
        "bangumi_id": 437593,
        "bangumi_title": "杂旅-That's Journey-",
        "ep_cut": 5,
        "image_url": "https://w.junreimap.com/images/user/1093/bangumi/437593/points/5eb4wu4-1758759498264.jpg",
        "location": "那須烏山",
        "point_id": "5eb4wu4",
        "point_name": "AKIMOTO洋菓子店",
        "remark": "奇卡路过这里买了蛋糕卷"
      },
      "type": "Feature"
    },
    {
      "geometry": {
        "coordinates": [
          140.160255,
          36.653731
        ],
        "type": "Point"
      },
      "properties": {
        "bangumi_id": 437593,
        "bangumi_title": "杂旅-That's Journey-",
        "ep_cut": 5,
        "image_url": "https://w.junreimap.com/images/user/1093/bangumi/437593/points/5eb8wxc-1758759698168.jpg",
        "location": "那須烏山",
        "point_id": "5eb8wxc",
        "point_name": "AKIMOTO洋菓子店前",
        "remark": "注意到了乌山大桥的地方"
      },
      "type": "Feature"
    },
    {
      "geometry": {
        "coordinates": [
          140.168846,
          36.652272
        ],
        "type": "Point"
      },
      "properties": {
        "bangumi_id": 437593,
        "bangumi_title": "杂旅-That's Journey-",
        "ep_cut": 5,
        "image_url": "https://w.junreimap.com/images/user/1093/bangumi/437593/points/5ebajw4-1758759770152.jpg",
        "location": "那須烏山",
        "point_id": "5ebajw4",
        "point_name": "烏山大橋",
        "remark": ""
      },
      "type": "Feature"
    },
    {
      "geometry": {
        "coordinates": [
          140.185472,
          36.649345
        ],
        "type": "Point"
      },
      "properties": {
        "bangumi_id": 437593,
        "bangumi_title": "杂旅-That's Journey-",
        "ep_cut": 5,
        "image_url": "https://w.junreimap.com/images/user/1093/bangumi/437593/points/5ebn0rh-1758760354888.jpg",
        "location": "那須烏山",
        "point_id": "5ebn0rh",
        "point_name": "もり食堂　外",
        "remark": ""
      },
      "type": "Feature"
    },
    {
      "geometry": {
        "coordinates": [
          140.185326,
          36.649384
        ],
        "type": "Point"
      },
      "properties": {
        "bangumi_id": 437593,
        "bangumi_title": "杂旅-That's Journey-",
        "ep_cut": 5,
        "image_url": "https://w.junreimap.com/images/user/1093/bangumi/437593/points/5ebnr8e-1758760384557.jpg",
        "location": "那須烏山",
        "point_id": "5ebnr8e",
        "point_name": "もり食堂内",
        "remark": ""
      },
      "type": "Feature"
    },
    {
      "geometry": {
        "coordinates": [
          140.185347,
          36.649384
        ],
        "type": "Point"
      },
      "properties": {
        "bangumi_id": 437593,
        "bangumi_title": "杂旅-That's Journey-",
        "ep_cut": 5,
        "image_url": "https://w.junreimap.com/images/user/1093/bangumi/437593/points/5ebophg-1758760427575.jpg",
        "location": "那須烏山",
        "point_id": "5ebophg",
        "point_name": "もり食堂内",
        "remark": ""
      },
      "type": "Feature"
    },
    {
      "geometry": {
        "coordinates": [
          140.185375,
          36.649384
        ],
        "type": "Point"
      },
      "properties": {
        "bangumi_id": 437593,
        "bangumi_title": "杂旅-That's Journey-",
        "ep_cut": 5,
        "image_url": "https://w.junreimap.com/images/user/1093/bangumi/437593/points/5ebp1ls-1758760437403.jpg",
        "location": "那須烏山",
        "point_id": "5ebp1ls",
        "point_name": "もり食堂内",
        "remark": ""
      },
      "type": "Feature"
    },
    {
      "geometry": {
        "coordinates": [
          140.185403,
          36.649384
        ],
        "type": "Point"
      },
      "properties": {
        "bangumi_id": 437593,
        "bangumi_title": "杂旅-That's Journey-",
        "ep_cut": 5,
        "image_url": "https://w.junreimap.com/images/user/1093/bangumi/437593/points/5ebpbtb-1758760459279.jpg",
        "location": "那須烏山",
        "point_id": "5ebpbtb",
        "point_name": "もり食堂内　天盛りそば",
        "remark": "写真用"
      },
      "type": "Feature"
    },
    {
      "geometry": {
        "coordinates": [
          133.196277,
          34.407372
        ],
        "type": "Point"
      },
      "properties": {
        "bangumi_id": 437593,
        "bangumi_title": "杂旅-That's Journey-",
        "ep_cut": 8,
        "image_url": "https://w.junreimap.com/images/user/2202/bangumi/437593/points/93zgoo7-1766842473512.jpg",
        "location": "尾道",
        "point_id": "93zgoo7",
        "point_name": "持光寺",
        "remark": ""
      },
      "type": "Feature"
    },
    {
      "geometry": {
        "coordinates": [
          133.198253,
          34.407804
        ],
        "type": "Point"
      },
      "properties": {
        "bangumi_id": 437593,
        "bangumi_title": "杂旅-That's Journey-",
        "ep_cut": 8,
        "image_url": "https://w.junreimap.com/images/user/2202/bangumi/437593/points/93zn7rq-1766842668094.jpg",
        "location": "尾道",
        "point_id": "93zn7rq",
        "point_name": "茶立玄 山手",
        "remark": ""
      },
      "type": "Feature"
    },
    {
      "geometry": {
        "coordinates": [
          133.19787,
          34.407628
        ],
        "type": "Point"
      },
      "properties": {
        "bangumi_id": 437593,
        "bangumi_title": "杂旅-That's Journey-",
        "ep_cut": 8,
        "image_url": "https://w.junreimap.com/images/user/2202/bangumi/437593/points/93zqbos-1766842813372.jpg",
        "location": "尾道",
        "point_id": "93zqbos",
        "point_name": "光明寺",
        "remark": "图中建筑为光明寺"
      },
      "type": "Feature"
    },
    {
      "geometry": {
        "coordinates": [
          133.199804,
          34.408289
        ],
        "type": "Point"
      },
      "properties": {
        "bangumi_id": 437593,
        "bangumi_title": "杂旅-That's Journey-",
        "ep_cut": "",
        "image_url": "https://w.junreimap.com/images/user/2202/bangumi/437593/points/93ztdvc-1766842958589.jpg",
        "location": "尾道",
        "point_id": "93ztdvc",
        "point_name": "antenna Coffee House",
        "remark": "右侧建筑为antenna Coffee House"
      },
      "type": "Feature"
    },
    {
      "geometry": {
        "coordinates": [
          133.199804,
          34.408289
        ],
        "type": "Point"
      },
      "properties": {
        "bangumi_id": 437593,
        "bangumi_title": "杂旅-That's Journey-",
        "ep_cut": 8,
        "image_url": "https://w.junreimap.com/images/user/2202/bangumi/437593/points/93zv63s-1766843042558.jpg",
        "location": "尾道",
        "point_id": "93zv63s",
        "point_name": "antenna Coffee House",
        "remark": "右侧建筑为antenna Coffee House"
      },
      "type": "Feature"
    },
    {
      "geometry": {
        "coordinates": [
          133.1998,
          34.408292
        ],
        "type": "Point"
      },
      "properties": {
        "bangumi_id": 437593,
        "bangumi_title": "杂旅-That's Journey-",
        "ep_cut": 8,
        "image_url": "https://w.junreimap.com/images/user/2202/bangumi/437593/points/93zwf5l-1766843103710.jpg",
        "location": "尾道",
        "point_id": "93zwf5l",
        "point_name": "antenna Coffee House",
        "remark": ""
      },
      "type": "Feature"
    },
    {
      "geometry": {
        "coordinates": [
          133.199785,
          34.408312
        ],
        "type": "Point"
      },
      "properties": {
        "bangumi_id": 437593,
        "bangumi_title": "杂旅-That's Journey-",
        "ep_cut": "",
        "image_url": "https://w.junreimap.com/images/user/2202/bangumi/437593/points/93zxemy-1766843142459.jpg",
        "location": "尾道",
        "point_id": "93zxemy",
        "point_name": "antenna Coffee House",
        "remark": ""
      },
      "type": "Feature"
    },
    {
      "geometry": {
        "coordinates": [
          133.198952,
          34.409385
        ],
        "type": "Point"
      },
      "properties": {
        "bangumi_id": 437593,
        "bangumi_title": "杂旅-That's Journey-",
        "ep_cut": 8,
        "image_url": "https://w.junreimap.com/images/user/2202/bangumi/437593/points/93zz6q1-1766843233886.jpg",
        "location": "尾道",
        "point_id": "93zz6q1",
        "point_name": "千光寺新道",
        "remark": ""
      },
      "type": "Feature"
    },
    {
      "geometry": {
        "coordinates": [
          133.199163,
          34.409996
        ],
        "type": "Point"
      },
      "properties": {
        "bangumi_id": 437593,
        "bangumi_title": "杂旅-That's Journey-",
        "ep_cut": 8,
        "image_url": "https://w.junreimap.com/images/user/2202/bangumi/437593/points/9401hji-1766843367063.jpg",
        "location": "尾道",
        "point_id": "9401hji",
        "point_name": "千光寺通",
        "remark": ""
      },
      "type": "Feature"
    },
    {
      "geometry": {
        "coordinates": [
          133.197807,
          34.410835
        ],
        "type": "Point"
      },
      "properties": {
        "bangumi_id": 437593,
        "bangumi_title": "杂旅-That's Journey-",
        "ep_cut": 8,
        "image_url": "https://w.junreimap.com/images/user/2202/bangumi/437593/points/9403b2a-1766843423077.jpg",
        "location": "尾道",
        "point_id": "9403b2a",
        "point_name": "文学のこみち",
        "remark": ""
      },
      "type": "Feature"
    },
    {
      "geometry": {
        "coordinates": [
          134.122255,
          34.345501
        ],
        "type": "Point"
      },
      "properties": {
        "bangumi_id": 437593,
        "bangumi_title": "杂旅-That's Journey-",
        "ep_cut": 3,
        "image_url": "https://w.junreimap.com/images/user/2202/bangumi/437593/points/941hetq-1766845782236.jpg",
        "location": "八栗",
        "point_id": "941hetq",
        "point_name": "源平合戦総門碑",
        "remark": ""
      },
      "type": "Feature"
    },
    {
      "geometry": {
        "coordinates": [
          134.122284,
          34.345558
        ],
        "type": "Point"
      },
      "properties": {
        "bangumi_id": 437593,
        "bangumi_title": "杂旅-That's Journey-",
        "ep_cut": 3,
        "image_url": "https://w.junreimap.com/images/user/2202/bangumi/437593/points/941iwm7-1766845836551.jpg",
        "location": "八栗",
        "point_id": "941iwm7",
        "point_name": "源平合戦総門碑",
        "remark": ""
      },
      "type": "Feature"
    },
    {
      "geometry": {
        "coordinates": [
          134.122293,
          34.345585
        ],
        "type": "Point"
      },
      "properties": {
        "bangumi_id": 437593,
        "bangumi_title": "杂旅-That's Journey-",
        "ep_cut": 3,
        "image_url": "https://w.junreimap.com/images/user/2202/bangumi/437593/points/941jlix-1766845856994.jpg",
        "location": "八栗",
        "point_id": "941jlix",
        "point_name": "源平合戦総門碑",
        "remark": ""
      },
      "type": "Feature"
    },
    {
      "geometry": {
        "coordinates": [
          134.128277,
          34.350778
        ],
        "type": "Point"
      },
      "properties": {
        "bangumi_id": 437593,
        "bangumi_title": "杂旅-That's Journey-",
        "ep_cut": 3,
        "image_url": "https://w.junreimap.com/images/user/2202/bangumi/437593/points/941ldot-1766845953929.jpg",
        "location": "八栗",
        "point_id": "941ldot",
        "point_name": "中村節朗石材",
        "remark": ""
      },
      "type": "Feature"
    },
    {
      "geometry": {
        "coordinates": [
          134.128309,
          34.350766
        ],
        "type": "Point"
      },
      "properties": {
        "bangumi_id": 437593,
        "bangumi_title": "杂旅-That's Journey-",
        "ep_cut": 3,
        "image_url": "https://w.junreimap.com/images/user/2202/bangumi/437593/points/941m86t-1766845981528.jpg",
        "location": "八栗",
        "point_id": "941m86t",
        "point_name": "中村節朗石材",
        "remark": ""
      },
      "type": "Feature"
    },
    {
      "geometry": {
        "coordinates": [
          135.182128,
          35.55288
        ],
        "type": "Point"
      },
      "properties": {
        "bangumi_id": 437593,
        "bangumi_title": "杂旅-That's Journey-",
        "ep_cut": 4,
        "image_url": "https://w.junreimap.com/images/user/0/bangumi/437593/points/d0qsxn2-1775353549779.jpg",
        "location": "丹後",
        "point_id": "d0qsxn2",
        "point_name": "飛龍觀展望",
        "remark": ""
      },
      "type": "Feature"
    },
    {
      "geometry": {
        "coordinates": [
          135.182344,
          35.552496
        ],
        "type": "Point"
      },
      "properties": {
        "bangumi_id": 437593,
        "bangumi_title": "杂旅-That's Journey-",
        "ep_cut": 4,
        "image_url": "https://w.junreimap.com/images/user/0/bangumi/437593/points/d0qx10k-1775353760998.jpg",
        "location": "丹後",
        "point_id": "d0qx10k",
        "point_name": "グッズ売リ埸",
        "remark": ""
      },
      "type": "Feature"
    },
    {
      "geometry": {
        "coordinates": [
          135.186247,
          35.558611
        ],
        "type": "Point"
      },
      "properties": {
        "bangumi_id": 437593,
        "bangumi_title": "杂旅-That's Journey-",
        "ep_cut": 4,
        "image_url": "https://w.junreimap.com/images/user/0/bangumi/437593/points/d0shu6v-1775356402211.jpg",
        "location": "丹後",
        "point_id": "d0shu6v",
        "point_name": "大天橋",
        "remark": ""
      },
      "type": "Feature"
    },
    {
      "geometry": {
        "coordinates": [
          135.187405,
          35.560565
        ],
        "type": "Point"
      },
      "properties": {
        "bangumi_id": 437593,
        "bangumi_title": "杂旅-That's Journey-",
        "ep_cut": 4,
        "image_url": "https://w.junreimap.com/images/user/0/bangumi/437593/points/d0syv96-1775357221238.jpg",
        "location": "丹後",
        "point_id": "d0syv96",
        "point_name": "与謝野寬·晶子夫妻歌碑",
        "remark": ""
      },
      "type": "Feature"
    },
    {
      "geometry": {
        "coordinates": [
          135.186701,
          35.562709
        ],
        "type": "Point"
      },
      "properties": {
        "bangumi_id": 437593,
        "bangumi_title": "杂旅-That's Journey-",
        "ep_cut": 4,
        "image_url": "https://w.junreimap.com/images/user/0/bangumi/437593/points/d0txjqk-1775358816409.jpg",
        "location": "丹後",
        "point_id": "d0txjqk",
        "point_name": "四等三角点 文殊",
        "remark": ""
      },
      "type": "Feature"
    }
  ],
  "type": "FeatureCollection"
}