{
  "features": [
    {
      "geometry": {
        "coordinates": [
          139.668688,
          35.609344
        ],
        "type": "Point"
      },
      "properties": {
        "bangumi_id": 513345,
        "bangumi_title": "薰香花朵凛然绽放",
        "ep_cut": 1,
        "image_url": "https://w.junreimap.com/images/points/513345/274blxx_1751794440591.jpg",
        "location": "セザーム​自由ケ丘（自由ケ丘站-目黑区-东京都）",
        "point_id": "274blxx",
        "point_name": "マルシェドブルーエプリュス",
        "remark": "凛太郎家蛋糕店门口。蛋糕店的入口原型之一是マルシェドブルーエプリュス，与作品中的建筑结构有些不同。与葛饰区的お菓子のお家 Prune有所融合。"
      },
      "type": "Feature"
    },
    {
      "geometry": {
        "coordinates": [
          139.668676,
          35.60933
        ],
        "type": "Point"
      },
      "properties": {
        "bangumi_id": 513345,
        "bangumi_title": "薰香花朵凛然绽放",
        "ep_cut": 13,
        "image_url": "https://w.junreimap.com/images/points/513345/5jdzuzf_1759066629830.jpg",
        "location": "セザーム​自由ケ丘（自由ケ丘站-目黑区-东京都）",
        "point_id": "5jdzuzf",
        "point_name": "マルシェドブルーエプリュス",
        "remark": ""
      },
      "type": "Feature"
    },
    {
      "geometry": {
        "coordinates": [
          139.668583,
          35.609312
        ],
        "type": "Point"
      },
      "properties": {
        "bangumi_id": 513345,
        "bangumi_title": "薰香花朵凛然绽放",
        "ep_cut": 13,
        "image_url": "https://w.junreimap.com/images/points/513345/5je3y04_1759066836159.jpg",
        "location": "セザーム​自由ケ丘（自由ケ丘站-目黑区-东京都）",
        "point_id": "5je3y04",
        "point_name": "マルシェドブルーエプリュス",
        "remark": "左侧建筑是MILKLAND，右侧建筑是Tanomi"
      },
      "type": "Feature"
    },
    {
      "geometry": {
        "coordinates": [
          139.668688,
          35.609352
        ],
        "type": "Point"
      },
      "properties": {
        "bangumi_id": 513345,
        "bangumi_title": "薰香花朵凛然绽放",
        "ep_cut": 2,
        "image_url": "https://w.junreimap.com/images/points/513345/2g81ji6_1752344884978.jpg",
        "location": "セザーム​自由ケ丘（自由ケ丘站-目黑区-东京都）",
        "point_id": "2g81ji6",
        "point_name": "マルシェドブルーエプリュス",
        "remark": "凛太郎家蛋糕店门口。蛋糕店的入口原型之一是マルシェドブルーエプリュス，与作品中的建筑结构有些不同。与葛饰区的お菓子のお家 Prune有所融合。"
      },
      "type": "Feature"
    },
    {
      "geometry": {
        "coordinates": [
          139.668721,
          35.609329
        ],
        "type": "Point"
      },
      "properties": {
        "bangumi_id": 513345,
        "bangumi_title": "薰香花朵凛然绽放",
        "ep_cut": 5,
        "image_url": "https://w.junreimap.com/images/points/513345/3b1dm2b_1754208140964.jpg",
        "location": "セザーム​自由ケ丘（自由ケ丘站-目黑区-东京都）",
        "point_id": "3b1dm2b",
        "point_name": "マルシェドブルーエプリュス",
        "remark": ""
      },
      "type": "Feature"
    },
    {
      "geometry": {
        "coordinates": [
          139.668674,
          35.609344
        ],
        "type": "Point"
      },
      "properties": {
        "bangumi_id": 513345,
        "bangumi_title": "薰香花朵凛然绽放",
        "ep_cut": 1,
        "image_url": "https://w.junreimap.com/images/points/513345/274bqos_1751794446882.jpg",
        "location": "セザーム​自由ケ丘（自由ケ丘站-目黑区-东京都）",
        "point_id": "274bqos",
        "point_name": "マルシェドブルーエプリュス",
        "remark": "凛太郎家蛋糕店门口。蛋糕店的入口原型之一是マルシェドブルーエプリュス，与作品中的建筑结构有些不同。与葛饰区的お菓子のお家 Prune有所融合。"
      },
      "type": "Feature"
    },
    {
      "geometry": {
        "coordinates": [
          139.668687,
          35.609337
        ],
        "type": "Point"
      },
      "properties": {
        "bangumi_id": 513345,
        "bangumi_title": "薰香花朵凛然绽放",
        "ep_cut": 13,
        "image_url": "https://w.junreimap.com/images/points/513345/5je7qlg_1759067000514.jpg",
        "location": "セザーム​自由ケ丘（自由ケ丘站-目黑区-东京都）",
        "point_id": "5je7qlg",
        "point_name": "マルシェドブルーエプリュス",
        "remark": "薰子可爱捏"
      },
      "type": "Feature"
    },
    {
      "geometry": {
        "coordinates": [
          139.668666,
          35.609311
        ],
        "type": "Point"
      },
      "properties": {
        "bangumi_id": 513345,
        "bangumi_title": "薰香花朵凛然绽放",
        "ep_cut": 13,
        "image_url": "https://w.junreimap.com/images/points/513345/5je8ckq_1759067031324.jpg",
        "location": "セザーム​自由ケ丘（自由ケ丘站-目黑区-东京都）",
        "point_id": "5je8ckq",
        "point_name": "マルシェドブルーエプリュス",
        "remark": ""
      },
      "type": "Feature"
    },
    {
      "geometry": {
        "coordinates": [
          139.668674,
          35.609337
        ],
        "type": "Point"
      },
      "properties": {
        "bangumi_id": 513345,
        "bangumi_title": "薰香花朵凛然绽放",
        "ep_cut": 13,
        "image_url": "https://w.junreimap.com/images/points/513345/5je8kxl_1759067035390.jpg",
        "location": "セザーム​自由ケ丘（自由ケ丘站-目黑区-东京都）",
        "point_id": "5je8kxl",
        "point_name": "マルシェドブルーエプリュス",
        "remark": ""
      },
      "type": "Feature"
    },
    {
      "geometry": {
        "coordinates": [
          139.668659,
          35.609301
        ],
        "type": "Point"
      },
      "properties": {
        "bangumi_id": 513345,
        "bangumi_title": "薰香花朵凛然绽放",
        "ep_cut": 13,
        "image_url": "https://w.junreimap.com/images/points/513345/5je8op0_1759067040288.jpg",
        "location": "セザーム​自由ケ丘（自由ケ丘站-目黑区-东京都）",
        "point_id": "5je8op0",
        "point_name": "マルシェドブルーエプリュス",
        "remark": ""
      },
      "type": "Feature"
    },
    {
      "geometry": {
        "coordinates": [
          139.668802,
          35.609296
        ],
        "type": "Point"
      },
      "properties": {
        "bangumi_id": 513345,
        "bangumi_title": "薰香花朵凛然绽放",
        "ep_cut": 13,
        "image_url": "https://w.junreimap.com/images/points/513345/5je8x6r_1759067052230.jpg",
        "location": "セザーム​自由ケ丘（自由ケ丘站-目黑区-东京都）",
        "point_id": "5je8x6r",
        "point_name": "マルシェドブルーエプリュス",
        "remark": ""
      },
      "type": "Feature"
    },
    {
      "geometry": {
        "coordinates": [
          139.668631,
          35.609289
        ],
        "type": "Point"
      },
      "properties": {
        "bangumi_id": 513345,
        "bangumi_title": "薰香花朵凛然绽放",
        "ep_cut": 1,
        "image_url": "https://w.junreimap.com/images/points/513345/2748trt_1751794310551.jpg",
        "location": "セザーム​自由ケ丘（自由ケ丘站-目黑区-东京都）",
        "point_id": "2748trt",
        "point_name": "マルシェドブルーエプリュス",
        "remark": "凛太郎家蛋糕店门口。此处蛋糕店的入口原型是マルシェドブルーエプリュス，与作品中的建筑结构有些不同。"
      },
      "type": "Feature"
    },
    {
      "geometry": {
        "coordinates": [
          139.668681,
          35.609309
        ],
        "type": "Point"
      },
      "properties": {
        "bangumi_id": 513345,
        "bangumi_title": "薰香花朵凛然绽放",
        "ep_cut": 13,
        "image_url": "https://w.junreimap.com/images/points/513345/5je00k1_1759066636693.jpg",
        "location": "セザーム​自由ケ丘（自由ケ丘站-目黑区-东京都）",
        "point_id": "5je00k1",
        "point_name": "マルシェドブルーエプリュス",
        "remark": ""
      },
      "type": "Feature"
    },
    {
      "geometry": {
        "coordinates": [
          139.668679,
          35.609283
        ],
        "type": "Point"
      },
      "properties": {
        "bangumi_id": 513345,
        "bangumi_title": "薰香花朵凛然绽放",
        "ep_cut": 13,
        "image_url": "https://w.junreimap.com/images/points/513345/5je070t_1759066648079.jpg",
        "location": "セザーム​自由ケ丘（自由ケ丘站-目黑区-东京都）",
        "point_id": "5je070t",
        "point_name": "マルシェドブルーエプリュス",
        "remark": ""
      },
      "type": "Feature"
    },
    {
      "geometry": {
        "coordinates": [
          139.668701,
          35.609343
        ],
        "type": "Point"
      },
      "properties": {
        "bangumi_id": 513345,
        "bangumi_title": "薰香花朵凛然绽放",
        "ep_cut": 1,
        "image_url": "https://w.junreimap.com/images/points/513345/2747vx5_1751794268204.jpg",
        "location": "セザーム​自由ケ丘（自由ケ丘站-目黑区-东京都）",
        "point_id": "2747vx5",
        "point_name": "マルシェドブルーエプリュス",
        "remark": "凛太郎家蛋糕店门口。此处蛋糕店的入口原型是マルシェドブルーエプリュス，与作品中的建筑结构有些不同。内部取景为葛饰区的お菓子のお家 Prune。"
      },
      "type": "Feature"
    },
    {
      "geometry": {
        "coordinates": [
          139.669103,
          35.609277
        ],
        "type": "Point"
      },
      "properties": {
        "bangumi_id": 513345,
        "bangumi_title": "薰香花朵凛然绽放",
        "ep_cut": 13,
        "image_url": "https://w.junreimap.com/images/points/513345/5je1lve_1759066716215.jpg",
        "location": "セザーム​自由ケ丘（自由ケ丘站-目黑区-东京都）",
        "point_id": "5je1lve",
        "point_name": "BoConcept 前",
        "remark": ""
      },
      "type": "Feature"
    },
    {
      "geometry": {
        "coordinates": [
          139.668797,
          35.609307
        ],
        "type": "Point"
      },
      "properties": {
        "bangumi_id": 513345,
        "bangumi_title": "薰香花朵凛然绽放",
        "ep_cut": "PV1",
        "image_url": "https://w.junreimap.com/images/points/355555/rrjjz317d_1736471686657_c16v9.jpg",
        "location": "セザーム​自由ケ丘（自由ケ丘站-目黑区-东京都）",
        "point_id": "rrjjz317d",
        "point_name": "マルシェドブルーエプリュス",
        "remark": ""
      },
      "type": "Feature"
    },
    {
      "geometry": {
        "coordinates": [
          139.668829,
          35.609306
        ],
        "type": "Point"
      },
      "properties": {
        "bangumi_id": 513345,
        "bangumi_title": "薰香花朵凛然绽放",
        "ep_cut": 2,
        "image_url": "https://w.junreimap.com/images/points/513345/2g7zaeh_1752344780078.jpg",
        "location": "セザーム​自由ケ丘（自由ケ丘站-目黑区-东京都）",
        "point_id": "2g7zaeh",
        "point_name": "マルシェドブルーエプリュス",
        "remark": ""
      },
      "type": "Feature"
    },
    {
      "geometry": {
        "coordinates": [
          139.668839,
          35.609282
        ],
        "type": "Point"
      },
      "properties": {
        "bangumi_id": 513345,
        "bangumi_title": "薰香花朵凛然绽放",
        "ep_cut": 1,
        "image_url": "https://w.junreimap.com/images/points/513345/2743bbp_1751794066678.jpg",
        "location": "セザーム​自由ケ丘（自由ケ丘站-目黑区-东京都）",
        "point_id": "2743bbp",
        "point_name": "マルシェドブルーエプリュス",
        "remark": "EP1中，凛太郎与薰子在蛋糕店门口道别。此处蛋糕店的入口原型是マルシェドブルーエプリュス。"
      },
      "type": "Feature"
    },
    {
      "geometry": {
        "coordinates": [
          139.66832,
          35.609325
        ],
        "type": "Point"
      },
      "properties": {
        "bangumi_id": 513345,
        "bangumi_title": "薰香花朵凛然绽放",
        "ep_cut": "OP1",
        "image_url": "https://w.junreimap.com/images/points/513345/382ehmc_1754028467776.jpg",
        "location": "セザーム​自由ケ丘（自由ケ丘站-目黑区-东京都）",
        "point_id": "382ehmc",
        "point_name": "マルシェドブルーエプリュス",
        "remark": ""
      },
      "type": "Feature"
    },
    {
      "geometry": {
        "coordinates": [
          139.66872,
          35.609306
        ],
        "type": "Point"
      },
      "properties": {
        "bangumi_id": 513345,
        "bangumi_title": "薰香花朵凛然绽放",
        "ep_cut": 1,
        "image_url": "https://w.junreimap.com/images/points/513345/274b2qx_1751794419841.jpg",
        "location": "セザーム​自由ケ丘（自由ケ丘站-目黑区-东京都）",
        "point_id": "274b2qx",
        "point_name": "マルシェドブルーエプリュス",
        "remark": "凛太郎家蛋糕店门口。蛋糕店的入口原型是マルシェドブルーエプリュス，与作品中的建筑结构有些不同。"
      },
      "type": "Feature"
    },
    {
      "geometry": {
        "coordinates": [
          139.668757,
          35.609326
        ],
        "type": "Point"
      },
      "properties": {
        "bangumi_id": 513345,
        "bangumi_title": "薰香花朵凛然绽放",
        "ep_cut": 1,
        "image_url": "https://w.junreimap.com/images/points/513345/27466t2_1751794190656.jpg",
        "location": "セザーム​自由ケ丘（自由ケ丘站-目黑区-东京都）",
        "point_id": "27466t2",
        "point_name": "マルシェドブルーエプリュス",
        "remark": "EP1中，凛太郎与薰子在蛋糕店门口道别。此处蛋糕店的入口原型是マルシェドブルーエプリュス。"
      },
      "type": "Feature"
    },
    {
      "geometry": {
        "coordinates": [
          139.668655,
          35.60933
        ],
        "type": "Point"
      },
      "properties": {
        "bangumi_id": 513345,
        "bangumi_title": "薰香花朵凛然绽放",
        "ep_cut": 1,
        "image_url": "https://w.junreimap.com/images/points/513345/274eaat_1751794567357.jpg",
        "location": "セザーム​自由ケ丘（自由ケ丘站-目黑区-东京都）",
        "point_id": "274eaat",
        "point_name": "マルシェドブルーエプリュス",
        "remark": "凛太郎家蛋糕店门口。蛋糕店的入口原型是マルシェドブルーエプリュス，与作品中的建筑结构有些不同。"
      },
      "type": "Feature"
    },
    {
      "geometry": {
        "coordinates": [
          139.668631,
          35.609312
        ],
        "type": "Point"
      },
      "properties": {
        "bangumi_id": 513345,
        "bangumi_title": "薰香花朵凛然绽放",
        "ep_cut": 6,
        "image_url": "https://w.junreimap.com/images/points/513345/3lgwfco_1754838877749.jpg",
        "location": "セザーム​自由ケ丘（自由ケ丘站-目黑区-东京都）",
        "point_id": "3lgwfco",
        "point_name": "マルシェドブルーエプリュス",
        "remark": ""
      },
      "type": "Feature"
    },
    {
      "geometry": {
        "coordinates": [
          139.668644,
          35.609324
        ],
        "type": "Point"
      },
      "properties": {
        "bangumi_id": 513345,
        "bangumi_title": "薰香花朵凛然绽放",
        "ep_cut": 1,
        "image_url": "https://w.junreimap.com/images/points/513345/274f4nf_1751794611265.jpg",
        "location": "セザーム​自由ケ丘（自由ケ丘站-目黑区-东京都）",
        "point_id": "274f4nf",
        "point_name": "マルシェドブルーエプリュス",
        "remark": "凛太郎家蛋糕店门口。蛋糕店的入口原型是マルシェドブルーエプリュス，与作品中的建筑结构有些不同。"
      },
      "type": "Feature"
    },
    {
      "geometry": {
        "coordinates": [
          139.668865,
          35.609396
        ],
        "type": "Point"
      },
      "properties": {
        "bangumi_id": 513345,
        "bangumi_title": "薰香花朵凛然绽放",
        "ep_cut": "PV1",
        "image_url": "https://w.junreimap.com/images/points/513345/271p7bi_1751790102506.jpg",
        "location": "セザーム​自由ケ丘（自由ケ丘站-目黑区-东京都）",
        "point_id": "271p7bi",
        "point_name": "マルシェドブルーエプリュス",
        "remark": "出自TV动画的宣传PV1。现实中这个造型的路灯与蛋糕店入口原型不同框，而最近的同款路灯位于此处（附近也可以找到类似的路灯）。"
      },
      "type": "Feature"
    },
    {
      "geometry": {
        "coordinates": [
          139.668863,
          35.609375
        ],
        "type": "Point"
      },
      "properties": {
        "bangumi_id": 513345,
        "bangumi_title": "薰香花朵凛然绽放",
        "ep_cut": 2,
        "image_url": "https://w.junreimap.com/images/points/513345/2g7yudd_1752344759752.jpg",
        "location": "セザーム​自由ケ丘（自由ケ丘站-目黑区-东京都）",
        "point_id": "2g7yudd",
        "point_name": "マルシェドブルーエプリュス",
        "remark": "凛太郎家蛋糕店门口的路灯。现实中，蛋糕店取景地对面的路灯已经更换成别的款式，但路口附近仍然在用这款路灯。此处列举一个可以拍到同款路灯的点位。"
      },
      "type": "Feature"
    },
    {
      "geometry": {
        "coordinates": [
          139.669369,
          35.608928
        ],
        "type": "Point"
      },
      "properties": {
        "bangumi_id": 513345,
        "bangumi_title": "薰香花朵凛然绽放",
        "ep_cut": 1,
        "image_url": "https://w.junreimap.com/images/points/513345/273iqns_1751793109012.jpg",
        "location": "モンスーンカフェ（自由ケ丘站-目黑区-东京都）",
        "point_id": "273iqns",
        "point_name": "モンスーンカフェ 自由が丘",
        "remark": "EP1中，薰子被小混混纠缠，凛太郎挺身而出的地方。从此处往西侧拍摄。"
      },
      "type": "Feature"
    },
    {
      "geometry": {
        "coordinates": [
          139.669341,
          35.60895
        ],
        "type": "Point"
      },
      "properties": {
        "bangumi_id": 513345,
        "bangumi_title": "薰香花朵凛然绽放",
        "ep_cut": 1,
        "image_url": "https://w.junreimap.com/images/points/513345/273ux1i_1751793687923.jpg",
        "location": "モンスーンカフェ（自由ケ丘站-目黑区-东京都）",
        "point_id": "273ux1i",
        "point_name": "モンスーンカフェ 自由が丘",
        "remark": "EP1中，薰子被小混混纠缠，凛太郎挺身而出的地方。从此处往西侧拍摄。"
      },
      "type": "Feature"
    },
    {
      "geometry": {
        "coordinates": [
          139.66912,
          35.608952
        ],
        "type": "Point"
      },
      "properties": {
        "bangumi_id": 513345,
        "bangumi_title": "薰香花朵凛然绽放",
        "ep_cut": 1,
        "image_url": "https://w.junreimap.com/images/points/513345/273saf9_1751793633057.jpg",
        "location": "モンスーンカフェ（自由ケ丘站-目黑区-东京都）",
        "point_id": "273saf9",
        "point_name": "モンスーンカフェ 自由が丘",
        "remark": "EP1中，薰子被小混混纠缠，凛太郎挺身而出的地方。"
      },
      "type": "Feature"
    },
    {
      "geometry": {
        "coordinates": [
          139.669136,
          35.608955
        ],
        "type": "Point"
      },
      "properties": {
        "bangumi_id": 513345,
        "bangumi_title": "薰香花朵凛然绽放",
        "ep_cut": 1,
        "image_url": "https://w.junreimap.com/images/points/513345/273lzrh_1751793256421.jpg",
        "location": "モンスーンカフェ（自由ケ丘站-目黑区-东京都）",
        "point_id": "273lzrh",
        "point_name": "モンスーンカフェ 自由が丘",
        "remark": "EP1中，薰子被小混混纠缠，凛太郎挺身而出的地方。"
      },
      "type": "Feature"
    },
    {
      "geometry": {
        "coordinates": [
          139.669071,
          35.608983
        ],
        "type": "Point"
      },
      "properties": {
        "bangumi_id": 513345,
        "bangumi_title": "薰香花朵凛然绽放",
        "ep_cut": "OP1",
        "image_url": "https://w.junreimap.com/images/points/513345/26ebvzl_1751750810782.jpg",
        "location": "モンスーンカフェ（自由ケ丘站-目黑区-东京都）",
        "point_id": "26ebvzl",
        "point_name": "自由が丘",
        "remark": ""
      },
      "type": "Feature"
    },
    {
      "geometry": {
        "coordinates": [
          139.669286,
          35.60891
        ],
        "type": "Point"
      },
      "properties": {
        "bangumi_id": 513345,
        "bangumi_title": "薰香花朵凛然绽放",
        "ep_cut": 1,
        "image_url": "https://w.junreimap.com/images/points/513345/273mwam_1751793294613.jpg",
        "location": "モンスーンカフェ（自由ケ丘站-目黑区-东京都）",
        "point_id": "273mwam",
        "point_name": "モンスーンカフェ 自由が丘",
        "remark": "站在台阶上向下拍摄。"
      },
      "type": "Feature"
    },
    {
      "geometry": {
        "coordinates": [
          139.669287,
          35.608938
        ],
        "type": "Point"
      },
      "properties": {
        "bangumi_id": 513345,
        "bangumi_title": "薰香花朵凛然绽放",
        "ep_cut": 9,
        "image_url": "https://w.junreimap.com/images/points/513345/4f72jv8_1756636358954.jpg",
        "location": "モンスーンカフェ（自由ケ丘站-目黑区-东京都）",
        "point_id": "4f72jv8",
        "point_name": "モンスーンカフェ 自由が丘",
        "remark": "此处东望"
      },
      "type": "Feature"
    },
    {
      "geometry": {
        "coordinates": [
          139.669378,
          35.608929
        ],
        "type": "Point"
      },
      "properties": {
        "bangumi_id": 513345,
        "bangumi_title": "薰香花朵凛然绽放",
        "ep_cut": 9,
        "image_url": "https://w.junreimap.com/images/points/513345/4f733ia_1756636376552.jpg",
        "location": "モンスーンカフェ（自由ケ丘站-目黑区-东京都）",
        "point_id": "4f733ia",
        "point_name": "モンスーンカフェ 自由が丘",
        "remark": ""
      },
      "type": "Feature"
    },
    {
      "geometry": {
        "coordinates": [
          139.669275,
          35.608905
        ],
        "type": "Point"
      },
      "properties": {
        "bangumi_id": 513345,
        "bangumi_title": "薰香花朵凛然绽放",
        "ep_cut": 1,
        "image_url": "https://w.junreimap.com/images/points/513345/273x396_1751793762426.jpg",
        "location": "モンスーンカフェ（自由ケ丘站-目黑区-东京都）",
        "point_id": "273x396",
        "point_name": "モンスーンカフェ 自由が丘",
        "remark": "EP1中，薰子被小混混纠缠，凛太郎挺身而出的地方。"
      },
      "type": "Feature"
    },
    {
      "geometry": {
        "coordinates": [
          139.669291,
          35.608901
        ],
        "type": "Point"
      },
      "properties": {
        "bangumi_id": 513345,
        "bangumi_title": "薰香花朵凛然绽放",
        "ep_cut": 1,
        "image_url": "https://w.junreimap.com/images/points/513345/273ybk7_1751793826747.jpg",
        "location": "モンスーンカフェ（自由ケ丘站-目黑区-东京都）",
        "point_id": "273ybk7",
        "point_name": "モンスーンカフェ 自由が丘",
        "remark": "EP1中，薰子被小混混纠缠，凛太郎挺身而出的地方。"
      },
      "type": "Feature"
    },
    {
      "geometry": {
        "coordinates": [
          139.669384,
          35.608939
        ],
        "type": "Point"
      },
      "properties": {
        "bangumi_id": 513345,
        "bangumi_title": "薰香花朵凛然绽放",
        "ep_cut": 9,
        "image_url": "https://w.junreimap.com/images/points/513345/4f73a74_1756636384087.jpg",
        "location": "モンスーンカフェ（自由ケ丘站-目黑区-东京都）",
        "point_id": "4f73a74",
        "point_name": "モンスーンカフェ 自由が丘",
        "remark": ""
      },
      "type": "Feature"
    },
    {
      "geometry": {
        "coordinates": [
          139.669381,
          35.608935
        ],
        "type": "Point"
      },
      "properties": {
        "bangumi_id": 513345,
        "bangumi_title": "薰香花朵凛然绽放",
        "ep_cut": 9,
        "image_url": "https://w.junreimap.com/images/points/513345/4f73fcq_1756636400896.jpg",
        "location": "モンスーンカフェ（自由ケ丘站-目黑区-东京都）",
        "point_id": "4f73fcq",
        "point_name": "モンスーンカフェ 自由が丘",
        "remark": ""
      },
      "type": "Feature"
    },
    {
      "geometry": {
        "coordinates": [
          139.669373,
          35.60892
        ],
        "type": "Point"
      },
      "properties": {
        "bangumi_id": 513345,
        "bangumi_title": "薰香花朵凛然绽放",
        "ep_cut": 9,
        "image_url": "https://w.junreimap.com/images/points/513345/4f73irj_1756636395125.jpg",
        "location": "モンスーンカフェ（自由ケ丘站-目黑区-东京都）",
        "point_id": "4f73irj",
        "point_name": "モンスーンカフェ 自由が丘",
        "remark": ""
      },
      "type": "Feature"
    },
    {
      "geometry": {
        "coordinates": [
          139.669259,
          35.608913
        ],
        "type": "Point"
      },
      "properties": {
        "bangumi_id": 513345,
        "bangumi_title": "薰香花朵凛然绽放",
        "ep_cut": 1,
        "image_url": "https://w.junreimap.com/images/points/513345/273wans_1751793727358.jpg",
        "location": "モンスーンカフェ（自由ケ丘站-目黑区-东京都）",
        "point_id": "273wans",
        "point_name": "モンスーンカフェ 自由が丘",
        "remark": "EP1中，薰子被小混混纠缠，凛太郎挺身而出的地方。"
      },
      "type": "Feature"
    },
    {
      "geometry": {
        "coordinates": [
          139.669285,
          35.608898
        ],
        "type": "Point"
      },
      "properties": {
        "bangumi_id": 513345,
        "bangumi_title": "薰香花朵凛然绽放",
        "ep_cut": 1,
        "image_url": "https://w.junreimap.com/images/points/513345/273xebi_1751793778096.jpg",
        "location": "モンスーンカフェ（自由ケ丘站-目黑区-东京都）",
        "point_id": "273xebi",
        "point_name": "モンスーンカフェ 自由が丘",
        "remark": "EP1中，薰子被小混混纠缠，凛太郎挺身而出的地方。"
      },
      "type": "Feature"
    },
    {
      "geometry": {
        "coordinates": [
          139.668837,
          35.609009
        ],
        "type": "Point"
      },
      "properties": {
        "bangumi_id": 513345,
        "bangumi_title": "薰香花朵凛然绽放",
        "ep_cut": 1,
        "image_url": "https://w.junreimap.com/images/points/513345/273qddh_1751793476668.jpg",
        "location": "モンスーンカフェ（自由ケ丘站-目黑区-东京都）",
        "point_id": "273qddh",
        "point_name": "アイケイビル前",
        "remark": "EP1中，寻找失踪的薰子时，凛太郎驻足的路口处。"
      },
      "type": "Feature"
    },
    {
      "geometry": {
        "coordinates": [
          139.668836,
          35.608997
        ],
        "type": "Point"
      },
      "properties": {
        "bangumi_id": 513345,
        "bangumi_title": "薰香花朵凛然绽放",
        "ep_cut": 1,
        "image_url": "https://w.junreimap.com/images/points/513345/273risd_1751793503687.jpg",
        "location": "モンスーンカフェ（自由ケ丘站-目黑区-东京都）",
        "point_id": "273risd",
        "point_name": "アイケイビル前",
        "remark": "EP1中，寻找失踪的薰子时，凛太郎驻足的路口处。"
      },
      "type": "Feature"
    },
    {
      "geometry": {
        "coordinates": [
          139.668833,
          35.608984
        ],
        "type": "Point"
      },
      "properties": {
        "bangumi_id": 513345,
        "bangumi_title": "薰香花朵凛然绽放",
        "ep_cut": 1,
        "image_url": "https://w.junreimap.com/images/points/513345/273rw5s_1751793520967.jpg",
        "location": "モンスーンカフェ（自由ケ丘站-目黑区-东京都）",
        "point_id": "273rw5s",
        "point_name": "アイケイビル前",
        "remark": "EP1中，寻找失踪的薰子时，凛太郎驻足的路口处。"
      },
      "type": "Feature"
    },
    {
      "geometry": {
        "coordinates": [
          139.668845,
          35.609078
        ],
        "type": "Point"
      },
      "properties": {
        "bangumi_id": 513345,
        "bangumi_title": "薰香花朵凛然绽放",
        "ep_cut": 1,
        "image_url": "https://w.junreimap.com/images/points/513345/273p4ry_1751793410647.jpg",
        "location": "モンスーンカフェ（自由ケ丘站-目黑区-东京都）",
        "point_id": "273p4ry",
        "point_name": "アイケイビル前",
        "remark": "EP1中，寻找失踪的薰子时，凛太郎跑步经过的地方。"
      },
      "type": "Feature"
    },
    {
      "geometry": {
        "coordinates": [
          139.66882,
          35.609001
        ],
        "type": "Point"
      },
      "properties": {
        "bangumi_id": 513345,
        "bangumi_title": "薰香花朵凛然绽放",
        "ep_cut": "OP1",
        "image_url": "https://w.junreimap.com/images/points/513345/282taga_1751852455610_c16v9.jpg",
        "location": "モンスーンカフェ（自由ケ丘站-目黑区-东京都）",
        "point_id": "282taga",
        "point_name": "タイムズ自由が丘",
        "remark": ""
      },
      "type": "Feature"
    },
    {
      "geometry": {
        "coordinates": [
          139.668583,
          35.609001
        ],
        "type": "Point"
      },
      "properties": {
        "bangumi_id": 513345,
        "bangumi_title": "薰香花朵凛然绽放",
        "ep_cut": 1,
        "image_url": "https://w.junreimap.com/images/points/513345/28ak2gz_1751865598396_c16v9.jpg",
        "location": "モンスーンカフェ（自由ケ丘站-目黑区-东京都）",
        "point_id": "28ak2gz",
        "point_name": "キューブ​自由が丘 前",
        "remark": ""
      },
      "type": "Feature"
    },
    {
      "geometry": {
        "coordinates": [
          139.669193,
          35.608606
        ],
        "type": "Point"
      },
      "properties": {
        "bangumi_id": 513345,
        "bangumi_title": "薰香花朵凛然绽放",
        "ep_cut": 13,
        "image_url": "https://w.junreimap.com/images/points/513345/5jdpaio_1759066138775.jpg",
        "location": "モンスーンカフェ（自由ケ丘站-目黑区-东京都）",
        "point_id": "5jdpaio",
        "point_name": "クァン アン タム 北侧",
        "remark": ""
      },
      "type": "Feature"
    },
    {
      "geometry": {
        "coordinates": [
          139.66932,
          35.608574
        ],
        "type": "Point"
      },
      "properties": {
        "bangumi_id": 513345,
        "bangumi_title": "薰香花朵凛然绽放",
        "ep_cut": 13,
        "image_url": "https://w.junreimap.com/images/points/513345/5jdpg2c_1759066144674.jpg",
        "location": "モンスーンカフェ（自由ケ丘站-目黑区-东京都）",
        "point_id": "5jdpg2c",
        "point_name": "クァン アン タム 北侧",
        "remark": ""
      },
      "type": "Feature"
    },
    {
      "geometry": {
        "coordinates": [
          139.669314,
          35.608562
        ],
        "type": "Point"
      },
      "properties": {
        "bangumi_id": 513345,
        "bangumi_title": "薰香花朵凛然绽放",
        "ep_cut": 13,
        "image_url": "https://w.junreimap.com/images/points/513345/5jdpkff_1759066148219.jpg",
        "location": "モンスーンカフェ（自由ケ丘站-目黑区-东京都）",
        "point_id": "5jdpkff",
        "point_name": "クァン アン タム 北侧",
        "remark": ""
      },
      "type": "Feature"
    },
    {
      "geometry": {
        "coordinates": [
          139.669287,
          35.608583
        ],
        "type": "Point"
      },
      "properties": {
        "bangumi_id": 513345,
        "bangumi_title": "薰香花朵凛然绽放",
        "ep_cut": 13,
        "image_url": "https://w.junreimap.com/images/points/513345/5jdpo8d_1759066153259.jpg",
        "location": "モンスーンカフェ（自由ケ丘站-目黑区-东京都）",
        "point_id": "5jdpo8d",
        "point_name": "クァン アン タム 北侧",
        "remark": ""
      },
      "type": "Feature"
    },
    {
      "geometry": {
        "coordinates": [
          139.669245,
          35.608612
        ],
        "type": "Point"
      },
      "properties": {
        "bangumi_id": 513345,
        "bangumi_title": "薰香花朵凛然绽放",
        "ep_cut": "OP1",
        "image_url": "https://w.junreimap.com/images/points/513345/287czu3_1751860064359_c16v9.jpg",
        "location": "モンスーンカフェ（自由ケ丘站-目黑区-东京都）",
        "point_id": "287czu3",
        "point_name": "クァン アン タム 北侧",
        "remark": ""
      },
      "type": "Feature"
    },
    {
      "geometry": {
        "coordinates": [
          139.669289,
          35.608601
        ],
        "type": "Point"
      },
      "properties": {
        "bangumi_id": 513345,
        "bangumi_title": "薰香花朵凛然绽放",
        "ep_cut": 13,
        "image_url": "https://w.junreimap.com/images/points/513345/5jdpr8r_1759066156997.jpg",
        "location": "モンスーンカフェ（自由ケ丘站-目黑区-东京都）",
        "point_id": "5jdpr8r",
        "point_name": "クァン アン タム 北侧",
        "remark": ""
      },
      "type": "Feature"
    },
    {
      "geometry": {
        "coordinates": [
          139.669229,
          35.608583
        ],
        "type": "Point"
      },
      "properties": {
        "bangumi_id": 513345,
        "bangumi_title": "薰香花朵凛然绽放",
        "ep_cut": 13,
        "image_url": "https://w.junreimap.com/images/points/513345/5jdpu55_1759066164109.jpg",
        "location": "モンスーンカフェ（自由ケ丘站-目黑区-东京都）",
        "point_id": "5jdpu55",
        "point_name": "クァン アン タム 北侧",
        "remark": ""
      },
      "type": "Feature"
    },
    {
      "geometry": {
        "coordinates": [
          139.669334,
          35.60857
        ],
        "type": "Point"
      },
      "properties": {
        "bangumi_id": 513345,
        "bangumi_title": "薰香花朵凛然绽放",
        "ep_cut": 13,
        "image_url": "https://w.junreimap.com/images/points/513345/5jdq2z8_1759066172629.jpg",
        "location": "モンスーンカフェ（自由ケ丘站-目黑区-东京都）",
        "point_id": "5jdq2z8",
        "point_name": "クァン アン タム 北侧",
        "remark": ""
      },
      "type": "Feature"
    },
    {
      "geometry": {
        "coordinates": [
          139.66913,
          35.608549
        ],
        "type": "Point"
      },
      "properties": {
        "bangumi_id": 513345,
        "bangumi_title": "薰香花朵凛然绽放",
        "ep_cut": 1,
        "image_url": "https://w.junreimap.com/images/points/513345/274c5ni_1751794467685.jpg",
        "location": "モンスーンカフェ（自由ケ丘站-目黑区-东京都）",
        "point_id": "274c5ni",
        "point_name": "東洋堂本社ビル 前",
        "remark": "女神通り中间的一个场景 ，画面左侧建筑物及特征完全吻合。"
      },
      "type": "Feature"
    },
    {
      "geometry": {
        "coordinates": [
          139.668489,
          35.607622
        ],
        "type": "Point"
      },
      "properties": {
        "bangumi_id": 513345,
        "bangumi_title": "薰香花朵凛然绽放",
        "ep_cut": 1,
        "image_url": "https://w.junreimap.com/images/points/513345/272qvw8_1751791794143.jpg",
        "location": "东急自由が丘駅-目黑区-东京都",
        "point_id": "272qvw8",
        "point_name": "自由が丘駅 西侧",
        "remark": "EP1结尾，凛太郎送别薰子后，给出的车站远景是自由が丘駅西侧。此画面同时也出现在PV1中"
      },
      "type": "Feature"
    },
    {
      "geometry": {
        "coordinates": [
          139.668649,
          35.607826
        ],
        "type": "Point"
      },
      "properties": {
        "bangumi_id": 513345,
        "bangumi_title": "薰香花朵凛然绽放",
        "ep_cut": 1,
        "image_url": "https://w.junreimap.com/images/points/513345/2740jsw_1751793929634.jpg",
        "location": "东急自由が丘駅-目黑区-东京都",
        "point_id": "2740jsw",
        "point_name": "自由が丘駅 西侧",
        "remark": "EP1结尾及EP12结尾，凛太郎送别薰子前，此处出现的电车轨道是从自由が丘駅西侧拍摄的。该画面同样出现于PV1中。EP12中，这里在凛太郎结束七里滨之旅后，回家时出现过。"
      },
      "type": "Feature"
    },
    {
      "geometry": {
        "coordinates": [
          139.668787,
          35.608031
        ],
        "type": "Point"
      },
      "properties": {
        "bangumi_id": 513345,
        "bangumi_title": "薰香花朵凛然绽放",
        "ep_cut": 1,
        "image_url": "https://w.junreimap.com/images/points/513345/2738k82_1751792622192.jpg",
        "location": "东急自由が丘駅-目黑区-东京都",
        "point_id": "2738k82",
        "point_name": "自由が丘駅 北口",
        "remark": "EP1结尾，凛太郎回家路上，位于自由が丘駅西侧。\n备注：合成图像，实景为画面右侧，左侧疑为别处"
      },
      "type": "Feature"
    },
    {
      "geometry": {
        "coordinates": [
          139.668814,
          35.608066
        ],
        "type": "Point"
      },
      "properties": {
        "bangumi_id": 513345,
        "bangumi_title": "薰香花朵凛然绽放",
        "ep_cut": 12,
        "image_url": "https://w.junreimap.com/images/points/513345/59wa3ez_1758492678034.jpg",
        "location": "东急自由が丘駅-目黑区-东京都",
        "point_id": "59wa3ez",
        "point_name": "自由が丘駅 北口",
        "remark": ""
      },
      "type": "Feature"
    },
    {
      "geometry": {
        "coordinates": [
          139.668821,
          35.608075
        ],
        "type": "Point"
      },
      "properties": {
        "bangumi_id": 513345,
        "bangumi_title": "薰香花朵凛然绽放",
        "ep_cut": 12,
        "image_url": "https://w.junreimap.com/images/points/513345/59wac7f_1758492692058.jpg",
        "location": "东急自由が丘駅-目黑区-东京都",
        "point_id": "59wac7f",
        "point_name": "自由が丘駅 北口",
        "remark": ""
      },
      "type": "Feature"
    },
    {
      "geometry": {
        "coordinates": [
          139.668835,
          35.608074
        ],
        "type": "Point"
      },
      "properties": {
        "bangumi_id": 513345,
        "bangumi_title": "薰香花朵凛然绽放",
        "ep_cut": 12,
        "image_url": "https://w.junreimap.com/images/points/513345/59wajaq_1758492698303.jpg",
        "location": "东急自由が丘駅-目黑区-东京都",
        "point_id": "59wajaq",
        "point_name": "自由が丘駅 北口",
        "remark": ""
      },
      "type": "Feature"
    },
    {
      "geometry": {
        "coordinates": [
          139.66883,
          35.60806
        ],
        "type": "Point"
      },
      "properties": {
        "bangumi_id": 513345,
        "bangumi_title": "薰香花朵凛然绽放",
        "ep_cut": 12,
        "image_url": "https://w.junreimap.com/images/points/513345/59wa7jh_1758492683145.jpg",
        "location": "东急自由が丘駅-目黑区-东京都",
        "point_id": "59wa7jh",
        "point_name": "自由が丘駅 北口",
        "remark": ""
      },
      "type": "Feature"
    },
    {
      "geometry": {
        "coordinates": [
          139.668913,
          35.607861
        ],
        "type": "Point"
      },
      "properties": {
        "bangumi_id": 513345,
        "bangumi_title": "薰香花朵凛然绽放",
        "ep_cut": 1,
        "image_url": "https://w.junreimap.com/images/points/513345/272vy47_1751792035423.jpg",
        "location": "东急自由が丘駅-目黑区-东京都",
        "point_id": "272vy47",
        "point_name": "自由が丘駅 北口",
        "remark": "第一话结尾，凛太郎在这里送别薰子。"
      },
      "type": "Feature"
    },
    {
      "geometry": {
        "coordinates": [
          139.668914,
          35.607843
        ],
        "type": "Point"
      },
      "properties": {
        "bangumi_id": 513345,
        "bangumi_title": "薰香花朵凛然绽放",
        "ep_cut": 1,
        "image_url": "https://w.junreimap.com/images/points/513345/272xfmn_1751792100779.jpg",
        "location": "东急自由が丘駅-目黑区-东京都",
        "point_id": "272xfmn",
        "point_name": "自由が丘駅 北口",
        "remark": "EP1结尾，凛太郎在这里送别薰子。"
      },
      "type": "Feature"
    },
    {
      "geometry": {
        "coordinates": [
          139.668893,
          35.607855
        ],
        "type": "Point"
      },
      "properties": {
        "bangumi_id": 513345,
        "bangumi_title": "薰香花朵凛然绽放",
        "ep_cut": 1,
        "image_url": "https://w.junreimap.com/images/points/513345/272xz3o_1751792124537.jpg",
        "location": "东急自由が丘駅-目黑区-东京都",
        "point_id": "272xz3o",
        "point_name": "自由が丘駅 北口",
        "remark": "EP1结尾，凛太郎在这里送别薰子。"
      },
      "type": "Feature"
    },
    {
      "geometry": {
        "coordinates": [
          139.668924,
          35.607852
        ],
        "type": "Point"
      },
      "properties": {
        "bangumi_id": 513345,
        "bangumi_title": "薰香花朵凛然绽放",
        "ep_cut": 1,
        "image_url": "https://w.junreimap.com/images/points/513345/272yzc4_1751792171294.jpg",
        "location": "东急自由が丘駅-目黑区-东京都",
        "point_id": "272yzc4",
        "point_name": "自由が丘駅 北口",
        "remark": "EP1结尾，凛太郎在这里送别薰子。"
      },
      "type": "Feature"
    },
    {
      "geometry": {
        "coordinates": [
          139.668912,
          35.607857
        ],
        "type": "Point"
      },
      "properties": {
        "bangumi_id": 513345,
        "bangumi_title": "薰香花朵凛然绽放",
        "ep_cut": 1,
        "image_url": "https://w.junreimap.com/images/points/513345/272ziv5_1751792197227.jpg",
        "location": "东急自由が丘駅-目黑区-东京都",
        "point_id": "272ziv5",
        "point_name": "自由が丘駅 北口",
        "remark": "EP1结尾：「また、また食べに行くきます」"
      },
      "type": "Feature"
    },
    {
      "geometry": {
        "coordinates": [
          139.668898,
          35.607854
        ],
        "type": "Point"
      },
      "properties": {
        "bangumi_id": 513345,
        "bangumi_title": "薰香花朵凛然绽放",
        "ep_cut": 1,
        "image_url": "https://w.junreimap.com/images/points/513345/2732tzz_1751792359141.jpg",
        "location": "东急自由が丘駅-目黑区-东京都",
        "point_id": "2732tzz",
        "point_name": "自由が丘駅 北口",
        "remark": "EP1结尾：「今度は一緒に食べましょうね、ケーキ！」"
      },
      "type": "Feature"
    },
    {
      "geometry": {
        "coordinates": [
          139.668837,
          35.607704
        ],
        "type": "Point"
      },
      "properties": {
        "bangumi_id": 513345,
        "bangumi_title": "薰香花朵凛然绽放",
        "ep_cut": 1,
        "image_url": "https://w.junreimap.com/images/points/513345/273dzft_1751792871950.jpg",
        "location": "东急自由が丘駅-目黑区-东京都",
        "point_id": "273dzft",
        "point_name": "自由が丘駅 内",
        "remark": "EP1结尾"
      },
      "type": "Feature"
    },
    {
      "geometry": {
        "coordinates": [
          139.668821,
          35.607675
        ],
        "type": "Point"
      },
      "properties": {
        "bangumi_id": 513345,
        "bangumi_title": "薰香花朵凛然绽放",
        "ep_cut": 1,
        "image_url": "https://w.junreimap.com/images/points/513345/273f72k_1751792934332.jpg",
        "location": "东急自由が丘駅-目黑区-东京都",
        "point_id": "273f72k",
        "point_name": "自由が丘駅 内",
        "remark": "EP1结尾"
      },
      "type": "Feature"
    },
    {
      "geometry": {
        "coordinates": [
          139.668871,
          35.607702
        ],
        "type": "Point"
      },
      "properties": {
        "bangumi_id": 513345,
        "bangumi_title": "薰香花朵凛然绽放",
        "ep_cut": 5,
        "image_url": "https://w.junreimap.com/images/points/513345/3b1blk8_1754208047700.jpg",
        "location": "东急自由が丘駅-目黑区-东京都",
        "point_id": "3b1blk8",
        "point_name": "自由が丘駅 内",
        "remark": "6号站台。安全门外（轨道内）视角，请勿模仿"
      },
      "type": "Feature"
    },
    {
      "geometry": {
        "coordinates": [
          139.668838,
          35.607736
        ],
        "type": "Point"
      },
      "properties": {
        "bangumi_id": 513345,
        "bangumi_title": "薰香花朵凛然绽放",
        "ep_cut": 5,
        "image_url": "https://w.junreimap.com/images/points/513345/3b1c15g_1754208088145.jpg",
        "location": "东急自由が丘駅-目黑区-东京都",
        "point_id": "3b1c15g",
        "point_name": "自由が丘駅 内",
        "remark": "6号站台。"
      },
      "type": "Feature"
    },
    {
      "geometry": {
        "coordinates": [
          139.668852,
          35.607732
        ],
        "type": "Point"
      },
      "properties": {
        "bangumi_id": 513345,
        "bangumi_title": "薰香花朵凛然绽放",
        "ep_cut": 5,
        "image_url": "https://w.junreimap.com/images/points/513345/3b1cogw_1754208097441.jpg",
        "location": "东急自由が丘駅-目黑区-东京都",
        "point_id": "3b1cogw",
        "point_name": "自由が丘駅 内",
        "remark": "6号站台。"
      },
      "type": "Feature"
    },
    {
      "geometry": {
        "coordinates": [
          139.668865,
          35.607727
        ],
        "type": "Point"
      },
      "properties": {
        "bangumi_id": 513345,
        "bangumi_title": "薰香花朵凛然绽放",
        "ep_cut": 5,
        "image_url": "https://w.junreimap.com/images/points/513345/3b1cqz0_1754208100770.jpg",
        "location": "东急自由が丘駅-目黑区-东京都",
        "point_id": "3b1cqz0",
        "point_name": "自由が丘駅 内",
        "remark": "6号站台。"
      },
      "type": "Feature"
    },
    {
      "geometry": {
        "coordinates": [
          139.668845,
          35.607721
        ],
        "type": "Point"
      },
      "properties": {
        "bangumi_id": 513345,
        "bangumi_title": "薰香花朵凛然绽放",
        "ep_cut": 5,
        "image_url": "https://w.junreimap.com/images/points/513345/3b1culu_1754208105451.jpg",
        "location": "东急自由が丘駅-目黑区-东京都",
        "point_id": "3b1culu",
        "point_name": "自由が丘駅 内",
        "remark": "6号站台。"
      },
      "type": "Feature"
    },
    {
      "geometry": {
        "coordinates": [
          139.668808,
          35.607505
        ],
        "type": "Point"
      },
      "properties": {
        "bangumi_id": 513345,
        "bangumi_title": "薰香花朵凛然绽放",
        "ep_cut": "PV1",
        "image_url": "https://w.junreimap.com/images/points/513345/278yd85_1751860614318_c16v9.jpg",
        "location": "东急自由が丘駅-目黑区-东京都",
        "point_id": "278yd85",
        "point_name": "東急東横線 电车外",
        "remark": "基本可以确定是東急東横線的电车，疑似5000系或5050系。"
      },
      "type": "Feature"
    },
    {
      "geometry": {
        "coordinates": [
          139.668799,
          35.607491
        ],
        "type": "Point"
      },
      "properties": {
        "bangumi_id": 513345,
        "bangumi_title": "薰香花朵凛然绽放",
        "ep_cut": "PV1",
        "image_url": "https://w.junreimap.com/images/points/513345/278vpv7_1751860606215_c16v9.jpg",
        "location": "东急自由が丘駅-目黑区-东京都",
        "point_id": "278vpv7",
        "point_name": "東急東横線 电车内",
        "remark": "基本可以确定是東急東横線的电车，疑似5000系或5050系。"
      },
      "type": "Feature"
    },
    {
      "geometry": {
        "coordinates": [
          139.722336,
          35.651976
        ],
        "type": "Point"
      },
      "properties": {
        "bangumi_id": 513345,
        "bangumi_title": "薰香花朵凛然绽放",
        "ep_cut": 1,
        "image_url": "https://w.junreimap.com/images/points/513345/6y03l2i_1762127071160.jpg",
        "location": "西麻布",
        "point_id": "6y03l2i",
        "point_name": "ホブソンズ 西麻布店",
        "remark": "空中朝六本木ヒルズ方向拍摄"
      },
      "type": "Feature"
    },
    {
      "geometry": {
        "coordinates": [
          139.723391,
          35.659554
        ],
        "type": "Point"
      },
      "properties": {
        "bangumi_id": 513345,
        "bangumi_title": "薰香花朵凛然绽放",
        "ep_cut": 10,
        "image_url": "https://w.junreimap.com/images/points/513345/4rgds7e_1757377590439.jpg",
        "location": "西麻布",
        "point_id": "4rgds7e",
        "point_name": "ホブソンズ 西麻布店",
        "remark": ""
      },
      "type": "Feature"
    },
    {
      "geometry": {
        "coordinates": [
          139.723421,
          35.65947
        ],
        "type": "Point"
      },
      "properties": {
        "bangumi_id": 513345,
        "bangumi_title": "薰香花朵凛然绽放",
        "ep_cut": 10,
        "image_url": "https://w.junreimap.com/images/points/513345/4rge1l5_1757377603821.jpg",
        "location": "西麻布",
        "point_id": "4rge1l5",
        "point_name": "ホブソンズ 西麻布店",
        "remark": ""
      },
      "type": "Feature"
    },
    {
      "geometry": {
        "coordinates": [
          139.723428,
          35.659442
        ],
        "type": "Point"
      },
      "properties": {
        "bangumi_id": 513345,
        "bangumi_title": "薰香花朵凛然绽放",
        "ep_cut": 10,
        "image_url": "https://w.junreimap.com/images/points/513345/4rgedky_1757377611779.jpg",
        "location": "西麻布",
        "point_id": "4rgedky",
        "point_name": "ホブソンズ 西麻布店",
        "remark": ""
      },
      "type": "Feature"
    },
    {
      "geometry": {
        "coordinates": [
          139.723436,
          35.659413
        ],
        "type": "Point"
      },
      "properties": {
        "bangumi_id": 513345,
        "bangumi_title": "薰香花朵凛然绽放",
        "ep_cut": 10,
        "image_url": "https://w.junreimap.com/images/points/513345/4rgefzl_1757377615215.jpg",
        "location": "西麻布",
        "point_id": "4rgefzl",
        "point_name": "ホブソンズ 西麻布店",
        "remark": ""
      },
      "type": "Feature"
    },
    {
      "geometry": {
        "coordinates": [
          139.723458,
          35.659444
        ],
        "type": "Point"
      },
      "properties": {
        "bangumi_id": 513345,
        "bangumi_title": "薰香花朵凛然绽放",
        "ep_cut": 10,
        "image_url": "https://w.junreimap.com/images/points/513345/4rgej41_1757377619068.jpg",
        "location": "西麻布",
        "point_id": "4rgej41",
        "point_name": "ホブソンズ 西麻布店",
        "remark": ""
      },
      "type": "Feature"
    },
    {
      "geometry": {
        "coordinates": [
          139.723466,
          35.659416
        ],
        "type": "Point"
      },
      "properties": {
        "bangumi_id": 513345,
        "bangumi_title": "薰香花朵凛然绽放",
        "ep_cut": 10,
        "image_url": "https://w.junreimap.com/images/points/513345/4rgfmdu_1757377670261.jpg",
        "location": "西麻布",
        "point_id": "4rgfmdu",
        "point_name": "ホブソンズ 西麻布店",
        "remark": ""
      },
      "type": "Feature"
    },
    {
      "geometry": {
        "coordinates": [
          139.723445,
          35.659387
        ],
        "type": "Point"
      },
      "properties": {
        "bangumi_id": 513345,
        "bangumi_title": "薰香花朵凛然绽放",
        "ep_cut": 10,
        "image_url": "https://w.junreimap.com/images/points/513345/4rgfp82_1757377678233.jpg",
        "location": "西麻布",
        "point_id": "4rgfp82",
        "point_name": "ホブソンズ 西麻布店",
        "remark": ""
      },
      "type": "Feature"
    },
    {
      "geometry": {
        "coordinates": [
          139.723477,
          35.659387
        ],
        "type": "Point"
      },
      "properties": {
        "bangumi_id": 513345,
        "bangumi_title": "薰香花朵凛然绽放",
        "ep_cut": 10,
        "image_url": "https://w.junreimap.com/images/points/513345/4rgfuty_1757377680946.jpg",
        "location": "西麻布",
        "point_id": "4rgfuty",
        "point_name": "ホブソンズ 西麻布店",
        "remark": ""
      },
      "type": "Feature"
    },
    {
      "geometry": {
        "coordinates": [
          139.723455,
          35.659353
        ],
        "type": "Point"
      },
      "properties": {
        "bangumi_id": 513345,
        "bangumi_title": "薰香花朵凛然绽放",
        "ep_cut": 10,
        "image_url": "https://w.junreimap.com/images/points/513345/4rgfy9r_1757377688700.jpg",
        "location": "西麻布",
        "point_id": "4rgfy9r",
        "point_name": "ホブソンズ 西麻布店",
        "remark": ""
      },
      "type": "Feature"
    },
    {
      "geometry": {
        "coordinates": [
          139.723487,
          35.659357
        ],
        "type": "Point"
      },
      "properties": {
        "bangumi_id": 513345,
        "bangumi_title": "薰香花朵凛然绽放",
        "ep_cut": 10,
        "image_url": "https://w.junreimap.com/images/points/513345/4rgg5z0_1757377697267.jpg",
        "location": "西麻布",
        "point_id": "4rgg5z0",
        "point_name": "ホブソンズ 西麻布店",
        "remark": ""
      },
      "type": "Feature"
    },
    {
      "geometry": {
        "coordinates": [
          139.723453,
          35.659473
        ],
        "type": "Point"
      },
      "properties": {
        "bangumi_id": 513345,
        "bangumi_title": "薰香花朵凛然绽放",
        "ep_cut": 10,
        "image_url": "https://w.junreimap.com/images/points/513345/4rgeq5l_1757377629222.jpg",
        "location": "西麻布",
        "point_id": "4rgeq5l",
        "point_name": "ホブソンズ 西麻布店",
        "remark": ""
      },
      "type": "Feature"
    },
    {
      "geometry": {
        "coordinates": [
          139.723395,
          35.659916
        ],
        "type": "Point"
      },
      "properties": {
        "bangumi_id": 513345,
        "bangumi_title": "薰香花朵凛然绽放",
        "ep_cut": "OP1",
        "image_url": "https://w.junreimap.com/images/points/513345/382g6ov_1754028574034.jpg",
        "location": "西麻布",
        "point_id": "382g6ov",
        "point_name": "外苑西通り",
        "remark": ""
      },
      "type": "Feature"
    },
    {
      "geometry": {
        "coordinates": [
          139.723845,
          35.656462
        ],
        "type": "Point"
      },
      "properties": {
        "bangumi_id": 513345,
        "bangumi_title": "薰香花朵凛然绽放",
        "ep_cut": 6,
        "image_url": "https://w.junreimap.com/images/points/513345/3ighjam_1754656782503.jpg",
        "location": "笄公園（広尾駅-涩谷区-东京都）",
        "point_id": "3ighjam",
        "point_name": "笄公園 前",
        "remark": ""
      },
      "type": "Feature"
    },
    {
      "geometry": {
        "coordinates": [
          139.723913,
          35.656502
        ],
        "type": "Point"
      },
      "properties": {
        "bangumi_id": 513345,
        "bangumi_title": "薰香花朵凛然绽放",
        "ep_cut": 6,
        "image_url": "https://w.junreimap.com/images/points/513345/3ighofx_1754656788343.jpg",
        "location": "笄公園（広尾駅-涩谷区-东京都）",
        "point_id": "3ighofx",
        "point_name": "笄公園 前",
        "remark": ""
      },
      "type": "Feature"
    },
    {
      "geometry": {
        "coordinates": [
          139.723852,
          35.656481
        ],
        "type": "Point"
      },
      "properties": {
        "bangumi_id": 513345,
        "bangumi_title": "薰香花朵凛然绽放",
        "ep_cut": 7,
        "image_url": "https://w.junreimap.com/images/points/513345/3vffnvp_1755441076828.jpg",
        "location": "笄公園（広尾駅-涩谷区-东京都）",
        "point_id": "3vffnvp",
        "point_name": "笄公園 前",
        "remark": ""
      },
      "type": "Feature"
    },
    {
      "geometry": {
        "coordinates": [
          139.723838,
          35.65644
        ],
        "type": "Point"
      },
      "properties": {
        "bangumi_id": 513345,
        "bangumi_title": "薰香花朵凛然绽放",
        "ep_cut": 7,
        "image_url": "https://w.junreimap.com/images/points/513345/3vffu2e_1755441083045.jpg",
        "location": "笄公園（広尾駅-涩谷区-东京都）",
        "point_id": "3vffu2e",
        "point_name": "笄公園 前",
        "remark": ""
      },
      "type": "Feature"
    },
    {
      "geometry": {
        "coordinates": [
          139.72392,
          35.65652
        ],
        "type": "Point"
      },
      "properties": {
        "bangumi_id": 513345,
        "bangumi_title": "薰香花朵凛然绽放",
        "ep_cut": 8,
        "image_url": "https://w.junreimap.com/images/points/513345/45qkx7x_1756064459940.jpg",
        "location": "笄公園（広尾駅-涩谷区-东京都）",
        "point_id": "45qkx7x",
        "point_name": "笄公園 前",
        "remark": ""
      },
      "type": "Feature"
    },
    {
      "geometry": {
        "coordinates": [
          139.723987,
          35.656576
        ],
        "type": "Point"
      },
      "properties": {
        "bangumi_id": 513345,
        "bangumi_title": "薰香花朵凛然绽放",
        "ep_cut": 6,
        "image_url": "https://w.junreimap.com/images/points/513345/3ighvov_1754656797859.jpg",
        "location": "笄公園（広尾駅-涩谷区-东京都）",
        "point_id": "3ighvov",
        "point_name": "笄公園 凉亭",
        "remark": ""
      },
      "type": "Feature"
    },
    {
      "geometry": {
        "coordinates": [
          139.724011,
          35.656519
        ],
        "type": "Point"
      },
      "properties": {
        "bangumi_id": 513345,
        "bangumi_title": "薰香花朵凛然绽放",
        "ep_cut": 6,
        "image_url": "https://w.junreimap.com/images/points/513345/3lgvogs_1754838840780.jpg",
        "location": "笄公園（広尾駅-涩谷区-东京都）",
        "point_id": "3lgvogs",
        "point_name": "笄公園 凉亭",
        "remark": ""
      },
      "type": "Feature"
    },
    {
      "geometry": {
        "coordinates": [
          139.723972,
          35.656526
        ],
        "type": "Point"
      },
      "properties": {
        "bangumi_id": 513345,
        "bangumi_title": "薰香花朵凛然绽放",
        "ep_cut": 6,
        "image_url": "https://w.junreimap.com/images/points/513345/3lguiqn_1754838789057.jpg",
        "location": "笄公園（広尾駅-涩谷区-东京都）",
        "point_id": "3lguiqn",
        "point_name": "笄公園 凉亭",
        "remark": ""
      },
      "type": "Feature"
    },
    {
      "geometry": {
        "coordinates": [
          139.72402,
          35.656546
        ],
        "type": "Point"
      },
      "properties": {
        "bangumi_id": 513345,
        "bangumi_title": "薰香花朵凛然绽放",
        "ep_cut": 6,
        "image_url": "https://w.junreimap.com/images/points/513345/3lguruw_1754838818786.jpg",
        "location": "笄公園（広尾駅-涩谷区-东京都）",
        "point_id": "3lguruw",
        "point_name": "笄公園 凉亭",
        "remark": ""
      },
      "type": "Feature"
    },
    {
      "geometry": {
        "coordinates": [
          139.723979,
          35.656551
        ],
        "type": "Point"
      },
      "properties": {
        "bangumi_id": 513345,
        "bangumi_title": "薰香花朵凛然绽放",
        "ep_cut": 6,
        "image_url": "https://w.junreimap.com/images/points/513345/3lgva6e_1754838821881.jpg",
        "location": "笄公園（広尾駅-涩谷区-东京都）",
        "point_id": "3lgva6e",
        "point_name": "笄公園 凉亭",
        "remark": ""
      },
      "type": "Feature"
    },
    {
      "geometry": {
        "coordinates": [
          139.724028,
          35.656572
        ],
        "type": "Point"
      },
      "properties": {
        "bangumi_id": 513345,
        "bangumi_title": "薰香花朵凛然绽放",
        "ep_cut": 6,
        "image_url": "https://w.junreimap.com/images/points/513345/3lgvf0a_1754838828127.jpg",
        "location": "笄公園（広尾駅-涩谷区-东京都）",
        "point_id": "3lgvf0a",
        "point_name": "笄公園 凉亭",
        "remark": ""
      },
      "type": "Feature"
    },
    {
      "geometry": {
        "coordinates": [
          139.724061,
          35.656565
        ],
        "type": "Point"
      },
      "properties": {
        "bangumi_id": 513345,
        "bangumi_title": "薰香花朵凛然绽放",
        "ep_cut": 8,
        "image_url": "https://w.junreimap.com/images/points/513345/45ql60g_1756064476836.jpg",
        "location": "笄公園（広尾駅-涩谷区-东京都）",
        "point_id": "45ql60g",
        "point_name": "笄公園 凉亭",
        "remark": ""
      },
      "type": "Feature"
    },
    {
      "geometry": {
        "coordinates": [
          139.724054,
          35.656538
        ],
        "type": "Point"
      },
      "properties": {
        "bangumi_id": 513345,
        "bangumi_title": "薰香花朵凛然绽放",
        "ep_cut": 8,
        "image_url": "https://w.junreimap.com/images/points/513345/45qldpp_1756064484592.jpg",
        "location": "笄公園（広尾駅-涩谷区-东京都）",
        "point_id": "45qldpp",
        "point_name": "笄公園 凉亭",
        "remark": ""
      },
      "type": "Feature"
    },
    {
      "geometry": {
        "coordinates": [
          139.724001,
          35.656465
        ],
        "type": "Point"
      },
      "properties": {
        "bangumi_id": 513345,
        "bangumi_title": "薰香花朵凛然绽放",
        "ep_cut": 7,
        "image_url": "https://w.junreimap.com/images/points/513345/3vblp4r_1755434642090.jpg",
        "location": "笄公園（広尾駅-涩谷区-东京都）",
        "point_id": "3vblp4r",
        "point_name": "笄公園 秋千",
        "remark": ""
      },
      "type": "Feature"
    },
    {
      "geometry": {
        "coordinates": [
          139.724225,
          35.656532
        ],
        "type": "Point"
      },
      "properties": {
        "bangumi_id": 513345,
        "bangumi_title": "薰香花朵凛然绽放",
        "ep_cut": 6,
        "image_url": "https://w.junreimap.com/images/points/513345/3lguvk9_1754838804481.jpg",
        "location": "笄公園（広尾駅-涩谷区-东京都）",
        "point_id": "3lguvk9",
        "point_name": "笄公園 儿童游乐设施",
        "remark": ""
      },
      "type": "Feature"
    },
    {
      "geometry": {
        "coordinates": [
          139.724137,
          35.656562
        ],
        "type": "Point"
      },
      "properties": {
        "bangumi_id": 513345,
        "bangumi_title": "薰香花朵凛然绽放",
        "ep_cut": 6,
        "image_url": "https://w.junreimap.com/images/points/513345/3lgv3hh_1754838813340.jpg",
        "location": "笄公園（広尾駅-涩谷区-东京都）",
        "point_id": "3lgv3hh",
        "point_name": "笄公園 儿童游乐设施",
        "remark": ""
      },
      "type": "Feature"
    },
    {
      "geometry": {
        "coordinates": [
          139.719951,
          35.6563
        ],
        "type": "Point"
      },
      "properties": {
        "bangumi_id": 513345,
        "bangumi_title": "薰香花朵凛然绽放",
        "ep_cut": 6,
        "image_url": "https://w.junreimap.com/images/points/513345/3lg3ur9_1754837808872.jpg",
        "location": "笄公園（広尾駅-涩谷区-东京都）",
        "point_id": "3lg3ur9",
        "point_name": "笄公園 儿童游乐设施",
        "remark": ""
      },
      "type": "Feature"
    },
    {
      "geometry": {
        "coordinates": [
          139.720628,
          35.656174
        ],
        "type": "Point"
      },
      "properties": {
        "bangumi_id": 513345,
        "bangumi_title": "薰香花朵凛然绽放",
        "ep_cut": 6,
        "image_url": "https://w.junreimap.com/images/points/513345/3lgrpxz_1754838682907.jpg",
        "location": "広尾北公園（広尾駅-涩谷区-东京都）",
        "point_id": "3lgrpxz",
        "point_name": "堀田坂",
        "remark": "非准确点位，实际在这条路的人行道上。"
      },
      "type": "Feature"
    },
    {
      "geometry": {
        "coordinates": [
          139.72058,
          35.65619
        ],
        "type": "Point"
      },
      "properties": {
        "bangumi_id": 513345,
        "bangumi_title": "薰香花朵凛然绽放",
        "ep_cut": 6,
        "image_url": "https://w.junreimap.com/images/points/513345/3lgt6th_1754838724261.jpg",
        "location": "広尾北公園（広尾駅-涩谷区-东京都）",
        "point_id": "3lgt6th",
        "point_name": "堀田坂",
        "remark": "非准确点位，实际在这条路的人行道上。"
      },
      "type": "Feature"
    },
    {
      "geometry": {
        "coordinates": [
          139.720661,
          35.65623
        ],
        "type": "Point"
      },
      "properties": {
        "bangumi_id": 513345,
        "bangumi_title": "薰香花朵凛然绽放",
        "ep_cut": 6,
        "image_url": "https://w.junreimap.com/images/points/513345/3lgssyy_1754838706518.jpg",
        "location": "広尾北公園（広尾駅-涩谷区-东京都）",
        "point_id": "3lgssyy",
        "point_name": "堀田坂",
        "remark": "非准确点位，实际在这条人行道上。"
      },
      "type": "Feature"
    },
    {
      "geometry": {
        "coordinates": [
          139.720601,
          35.656181
        ],
        "type": "Point"
      },
      "properties": {
        "bangumi_id": 513345,
        "bangumi_title": "薰香花朵凛然绽放",
        "ep_cut": 6,
        "image_url": "https://w.junreimap.com/images/points/513345/3lgt4h4_1754838720963.jpg",
        "location": "広尾北公園（広尾駅-涩谷区-东京都）",
        "point_id": "3lgt4h4",
        "point_name": "堀田坂",
        "remark": "非准确点位，实际在这条路的人行道上。"
      },
      "type": "Feature"
    },
    {
      "geometry": {
        "coordinates": [
          139.720551,
          35.656198
        ],
        "type": "Point"
      },
      "properties": {
        "bangumi_id": 513345,
        "bangumi_title": "薰香花朵凛然绽放",
        "ep_cut": 6,
        "image_url": "https://w.junreimap.com/images/points/513345/3lgta3t_1754838728474.jpg",
        "location": "広尾北公園（広尾駅-涩谷区-东京都）",
        "point_id": "3lgta3t",
        "point_name": "堀田坂",
        "remark": "非准确点位，实际在这条路的人行道上。"
      },
      "type": "Feature"
    },
    {
      "geometry": {
        "coordinates": [
          139.720724,
          35.656158
        ],
        "type": "Point"
      },
      "properties": {
        "bangumi_id": 513345,
        "bangumi_title": "薰香花朵凛然绽放",
        "ep_cut": 12,
        "image_url": "https://w.junreimap.com/images/points/513345/59wbbdl_1758492735034.jpg",
        "location": "広尾北公園（広尾駅-涩谷区-东京都）",
        "point_id": "59wbbdl",
        "point_name": "堀田坂",
        "remark": "非准确点位，实际在这条路的人行道上。"
      },
      "type": "Feature"
    },
    {
      "geometry": {
        "coordinates": [
          139.720755,
          35.65615
        ],
        "type": "Point"
      },
      "properties": {
        "bangumi_id": 513345,
        "bangumi_title": "薰香花朵凛然绽放",
        "ep_cut": 12,
        "image_url": "https://w.junreimap.com/images/points/513345/59wbe4c_1758492740449.jpg",
        "location": "広尾北公園（広尾駅-涩谷区-东京都）",
        "point_id": "59wbe4c",
        "point_name": "堀田坂",
        "remark": "非准确点位，实际在这条路的人行道上。"
      },
      "type": "Feature"
    },
    {
      "geometry": {
        "coordinates": [
          139.720774,
          35.656143
        ],
        "type": "Point"
      },
      "properties": {
        "bangumi_id": 513345,
        "bangumi_title": "薰香花朵凛然绽放",
        "ep_cut": 13,
        "image_url": "https://w.junreimap.com/images/points/513345/5jdsj00_1759066289344.jpg",
        "location": "広尾北公園（広尾駅-涩谷区-东京都）",
        "point_id": "5jdsj00",
        "point_name": "堀田坂",
        "remark": ""
      },
      "type": "Feature"
    },
    {
      "geometry": {
        "coordinates": [
          139.720226,
          35.656341
        ],
        "type": "Point"
      },
      "properties": {
        "bangumi_id": 513345,
        "bangumi_title": "薰香花朵凛然绽放",
        "ep_cut": 11,
        "image_url": "https://w.junreimap.com/images/points/513345/4zy7939_1757891261191.jpg",
        "location": "広尾北公園（広尾駅-涩谷区-东京都）",
        "point_id": "4zy7939",
        "point_name": "広尾北公園 入口",
        "remark": ""
      },
      "type": "Feature"
    },
    {
      "geometry": {
        "coordinates": [
          139.72027,
          35.656321
        ],
        "type": "Point"
      },
      "properties": {
        "bangumi_id": 513345,
        "bangumi_title": "薰香花朵凛然绽放",
        "ep_cut": 11,
        "image_url": "https://w.junreimap.com/images/points/513345/4zy7ruq_1757891266360.jpg",
        "location": "広尾北公園（広尾駅-涩谷区-东京都）",
        "point_id": "4zy7ruq",
        "point_name": "広尾北公園 入口",
        "remark": ""
      },
      "type": "Feature"
    },
    {
      "geometry": {
        "coordinates": [
          139.720214,
          35.656313
        ],
        "type": "Point"
      },
      "properties": {
        "bangumi_id": 513345,
        "bangumi_title": "薰香花朵凛然绽放",
        "ep_cut": 11,
        "image_url": "https://w.junreimap.com/images/points/513345/4zy7unx_1757891272872.jpg",
        "location": "広尾北公園（広尾駅-涩谷区-东京都）",
        "point_id": "4zy7unx",
        "point_name": "広尾北公園 入口",
        "remark": ""
      },
      "type": "Feature"
    },
    {
      "geometry": {
        "coordinates": [
          139.719947,
          35.656263
        ],
        "type": "Point"
      },
      "properties": {
        "bangumi_id": 513345,
        "bangumi_title": "薰香花朵凛然绽放",
        "ep_cut": 6,
        "image_url": "https://w.junreimap.com/images/points/513345/3lg455b_1754837555863.jpg",
        "location": "広尾北公園（広尾駅-涩谷区-东京都）",
        "point_id": "3lg455b",
        "point_name": "広尾北公園 儿童游乐设施",
        "remark": ""
      },
      "type": "Feature"
    },
    {
      "geometry": {
        "coordinates": [
          139.719968,
          35.656259
        ],
        "type": "Point"
      },
      "properties": {
        "bangumi_id": 513345,
        "bangumi_title": "薰香花朵凛然绽放",
        "ep_cut": 4,
        "image_url": "https://w.junreimap.com/images/points/513345/315b824_1753610179876.jpg",
        "location": "広尾北公園（広尾駅-涩谷区-东京都）",
        "point_id": "315b824",
        "point_name": "広尾北公園 儿童游乐设施",
        "remark": "薰子最喜欢的公园，后续还会在生日时出现。"
      },
      "type": "Feature"
    },
    {
      "geometry": {
        "coordinates": [
          139.720045,
          35.65631
        ],
        "type": "Point"
      },
      "properties": {
        "bangumi_id": 513345,
        "bangumi_title": "薰香花朵凛然绽放",
        "ep_cut": 6,
        "image_url": "https://w.junreimap.com/images/points/513345/3lgb79r_1754837887950.jpg",
        "location": "広尾北公園（広尾駅-涩谷区-东京都）",
        "point_id": "3lgb79r",
        "point_name": "広尾北公園 儿童游乐设施",
        "remark": ""
      },
      "type": "Feature"
    },
    {
      "geometry": {
        "coordinates": [
          139.71997,
          35.656282
        ],
        "type": "Point"
      },
      "properties": {
        "bangumi_id": 513345,
        "bangumi_title": "薰香花朵凛然绽放",
        "ep_cut": 11,
        "image_url": "https://w.junreimap.com/images/points/513345/4zy5ns2_1757891169219.jpg",
        "location": "広尾北公園（広尾駅-涩谷区-东京都）",
        "point_id": "4zy5ns2",
        "point_name": "広尾北公園 儿童游乐设施",
        "remark": ""
      },
      "type": "Feature"
    },
    {
      "geometry": {
        "coordinates": [
          139.719953,
          35.656249
        ],
        "type": "Point"
      },
      "properties": {
        "bangumi_id": 513345,
        "bangumi_title": "薰香花朵凛然绽放",
        "ep_cut": 6,
        "image_url": "https://w.junreimap.com/images/points/513345/3lgbeby_1754837893782.jpg",
        "location": "広尾北公園（広尾駅-涩谷区-东京都）",
        "point_id": "3lgbeby",
        "point_name": "広尾北公園 儿童游乐设施",
        "remark": ""
      },
      "type": "Feature"
    },
    {
      "geometry": {
        "coordinates": [
          139.719952,
          35.656274
        ],
        "type": "Point"
      },
      "properties": {
        "bangumi_id": 513345,
        "bangumi_title": "薰香花朵凛然绽放",
        "ep_cut": 6,
        "image_url": "https://w.junreimap.com/images/points/513345/3lg9qaf_1754837815800.jpg",
        "location": "広尾北公園（広尾駅-涩谷区-东京都）",
        "point_id": "3lg9qaf",
        "point_name": "広尾北公園 儿童游乐设施",
        "remark": ""
      },
      "type": "Feature"
    },
    {
      "geometry": {
        "coordinates": [
          139.720021,
          35.656294
        ],
        "type": "Point"
      },
      "properties": {
        "bangumi_id": 513345,
        "bangumi_title": "薰香花朵凛然绽放",
        "ep_cut": 11,
        "image_url": "https://w.junreimap.com/images/points/513345/4zy5vgl_1757891178168.jpg",
        "location": "広尾北公園（広尾駅-涩谷区-东京都）",
        "point_id": "4zy5vgl",
        "point_name": "広尾北公園 儿童游乐设施",
        "remark": ""
      },
      "type": "Feature"
    },
    {
      "geometry": {
        "coordinates": [
          139.719958,
          35.656261
        ],
        "type": "Point"
      },
      "properties": {
        "bangumi_id": 513345,
        "bangumi_title": "薰香花朵凛然绽放",
        "ep_cut": 6,
        "image_url": "https://w.junreimap.com/images/points/513345/3lg9so0_1754837819447.jpg",
        "location": "広尾北公園（広尾駅-涩谷区-东京都）",
        "point_id": "3lg9so0",
        "point_name": "広尾北公園 儿童游乐设施",
        "remark": ""
      },
      "type": "Feature"
    },
    {
      "geometry": {
        "coordinates": [
          139.719947,
          35.656288
        ],
        "type": "Point"
      },
      "properties": {
        "bangumi_id": 513345,
        "bangumi_title": "薰香花朵凛然绽放",
        "ep_cut": 6,
        "image_url": "https://w.junreimap.com/images/points/513345/3lga6dd_1754837839047.jpg",
        "location": "広尾北公園（広尾駅-涩谷区-东京都）",
        "point_id": "3lga6dd",
        "point_name": "広尾北公園 儿童游乐设施",
        "remark": ""
      },
      "type": "Feature"
    },
    {
      "geometry": {
        "coordinates": [
          139.719958,
          35.656285
        ],
        "type": "Point"
      },
      "properties": {
        "bangumi_id": 513345,
        "bangumi_title": "薰香花朵凛然绽放",
        "ep_cut": 6,
        "image_url": "https://w.junreimap.com/images/points/513345/3lgaft3_1754837849201.jpg",
        "location": "広尾北公園（広尾駅-涩谷区-东京都）",
        "point_id": "3lgaft3",
        "point_name": "広尾北公園 儿童游乐设施",
        "remark": ""
      },
      "type": "Feature"
    },
    {
      "geometry": {
        "coordinates": [
          139.719963,
          35.656271
        ],
        "type": "Point"
      },
      "properties": {
        "bangumi_id": 513345,
        "bangumi_title": "薰香花朵凛然绽放",
        "ep_cut": 6,
        "image_url": "https://w.junreimap.com/images/points/513345/3lgaiby_1754837853215.jpg",
        "location": "広尾北公園（広尾駅-涩谷区-东京都）",
        "point_id": "3lgaiby",
        "point_name": "広尾北公園 儿童游乐设施",
        "remark": ""
      },
      "type": "Feature"
    },
    {
      "geometry": {
        "coordinates": [
          139.719973,
          35.656268
        ],
        "type": "Point"
      },
      "properties": {
        "bangumi_id": 513345,
        "bangumi_title": "薰香花朵凛然绽放",
        "ep_cut": 6,
        "image_url": "https://w.junreimap.com/images/points/513345/3lgapx1_1754837863658.jpg",
        "location": "広尾北公園（広尾駅-涩谷区-东京都）",
        "point_id": "3lgapx1",
        "point_name": "広尾北公園 儿童游乐设施",
        "remark": ""
      },
      "type": "Feature"
    },
    {
      "geometry": {
        "coordinates": [
          139.719985,
          35.656264
        ],
        "type": "Point"
      },
      "properties": {
        "bangumi_id": 513345,
        "bangumi_title": "薰香花朵凛然绽放",
        "ep_cut": 6,
        "image_url": "https://w.junreimap.com/images/points/513345/3lgasus_1754837866794.jpg",
        "location": "広尾北公園（広尾駅-涩谷区-东京都）",
        "point_id": "3lgasus",
        "point_name": "広尾北公園 儿童游乐设施",
        "remark": ""
      },
      "type": "Feature"
    },
    {
      "geometry": {
        "coordinates": [
          139.71998,
          35.656255
        ],
        "type": "Point"
      },
      "properties": {
        "bangumi_id": 513345,
        "bangumi_title": "薰香花朵凛然绽放",
        "ep_cut": 6,
        "image_url": "https://w.junreimap.com/images/points/513345/3lgaxo8_1754837872746.jpg",
        "location": "広尾北公園（広尾駅-涩谷区-东京都）",
        "point_id": "3lgaxo8",
        "point_name": "広尾北公園 儿童游乐设施",
        "remark": ""
      },
      "type": "Feature"
    },
    {
      "geometry": {
        "coordinates": [
          139.719941,
          35.656277
        ],
        "type": "Point"
      },
      "properties": {
        "bangumi_id": 513345,
        "bangumi_title": "薰香花朵凛然绽放",
        "ep_cut": 6,
        "image_url": "https://w.junreimap.com/images/points/513345/3igi21v_1754656806255.jpg",
        "location": "広尾北公園（広尾駅-涩谷区-东京都）",
        "point_id": "3igi21v",
        "point_name": "広尾北公園 儿童游乐设施",
        "remark": ""
      },
      "type": "Feature"
    },
    {
      "geometry": {
        "coordinates": [
          139.719882,
          35.656324
        ],
        "type": "Point"
      },
      "properties": {
        "bangumi_id": 513345,
        "bangumi_title": "薰香花朵凛然绽放",
        "ep_cut": 6,
        "image_url": "https://w.junreimap.com/images/points/513345/3lg828o_1754837740272.jpg",
        "location": "広尾北公園（広尾駅-涩谷区-东京都）",
        "point_id": "3lg828o",
        "point_name": "広尾北公園 儿童游乐设施",
        "remark": ""
      },
      "type": "Feature"
    },
    {
      "geometry": {
        "coordinates": [
          139.719829,
          35.656326
        ],
        "type": "Point"
      },
      "properties": {
        "bangumi_id": 513345,
        "bangumi_title": "薰香花朵凛然绽放",
        "ep_cut": 4,
        "image_url": "https://w.junreimap.com/images/points/513345/315cyfa_1753610170088.jpg",
        "location": "広尾北公園（広尾駅-涩谷区-东京都）",
        "point_id": "315cyfa",
        "point_name": "広尾北公園 儿童游乐设施",
        "remark": "薰子最喜欢的公园，后续还会在生日时出现。"
      },
      "type": "Feature"
    },
    {
      "geometry": {
        "coordinates": [
          139.719931,
          35.656255
        ],
        "type": "Point"
      },
      "properties": {
        "bangumi_id": 513345,
        "bangumi_title": "薰香花朵凛然绽放",
        "ep_cut": 5,
        "image_url": "https://w.junreimap.com/images/points/513345/3b193nz_1754207932710.jpg",
        "location": "広尾北公園（広尾駅-涩谷区-东京都）",
        "point_id": "3b193nz",
        "point_name": "広尾北公園 儿童游乐设施",
        "remark": ""
      },
      "type": "Feature"
    },
    {
      "geometry": {
        "coordinates": [
          139.719943,
          35.656252
        ],
        "type": "Point"
      },
      "properties": {
        "bangumi_id": 513345,
        "bangumi_title": "薰香花朵凛然绽放",
        "ep_cut": 5,
        "image_url": "https://w.junreimap.com/images/points/513345/3b19c9c_1754207941582.jpg",
        "location": "広尾北公園（広尾駅-涩谷区-东京都）",
        "point_id": "3b19c9c",
        "point_name": "広尾北公園 儿童游乐设施",
        "remark": ""
      },
      "type": "Feature"
    },
    {
      "geometry": {
        "coordinates": [
          139.719992,
          35.656196
        ],
        "type": "Point"
      },
      "properties": {
        "bangumi_id": 513345,
        "bangumi_title": "薰香花朵凛然绽放",
        "ep_cut": 5,
        "image_url": "https://w.junreimap.com/images/points/513345/3b19eha_1754207944879.jpg",
        "location": "広尾北公園（広尾駅-涩谷区-东京都）",
        "point_id": "3b19eha",
        "point_name": "広尾北公園 儿童游乐设施",
        "remark": ""
      },
      "type": "Feature"
    },
    {
      "geometry": {
        "coordinates": [
          139.719938,
          35.656241
        ],
        "type": "Point"
      },
      "properties": {
        "bangumi_id": 513345,
        "bangumi_title": "薰香花朵凛然绽放",
        "ep_cut": 6,
        "image_url": "https://w.junreimap.com/images/points/513345/3lg6caw_1754837657842.jpg",
        "location": "広尾北公園（広尾駅-涩谷区-东京都）",
        "point_id": "3lg6caw",
        "point_name": "広尾北公園 儿童游乐设施",
        "remark": ""
      },
      "type": "Feature"
    },
    {
      "geometry": {
        "coordinates": [
          139.719927,
          35.656245
        ],
        "type": "Point"
      },
      "properties": {
        "bangumi_id": 513345,
        "bangumi_title": "薰香花朵凛然绽放",
        "ep_cut": 6,
        "image_url": "https://w.junreimap.com/images/points/513345/3lg727t_1754837695378.jpg",
        "location": "広尾北公園（広尾駅-涩谷区-东京都）",
        "point_id": "3lg727t",
        "point_name": "広尾北公園 儿童游乐设施",
        "remark": ""
      },
      "type": "Feature"
    },
    {
      "geometry": {
        "coordinates": [
          139.719986,
          35.656324
        ],
        "type": "Point"
      },
      "properties": {
        "bangumi_id": 513345,
        "bangumi_title": "薰香花朵凛然绽放",
        "ep_cut": 11,
        "image_url": "https://w.junreimap.com/images/points/513345/4zy6zam_1757891230078.jpg",
        "location": "広尾北公園（広尾駅-涩谷区-东京都）",
        "point_id": "4zy6zam",
        "point_name": "広尾北公園 凉亭",
        "remark": ""
      },
      "type": "Feature"
    },
    {
      "geometry": {
        "coordinates": [
          139.719871,
          35.65632
        ],
        "type": "Point"
      },
      "properties": {
        "bangumi_id": 513345,
        "bangumi_title": "薰香花朵凛然绽放",
        "ep_cut": 6,
        "image_url": "https://w.junreimap.com/images/points/513345/3lg8r6g_1754837770827.jpg",
        "location": "広尾北公園（広尾駅-涩谷区-东京都）",
        "point_id": "3lg8r6g",
        "point_name": "広尾北公園 公共厕所",
        "remark": ""
      },
      "type": "Feature"
    },
    {
      "geometry": {
        "coordinates": [
          139.71971,
          35.65639
        ],
        "type": "Point"
      },
      "properties": {
        "bangumi_id": 513345,
        "bangumi_title": "薰香花朵凛然绽放",
        "ep_cut": "OP1",
        "image_url": "https://w.junreimap.com/images/points/513345/315ddih_1753610189712.jpg",
        "location": "広尾北公園（広尾駅-涩谷区-东京都）",
        "point_id": "315ddih",
        "point_name": "広尾北公園 时钟",
        "remark": "薰子最喜欢的公园，后续还会在生日时出现。"
      },
      "type": "Feature"
    },
    {
      "geometry": {
        "coordinates": [
          139.719703,
          35.65638
        ],
        "type": "Point"
      },
      "properties": {
        "bangumi_id": 513345,
        "bangumi_title": "薰香花朵凛然绽放",
        "ep_cut": 6,
        "image_url": "https://w.junreimap.com/images/points/513345/3lg790l_1754837700365.jpg",
        "location": "広尾北公園（広尾駅-涩谷区-东京都）",
        "point_id": "3lg790l",
        "point_name": "広尾北公園 时钟",
        "remark": ""
      },
      "type": "Feature"
    },
    {
      "geometry": {
        "coordinates": [
          139.719961,
          35.656189
        ],
        "type": "Point"
      },
      "properties": {
        "bangumi_id": 513345,
        "bangumi_title": "薰香花朵凛然绽放",
        "ep_cut": 5,
        "image_url": "https://w.junreimap.com/images/points/513345/3b19rbp_1754207961288.jpg",
        "location": "広尾北公園（広尾駅-涩谷区-东京都）",
        "point_id": "3b19rbp",
        "point_name": "広尾北公園 路灯",
        "remark": ""
      },
      "type": "Feature"
    },
    {
      "geometry": {
        "coordinates": [
          139.719749,
          35.656337
        ],
        "type": "Point"
      },
      "properties": {
        "bangumi_id": 513345,
        "bangumi_title": "薰香花朵凛然绽放",
        "ep_cut": 6,
        "image_url": "https://w.junreimap.com/images/points/513345/3lg56sl_1754837606606.jpg",
        "location": "広尾北公園（広尾駅-涩谷区-东京都）",
        "point_id": "3lg56sl",
        "point_name": "広尾北公園 长椅",
        "remark": ""
      },
      "type": "Feature"
    },
    {
      "geometry": {
        "coordinates": [
          139.719965,
          35.6562
        ],
        "type": "Point"
      },
      "properties": {
        "bangumi_id": 513345,
        "bangumi_title": "薰香花朵凛然绽放",
        "ep_cut": 5,
        "image_url": "https://w.junreimap.com/images/points/513345/3b18rj7_1754207921884.jpg",
        "location": "広尾北公園（広尾駅-涩谷区-东京都）",
        "point_id": "3b18rj7",
        "point_name": "広尾北公園 长椅",
        "remark": ""
      },
      "type": "Feature"
    },
    {
      "geometry": {
        "coordinates": [
          139.71998,
          35.656199
        ],
        "type": "Point"
      },
      "properties": {
        "bangumi_id": 513345,
        "bangumi_title": "薰香花朵凛然绽放",
        "ep_cut": 5,
        "image_url": "https://w.junreimap.com/images/points/513345/3b199o7_1754207939081.jpg",
        "location": "広尾北公園（広尾駅-涩谷区-东京都）",
        "point_id": "3b199o7",
        "point_name": "広尾北公園 长椅",
        "remark": ""
      },
      "type": "Feature"
    },
    {
      "geometry": {
        "coordinates": [
          139.719977,
          35.656187
        ],
        "type": "Point"
      },
      "properties": {
        "bangumi_id": 513345,
        "bangumi_title": "薰香花朵凛然绽放",
        "ep_cut": 5,
        "image_url": "https://w.junreimap.com/images/points/513345/3b19k04_1754207952314.jpg",
        "location": "広尾北公園（広尾駅-涩谷区-东京都）",
        "point_id": "3b19k04",
        "point_name": "広尾北公園 长椅",
        "remark": ""
      },
      "type": "Feature"
    },
    {
      "geometry": {
        "coordinates": [
          139.720014,
          35.656191
        ],
        "type": "Point"
      },
      "properties": {
        "bangumi_id": 513345,
        "bangumi_title": "薰香花朵凛然绽放",
        "ep_cut": 5,
        "image_url": "https://w.junreimap.com/images/points/513345/3b19oa2_1754207957520.jpg",
        "location": "広尾北公園（広尾駅-涩谷区-东京都）",
        "point_id": "3b19oa2",
        "point_name": "広尾北公園 长椅",
        "remark": ""
      },
      "type": "Feature"
    },
    {
      "geometry": {
        "coordinates": [
          139.719947,
          35.656203
        ],
        "type": "Point"
      },
      "properties": {
        "bangumi_id": 513345,
        "bangumi_title": "薰香花朵凛然绽放",
        "ep_cut": 6,
        "image_url": "https://w.junreimap.com/images/points/513345/3lg623p_1754837685706.jpg",
        "location": "広尾北公園（広尾駅-涩谷区-东京都）",
        "point_id": "3lg623p",
        "point_name": "広尾北公園 长椅",
        "remark": ""
      },
      "type": "Feature"
    },
    {
      "geometry": {
        "coordinates": [
          139.717248,
          35.653995
        ],
        "type": "Point"
      },
      "properties": {
        "bangumi_id": 513345,
        "bangumi_title": "薰香花朵凛然绽放",
        "ep_cut": "OP1",
        "image_url": "https://w.junreimap.com/images/points/513345/382ffdk_1754028509764.jpg",
        "location": "赤十字医療中心（広尾駅-日比谷线-涩谷区-东京都）",
        "point_id": "382ffdk",
        "point_name": "赤十字社医療センター 前",
        "remark": ""
      },
      "type": "Feature"
    },
    {
      "geometry": {
        "coordinates": [
          139.717245,
          35.654081
        ],
        "type": "Point"
      },
      "properties": {
        "bangumi_id": 513345,
        "bangumi_title": "薰香花朵凛然绽放",
        "ep_cut": 1,
        "image_url": "https://w.junreimap.com/images/points/513345/382qvi3_1754029044387.jpg",
        "location": "赤十字医療中心（広尾駅-日比谷线-涩谷区-东京都）",
        "point_id": "382qvi3",
        "point_name": "赤十字社医療センター 前",
        "remark": ""
      },
      "type": "Feature"
    },
    {
      "geometry": {
        "coordinates": [
          139.720415,
          35.649387
        ],
        "type": "Point"
      },
      "properties": {
        "bangumi_id": 513345,
        "bangumi_title": "薰香花朵凛然绽放",
        "ep_cut": 4,
        "image_url": "https://w.junreimap.com/images/points/513345/308hoeq_1753603092583.jpg",
        "location": "広尾駅周边（広尾駅-日比谷线-涩谷区-东京都）",
        "point_id": "308hoeq",
        "point_name": "広尾のカレー 前",
        "remark": "凛太郎和薰子约会结束后经过的“高平咖啡店”前小路。"
      },
      "type": "Feature"
    },
    {
      "geometry": {
        "coordinates": [
          139.721978,
          35.650605
        ],
        "type": "Point"
      },
      "properties": {
        "bangumi_id": 513345,
        "bangumi_title": "薰香花朵凛然绽放",
        "ep_cut": 7,
        "image_url": "https://w.junreimap.com/images/points/513345/3vdbwxd_1755437541268.jpg",
        "location": "広尾駅周边（広尾駅-日比谷线-涩谷区-东京都）",
        "point_id": "3vdbwxd",
        "point_name": "広尾湯前",
        "remark": "隔马路向对面拍摄"
      },
      "type": "Feature"
    },
    {
      "geometry": {
        "coordinates": [
          139.72187,
          35.650619
        ],
        "type": "Point"
      },
      "properties": {
        "bangumi_id": 513345,
        "bangumi_title": "薰香花朵凛然绽放",
        "ep_cut": 7,
        "image_url": "https://w.junreimap.com/images/points/513345/3vdk48i_1755437927337.jpg",
        "location": "広尾駅周边（広尾駅-日比谷线-涩谷区-东京都）",
        "point_id": "3vdk48i",
        "point_name": "広尾湯前",
        "remark": "现实中此处右侧有自动售卖机遮挡"
      },
      "type": "Feature"
    },
    {
      "geometry": {
        "coordinates": [
          139.722012,
          35.650676
        ],
        "type": "Point"
      },
      "properties": {
        "bangumi_id": 513345,
        "bangumi_title": "薰香花朵凛然绽放",
        "ep_cut": 7,
        "image_url": "https://w.junreimap.com/images/points/513345/45s2a1h_1756066948126.jpg",
        "location": "広尾駅周边（広尾駅-日比谷线-涩谷区-东京都）",
        "point_id": "45s2a1h",
        "point_name": "広尾湯前",
        "remark": ""
      },
      "type": "Feature"
    },
    {
      "geometry": {
        "coordinates": [
          139.721968,
          35.65065
        ],
        "type": "Point"
      },
      "properties": {
        "bangumi_id": 513345,
        "bangumi_title": "薰香花朵凛然绽放",
        "ep_cut": 1,
        "image_url": "https://w.junreimap.com/images/points/513345/27x3dli_1751842820722.jpg",
        "location": "広尾駅周边（広尾駅-日比谷线-涩谷区-东京都）",
        "point_id": "27x3dli",
        "point_name": "広尾湯前",
        "remark": "开幕"
      },
      "type": "Feature"
    },
    {
      "geometry": {
        "coordinates": [
          139.721957,
          35.650647
        ],
        "type": "Point"
      },
      "properties": {
        "bangumi_id": 513345,
        "bangumi_title": "薰香花朵凛然绽放",
        "ep_cut": 1,
        "image_url": "https://w.junreimap.com/images/points/513345/281jfyc_1751850273838_c16v9.jpg",
        "location": "広尾駅周边（広尾駅-日比谷线-涩谷区-东京都）",
        "point_id": "281jfyc",
        "point_name": "広尾湯前",
        "remark": ""
      },
      "type": "Feature"
    },
    {
      "geometry": {
        "coordinates": [
          139.721955,
          35.650663
        ],
        "type": "Point"
      },
      "properties": {
        "bangumi_id": 513345,
        "bangumi_title": "薰香花朵凛然绽放",
        "ep_cut": 1,
        "image_url": "https://w.junreimap.com/images/points/513345/281jgg8_1751850324287_c16v9.jpg",
        "location": "広尾駅周边（広尾駅-日比谷线-涩谷区-东京都）",
        "point_id": "281jgg8",
        "point_name": "広尾湯前",
        "remark": ""
      },
      "type": "Feature"
    },
    {
      "geometry": {
        "coordinates": [
          139.721936,
          35.650658
        ],
        "type": "Point"
      },
      "properties": {
        "bangumi_id": 513345,
        "bangumi_title": "薰香花朵凛然绽放",
        "ep_cut": 1,
        "image_url": "https://w.junreimap.com/images/points/513345/281jgv0_1751850325327_c16v9.jpg",
        "location": "広尾駅周边（広尾駅-日比谷线-涩谷区-东京都）",
        "point_id": "281jgv0",
        "point_name": "広尾湯前",
        "remark": ""
      },
      "type": "Feature"
    },
    {
      "geometry": {
        "coordinates": [
          139.721901,
          35.650657
        ],
        "type": "Point"
      },
      "properties": {
        "bangumi_id": 513345,
        "bangumi_title": "薰香花朵凛然绽放",
        "ep_cut": 1,
        "image_url": "https://w.junreimap.com/images/points/513345/281jhbc_1751850327571_c16v9.jpg",
        "location": "広尾駅周边（広尾駅-日比谷线-涩谷区-东京都）",
        "point_id": "281jhbc",
        "point_name": "広尾湯前",
        "remark": ""
      },
      "type": "Feature"
    },
    {
      "geometry": {
        "coordinates": [
          139.721723,
          35.65059
        ],
        "type": "Point"
      },
      "properties": {
        "bangumi_id": 513345,
        "bangumi_title": "薰香花朵凛然绽放",
        "ep_cut": 7,
        "image_url": "https://w.junreimap.com/images/points/513345/45s1ct4_1756066908277.jpg",
        "location": "広尾駅周边（広尾駅-日比谷线-涩谷区-东京都）",
        "point_id": "45s1ct4",
        "point_name": "広尾湯前",
        "remark": ""
      },
      "type": "Feature"
    },
    {
      "geometry": {
        "coordinates": [
          139.721736,
          35.650572
        ],
        "type": "Point"
      },
      "properties": {
        "bangumi_id": 513345,
        "bangumi_title": "薰香花朵凛然绽放",
        "ep_cut": 7,
        "image_url": "https://w.junreimap.com/images/points/513345/45s1r1i_1756066922976.jpg",
        "location": "広尾駅周边（広尾駅-日比谷线-涩谷区-东京都）",
        "point_id": "45s1r1i",
        "point_name": "広尾湯前",
        "remark": ""
      },
      "type": "Feature"
    },
    {
      "geometry": {
        "coordinates": [
          139.721771,
          35.650602
        ],
        "type": "Point"
      },
      "properties": {
        "bangumi_id": 513345,
        "bangumi_title": "薰香花朵凛然绽放",
        "ep_cut": 7,
        "image_url": "https://w.junreimap.com/images/points/513345/45s1vnz_1756066929787.jpg",
        "location": "広尾駅周边（広尾駅-日比谷线-涩谷区-东京都）",
        "point_id": "45s1vnz",
        "point_name": "広尾湯前",
        "remark": ""
      },
      "type": "Feature"
    },
    {
      "geometry": {
        "coordinates": [
          139.719209,
          35.650395
        ],
        "type": "Point"
      },
      "properties": {
        "bangumi_id": 513345,
        "bangumi_title": "薰香花朵凛然绽放",
        "ep_cut": 5,
        "image_url": "https://w.junreimap.com/images/points/513345/3azxq03_1754205736939.jpg",
        "location": "広尾駅周边（広尾駅-日比谷线-涩谷区-东京都）",
        "point_id": "3azxq03",
        "point_name": "広尾ハイツ 前",
        "remark": ""
      },
      "type": "Feature"
    },
    {
      "geometry": {
        "coordinates": [
          139.719163,
          35.650381
        ],
        "type": "Point"
      },
      "properties": {
        "bangumi_id": 513345,
        "bangumi_title": "薰香花朵凛然绽放",
        "ep_cut": 5,
        "image_url": "https://w.junreimap.com/images/points/513345/3azz017_1754205779597.jpg",
        "location": "広尾駅周边（広尾駅-日比谷线-涩谷区-东京都）",
        "point_id": "3azz017",
        "point_name": "広尾ハイツ 前",
        "remark": ""
      },
      "type": "Feature"
    },
    {
      "geometry": {
        "coordinates": [
          139.719091,
          35.650369
        ],
        "type": "Point"
      },
      "properties": {
        "bangumi_id": 513345,
        "bangumi_title": "薰香花朵凛然绽放",
        "ep_cut": 5,
        "image_url": "https://w.junreimap.com/images/points/513345/3b0057x_1754205833092.jpg",
        "location": "広尾駅周边（広尾駅-日比谷线-涩谷区-东京都）",
        "point_id": "3b0057x",
        "point_name": "広尾ハイツ 前",
        "remark": ""
      },
      "type": "Feature"
    },
    {
      "geometry": {
        "coordinates": [
          139.719117,
          35.650364
        ],
        "type": "Point"
      },
      "properties": {
        "bangumi_id": 513345,
        "bangumi_title": "薰香花朵凛然绽放",
        "ep_cut": 5,
        "image_url": "https://w.junreimap.com/images/points/513345/3azyn0n_1754205821298.jpg",
        "location": "広尾駅周边（広尾駅-日比谷线-涩谷区-东京都）",
        "point_id": "3azyn0n",
        "point_name": "広尾ハイツ 前",
        "remark": ""
      },
      "type": "Feature"
    },
    {
      "geometry": {
        "coordinates": [
          139.719094,
          35.650358
        ],
        "type": "Point"
      },
      "properties": {
        "bangumi_id": 513345,
        "bangumi_title": "薰香花朵凛然绽放",
        "ep_cut": 5,
        "image_url": "https://w.junreimap.com/images/points/513345/3azz5u9_1754205787307.jpg",
        "location": "広尾駅周边（広尾駅-日比谷线-涩谷区-东京都）",
        "point_id": "3azz5u9",
        "point_name": "広尾ハイツ 前",
        "remark": ""
      },
      "type": "Feature"
    },
    {
      "geometry": {
        "coordinates": [
          139.719073,
          35.650364
        ],
        "type": "Point"
      },
      "properties": {
        "bangumi_id": 513345,
        "bangumi_title": "薰香花朵凛然绽放",
        "ep_cut": 5,
        "image_url": "https://w.junreimap.com/images/points/513345/3b009jm_1754205839219.jpg",
        "location": "広尾駅周边（広尾駅-日比谷线-涩谷区-东京都）",
        "point_id": "3b009jm",
        "point_name": "広尾ハイツ 前",
        "remark": ""
      },
      "type": "Feature"
    },
    {
      "geometry": {
        "coordinates": [
          139.719055,
          35.650358
        ],
        "type": "Point"
      },
      "properties": {
        "bangumi_id": 513345,
        "bangumi_title": "薰香花朵凛然绽放",
        "ep_cut": 5,
        "image_url": "https://w.junreimap.com/images/points/513345/3b00br0_1754205841536.jpg",
        "location": "広尾駅周边（広尾駅-日比谷线-涩谷区-东京都）",
        "point_id": "3b00br0",
        "point_name": "広尾ハイツ 前",
        "remark": ""
      },
      "type": "Feature"
    },
    {
      "geometry": {
        "coordinates": [
          139.719036,
          35.650351
        ],
        "type": "Point"
      },
      "properties": {
        "bangumi_id": 513345,
        "bangumi_title": "薰香花朵凛然绽放",
        "ep_cut": 5,
        "image_url": "https://w.junreimap.com/images/points/513345/3b00f6f_1754205846431.jpg",
        "location": "広尾駅周边（広尾駅-日比谷线-涩谷区-东京都）",
        "point_id": "3b00f6f",
        "point_name": "広尾ハイツ 前",
        "remark": ""
      },
      "type": "Feature"
    },
    {
      "geometry": {
        "coordinates": [
          139.719235,
          35.650398
        ],
        "type": "Point"
      },
      "properties": {
        "bangumi_id": 513345,
        "bangumi_title": "薰香花朵凛然绽放",
        "ep_cut": 5,
        "image_url": "https://w.junreimap.com/images/points/513345/3azza8d_1754205792920.jpg",
        "location": "広尾駅周边（広尾駅-日比谷线-涩谷区-东京都）",
        "point_id": "3azza8d",
        "point_name": "広尾ハイツ 前",
        "remark": ""
      },
      "type": "Feature"
    },
    {
      "geometry": {
        "coordinates": [
          139.719183,
          35.650397
        ],
        "type": "Point"
      },
      "properties": {
        "bangumi_id": 513345,
        "bangumi_title": "薰香花朵凛然绽放",
        "ep_cut": 5,
        "image_url": "https://w.junreimap.com/images/points/513345/3azze7c_1754205799413.jpg",
        "location": "広尾駅周边（広尾駅-日比谷线-涩谷区-东京都）",
        "point_id": "3azze7c",
        "point_name": "広尾ハイツ 前",
        "remark": ""
      },
      "type": "Feature"
    },
    {
      "geometry": {
        "coordinates": [
          139.719144,
          35.650379
        ],
        "type": "Point"
      },
      "properties": {
        "bangumi_id": 513345,
        "bangumi_title": "薰香花朵凛然绽放",
        "ep_cut": 5,
        "image_url": "https://w.junreimap.com/images/points/513345/3azzjen_1754205805903.jpg",
        "location": "広尾駅周边（広尾駅-日比谷线-涩谷区-东京都）",
        "point_id": "3azzjen",
        "point_name": "広尾ハイツ 前",
        "remark": ""
      },
      "type": "Feature"
    },
    {
      "geometry": {
        "coordinates": [
          139.722145,
          35.650905
        ],
        "type": "Point"
      },
      "properties": {
        "bangumi_id": 513345,
        "bangumi_title": "薰香花朵凛然绽放",
        "ep_cut": 4,
        "image_url": "https://w.junreimap.com/images/points/513345/2ykdjpu_1753453994695.jpg",
        "location": "広尾駅周边（広尾駅-日比谷线-涩谷区-东京都）",
        "point_id": "2ykdjpu",
        "point_name": "広尾駅",
        "remark": ""
      },
      "type": "Feature"
    },
    {
      "geometry": {
        "coordinates": [
          139.722191,
          35.650915
        ],
        "type": "Point"
      },
      "properties": {
        "bangumi_id": 513345,
        "bangumi_title": "薰香花朵凛然绽放",
        "ep_cut": 4,
        "image_url": "https://w.junreimap.com/images/points/513345/2yke34h_1753602993851.jpg",
        "location": "広尾駅周边（広尾駅-日比谷线-涩谷区-东京都）",
        "point_id": "2yke34h",
        "point_name": "広尾駅",
        "remark": ""
      },
      "type": "Feature"
    },
    {
      "geometry": {
        "coordinates": [
          139.722175,
          35.650822
        ],
        "type": "Point"
      },
      "properties": {
        "bangumi_id": 513345,
        "bangumi_title": "薰香花朵凛然绽放",
        "ep_cut": 4,
        "image_url": "https://w.junreimap.com/images/points/513345/2ykecqs_1753454028052.jpg",
        "location": "広尾駅周边（広尾駅-日比谷线-涩谷区-东京都）",
        "point_id": "2ykecqs",
        "point_name": "広尾駅",
        "remark": ""
      },
      "type": "Feature"
    },
    {
      "geometry": {
        "coordinates": [
          139.722186,
          35.650936
        ],
        "type": "Point"
      },
      "properties": {
        "bangumi_id": 513345,
        "bangumi_title": "薰香花朵凛然绽放",
        "ep_cut": 4,
        "image_url": "https://w.junreimap.com/images/points/513345/2ykegjk_1753454033107.jpg",
        "location": "広尾駅周边（広尾駅-日比谷线-涩谷区-东京都）",
        "point_id": "2ykegjk",
        "point_name": "広尾駅",
        "remark": ""
      },
      "type": "Feature"
    },
    {
      "geometry": {
        "coordinates": [
          139.722177,
          35.650965
        ],
        "type": "Point"
      },
      "properties": {
        "bangumi_id": 513345,
        "bangumi_title": "薰香花朵凛然绽放",
        "ep_cut": 4,
        "image_url": "https://w.junreimap.com/images/points/513345/3113lo1_1753603013313.jpg",
        "location": "広尾駅周边（広尾駅-日比谷线-涩谷区-东京都）",
        "point_id": "3113lo1",
        "point_name": "広尾駅",
        "remark": ""
      },
      "type": "Feature"
    },
    {
      "geometry": {
        "coordinates": [
          139.722164,
          35.650909
        ],
        "type": "Point"
      },
      "properties": {
        "bangumi_id": 513345,
        "bangumi_title": "薰香花朵凛然绽放",
        "ep_cut": 4,
        "image_url": "https://w.junreimap.com/images/points/513345/3113owr_1753603016347.jpg",
        "location": "広尾駅周边（広尾駅-日比谷线-涩谷区-东京都）",
        "point_id": "3113owr",
        "point_name": "広尾駅",
        "remark": ""
      },
      "type": "Feature"
    },
    {
      "geometry": {
        "coordinates": [
          139.722207,
          35.650917
        ],
        "type": "Point"
      },
      "properties": {
        "bangumi_id": 513345,
        "bangumi_title": "薰香花朵凛然绽放",
        "ep_cut": 4,
        "image_url": "https://w.junreimap.com/images/points/513345/3113t3u_1753603021981.jpg",
        "location": "広尾駅周边（広尾駅-日比谷线-涩谷区-东京都）",
        "point_id": "3113t3u",
        "point_name": "広尾駅",
        "remark": ""
      },
      "type": "Feature"
    },
    {
      "geometry": {
        "coordinates": [
          139.722167,
          35.650895
        ],
        "type": "Point"
      },
      "properties": {
        "bangumi_id": 513345,
        "bangumi_title": "薰香花朵凛然绽放",
        "ep_cut": 4,
        "image_url": "https://w.junreimap.com/images/points/513345/3114ab1_1753603044197.jpg",
        "location": "広尾駅周边（広尾駅-日比谷线-涩谷区-东京都）",
        "point_id": "3114ab1",
        "point_name": "広尾駅",
        "remark": ""
      },
      "type": "Feature"
    },
    {
      "geometry": {
        "coordinates": [
          139.722168,
          35.650847
        ],
        "type": "Point"
      },
      "properties": {
        "bangumi_id": 513345,
        "bangumi_title": "薰香花朵凛然绽放",
        "ep_cut": 4,
        "image_url": "https://w.junreimap.com/images/points/513345/3099f8q_1753556256627.jpg",
        "location": "広尾駅周边（広尾駅-日比谷线-涩谷区-东京都）",
        "point_id": "3099f8q",
        "point_name": "広尾駅",
        "remark": ""
      },
      "type": "Feature"
    },
    {
      "geometry": {
        "coordinates": [
          139.722186,
          35.650879
        ],
        "type": "Point"
      },
      "properties": {
        "bangumi_id": 513345,
        "bangumi_title": "薰香花朵凛然绽放",
        "ep_cut": 4,
        "image_url": "https://w.junreimap.com/images/points/513345/3114rjt_1753603069143.jpg",
        "location": "広尾駅周边（広尾駅-日比谷线-涩谷区-东京都）",
        "point_id": "3114rjt",
        "point_name": "広尾駅",
        "remark": ""
      },
      "type": "Feature"
    },
    {
      "geometry": {
        "coordinates": [
          139.722159,
          35.650925
        ],
        "type": "Point"
      },
      "properties": {
        "bangumi_id": 513345,
        "bangumi_title": "薰香花朵凛然绽放",
        "ep_cut": 4,
        "image_url": "https://w.junreimap.com/images/points/513345/3114y3c_1753603075138.jpg",
        "location": "広尾駅周边（広尾駅-日比谷线-涩谷区-东京都）",
        "point_id": "3114y3c",
        "point_name": "広尾駅",
        "remark": ""
      },
      "type": "Feature"
    },
    {
      "geometry": {
        "coordinates": [
          139.722156,
          35.650943
        ],
        "type": "Point"
      },
      "properties": {
        "bangumi_id": 513345,
        "bangumi_title": "薰香花朵凛然绽放",
        "ep_cut": 4,
        "image_url": "https://w.junreimap.com/images/points/513345/3117m1x_1753603199505.jpg",
        "location": "広尾駅周边（広尾駅-日比谷线-涩谷区-东京都）",
        "point_id": "3117m1x",
        "point_name": "広尾駅",
        "remark": ""
      },
      "type": "Feature"
    },
    {
      "geometry": {
        "coordinates": [
          139.722185,
          35.650897
        ],
        "type": "Point"
      },
      "properties": {
        "bangumi_id": 513345,
        "bangumi_title": "薰香花朵凛然绽放",
        "ep_cut": 4,
        "image_url": "https://w.junreimap.com/images/points/513345/31150dz_1753603078202.jpg",
        "location": "広尾駅周边（広尾駅-日比谷线-涩谷区-东京都）",
        "point_id": "31150dz",
        "point_name": "広尾駅",
        "remark": ""
      },
      "type": "Feature"
    },
    {
      "geometry": {
        "coordinates": [
          139.722133,
          35.650903
        ],
        "type": "Point"
      },
      "properties": {
        "bangumi_id": 513345,
        "bangumi_title": "薰香花朵凛然绽放",
        "ep_cut": 4,
        "image_url": "https://w.junreimap.com/images/points/513345/3112ctt_1753602963964.jpg",
        "location": "広尾駅周边（広尾駅-日比谷线-涩谷区-东京都）",
        "point_id": "3112ctt",
        "point_name": "広尾駅",
        "remark": ""
      },
      "type": "Feature"
    },
    {
      "geometry": {
        "coordinates": [
          139.722116,
          35.6509
        ],
        "type": "Point"
      },
      "properties": {
        "bangumi_id": 513345,
        "bangumi_title": "薰香花朵凛然绽放",
        "ep_cut": 1,
        "image_url": "https://w.junreimap.com/images/points/513345/281on4q_1751850980092_c16v9.jpg",
        "location": "広尾駅周边（広尾駅-日比谷线-涩谷区-东京都）",
        "point_id": "281on4q",
        "point_name": "広尾駅",
        "remark": "动画中的挂牌将天現寺改为了天開寺，站外的指示牌原本上文为“東京都難病ピア相談室”，下文为“都立中央图书馆”"
      },
      "type": "Feature"
    },
    {
      "geometry": {
        "coordinates": [
          139.722106,
          35.650898
        ],
        "type": "Point"
      },
      "properties": {
        "bangumi_id": 513345,
        "bangumi_title": "薰香花朵凛然绽放",
        "ep_cut": 1,
        "image_url": "https://w.junreimap.com/images/points/513345/28202eb_1751851039363_c16v9.jpg",
        "location": "広尾駅周边（広尾駅-日比谷线-涩谷区-东京都）",
        "point_id": "28202eb",
        "point_name": "広尾駅",
        "remark": ""
      },
      "type": "Feature"
    },
    {
      "geometry": {
        "coordinates": [
          139.722276,
          35.651343
        ],
        "type": "Point"
      },
      "properties": {
        "bangumi_id": 513345,
        "bangumi_title": "薰香花朵凛然绽放",
        "ep_cut": 4,
        "image_url": "https://w.junreimap.com/images/points/513345/3111e25_1753602939258.jpg",
        "location": "広尾駅周边（広尾駅-日比谷线-涩谷区-东京都）",
        "point_id": "3111e25",
        "point_name": "広尾駅 月台",
        "remark": ""
      },
      "type": "Feature"
    },
    {
      "geometry": {
        "coordinates": [
          139.722274,
          35.651361
        ],
        "type": "Point"
      },
      "properties": {
        "bangumi_id": 513345,
        "bangumi_title": "薰香花朵凛然绽放",
        "ep_cut": 4,
        "image_url": "https://w.junreimap.com/images/points/513345/311lhjp_1753603847413.jpg",
        "location": "日比谷线-涩谷区-东京都",
        "point_id": "311lhjp",
        "point_name": "日比谷线 电车内",
        "remark": ""
      },
      "type": "Feature"
    },
    {
      "geometry": {
        "coordinates": [
          139.722219,
          35.650519
        ],
        "type": "Point"
      },
      "properties": {
        "bangumi_id": 513345,
        "bangumi_title": "薰香花朵凛然绽放",
        "ep_cut": 4,
        "image_url": "https://w.junreimap.com/images/points/513345/31111s4_1753602895025.jpg",
        "location": "日比谷线-涩谷区-东京都",
        "point_id": "31111s4",
        "point_name": "日比谷线 电车内",
        "remark": ""
      },
      "type": "Feature"
    },
    {
      "geometry": {
        "coordinates": [
          139.722214,
          35.650481
        ],
        "type": "Point"
      },
      "properties": {
        "bangumi_id": 513345,
        "bangumi_title": "薰香花朵凛然绽放",
        "ep_cut": 4,
        "image_url": "https://w.junreimap.com/images/points/513345/311ip7l_1753603718904.jpg",
        "location": "日比谷线-涩谷区-东京都",
        "point_id": "311ip7l",
        "point_name": "日比谷线 电车内",
        "remark": ""
      },
      "type": "Feature"
    },
    {
      "geometry": {
        "coordinates": [
          139.722214,
          35.65046
        ],
        "type": "Point"
      },
      "properties": {
        "bangumi_id": 513345,
        "bangumi_title": "薰香花朵凛然绽放",
        "ep_cut": 4,
        "image_url": "https://w.junreimap.com/images/points/513345/311jnm9_1753603761489.jpg",
        "location": "日比谷线-涩谷区-东京都",
        "point_id": "311jnm9",
        "point_name": "日比谷线 电车内",
        "remark": ""
      },
      "type": "Feature"
    },
    {
      "geometry": {
        "coordinates": [
          139.722196,
          35.650461
        ],
        "type": "Point"
      },
      "properties": {
        "bangumi_id": 513345,
        "bangumi_title": "薰香花朵凛然绽放",
        "ep_cut": 4,
        "image_url": "https://w.junreimap.com/images/points/513345/311jpyd_1753603769030.jpg",
        "location": "日比谷线-涩谷区-东京都",
        "point_id": "311jpyd",
        "point_name": "日比谷线 电车内",
        "remark": ""
      },
      "type": "Feature"
    },
    {
      "geometry": {
        "coordinates": [
          139.7222,
          35.650499
        ],
        "type": "Point"
      },
      "properties": {
        "bangumi_id": 513345,
        "bangumi_title": "薰香花朵凛然绽放",
        "ep_cut": 4,
        "image_url": "https://w.junreimap.com/images/points/513345/311k1md_1753603780138.jpg",
        "location": "日比谷线-涩谷区-东京都",
        "point_id": "311k1md",
        "point_name": "日比谷线 电车内",
        "remark": ""
      },
      "type": "Feature"
    },
    {
      "geometry": {
        "coordinates": [
          139.722202,
          35.650516
        ],
        "type": "Point"
      },
      "properties": {
        "bangumi_id": 513345,
        "bangumi_title": "薰香花朵凛然绽放",
        "ep_cut": 4,
        "image_url": "https://w.junreimap.com/images/points/513345/311k4cc_1753603783171.jpg",
        "location": "日比谷线-涩谷区-东京都",
        "point_id": "311k4cc",
        "point_name": "日比谷线 电车内",
        "remark": ""
      },
      "type": "Feature"
    },
    {
      "geometry": {
        "coordinates": [
          139.722204,
          35.650533
        ],
        "type": "Point"
      },
      "properties": {
        "bangumi_id": 513345,
        "bangumi_title": "薰香花朵凛然绽放",
        "ep_cut": 4,
        "image_url": "https://w.junreimap.com/images/points/513345/311k6vn_1753603790173.jpg",
        "location": "日比谷线-涩谷区-东京都",
        "point_id": "311k6vn",
        "point_name": "日比谷线 电车内",
        "remark": ""
      },
      "type": "Feature"
    },
    {
      "geometry": {
        "coordinates": [
          139.722239,
          35.650524
        ],
        "type": "Point"
      },
      "properties": {
        "bangumi_id": 513345,
        "bangumi_title": "薰香花朵凛然绽放",
        "ep_cut": 4,
        "image_url": "https://w.junreimap.com/images/points/513345/311ke5f_1753603805810.jpg",
        "location": "日比谷线-涩谷区-东京都",
        "point_id": "311ke5f",
        "point_name": "日比谷线 电车内",
        "remark": ""
      },
      "type": "Feature"
    },
    {
      "geometry": {
        "coordinates": [
          139.722234,
          35.650503
        ],
        "type": "Point"
      },
      "properties": {
        "bangumi_id": 513345,
        "bangumi_title": "薰香花朵凛然绽放",
        "ep_cut": 4,
        "image_url": "https://w.junreimap.com/images/points/513345/311khj0_1753603800279.jpg",
        "location": "日比谷线-涩谷区-东京都",
        "point_id": "311khj0",
        "point_name": "日比谷线 电车内",
        "remark": ""
      },
      "type": "Feature"
    },
    {
      "geometry": {
        "coordinates": [
          139.722231,
          35.650467
        ],
        "type": "Point"
      },
      "properties": {
        "bangumi_id": 513345,
        "bangumi_title": "薰香花朵凛然绽放",
        "ep_cut": 4,
        "image_url": "https://w.junreimap.com/images/points/513345/311krv8_1753603827094.jpg",
        "location": "日比谷线-涩谷区-东京都",
        "point_id": "311krv8",
        "point_name": "日比谷线 电车内",
        "remark": ""
      },
      "type": "Feature"
    },
    {
      "geometry": {
        "coordinates": [
          139.722229,
          35.650456
        ],
        "type": "Point"
      },
      "properties": {
        "bangumi_id": 513345,
        "bangumi_title": "薰香花朵凛然绽放",
        "ep_cut": 4,
        "image_url": "https://w.junreimap.com/images/points/513345/311lbjk_1753603839097.jpg",
        "location": "日比谷线-涩谷区-东京都",
        "point_id": "311lbjk",
        "point_name": "日比谷线 电车内",
        "remark": ""
      },
      "type": "Feature"
    },
    {
      "geometry": {
        "coordinates": [
          139.722232,
          35.650492
        ],
        "type": "Point"
      },
      "properties": {
        "bangumi_id": 513345,
        "bangumi_title": "薰香花朵凛然绽放",
        "ep_cut": 4,
        "image_url": "https://w.junreimap.com/images/points/513345/311l4tv_1753603830228.jpg",
        "location": "日比谷线-涩谷区-东京都",
        "point_id": "311l4tv",
        "point_name": "日比谷线 电车内",
        "remark": ""
      },
      "type": "Feature"
    },
    {
      "geometry": {
        "coordinates": [
          139.738911,
          35.628524
        ],
        "type": "Point"
      },
      "properties": {
        "bangumi_id": 513345,
        "bangumi_title": "薰香花朵凛然绽放",
        "ep_cut": 8,
        "image_url": "https://w.junreimap.com/images/points/513345/45rat0r_1756065690906.jpg",
        "location": "品川站-港区-东京都",
        "point_id": "45rat0r",
        "point_name": "品川駅 3号月台",
        "remark": ""
      },
      "type": "Feature"
    },
    {
      "geometry": {
        "coordinates": [
          139.738931,
          35.628422
        ],
        "type": "Point"
      },
      "properties": {
        "bangumi_id": 513345,
        "bangumi_title": "薰香花朵凛然绽放",
        "ep_cut": 8,
        "image_url": "https://w.junreimap.com/images/points/513345/45rbf44_1756065706531.jpg",
        "location": "品川站-港区-东京都",
        "point_id": "45rbf44",
        "point_name": "品川駅 3号月台",
        "remark": ""
      },
      "type": "Feature"
    },
    {
      "geometry": {
        "coordinates": [
          139.738937,
          35.628315
        ],
        "type": "Point"
      },
      "properties": {
        "bangumi_id": 513345,
        "bangumi_title": "薰香花朵凛然绽放",
        "ep_cut": 8,
        "image_url": "https://w.junreimap.com/images/points/513345/45rbqoh_1756065709293.jpg",
        "location": "品川站-港区-东京都",
        "point_id": "45rbqoh",
        "point_name": "品川駅 3号月台",
        "remark": ""
      },
      "type": "Feature"
    },
    {
      "geometry": {
        "coordinates": [
          139.738932,
          35.628217
        ],
        "type": "Point"
      },
      "properties": {
        "bangumi_id": 513345,
        "bangumi_title": "薰香花朵凛然绽放",
        "ep_cut": 8,
        "image_url": "https://w.junreimap.com/images/points/513345/45rbuwj_1756065714408.jpg",
        "location": "品川站-港区-东京都",
        "point_id": "45rbuwj",
        "point_name": "品川駅 3号月台",
        "remark": ""
      },
      "type": "Feature"
    },
    {
      "geometry": {
        "coordinates": [
          139.739042,
          35.628323
        ],
        "type": "Point"
      },
      "properties": {
        "bangumi_id": 513345,
        "bangumi_title": "薰香花朵凛然绽放",
        "ep_cut": 8,
        "image_url": "https://w.junreimap.com/images/points/513345/45rbyp1_1756065731749.jpg",
        "location": "品川站-港区-东京都",
        "point_id": "45rbyp1",
        "point_name": "品川駅 3号月台",
        "remark": ""
      },
      "type": "Feature"
    },
    {
      "geometry": {
        "coordinates": [
          139.739054,
          35.628523
        ],
        "type": "Point"
      },
      "properties": {
        "bangumi_id": 513345,
        "bangumi_title": "薰香花朵凛然绽放",
        "ep_cut": 8,
        "image_url": "https://w.junreimap.com/images/points/513345/45rcmgl_1756065750149.jpg",
        "location": "品川站-港区-东京都",
        "point_id": "45rcmgl",
        "point_name": "品川駅 3号月台",
        "remark": ""
      },
      "type": "Feature"
    },
    {
      "geometry": {
        "coordinates": [
          139.735232,
          35.627701
        ],
        "type": "Point"
      },
      "properties": {
        "bangumi_id": 513345,
        "bangumi_title": "薰香花朵凛然绽放",
        "ep_cut": 8,
        "image_url": "https://w.junreimap.com/images/points/513345/45qz3na_1756065119280.jpg",
        "location": "マクセル​アクア​パーク​品川（品川站-港区-东京都）",
        "point_id": "45qz3na",
        "point_name": "マクセル​アクア​パーク​品川 - Magical Ground",
        "remark": "位于1F的Magical Ground的\"Patterns\"区域，从入口进来，经过游乐设施后，走到底拐角就是这个区域。可以感受到四季、生物和谐变化的沉浸式空间。"
      },
      "type": "Feature"
    },
    {
      "geometry": {
        "coordinates": [
          139.735286,
          35.627775
        ],
        "type": "Point"
      },
      "properties": {
        "bangumi_id": 513345,
        "bangumi_title": "薰香花朵凛然绽放",
        "ep_cut": 8,
        "image_url": "https://w.junreimap.com/images/points/513345/45qza0h_1756065127524.jpg",
        "location": "マクセル​アクア​パーク​品川（品川站-港区-东京都）",
        "point_id": "45qza0h",
        "point_name": "マクセル​アクア​パーク​品川 - Magical Ground",
        "remark": "位于1F的Magical Ground的\"Patterns\"区域，从入口进来，经过游乐设施后，走到底拐角就是这个区域。可以感受到四季、生物和谐变化的沉浸式空间。"
      },
      "type": "Feature"
    },
    {
      "geometry": {
        "coordinates": [
          139.735421,
          35.6279
        ],
        "type": "Point"
      },
      "properties": {
        "bangumi_id": 513345,
        "bangumi_title": "薰香花朵凛然绽放",
        "ep_cut": 8,
        "image_url": "https://w.junreimap.com/images/points/513345/45qz1cy_1756065116512.jpg",
        "location": "マクセル​アクア​パーク​品川（品川站-港区-东京都）",
        "point_id": "45qz1cy",
        "point_name": "マクセル​アクア​パーク​品川 - Magical Ground",
        "remark": "位于1F的Magical Ground的\"Patterns\"区域，从入口进来，经过游乐设施后，走到底拐角就是这个区域。可以感受到四季、生物和谐变化的沉浸式空间。"
      },
      "type": "Feature"
    },
    {
      "geometry": {
        "coordinates": [
          139.735381,
          35.627861
        ],
        "type": "Point"
      },
      "properties": {
        "bangumi_id": 513345,
        "bangumi_title": "薰香花朵凛然绽放",
        "ep_cut": 8,
        "image_url": "https://w.junreimap.com/images/points/513345/45qz7pk_1756065124507.jpg",
        "location": "マクセル​アクア​パーク​品川（品川站-港区-东京都）",
        "point_id": "45qz7pk",
        "point_name": "マクセル​アクア​パーク​品川 - Magical Ground",
        "remark": "位于1F的Magical Ground的\"Patterns\"区域，从入口进来，经过游乐设施后，走到底拐角就是这个区域。可以感受到四季、生物和谐变化的沉浸式空间。"
      },
      "type": "Feature"
    },
    {
      "geometry": {
        "coordinates": [
          139.735311,
          35.627798
        ],
        "type": "Point"
      },
      "properties": {
        "bangumi_id": 513345,
        "bangumi_title": "薰香花朵凛然绽放",
        "ep_cut": 8,
        "image_url": "https://w.junreimap.com/images/points/513345/45qzbs4_1756065129736.jpg",
        "location": "マクセル​アクア​パーク​品川（品川站-港区-东京都）",
        "point_id": "45qzbs4",
        "point_name": "マクセル​アクア​パーク​品川 - Magical Ground",
        "remark": "位于1F的Magical Ground的\"Patterns\"区域，从入口进来，经过游乐设施后，走到底拐角就是这个区域。可以感受到四季、生物和谐变化的沉浸式空间。"
      },
      "type": "Feature"
    },
    {
      "geometry": {
        "coordinates": [
          139.735357,
          35.627839
        ],
        "type": "Point"
      },
      "properties": {
        "bangumi_id": 513345,
        "bangumi_title": "薰香花朵凛然绽放",
        "ep_cut": 8,
        "image_url": "https://w.junreimap.com/images/points/513345/45qz5zb_1756065122301.jpg",
        "location": "マクセル​アクア​パーク​品川（品川站-港区-东京都）",
        "point_id": "45qz5zb",
        "point_name": "マクセル​アクア​パーク​品川 - Magical Ground",
        "remark": "位于1F的Magical Ground的\"Patterns\"区域，从入口进来，经过游乐设施后，走到底拐角就是这个区域。可以感受到四季、生物和谐变化的沉浸式空间。"
      },
      "type": "Feature"
    },
    {
      "geometry": {
        "coordinates": [
          139.735443,
          35.62796
        ],
        "type": "Point"
      },
      "properties": {
        "bangumi_id": 513345,
        "bangumi_title": "薰香花朵凛然绽放",
        "ep_cut": 8,
        "image_url": "https://w.junreimap.com/images/points/513345/45qy80f_1756065078305.jpg",
        "location": "マクセル​アクア​パーク​品川（品川站-港区-东京都）",
        "point_id": "45qy80f",
        "point_name": "マクセル​アクア​パーク​品川 - Magical Ground",
        "remark": "位于1F的Magical Ground的\"Colors\"区域，在\"Patterns\"区域后，可以感受到四季、生物和谐变化的沉浸式空间。"
      },
      "type": "Feature"
    },
    {
      "geometry": {
        "coordinates": [
          139.735249,
          35.62797
        ],
        "type": "Point"
      },
      "properties": {
        "bangumi_id": 513345,
        "bangumi_title": "薰香花朵凛然绽放",
        "ep_cut": 8,
        "image_url": "https://w.junreimap.com/images/points/513345/45qyaop_1756065081488.jpg",
        "location": "マクセル​アクア​パーク​品川（品川站-港区-东京都）",
        "point_id": "45qyaop",
        "point_name": "マクセル​アクア​パーク​品川 - Magical Ground",
        "remark": "位于1F的Magical Ground的\"Colors\"区域，在\"Patterns\"区域后，可以感受到四季、生物和谐变化的沉浸式空间。"
      },
      "type": "Feature"
    },
    {
      "geometry": {
        "coordinates": [
          139.735001,
          35.627909
        ],
        "type": "Point"
      },
      "properties": {
        "bangumi_id": 513345,
        "bangumi_title": "薰香花朵凛然绽放",
        "ep_cut": 8,
        "image_url": "https://w.junreimap.com/images/points/513345/45qygq2_1756065089404.jpg",
        "location": "マクセル​アクア​パーク​品川（品川站-港区-东京都）",
        "point_id": "45qygq2",
        "point_name": "マクセル​アクア​パーク​品川 - Magical Ground",
        "remark": "位于1F的Magical Ground的\"Colors\"区域，在\"Patterns\"区域后，可以感受到四季、生物和谐变化的沉浸式空间。"
      },
      "type": "Feature"
    },
    {
      "geometry": {
        "coordinates": [
          139.735276,
          35.6277
        ],
        "type": "Point"
      },
      "properties": {
        "bangumi_id": 513345,
        "bangumi_title": "薰香花朵凛然绽放",
        "ep_cut": 8,
        "image_url": "https://w.junreimap.com/images/points/513345/45qyces_1756065083790.jpg",
        "location": "マクセル​アクア​パーク​品川（品川站-港区-东京都）",
        "point_id": "45qyces",
        "point_name": "マクセル​アクア​パーク​品川 - Magical Ground",
        "remark": "位于1F的Magical Ground的\"Colors\"区域，在\"Patterns\"区域后，可以感受到四季、生物和谐变化的沉浸式空间。"
      },
      "type": "Feature"
    },
    {
      "geometry": {
        "coordinates": [
          139.735235,
          35.627947
        ],
        "type": "Point"
      },
      "properties": {
        "bangumi_id": 513345,
        "bangumi_title": "薰香花朵凛然绽放",
        "ep_cut": 8,
        "image_url": "https://w.junreimap.com/images/points/513345/45qyog6_1756065110585.jpg",
        "location": "マクセル​アクア​パーク​品川（品川站-港区-东京都）",
        "point_id": "45qyog6",
        "point_name": "マクセル​アクア​パーク​品川 - Magical Ground",
        "remark": "位于1F的Magical Ground的\"Colors\"区域，在\"Patterns\"区域后，可以感受到四季、生物和谐变化的沉浸式空间。"
      },
      "type": "Feature"
    },
    {
      "geometry": {
        "coordinates": [
          139.735402,
          35.62788
        ],
        "type": "Point"
      },
      "properties": {
        "bangumi_id": 513345,
        "bangumi_title": "薰香花朵凛然绽放",
        "ep_cut": 8,
        "image_url": "https://w.junreimap.com/images/points/513345/45qyyzc_1756065113399.jpg",
        "location": "マクセル​アクア​パーク​品川（品川站-港区-东京都）",
        "point_id": "45qyyzc",
        "point_name": "マクセル​アクア​パーク​品川 - Magical Ground",
        "remark": "位于1F的Magical Ground的\"Colors\"区域，在\"Patterns\"区域后，可以感受到四季、生物和谐变化的沉浸式空间。"
      },
      "type": "Feature"
    },
    {
      "geometry": {
        "coordinates": [
          139.735187,
          35.627701
        ],
        "type": "Point"
      },
      "properties": {
        "bangumi_id": 513345,
        "bangumi_title": "薰香花朵凛然绽放",
        "ep_cut": 8,
        "image_url": "https://w.junreimap.com/images/points/513345/45qxxwi_1756065065153.jpg",
        "location": "マクセル​アクア​パーク​品川（品川站-港区-东京都）",
        "point_id": "45qxxwi",
        "point_name": "マクセル​アクア​パーク​品川",
        "remark": "位于1F的ポート･オブ･パイレーツ（Port of Pirates)。主打零重力体验的巨型海盗船游乐设施，船体和周围区域会随着海盗船的移动和音乐亮起，像钟摆一样体验左右摇摆、在海浪中弹跳的失重体验。"
      },
      "type": "Feature"
    },
    {
      "geometry": {
        "coordinates": [
          139.735441,
          35.62793
        ],
        "type": "Point"
      },
      "properties": {
        "bangumi_id": 513345,
        "bangumi_title": "薰香花朵凛然绽放",
        "ep_cut": 8,
        "image_url": "https://w.junreimap.com/images/points/513345/45qxw8x_1756065062962.jpg",
        "location": "マクセル​アクア​パーク​品川（品川站-港区-东京都）",
        "point_id": "45qxw8x",
        "point_name": "マクセル​アクア​パーク​品川",
        "remark": "位于1F的ポート･オブ･パイレーツ（Port of Pirates)。主打零重力体验的巨型海盗船游乐设施，船体和周围区域会随着海盗船的移动和音乐亮起，像钟摆一样体验左右摇摆、在海浪中弹跳的失重体验。"
      },
      "type": "Feature"
    },
    {
      "geometry": {
        "coordinates": [
          139.73544,
          35.627987
        ],
        "type": "Point"
      },
      "properties": {
        "bangumi_id": 513345,
        "bangumi_title": "薰香花朵凛然绽放",
        "ep_cut": 8,
        "image_url": "https://w.junreimap.com/images/points/513345/45qxuhr_1756065060840.jpg",
        "location": "マクセル​アクア​パーク​品川（品川站-港区-东京都）",
        "point_id": "45qxuhr",
        "point_name": "マクセル​アクア​パーク​品川",
        "remark": "位于1F的ポート･オブ･パイレーツ（Port of Pirates)。主打零重力体验的巨型海盗船游乐设施，船体和周围区域会随着海盗船的移动和音乐亮起，像钟摆一样体验左右摇摆、在海浪中弹跳的失重体验。"
      },
      "type": "Feature"
    },
    {
      "geometry": {
        "coordinates": [
          139.735072,
          35.627846
        ],
        "type": "Point"
      },
      "properties": {
        "bangumi_id": 513345,
        "bangumi_title": "薰香花朵凛然绽放",
        "ep_cut": 8,
        "image_url": "https://w.junreimap.com/images/points/513345/45qxrbo_1756065057492.jpg",
        "location": "マクセル​アクア​パーク​品川（品川站-港区-东京都）",
        "point_id": "45qxrbo",
        "point_name": "マクセル​アクア​パーク​品川 - Coral cafe bar",
        "remark": "位于1F的Coral cafe bar（コーラルカフェバー），致力于营造梦幻氛围的咖啡酒吧。店家通过黑光灯使得夜光珊瑚散发出迷人的光芒，并且可以在水槽上进食。营业时间10:00-19:00。这里提供可外带的瓶装软饮和雪糕，但作品中的热狗需要在二楼The Stadium购买。"
      },
      "type": "Feature"
    },
    {
      "geometry": {
        "coordinates": [
          139.735354,
          35.62804
        ],
        "type": "Point"
      },
      "properties": {
        "bangumi_id": 513345,
        "bangumi_title": "薰香花朵凛然绽放",
        "ep_cut": 8,
        "image_url": "https://w.junreimap.com/images/points/513345/45qxc3u_1756065036854.jpg",
        "location": "マクセル​アクア​パーク​品川（品川站-港区-东京都）",
        "point_id": "45qxc3u",
        "point_name": "マクセル​アクア​パーク​品川",
        "remark": "位于1F的Coral cafe bar（コーラルカフェバー），致力于营造梦幻氛围的咖啡酒吧。店家通过黑光灯使得夜光珊瑚散发出迷人的光芒，并且可以在水槽上进食。营业时间10:00-19:00。这里提供可外带的瓶装软饮和雪糕，但作品中的热狗需要在二楼The Stadium购买。"
      },
      "type": "Feature"
    },
    {
      "geometry": {
        "coordinates": [
          139.735385,
          35.628041
        ],
        "type": "Point"
      },
      "properties": {
        "bangumi_id": 513345,
        "bangumi_title": "薰香花朵凛然绽放",
        "ep_cut": 8,
        "image_url": "https://w.junreimap.com/images/points/513345/45qxdua_1756065039183.jpg",
        "location": "マクセル​アクア​パーク​品川（品川站-港区-东京都）",
        "point_id": "45qxdua",
        "point_name": "マクセル​アクア​パーク​品川",
        "remark": "位于1F的Coral cafe bar（コーラルカフェバー），致力于营造梦幻氛围的咖啡酒吧。店家通过黑光灯使得夜光珊瑚散发出迷人的光芒，并且可以在水槽上进食。营业时间10:00-19:00。这里提供可外带的瓶装软饮和雪糕，但作品中的热狗需要在二楼The Stadium购买。"
      },
      "type": "Feature"
    },
    {
      "geometry": {
        "coordinates": [
          139.735233,
          35.627734
        ],
        "type": "Point"
      },
      "properties": {
        "bangumi_id": 513345,
        "bangumi_title": "薰香花朵凛然绽放",
        "ep_cut": 8,
        "image_url": "https://w.junreimap.com/images/points/513345/45qx3nl_1756065025957.jpg",
        "location": "マクセル​アクア​パーク​品川（品川站-港区-东京都）",
        "point_id": "45qx3nl",
        "point_name": "マクセル​アクア​パーク​品川",
        "remark": "位于1F的Coral cafe bar（コーラルカフェバー），致力于营造梦幻氛围的咖啡酒吧。店家通过黑光灯使得夜光珊瑚散发出迷人的光芒，并且可以在水槽上进食。营业时间10:00-19:00。这里提供可外带的瓶装软饮和雪糕，但作品中的热狗需要在二楼The Stadium购买。"
      },
      "type": "Feature"
    },
    {
      "geometry": {
        "coordinates": [
          139.735327,
          35.628037
        ],
        "type": "Point"
      },
      "properties": {
        "bangumi_id": 513345,
        "bangumi_title": "薰香花朵凛然绽放",
        "ep_cut": 8,
        "image_url": "https://w.junreimap.com/images/points/513345/45qx7ra_1756065031287.jpg",
        "location": "マクセル​アクア​パーク​品川（品川站-港区-东京都）",
        "point_id": "45qx7ra",
        "point_name": "マクセル​アクア​パーク​品川 - Coral cafe bar",
        "remark": "位于1F的Coral cafe bar（コーラルカフェバー），致力于营造梦幻氛围的咖啡酒吧。店家通过黑光灯使得夜光珊瑚散发出迷人的光芒，并且可以在水槽上进食。营业时间10:00-19:00。这里提供可外带的瓶装软饮和雪糕，但作品中的热狗需要在二楼The Stadium购买。"
      },
      "type": "Feature"
    },
    {
      "geometry": {
        "coordinates": [
          139.735302,
          35.628025
        ],
        "type": "Point"
      },
      "properties": {
        "bangumi_id": 513345,
        "bangumi_title": "薰香花朵凛然绽放",
        "ep_cut": 8,
        "image_url": "https://w.junreimap.com/images/points/513345/45qx5ic_1756065028331.jpg",
        "location": "マクセル​アクア​パーク​品川（品川站-港区-东京都）",
        "point_id": "45qx5ic",
        "point_name": "マクセル​アクア​パーク​品川 - Coral cafe bar",
        "remark": "位于1F的Coral cafe bar（コーラルカフェバー），致力于营造梦幻氛围的咖啡酒吧。店家通过黑光灯使得夜光珊瑚散发出迷人的光芒，并且可以在水槽上进食。营业时间10:00-19:00。这里提供可外带的瓶装软饮和雪糕，但作品中的热狗需要在二楼The Stadium购买。"
      },
      "type": "Feature"
    },
    {
      "geometry": {
        "coordinates": [
          139.73528,
          35.628011
        ],
        "type": "Point"
      },
      "properties": {
        "bangumi_id": 513345,
        "bangumi_title": "薰香花朵凛然绽放",
        "ep_cut": 8,
        "image_url": "https://w.junreimap.com/images/points/513345/45qxn5k_1756065051307.jpg",
        "location": "マクセル​アクア​パーク​品川（品川站-港区-东京都）",
        "point_id": "45qxn5k",
        "point_name": "マクセル​アクア​パーク​品川 - Coral cafe bar",
        "remark": "位于1F的Coral cafe bar（コーラルカフェバー），致力于营造梦幻氛围的咖啡酒吧。店家通过黑光灯使得夜光珊瑚散发出迷人的光芒，并且可以在水槽上进食。营业时间10:00-19:00。这里提供可外带的瓶装软饮和雪糕，但作品中的热狗需要在二楼The Stadium购买。"
      },
      "type": "Feature"
    },
    {
      "geometry": {
        "coordinates": [
          139.735174,
          35.627769
        ],
        "type": "Point"
      },
      "properties": {
        "bangumi_id": 513345,
        "bangumi_title": "薰香花朵凛然绽放",
        "ep_cut": 8,
        "image_url": "https://w.junreimap.com/images/points/513345/45qujs8_1756064907468.jpg",
        "location": "マクセル​アクア​パーク​品川（品川站-港区-东京都）",
        "point_id": "45qujs8",
        "point_name": "マクセル​アクア​パーク​品川",
        "remark": "位于1F的Coral cafe bar（コーラルカフェバー），致力于营造梦幻氛围的咖啡酒吧。店家通过黑光灯使得夜光珊瑚散发出迷人的光芒，并且可以在水槽上进食。营业时间10:00-19:00。这里提供可外带的瓶装软饮和雪糕，但作品中的热狗需要在二楼The Stadium购买。"
      },
      "type": "Feature"
    },
    {
      "geometry": {
        "coordinates": [
          139.735432,
          35.62801
        ],
        "type": "Point"
      },
      "properties": {
        "bangumi_id": 513345,
        "bangumi_title": "薰香花朵凛然绽放",
        "ep_cut": 8,
        "image_url": "https://w.junreimap.com/images/points/513345/45qxi0v_1756065044459.jpg",
        "location": "マクセル​アクア​パーク​品川（品川站-港区-东京都）",
        "point_id": "45qxi0v",
        "point_name": "マクセル​アクア​パーク​品川 - Coral cafe bar",
        "remark": "位于1F的Coral cafe bar（コーラルカフェバー），致力于营造梦幻氛围的咖啡酒吧。店家通过黑光灯使得夜光珊瑚散发出迷人的光芒，并且可以在水槽上进食。营业时间10:00-19:00。这里提供可外带的瓶装软饮和雪糕，但作品中的热狗需要在二楼The Stadium购买。"
      },
      "type": "Feature"
    },
    {
      "geometry": {
        "coordinates": [
          139.735123,
          35.627807
        ],
        "type": "Point"
      },
      "properties": {
        "bangumi_id": 513345,
        "bangumi_title": "薰香花朵凛然绽放",
        "ep_cut": 8,
        "image_url": "https://w.junreimap.com/images/points/513345/45quct7_1756064900476.jpg",
        "location": "マクセル​アクア​パーク​品川（品川站-港区-东京都）",
        "point_id": "45quct7",
        "point_name": "マクセル​アクア​パーク​品川",
        "remark": "洗手间位于1F的Coral cafe bar（コーラルカフェバー）的一旁，即使是等待朋友的空隙也能欣赏美丽的水槽。"
      },
      "type": "Feature"
    },
    {
      "geometry": {
        "coordinates": [
          139.735149,
          35.627788
        ],
        "type": "Point"
      },
      "properties": {
        "bangumi_id": 513345,
        "bangumi_title": "薰香花朵凛然绽放",
        "ep_cut": 8,
        "image_url": "https://w.junreimap.com/images/points/513345/45qugs4_1756064904208.jpg",
        "location": "マクセル​アクア​パーク​品川（品川站-港区-东京都）",
        "point_id": "45qugs4",
        "point_name": "マクセル​アクア​パーク​品川",
        "remark": "洗手间位于1F的Coral cafe bar（コーラルカフェバー）的一旁，即使是等待朋友的空隙也能欣赏美丽的水槽。"
      },
      "type": "Feature"
    },
    {
      "geometry": {
        "coordinates": [
          139.735201,
          35.627751
        ],
        "type": "Point"
      },
      "properties": {
        "bangumi_id": 513345,
        "bangumi_title": "薰香花朵凛然绽放",
        "ep_cut": 8,
        "image_url": "https://w.junreimap.com/images/points/513345/45qutft_1756064922286.jpg",
        "location": "マクセル​アクア​パーク​品川（品川站-港区-东京都）",
        "point_id": "45qutft",
        "point_name": "マクセル​アクア​パーク​品川",
        "remark": "洗手间位于1F的Coral cafe bar（コーラルカフェバー）的一旁，即使是等待朋友的空隙也能欣赏美丽的水槽。"
      },
      "type": "Feature"
    },
    {
      "geometry": {
        "coordinates": [
          139.735136,
          35.62804
        ],
        "type": "Point"
      },
      "properties": {
        "bangumi_id": 513345,
        "bangumi_title": "薰香花朵凛然绽放",
        "ep_cut": 8,
        "image_url": "https://w.junreimap.com/images/points/513345/45qv3pc_1756064940260.jpg",
        "location": "マクセル​アクア​パーク​品川（品川站-港区-东京都）",
        "point_id": "45qv3pc",
        "point_name": "マクセル​アクア​パーク​品川",
        "remark": "洗手间位于1F的Coral cafe bar（コーラルカフェバー）的一旁，即使是等待朋友的空隙也能欣赏美丽的水槽。"
      },
      "type": "Feature"
    },
    {
      "geometry": {
        "coordinates": [
          139.735104,
          35.628043
        ],
        "type": "Point"
      },
      "properties": {
        "bangumi_id": 513345,
        "bangumi_title": "薰香花朵凛然绽放",
        "ep_cut": 8,
        "image_url": "https://w.junreimap.com/images/points/513345/45qvdin_1756064945737.jpg",
        "location": "マクセル​アクア​パーク​品川（品川站-港区-东京都）",
        "point_id": "45qvdin",
        "point_name": "マクセル​アクア​パーク​品川",
        "remark": "洗手间位于1F的Coral cafe bar（コーラルカフェバー）的一旁，即使是等待朋友的空隙也能欣赏美丽的水槽。"
      },
      "type": "Feature"
    },
    {
      "geometry": {
        "coordinates": [
          139.735205,
          35.627991
        ],
        "type": "Point"
      },
      "properties": {
        "bangumi_id": 513345,
        "bangumi_title": "薰香花朵凛然绽放",
        "ep_cut": 8,
        "image_url": "https://w.junreimap.com/images/points/513345/45qwsy9_1756065012047.jpg",
        "location": "マクセル​アクア​パーク​品川（品川站-港区-东京都）",
        "point_id": "45qwsy9",
        "point_name": "マクセル​アクア​パーク​品川 洗手间 前",
        "remark": "洗手间位于1F的Coral cafe bar（コーラルカフェバー）的一旁，即使是等待朋友的空隙也能欣赏美丽的水槽。"
      },
      "type": "Feature"
    },
    {
      "geometry": {
        "coordinates": [
          139.735221,
          35.627969
        ],
        "type": "Point"
      },
      "properties": {
        "bangumi_id": 513345,
        "bangumi_title": "薰香花朵凛然绽放",
        "ep_cut": 8,
        "image_url": "https://w.junreimap.com/images/points/513345/45qwvc1_1756065015798.jpg",
        "location": "マクセル​アクア​パーク​品川（品川站-港区-东京都）",
        "point_id": "45qwvc1",
        "point_name": "マクセル​アクア​パーク​品川 洗手间 前",
        "remark": "洗手间位于1F的Coral cafe bar（コーラルカフェバー）的一旁，即使是等待朋友的空隙也能欣赏美丽的水槽。"
      },
      "type": "Feature"
    },
    {
      "geometry": {
        "coordinates": [
          139.735416,
          35.628031
        ],
        "type": "Point"
      },
      "properties": {
        "bangumi_id": 513345,
        "bangumi_title": "薰香花朵凛然绽放",
        "ep_cut": 8,
        "image_url": "https://w.junreimap.com/images/points/513345/45qwzxg_1756065021273.jpg",
        "location": "マクセル​アクア​パーク​品川（品川站-港区-东京都）",
        "point_id": "45qwzxg",
        "point_name": "マクセル​アクア​パーク​品川 洗手间 前",
        "remark": "洗手间位于1F的Coral cafe bar（コーラルカフェバー）的一旁，即使是等待朋友的空隙也能欣赏美丽的水槽。"
      },
      "type": "Feature"
    },
    {
      "geometry": {
        "coordinates": [
          139.73504,
          35.628031
        ],
        "type": "Point"
      },
      "properties": {
        "bangumi_id": 513345,
        "bangumi_title": "薰香花朵凛然绽放",
        "ep_cut": 8,
        "image_url": "https://w.junreimap.com/images/points/513345/45qvsw5_1756064965789.jpg",
        "location": "マクセル​アクア​パーク​品川（品川站-港区-东京都）",
        "point_id": "45qvsw5",
        "point_name": "マクセル​アクア​パーク​品川",
        "remark": "洗手间位于1F的Coral cafe bar（コーラルカフェバー）的一旁，即使是等待朋友的空隙也能欣赏美丽的水槽。"
      },
      "type": "Feature"
    },
    {
      "geometry": {
        "coordinates": [
          139.735185,
          35.628009
        ],
        "type": "Point"
      },
      "properties": {
        "bangumi_id": 513345,
        "bangumi_title": "薰香花朵凛然绽放",
        "ep_cut": 8,
        "image_url": "https://w.junreimap.com/images/points/513345/45qwr3e_1756065009713.jpg",
        "location": "マクセル​アクア​パーク​品川（品川站-港区-东京都）",
        "point_id": "45qwr3e",
        "point_name": "マクセル​アクア​パーク​品川 洗手间 前",
        "remark": "洗手间位于1F的Coral cafe bar（コーラルカフェバー）的一旁，即使是等待朋友的空隙也能欣赏美丽的水槽。"
      },
      "type": "Feature"
    },
    {
      "geometry": {
        "coordinates": [
          139.73502,
          35.627881
        ],
        "type": "Point"
      },
      "properties": {
        "bangumi_id": 513345,
        "bangumi_title": "薰香花朵凛然绽放",
        "ep_cut": 8,
        "image_url": "https://w.junreimap.com/images/points/513345/45qr79j_1756064752208.jpg",
        "location": "マクセル​アクア​パーク​品川（品川站-港区-东京都）",
        "point_id": "45qr79j",
        "point_name": "マクセル​アクア​パーク​品川",
        "remark": "洗手间位于1F的Coral cafe bar（コーラルカフェバー）的一旁，即使是等待朋友的空隙也能欣赏美丽的水槽。"
      },
      "type": "Feature"
    },
    {
      "geometry": {
        "coordinates": [
          139.735047,
          35.627862
        ],
        "type": "Point"
      },
      "properties": {
        "bangumi_id": 513345,
        "bangumi_title": "薰香花朵凛然绽放",
        "ep_cut": 8,
        "image_url": "https://w.junreimap.com/images/points/513345/45qrbld_1756064758315.jpg",
        "location": "マクセル​アクア​パーク​品川（品川站-港区-东京都）",
        "point_id": "45qrbld",
        "point_name": "マクセル​アクア​パーク​品川",
        "remark": "洗手间位于1F的Coral cafe bar（コーラルカフェバー）的一旁，即使是等待朋友的空隙也能欣赏美丽的水槽。"
      },
      "type": "Feature"
    },
    {
      "geometry": {
        "coordinates": [
          139.735097,
          35.627827
        ],
        "type": "Point"
      },
      "properties": {
        "bangumi_id": 513345,
        "bangumi_title": "薰香花朵凛然绽放",
        "ep_cut": 8,
        "image_url": "https://w.junreimap.com/images/points/513345/45qrkky_1756064769481.jpg",
        "location": "マクセル​アクア​パーク​品川（品川站-港区-东京都）",
        "point_id": "45qrkky",
        "point_name": "マクセル​アクア​パーク​品川",
        "remark": "洗手间位于1F的Coral cafe bar（コーラルカフェバー）的一旁，即使是等待朋友的空隙也能欣赏美丽的水槽。"
      },
      "type": "Feature"
    },
    {
      "geometry": {
        "coordinates": [
          139.735071,
          35.628043
        ],
        "type": "Point"
      },
      "properties": {
        "bangumi_id": 513345,
        "bangumi_title": "薰香花朵凛然绽放",
        "ep_cut": 8,
        "image_url": "https://w.junreimap.com/images/points/513345/45qvnoo_1756064962045.jpg",
        "location": "マクセル​アクア​パーク​品川（品川站-港区-东京都）",
        "point_id": "45qvnoo",
        "point_name": "マクセル​アクア​パーク​品川",
        "remark": "洗手间位于1F的Coral cafe bar（コーラルカフェバー）的一旁"
      },
      "type": "Feature"
    },
    {
      "geometry": {
        "coordinates": [
          139.735019,
          35.62801
        ],
        "type": "Point"
      },
      "properties": {
        "bangumi_id": 513345,
        "bangumi_title": "薰香花朵凛然绽放",
        "ep_cut": 8,
        "image_url": "https://w.junreimap.com/images/points/513345/45qvztu_1756064992797.jpg",
        "location": "マクセル​アクア​パーク​品川（品川站-港区-东京都）",
        "point_id": "45qvztu",
        "point_name": "マクセル​アクア​パーク​品川 洗手间（男）",
        "remark": "洗手间位于1F的Coral cafe bar（コーラルカフェバー）的一旁"
      },
      "type": "Feature"
    },
    {
      "geometry": {
        "coordinates": [
          139.734998,
          35.627989
        ],
        "type": "Point"
      },
      "properties": {
        "bangumi_id": 513345,
        "bangumi_title": "薰香花朵凛然绽放",
        "ep_cut": 8,
        "image_url": "https://w.junreimap.com/images/points/513345/45qw6l6_1756064987482.jpg",
        "location": "マクセル​アクア​パーク​品川（品川站-港区-东京都）",
        "point_id": "45qw6l6",
        "point_name": "マクセル​アクア​パーク​品川 洗手间（男）",
        "remark": "洗手间位于1F的Coral cafe bar（コーラルカフェバー）的一旁"
      },
      "type": "Feature"
    },
    {
      "geometry": {
        "coordinates": [
          139.73526,
          35.627754
        ],
        "type": "Point"
      },
      "properties": {
        "bangumi_id": 513345,
        "bangumi_title": "薰香花朵凛然绽放",
        "ep_cut": "OP1",
        "image_url": "https://w.junreimap.com/images/points/513345/2g77x8z_1752344153800.jpg",
        "location": "マクセル​アクア​パーク​品川（品川站-港区-东京都）",
        "point_id": "2g77x8z",
        "point_name": "マクセル​アクア​パーク​品川 - Little paradise",
        "remark": "位于2F的（Little paradise）リトルパラダイス，拥有9种生态主题的水槽群，其中包括色彩缤纷的热带鱼和鲨鱼，主题定期变化，因此每次到访都会有不同的体验。"
      },
      "type": "Feature"
    },
    {
      "geometry": {
        "coordinates": [
          139.735334,
          35.627816
        ],
        "type": "Point"
      },
      "properties": {
        "bangumi_id": 513345,
        "bangumi_title": "薰香花朵凛然绽放",
        "ep_cut": 8,
        "image_url": "https://w.junreimap.com/images/points/355555/rrji6fi9r_1736471540540_c16v9.jpg",
        "location": "マクセル​アクア​パーク​品川（品川站-港区-东京都）",
        "point_id": "rrji6fi9r",
        "point_name": "マクセル​アクア​パーク​品川 - Little paradise",
        "remark": "位于2F的（Little paradise）リトルパラダイス，拥有9种生态主题的水槽群，其中包括色彩缤纷的热带鱼和鲨鱼，主题定期变化，因此每次到访都会有不同的体验。"
      },
      "type": "Feature"
    },
    {
      "geometry": {
        "coordinates": [
          139.734996,
          35.627937
        ],
        "type": "Point"
      },
      "properties": {
        "bangumi_id": 513345,
        "bangumi_title": "薰香花朵凛然绽放",
        "ep_cut": 8,
        "image_url": "https://w.junreimap.com/images/points/513345/45qy2ja_1756065073895.jpg",
        "location": "マクセル​アクア​パーク​品川（品川站-港区-东京都）",
        "point_id": "45qy2ja",
        "point_name": "マクセル​アクア​パーク​品川 - Wonder tube",
        "remark": "位于2F的ワンダーチューブ（Wonder tube），一条浪漫设计的水下隧道，长约20米，自然光透过天窗照射进来。该水族馆展出了世界上唯一的侏儒锯鳐，以及只能在日本东部看到的蝠鲼和大约 10 种鳐鱼，每种鳐鱼都有自己独特的形状和图案。"
      },
      "type": "Feature"
    },
    {
      "geometry": {
        "coordinates": [
          139.73516,
          35.628027
        ],
        "type": "Point"
      },
      "properties": {
        "bangumi_id": 513345,
        "bangumi_title": "薰香花朵凛然绽放",
        "ep_cut": 8,
        "image_url": "https://w.junreimap.com/images/points/513345/45qy6cs_1756065075902.jpg",
        "location": "マクセル​アクア​パーク​品川（品川站-港区-东京都）",
        "point_id": "45qy6cs",
        "point_name": "マクセル​アクア​パーク​品川 - Wonder tube",
        "remark": "位于2F的ワンダーチューブ（Wonder tube），一条浪漫设计的水下隧道，长约20米，自然光透过天窗照射进来。该水族馆展出了世界上唯一的侏儒锯鳐，以及只能在日本东部看到的蝠鲼和大约 10 种鳐鱼，每种鳐鱼都有自己独特的形状和图案。"
      },
      "type": "Feature"
    },
    {
      "geometry": {
        "coordinates": [
          139.735261,
          35.627989
        ],
        "type": "Point"
      },
      "properties": {
        "bangumi_id": 513345,
        "bangumi_title": "薰香花朵凛然绽放",
        "ep_cut": 8,
        "image_url": "https://w.junreimap.com/images/points/513345/45qy0gl_1756065068448.jpg",
        "location": "マクセル​アクア​パーク​品川（品川站-港区-东京都）",
        "point_id": "45qy0gl",
        "point_name": "マクセル​アクア​パーク​品川 - Jellyfish rumble",
        "remark": "位于1F的ジェリーフィッシュランブル（Jellyfish rumble），宽9米、深35米的水母展厅， 这里有随时间和季节而变化的水母和声音和灯光，通过独特的空间设计，游客将漫步在声音与光交织的治愈空间。"
      },
      "type": "Feature"
    },
    {
      "geometry": {
        "coordinates": [
          139.734994,
          35.627964
        ],
        "type": "Point"
      },
      "properties": {
        "bangumi_id": 513345,
        "bangumi_title": "薰香花朵凛然绽放",
        "ep_cut": 8,
        "image_url": "https://w.junreimap.com/images/points/513345/45qwghr_1756065000915.jpg",
        "location": "マクセル​アクア​パーク​品川（品川站-港区-东京都）",
        "point_id": "45qwghr",
        "point_name": "マクセル​アクア​パーク​品川 - Jellyfish rumble",
        "remark": "位于1F的ジェリーフィッシュランブル（Jellyfish rumble），宽9米、深35米的水母展厅， 这里有随时间和季节而变化的水母和声音和灯光，通过独特的空间设计，游客将漫步在声音与光交织的治愈空间。"
      },
      "type": "Feature"
    },
    {
      "geometry": {
        "coordinates": [
          139.734747,
          35.627692
        ],
        "type": "Point"
      },
      "properties": {
        "bangumi_id": 513345,
        "bangumi_title": "薰香花朵凛然绽放",
        "ep_cut": 8,
        "image_url": "https://w.junreimap.com/images/points/513345/45qpbve_1756064664565.jpg",
        "location": "マクセル​アクア​パーク​品川（品川站-港区-东京都）",
        "point_id": "45qpbve",
        "point_name": "マクセル​アクア​パーク​品川 - The Stadium",
        "remark": "位于馆内2F的The Stadium（ザ スタジアム）。直径约25米的圆形泳池，通过水幕和灯光营造出各种图案，并根据季节主题，提供白天和夜晚不同的活动。昼场11:30~17:30之间每1hr30m一场，晚场19:00仅一场，每场演出15分钟，昼/夜场演出主题有时不同。"
      },
      "type": "Feature"
    },
    {
      "geometry": {
        "coordinates": [
          139.734816,
          35.62774
        ],
        "type": "Point"
      },
      "properties": {
        "bangumi_id": 513345,
        "bangumi_title": "薰香花朵凛然绽放",
        "ep_cut": 8,
        "image_url": "https://w.junreimap.com/images/points/513345/45qp30o_1756064653311.jpg",
        "location": "マクセル​アクア​パーク​品川（品川站-港区-东京都）",
        "point_id": "45qp30o",
        "point_name": "マクセル​アクア​パーク​品川 - The Stadium",
        "remark": "位于馆内2F的The Stadium（ザ スタジアム）。直径约25米的圆形泳池，通过水幕和灯光营造出各种图案，并根据季节主题，提供白天和夜晚不同的活动。昼场11:30~17:30之间每1hr30m一场，晚场19:00仅一场，每场演出15分钟，昼/夜场演出主题有时不同。"
      },
      "type": "Feature"
    },
    {
      "geometry": {
        "coordinates": [
          139.734766,
          35.627679
        ],
        "type": "Point"
      },
      "properties": {
        "bangumi_id": 513345,
        "bangumi_title": "薰香花朵凛然绽放",
        "ep_cut": 8,
        "image_url": "https://w.junreimap.com/images/points/513345/45qpk8s_1756064678578.jpg",
        "location": "マクセル​アクア​パーク​品川（品川站-港区-东京都）",
        "point_id": "45qpk8s",
        "point_name": "マクセル​アクア​パーク​品川 - The Stadium",
        "remark": "位于馆内2F的The Stadium（ザ スタジアム）。直径约25米的圆形泳池，通过水幕和灯光营造出各种图案，并根据季节主题，提供白天和夜晚不同的活动。昼场11:30~17:30之间每1hr30m一场，晚场19:00仅一场，每场演出15分钟，昼/夜场演出主题有时不同。"
      },
      "type": "Feature"
    },
    {
      "geometry": {
        "coordinates": [
          139.734779,
          35.627693
        ],
        "type": "Point"
      },
      "properties": {
        "bangumi_id": 513345,
        "bangumi_title": "薰香花朵凛然绽放",
        "ep_cut": 8,
        "image_url": "https://w.junreimap.com/images/points/513345/45qp66k_1756064656432.jpg",
        "location": "マクセル​アクア​パーク​品川（品川站-港区-东京都）",
        "point_id": "45qp66k",
        "point_name": "マクセル​アクア​パーク​品川 - The Stadium",
        "remark": "位于馆内2F的The Stadium（ザ スタジアム）。直径约25米的圆形泳池，通过水幕和灯光营造出各种图案，并根据季节主题，提供白天和夜晚不同的活动。昼场11:30~17:30之间每1hr30m一场，晚场19:00仅一场，每场演出15分钟，昼/夜场演出主题有时不同。"
      },
      "type": "Feature"
    },
    {
      "geometry": {
        "coordinates": [
          139.734717,
          35.627716
        ],
        "type": "Point"
      },
      "properties": {
        "bangumi_id": 513345,
        "bangumi_title": "薰香花朵凛然绽放",
        "ep_cut": 8,
        "image_url": "https://w.junreimap.com/images/points/513345/45qomwk_1756064636601.jpg",
        "location": "マクセル​アクア​パーク​品川（品川站-港区-东京都）",
        "point_id": "45qomwk",
        "point_name": "マクセル​アクア​パーク​品川 - The Stadium",
        "remark": "位于馆内2F的The Stadium（ザ スタジアム）。直径约25米的圆形泳池，通过水幕和灯光营造出各种图案，并根据季节主题，提供白天和夜晚不同的活动。昼场11:30~17:30之间每1hr30m一场，晚场19:00仅一场，每场演出15分钟，昼/夜场演出主题有时不同。"
      },
      "type": "Feature"
    },
    {
      "geometry": {
        "coordinates": [
          139.734792,
          35.627708
        ],
        "type": "Point"
      },
      "properties": {
        "bangumi_id": 513345,
        "bangumi_title": "薰香花朵凛然绽放",
        "ep_cut": 8,
        "image_url": "https://w.junreimap.com/images/points/513345/45qpero_1756064668118.jpg",
        "location": "マクセル​アクア​パーク​品川（品川站-港区-东京都）",
        "point_id": "45qpero",
        "point_name": "マクセル​アクア​パーク​品川 - The Stadium",
        "remark": "位于馆内2F的The Stadium（ザ スタジアム）。直径约25米的圆形泳池，通过水幕和灯光营造出各种图案，并根据季节主题，提供白天和夜晚不同的活动。昼场11:30~17:30之间每1hr30m一场，晚场19:00仅一场，每场演出15分钟，昼/夜场演出主题有时不同。"
      },
      "type": "Feature"
    },
    {
      "geometry": {
        "coordinates": [
          139.734732,
          35.627705
        ],
        "type": "Point"
      },
      "properties": {
        "bangumi_id": 513345,
        "bangumi_title": "薰香花朵凛然绽放",
        "ep_cut": 8,
        "image_url": "https://w.junreimap.com/images/points/513345/45qp8wk_1756064659416.jpg",
        "location": "マクセル​アクア​パーク​品川（品川站-港区-东京都）",
        "point_id": "45qp8wk",
        "point_name": "マクセル​アクア​パーク​品川 - The Stadium",
        "remark": "位于馆内2F的The Stadium（ザ スタジアム）。直径约25米的圆形泳池，通过水幕和灯光营造出各种图案，并根据季节主题，提供白天和夜晚不同的活动。昼场11:30~17:30之间每1hr30m一场，晚场19:00仅一场，每场演出15分钟，昼/夜场演出主题有时不同。"
      },
      "type": "Feature"
    },
    {
      "geometry": {
        "coordinates": [
          139.734802,
          35.627724
        ],
        "type": "Point"
      },
      "properties": {
        "bangumi_id": 513345,
        "bangumi_title": "薰香花朵凛然绽放",
        "ep_cut": 8,
        "image_url": "https://w.junreimap.com/images/points/513345/45qohsa_1756064626394.jpg",
        "location": "マクセル​アクア​パーク​品川（品川站-港区-东京都）",
        "point_id": "45qohsa",
        "point_name": "マクセル​アクア​パーク​品川 - The Stadium",
        "remark": "位于馆内2F的The Stadium（ザ スタジアム）。直径约25米的圆形泳池，通过水幕和灯光营造出各种图案，并根据季节主题，提供白天和夜晚不同的活动。昼场11:30~17:30之间每1hr30m一场，晚场19:00仅一场，每场演出15分钟，昼/夜场演出主题有时不同。"
      },
      "type": "Feature"
    },
    {
      "geometry": {
        "coordinates": [
          139.734829,
          35.627756
        ],
        "type": "Point"
      },
      "properties": {
        "bangumi_id": 513345,
        "bangumi_title": "薰香花朵凛然绽放",
        "ep_cut": 8,
        "image_url": "https://w.junreimap.com/images/points/513345/45qozyi_1756064649557.jpg",
        "location": "マクセル​アクア​パーク​品川（品川站-港区-东京都）",
        "point_id": "45qozyi",
        "point_name": "マクセル​アクア​パーク​品川 - The Stadium",
        "remark": "位于馆内2F的The Stadium（ザ スタジアム）。直径约25米的圆形泳池，通过水幕和灯光营造出各种图案，并根据季节主题，提供白天和夜晚不同的活动。昼场11:30~17:30之间每1hr30m一场，晚场19:00仅一场，每场演出15分钟，昼/夜场演出主题有时不同。"
      },
      "type": "Feature"
    },
    {
      "geometry": {
        "coordinates": [
          139.735673,
          35.628477
        ],
        "type": "Point"
      },
      "properties": {
        "bangumi_id": 513345,
        "bangumi_title": "薰香花朵凛然绽放",
        "ep_cut": "",
        "image_url": "https://w.junreimap.com/images/points/355555/1t1xc76_1750944156508.jpg",
        "location": "マクセル​アクア​パーク​品川（品川站-港区-东京都）",
        "point_id": "1t1xc76",
        "point_name": "マクセル​アクア​パーク​品川 前",
        "remark": "先行上映会视觉图"
      },
      "type": "Feature"
    },
    {
      "geometry": {
        "coordinates": [
          139.715241,
          35.730191
        ],
        "type": "Point"
      },
      "properties": {
        "bangumi_id": 513345,
        "bangumi_title": "薰香花朵凛然绽放",
        "ep_cut": 10,
        "image_url": "https://w.junreimap.com/images/points/513345/4zyjynb_1757891855300.jpg",
        "location": "池袋站（丰岛区-东京都）",
        "point_id": "4zyjynb",
        "point_name": "ラウンドワン 池袋店",
        "remark": "更新：据部分日基blog表述，原作中是板橋店，但动画中更接近池袋店。"
      },
      "type": "Feature"
    },
    {
      "geometry": {
        "coordinates": [
          139.715216,
          35.730193
        ],
        "type": "Point"
      },
      "properties": {
        "bangumi_id": 513345,
        "bangumi_title": "薰香花朵凛然绽放",
        "ep_cut": 10,
        "image_url": "https://w.junreimap.com/images/points/513345/4zykitm_1757891861990.jpg",
        "location": "池袋站（丰岛区-东京都）",
        "point_id": "4zykitm",
        "point_name": "ラウンドワン 池袋店",
        "remark": "更新：据部分日基blog表述，原作中是板橋店，但动画中更接近池袋店。"
      },
      "type": "Feature"
    },
    {
      "geometry": {
        "coordinates": [
          139.715044,
          35.730189
        ],
        "type": "Point"
      },
      "properties": {
        "bangumi_id": 513345,
        "bangumi_title": "薰香花朵凛然绽放",
        "ep_cut": 10,
        "image_url": "https://w.junreimap.com/images/points/513345/4zykwo7_1757891880132.jpg",
        "location": "池袋站（丰岛区-东京都）",
        "point_id": "4zykwo7",
        "point_name": "ラウンドワン 池袋店",
        "remark": "更新：据部分日基blog表述，原作中是板橋店，但动画中更接近池袋店。"
      },
      "type": "Feature"
    },
    {
      "geometry": {
        "coordinates": [
          139.715148,
          35.730193
        ],
        "type": "Point"
      },
      "properties": {
        "bangumi_id": 513345,
        "bangumi_title": "薰香花朵凛然绽放",
        "ep_cut": 10,
        "image_url": "https://w.junreimap.com/images/points/513345/4zykouz_1757891869457.jpg",
        "location": "池袋站（丰岛区-东京都）",
        "point_id": "4zykouz",
        "point_name": "ラウンドワン 池袋店",
        "remark": "更新：据部分日基blog表述，原作中是板橋店，但动画中更接近池袋店。"
      },
      "type": "Feature"
    },
    {
      "geometry": {
        "coordinates": [
          139.715081,
          35.730192
        ],
        "type": "Point"
      },
      "properties": {
        "bangumi_id": 513345,
        "bangumi_title": "薰香花朵凛然绽放",
        "ep_cut": 10,
        "image_url": "https://w.junreimap.com/images/points/513345/4zykt2y_1757891876629.jpg",
        "location": "池袋站（丰岛区-东京都）",
        "point_id": "4zykt2y",
        "point_name": "ラウンドワン 池袋店",
        "remark": "更新：据部分日基blog表述，原作中是板橋店，但动画中更接近池袋店。"
      },
      "type": "Feature"
    },
    {
      "geometry": {
        "coordinates": [
          139.715046,
          35.73016
        ],
        "type": "Point"
      },
      "properties": {
        "bangumi_id": 513345,
        "bangumi_title": "薰香花朵凛然绽放",
        "ep_cut": 10,
        "image_url": "https://w.junreimap.com/images/points/513345/4zykz54_1757891882413.jpg",
        "location": "池袋站（丰岛区-东京都）",
        "point_id": "4zykz54",
        "point_name": "ラウンドワン 池袋店",
        "remark": "更新：据部分日基blog表述，原作中是板橋店，但动画中更接近池袋店。"
      },
      "type": "Feature"
    },
    {
      "geometry": {
        "coordinates": [
          139.715183,
          35.730194
        ],
        "type": "Point"
      },
      "properties": {
        "bangumi_id": 513345,
        "bangumi_title": "薰香花朵凛然绽放",
        "ep_cut": 10,
        "image_url": "https://w.junreimap.com/images/points/513345/4zyklxl_1757891865327.jpg",
        "location": "池袋站（丰岛区-东京都）",
        "point_id": "4zyklxl",
        "point_name": "ラウンドワン 池袋店",
        "remark": "更新：据部分日基blog表述，原作中是板橋店，但动画中更接近池袋店。"
      },
      "type": "Feature"
    },
    {
      "geometry": {
        "coordinates": [
          139.715117,
          35.73019
        ],
        "type": "Point"
      },
      "properties": {
        "bangumi_id": 513345,
        "bangumi_title": "薰香花朵凛然绽放",
        "ep_cut": 10,
        "image_url": "https://w.junreimap.com/images/points/513345/4zykr35_1757891872130.jpg",
        "location": "池袋站（丰岛区-东京都）",
        "point_id": "4zykr35",
        "point_name": "ラウンドワン 池袋店",
        "remark": "更新：据部分日基blog表述，原作中是板橋店，但动画中更接近池袋店。"
      },
      "type": "Feature"
    },
    {
      "geometry": {
        "coordinates": [
          139.715084,
          35.730157
        ],
        "type": "Point"
      },
      "properties": {
        "bangumi_id": 513345,
        "bangumi_title": "薰香花朵凛然绽放",
        "ep_cut": 10,
        "image_url": "https://w.junreimap.com/images/points/513345/4zyl6q3_1757891895421.jpg",
        "location": "池袋站（丰岛区-东京都）",
        "point_id": "4zyl6q3",
        "point_name": "ラウンドワン 池袋店",
        "remark": "更新：据部分日基blog表述，原作中是板橋店，但动画中更接近池袋店。"
      },
      "type": "Feature"
    },
    {
      "geometry": {
        "coordinates": [
          139.715046,
          35.730131
        ],
        "type": "Point"
      },
      "properties": {
        "bangumi_id": 513345,
        "bangumi_title": "薰香花朵凛然绽放",
        "ep_cut": 10,
        "image_url": "https://w.junreimap.com/images/points/513345/4zylc9o_1757891911114.jpg",
        "location": "池袋站（丰岛区-东京都）",
        "point_id": "4zylc9o",
        "point_name": "ラウンドワン 池袋店",
        "remark": "更新：据部分日基blog表述，原作中是板橋店，但动画中更接近池袋店。"
      },
      "type": "Feature"
    },
    {
      "geometry": {
        "coordinates": [
          139.71512,
          35.730156
        ],
        "type": "Point"
      },
      "properties": {
        "bangumi_id": 513345,
        "bangumi_title": "薰香花朵凛然绽放",
        "ep_cut": 10,
        "image_url": "https://w.junreimap.com/images/points/513345/4zylpcs_1757891916854.jpg",
        "location": "池袋站（丰岛区-东京都）",
        "point_id": "4zylpcs",
        "point_name": "ラウンドワン 池袋店",
        "remark": "更新：据部分日基blog表述，原作中是板橋店，但动画中更接近池袋店。"
      },
      "type": "Feature"
    },
    {
      "geometry": {
        "coordinates": [
          139.715083,
          35.730126
        ],
        "type": "Point"
      },
      "properties": {
        "bangumi_id": 513345,
        "bangumi_title": "薰香花朵凛然绽放",
        "ep_cut": 10,
        "image_url": "https://w.junreimap.com/images/points/513345/4zylgeo_1757891905180.jpg",
        "location": "池袋站（丰岛区-东京都）",
        "point_id": "4zylgeo",
        "point_name": "ラウンドワン 池袋店",
        "remark": "更新：据部分日基blog表述，原作中是板橋店，但动画中更接近池袋店。"
      },
      "type": "Feature"
    },
    {
      "geometry": {
        "coordinates": [
          139.698348,
          35.659412
        ],
        "type": "Point"
      },
      "properties": {
        "bangumi_id": 513345,
        "bangumi_title": "薰香花朵凛然绽放",
        "ep_cut": 2,
        "image_url": "https://w.junreimap.com/images/points/513345/2gwvbmp_1752386590101.jpg",
        "location": "涩谷站(A0出口)-涩谷区-东京都",
        "point_id": "2gwvbmp",
        "point_name": "カラオケまねきねこ",
        "remark": "【推测点位，待验证】首先根据房门的猫以及DAM界面，可以推测是カラオケまねきねこ。根据EP1的活动范围，推测位于目黑/涩谷区。翔平的得点画面旁，窗对面写着MA**K*N*，说明此店和另一家分店相对，应该是渋谷本店或渋谷センター街店。最后通过窗外招牌，推断是渋谷本店。"
      },
      "type": "Feature"
    },
    {
      "geometry": {
        "coordinates": [
          139.6983,
          35.659446
        ],
        "type": "Point"
      },
      "properties": {
        "bangumi_id": 513345,
        "bangumi_title": "薰香花朵凛然绽放",
        "ep_cut": 2,
        "image_url": "https://w.junreimap.com/images/points/513345/2gxzitz_1752388459623.jpg",
        "location": "涩谷站(A0出口)-涩谷区-东京都",
        "point_id": "2gxzitz",
        "point_name": "カラオケまねきねこ",
        "remark": "【推测点位，待验证】首先根据房门的猫以及DAM界面，可以推测是カラオケまねきねこ。根据EP1的活动范围，推测位于目黑/涩谷区。翔平的得点画面旁，窗对面写着MA**K*N*，说明此店和另一家分店相对，应该是渋谷本店或渋谷センター街店。最后通过窗外招牌，推断是渋谷本店。"
      },
      "type": "Feature"
    },
    {
      "geometry": {
        "coordinates": [
          139.698294,
          35.659386
        ],
        "type": "Point"
      },
      "properties": {
        "bangumi_id": 513345,
        "bangumi_title": "薰香花朵凛然绽放",
        "ep_cut": 2,
        "image_url": "https://w.junreimap.com/images/points/513345/2gxz1p0_1752388437686.jpg",
        "location": "涩谷站(A0出口)-涩谷区-东京都",
        "point_id": "2gxz1p0",
        "point_name": "カラオケまねきねこ",
        "remark": "薯条460日元"
      },
      "type": "Feature"
    },
    {
      "geometry": {
        "coordinates": [
          139.698223,
          35.659355
        ],
        "type": "Point"
      },
      "properties": {
        "bangumi_id": 513345,
        "bangumi_title": "薰香花朵凛然绽放",
        "ep_cut": 2,
        "image_url": "https://w.junreimap.com/images/points/513345/2gxz86p_1752388445459.jpg",
        "location": "涩谷站(A0出口)-涩谷区-东京都",
        "point_id": "2gxz86p",
        "point_name": "カラオケまねきねこ",
        "remark": "【推测点位，待验证】首先根据房门的猫以及DAM界面，可以推测是カラオケまねきねこ。根据EP1的活动范围，推测位于目黑/涩谷区。翔平的得点画面旁，窗对面写着MA**K*N*，说明此店和另一家分店相对，应该是渋谷本店或渋谷センター街店。最后通过窗外招牌，推断是渋谷本店。"
      },
      "type": "Feature"
    },
    {
      "geometry": {
        "coordinates": [
          139.698417,
          35.659416
        ],
        "type": "Point"
      },
      "properties": {
        "bangumi_id": 513345,
        "bangumi_title": "薰香花朵凛然绽放",
        "ep_cut": 2,
        "image_url": "https://w.junreimap.com/images/points/513345/2gxzb9g_1752388449700.jpg",
        "location": "涩谷站(A0出口)-涩谷区-东京都",
        "point_id": "2gxzb9g",
        "point_name": "カラオケまねきねこ",
        "remark": "【推测点位，待验证】首先根据房门的猫以及DAM界面，可以推测是カラオケまねきねこ。根据EP1的活动范围，推测位于目黑/涩谷区。翔平的得点画面旁，窗对面写着MA**K*N*，说明此店和另一家分店相对，应该是渋谷本店或渋谷センター街店。最后通过窗外招牌，推断是渋谷本店。"
      },
      "type": "Feature"
    },
    {
      "geometry": {
        "coordinates": [
          139.698439,
          35.659448
        ],
        "type": "Point"
      },
      "properties": {
        "bangumi_id": 513345,
        "bangumi_title": "薰香花朵凛然绽放",
        "ep_cut": 2,
        "image_url": "https://w.junreimap.com/images/points/513345/2gxzee8_1752388454246.jpg",
        "location": "涩谷站(A0出口)-涩谷区-东京都",
        "point_id": "2gxzee8",
        "point_name": "カラオケまねきねこ",
        "remark": "【推测点位，待验证】首先根据房门的猫以及DAM界面，可以推测是カラオケまねきねこ。根据EP1的活动范围，推测位于目黑/涩谷区。翔平的得点画面旁，窗对面写着MA**K*N*，说明此店和另一家分店相对，应该是渋谷本店或渋谷センター街店。最后通过窗外招牌，推断是渋谷本店。"
      },
      "type": "Feature"
    },
    {
      "geometry": {
        "coordinates": [
          139.84741,
          35.742251
        ],
        "type": "Point"
      },
      "properties": {
        "bangumi_id": 513345,
        "bangumi_title": "薰香花朵凛然绽放",
        "ep_cut": 1,
        "image_url": "https://w.junreimap.com/images/points/513345/2oe9rzw_1752839075071.jpg",
        "location": "お菓子のお家 Prune（葛饰区-东京都）",
        "point_id": "2oe9rzw",
        "point_name": "お菓子のお家 Prune 内",
        "remark": "凛太郎家蛋糕店内部原型，外部店面也是此店和位于自由之丘的マルシェドブルーエプリュス的融合设计而成。现实中柜台左侧没有门，有个一个小窗和大取餐口可以看到厨房内。"
      },
      "type": "Feature"
    },
    {
      "geometry": {
        "coordinates": [
          139.847427,
          35.742226
        ],
        "type": "Point"
      },
      "properties": {
        "bangumi_id": 513345,
        "bangumi_title": "薰香花朵凛然绽放",
        "ep_cut": 5,
        "image_url": "https://w.junreimap.com/images/points/513345/3b1f77r_1754208221778.jpg",
        "location": "お菓子のお家 Prune（葛饰区-东京都）",
        "point_id": "3b1f77r",
        "point_name": "お菓子のお家 Prune 内",
        "remark": "凛太郎家蛋糕店内部原型，外部店面也是此店和位于自由之丘的マルシェドブルーエプリュス的融合设计而成。现实中柜台左侧没有门，有个一个小窗和大取餐口可以看到厨房内。"
      },
      "type": "Feature"
    },
    {
      "geometry": {
        "coordinates": [
          139.847444,
          35.742236
        ],
        "type": "Point"
      },
      "properties": {
        "bangumi_id": 513345,
        "bangumi_title": "薰香花朵凛然绽放",
        "ep_cut": 1,
        "image_url": "https://w.junreimap.com/images/points/513345/2oeaeti_1752839134182.jpg",
        "location": "お菓子のお家 Prune（葛饰区-东京都）",
        "point_id": "2oeaeti",
        "point_name": "お菓子のお家 Prune 内",
        "remark": "凛太郎家蛋糕店内部原型，外部店面也是此店和位于自由之丘的マルシェドブルーエプリュス的融合设计而成。现实中柜台左侧没有门，有个一个小窗和大取餐口可以看到厨房内。"
      },
      "type": "Feature"
    },
    {
      "geometry": {
        "coordinates": [
          139.847408,
          35.74222
        ],
        "type": "Point"
      },
      "properties": {
        "bangumi_id": 513345,
        "bangumi_title": "薰香花朵凛然绽放",
        "ep_cut": 9,
        "image_url": "https://w.junreimap.com/images/points/513345/4f76fld_1756636534733.jpg",
        "location": "お菓子のお家 Prune（葛饰区-东京都）",
        "point_id": "4f76fld",
        "point_name": "お菓子のお家 Prune 内",
        "remark": ""
      },
      "type": "Feature"
    },
    {
      "geometry": {
        "coordinates": [
          139.84741,
          35.742238
        ],
        "type": "Point"
      },
      "properties": {
        "bangumi_id": 513345,
        "bangumi_title": "薰香花朵凛然绽放",
        "ep_cut": 9,
        "image_url": "https://w.junreimap.com/images/points/513345/4f76pwa_1756636544881.jpg",
        "location": "お菓子のお家 Prune（葛饰区-东京都）",
        "point_id": "4f76pwa",
        "point_name": "お菓子のお家 Prune 内 厨房",
        "remark": "店内有个一个小窗和大取餐口可以看到厨房内。"
      },
      "type": "Feature"
    },
    {
      "geometry": {
        "coordinates": [
          139.84741,
          35.742236
        ],
        "type": "Point"
      },
      "properties": {
        "bangumi_id": 513345,
        "bangumi_title": "薰香花朵凛然绽放",
        "ep_cut": 9,
        "image_url": "https://w.junreimap.com/images/points/513345/4f76tep_1756636548660.jpg",
        "location": "お菓子のお家 Prune（葛饰区-东京都）",
        "point_id": "4f76tep",
        "point_name": "お菓子のお家 Prune 内 厨房",
        "remark": "店内有个一个小窗和大取餐口可以看到厨房内。"
      },
      "type": "Feature"
    },
    {
      "geometry": {
        "coordinates": [
          139.847424,
          35.742248
        ],
        "type": "Point"
      },
      "properties": {
        "bangumi_id": 513345,
        "bangumi_title": "薰香花朵凛然绽放",
        "ep_cut": 5,
        "image_url": "https://w.junreimap.com/images/points/513345/3b1jtik_1754208432092.jpg",
        "location": "お菓子のお家 Prune（葛饰区-东京都）",
        "point_id": "3b1jtik",
        "point_name": "お菓子のお家 Prune 内",
        "remark": ""
      },
      "type": "Feature"
    },
    {
      "geometry": {
        "coordinates": [
          139.84744,
          35.742236
        ],
        "type": "Point"
      },
      "properties": {
        "bangumi_id": 513345,
        "bangumi_title": "薰香花朵凛然绽放",
        "ep_cut": 5,
        "image_url": "https://w.junreimap.com/images/points/513345/3b1iphc_1754208382695.jpg",
        "location": "お菓子のお家 Prune（葛饰区-东京都）",
        "point_id": "3b1iphc",
        "point_name": "お菓子のお家 Prune 内",
        "remark": ""
      },
      "type": "Feature"
    },
    {
      "geometry": {
        "coordinates": [
          139.847429,
          35.74222
        ],
        "type": "Point"
      },
      "properties": {
        "bangumi_id": 513345,
        "bangumi_title": "薰香花朵凛然绽放",
        "ep_cut": 5,
        "image_url": "https://w.junreimap.com/images/points/513345/3b1j59g_1754208399790.jpg",
        "location": "お菓子のお家 Prune（葛饰区-东京都）",
        "point_id": "3b1j59g",
        "point_name": "お菓子のお家 Prune 内",
        "remark": ""
      },
      "type": "Feature"
    },
    {
      "geometry": {
        "coordinates": [
          139.847424,
          35.742237
        ],
        "type": "Point"
      },
      "properties": {
        "bangumi_id": 513345,
        "bangumi_title": "薰香花朵凛然绽放",
        "ep_cut": 5,
        "image_url": "https://w.junreimap.com/images/points/513345/39kyadu_1754120086333.jpg",
        "location": "お菓子のお家 Prune（葛饰区-东京都）",
        "point_id": "39kyadu",
        "point_name": "お菓子のお家 Prune 内",
        "remark": ""
      },
      "type": "Feature"
    },
    {
      "geometry": {
        "coordinates": [
          139.847424,
          35.74224
        ],
        "type": "Point"
      },
      "properties": {
        "bangumi_id": 513345,
        "bangumi_title": "薰香花朵凛然绽放",
        "ep_cut": 1,
        "image_url": "https://w.junreimap.com/images/points/513345/2oe3qts_1752838793957.jpg",
        "location": "お菓子のお家 Prune（葛饰区-东京都）",
        "point_id": "2oe3qts",
        "point_name": "お菓子のお家 Prune 内",
        "remark": "凛太郎家蛋糕店内部原型，外部店面也是此店和位于自由之丘的マルシェドブルーエプリュス的融合设计而成。"
      },
      "type": "Feature"
    },
    {
      "geometry": {
        "coordinates": [
          139.847428,
          35.742246
        ],
        "type": "Point"
      },
      "properties": {
        "bangumi_id": 513345,
        "bangumi_title": "薰香花朵凛然绽放",
        "ep_cut": 5,
        "image_url": "https://w.junreimap.com/images/points/513345/3b1jim8_1754208416751.jpg",
        "location": "お菓子のお家 Prune（葛饰区-东京都）",
        "point_id": "3b1jim8",
        "point_name": "お菓子のお家 Prune 内",
        "remark": ""
      },
      "type": "Feature"
    },
    {
      "geometry": {
        "coordinates": [
          139.84744,
          35.742233
        ],
        "type": "Point"
      },
      "properties": {
        "bangumi_id": 513345,
        "bangumi_title": "薰香花朵凛然绽放",
        "ep_cut": 5,
        "image_url": "https://w.junreimap.com/images/points/513345/3b1jd0s_1754208409771.jpg",
        "location": "お菓子のお家 Prune（葛饰区-东京都）",
        "point_id": "3b1jd0s",
        "point_name": "お菓子のお家 Prune 内",
        "remark": ""
      },
      "type": "Feature"
    },
    {
      "geometry": {
        "coordinates": [
          139.847419,
          35.742212
        ],
        "type": "Point"
      },
      "properties": {
        "bangumi_id": 513345,
        "bangumi_title": "薰香花朵凛然绽放",
        "ep_cut": 9,
        "image_url": "https://w.junreimap.com/images/points/513345/4f7633d_1756636514917.jpg",
        "location": "お菓子のお家 Prune（葛饰区-东京都）",
        "point_id": "4f7633d",
        "point_name": "お菓子のお家 Prune 内",
        "remark": ""
      },
      "type": "Feature"
    },
    {
      "geometry": {
        "coordinates": [
          139.847427,
          35.742248
        ],
        "type": "Point"
      },
      "properties": {
        "bangumi_id": 513345,
        "bangumi_title": "薰香花朵凛然绽放",
        "ep_cut": 5,
        "image_url": "https://w.junreimap.com/images/points/513345/3b1jy3z_1754208438826.jpg",
        "location": "お菓子のお家 Prune（葛饰区-东京都）",
        "point_id": "3b1jy3z",
        "point_name": "お菓子のお家 Prune 内",
        "remark": ""
      },
      "type": "Feature"
    },
    {
      "geometry": {
        "coordinates": [
          139.847445,
          35.742225
        ],
        "type": "Point"
      },
      "properties": {
        "bangumi_id": 513345,
        "bangumi_title": "薰香花朵凛然绽放",
        "ep_cut": 5,
        "image_url": "https://w.junreimap.com/images/points/513345/3b1k239_1754208441549.jpg",
        "location": "お菓子のお家 Prune（葛饰区-东京都）",
        "point_id": "3b1k239",
        "point_name": "お菓子のお家 Prune 内",
        "remark": "凛太郎家蛋糕店内部原型，外部店面也是此店和位于自由之丘的マルシェドブルーエプリュス的融合设计而成。现实中柜台左侧没有门，有个一个小窗和大取餐口可以看到厨房内。"
      },
      "type": "Feature"
    },
    {
      "geometry": {
        "coordinates": [
          139.847408,
          35.742216
        ],
        "type": "Point"
      },
      "properties": {
        "bangumi_id": 513345,
        "bangumi_title": "薰香花朵凛然绽放",
        "ep_cut": 5,
        "image_url": "https://w.junreimap.com/images/points/513345/3b1klao_1754208467413.jpg",
        "location": "お菓子のお家 Prune（葛饰区-东京都）",
        "point_id": "3b1klao",
        "point_name": "お菓子のお家 Prune 内",
        "remark": ""
      },
      "type": "Feature"
    },
    {
      "geometry": {
        "coordinates": [
          139.847431,
          35.742214
        ],
        "type": "Point"
      },
      "properties": {
        "bangumi_id": 513345,
        "bangumi_title": "薰香花朵凛然绽放",
        "ep_cut": 1,
        "image_url": "https://w.junreimap.com/images/points/513345/2oe2wus_1752838754829.jpg",
        "location": "お菓子のお家 Prune（葛饰区-东京都）",
        "point_id": "2oe2wus",
        "point_name": "お菓子のお家 Prune 内",
        "remark": "凛太郎家蛋糕店内部原型，外部店面也是此店和位于自由之丘的マルシェドブルーエプリュス的融合设计而成。"
      },
      "type": "Feature"
    },
    {
      "geometry": {
        "coordinates": [
          139.847412,
          35.742216
        ],
        "type": "Point"
      },
      "properties": {
        "bangumi_id": 513345,
        "bangumi_title": "薰香花朵凛然绽放",
        "ep_cut": 1,
        "image_url": "https://w.junreimap.com/images/points/513345/2oe9xsm_1752839082754.jpg",
        "location": "お菓子のお家 Prune（葛饰区-东京都）",
        "point_id": "2oe9xsm",
        "point_name": "お菓子のお家 Prune 内",
        "remark": "凛太郎家蛋糕店内部原型，外部店面也是此店和位于自由之丘的マルシェドブルーエプリュス的融合设计而成。"
      },
      "type": "Feature"
    },
    {
      "geometry": {
        "coordinates": [
          139.84746,
          35.742226
        ],
        "type": "Point"
      },
      "properties": {
        "bangumi_id": 513345,
        "bangumi_title": "薰香花朵凛然绽放",
        "ep_cut": 1,
        "image_url": "https://w.junreimap.com/images/points/513345/2oe3bmu_1752838773905.jpg",
        "location": "お菓子のお家 Prune（葛饰区-东京都）",
        "point_id": "2oe3bmu",
        "point_name": "お菓子のお家 Prune 内",
        "remark": "凛太郎家蛋糕店内部原型，外部店面也是此店和位于自由之丘的マルシェドブルーエプリュス的融合设计而成。"
      },
      "type": "Feature"
    },
    {
      "geometry": {
        "coordinates": [
          139.847458,
          35.742239
        ],
        "type": "Point"
      },
      "properties": {
        "bangumi_id": 513345,
        "bangumi_title": "薰香花朵凛然绽放",
        "ep_cut": 1,
        "image_url": "https://w.junreimap.com/images/points/513345/2oeaacq_1752839098889.jpg",
        "location": "お菓子のお家 Prune（葛饰区-东京都）",
        "point_id": "2oeaacq",
        "point_name": "お菓子のお家 Prune 内",
        "remark": "凛太郎家蛋糕店内部原型，外部店面也是此店和位于自由之丘的マルシェドブルーエプリュス的融合设计而成。"
      },
      "type": "Feature"
    },
    {
      "geometry": {
        "coordinates": [
          139.847447,
          35.742261
        ],
        "type": "Point"
      },
      "properties": {
        "bangumi_id": 513345,
        "bangumi_title": "薰香花朵凛然绽放",
        "ep_cut": 1,
        "image_url": "https://w.junreimap.com/images/points/513345/2oeapgy_1752839118712.jpg",
        "location": "お菓子のお家 Prune（葛饰区-东京都）",
        "point_id": "2oeapgy",
        "point_name": "お菓子のお家 Prune 内",
        "remark": "凛太郎家蛋糕店内部原型，外部店面也是此店和位于自由之丘的マルシェドブルーエプリュス的融合设计而成。"
      },
      "type": "Feature"
    },
    {
      "geometry": {
        "coordinates": [
          139.847459,
          35.742231
        ],
        "type": "Point"
      },
      "properties": {
        "bangumi_id": 513345,
        "bangumi_title": "薰香花朵凛然绽放",
        "ep_cut": 1,
        "image_url": "https://w.junreimap.com/images/points/513345/2oe37l4_1752838768839.jpg",
        "location": "お菓子のお家 Prune（葛饰区-东京都）",
        "point_id": "2oe37l4",
        "point_name": "お菓子のお家 Prune 内",
        "remark": "凛太郎家蛋糕店内部原型，外部店面也是此店和位于自由之丘的マルシェドブルーエプリュス的融合设计而成。"
      },
      "type": "Feature"
    },
    {
      "geometry": {
        "coordinates": [
          139.847459,
          35.742235
        ],
        "type": "Point"
      },
      "properties": {
        "bangumi_id": 513345,
        "bangumi_title": "薰香花朵凛然绽放",
        "ep_cut": 1,
        "image_url": "https://w.junreimap.com/images/points/513345/2oe3gk0_1752838780482.jpg",
        "location": "お菓子のお家 Prune（葛饰区-东京都）",
        "point_id": "2oe3gk0",
        "point_name": "お菓子のお家 Prune 内",
        "remark": "凛太郎家蛋糕店内部原型，外部店面也是此店和位于自由之丘的マルシェドブルーエプリュス的融合设计而成。"
      },
      "type": "Feature"
    },
    {
      "geometry": {
        "coordinates": [
          139.847452,
          35.742243
        ],
        "type": "Point"
      },
      "properties": {
        "bangumi_id": 513345,
        "bangumi_title": "薰香花朵凛然绽放",
        "ep_cut": 1,
        "image_url": "https://w.junreimap.com/images/points/513345/2oe3lpd_1752838787237.jpg",
        "location": "お菓子のお家 Prune（葛饰区-东京都）",
        "point_id": "2oe3lpd",
        "point_name": "お菓子のお家 Prune 内",
        "remark": "凛太郎家蛋糕店内部原型，外部店面也是此店和位于自由之丘的マルシェドブルーエプリュス的融合设计而成。"
      },
      "type": "Feature"
    },
    {
      "geometry": {
        "coordinates": [
          139.847443,
          35.742187
        ],
        "type": "Point"
      },
      "properties": {
        "bangumi_id": 513345,
        "bangumi_title": "薰香花朵凛然绽放",
        "ep_cut": 1,
        "image_url": "https://w.junreimap.com/images/points/513345/2odsrux_1752838740846.jpg",
        "location": "お菓子のお家 Prune（葛饰区-东京都）",
        "point_id": "2odsrux",
        "point_name": "お菓子のお家 Prune 前",
        "remark": "凛太郎家蛋糕店内部原型，外部店面也是此店和位于自由之丘的マルシェドブルーエプリュス的融合设计而成。"
      },
      "type": "Feature"
    },
    {
      "geometry": {
        "coordinates": [
          139.785599,
          35.688951
        ],
        "type": "Point"
      },
      "properties": {
        "bangumi_id": 513345,
        "bangumi_title": "薰香花朵凛然绽放",
        "ep_cut": 7,
        "image_url": "https://w.junreimap.com/images/points/513345/4dvm8ek_1756556684554.jpg",
        "location": "日本橋浜町（浜町駅-中央区-东京都）",
        "point_id": "4dvm8ek",
        "point_name": "ジョナサン 日本橋浜町店前",
        "remark": ""
      },
      "type": "Feature"
    },
    {
      "geometry": {
        "coordinates": [
          139.785397,
          35.688901
        ],
        "type": "Point"
      },
      "properties": {
        "bangumi_id": 513345,
        "bangumi_title": "薰香花朵凛然绽放",
        "ep_cut": 7,
        "image_url": "https://w.junreimap.com/images/points/513345/4dvn7dm_1756556691649.jpg",
        "location": "日本橋浜町（浜町駅-中央区-东京都）",
        "point_id": "4dvn7dm",
        "point_name": "ジョナサン 日本橋浜町店 內",
        "remark": ""
      },
      "type": "Feature"
    },
    {
      "geometry": {
        "coordinates": [
          139.785488,
          35.688793
        ],
        "type": "Point"
      },
      "properties": {
        "bangumi_id": 513345,
        "bangumi_title": "薰香花朵凛然绽放",
        "ep_cut": 10,
        "image_url": "https://w.junreimap.com/images/points/513345/4rfxm12_1757376829719.jpg",
        "location": "日本橋浜町（浜町駅-中央区-东京都）",
        "point_id": "4rfxm12",
        "point_name": "ジョナサン 日本橋浜町店 內",
        "remark": ""
      },
      "type": "Feature"
    },
    {
      "geometry": {
        "coordinates": [
          139.785453,
          35.688845
        ],
        "type": "Point"
      },
      "properties": {
        "bangumi_id": 513345,
        "bangumi_title": "薰香花朵凛然绽放",
        "ep_cut": 7,
        "image_url": "https://w.junreimap.com/images/points/513345/4dvnbbo_1756556697012.jpg",
        "location": "日本橋浜町（浜町駅-中央区-东京都）",
        "point_id": "4dvnbbo",
        "point_name": "ジョナサン 日本橋浜町店 內",
        "remark": ""
      },
      "type": "Feature"
    },
    {
      "geometry": {
        "coordinates": [
          139.78547,
          35.688781
        ],
        "type": "Point"
      },
      "properties": {
        "bangumi_id": 513345,
        "bangumi_title": "薰香花朵凛然绽放",
        "ep_cut": 10,
        "image_url": "https://w.junreimap.com/images/points/513345/4rfxpch_1757376833984.jpg",
        "location": "日本橋浜町（浜町駅-中央区-东京都）",
        "point_id": "4rfxpch",
        "point_name": "ジョナサン 日本橋浜町店 內",
        "remark": ""
      },
      "type": "Feature"
    },
    {
      "geometry": {
        "coordinates": [
          139.78545,
          35.68877
        ],
        "type": "Point"
      },
      "properties": {
        "bangumi_id": 513345,
        "bangumi_title": "薰香花朵凛然绽放",
        "ep_cut": 10,
        "image_url": "https://w.junreimap.com/images/points/513345/4rfxr66_1757376839139.jpg",
        "location": "日本橋浜町（浜町駅-中央区-东京都）",
        "point_id": "4rfxr66",
        "point_name": "ジョナサン 日本橋浜町店 內",
        "remark": ""
      },
      "type": "Feature"
    },
    {
      "geometry": {
        "coordinates": [
          139.785379,
          35.688868
        ],
        "type": "Point"
      },
      "properties": {
        "bangumi_id": 513345,
        "bangumi_title": "薰香花朵凛然绽放",
        "ep_cut": 13,
        "image_url": "https://w.junreimap.com/images/points/513345/5jdut86_1759066394151.jpg",
        "location": "日本橋浜町（浜町駅-中央区-东京都）",
        "point_id": "5jdut86",
        "point_name": "ジョナサン 日本橋浜町店 內",
        "remark": ""
      },
      "type": "Feature"
    },
    {
      "geometry": {
        "coordinates": [
          139.785431,
          35.688758
        ],
        "type": "Point"
      },
      "properties": {
        "bangumi_id": 513345,
        "bangumi_title": "薰香花朵凛然绽放",
        "ep_cut": 10,
        "image_url": "https://w.junreimap.com/images/points/513345/4rfxxou_1757376845159.jpg",
        "location": "日本橋浜町（浜町駅-中央区-东京都）",
        "point_id": "4rfxxou",
        "point_name": "ジョナサン 日本橋浜町店 內",
        "remark": ""
      },
      "type": "Feature"
    },
    {
      "geometry": {
        "coordinates": [
          139.785407,
          35.688748
        ],
        "type": "Point"
      },
      "properties": {
        "bangumi_id": 513345,
        "bangumi_title": "薰香花朵凛然绽放",
        "ep_cut": 10,
        "image_url": "https://w.junreimap.com/images/points/513345/4rfy0tg_1757376848987.jpg",
        "location": "日本橋浜町（浜町駅-中央区-东京都）",
        "point_id": "4rfy0tg",
        "point_name": "ジョナサン 日本橋浜町店 內",
        "remark": ""
      },
      "type": "Feature"
    },
    {
      "geometry": {
        "coordinates": [
          139.78538,
          35.688737
        ],
        "type": "Point"
      },
      "properties": {
        "bangumi_id": 513345,
        "bangumi_title": "薰香花朵凛然绽放",
        "ep_cut": 10,
        "image_url": "https://w.junreimap.com/images/points/513345/4rfyc4e_1757376869317.jpg",
        "location": "日本橋浜町（浜町駅-中央区-东京都）",
        "point_id": "4rfyc4e",
        "point_name": "ジョナサン 日本橋浜町店 內",
        "remark": ""
      },
      "type": "Feature"
    },
    {
      "geometry": {
        "coordinates": [
          139.785426,
          35.688879
        ],
        "type": "Point"
      },
      "properties": {
        "bangumi_id": 513345,
        "bangumi_title": "薰香花朵凛然绽放",
        "ep_cut": 7,
        "image_url": "https://w.junreimap.com/images/points/513345/4dvn9id_1756556694611.jpg",
        "location": "日本橋浜町（浜町駅-中央区-东京都）",
        "point_id": "4dvn9id",
        "point_name": "ジョナサン日本橋浜町店 內",
        "remark": ""
      },
      "type": "Feature"
    },
    {
      "geometry": {
        "coordinates": [
          139.785379,
          35.688927
        ],
        "type": "Point"
      },
      "properties": {
        "bangumi_id": 513345,
        "bangumi_title": "薰香花朵凛然绽放",
        "ep_cut": 7,
        "image_url": "https://w.junreimap.com/images/points/513345/4dvnd9x_1756556699580.jpg",
        "location": "日本橋浜町（浜町駅-中央区-东京都）",
        "point_id": "4dvnd9x",
        "point_name": "ジョナサン 日本橋浜町店 內",
        "remark": ""
      },
      "type": "Feature"
    },
    {
      "geometry": {
        "coordinates": [
          139.785363,
          35.688956
        ],
        "type": "Point"
      },
      "properties": {
        "bangumi_id": 513345,
        "bangumi_title": "薰香花朵凛然绽放",
        "ep_cut": 7,
        "image_url": "https://w.junreimap.com/images/points/513345/4dvnf6c_1756556701992.jpg",
        "location": "日本橋浜町（浜町駅-中央区-东京都）",
        "point_id": "4dvnf6c",
        "point_name": "ジョナサン 日本橋浜町店 內",
        "remark": ""
      },
      "type": "Feature"
    },
    {
      "geometry": {
        "coordinates": [
          139.785407,
          35.688836
        ],
        "type": "Point"
      },
      "properties": {
        "bangumi_id": 513345,
        "bangumi_title": "薰香花朵凛然绽放",
        "ep_cut": 7,
        "image_url": "https://w.junreimap.com/images/points/513345/4dvnhes_1756556705703.jpg",
        "location": "日本橋浜町（浜町駅-中央区-东京都）",
        "point_id": "4dvnhes",
        "point_name": "ジョナサン 日本橋浜町店 內",
        "remark": ""
      },
      "type": "Feature"
    },
    {
      "geometry": {
        "coordinates": [
          139.785357,
          35.688892
        ],
        "type": "Point"
      },
      "properties": {
        "bangumi_id": 513345,
        "bangumi_title": "薰香花朵凛然绽放",
        "ep_cut": 7,
        "image_url": "https://w.junreimap.com/images/points/513345/4dvnmr2_1756556712741.jpg",
        "location": "日本橋浜町（浜町駅-中央区-东京都）",
        "point_id": "4dvnmr2",
        "point_name": "ジョナサン 日本橋浜町店 內",
        "remark": ""
      },
      "type": "Feature"
    },
    {
      "geometry": {
        "coordinates": [
          139.785335,
          35.688921
        ],
        "type": "Point"
      },
      "properties": {
        "bangumi_id": 513345,
        "bangumi_title": "薰香花朵凛然绽放",
        "ep_cut": 7,
        "image_url": "https://w.junreimap.com/images/points/513345/4dvntfm_1756556720123.jpg",
        "location": "日本橋浜町（浜町駅-中央区-东京都）",
        "point_id": "4dvntfm",
        "point_name": "ジョナサン 日本橋浜町店 內",
        "remark": "刀客塔視角"
      },
      "type": "Feature"
    },
    {
      "geometry": {
        "coordinates": [
          139.513055,
          35.72597
        ],
        "type": "Point"
      },
      "properties": {
        "bangumi_id": 513345,
        "bangumi_title": "薰香花朵凛然绽放",
        "ep_cut": 7,
        "image_url": "https://w.junreimap.com/images/points/513345/3vbgsie_1755434464371.jpg",
        "location": "花小金井​駅​-小平市-东京都",
        "point_id": "3vbgsie",
        "point_name": "花小金井​駅​ 南口",
        "remark": ""
      },
      "type": "Feature"
    },
    {
      "geometry": {
        "coordinates": [
          139.513218,
          35.726142
        ],
        "type": "Point"
      },
      "properties": {
        "bangumi_id": 513345,
        "bangumi_title": "薰香花朵凛然绽放",
        "ep_cut": 7,
        "image_url": "https://w.junreimap.com/images/points/513345/3vbi35s_1755434481436.jpg",
        "location": "花小金井​駅​-小平市-东京都",
        "point_id": "3vbi35s",
        "point_name": "花小金井​駅​ 检票口外",
        "remark": ""
      },
      "type": "Feature"
    },
    {
      "geometry": {
        "coordinates": [
          139.513286,
          35.726145
        ],
        "type": "Point"
      },
      "properties": {
        "bangumi_id": 513345,
        "bangumi_title": "薰香花朵凛然绽放",
        "ep_cut": 7,
        "image_url": "https://w.junreimap.com/images/points/513345/3vbinnv_1755434498326.jpg",
        "location": "花小金井​駅​-小平市-东京都",
        "point_id": "3vbinnv",
        "point_name": "花小金井​駅​ 检票口外",
        "remark": ""
      },
      "type": "Feature"
    },
    {
      "geometry": {
        "coordinates": [
          139.513275,
          35.72612
        ],
        "type": "Point"
      },
      "properties": {
        "bangumi_id": 513345,
        "bangumi_title": "薰香花朵凛然绽放",
        "ep_cut": 7,
        "image_url": "https://w.junreimap.com/images/points/513345/3vbieu9_1755434484674.jpg",
        "location": "花小金井​駅​-小平市-东京都",
        "point_id": "3vbieu9",
        "point_name": "花小金井​駅​ 检票口外",
        "remark": ""
      },
      "type": "Feature"
    },
    {
      "geometry": {
        "coordinates": [
          139.51323,
          35.726164
        ],
        "type": "Point"
      },
      "properties": {
        "bangumi_id": 513345,
        "bangumi_title": "薰香花朵凛然绽放",
        "ep_cut": 7,
        "image_url": "https://w.junreimap.com/images/points/513345/3vbjgxn_1755434534300.jpg",
        "location": "花小金井​駅​-小平市-东京都",
        "point_id": "3vbjgxn",
        "point_name": "花小金井​駅​ 检票口外",
        "remark": ""
      },
      "type": "Feature"
    },
    {
      "geometry": {
        "coordinates": [
          139.513174,
          35.726158
        ],
        "type": "Point"
      },
      "properties": {
        "bangumi_id": 513345,
        "bangumi_title": "薰香花朵凛然绽放",
        "ep_cut": 7,
        "image_url": "https://w.junreimap.com/images/points/513345/3vbij4f_1755434509082.jpg",
        "location": "花小金井​駅​-小平市-东京都",
        "point_id": "3vbij4f",
        "point_name": "花小金井​駅​ 检票口外",
        "remark": ""
      },
      "type": "Feature"
    },
    {
      "geometry": {
        "coordinates": [
          139.510472,
          35.72679
        ],
        "type": "Point"
      },
      "properties": {
        "bangumi_id": 513345,
        "bangumi_title": "薰香花朵凛然绽放",
        "ep_cut": 7,
        "image_url": "https://w.junreimap.com/images/points/513345/45rwv4z_1756066715291.jpg",
        "location": "鈴木町さくら公園（花小金井​駅​-小平市-东京都）",
        "point_id": "45rwv4z",
        "point_name": "鈴木町さくら公園 北侧",
        "remark": ""
      },
      "type": "Feature"
    },
    {
      "geometry": {
        "coordinates": [
          139.510539,
          35.726787
        ],
        "type": "Point"
      },
      "properties": {
        "bangumi_id": 513345,
        "bangumi_title": "薰香花朵凛然绽放",
        "ep_cut": 7,
        "image_url": "https://w.junreimap.com/images/points/513345/45rxdk1_1756066719510.jpg",
        "location": "鈴木町さくら公園（花小金井​駅​-小平市-东京都）",
        "point_id": "45rxdk1",
        "point_name": "鈴木町さくら公園 北侧",
        "remark": ""
      },
      "type": "Feature"
    },
    {
      "geometry": {
        "coordinates": [
          139.51061,
          35.726779
        ],
        "type": "Point"
      },
      "properties": {
        "bangumi_id": 513345,
        "bangumi_title": "薰香花朵凛然绽放",
        "ep_cut": 7,
        "image_url": "https://w.junreimap.com/images/points/513345/45rxgi9_1756066722223.jpg",
        "location": "鈴木町さくら公園（花小金井​駅​-小平市-东京都）",
        "point_id": "45rxgi9",
        "point_name": "鈴木町さくら公園 北侧",
        "remark": ""
      },
      "type": "Feature"
    },
    {
      "geometry": {
        "coordinates": [
          139.510689,
          35.726775
        ],
        "type": "Point"
      },
      "properties": {
        "bangumi_id": 513345,
        "bangumi_title": "薰香花朵凛然绽放",
        "ep_cut": 7,
        "image_url": "https://w.junreimap.com/images/points/513345/45rxil6_1756066725203.jpg",
        "location": "鈴木町さくら公園（花小金井​駅​-小平市-东京都）",
        "point_id": "45rxil6",
        "point_name": "鈴木町さくら公園 北侧",
        "remark": ""
      },
      "type": "Feature"
    },
    {
      "geometry": {
        "coordinates": [
          139.510766,
          35.726768
        ],
        "type": "Point"
      },
      "properties": {
        "bangumi_id": 513345,
        "bangumi_title": "薰香花朵凛然绽放",
        "ep_cut": 7,
        "image_url": "https://w.junreimap.com/images/points/513345/45rxkqn_1756066733210.jpg",
        "location": "鈴木町さくら公園（花小金井​駅​-小平市-东京都）",
        "point_id": "45rxkqn",
        "point_name": "鈴木町さくら公園 北侧",
        "remark": ""
      },
      "type": "Feature"
    },
    {
      "geometry": {
        "coordinates": [
          139.510835,
          35.726768
        ],
        "type": "Point"
      },
      "properties": {
        "bangumi_id": 513345,
        "bangumi_title": "薰香花朵凛然绽放",
        "ep_cut": 7,
        "image_url": "https://w.junreimap.com/images/points/513345/45rxvkj_1756066747307.jpg",
        "location": "鈴木町さくら公園（花小金井​駅​-小平市-东京都）",
        "point_id": "45rxvkj",
        "point_name": "鈴木町さくら公園 北侧",
        "remark": ""
      },
      "type": "Feature"
    },
    {
      "geometry": {
        "coordinates": [
          139.510401,
          35.726798
        ],
        "type": "Point"
      },
      "properties": {
        "bangumi_id": 513345,
        "bangumi_title": "薰香花朵凛然绽放",
        "ep_cut": 7,
        "image_url": "https://w.junreimap.com/images/points/513345/45ry6n8_1756066756460.jpg",
        "location": "鈴木町さくら公園（花小金井​駅​-小平市-东京都）",
        "point_id": "45ry6n8",
        "point_name": "鈴木町さくら公園 北侧",
        "remark": ""
      },
      "type": "Feature"
    },
    {
      "geometry": {
        "coordinates": [
          139.510321,
          35.726809
        ],
        "type": "Point"
      },
      "properties": {
        "bangumi_id": 513345,
        "bangumi_title": "薰香花朵凛然绽放",
        "ep_cut": 7,
        "image_url": "https://w.junreimap.com/images/points/513345/45rydfv_1756066765147.jpg",
        "location": "鈴木町さくら公園（花小金井​駅​-小平市-东京都）",
        "point_id": "45rydfv",
        "point_name": "鈴木町さくら公園 北侧",
        "remark": ""
      },
      "type": "Feature"
    },
    {
      "geometry": {
        "coordinates": [
          139.649415,
          35.698577
        ],
        "type": "Point"
      },
      "properties": {
        "bangumi_id": 513345,
        "bangumi_title": "薰香花朵凛然绽放",
        "ep_cut": 8,
        "image_url": "https://w.junreimap.com/images/points/513345/4dv3ece_1756555850713.jpg",
        "location": "タロー軒（新高円寺駅-杉井区-东京都）",
        "point_id": "4dv3ece",
        "point_name": "タロー軒 前",
        "remark": ""
      },
      "type": "Feature"
    },
    {
      "geometry": {
        "coordinates": [
          139.649385,
          35.698525
        ],
        "type": "Point"
      },
      "properties": {
        "bangumi_id": 513345,
        "bangumi_title": "薰香花朵凛然绽放",
        "ep_cut": 8,
        "image_url": "https://w.junreimap.com/images/points/513345/4dv5d75_1756555860053.jpg",
        "location": "タロー軒（新高円寺駅-杉井区-东京都）",
        "point_id": "4dv5d75",
        "point_name": "タロー軒 前",
        "remark": ""
      },
      "type": "Feature"
    },
    {
      "geometry": {
        "coordinates": [
          139.649323,
          35.698547
        ],
        "type": "Point"
      },
      "properties": {
        "bangumi_id": 513345,
        "bangumi_title": "薰香花朵凛然绽放",
        "ep_cut": 8,
        "image_url": "https://w.junreimap.com/images/points/513345/4dwg2nk_1756558042331.jpg",
        "location": "タロー軒（新高円寺駅-杉井区-东京都）",
        "point_id": "4dwg2nk",
        "point_name": "タロー軒 前",
        "remark": ""
      },
      "type": "Feature"
    },
    {
      "geometry": {
        "coordinates": [
          139.649326,
          35.698519
        ],
        "type": "Point"
      },
      "properties": {
        "bangumi_id": 513345,
        "bangumi_title": "薰香花朵凛然绽放",
        "ep_cut": 8,
        "image_url": "https://w.junreimap.com/images/points/513345/4dwgfws_1756558056368.jpg",
        "location": "タロー軒（新高円寺駅-杉井区-东京都）",
        "point_id": "4dwgfws",
        "point_name": "タロー軒 前",
        "remark": ""
      },
      "type": "Feature"
    },
    {
      "geometry": {
        "coordinates": [
          139.649385,
          35.698497
        ],
        "type": "Point"
      },
      "properties": {
        "bangumi_id": 513345,
        "bangumi_title": "薰香花朵凛然绽放",
        "ep_cut": 8,
        "image_url": "https://w.junreimap.com/images/points/513345/4dv5iqj_1756555867053.jpg",
        "location": "タロー軒（新高円寺駅-杉井区-东京都）",
        "point_id": "4dv5iqj",
        "point_name": "タロー軒 前",
        "remark": ""
      },
      "type": "Feature"
    },
    {
      "geometry": {
        "coordinates": [
          139.64938,
          35.698549
        ],
        "type": "Point"
      },
      "properties": {
        "bangumi_id": 513345,
        "bangumi_title": "薰香花朵凛然绽放",
        "ep_cut": 8,
        "image_url": "https://w.junreimap.com/images/points/513345/4dv5mhv_1756555874557.jpg",
        "location": "タロー軒（新高円寺駅-杉井区-东京都）",
        "point_id": "4dv5mhv",
        "point_name": "タロー軒 前",
        "remark": ""
      },
      "type": "Feature"
    },
    {
      "geometry": {
        "coordinates": [
          139.649328,
          35.69849
        ],
        "type": "Point"
      },
      "properties": {
        "bangumi_id": 513345,
        "bangumi_title": "薰香花朵凛然绽放",
        "ep_cut": 8,
        "image_url": "https://w.junreimap.com/images/points/513345/4dwgl08_1756558063944.jpg",
        "location": "タロー軒（新高円寺駅-杉井区-东京都）",
        "point_id": "4dwgl08",
        "point_name": "タロー軒 前",
        "remark": ""
      },
      "type": "Feature"
    },
    {
      "geometry": {
        "coordinates": [
          139.64936,
          35.698469
        ],
        "type": "Point"
      },
      "properties": {
        "bangumi_id": 513345,
        "bangumi_title": "薰香花朵凛然绽放",
        "ep_cut": 8,
        "image_url": "https://w.junreimap.com/images/points/513345/4dv6czr_1756555906170.jpg",
        "location": "タロー軒（新高円寺駅-杉井区-东京都）",
        "point_id": "4dv6czr",
        "point_name": "タロー軒 前",
        "remark": ""
      },
      "type": "Feature"
    },
    {
      "geometry": {
        "coordinates": [
          139.64933,
          35.698467
        ],
        "type": "Point"
      },
      "properties": {
        "bangumi_id": 513345,
        "bangumi_title": "薰香花朵凛然绽放",
        "ep_cut": 8,
        "image_url": "https://w.junreimap.com/images/points/513345/4dwgoqo_1756558067678.jpg",
        "location": "タロー軒（新高円寺駅-杉井区-东京都）",
        "point_id": "4dwgoqo",
        "point_name": "タロー軒 前",
        "remark": ""
      },
      "type": "Feature"
    },
    {
      "geometry": {
        "coordinates": [
          139.649361,
          35.698447
        ],
        "type": "Point"
      },
      "properties": {
        "bangumi_id": 513345,
        "bangumi_title": "薰香花朵凛然绽放",
        "ep_cut": 8,
        "image_url": "https://w.junreimap.com/images/points/513345/4dwgrce_1756558071723.jpg",
        "location": "タロー軒（新高円寺駅-杉井区-东京都）",
        "point_id": "4dwgrce",
        "point_name": "タロー軒 前",
        "remark": ""
      },
      "type": "Feature"
    },
    {
      "geometry": {
        "coordinates": [
          139.649393,
          35.698466
        ],
        "type": "Point"
      },
      "properties": {
        "bangumi_id": 513345,
        "bangumi_title": "薰香花朵凛然绽放",
        "ep_cut": 8,
        "image_url": "https://w.junreimap.com/images/points/513345/4dv5r2t_1756555877949.jpg",
        "location": "タロー軒（新高円寺駅-杉井区-东京都）",
        "point_id": "4dv5r2t",
        "point_name": "タロー軒 前",
        "remark": ""
      },
      "type": "Feature"
    },
    {
      "geometry": {
        "coordinates": [
          139.649357,
          35.698521
        ],
        "type": "Point"
      },
      "properties": {
        "bangumi_id": 513345,
        "bangumi_title": "薰香花朵凛然绽放",
        "ep_cut": 8,
        "image_url": "https://w.junreimap.com/images/points/513345/4dv61dx_1756555894344.jpg",
        "location": "タロー軒（新高円寺駅-杉井区-东京都）",
        "point_id": "4dv61dx",
        "point_name": "タロー軒 前",
        "remark": ""
      },
      "type": "Feature"
    },
    {
      "geometry": {
        "coordinates": [
          139.649359,
          35.698496
        ],
        "type": "Point"
      },
      "properties": {
        "bangumi_id": 513345,
        "bangumi_title": "薰香花朵凛然绽放",
        "ep_cut": 8,
        "image_url": "https://w.junreimap.com/images/points/513345/4dv66g9_1756555898343.jpg",
        "location": "タロー軒（新高円寺駅-杉井区-东京都）",
        "point_id": "4dv66g9",
        "point_name": "タロー軒 前",
        "remark": ""
      },
      "type": "Feature"
    },
    {
      "geometry": {
        "coordinates": [
          139.688186,
          35.759102
        ],
        "type": "Point"
      },
      "properties": {
        "bangumi_id": 513345,
        "bangumi_title": "薰香花朵凛然绽放",
        "ep_cut": 11,
        "image_url": "https://w.junreimap.com/images/points/513345/4zy3y7e_1757891094647.jpg",
        "location": "ときわ台（东武东上线）",
        "point_id": "4zy3y7e",
        "point_name": "ときわ台 北口",
        "remark": ""
      },
      "type": "Feature"
    },
    {
      "geometry": {
        "coordinates": [
          139.689454,
          35.758839
        ],
        "type": "Point"
      },
      "properties": {
        "bangumi_id": 513345,
        "bangumi_title": "薰香花朵凛然绽放",
        "ep_cut": 11,
        "image_url": "https://w.junreimap.com/images/points/513345/4zxx4i3_1757890835552.jpg",
        "location": "ときわ台（东武东上线）",
        "point_id": "4zxx4i3",
        "point_name": "ときわ台 北口",
        "remark": ""
      },
      "type": "Feature"
    },
    {
      "geometry": {
        "coordinates": [
          139.689469,
          35.758862
        ],
        "type": "Point"
      },
      "properties": {
        "bangumi_id": 513345,
        "bangumi_title": "薰香花朵凛然绽放",
        "ep_cut": 11,
        "image_url": "https://w.junreimap.com/images/points/513345/4zxyo00_1757890843418.jpg",
        "location": "ときわ台（东武东上线）",
        "point_id": "4zxyo00",
        "point_name": "ときわ台 北口",
        "remark": ""
      },
      "type": "Feature"
    },
    {
      "geometry": {
        "coordinates": [
          139.689596,
          35.758781
        ],
        "type": "Point"
      },
      "properties": {
        "bangumi_id": 513345,
        "bangumi_title": "薰香花朵凛然绽放",
        "ep_cut": 11,
        "image_url": "https://w.junreimap.com/images/points/513345/4zxyv0f_1757890851383.jpg",
        "location": "ときわ台（东武东上线）",
        "point_id": "4zxyv0f",
        "point_name": "ときわ台 北口",
        "remark": ""
      },
      "type": "Feature"
    },
    {
      "geometry": {
        "coordinates": [
          139.689575,
          35.759085
        ],
        "type": "Point"
      },
      "properties": {
        "bangumi_id": 513345,
        "bangumi_title": "薰香花朵凛然绽放",
        "ep_cut": 11,
        "image_url": "https://w.junreimap.com/images/points/513345/4zxzlag_1757890886625.jpg",
        "location": "ときわ台（东武东上线）",
        "point_id": "4zxzlag",
        "point_name": "ときわ台 北口",
        "remark": ""
      },
      "type": "Feature"
    },
    {
      "geometry": {
        "coordinates": [
          139.689632,
          35.758833
        ],
        "type": "Point"
      },
      "properties": {
        "bangumi_id": 513345,
        "bangumi_title": "薰香花朵凛然绽放",
        "ep_cut": 11,
        "image_url": "https://w.junreimap.com/images/points/513345/4zxz8ku_1757890868098.jpg",
        "location": "ときわ台（东武东上线）",
        "point_id": "4zxz8ku",
        "point_name": "ときわ台 北口",
        "remark": ""
      },
      "type": "Feature"
    },
    {
      "geometry": {
        "coordinates": [
          139.689628,
          35.758773
        ],
        "type": "Point"
      },
      "properties": {
        "bangumi_id": 513345,
        "bangumi_title": "薰香花朵凛然绽放",
        "ep_cut": 11,
        "image_url": "https://w.junreimap.com/images/points/513345/4zxyy03_1757890855234.jpg",
        "location": "ときわ台（东武东上线）",
        "point_id": "4zxyy03",
        "point_name": "ときわ台 北口",
        "remark": ""
      },
      "type": "Feature"
    },
    {
      "geometry": {
        "coordinates": [
          139.689654,
          35.758788
        ],
        "type": "Point"
      },
      "properties": {
        "bangumi_id": 513345,
        "bangumi_title": "薰香花朵凛然绽放",
        "ep_cut": 11,
        "image_url": "https://w.junreimap.com/images/points/513345/4zxzej8_1757890876640.jpg",
        "location": "ときわ台（东武东上线）",
        "point_id": "4zxzej8",
        "point_name": "ときわ台 北口",
        "remark": ""
      },
      "type": "Feature"
    },
    {
      "geometry": {
        "coordinates": [
          139.689482,
          35.758833
        ],
        "type": "Point"
      },
      "properties": {
        "bangumi_id": 513345,
        "bangumi_title": "薰香花朵凛然绽放",
        "ep_cut": 11,
        "image_url": "https://w.junreimap.com/images/points/513345/4zxz515_1757890865152.jpg",
        "location": "ときわ台（东武东上线）",
        "point_id": "4zxz515",
        "point_name": "ときわ台 北口",
        "remark": ""
      },
      "type": "Feature"
    },
    {
      "geometry": {
        "coordinates": [
          139.689572,
          35.758785
        ],
        "type": "Point"
      },
      "properties": {
        "bangumi_id": 513345,
        "bangumi_title": "薰香花朵凛然绽放",
        "ep_cut": 11,
        "image_url": "https://w.junreimap.com/images/points/513345/4zxzi5o_1757890880718.jpg",
        "location": "ときわ台（东武东上线）",
        "point_id": "4zxzi5o",
        "point_name": "ときわ台 北口",
        "remark": ""
      },
      "type": "Feature"
    },
    {
      "geometry": {
        "coordinates": [
          139.602047,
          35.64008
        ],
        "type": "Point"
      },
      "properties": {
        "bangumi_id": 513345,
        "bangumi_title": "薰香花朵凛然绽放",
        "ep_cut": 8,
        "image_url": "https://w.junreimap.com/images/points/513345/4dw5qvb_1756557704550.jpg",
        "location": "DEGUSTATION（成城学園前駅-世田谷区-东京都）",
        "point_id": "4dw5qvb",
        "point_name": "DEGUSTATION 东侧河道 东侧沿岸",
        "remark": ""
      },
      "type": "Feature"
    },
    {
      "geometry": {
        "coordinates": [
          139.602052,
          35.64005
        ],
        "type": "Point"
      },
      "properties": {
        "bangumi_id": 513345,
        "bangumi_title": "薰香花朵凛然绽放",
        "ep_cut": 8,
        "image_url": "https://w.junreimap.com/images/points/513345/4dweqac_1756557977347.jpg",
        "location": "DEGUSTATION（成城学園前駅-世田谷区-东京都）",
        "point_id": "4dweqac",
        "point_name": "DEGUSTATION 东侧河道 东侧沿岸",
        "remark": ""
      },
      "type": "Feature"
    },
    {
      "geometry": {
        "coordinates": [
          139.602015,
          35.640162
        ],
        "type": "Point"
      },
      "properties": {
        "bangumi_id": 513345,
        "bangumi_title": "薰香花朵凛然绽放",
        "ep_cut": 8,
        "image_url": "https://w.junreimap.com/images/points/513345/4dw8yvz_1756557707117.jpg",
        "location": "DEGUSTATION（成城学園前駅-世田谷区-东京都）",
        "point_id": "4dw8yvz",
        "point_name": "DEGUSTATION 东侧河道 东侧沿岸",
        "remark": ""
      },
      "type": "Feature"
    },
    {
      "geometry": {
        "coordinates": [
          139.602002,
          35.640268
        ],
        "type": "Point"
      },
      "properties": {
        "bangumi_id": 513345,
        "bangumi_title": "薰香花朵凛然绽放",
        "ep_cut": 8,
        "image_url": "https://w.junreimap.com/images/points/513345/4dw90v1_1756557709927.jpg",
        "location": "DEGUSTATION（成城学園前駅-世田谷区-东京都）",
        "point_id": "4dw90v1",
        "point_name": "DEGUSTATION 东侧河道 东侧沿岸",
        "remark": ""
      },
      "type": "Feature"
    },
    {
      "geometry": {
        "coordinates": [
          139.602004,
          35.640314
        ],
        "type": "Point"
      },
      "properties": {
        "bangumi_id": 513345,
        "bangumi_title": "薰香花朵凛然绽放",
        "ep_cut": 8,
        "image_url": "https://w.junreimap.com/images/points/513345/4dw9zqw_1756557759149.jpg",
        "location": "DEGUSTATION（成城学園前駅-世田谷区-东京都）",
        "point_id": "4dw9zqw",
        "point_name": "DEGUSTATION 东侧河道 东侧沿岸",
        "remark": ""
      },
      "type": "Feature"
    },
    {
      "geometry": {
        "coordinates": [
          139.602012,
          35.640381
        ],
        "type": "Point"
      },
      "properties": {
        "bangumi_id": 513345,
        "bangumi_title": "薰香花朵凛然绽放",
        "ep_cut": 8,
        "image_url": "https://w.junreimap.com/images/points/513345/4dwa5ul_1756557797237.jpg",
        "location": "DEGUSTATION（成城学園前駅-世田谷区-东京都）",
        "point_id": "4dwa5ul",
        "point_name": "DEGUSTATION 东侧河道 东侧沿岸",
        "remark": ""
      },
      "type": "Feature"
    },
    {
      "geometry": {
        "coordinates": [
          139.60203,
          35.640115
        ],
        "type": "Point"
      },
      "properties": {
        "bangumi_id": 513345,
        "bangumi_title": "薰香花朵凛然绽放",
        "ep_cut": 8,
        "image_url": "https://w.junreimap.com/images/points/513345/4dwbh2r_1756557824630.jpg",
        "location": "DEGUSTATION（成城学園前駅-世田谷区-东京都）",
        "point_id": "4dwbh2r",
        "point_name": "DEGUSTATION 东侧河道 东侧沿岸",
        "remark": ""
      },
      "type": "Feature"
    },
    {
      "geometry": {
        "coordinates": [
          139.601938,
          35.640206
        ],
        "type": "Point"
      },
      "properties": {
        "bangumi_id": 513345,
        "bangumi_title": "薰香花朵凛然绽放",
        "ep_cut": 8,
        "image_url": "https://w.junreimap.com/images/points/513345/4dwbjb2_1756557827869.jpg",
        "location": "DEGUSTATION（成城学園前駅-世田谷区-东京都）",
        "point_id": "4dwbjb2",
        "point_name": "DEGUSTATION 东侧河道 东侧沿岸",
        "remark": ""
      },
      "type": "Feature"
    },
    {
      "geometry": {
        "coordinates": [
          139.602005,
          35.640861
        ],
        "type": "Point"
      },
      "properties": {
        "bangumi_id": 513345,
        "bangumi_title": "薰香花朵凛然绽放",
        "ep_cut": 8,
        "image_url": "https://w.junreimap.com/images/points/513345/4dwbplq_1756557837503.jpg",
        "location": "DEGUSTATION（成城学園前駅-世田谷区-东京都）",
        "point_id": "4dwbplq",
        "point_name": "DEGUSTATION 东侧河道 东侧沿岸",
        "remark": ""
      },
      "type": "Feature"
    },
    {
      "geometry": {
        "coordinates": [
          139.602,
          35.640889
        ],
        "type": "Point"
      },
      "properties": {
        "bangumi_id": 513345,
        "bangumi_title": "薰香花朵凛然绽放",
        "ep_cut": 8,
        "image_url": "https://w.junreimap.com/images/points/513345/4dwbtl5_1756557840483.jpg",
        "location": "DEGUSTATION（成城学園前駅-世田谷区-东京都）",
        "point_id": "4dwbtl5",
        "point_name": "DEGUSTATION 东侧河道 东侧沿岸",
        "remark": ""
      },
      "type": "Feature"
    },
    {
      "geometry": {
        "coordinates": [
          139.602015,
          35.640802
        ],
        "type": "Point"
      },
      "properties": {
        "bangumi_id": 513345,
        "bangumi_title": "薰香花朵凛然绽放",
        "ep_cut": 8,
        "image_url": "https://w.junreimap.com/images/points/513345/4dwbvis_1756557843027.jpg",
        "location": "DEGUSTATION（成城学園前駅-世田谷区-东京都）",
        "point_id": "4dwbvis",
        "point_name": "DEGUSTATION 东侧河道 东侧沿岸",
        "remark": ""
      },
      "type": "Feature"
    },
    {
      "geometry": {
        "coordinates": [
          139.601971,
          35.640876
        ],
        "type": "Point"
      },
      "properties": {
        "bangumi_id": 513345,
        "bangumi_title": "薰香花朵凛然绽放",
        "ep_cut": 8,
        "image_url": "https://w.junreimap.com/images/points/513345/4dwc1w6_1756557851260.jpg",
        "location": "DEGUSTATION（成城学園前駅-世田谷区-东京都）",
        "point_id": "4dwc1w6",
        "point_name": "DEGUSTATION 东侧河道 东侧沿岸",
        "remark": ""
      },
      "type": "Feature"
    },
    {
      "geometry": {
        "coordinates": [
          139.601974,
          35.64085
        ],
        "type": "Point"
      },
      "properties": {
        "bangumi_id": 513345,
        "bangumi_title": "薰香花朵凛然绽放",
        "ep_cut": 8,
        "image_url": "https://w.junreimap.com/images/points/513345/4dwc4it_1756557854705.jpg",
        "location": "DEGUSTATION（成城学園前駅-世田谷区-东京都）",
        "point_id": "4dwc4it",
        "point_name": "DEGUSTATION 东侧河道 东侧沿岸",
        "remark": ""
      },
      "type": "Feature"
    },
    {
      "geometry": {
        "coordinates": [
          139.405489,
          35.326564
        ],
        "type": "Point"
      },
      "properties": {
        "bangumi_id": 513345,
        "bangumi_title": "薰香花朵凛然绽放",
        "ep_cut": 3,
        "image_url": "https://w.junreimap.com/images/points/513345/2q5tdv2_1752945806021.jpg",
        "location": "茅ケ崎市-东海道本线-神奈川县",
        "point_id": "2q5tdv2",
        "point_name": "茅ヶ崎市立図書館 前",
        "remark": "第三话中凛太郎和翔平前往复习的图书馆。"
      },
      "type": "Feature"
    },
    {
      "geometry": {
        "coordinates": [
          139.405716,
          35.326602
        ],
        "type": "Point"
      },
      "properties": {
        "bangumi_id": 513345,
        "bangumi_title": "薰香花朵凛然绽放",
        "ep_cut": 3,
        "image_url": "https://w.junreimap.com/images/points/513345/2q60vjx_1752946156036.jpg",
        "location": "茅ケ崎市-东海道本线-神奈川县",
        "point_id": "2q60vjx",
        "point_name": "茅ヶ崎市立図書館 前",
        "remark": "第三话中凛太郎和翔平前往复习的图书馆。"
      },
      "type": "Feature"
    },
    {
      "geometry": {
        "coordinates": [
          139.405684,
          35.326617
        ],
        "type": "Point"
      },
      "properties": {
        "bangumi_id": 513345,
        "bangumi_title": "薰香花朵凛然绽放",
        "ep_cut": 3,
        "image_url": "https://w.junreimap.com/images/points/513345/2q61v77_1752946316216.jpg",
        "location": "茅ケ崎市-东海道本线-神奈川县",
        "point_id": "2q61v77",
        "point_name": "茅ヶ崎市立図書館 前",
        "remark": "第三话中凛太郎和翔平前往复习的图书馆。"
      },
      "type": "Feature"
    },
    {
      "geometry": {
        "coordinates": [
          139.405713,
          35.326595
        ],
        "type": "Point"
      },
      "properties": {
        "bangumi_id": 513345,
        "bangumi_title": "薰香花朵凛然绽放",
        "ep_cut": 3,
        "image_url": "https://w.junreimap.com/images/points/513345/2q63mhg_1752946283409.jpg",
        "location": "茅ケ崎市-东海道本线-神奈川县",
        "point_id": "2q63mhg",
        "point_name": "茅ヶ崎市立図書館 前",
        "remark": "第三话中凛太郎和翔平前往复习的图书馆。"
      },
      "type": "Feature"
    },
    {
      "geometry": {
        "coordinates": [
          139.405687,
          35.326573
        ],
        "type": "Point"
      },
      "properties": {
        "bangumi_id": 513345,
        "bangumi_title": "薰香花朵凛然绽放",
        "ep_cut": 3,
        "image_url": "https://w.junreimap.com/images/points/513345/2opjksd_1752858008512.jpg",
        "location": "茅ケ崎市-东海道本线-神奈川县",
        "point_id": "2opjksd",
        "point_name": "茅ヶ崎市立図書館 前",
        "remark": "第三话中凛太郎和翔平前往复习的图书馆。"
      },
      "type": "Feature"
    },
    {
      "geometry": {
        "coordinates": [
          139.405711,
          35.326589
        ],
        "type": "Point"
      },
      "properties": {
        "bangumi_id": 513345,
        "bangumi_title": "薰香花朵凛然绽放",
        "ep_cut": 3,
        "image_url": "https://w.junreimap.com/images/points/513345/2q62agt_1752946221378.jpg",
        "location": "茅ケ崎市-东海道本线-神奈川县",
        "point_id": "2q62agt",
        "point_name": "茅ヶ崎市立図書館 前",
        "remark": "第三话中凛太郎和翔平前往复习的图书馆。"
      },
      "type": "Feature"
    },
    {
      "geometry": {
        "coordinates": [
          139.405677,
          35.326649
        ],
        "type": "Point"
      },
      "properties": {
        "bangumi_id": 513345,
        "bangumi_title": "薰香花朵凛然绽放",
        "ep_cut": 3,
        "image_url": "https://w.junreimap.com/images/points/513345/2q64gy2_1752946322910.jpg",
        "location": "茅ケ崎市-东海道本线-神奈川县",
        "point_id": "2q64gy2",
        "point_name": "茅ヶ崎市立図書館 前",
        "remark": "第三话中凛太郎和翔平前往复习的图书馆。"
      },
      "type": "Feature"
    },
    {
      "geometry": {
        "coordinates": [
          139.405504,
          35.326415
        ],
        "type": "Point"
      },
      "properties": {
        "bangumi_id": 513345,
        "bangumi_title": "薰香花朵凛然绽放",
        "ep_cut": 3,
        "image_url": "https://w.junreimap.com/images/points/513345/2q64rou_1752946337130.jpg",
        "location": "茅ケ崎市-东海道本线-神奈川县",
        "point_id": "2q64rou",
        "point_name": "茅ヶ崎市立図書館 前",
        "remark": "第三话中凛太郎和翔平前往复习的图书馆。"
      },
      "type": "Feature"
    },
    {
      "geometry": {
        "coordinates": [
          139.405702,
          35.326639
        ],
        "type": "Point"
      },
      "properties": {
        "bangumi_id": 513345,
        "bangumi_title": "薰香花朵凛然绽放",
        "ep_cut": 3,
        "image_url": "https://w.junreimap.com/images/points/513345/2q64ztn_1752946347302.jpg",
        "location": "茅ケ崎市-东海道本线-神奈川县",
        "point_id": "2q64ztn",
        "point_name": "茅ヶ崎市立図書館 前",
        "remark": "第三话中凛太郎和翔平前往复习的图书馆。"
      },
      "type": "Feature"
    },
    {
      "geometry": {
        "coordinates": [
          139.405665,
          35.326621
        ],
        "type": "Point"
      },
      "properties": {
        "bangumi_id": 513345,
        "bangumi_title": "薰香花朵凛然绽放",
        "ep_cut": 3,
        "image_url": "https://w.junreimap.com/images/points/513345/2q635c8_1752946261683.jpg",
        "location": "茅ケ崎市-东海道本线-神奈川县",
        "point_id": "2q635c8",
        "point_name": "茅ヶ崎市立図書館 前",
        "remark": "第三话中凛太郎和翔平前往复习的图书馆。"
      },
      "type": "Feature"
    },
    {
      "geometry": {
        "coordinates": [
          139.405708,
          35.32658
        ],
        "type": "Point"
      },
      "properties": {
        "bangumi_id": 513345,
        "bangumi_title": "薰香花朵凛然绽放",
        "ep_cut": 3,
        "image_url": "https://w.junreimap.com/images/points/513345/2opjt66_1752858019088.jpg",
        "location": "茅ケ崎市-东海道本线-神奈川县",
        "point_id": "2opjt66",
        "point_name": "茅ヶ崎市立図書館 前",
        "remark": "第三话中凛太郎和翔平前往复习的图书馆。"
      },
      "type": "Feature"
    },
    {
      "geometry": {
        "coordinates": [
          139.405656,
          35.326477
        ],
        "type": "Point"
      },
      "properties": {
        "bangumi_id": 513345,
        "bangumi_title": "薰香花朵凛然绽放",
        "ep_cut": 3,
        "image_url": "https://w.junreimap.com/images/points/513345/2opjdot_1752857998964.jpg",
        "location": "茅ケ崎市-东海道本线-神奈川县",
        "point_id": "2opjdot",
        "point_name": "茅ヶ崎市立図書館 前",
        "remark": "第三话中凛太郎和翔平前往复习的图书馆。"
      },
      "type": "Feature"
    },
    {
      "geometry": {
        "coordinates": [
          139.405684,
          35.326559
        ],
        "type": "Point"
      },
      "properties": {
        "bangumi_id": 513345,
        "bangumi_title": "薰香花朵凛然绽放",
        "ep_cut": 3,
        "image_url": "https://w.junreimap.com/images/points/513345/2q65biy_1752946363698.jpg",
        "location": "茅ケ崎市-东海道本线-神奈川县",
        "point_id": "2q65biy",
        "point_name": "茅ヶ崎市立図書館 前",
        "remark": "第三话中凛太郎和翔平前往复习的图书馆。"
      },
      "type": "Feature"
    },
    {
      "geometry": {
        "coordinates": [
          139.405697,
          35.326604
        ],
        "type": "Point"
      },
      "properties": {
        "bangumi_id": 513345,
        "bangumi_title": "薰香花朵凛然绽放",
        "ep_cut": 3,
        "image_url": "https://w.junreimap.com/images/points/513345/2q5zzrl_1752946114065.jpg",
        "location": "茅ケ崎市-东海道本线-神奈川县",
        "point_id": "2q5zzrl",
        "point_name": "茅ヶ崎市立図書館 前",
        "remark": "第三话中凛太郎和翔平前往复习的图书馆。"
      },
      "type": "Feature"
    },
    {
      "geometry": {
        "coordinates": [
          139.405718,
          35.326608
        ],
        "type": "Point"
      },
      "properties": {
        "bangumi_id": 513345,
        "bangumi_title": "薰香花朵凛然绽放",
        "ep_cut": 3,
        "image_url": "https://w.junreimap.com/images/points/513345/2opj44h_1752857987108.jpg",
        "location": "茅ケ崎市-东海道本线-神奈川县",
        "point_id": "2opj44h",
        "point_name": "茅ヶ崎市立図書館 前",
        "remark": "第三话中凛太郎和翔平前往复习的图书馆。"
      },
      "type": "Feature"
    },
    {
      "geometry": {
        "coordinates": [
          139.405703,
          35.32662
        ],
        "type": "Point"
      },
      "properties": {
        "bangumi_id": 513345,
        "bangumi_title": "薰香花朵凛然绽放",
        "ep_cut": 3,
        "image_url": "https://w.junreimap.com/images/points/513345/2q608gd_1752946125757.jpg",
        "location": "茅ケ崎市-东海道本线-神奈川县",
        "point_id": "2q608gd",
        "point_name": "茅ヶ崎市立図書館 前",
        "remark": "第三话中凛太郎和翔平前往复习的图书馆。"
      },
      "type": "Feature"
    },
    {
      "geometry": {
        "coordinates": [
          139.405662,
          35.326495
        ],
        "type": "Point"
      },
      "properties": {
        "bangumi_id": 513345,
        "bangumi_title": "薰香花朵凛然绽放",
        "ep_cut": 3,
        "image_url": "https://w.junreimap.com/images/points/513345/2ophmsp_1752857936506.jpg",
        "location": "茅ケ崎市-东海道本线-神奈川县",
        "point_id": "2ophmsp",
        "point_name": "茅ヶ崎市立図書館 前",
        "remark": "第三话中凛太郎和翔平前往复习的图书馆。"
      },
      "type": "Feature"
    },
    {
      "geometry": {
        "coordinates": [
          139.40567,
          35.326515
        ],
        "type": "Point"
      },
      "properties": {
        "bangumi_id": 513345,
        "bangumi_title": "薰香花朵凛然绽放",
        "ep_cut": 3,
        "image_url": "https://w.junreimap.com/images/points/513345/2q68ztw_1752946534067.jpg",
        "location": "茅ケ崎市-东海道本线-神奈川县",
        "point_id": "2q68ztw",
        "point_name": "茅ヶ崎市立図書館 前",
        "remark": "第三话中凛太郎和翔平前往复习的图书馆。"
      },
      "type": "Feature"
    },
    {
      "geometry": {
        "coordinates": [
          139.405729,
          35.326638
        ],
        "type": "Point"
      },
      "properties": {
        "bangumi_id": 513345,
        "bangumi_title": "薰香花朵凛然绽放",
        "ep_cut": 3,
        "image_url": "https://w.junreimap.com/images/points/513345/2q660u9_1752946395507.jpg",
        "location": "茅ケ崎市-东海道本线-神奈川县",
        "point_id": "2q660u9",
        "point_name": "茅ヶ崎市立図書館 前",
        "remark": "第三话中凛太郎和翔平前往复习的图书馆。"
      },
      "type": "Feature"
    },
    {
      "geometry": {
        "coordinates": [
          139.405738,
          35.326622
        ],
        "type": "Point"
      },
      "properties": {
        "bangumi_id": 513345,
        "bangumi_title": "薰香花朵凛然绽放",
        "ep_cut": 3,
        "image_url": "https://w.junreimap.com/images/points/513345/2q66716_1752946403445.jpg",
        "location": "茅ケ崎市-东海道本线-神奈川县",
        "point_id": "2q66716",
        "point_name": "茅ヶ崎市立図書館 前",
        "remark": "第三话中凛太郎和翔平前往复习的图书馆。"
      },
      "type": "Feature"
    },
    {
      "geometry": {
        "coordinates": [
          139.4057,
          35.326611
        ],
        "type": "Point"
      },
      "properties": {
        "bangumi_id": 513345,
        "bangumi_title": "薰香花朵凛然绽放",
        "ep_cut": 3,
        "image_url": "https://w.junreimap.com/images/points/513345/2q66os6_1752946426632.jpg",
        "location": "茅ケ崎市-东海道本线-神奈川县",
        "point_id": "2q66os6",
        "point_name": "茅ヶ崎市立図書館 前",
        "remark": "第三话中凛太郎和翔平前往复习的图书馆。"
      },
      "type": "Feature"
    },
    {
      "geometry": {
        "coordinates": [
          139.405694,
          35.326634
        ],
        "type": "Point"
      },
      "properties": {
        "bangumi_id": 513345,
        "bangumi_title": "薰香花朵凛然绽放",
        "ep_cut": 3,
        "image_url": "https://w.junreimap.com/images/points/513345/2q67bqo_1752946456346.jpg",
        "location": "茅ケ崎市-东海道本线-神奈川县",
        "point_id": "2q67bqo",
        "point_name": "茅ヶ崎市立図書館 前",
        "remark": "第三话中凛太郎和翔平前往复习的图书馆。"
      },
      "type": "Feature"
    },
    {
      "geometry": {
        "coordinates": [
          139.405665,
          35.326594
        ],
        "type": "Point"
      },
      "properties": {
        "bangumi_id": 513345,
        "bangumi_title": "薰香花朵凛然绽放",
        "ep_cut": 3,
        "image_url": "https://w.junreimap.com/images/points/513345/2q67jna_1752946466608.jpg",
        "location": "茅ケ崎市-东海道本线-神奈川县",
        "point_id": "2q67jna",
        "point_name": "茅ヶ崎市立図書館 前",
        "remark": "第三话中凛太郎和翔平前往复习的图书馆。"
      },
      "type": "Feature"
    },
    {
      "geometry": {
        "coordinates": [
          139.405681,
          35.326607
        ],
        "type": "Point"
      },
      "properties": {
        "bangumi_id": 513345,
        "bangumi_title": "薰香花朵凛然绽放",
        "ep_cut": 3,
        "image_url": "https://w.junreimap.com/images/points/513345/2q67suo_1752946478545.jpg",
        "location": "茅ケ崎市-东海道本线-神奈川县",
        "point_id": "2q67suo",
        "point_name": "茅ヶ崎市立図書館 前",
        "remark": "第三话中凛太郎和翔平前往复习的图书馆。"
      },
      "type": "Feature"
    },
    {
      "geometry": {
        "coordinates": [
          139.405705,
          35.32657
        ],
        "type": "Point"
      },
      "properties": {
        "bangumi_id": 513345,
        "bangumi_title": "薰香花朵凛然绽放",
        "ep_cut": 3,
        "image_url": "https://w.junreimap.com/images/points/513345/2q67wvr_1752946483641.jpg",
        "location": "茅ケ崎市-东海道本线-神奈川县",
        "point_id": "2q67wvr",
        "point_name": "茅ヶ崎市立図書館 前",
        "remark": "第三话中凛太郎和翔平前往复习的图书馆。"
      },
      "type": "Feature"
    },
    {
      "geometry": {
        "coordinates": [
          139.405654,
          35.326554
        ],
        "type": "Point"
      },
      "properties": {
        "bangumi_id": 513345,
        "bangumi_title": "薰香花朵凛然绽放",
        "ep_cut": 3,
        "image_url": "https://w.junreimap.com/images/points/513345/2q68f01_1752946507270.jpg",
        "location": "茅ケ崎市-东海道本线-神奈川县",
        "point_id": "2q68f01",
        "point_name": "茅ヶ崎市立図書館 前",
        "remark": "第三话中凛太郎和翔平前往复习的图书馆。"
      },
      "type": "Feature"
    },
    {
      "geometry": {
        "coordinates": [
          139.405648,
          35.326453
        ],
        "type": "Point"
      },
      "properties": {
        "bangumi_id": 513345,
        "bangumi_title": "薰香花朵凛然绽放",
        "ep_cut": 3,
        "image_url": "https://w.junreimap.com/images/points/513345/2q68m7g_1752946545110.jpg",
        "location": "茅ケ崎市-东海道本线-神奈川县",
        "point_id": "2q68m7g",
        "point_name": "茅ヶ崎市立図書館 前",
        "remark": "第三话中凛太郎和翔平前往复习的图书馆。"
      },
      "type": "Feature"
    },
    {
      "geometry": {
        "coordinates": [
          139.40577,
          35.326454
        ],
        "type": "Point"
      },
      "properties": {
        "bangumi_id": 513345,
        "bangumi_title": "薰香花朵凛然绽放",
        "ep_cut": 3,
        "image_url": "https://w.junreimap.com/images/points/513345/2q61bhu_1752946176102.jpg",
        "location": "茅ケ崎市-东海道本线-神奈川县",
        "point_id": "2q61bhu",
        "point_name": "茅ヶ崎市立図書館 1F",
        "remark": "第三话中凛太郎和翔平前往复习的图书馆。"
      },
      "type": "Feature"
    },
    {
      "geometry": {
        "coordinates": [
          139.405705,
          35.326454
        ],
        "type": "Point"
      },
      "properties": {
        "bangumi_id": 513345,
        "bangumi_title": "薰香花朵凛然绽放",
        "ep_cut": 3,
        "image_url": "https://w.junreimap.com/images/points/513345/2q6a2xk_1752946586277.jpg",
        "location": "茅ケ崎市-东海道本线-神奈川县",
        "point_id": "2q6a2xk",
        "point_name": "茅ヶ崎市立図書館 1F",
        "remark": "第三话中凛太郎和翔平前往复习的图书馆。"
      },
      "type": "Feature"
    },
    {
      "geometry": {
        "coordinates": [
          139.405724,
          35.326449
        ],
        "type": "Point"
      },
      "properties": {
        "bangumi_id": 513345,
        "bangumi_title": "薰香花朵凛然绽放",
        "ep_cut": 3,
        "image_url": "https://w.junreimap.com/images/points/513345/2q6abvx_1752946597435.jpg",
        "location": "茅ケ崎市-东海道本线-神奈川县",
        "point_id": "2q6abvx",
        "point_name": "茅ヶ崎市立図書館 1F",
        "remark": "第三话中凛太郎和翔平前往复习的图书馆。"
      },
      "type": "Feature"
    },
    {
      "geometry": {
        "coordinates": [
          139.405743,
          35.326444
        ],
        "type": "Point"
      },
      "properties": {
        "bangumi_id": 513345,
        "bangumi_title": "薰香花朵凛然绽放",
        "ep_cut": 3,
        "image_url": "https://w.junreimap.com/images/points/513345/2q6ajrn_1752946606752.jpg",
        "location": "茅ケ崎市-东海道本线-神奈川县",
        "point_id": "2q6ajrn",
        "point_name": "茅ヶ崎市立図書館 1F",
        "remark": "第三话中凛太郎和翔平前往复习的图书馆。"
      },
      "type": "Feature"
    },
    {
      "geometry": {
        "coordinates": [
          139.405764,
          35.326437
        ],
        "type": "Point"
      },
      "properties": {
        "bangumi_id": 513345,
        "bangumi_title": "薰香花朵凛然绽放",
        "ep_cut": 3,
        "image_url": "https://w.junreimap.com/images/points/513345/2q6apl7_1752946614248.jpg",
        "location": "茅ケ崎市-东海道本线-神奈川县",
        "point_id": "2q6apl7",
        "point_name": "茅ヶ崎市立図書館 1F",
        "remark": "第三话中凛太郎和翔平前往复习的图书馆。"
      },
      "type": "Feature"
    },
    {
      "geometry": {
        "coordinates": [
          139.405757,
          35.326419
        ],
        "type": "Point"
      },
      "properties": {
        "bangumi_id": 513345,
        "bangumi_title": "薰香花朵凛然绽放",
        "ep_cut": 3,
        "image_url": "https://w.junreimap.com/images/points/513345/2q6b2kk_1752946631153.jpg",
        "location": "茅ケ崎市-东海道本线-神奈川县",
        "point_id": "2q6b2kk",
        "point_name": "茅ヶ崎市立図書館 1F",
        "remark": "第三话中凛太郎和翔平前往复习的图书馆。"
      },
      "type": "Feature"
    },
    {
      "geometry": {
        "coordinates": [
          139.405741,
          35.326373
        ],
        "type": "Point"
      },
      "properties": {
        "bangumi_id": 513345,
        "bangumi_title": "薰香花朵凛然绽放",
        "ep_cut": 3,
        "image_url": "https://w.junreimap.com/images/points/513345/2q6b6zr_1752946636543.jpg",
        "location": "茅ケ崎市-东海道本线-神奈川县",
        "point_id": "2q6b6zr",
        "point_name": "茅ヶ崎市立図書館 1F",
        "remark": "第三话中凛太郎和翔平前往复习的图书馆。"
      },
      "type": "Feature"
    },
    {
      "geometry": {
        "coordinates": [
          139.405747,
          35.326388
        ],
        "type": "Point"
      },
      "properties": {
        "bangumi_id": 513345,
        "bangumi_title": "薰香花朵凛然绽放",
        "ep_cut": 3,
        "image_url": "https://w.junreimap.com/images/points/513345/2q6bmrj_1752946658001.jpg",
        "location": "茅ケ崎市-东海道本线-神奈川县",
        "point_id": "2q6bmrj",
        "point_name": "茅ヶ崎市立図書館 1F",
        "remark": "第三话中凛太郎和翔平前往复习的图书馆。"
      },
      "type": "Feature"
    },
    {
      "geometry": {
        "coordinates": [
          139.405751,
          35.326403
        ],
        "type": "Point"
      },
      "properties": {
        "bangumi_id": 513345,
        "bangumi_title": "薰香花朵凛然绽放",
        "ep_cut": 3,
        "image_url": "https://w.junreimap.com/images/points/513345/2q6bgbu_1752946649022.jpg",
        "location": "茅ケ崎市-东海道本线-神奈川县",
        "point_id": "2q6bgbu",
        "point_name": "茅ヶ崎市立図書館 1F",
        "remark": "第三话中凛太郎和翔平前往复习的图书馆。"
      },
      "type": "Feature"
    },
    {
      "geometry": {
        "coordinates": [
          139.405886,
          35.326565
        ],
        "type": "Point"
      },
      "properties": {
        "bangumi_id": 513345,
        "bangumi_title": "薰香花朵凛然绽放",
        "ep_cut": 3,
        "image_url": "https://w.junreimap.com/images/points/513345/2q5vfdu_1752945901166.jpg",
        "location": "茅ケ崎市-东海道本线-神奈川县",
        "point_id": "2q5vfdu",
        "point_name": "茅ヶ崎市立図書館 1F",
        "remark": "第三话中凛太郎和翔平前往复习的图书馆。"
      },
      "type": "Feature"
    },
    {
      "geometry": {
        "coordinates": [
          139.405815,
          35.326373
        ],
        "type": "Point"
      },
      "properties": {
        "bangumi_id": 513345,
        "bangumi_title": "薰香花朵凛然绽放",
        "ep_cut": 3,
        "image_url": "https://w.junreimap.com/images/points/513345/2opkbc8_1752858042646.jpg",
        "location": "茅ケ崎市-东海道本线-神奈川县",
        "point_id": "2opkbc8",
        "point_name": "茅ヶ崎市立図書館 1F",
        "remark": "第三话中凛太郎和翔平前往复习的图书馆。"
      },
      "type": "Feature"
    },
    {
      "geometry": {
        "coordinates": [
          139.405793,
          35.326408
        ],
        "type": "Point"
      },
      "properties": {
        "bangumi_id": 513345,
        "bangumi_title": "薰香花朵凛然绽放",
        "ep_cut": 3,
        "image_url": "https://w.junreimap.com/images/points/513345/2q5ye5s_1752946039762.jpg",
        "location": "茅ケ崎市-东海道本线-神奈川县",
        "point_id": "2q5ye5s",
        "point_name": "茅ヶ崎市立図書館 1F",
        "remark": "第三话中凛太郎和翔平前往复习的图书馆。"
      },
      "type": "Feature"
    },
    {
      "geometry": {
        "coordinates": [
          139.405788,
          35.326394
        ],
        "type": "Point"
      },
      "properties": {
        "bangumi_id": 513345,
        "bangumi_title": "薰香花朵凛然绽放",
        "ep_cut": 3,
        "image_url": "https://w.junreimap.com/images/points/513345/2q5yp2m_1752946054751.jpg",
        "location": "茅ケ崎市-东海道本线-神奈川县",
        "point_id": "2q5yp2m",
        "point_name": "茅ヶ崎市立図書館 1F",
        "remark": "第三话中凛太郎和翔平前往复习的图书馆。"
      },
      "type": "Feature"
    },
    {
      "geometry": {
        "coordinates": [
          139.40578,
          35.32637
        ],
        "type": "Point"
      },
      "properties": {
        "bangumi_id": 513345,
        "bangumi_title": "薰香花朵凛然绽放",
        "ep_cut": 3,
        "image_url": "https://w.junreimap.com/images/points/513345/2q5yjks_1752946046696.jpg",
        "location": "茅ケ崎市-东海道本线-神奈川县",
        "point_id": "2q5yjks",
        "point_name": "茅ヶ崎市立図書館 1F",
        "remark": "第三话中凛太郎和翔平前往复习的图书馆。"
      },
      "type": "Feature"
    },
    {
      "geometry": {
        "coordinates": [
          139.405811,
          35.326362
        ],
        "type": "Point"
      },
      "properties": {
        "bangumi_id": 513345,
        "bangumi_title": "薰香花朵凛然绽放",
        "ep_cut": 3,
        "image_url": "https://w.junreimap.com/images/points/513345/2q5xrbd_1752946010903.jpg",
        "location": "茅ケ崎市-东海道本线-神奈川县",
        "point_id": "2q5xrbd",
        "point_name": "茅ヶ崎市立図書館 1F",
        "remark": "第三话中凛太郎和翔平前往复习的图书馆。"
      },
      "type": "Feature"
    },
    {
      "geometry": {
        "coordinates": [
          139.405819,
          35.326386
        ],
        "type": "Point"
      },
      "properties": {
        "bangumi_id": 513345,
        "bangumi_title": "薰香花朵凛然绽放",
        "ep_cut": 3,
        "image_url": "https://w.junreimap.com/images/points/513345/2q5y2z8_1752946031198.jpg",
        "location": "茅ケ崎市-东海道本线-神奈川县",
        "point_id": "2q5y2z8",
        "point_name": "茅ヶ崎市立図書館 1F",
        "remark": "第三话中凛太郎和翔平前往复习的图书馆。"
      },
      "type": "Feature"
    },
    {
      "geometry": {
        "coordinates": [
          139.406019,
          35.326531
        ],
        "type": "Point"
      },
      "properties": {
        "bangumi_id": 513345,
        "bangumi_title": "薰香花朵凛然绽放",
        "ep_cut": 3,
        "image_url": "https://w.junreimap.com/images/points/513345/2opkf1l_1752858047352.jpg",
        "location": "茅ケ崎市-东海道本线-神奈川县",
        "point_id": "2opkf1l",
        "point_name": "茅ヶ崎市立図書館 2F",
        "remark": "第三话中凛太郎和翔平前往复习的图书馆。"
      },
      "type": "Feature"
    },
    {
      "geometry": {
        "coordinates": [
          139.40594,
          35.326552
        ],
        "type": "Point"
      },
      "properties": {
        "bangumi_id": 513345,
        "bangumi_title": "薰香花朵凛然绽放",
        "ep_cut": 3,
        "image_url": "https://w.junreimap.com/images/points/513345/2q5vq9u_1752945915265.jpg",
        "location": "茅ケ崎市-东海道本线-神奈川县",
        "point_id": "2q5vq9u",
        "point_name": "茅ヶ崎市立図書館 2F",
        "remark": "第三话中凛太郎和翔平前往复习的图书馆。"
      },
      "type": "Feature"
    },
    {
      "geometry": {
        "coordinates": [
          139.405915,
          35.326559
        ],
        "type": "Point"
      },
      "properties": {
        "bangumi_id": 513345,
        "bangumi_title": "薰香花朵凛然绽放",
        "ep_cut": 3,
        "image_url": "https://w.junreimap.com/images/points/513345/2q5vxha_1752945924504.jpg",
        "location": "茅ケ崎市-东海道本线-神奈川县",
        "point_id": "2q5vxha",
        "point_name": "茅ヶ崎市立図書館 2F",
        "remark": "第三话中凛太郎和翔平前往复习的图书馆。"
      },
      "type": "Feature"
    },
    {
      "geometry": {
        "coordinates": [
          139.405879,
          35.326542
        ],
        "type": "Point"
      },
      "properties": {
        "bangumi_id": 513345,
        "bangumi_title": "薰香花朵凛然绽放",
        "ep_cut": 3,
        "image_url": "https://w.junreimap.com/images/points/513345/2q5wc3g_1752945944061.jpg",
        "location": "茅ケ崎市-东海道本线-神奈川县",
        "point_id": "2q5wc3g",
        "point_name": "茅ヶ崎市立図書館 2F",
        "remark": "第三话中凛太郎和翔平前往复习的图书馆。"
      },
      "type": "Feature"
    },
    {
      "geometry": {
        "coordinates": [
          139.405975,
          35.326543
        ],
        "type": "Point"
      },
      "properties": {
        "bangumi_id": 513345,
        "bangumi_title": "薰香花朵凛然绽放",
        "ep_cut": 3,
        "image_url": "https://w.junreimap.com/images/points/513345/2q5wiwb_1752945952304.jpg",
        "location": "茅ケ崎市-东海道本线-神奈川县",
        "point_id": "2q5wiwb",
        "point_name": "茅ヶ崎市立図書館 2F",
        "remark": "第三话中凛太郎和翔平前往复习的图书馆。"
      },
      "type": "Feature"
    },
    {
      "geometry": {
        "coordinates": [
          139.405957,
          35.326548
        ],
        "type": "Point"
      },
      "properties": {
        "bangumi_id": 513345,
        "bangumi_title": "薰香花朵凛然绽放",
        "ep_cut": 3,
        "image_url": "https://w.junreimap.com/images/points/513345/2q5wso1_1752945965201.jpg",
        "location": "茅ケ崎市-东海道本线-神奈川县",
        "point_id": "2q5wso1",
        "point_name": "茅ヶ崎市立図書館 2F",
        "remark": "第三话中凛太郎和翔平前往复习的图书馆。"
      },
      "type": "Feature"
    },
    {
      "geometry": {
        "coordinates": [
          139.405995,
          35.326537
        ],
        "type": "Point"
      },
      "properties": {
        "bangumi_id": 513345,
        "bangumi_title": "薰香花朵凛然绽放",
        "ep_cut": 3,
        "image_url": "https://w.junreimap.com/images/points/513345/2q5wz2t_1752945974423.jpg",
        "location": "茅ケ崎市-东海道本线-神奈川县",
        "point_id": "2q5wz2t",
        "point_name": "茅ヶ崎市立図書館 2F",
        "remark": "第三话中凛太郎和翔平前往复习的图书馆。"
      },
      "type": "Feature"
    },
    {
      "geometry": {
        "coordinates": [
          139.405843,
          35.326548
        ],
        "type": "Point"
      },
      "properties": {
        "bangumi_id": 513345,
        "bangumi_title": "薰香花朵凛然绽放",
        "ep_cut": 3,
        "image_url": "https://w.junreimap.com/images/points/513345/2q5x5t8_1752945982326.jpg",
        "location": "茅ケ崎市-东海道本线-神奈川县",
        "point_id": "2q5x5t8",
        "point_name": "茅ヶ崎市立図書館 2F",
        "remark": "第三话中凛太郎和翔平前往复习的图书馆。"
      },
      "type": "Feature"
    },
    {
      "geometry": {
        "coordinates": [
          139.40604,
          35.326527
        ],
        "type": "Point"
      },
      "properties": {
        "bangumi_id": 513345,
        "bangumi_title": "薰香花朵凛然绽放",
        "ep_cut": 3,
        "image_url": "https://w.junreimap.com/images/points/513345/2opkkmn_1752858055310.jpg",
        "location": "茅ケ崎市-东海道本线-神奈川县",
        "point_id": "2opkkmn",
        "point_name": "茅ヶ崎市立図書館 2F",
        "remark": "第三话中凛太郎和翔平前往复习的图书馆。"
      },
      "type": "Feature"
    },
    {
      "geometry": {
        "coordinates": [
          139.402123,
          35.332185
        ],
        "type": "Point"
      },
      "properties": {
        "bangumi_id": 513345,
        "bangumi_title": "薰香花朵凛然绽放",
        "ep_cut": 3,
        "image_url": "https://w.junreimap.com/images/points/513345/3fr3nsz_1754493347537.jpg",
        "location": "茅ケ崎市-东海道本线-神奈川县",
        "point_id": "3fr3nsz",
        "point_name": "びっくり​ドンキー\n茅ヶ崎​店",
        "remark": ""
      },
      "type": "Feature"
    },
    {
      "geometry": {
        "coordinates": [
          139.50986,
          35.306106
        ],
        "type": "Point"
      },
      "properties": {
        "bangumi_id": 513345,
        "bangumi_title": "薰香花朵凛然绽放",
        "ep_cut": 12,
        "image_url": "https://w.junreimap.com/images/points/513345/59un0g5_1758489921562.jpg",
        "location": "七里ヶ浜駅-镰仓市-神奈川县",
        "point_id": "59un0g5",
        "point_name": "七里ヶ浜駅",
        "remark": ""
      },
      "type": "Feature"
    },
    {
      "geometry": {
        "coordinates": [
          139.510202,
          35.306217
        ],
        "type": "Point"
      },
      "properties": {
        "bangumi_id": 513345,
        "bangumi_title": "薰香花朵凛然绽放",
        "ep_cut": 12,
        "image_url": "https://w.junreimap.com/images/points/513345/59uuhll_1758490270847.jpg",
        "location": "七里ヶ浜駅-镰仓市-神奈川县",
        "point_id": "59uuhll",
        "point_name": "七里ヶ浜駅",
        "remark": ""
      },
      "type": "Feature"
    },
    {
      "geometry": {
        "coordinates": [
          139.510187,
          35.306214
        ],
        "type": "Point"
      },
      "properties": {
        "bangumi_id": 513345,
        "bangumi_title": "薰香花朵凛然绽放",
        "ep_cut": 12,
        "image_url": "https://w.junreimap.com/images/points/513345/59uulp0_1758490276919.jpg",
        "location": "七里ヶ浜駅-镰仓市-神奈川县",
        "point_id": "59uulp0",
        "point_name": "七里ヶ浜駅",
        "remark": ""
      },
      "type": "Feature"
    },
    {
      "geometry": {
        "coordinates": [
          139.510308,
          35.306253
        ],
        "type": "Point"
      },
      "properties": {
        "bangumi_id": 513345,
        "bangumi_title": "薰香花朵凛然绽放",
        "ep_cut": 12,
        "image_url": "https://w.junreimap.com/images/points/513345/56xqjdy_1758313759117.jpg",
        "location": "七里ヶ浜駅-镰仓市-神奈川县",
        "point_id": "56xqjdy",
        "point_name": "七里ヶ浜駅",
        "remark": ""
      },
      "type": "Feature"
    },
    {
      "geometry": {
        "coordinates": [
          139.510327,
          35.306258
        ],
        "type": "Point"
      },
      "properties": {
        "bangumi_id": 513345,
        "bangumi_title": "薰香花朵凛然绽放",
        "ep_cut": 12,
        "image_url": "https://w.junreimap.com/images/points/513345/56xrg4x_1758313769044.jpg",
        "location": "七里ヶ浜駅-镰仓市-神奈川县",
        "point_id": "56xrg4x",
        "point_name": "七里ヶ浜駅",
        "remark": ""
      },
      "type": "Feature"
    },
    {
      "geometry": {
        "coordinates": [
          139.510292,
          35.306249
        ],
        "type": "Point"
      },
      "properties": {
        "bangumi_id": 513345,
        "bangumi_title": "薰香花朵凛然绽放",
        "ep_cut": 12,
        "image_url": "https://w.junreimap.com/images/points/513345/56xrmky_1758313780292.jpg",
        "location": "七里ヶ浜駅-镰仓市-神奈川县",
        "point_id": "56xrmky",
        "point_name": "七里ヶ浜駅",
        "remark": ""
      },
      "type": "Feature"
    },
    {
      "geometry": {
        "coordinates": [
          139.510318,
          35.306255
        ],
        "type": "Point"
      },
      "properties": {
        "bangumi_id": 513345,
        "bangumi_title": "薰香花朵凛然绽放",
        "ep_cut": 12,
        "image_url": "https://w.junreimap.com/images/points/513345/59uncia_1758489937100.jpg",
        "location": "七里ヶ浜駅-镰仓市-神奈川县",
        "point_id": "59uncia",
        "point_name": "七里ヶ浜駅",
        "remark": ""
      },
      "type": "Feature"
    },
    {
      "geometry": {
        "coordinates": [
          139.510368,
          35.306269
        ],
        "type": "Point"
      },
      "properties": {
        "bangumi_id": 513345,
        "bangumi_title": "薰香花朵凛然绽放",
        "ep_cut": 12,
        "image_url": "https://w.junreimap.com/images/points/513345/56xrti6_1758313786166.jpg",
        "location": "七里ヶ浜駅-镰仓市-神奈川县",
        "point_id": "56xrti6",
        "point_name": "七里ヶ浜駅",
        "remark": ""
      },
      "type": "Feature"
    },
    {
      "geometry": {
        "coordinates": [
          139.510353,
          35.306248
        ],
        "type": "Point"
      },
      "properties": {
        "bangumi_id": 513345,
        "bangumi_title": "薰香花朵凛然绽放",
        "ep_cut": 12,
        "image_url": "https://w.junreimap.com/images/points/513345/59unp3p_1758489953171.jpg",
        "location": "七里ヶ浜駅-镰仓市-神奈川县",
        "point_id": "59unp3p",
        "point_name": "七里ヶ浜駅",
        "remark": ""
      },
      "type": "Feature"
    },
    {
      "geometry": {
        "coordinates": [
          139.510336,
          35.30628
        ],
        "type": "Point"
      },
      "properties": {
        "bangumi_id": 513345,
        "bangumi_title": "薰香花朵凛然绽放",
        "ep_cut": 12,
        "image_url": "https://w.junreimap.com/images/points/513345/59unwx9_1758489962710.jpg",
        "location": "七里ヶ浜駅-镰仓市-神奈川县",
        "point_id": "59unwx9",
        "point_name": "七里ヶ浜駅",
        "remark": ""
      },
      "type": "Feature"
    },
    {
      "geometry": {
        "coordinates": [
          139.510382,
          35.30627
        ],
        "type": "Point"
      },
      "properties": {
        "bangumi_id": 513345,
        "bangumi_title": "薰香花朵凛然绽放",
        "ep_cut": 12,
        "image_url": "https://w.junreimap.com/images/points/513345/56xrz0q_1758313794808.jpg",
        "location": "七里ヶ浜駅-镰仓市-神奈川县",
        "point_id": "56xrz0q",
        "point_name": "七里ヶ浜駅",
        "remark": ""
      },
      "type": "Feature"
    },
    {
      "geometry": {
        "coordinates": [
          139.51028,
          35.306246
        ],
        "type": "Point"
      },
      "properties": {
        "bangumi_id": 513345,
        "bangumi_title": "薰香花朵凛然绽放",
        "ep_cut": 12,
        "image_url": "https://w.junreimap.com/images/points/513345/59ungf9_1758489942684.jpg",
        "location": "七里ヶ浜駅-镰仓市-神奈川县",
        "point_id": "59ungf9",
        "point_name": "七里ヶ浜駅",
        "remark": ""
      },
      "type": "Feature"
    },
    {
      "geometry": {
        "coordinates": [
          139.50995,
          35.30613
        ],
        "type": "Point"
      },
      "properties": {
        "bangumi_id": 513345,
        "bangumi_title": "薰香花朵凛然绽放",
        "ep_cut": 12,
        "image_url": "https://w.junreimap.com/images/points/513345/59v1jec_1758490598974.jpg",
        "location": "七里ヶ浜駅-镰仓市-神奈川县",
        "point_id": "59v1jec",
        "point_name": "パンダ商店/enartO 喫茶店 前",
        "remark": "整体上，甜甜圈店和三明治店的外形是此处パンダ商店和enartO 喫茶店的融合设计，条纹遮阳棚、红色地砖和落地窗借鉴了隔壁的enartO 喫茶店，收银、展示柜和白色墙壁的熊猫则借鉴了パンダ商店。"
      },
      "type": "Feature"
    },
    {
      "geometry": {
        "coordinates": [
          139.51009,
          35.306171
        ],
        "type": "Point"
      },
      "properties": {
        "bangumi_id": 513345,
        "bangumi_title": "薰香花朵凛然绽放",
        "ep_cut": 12,
        "image_url": "https://w.junreimap.com/images/points/513345/59uyful_1758490454164.jpg",
        "location": "七里ヶ浜駅-镰仓市-神奈川县",
        "point_id": "59uyful",
        "point_name": "パンダ商店/enartO 喫茶店 前",
        "remark": "整体上，甜甜圈店和三明治店的外形是此处パンダ商店和enartO 喫茶店的融合设计，条纹遮阳棚、红色地砖和落地窗借鉴了隔壁的enartO 喫茶店，收银、展示柜和白色墙壁的熊猫则借鉴了パンダ商店。"
      },
      "type": "Feature"
    },
    {
      "geometry": {
        "coordinates": [
          139.51005,
          35.306159
        ],
        "type": "Point"
      },
      "properties": {
        "bangumi_id": 513345,
        "bangumi_title": "薰香花朵凛然绽放",
        "ep_cut": 12,
        "image_url": "https://w.junreimap.com/images/points/513345/59uy0qa_1758490443970.jpg",
        "location": "七里ヶ浜駅-镰仓市-神奈川县",
        "point_id": "59uy0qa",
        "point_name": "パンダ商店/enartO 喫茶店 前",
        "remark": "整体上，甜甜圈店和三明治店的外形是此处パンダ商店和enartO 喫茶店的融合设计，条纹遮阳棚、红色地砖和落地窗借鉴了隔壁的enartO 喫茶店，收银、展示柜和白色墙壁的熊猫则借鉴了パンダ商店。"
      },
      "type": "Feature"
    },
    {
      "geometry": {
        "coordinates": [
          139.510039,
          35.306146
        ],
        "type": "Point"
      },
      "properties": {
        "bangumi_id": 513345,
        "bangumi_title": "薰香花朵凛然绽放",
        "ep_cut": 12,
        "image_url": "https://w.junreimap.com/images/points/513345/59vds9a_1758491170187.jpg",
        "location": "七里ヶ浜駅-镰仓市-神奈川县",
        "point_id": "59vds9a",
        "point_name": "パンダ商店/enartO 喫茶店 前",
        "remark": ""
      },
      "type": "Feature"
    },
    {
      "geometry": {
        "coordinates": [
          139.510009,
          35.306157
        ],
        "type": "Point"
      },
      "properties": {
        "bangumi_id": 513345,
        "bangumi_title": "薰香花朵凛然绽放",
        "ep_cut": 12,
        "image_url": "https://w.junreimap.com/images/points/513345/59ve0vw_1758491181162.jpg",
        "location": "七里ヶ浜駅-镰仓市-神奈川县",
        "point_id": "59ve0vw",
        "point_name": "パンダ商店/enartO 喫茶店 前",
        "remark": "整体上，甜甜圈店和三明治店的外形是此处パンダ商店和enartO 喫茶店的融合设计，条纹遮阳棚、红色地砖和落地窗借鉴了隔壁的enartO 喫茶店，收银、展示柜和白色墙壁的熊猫则借鉴了パンダ商店。"
      },
      "type": "Feature"
    },
    {
      "geometry": {
        "coordinates": [
          139.510038,
          35.306163
        ],
        "type": "Point"
      },
      "properties": {
        "bangumi_id": 513345,
        "bangumi_title": "薰香花朵凛然绽放",
        "ep_cut": 12,
        "image_url": "https://w.junreimap.com/images/points/513345/59ve9vw_1758491199675.jpg",
        "location": "七里ヶ浜駅-镰仓市-神奈川县",
        "point_id": "59ve9vw",
        "point_name": "パンダ商店/enartO 喫茶店 前",
        "remark": "整体上，甜甜圈店和三明治店的外形是此处パンダ商店和enartO 喫茶店的融合设计，条纹遮阳棚、红色地砖和落地窗借鉴了隔壁的enartO 喫茶店，收银、展示柜和白色墙壁的熊猫则借鉴了パンダ商店。"
      },
      "type": "Feature"
    },
    {
      "geometry": {
        "coordinates": [
          139.510054,
          35.306166
        ],
        "type": "Point"
      },
      "properties": {
        "bangumi_id": 513345,
        "bangumi_title": "薰香花朵凛然绽放",
        "ep_cut": 12,
        "image_url": "https://w.junreimap.com/images/points/513345/59vepmh_1758491214098.jpg",
        "location": "七里ヶ浜駅-镰仓市-神奈川县",
        "point_id": "59vepmh",
        "point_name": "パンダ商店/enartO 喫茶店 前",
        "remark": "整体上，甜甜圈店和三明治店的外形是此处パンダ商店和enartO 喫茶店的融合设计，条纹遮阳棚、红色地砖和落地窗借鉴了隔壁的enartO 喫茶店，收银、展示柜和白色墙壁的熊猫则借鉴了パンダ商店。"
      },
      "type": "Feature"
    },
    {
      "geometry": {
        "coordinates": [
          139.510062,
          35.306161
        ],
        "type": "Point"
      },
      "properties": {
        "bangumi_id": 513345,
        "bangumi_title": "薰香花朵凛然绽放",
        "ep_cut": 12,
        "image_url": "https://w.junreimap.com/images/points/513345/59vetm5_1758491220520.jpg",
        "location": "七里ヶ浜駅-镰仓市-神奈川县",
        "point_id": "59vetm5",
        "point_name": "パンダ商店/enartO 喫茶店 前",
        "remark": "整体上，甜甜圈店和三明治店的外形是此处パンダ商店和enartO 喫茶店的融合设计，条纹遮阳棚、红色地砖和落地窗借鉴了隔壁的enartO 喫茶店，收银、展示柜和白色墙壁的熊猫则借鉴了パンダ商店。"
      },
      "type": "Feature"
    },
    {
      "geometry": {
        "coordinates": [
          139.510051,
          35.30615
        ],
        "type": "Point"
      },
      "properties": {
        "bangumi_id": 513345,
        "bangumi_title": "薰香花朵凛然绽放",
        "ep_cut": 12,
        "image_url": "https://w.junreimap.com/images/points/513345/59vexrs_1758491223718.jpg",
        "location": "七里ヶ浜駅-镰仓市-神奈川县",
        "point_id": "59vexrs",
        "point_name": "パンダ商店/enartO 喫茶店 前",
        "remark": "整体上，甜甜圈店和三明治店的外形是此处パンダ商店和enartO 喫茶店的融合设计，条纹遮阳棚、红色地砖和落地窗借鉴了隔壁的enartO 喫茶店，收银、展示柜和白色墙壁的熊猫则借鉴了パンダ商店。"
      },
      "type": "Feature"
    },
    {
      "geometry": {
        "coordinates": [
          139.509991,
          35.306143
        ],
        "type": "Point"
      },
      "properties": {
        "bangumi_id": 513345,
        "bangumi_title": "薰香花朵凛然绽放",
        "ep_cut": 12,
        "image_url": "https://w.junreimap.com/images/points/513345/59uym2m_1758490463244.jpg",
        "location": "七里ヶ浜駅-镰仓市-神奈川县",
        "point_id": "59uym2m",
        "point_name": "パンダ商店/enartO 喫茶店 前",
        "remark": "整体上，甜甜圈店和三明治店的外形是此处パンダ商店和enartO 喫茶店的融合设计，条纹遮阳棚、红色地砖和落地窗借鉴了隔壁的enartO 喫茶店，收银、展示柜和白色墙壁的熊猫则借鉴了パンダ商店。"
      },
      "type": "Feature"
    },
    {
      "geometry": {
        "coordinates": [
          139.509917,
          35.30612
        ],
        "type": "Point"
      },
      "properties": {
        "bangumi_id": 513345,
        "bangumi_title": "薰香花朵凛然绽放",
        "ep_cut": 12,
        "image_url": "https://w.junreimap.com/images/points/513345/59uyzr0_1758490480522.jpg",
        "location": "七里ヶ浜駅-镰仓市-神奈川县",
        "point_id": "59uyzr0",
        "point_name": "パンダ商店/enartO 喫茶店 前",
        "remark": "整体上，甜甜圈店和三明治店的外形是此处パンダ商店和enartO 喫茶店的融合设计，条纹遮阳棚、红色地砖和落地窗借鉴了隔壁的enartO 喫茶店，收银、展示柜和白色墙壁的熊猫则借鉴了パンダ商店。"
      },
      "type": "Feature"
    },
    {
      "geometry": {
        "coordinates": [
          139.510011,
          35.306149
        ],
        "type": "Point"
      },
      "properties": {
        "bangumi_id": 513345,
        "bangumi_title": "薰香花朵凛然绽放",
        "ep_cut": 12,
        "image_url": "https://w.junreimap.com/images/points/513345/59uz3yr_1758490487146.jpg",
        "location": "七里ヶ浜駅-镰仓市-神奈川县",
        "point_id": "59uz3yr",
        "point_name": "パンダ商店/enartO 喫茶店 前",
        "remark": "整体上，甜甜圈店和三明治店的外形是此处パンダ商店和enartO 喫茶店的融合设计，条纹遮阳棚、红色地砖和落地窗借鉴了隔壁的enartO 喫茶店，收银、展示柜和白色墙壁的熊猫则借鉴了パンダ商店。"
      },
      "type": "Feature"
    },
    {
      "geometry": {
        "coordinates": [
          139.510037,
          35.306156
        ],
        "type": "Point"
      },
      "properties": {
        "bangumi_id": 513345,
        "bangumi_title": "薰香花朵凛然绽放",
        "ep_cut": 12,
        "image_url": "https://w.junreimap.com/images/points/513345/59vddxh_1758491153167.jpg",
        "location": "七里ヶ浜駅-镰仓市-神奈川县",
        "point_id": "59vddxh",
        "point_name": "パンダ商店/enartO 喫茶店 前",
        "remark": "整体上，甜甜圈店和三明治店的外形是此处パンダ商店和enartO 喫茶店的融合设计，条纹遮阳棚、红色地砖和落地窗借鉴了隔壁的enartO 喫茶店，收银、展示柜和白色墙壁的熊猫则借鉴了パンダ商店。"
      },
      "type": "Feature"
    },
    {
      "geometry": {
        "coordinates": [
          139.510027,
          35.306152
        ],
        "type": "Point"
      },
      "properties": {
        "bangumi_id": 513345,
        "bangumi_title": "薰香花朵凛然绽放",
        "ep_cut": 12,
        "image_url": "https://w.junreimap.com/images/points/513345/59uz8pk_1758490492070.jpg",
        "location": "七里ヶ浜駅-镰仓市-神奈川县",
        "point_id": "59uz8pk",
        "point_name": "パンダ商店/enartO 喫茶店 前",
        "remark": "整体上，甜甜圈店和三明治店的外形是此处パンダ商店和enartO 喫茶店的融合设计，条纹遮阳棚、红色地砖和落地窗借鉴了隔壁的enartO 喫茶店，收银、展示柜和白色墙壁的熊猫则借鉴了パンダ商店。"
      },
      "type": "Feature"
    },
    {
      "geometry": {
        "coordinates": [
          139.509995,
          35.306158
        ],
        "type": "Point"
      },
      "properties": {
        "bangumi_id": 513345,
        "bangumi_title": "薰香花朵凛然绽放",
        "ep_cut": 12,
        "image_url": "https://w.junreimap.com/images/points/513345/59uzccx_1758490499124.jpg",
        "location": "七里ヶ浜駅-镰仓市-神奈川县",
        "point_id": "59uzccx",
        "point_name": "パンダ商店/enartO 喫茶店 前",
        "remark": "整体上，甜甜圈店和三明治店的外形是此处パンダ商店和enartO 喫茶店的融合设计，条纹遮阳棚、红色地砖和落地窗借鉴了隔壁的enartO 喫茶店，收银、展示柜和白色墙壁的熊猫则借鉴了パンダ商店。"
      },
      "type": "Feature"
    },
    {
      "geometry": {
        "coordinates": [
          139.51002,
          35.306159
        ],
        "type": "Point"
      },
      "properties": {
        "bangumi_id": 513345,
        "bangumi_title": "薰香花朵凛然绽放",
        "ep_cut": 12,
        "image_url": "https://w.junreimap.com/images/points/513345/59uzijb_1758490504708.jpg",
        "location": "七里ヶ浜駅-镰仓市-神奈川县",
        "point_id": "59uzijb",
        "point_name": "パンダ商店/enartO 喫茶店 前",
        "remark": ""
      },
      "type": "Feature"
    },
    {
      "geometry": {
        "coordinates": [
          139.510023,
          35.306141
        ],
        "type": "Point"
      },
      "properties": {
        "bangumi_id": 513345,
        "bangumi_title": "薰香花朵凛然绽放",
        "ep_cut": 12,
        "image_url": "https://w.junreimap.com/images/points/513345/59uzq6x_1758490515027.jpg",
        "location": "七里ヶ浜駅-镰仓市-神奈川县",
        "point_id": "59uzq6x",
        "point_name": "パンダ商店/enartO 喫茶店 前",
        "remark": "整体上，甜甜圈店和三明治店的外形是此处パンダ商店和enartO 喫茶店的融合设计，条纹遮阳棚、红色地砖和落地窗借鉴了隔壁的enartO 喫茶店，收银、展示柜和白色墙壁的熊猫则借鉴了パンダ商店。"
      },
      "type": "Feature"
    },
    {
      "geometry": {
        "coordinates": [
          139.509969,
          35.306087
        ],
        "type": "Point"
      },
      "properties": {
        "bangumi_id": 513345,
        "bangumi_title": "薰香花朵凛然绽放",
        "ep_cut": 12,
        "image_url": "https://w.junreimap.com/images/points/513345/59v18u7_1758490586241.jpg",
        "location": "七里ヶ浜駅-镰仓市-神奈川县",
        "point_id": "59v18u7",
        "point_name": "パンダ商店/enartO 喫茶店 前",
        "remark": "现实中墙上涂的是个熊猫"
      },
      "type": "Feature"
    },
    {
      "geometry": {
        "coordinates": [
          139.505315,
          35.305904
        ],
        "type": "Point"
      },
      "properties": {
        "bangumi_id": 513345,
        "bangumi_title": "薰香花朵凛然绽放",
        "ep_cut": 12,
        "image_url": "https://w.junreimap.com/images/points/513345/59vtjl0_1758491905572.jpg",
        "location": "七里ヶ浜-镰仓市-神奈川县",
        "point_id": "59vtjl0",
        "point_name": "七里ヶ浜",
        "remark": "K·A·O·R·U·K·O·L·O·V·E <3"
      },
      "type": "Feature"
    },
    {
      "geometry": {
        "coordinates": [
          139.505338,
          35.305867
        ],
        "type": "Point"
      },
      "properties": {
        "bangumi_id": 513345,
        "bangumi_title": "薰香花朵凛然绽放",
        "ep_cut": 12,
        "image_url": "https://w.junreimap.com/images/points/513345/59vtar2_1758491914641.jpg",
        "location": "七里ヶ浜-镰仓市-神奈川县",
        "point_id": "59vtar2",
        "point_name": "七里ヶ浜",
        "remark": "K·A·O·R·U·K·O·L·O·V·E <3"
      },
      "type": "Feature"
    },
    {
      "geometry": {
        "coordinates": [
          139.505428,
          35.305824
        ],
        "type": "Point"
      },
      "properties": {
        "bangumi_id": 513345,
        "bangumi_title": "薰香花朵凛然绽放",
        "ep_cut": 12,
        "image_url": "https://w.junreimap.com/images/points/513345/59vmf9b_1758491751881.jpg",
        "location": "七里ヶ浜-镰仓市-神奈川县",
        "point_id": "59vmf9b",
        "point_name": "七里ヶ浜",
        "remark": "在这个位置附近有一个水渠，凛太郎一行人的准确位置在水渠的西侧不远处。"
      },
      "type": "Feature"
    },
    {
      "geometry": {
        "coordinates": [
          139.505507,
          35.305896
        ],
        "type": "Point"
      },
      "properties": {
        "bangumi_id": 513345,
        "bangumi_title": "薰香花朵凛然绽放",
        "ep_cut": 12,
        "image_url": "https://w.junreimap.com/images/points/513345/59vt1k8_1758491887524.jpg",
        "location": "七里ヶ浜-镰仓市-神奈川县",
        "point_id": "59vt1k8",
        "point_name": "七里ヶ浜",
        "remark": "K·A·O·R·U·K·O·L·O·V·E <3"
      },
      "type": "Feature"
    },
    {
      "geometry": {
        "coordinates": [
          139.505295,
          35.305941
        ],
        "type": "Point"
      },
      "properties": {
        "bangumi_id": 513345,
        "bangumi_title": "薰香花朵凛然绽放",
        "ep_cut": 12,
        "image_url": "https://w.junreimap.com/images/points/513345/59vtu2h_1758491918657.jpg",
        "location": "七里ヶ浜-镰仓市-神奈川县",
        "point_id": "59vtu2h",
        "point_name": "七里ヶ浜",
        "remark": "K·A·O·R·U·K·O·L·O·V·E <3"
      },
      "type": "Feature"
    },
    {
      "geometry": {
        "coordinates": [
          139.5055,
          35.305989
        ],
        "type": "Point"
      },
      "properties": {
        "bangumi_id": 513345,
        "bangumi_title": "薰香花朵凛然绽放",
        "ep_cut": 12,
        "image_url": "https://w.junreimap.com/images/points/513345/59vpdeh_1758491711667.jpg",
        "location": "七里ヶ浜-镰仓市-神奈川县",
        "point_id": "59vpdeh",
        "point_name": "七里ヶ浜",
        "remark": "在这个位置附近有一个水渠，凛太郎一行人的准确位置在水渠的西侧不远处。"
      },
      "type": "Feature"
    },
    {
      "geometry": {
        "coordinates": [
          139.505332,
          35.305998
        ],
        "type": "Point"
      },
      "properties": {
        "bangumi_id": 513345,
        "bangumi_title": "薰香花朵凛然绽放",
        "ep_cut": 12,
        "image_url": "https://w.junreimap.com/images/points/513345/59vpisj_1758491717125.jpg",
        "location": "七里ヶ浜-镰仓市-神奈川县",
        "point_id": "59vpisj",
        "point_name": "七里ヶ浜",
        "remark": "在这个位置附近有一个水渠，凛太郎一行人的准确位置在水渠的西侧不远处。"
      },
      "type": "Feature"
    },
    {
      "geometry": {
        "coordinates": [
          139.505489,
          35.305878
        ],
        "type": "Point"
      },
      "properties": {
        "bangumi_id": 513345,
        "bangumi_title": "薰香花朵凛然绽放",
        "ep_cut": 12,
        "image_url": "https://w.junreimap.com/images/points/513345/59vtg0s_1758491901552.jpg",
        "location": "七里ヶ浜-镰仓市-神奈川县",
        "point_id": "59vtg0s",
        "point_name": "七里ヶ浜",
        "remark": "K·A·O·R·U·K·O·L·O·V·E <3"
      },
      "type": "Feature"
    },
    {
      "geometry": {
        "coordinates": [
          139.505523,
          35.30598
        ],
        "type": "Point"
      },
      "properties": {
        "bangumi_id": 513345,
        "bangumi_title": "薰香花朵凛然绽放",
        "ep_cut": 12,
        "image_url": "https://w.junreimap.com/images/points/513345/59voyst_1758491691860.jpg",
        "location": "七里ヶ浜-镰仓市-神奈川县",
        "point_id": "59voyst",
        "point_name": "七里ヶ浜",
        "remark": "在这个位置附近有一个水渠，凛太郎一行人的准确位置在水渠的西侧不远处。"
      },
      "type": "Feature"
    },
    {
      "geometry": {
        "coordinates": [
          139.505354,
          35.306
        ],
        "type": "Point"
      },
      "properties": {
        "bangumi_id": 513345,
        "bangumi_title": "薰香花朵凛然绽放",
        "ep_cut": 12,
        "image_url": "https://w.junreimap.com/images/points/513345/59vsjr3_1758491861473.jpg",
        "location": "七里ヶ浜-镰仓市-神奈川县",
        "point_id": "59vsjr3",
        "point_name": "七里ヶ浜",
        "remark": ""
      },
      "type": "Feature"
    },
    {
      "geometry": {
        "coordinates": [
          139.505537,
          35.305965
        ],
        "type": "Point"
      },
      "properties": {
        "bangumi_id": 513345,
        "bangumi_title": "薰香花朵凛然绽放",
        "ep_cut": 12,
        "image_url": "https://w.junreimap.com/images/points/513345/59vpmdv_1758491722671.jpg",
        "location": "七里ヶ浜-镰仓市-神奈川县",
        "point_id": "59vpmdv",
        "point_name": "七里ヶ浜",
        "remark": "在这个位置附近有一个水渠，凛太郎一行人的准确位置在水渠的西侧不远处。"
      },
      "type": "Feature"
    },
    {
      "geometry": {
        "coordinates": [
          139.505472,
          35.305992
        ],
        "type": "Point"
      },
      "properties": {
        "bangumi_id": 513345,
        "bangumi_title": "薰香花朵凛然绽放",
        "ep_cut": 12,
        "image_url": "https://w.junreimap.com/images/points/513345/59vptt2_1758491736401.jpg",
        "location": "七里ヶ浜-镰仓市-神奈川县",
        "point_id": "59vptt2",
        "point_name": "七里ヶ浜",
        "remark": "在这个位置附近有一个水渠，凛太郎一行人的准确位置在水渠的西侧不远处。"
      },
      "type": "Feature"
    },
    {
      "geometry": {
        "coordinates": [
          139.505384,
          35.305823
        ],
        "type": "Point"
      },
      "properties": {
        "bangumi_id": 513345,
        "bangumi_title": "薰香花朵凛然绽放",
        "ep_cut": 12,
        "image_url": "https://w.junreimap.com/images/points/513345/59vujfp_1758491951854.jpg",
        "location": "七里ヶ浜-镰仓市-神奈川县",
        "point_id": "59vujfp",
        "point_name": "七里ヶ浜",
        "remark": "K·A·O·R·U·K·O·L·O·V·E <3"
      },
      "type": "Feature"
    },
    {
      "geometry": {
        "coordinates": [
          139.505375,
          35.305992
        ],
        "type": "Point"
      },
      "properties": {
        "bangumi_id": 513345,
        "bangumi_title": "薰香花朵凛然绽放",
        "ep_cut": 12,
        "image_url": "https://w.junreimap.com/images/points/513345/56xt9se_1758313854238.jpg",
        "location": "七里ヶ浜-镰仓市-神奈川县",
        "point_id": "56xt9se",
        "point_name": "七里ヶ浜",
        "remark": "在这个位置附近有一个水渠，凛太郎一行人的准确位置在水渠的西侧不远处。"
      },
      "type": "Feature"
    },
    {
      "geometry": {
        "coordinates": [
          139.505305,
          35.305922
        ],
        "type": "Point"
      },
      "properties": {
        "bangumi_id": 513345,
        "bangumi_title": "薰香花朵凛然绽放",
        "ep_cut": 12,
        "image_url": "https://w.junreimap.com/images/points/513345/59vvp5d_1758492008320.jpg",
        "location": "七里ヶ浜-镰仓市-神奈川县",
        "point_id": "59vvp5d",
        "point_name": "七里ヶ浜",
        "remark": "K·A·O·R·U·K·O·L·O·V·E <3"
      },
      "type": "Feature"
    },
    {
      "geometry": {
        "coordinates": [
          139.50546,
          35.305852
        ],
        "type": "Point"
      },
      "properties": {
        "bangumi_id": 513345,
        "bangumi_title": "薰香花朵凛然绽放",
        "ep_cut": 12,
        "image_url": "https://w.junreimap.com/images/points/513345/59w3v9a_1758492401816.jpg",
        "location": "七里ヶ浜-镰仓市-神奈川县",
        "point_id": "59w3v9a",
        "point_name": "七里ヶ浜",
        "remark": "K·A·O·R·U·K·O·L·O·V·E <3"
      },
      "type": "Feature"
    },
    {
      "geometry": {
        "coordinates": [
          139.505351,
          35.305853
        ],
        "type": "Point"
      },
      "properties": {
        "bangumi_id": 513345,
        "bangumi_title": "薰香花朵凛然绽放",
        "ep_cut": 12,
        "image_url": "https://w.junreimap.com/images/points/513345/59vq27i_1758491742198.jpg",
        "location": "七里ヶ浜-镰仓市-神奈川县",
        "point_id": "59vq27i",
        "point_name": "七里ヶ浜",
        "remark": "在这个位置附近有一个水渠，凛太郎一行人的准确位置在水渠的西侧不远处。此处为西望。"
      },
      "type": "Feature"
    },
    {
      "geometry": {
        "coordinates": [
          139.505311,
          35.305992
        ],
        "type": "Point"
      },
      "properties": {
        "bangumi_id": 513345,
        "bangumi_title": "薰香花朵凛然绽放",
        "ep_cut": 12,
        "image_url": "https://w.junreimap.com/images/points/513345/59vvxqg_1758492017111.jpg",
        "location": "七里ヶ浜-镰仓市-神奈川县",
        "point_id": "59vvxqg",
        "point_name": "七里ヶ浜",
        "remark": "K·A·O·R·U·K·O·L·O·V·E <3"
      },
      "type": "Feature"
    },
    {
      "geometry": {
        "coordinates": [
          139.505548,
          35.305947
        ],
        "type": "Point"
      },
      "properties": {
        "bangumi_id": 513345,
        "bangumi_title": "薰香花朵凛然绽放",
        "ep_cut": "PV1",
        "image_url": "https://w.junreimap.com/images/points/355555/rrjnwor7i_1736471891291.jpg",
        "location": "七里ヶ浜-镰仓市-神奈川县",
        "point_id": "rrjnwor7i",
        "point_name": "七里ヶ浜",
        "remark": ""
      },
      "type": "Feature"
    },
    {
      "geometry": {
        "coordinates": [
          139.505326,
          35.305885
        ],
        "type": "Point"
      },
      "properties": {
        "bangumi_id": 513345,
        "bangumi_title": "薰香花朵凛然绽放",
        "ep_cut": 12,
        "image_url": "https://w.junreimap.com/images/points/513345/59vw0vl_1758492021322.jpg",
        "location": "七里ヶ浜-镰仓市-神奈川县",
        "point_id": "59vw0vl",
        "point_name": "七里ヶ浜",
        "remark": "K·A·O·R·U·K·O·L·O·V·E <3"
      },
      "type": "Feature"
    },
    {
      "geometry": {
        "coordinates": [
          139.50291,
          35.306171
        ],
        "type": "Point"
      },
      "properties": {
        "bangumi_id": 513345,
        "bangumi_title": "薰香花朵凛然绽放",
        "ep_cut": 12,
        "image_url": "https://w.junreimap.com/images/points/513345/59vr6xg_1758491795774.jpg",
        "location": "七里ヶ浜-镰仓市-神奈川县",
        "point_id": "59vr6xg",
        "point_name": "七里ヶ浜",
        "remark": "带了长焦的话，倒也不用跑这么西。"
      },
      "type": "Feature"
    },
    {
      "geometry": {
        "coordinates": [
          139.505448,
          35.305839
        ],
        "type": "Point"
      },
      "properties": {
        "bangumi_id": 513345,
        "bangumi_title": "薰香花朵凛然绽放",
        "ep_cut": 12,
        "image_url": "https://w.junreimap.com/images/points/513345/59vogpk_1758491667581.jpg",
        "location": "七里ヶ浜-镰仓市-神奈川县",
        "point_id": "59vogpk",
        "point_name": "七里ヶ浜",
        "remark": "刀客塔视角"
      },
      "type": "Feature"
    },
    {
      "geometry": {
        "coordinates": [
          139.505295,
          35.305977
        ],
        "type": "Point"
      },
      "properties": {
        "bangumi_id": 513345,
        "bangumi_title": "薰香花朵凛然绽放",
        "ep_cut": 12,
        "image_url": "https://w.junreimap.com/images/points/513345/59vqqtr_1758491774693.jpg",
        "location": "七里ヶ浜-镰仓市-神奈川县",
        "point_id": "59vqqtr",
        "point_name": "七里ヶ浜",
        "remark": "在这个位置附近有一个水渠，凛太郎一行人的准确位置在水渠的西侧不远处。"
      },
      "type": "Feature"
    },
    {
      "geometry": {
        "coordinates": [
          139.505288,
          35.305959
        ],
        "type": "Point"
      },
      "properties": {
        "bangumi_id": 513345,
        "bangumi_title": "薰香花朵凛然绽放",
        "ep_cut": 12,
        "image_url": "https://w.junreimap.com/images/points/513345/56xse8i_1758313812623.jpg",
        "location": "七里ヶ浜-镰仓市-神奈川县",
        "point_id": "56xse8i",
        "point_name": "七里ヶ浜",
        "remark": "在七里ヶ浜沙滩上西望，远处是江之岛。在这个位置附近有一个水渠，凛太郎一行人的准确位置在水渠的西侧不远处。"
      },
      "type": "Feature"
    },
    {
      "geometry": {
        "coordinates": [
          139.505419,
          35.305955
        ],
        "type": "Point"
      },
      "properties": {
        "bangumi_id": 513345,
        "bangumi_title": "薰香花朵凛然绽放",
        "ep_cut": 12,
        "image_url": "https://w.junreimap.com/images/points/513345/59vorlf_1758491687108.jpg",
        "location": "七里ヶ浜-镰仓市-神奈川县",
        "point_id": "59vorlf",
        "point_name": "七里ヶ浜",
        "remark": "在这个位置附近有一个水渠，凛太郎一行人的准确位置在水渠的西侧不远处。"
      },
      "type": "Feature"
    },
    {
      "geometry": {
        "coordinates": [
          139.505407,
          35.30581
        ],
        "type": "Point"
      },
      "properties": {
        "bangumi_id": 513345,
        "bangumi_title": "薰香花朵凛然绽放",
        "ep_cut": 12,
        "image_url": "https://w.junreimap.com/images/points/513345/59vwa64_1758492035287.jpg",
        "location": "七里ヶ浜-镰仓市-神奈川县",
        "point_id": "59vwa64",
        "point_name": "七里ヶ浜",
        "remark": "K·A·O·R·U·K·O·L·O·V·E <3"
      },
      "type": "Feature"
    },
    {
      "geometry": {
        "coordinates": [
          139.505403,
          35.305966
        ],
        "type": "Point"
      },
      "properties": {
        "bangumi_id": 513345,
        "bangumi_title": "薰香花朵凛然绽放",
        "ep_cut": 12,
        "image_url": "https://w.junreimap.com/images/points/513345/56xt4ir_1758313848576.jpg",
        "location": "七里ヶ浜-镰仓市-神奈川县",
        "point_id": "56xt4ir",
        "point_name": "七里ヶ浜",
        "remark": "在这个位置附近有一个水渠，凛太郎一行人的准确位置在水渠的西侧不远处。"
      },
      "type": "Feature"
    },
    {
      "geometry": {
        "coordinates": [
          139.505543,
          35.305926
        ],
        "type": "Point"
      },
      "properties": {
        "bangumi_id": 513345,
        "bangumi_title": "薰香花朵凛然绽放",
        "ep_cut": 12,
        "image_url": "https://w.junreimap.com/images/points/513345/59vqto8_1758491778805.jpg",
        "location": "七里ヶ浜-镰仓市-神奈川县",
        "point_id": "59vqto8",
        "point_name": "七里ヶ浜",
        "remark": "在这个位置附近有一个水渠，凛太郎一行人的准确位置在水渠的西侧不远处。"
      },
      "type": "Feature"
    },
    {
      "geometry": {
        "coordinates": [
          139.505435,
          35.305968
        ],
        "type": "Point"
      },
      "properties": {
        "bangumi_id": 513345,
        "bangumi_title": "薰香花朵凛然绽放",
        "ep_cut": 12,
        "image_url": "https://w.junreimap.com/images/points/513345/59vonua_1758491677078.jpg",
        "location": "七里ヶ浜-镰仓市-神奈川县",
        "point_id": "59vonua",
        "point_name": "七里ヶ浜",
        "remark": "在这个位置附近有一个水渠，凛太郎一行人的准确位置在水渠的西侧不远处。"
      },
      "type": "Feature"
    },
    {
      "geometry": {
        "coordinates": [
          139.505448,
          35.305983
        ],
        "type": "Point"
      },
      "properties": {
        "bangumi_id": 513345,
        "bangumi_title": "薰香花朵凛然绽放",
        "ep_cut": 12,
        "image_url": "https://w.junreimap.com/images/points/513345/59vr3fw_1758491791609.jpg",
        "location": "七里ヶ浜-镰仓市-神奈川县",
        "point_id": "59vr3fw",
        "point_name": "七里ヶ浜",
        "remark": "在这个位置附近有一个水渠，凛太郎一行人的准确位置在水渠的西侧不远处。"
      },
      "type": "Feature"
    },
    {
      "geometry": {
        "coordinates": [
          139.505474,
          35.305865
        ],
        "type": "Point"
      },
      "properties": {
        "bangumi_id": 513345,
        "bangumi_title": "薰香花朵凛然绽放",
        "ep_cut": 12,
        "image_url": "https://w.junreimap.com/images/points/513345/59w6rwp_1758492523053.jpg",
        "location": "七里ヶ浜-镰仓市-神奈川县",
        "point_id": "59w6rwp",
        "point_name": "七里ヶ浜",
        "remark": "在七里ヶ浜沙滩上西望，远处是江之岛。在这个位置附近有一个水渠，凛太郎一行人的准确位置在水渠的西侧不远处。"
      },
      "type": "Feature"
    },
    {
      "geometry": {
        "coordinates": [
          139.505365,
          35.305837
        ],
        "type": "Point"
      },
      "properties": {
        "bangumi_id": 513345,
        "bangumi_title": "薰香花朵凛然绽放",
        "ep_cut": 12,
        "image_url": "https://w.junreimap.com/images/points/513345/59vwhp5_1758492043369.jpg",
        "location": "七里ヶ浜-镰仓市-神奈川县",
        "point_id": "59vwhp5",
        "point_name": "七里ヶ浜",
        "remark": "K·A·O·R·U·K·O·L·O·V·E <3"
      },
      "type": "Feature"
    },
    {
      "geometry": {
        "coordinates": [
          139.505526,
          35.305911
        ],
        "type": "Point"
      },
      "properties": {
        "bangumi_id": 513345,
        "bangumi_title": "薰香花朵凛然绽放",
        "ep_cut": 12,
        "image_url": "https://w.junreimap.com/images/points/513345/59vocdv_1758491662772.jpg",
        "location": "七里ヶ浜-镰仓市-神奈川县",
        "point_id": "59vocdv",
        "point_name": "七里ヶ浜",
        "remark": "在这个位置附近有一个水渠，凛太郎一行人的准确位置在水渠的西侧不远处。"
      },
      "type": "Feature"
    },
    {
      "geometry": {
        "coordinates": [
          139.505393,
          35.30598
        ],
        "type": "Point"
      },
      "properties": {
        "bangumi_id": 513345,
        "bangumi_title": "薰香花朵凛然绽放",
        "ep_cut": 12,
        "image_url": "https://w.junreimap.com/images/points/513345/56xsz9k_1758313841325.jpg",
        "location": "七里ヶ浜-镰仓市-神奈川县",
        "point_id": "56xsz9k",
        "point_name": "七里ヶ浜",
        "remark": "在这个位置附近有一个水渠，凛太郎一行人的准确位置在水渠的西侧不远处。"
      },
      "type": "Feature"
    },
    {
      "geometry": {
        "coordinates": [
          139.510389,
          35.306358
        ],
        "type": "Point"
      },
      "properties": {
        "bangumi_id": 513345,
        "bangumi_title": "薰香花朵凛然绽放",
        "ep_cut": "OP1",
        "image_url": "https://w.junreimap.com/images/points/513345/2g7i4n1_1752343981064.jpg",
        "location": "江之岛电铁线-神奈川县",
        "point_id": "2g7i4n1",
        "point_name": "江ノ島電鉄",
        "remark": ""
      },
      "type": "Feature"
    },
    {
      "geometry": {
        "coordinates": [
          139.510431,
          35.306364
        ],
        "type": "Point"
      },
      "properties": {
        "bangumi_id": 513345,
        "bangumi_title": "薰香花朵凛然绽放",
        "ep_cut": 12,
        "image_url": "https://w.junreimap.com/images/points/513345/59uhkld_1758489668729.jpg",
        "location": "江之岛电铁线-神奈川县",
        "point_id": "59uhkld",
        "point_name": "江ノ島電鉄",
        "remark": ""
      },
      "type": "Feature"
    },
    {
      "geometry": {
        "coordinates": [
          139.510468,
          35.30637
        ],
        "type": "Point"
      },
      "properties": {
        "bangumi_id": 513345,
        "bangumi_title": "薰香花朵凛然绽放",
        "ep_cut": 12,
        "image_url": "https://w.junreimap.com/images/points/513345/59uhoon_1758489673154.jpg",
        "location": "江之岛电铁线-神奈川县",
        "point_id": "59uhoon",
        "point_name": "江ノ島電鉄",
        "remark": ""
      },
      "type": "Feature"
    },
    {
      "geometry": {
        "coordinates": [
          139.502096,
          35.306694
        ],
        "type": "Point"
      },
      "properties": {
        "bangumi_id": 513345,
        "bangumi_title": "薰香花朵凛然绽放",
        "ep_cut": 12,
        "image_url": "https://w.junreimap.com/images/points/513345/59uitfa_1758489758162.jpg",
        "location": "鎌倉高校前駅-镰仓市-神奈川县",
        "point_id": "59uitfa",
        "point_name": "鎌倉高校前 踏切",
        "remark": "著名网红点"
      },
      "type": "Feature"
    },
    {
      "geometry": {
        "coordinates": [
          137.96662,
          36.247299
        ],
        "type": "Point"
      },
      "properties": {
        "bangumi_id": 513345,
        "bangumi_title": "薰香花朵凛然绽放",
        "ep_cut": 1,
        "image_url": "https://w.junreimap.com/images/points/513345/278q70v_1751801838218.jpg",
        "location": "松本市-大糸线-长野县",
        "point_id": "278q70v",
        "point_name": "松本深志高等學校 2栋 前",
        "remark": "【此处属于学校地产，无关人士严禁入内】TV动画中，桔梗学园与千鸟高中的取景原型，分别位于2栋和1栋。外部建筑结构有所出入，且2栋和1栋在现实中是相连的，内部取景的装修与布置基本一致。"
      },
      "type": "Feature"
    },
    {
      "geometry": {
        "coordinates": [
          137.966264,
          36.247276
        ],
        "type": "Point"
      },
      "properties": {
        "bangumi_id": 513345,
        "bangumi_title": "薰香花朵凛然绽放",
        "ep_cut": 2,
        "image_url": "https://w.junreimap.com/images/points/513345/2g8213h_1752344908014.jpg",
        "location": "松本市-大糸线-长野县",
        "point_id": "2g8213h",
        "point_name": "松本深志高等學校 2栋 前",
        "remark": "【此处属于学校地产，无关人士严禁入内】TV动画中，桔梗学园与千鸟高中的取景原型，分别位于2栋和1栋。外部建筑结构有所出入，且2栋和1栋在现实中是相连的，内部取景的装修与布置基本一致。"
      },
      "type": "Feature"
    },
    {
      "geometry": {
        "coordinates": [
          137.966095,
          36.247312
        ],
        "type": "Point"
      },
      "properties": {
        "bangumi_id": 513345,
        "bangumi_title": "薰香花朵凛然绽放",
        "ep_cut": "PV1",
        "image_url": "https://w.junreimap.com/images/points/513345/278olp0_1751801764858.jpg",
        "location": "松本市-大糸线-长野县",
        "point_id": "278olp0",
        "point_name": "松本深志高等學校 2栋 前",
        "remark": "【此处属于学校地产，无关人士严禁入内】TV动画中，桔梗学园与千鸟高中的取景原型，分别位于2栋和1栋。外部建筑结构有所出入，且2栋和1栋在现实中是相连的，内部取景的装修与布置基本一致。"
      },
      "type": "Feature"
    },
    {
      "geometry": {
        "coordinates": [
          137.96691,
          36.24796
        ],
        "type": "Point"
      },
      "properties": {
        "bangumi_id": 513345,
        "bangumi_title": "薰香花朵凛然绽放",
        "ep_cut": 1,
        "image_url": "https://w.junreimap.com/images/points/513345/278rq26_1751801909666.jpg",
        "location": "松本市-大糸线-长野县",
        "point_id": "278rq26",
        "point_name": "松本深志高等學校 2栋 前",
        "remark": "【此处属于学校地产，无关人士严禁入内】TV动画中，桔梗学园与千鸟高中的取景原型，分别位于2栋和1栋。外部建筑结构有所出入，且2栋和1栋在现实中是相连的，内部取景的装修与布置基本一致。注：该标点位置中两栋建筑的位置和作品中是相反的，另一侧则是校园区域无法进入。"
      },
      "type": "Feature"
    },
    {
      "geometry": {
        "coordinates": [
          137.965927,
          36.247403
        ],
        "type": "Point"
      },
      "properties": {
        "bangumi_id": 513345,
        "bangumi_title": "薰香花朵凛然绽放",
        "ep_cut": 1,
        "image_url": "https://w.junreimap.com/images/points/513345/278rm0s_1751801904819.jpg",
        "location": "松本市-大糸线-长野县",
        "point_id": "278rm0s",
        "point_name": "松本深志高等學校 2栋",
        "remark": "【此处属于学校地产，无关人士严禁入内】TV动画中，桔梗学园与千鸟高中的取景原型，分别位于2栋和1栋。外部建筑结构有所出入，且2栋和1栋在现实中是相连的，内部取景的装修与布置基本一致。"
      },
      "type": "Feature"
    },
    {
      "geometry": {
        "coordinates": [
          137.966406,
          36.247081
        ],
        "type": "Point"
      },
      "properties": {
        "bangumi_id": 513345,
        "bangumi_title": "薰香花朵凛然绽放",
        "ep_cut": 1,
        "image_url": "https://w.junreimap.com/images/points/513345/278ow9u_1751801787582.jpg",
        "location": "松本市-大糸线-长野县",
        "point_id": "278ow9u",
        "point_name": "松本深志高等學校 2栋 前",
        "remark": "【此处属于学校地产，无关人士严禁入内】TV动画中，桔梗学园与千鸟高中的取景原型，分别位于2栋和1栋。外部建筑结构有所出入，且2栋和1栋在现实中是相连的，内部取景的装修与布置基本一致。"
      },
      "type": "Feature"
    },
    {
      "geometry": {
        "coordinates": [
          137.966287,
          36.247065
        ],
        "type": "Point"
      },
      "properties": {
        "bangumi_id": 513345,
        "bangumi_title": "薰香花朵凛然绽放",
        "ep_cut": 2,
        "image_url": "https://w.junreimap.com/images/points/513345/2g83d34_1752344973748.jpg",
        "location": "松本市-大糸线-长野县",
        "point_id": "2g83d34",
        "point_name": "松本深志高等學校 2栋 前",
        "remark": "【此处属于学校地产，无关人士严禁入内】TV动画中，桔梗学园与千鸟高中的取景原型，分别位于2栋和1栋。外部建筑结构有所出入，且2栋和1栋在现实中是相连的，内部取景的装修与布置基本一致。"
      },
      "type": "Feature"
    },
    {
      "geometry": {
        "coordinates": [
          137.966458,
          36.247091
        ],
        "type": "Point"
      },
      "properties": {
        "bangumi_id": 513345,
        "bangumi_title": "薰香花朵凛然绽放",
        "ep_cut": 2,
        "image_url": "https://w.junreimap.com/images/points/513345/2g8461z_1752345007670.jpg",
        "location": "松本市-大糸线-长野县",
        "point_id": "2g8461z",
        "point_name": "松本深志高等學校 2栋 前",
        "remark": "【此处属于学校地产，无关人士严禁入内】TV动画中，桔梗学园与千鸟高中的取景原型，分别位于2栋和1栋。外部建筑结构有所出入，且2栋和1栋在现实中是相连的，内部取景的装修与布置基本一致。"
      },
      "type": "Feature"
    },
    {
      "geometry": {
        "coordinates": [
          137.966363,
          36.247076
        ],
        "type": "Point"
      },
      "properties": {
        "bangumi_id": 513345,
        "bangumi_title": "薰香花朵凛然绽放",
        "ep_cut": 2,
        "image_url": "https://w.junreimap.com/images/points/513345/2g83npo_1752344983188.jpg",
        "location": "松本市-大糸线-长野县",
        "point_id": "2g83npo",
        "point_name": "松本深志高等學校 2栋 前",
        "remark": "【此处属于学校地产，无关人士严禁入内】TV动画中，桔梗学园与千鸟高中的取景原型，分别位于2栋和1栋。外部建筑结构有所出入，且2栋和1栋在现实中是相连的，内部取景的装修与布置基本一致。"
      },
      "type": "Feature"
    },
    {
      "geometry": {
        "coordinates": [
          137.966254,
          36.247062
        ],
        "type": "Point"
      },
      "properties": {
        "bangumi_id": 513345,
        "bangumi_title": "薰香花朵凛然绽放",
        "ep_cut": 2,
        "image_url": "https://w.junreimap.com/images/points/513345/2g82wy0_1752344948697.jpg",
        "location": "松本市-大糸线-长野县",
        "point_id": "2g82wy0",
        "point_name": "松本深志高等學校 2栋 前",
        "remark": "【此处属于学校地产，无关人士严禁入内】TV动画中，桔梗学园与千鸟高中的取景原型，分别位于2栋和1栋。外部建筑结构有所出入，且2栋和1栋在现实中是相连的，内部取景的装修与布置基本一致。"
      },
      "type": "Feature"
    },
    {
      "geometry": {
        "coordinates": [
          137.966608,
          36.247117
        ],
        "type": "Point"
      },
      "properties": {
        "bangumi_id": 513345,
        "bangumi_title": "薰香花朵凛然绽放",
        "ep_cut": 1,
        "image_url": "https://w.junreimap.com/images/points/513345/278sx43_1751864267976_c16v9.jpg",
        "location": "松本市-大糸线-长野县",
        "point_id": "278sx43",
        "point_name": "松本深志高等學校 2栋 前",
        "remark": "【此处属于学校地产，无关人士严禁入内】TV动画中，桔梗学园与千鸟高中的取景原型，分别位于2栋和1栋。外部建筑结构有所出入，且2栋和1栋在现实中是相连的，内部取景的装修与布置基本一致。"
      },
      "type": "Feature"
    },
    {
      "geometry": {
        "coordinates": [
          137.966322,
          36.24707
        ],
        "type": "Point"
      },
      "properties": {
        "bangumi_id": 513345,
        "bangumi_title": "薰香花朵凛然绽放",
        "ep_cut": "OP1",
        "image_url": "https://w.junreimap.com/images/points/513345/2g78jcx_1752344131830.jpg",
        "location": "松本市-大糸线-长野县",
        "point_id": "2g78jcx",
        "point_name": "松本深志高等學校 2栋 前",
        "remark": "【此处属于学校地产，无关人士严禁入内】TV动画中，桔梗学园与千鸟高中的取景原型，分别位于2栋和1栋。外部建筑结构有所出入，且2栋和1栋在现实中是相连的，内部取景的装修与布置基本一致。"
      },
      "type": "Feature"
    },
    {
      "geometry": {
        "coordinates": [
          137.966145,
          36.247147
        ],
        "type": "Point"
      },
      "properties": {
        "bangumi_id": 513345,
        "bangumi_title": "薰香花朵凛然绽放",
        "ep_cut": 2,
        "image_url": "https://w.junreimap.com/images/points/513345/2g7qymw_1752344389972.jpg",
        "location": "松本市-大糸线-长野县",
        "point_id": "2g7qymw",
        "point_name": "松本深志高等學校 2栋 前",
        "remark": "【此处属于学校地产，无关人士严禁入内】TV动画中，桔梗学园与千鸟高中的取景原型，分别位于2栋和1栋。外部建筑结构有所出入，且2栋和1栋在现实中是相连的，内部取景的装修与布置基本一致。"
      },
      "type": "Feature"
    },
    {
      "geometry": {
        "coordinates": [
          137.966896,
          36.247471
        ],
        "type": "Point"
      },
      "properties": {
        "bangumi_id": 513345,
        "bangumi_title": "薰香花朵凛然绽放",
        "ep_cut": "OP1",
        "image_url": "https://w.junreimap.com/images/points/513345/2q6ipx5_1752946989877.jpg",
        "location": "松本市-大糸线-长野县",
        "point_id": "2q6ipx5",
        "point_name": "松本深志高等學校 2栋",
        "remark": "【此处属于学校地产，无关人士严禁入内】TV动画中，桔梗学园与千鸟高中的取景原型，分别位于2栋和1栋。外部建筑结构有所出入，且2栋和1栋在现实中是相连的，内部取景的装修与布置基本一致。"
      },
      "type": "Feature"
    },
    {
      "geometry": {
        "coordinates": [
          137.966957,
          36.248554
        ],
        "type": "Point"
      },
      "properties": {
        "bangumi_id": 513345,
        "bangumi_title": "薰香花朵凛然绽放",
        "ep_cut": 2,
        "image_url": "https://w.junreimap.com/images/points/513345/2g82mo9_1752344936271.jpg",
        "location": "松本市-大糸线-长野县",
        "point_id": "2g82mo9",
        "point_name": "松本深志高等學校 东侧 前",
        "remark": "【此处属于学校地产，无关人士严禁入内】TV动画中，桔梗学园与千鸟高中的取景原型，分别位于2栋和1栋。外部建筑结构有所出入，且2栋和1栋在现实中是相连的，内部取景的装修与布置基本一致。"
      },
      "type": "Feature"
    },
    {
      "geometry": {
        "coordinates": [
          137.967105,
          36.247791
        ],
        "type": "Point"
      },
      "properties": {
        "bangumi_id": 513345,
        "bangumi_title": "薰香花朵凛然绽放",
        "ep_cut": "PV1",
        "image_url": "https://w.junreimap.com/images/points/513345/278nosn_1751801727723.jpg",
        "location": "松本市-大糸线-长野县",
        "point_id": "278nosn",
        "point_name": "松本深志高等學校 东侧 前",
        "remark": "【此处属于学校地产，无关人士严禁入内】TV动画中，桔梗学园与千鸟高中的取景原型，分别位于2栋和1栋。外部建筑结构有所出入，且2栋和1栋在现实中是相连的，内部取景的装修与布置基本一致。"
      },
      "type": "Feature"
    },
    {
      "geometry": {
        "coordinates": [
          137.967065,
          36.24798
        ],
        "type": "Point"
      },
      "properties": {
        "bangumi_id": 513345,
        "bangumi_title": "薰香花朵凛然绽放",
        "ep_cut": 10,
        "image_url": "https://w.junreimap.com/images/points/513345/4rfz701_1757376905735.jpg",
        "location": "松本市-大糸线-长野县",
        "point_id": "4rfz701",
        "point_name": "松本深志高等學校 东侧 前",
        "remark": ""
      },
      "type": "Feature"
    },
    {
      "geometry": {
        "coordinates": [
          137.96705,
          36.248101
        ],
        "type": "Point"
      },
      "properties": {
        "bangumi_id": 513345,
        "bangumi_title": "薰香花朵凛然绽放",
        "ep_cut": 1,
        "image_url": "https://w.junreimap.com/images/points/513345/27bdo69_1751806312776.jpg",
        "location": "松本市-大糸线-长野县",
        "point_id": "27bdo69",
        "point_name": "松本深志高等學校 东侧 前",
        "remark": "【此处属于学校地产，无关人士严禁入内】TV动画中，桔梗学园与千鸟高中的取景原型，分别位于2栋和1栋。外部建筑结构有所出入，且2栋和1栋在现实中是相连的，内部取景的装修与布置基本一致。"
      },
      "type": "Feature"
    },
    {
      "geometry": {
        "coordinates": [
          137.966969,
          36.248492
        ],
        "type": "Point"
      },
      "properties": {
        "bangumi_id": 513345,
        "bangumi_title": "薰香花朵凛然绽放",
        "ep_cut": 1,
        "image_url": "https://w.junreimap.com/images/points/513345/27ber99_1751806344348.jpg",
        "location": "松本市-大糸线-长野县",
        "point_id": "27ber99",
        "point_name": "松本深志高等學校 东侧 前",
        "remark": "【此处属于学校地产，无关人士严禁入内】TV动画中，桔梗学园与千鸟高中的取景原型，分别位于2栋和1栋。外部建筑结构有所出入，且2栋和1栋在现实中是相连的，内部取景的装修与布置基本一致。"
      },
      "type": "Feature"
    },
    {
      "geometry": {
        "coordinates": [
          137.967091,
          36.24787
        ],
        "type": "Point"
      },
      "properties": {
        "bangumi_id": 513345,
        "bangumi_title": "薰香花朵凛然绽放",
        "ep_cut": 2,
        "image_url": "https://w.junreimap.com/images/points/513345/2g7qkwp_1752344372912.jpg",
        "location": "松本市-大糸线-长野县",
        "point_id": "2g7qkwp",
        "point_name": "松本深志高等學校 东侧 前",
        "remark": "【此处属于学校地产，无关人士严禁入内】TV动画中，桔梗学园与千鸟高中的取景原型，分别位于2栋和1栋。外部建筑结构有所出入，且2栋和1栋在现实中是相连的，内部取景的装修与布置基本一致。"
      },
      "type": "Feature"
    },
    {
      "geometry": {
        "coordinates": [
          137.967079,
          36.247937
        ],
        "type": "Point"
      },
      "properties": {
        "bangumi_id": 513345,
        "bangumi_title": "薰香花朵凛然绽放",
        "ep_cut": 2,
        "image_url": "https://w.junreimap.com/images/points/513345/2g7rase_1752344407046.jpg",
        "location": "松本市-大糸线-长野县",
        "point_id": "2g7rase",
        "point_name": "松本深志高等學校 东侧 前",
        "remark": "【此处属于学校地产，无关人士严禁入内】TV动画中，桔梗学园与千鸟高中的取景原型，分别位于2栋和1栋。外部建筑结构有所出入，且2栋和1栋在现实中是相连的，内部取景的装修与布置基本一致。"
      },
      "type": "Feature"
    },
    {
      "geometry": {
        "coordinates": [
          137.966184,
          36.247053
        ],
        "type": "Point"
      },
      "properties": {
        "bangumi_id": 513345,
        "bangumi_title": "薰香花朵凛然绽放",
        "ep_cut": 2,
        "image_url": "https://w.junreimap.com/images/points/513345/2g7rluw_1752344423451.jpg",
        "location": "松本市-大糸线-长野县",
        "point_id": "2g7rluw",
        "point_name": "松本深志高等學校 东侧 前",
        "remark": "【此处属于学校地产，无关人士严禁入内】TV动画中，桔梗学园与千鸟高中的取景原型，分别位于2栋和1栋。外部建筑结构有所出入，且2栋和1栋在现实中是相连的，内部取景的装修与布置基本一致。"
      },
      "type": "Feature"
    },
    {
      "geometry": {
        "coordinates": [
          137.966932,
          36.247821
        ],
        "type": "Point"
      },
      "properties": {
        "bangumi_id": 513345,
        "bangumi_title": "薰香花朵凛然绽放",
        "ep_cut": 5,
        "image_url": "https://w.junreimap.com/images/points/513345/39kxd2e_1754120043327.jpg",
        "location": "松本市-大糸线-长野县",
        "point_id": "39kxd2e",
        "point_name": "松本深志高等學校 东侧  前",
        "remark": "【此处属于学校地产，无关人士严禁入内】TV动画中，桔梗学园与千鸟高中的取景原型，分别位于2栋和1栋。外部建筑结构有所出入，且2栋和1栋在现实中是相连的，内部取景的装修与布置基本一致。"
      },
      "type": "Feature"
    },
    {
      "geometry": {
        "coordinates": [
          137.966893,
          36.248314
        ],
        "type": "Point"
      },
      "properties": {
        "bangumi_id": 513345,
        "bangumi_title": "薰香花朵凛然绽放",
        "ep_cut": "OP1",
        "image_url": "https://w.junreimap.com/images/points/513345/2g88r35_1752345328734.jpg",
        "location": "松本市-大糸线-长野县",
        "point_id": "2g88r35",
        "point_name": "松本深志高等學校 东侧 单车停放处",
        "remark": "【此处属于学校地产，无关人士严禁入内】TV动画中，桔梗学园与千鸟高中的取景原型，分别位于2栋和1栋。外部建筑结构有所出入，且2栋和1栋在现实中是相连的，内部取景的装修与布置基本一致。"
      },
      "type": "Feature"
    },
    {
      "geometry": {
        "coordinates": [
          137.966104,
          36.248663
        ],
        "type": "Point"
      },
      "properties": {
        "bangumi_id": 513345,
        "bangumi_title": "薰香花朵凛然绽放",
        "ep_cut": 1,
        "image_url": "https://w.junreimap.com/images/points/513345/27ck0hy_1751808275202.jpg",
        "location": "松本市-大糸线-长野县",
        "point_id": "27ck0hy",
        "point_name": "松本深志高等學校 北侧",
        "remark": "【此处属于学校地产，无关人士严禁入内】TV动画中，桔梗学园与千鸟高中的取景原型，分别位于2栋和1栋。外部建筑结构有所出入，且2栋和1栋在现实中是相连的，内部取景的装修与布置基本一致。"
      },
      "type": "Feature"
    },
    {
      "geometry": {
        "coordinates": [
          137.965499,
          36.248657
        ],
        "type": "Point"
      },
      "properties": {
        "bangumi_id": 513345,
        "bangumi_title": "薰香花朵凛然绽放",
        "ep_cut": "OP1",
        "image_url": "https://w.junreimap.com/images/points/513345/2g7jr3y_1752344084956.jpg",
        "location": "松本市-大糸线-长野县",
        "point_id": "2g7jr3y",
        "point_name": "松本深志高等學校 北侧",
        "remark": "【此处属于学校地产，无关人士严禁入内】TV动画中，桔梗学园与千鸟高中的取景原型，分别位于2栋和1栋。外部建筑结构有所出入，且2栋和1栋在现实中是相连的，内部取景的装修与布置基本一致。"
      },
      "type": "Feature"
    },
    {
      "geometry": {
        "coordinates": [
          137.96566,
          36.247568
        ],
        "type": "Point"
      },
      "properties": {
        "bangumi_id": 513345,
        "bangumi_title": "薰香花朵凛然绽放",
        "ep_cut": 2,
        "image_url": "https://w.junreimap.com/images/points/513345/2g7py8b_1752344343856.jpg",
        "location": "松本市-大糸线-长野县",
        "point_id": "2g7py8b",
        "point_name": "松本深志高等學校 西侧",
        "remark": "【此处属于学校地产，无关人士严禁入内】TV动画中，桔梗学园与千鸟高中的取景原型，分别位于2栋和1栋。外部建筑结构有所出入，且2栋和1栋在现实中是相连的，内部取景的装修与布置基本一致。"
      },
      "type": "Feature"
    },
    {
      "geometry": {
        "coordinates": [
          137.965748,
          36.247934
        ],
        "type": "Point"
      },
      "properties": {
        "bangumi_id": 513345,
        "bangumi_title": "薰香花朵凛然绽放",
        "ep_cut": 7,
        "image_url": "https://w.junreimap.com/images/points/513345/3vb8jyy_1755434049579.jpg",
        "location": "松本市-大糸线-长野县",
        "point_id": "3vb8jyy",
        "point_name": "松本深志高等學校 1栋 西侧",
        "remark": ""
      },
      "type": "Feature"
    },
    {
      "geometry": {
        "coordinates": [
          137.965421,
          36.247977
        ],
        "type": "Point"
      },
      "properties": {
        "bangumi_id": 513345,
        "bangumi_title": "薰香花朵凛然绽放",
        "ep_cut": 7,
        "image_url": "https://w.junreimap.com/images/points/513345/3vb9gta_1755434068724.jpg",
        "location": "松本市-大糸线-长野县",
        "point_id": "3vb9gta",
        "point_name": "松本深志高等學校 运动场",
        "remark": ""
      },
      "type": "Feature"
    },
    {
      "geometry": {
        "coordinates": [
          137.965506,
          36.24837
        ],
        "type": "Point"
      },
      "properties": {
        "bangumi_id": 513345,
        "bangumi_title": "薰香花朵凛然绽放",
        "ep_cut": 7,
        "image_url": "https://w.junreimap.com/images/points/513345/3vb9sb3_1755434082388.jpg",
        "location": "松本市-大糸线-长野县",
        "point_id": "3vb9sb3",
        "point_name": "松本深志高等學校 运动场",
        "remark": ""
      },
      "type": "Feature"
    },
    {
      "geometry": {
        "coordinates": [
          137.965411,
          36.248121
        ],
        "type": "Point"
      },
      "properties": {
        "bangumi_id": 513345,
        "bangumi_title": "薰香花朵凛然绽放",
        "ep_cut": 7,
        "image_url": "https://w.junreimap.com/images/points/513345/3vbbc95_1755434154610.jpg",
        "location": "松本市-大糸线-长野县",
        "point_id": "3vbbc95",
        "point_name": "松本深志高等學校 运动场",
        "remark": ""
      },
      "type": "Feature"
    },
    {
      "geometry": {
        "coordinates": [
          137.965844,
          36.248305
        ],
        "type": "Point"
      },
      "properties": {
        "bangumi_id": 513345,
        "bangumi_title": "薰香花朵凛然绽放",
        "ep_cut": 7,
        "image_url": "https://w.junreimap.com/images/points/513345/3vbc9n7_1755434211799.jpg",
        "location": "松本市-大糸线-长野县",
        "point_id": "3vbc9n7",
        "point_name": "松本深志高等學校 运动场",
        "remark": "鬼鬼祟祟"
      },
      "type": "Feature"
    },
    {
      "geometry": {
        "coordinates": [
          137.965906,
          36.248246
        ],
        "type": "Point"
      },
      "properties": {
        "bangumi_id": 513345,
        "bangumi_title": "薰香花朵凛然绽放",
        "ep_cut": 7,
        "image_url": "https://w.junreimap.com/images/points/513345/3vbdfyg_1755434254175.jpg",
        "location": "松本市-大糸线-长野县",
        "point_id": "3vbdfyg",
        "point_name": "松本深志高等學校 运动场",
        "remark": ""
      },
      "type": "Feature"
    },
    {
      "geometry": {
        "coordinates": [
          137.965764,
          36.248258
        ],
        "type": "Point"
      },
      "properties": {
        "bangumi_id": 513345,
        "bangumi_title": "薰香花朵凛然绽放",
        "ep_cut": 7,
        "image_url": "https://w.junreimap.com/images/points/513345/3vbdm61_1755434260908.jpg",
        "location": "松本市-大糸线-长野县",
        "point_id": "3vbdm61",
        "point_name": "松本深志高等學校 运动场",
        "remark": ""
      },
      "type": "Feature"
    },
    {
      "geometry": {
        "coordinates": [
          137.965727,
          36.248222
        ],
        "type": "Point"
      },
      "properties": {
        "bangumi_id": 513345,
        "bangumi_title": "薰香花朵凛然绽放",
        "ep_cut": 7,
        "image_url": "https://w.junreimap.com/images/points/513345/3vbdqj9_1755434266544.jpg",
        "location": "松本市-大糸线-长野县",
        "point_id": "3vbdqj9",
        "point_name": "松本深志高等學校 运动场",
        "remark": ""
      },
      "type": "Feature"
    },
    {
      "geometry": {
        "coordinates": [
          137.965122,
          36.248186
        ],
        "type": "Point"
      },
      "properties": {
        "bangumi_id": 513345,
        "bangumi_title": "薰香花朵凛然绽放",
        "ep_cut": 7,
        "image_url": "https://w.junreimap.com/images/points/513345/3vbe2zx_1755434283198.jpg",
        "location": "松本市-大糸线-长野县",
        "point_id": "3vbe2zx",
        "point_name": "松本深志高等學校 运动场",
        "remark": ""
      },
      "type": "Feature"
    },
    {
      "geometry": {
        "coordinates": [
          137.965483,
          36.248422
        ],
        "type": "Point"
      },
      "properties": {
        "bangumi_id": 513345,
        "bangumi_title": "薰香花朵凛然绽放",
        "ep_cut": 7,
        "image_url": "https://w.junreimap.com/images/points/513345/3vb9y7h_1755434089878.jpg",
        "location": "松本市-大糸线-长野县",
        "point_id": "3vb9y7h",
        "point_name": "松本深志高等學校 运动场",
        "remark": ""
      },
      "type": "Feature"
    },
    {
      "geometry": {
        "coordinates": [
          137.96548,
          36.2484
        ],
        "type": "Point"
      },
      "properties": {
        "bangumi_id": 513345,
        "bangumi_title": "薰香花朵凛然绽放",
        "ep_cut": 7,
        "image_url": "https://w.junreimap.com/images/points/513345/3vba6pf_1755434101152.jpg",
        "location": "松本市-大糸线-长野县",
        "point_id": "3vba6pf",
        "point_name": "松本深志高等學校 运动场",
        "remark": ""
      },
      "type": "Feature"
    },
    {
      "geometry": {
        "coordinates": [
          137.965505,
          36.248316
        ],
        "type": "Point"
      },
      "properties": {
        "bangumi_id": 513345,
        "bangumi_title": "薰香花朵凛然绽放",
        "ep_cut": 8,
        "image_url": "https://w.junreimap.com/images/points/513345/45r9j10_1756065606272.jpg",
        "location": "松本市-大糸线-长野县",
        "point_id": "45r9j10",
        "point_name": "松本深志高等學校 运动场",
        "remark": ""
      },
      "type": "Feature"
    },
    {
      "geometry": {
        "coordinates": [
          137.966237,
          36.247438
        ],
        "type": "Point"
      },
      "properties": {
        "bangumi_id": 513345,
        "bangumi_title": "薰香花朵凛然绽放",
        "ep_cut": 1,
        "image_url": "https://w.junreimap.com/images/points/513345/278tt5j_1751802007078.jpg",
        "location": "松本市-大糸线-长野县",
        "point_id": "278tt5j",
        "point_name": "松本深志高等學校 2栋 设施内",
        "remark": "【此处属于学校地产，无关人士严禁入内】TV动画中，桔梗学园与千鸟高中的取景原型，分别位于2栋和1栋。外部建筑结构有所出入，且2栋和1栋在现实中是相连的，内部取景的装修与布置基本一致。走廊照片可以在学校官网找到。"
      },
      "type": "Feature"
    },
    {
      "geometry": {
        "coordinates": [
          137.966097,
          36.247454
        ],
        "type": "Point"
      },
      "properties": {
        "bangumi_id": 513345,
        "bangumi_title": "薰香花朵凛然绽放",
        "ep_cut": 13,
        "image_url": "https://w.junreimap.com/images/points/513345/5jdvtxe_1759066443053.jpg",
        "location": "松本市-大糸线-长野县",
        "point_id": "5jdvtxe",
        "point_name": "松本深志高等學校 2栋 设施内",
        "remark": "【此处属于学校地产，无关人士严禁入内】TV动画中，桔梗学园与千鸟高中的取景原型，分别位于2栋和1栋。外部建筑结构有所出入，且2栋和1栋在现实中是相连的，内部取景的装修与布置基本一致。走廊照片可以在学校官网找到。"
      },
      "type": "Feature"
    },
    {
      "geometry": {
        "coordinates": [
          137.966112,
          36.247456
        ],
        "type": "Point"
      },
      "properties": {
        "bangumi_id": 513345,
        "bangumi_title": "薰香花朵凛然绽放",
        "ep_cut": 13,
        "image_url": "https://w.junreimap.com/images/points/513345/5jdvxsb_1759066447338.jpg",
        "location": "松本市-大糸线-长野县",
        "point_id": "5jdvxsb",
        "point_name": "松本深志高等學校 2栋 设施内",
        "remark": "【此处属于学校地产，无关人士严禁入内】TV动画中，桔梗学园与千鸟高中的取景原型，分别位于2栋和1栋。外部建筑结构有所出入，且2栋和1栋在现实中是相连的，内部取景的装修与布置基本一致。走廊照片可以在学校官网找到。"
      },
      "type": "Feature"
    },
    {
      "geometry": {
        "coordinates": [
          137.966111,
          36.247456
        ],
        "type": "Point"
      },
      "properties": {
        "bangumi_id": 513345,
        "bangumi_title": "薰香花朵凛然绽放",
        "ep_cut": 13,
        "image_url": "https://w.junreimap.com/images/points/513345/5jdwp70_1759066481520.jpg",
        "location": "松本市-大糸线-长野县",
        "point_id": "5jdwp70",
        "point_name": "松本深志高等學校 2栋 设施内",
        "remark": "【此处属于学校地产，无关人士严禁入内】TV动画中，桔梗学园与千鸟高中的取景原型，分别位于2栋和1栋。外部建筑结构有所出入，且2栋和1栋在现实中是相连的，内部取景的装修与布置基本一致。走廊照片可以在学校官网找到。"
      },
      "type": "Feature"
    },
    {
      "geometry": {
        "coordinates": [
          137.966125,
          36.24743
        ],
        "type": "Point"
      },
      "properties": {
        "bangumi_id": 513345,
        "bangumi_title": "薰香花朵凛然绽放",
        "ep_cut": 1,
        "image_url": "https://w.junreimap.com/images/points/513345/278tbxc_1751801988145.jpg",
        "location": "松本市-大糸线-长野县",
        "point_id": "278tbxc",
        "point_name": "松本深志高等學校 2栋 设施内",
        "remark": "【此处属于学校地产，无关人士严禁入内】TV动画中，桔梗学园与千鸟高中的取景原型，分别位于2栋和1栋。外部建筑结构有所出入，且2栋和1栋在现实中是相连的，内部取景的装修与布置基本一致。教室照片可以在学校官网找到。"
      },
      "type": "Feature"
    },
    {
      "geometry": {
        "coordinates": [
          137.966079,
          36.247452
        ],
        "type": "Point"
      },
      "properties": {
        "bangumi_id": 513345,
        "bangumi_title": "薰香花朵凛然绽放",
        "ep_cut": 13,
        "image_url": "https://w.junreimap.com/images/points/513345/5jdwse0_1759066485389.jpg",
        "location": "松本市-大糸线-长野县",
        "point_id": "5jdwse0",
        "point_name": "松本深志高等學校 2栋 设施内",
        "remark": "【此处属于学校地产，无关人士严禁入内】TV动画中，桔梗学园与千鸟高中的取景原型，分别位于2栋和1栋。外部建筑结构有所出入，且2栋和1栋在现实中是相连的，内部取景的装修与布置基本一致。走廊照片可以在学校官网找到。"
      },
      "type": "Feature"
    },
    {
      "geometry": {
        "coordinates": [
          137.966125,
          36.247456
        ],
        "type": "Point"
      },
      "properties": {
        "bangumi_id": 513345,
        "bangumi_title": "薰香花朵凛然绽放",
        "ep_cut": 13,
        "image_url": "https://w.junreimap.com/images/points/513345/5jdwwga_1759066492121.jpg",
        "location": "松本市-大糸线-长野县",
        "point_id": "5jdwwga",
        "point_name": "松本深志高等學校 2栋 设施内",
        "remark": "【此处属于学校地产，无关人士严禁入内】TV动画中，桔梗学园与千鸟高中的取景原型，分别位于2栋和1栋。外部建筑结构有所出入，且2栋和1栋在现实中是相连的，内部取景的装修与布置基本一致。走廊照片可以在学校官网找到。"
      },
      "type": "Feature"
    },
    {
      "geometry": {
        "coordinates": [
          137.966331,
          36.247537
        ],
        "type": "Point"
      },
      "properties": {
        "bangumi_id": 513345,
        "bangumi_title": "薰香花朵凛然绽放",
        "ep_cut": 1,
        "image_url": "https://w.junreimap.com/images/points/513345/278u426_1751802021552.jpg",
        "location": "松本市-大糸线-长野县",
        "point_id": "278u426",
        "point_name": "松本深志高等學校 2栋 设施内",
        "remark": "【此处属于学校地产，无关人士严禁入内】TV动画中，桔梗学园与千鸟高中的取景原型，分别位于2栋和1栋。外部建筑结构有所出入，且2栋和1栋在现实中是相连的，内部取景的装修与布置基本一致。走廊照片可以在学校官网找到。"
      },
      "type": "Feature"
    },
    {
      "geometry": {
        "coordinates": [
          137.966104,
          36.247469
        ],
        "type": "Point"
      },
      "properties": {
        "bangumi_id": 513345,
        "bangumi_title": "薰香花朵凛然绽放",
        "ep_cut": 13,
        "image_url": "https://w.junreimap.com/images/points/513345/5jdx0w0_1759066499181.jpg",
        "location": "松本市-大糸线-长野县",
        "point_id": "5jdx0w0",
        "point_name": "松本深志高等學校 2栋 设施内",
        "remark": "【此处属于学校地产，无关人士严禁入内】TV动画中，桔梗学园与千鸟高中的取景原型，分别位于2栋和1栋。外部建筑结构有所出入，且2栋和1栋在现实中是相连的，内部取景的装修与布置基本一致。走廊照片可以在学校官网找到。"
      },
      "type": "Feature"
    },
    {
      "geometry": {
        "coordinates": [
          137.96639,
          36.247448
        ],
        "type": "Point"
      },
      "properties": {
        "bangumi_id": 513345,
        "bangumi_title": "薰香花朵凛然绽放",
        "ep_cut": 6,
        "image_url": "https://w.junreimap.com/images/points/513345/3iggyby_1754656755121.jpg",
        "location": "松本市-大糸线-长野县",
        "point_id": "3iggyby",
        "point_name": "松本深志高等學校 2栋 设施内",
        "remark": "【此处属于学校地产，无关人士严禁入内】TV动画中，桔梗学园与千鸟高中的取景原型，分别位于2栋和1栋。外部建筑结构有所出入，且2栋和1栋在现实中是相连的，内部取景的装修与布置基本一致。走廊照片可以在学校官网找到。"
      },
      "type": "Feature"
    },
    {
      "geometry": {
        "coordinates": [
          137.966117,
          36.247469
        ],
        "type": "Point"
      },
      "properties": {
        "bangumi_id": 513345,
        "bangumi_title": "薰香花朵凛然绽放",
        "ep_cut": 13,
        "image_url": "https://w.junreimap.com/images/points/513345/5jdx536_1759066503724.jpg",
        "location": "松本市-大糸线-长野县",
        "point_id": "5jdx536",
        "point_name": "松本深志高等學校 2栋 设施内",
        "remark": "【此处属于学校地产，无关人士严禁入内】TV动画中，桔梗学园与千鸟高中的取景原型，分别位于2栋和1栋。外部建筑结构有所出入，且2栋和1栋在现实中是相连的，内部取景的装修与布置基本一致。走廊照片可以在学校官网找到。"
      },
      "type": "Feature"
    },
    {
      "geometry": {
        "coordinates": [
          137.96613,
          36.24747
        ],
        "type": "Point"
      },
      "properties": {
        "bangumi_id": 513345,
        "bangumi_title": "薰香花朵凛然绽放",
        "ep_cut": 13,
        "image_url": "https://w.junreimap.com/images/points/513345/5jdx8js_1759066506619.jpg",
        "location": "松本市-大糸线-长野县",
        "point_id": "5jdx8js",
        "point_name": "松本深志高等學校 2栋 设施内",
        "remark": "【此处属于学校地产，无关人士严禁入内】TV动画中，桔梗学园与千鸟高中的取景原型，分别位于2栋和1栋。外部建筑结构有所出入，且2栋和1栋在现实中是相连的，内部取景的装修与布置基本一致。走廊照片可以在学校官网找到。"
      },
      "type": "Feature"
    },
    {
      "geometry": {
        "coordinates": [
          137.966294,
          36.247445
        ],
        "type": "Point"
      },
      "properties": {
        "bangumi_id": 513345,
        "bangumi_title": "薰香花朵凛然绽放",
        "ep_cut": 6,
        "image_url": "https://w.junreimap.com/images/points/513345/3iggt9a_1754656749275.jpg",
        "location": "松本市-大糸线-长野县",
        "point_id": "3iggt9a",
        "point_name": "松本深志高等學校 2栋 设施内",
        "remark": "【此处属于学校地产，无关人士严禁入内】TV动画中，桔梗学园与千鸟高中的取景原型，分别位于2栋和1栋。外部建筑结构有所出入，且2栋和1栋在现实中是相连的，内部取景的装修与布置基本一致。走廊照片可以在学校官网找到。"
      },
      "type": "Feature"
    },
    {
      "geometry": {
        "coordinates": [
          137.966066,
          36.24742
        ],
        "type": "Point"
      },
      "properties": {
        "bangumi_id": 513345,
        "bangumi_title": "薰香花朵凛然绽放",
        "ep_cut": "OP1",
        "image_url": "https://w.junreimap.com/images/points/513345/2q6j2wq_1752947005119.jpg",
        "location": "松本市-大糸线-长野县",
        "point_id": "2q6j2wq",
        "point_name": "松本深志高等學校 2栋 设施内",
        "remark": "【此处属于学校地产，无关人士严禁入内】TV动画中，桔梗学园与千鸟高中的取景原型，分别位于2栋和1栋。外部建筑结构有所出入，且2栋和1栋在现实中是相连的，内部取景的装修与布置基本一致。"
      },
      "type": "Feature"
    },
    {
      "geometry": {
        "coordinates": [
          137.966463,
          36.24746
        ],
        "type": "Point"
      },
      "properties": {
        "bangumi_id": 513345,
        "bangumi_title": "薰香花朵凛然绽放",
        "ep_cut": "OP1",
        "image_url": "https://w.junreimap.com/images/points/513345/2g7mup3_1752344200085.jpg",
        "location": "松本市-大糸线-长野县",
        "point_id": "2g7mup3",
        "point_name": "松本深志高等學校 2栋 设施内",
        "remark": "【此处属于学校地产，无关人士严禁入内】TV动画中，桔梗学园与千鸟高中的取景原型，分别位于2栋和1栋。外部建筑结构有所出入，且2栋和1栋在现实中是相连的，内部取景的装修与布置基本一致。"
      },
      "type": "Feature"
    },
    {
      "geometry": {
        "coordinates": [
          137.965889,
          36.24775
        ],
        "type": "Point"
      },
      "properties": {
        "bangumi_id": 513345,
        "bangumi_title": "薰香花朵凛然绽放",
        "ep_cut": 3,
        "image_url": "https://w.junreimap.com/images/points/513345/2q6gza6_1752946907948.jpg",
        "location": "松本市-大糸线-长野县",
        "point_id": "2q6gza6",
        "point_name": "松本深志高等學校 1栋 设施内",
        "remark": "【此处属于学校地产，无关人士严禁入内】TV动画中，桔梗学园与千鸟高中的取景原型，分别位于2栋和1栋。外部建筑结构有所出入，且2栋和1栋在现实中是相连的，内部取景的装修与布置基本一致。"
      },
      "type": "Feature"
    },
    {
      "geometry": {
        "coordinates": [
          137.966034,
          36.247756
        ],
        "type": "Point"
      },
      "properties": {
        "bangumi_id": 513345,
        "bangumi_title": "薰香花朵凛然绽放",
        "ep_cut": 9,
        "image_url": "https://w.junreimap.com/images/points/513345/4f74urs_1756636457417.jpg",
        "location": "松本市-大糸线-长野县",
        "point_id": "4f74urs",
        "point_name": "松本深志高等學校 1栋 设施内",
        "remark": "【此处属于学校地产，无关人士严禁入内】TV动画中，桔梗学园与千鸟高中的取景原型，分别位于2栋和1栋。外部建筑结构有所出入，且2栋和1栋在现实中是相连的，内部取景的装修与布置基本一致。"
      },
      "type": "Feature"
    },
    {
      "geometry": {
        "coordinates": [
          137.965936,
          36.24778
        ],
        "type": "Point"
      },
      "properties": {
        "bangumi_id": 513345,
        "bangumi_title": "薰香花朵凛然绽放",
        "ep_cut": 5,
        "image_url": "https://w.junreimap.com/images/points/513345/3b059pq_1754206075243.jpg",
        "location": "松本市-大糸线-长野县",
        "point_id": "3b059pq",
        "point_name": "松本深志高等學校 1栋 设施内",
        "remark": ""
      },
      "type": "Feature"
    },
    {
      "geometry": {
        "coordinates": [
          137.965945,
          36.247733
        ],
        "type": "Point"
      },
      "properties": {
        "bangumi_id": 513345,
        "bangumi_title": "薰香花朵凛然绽放",
        "ep_cut": 5,
        "image_url": "https://w.junreimap.com/images/points/513345/3b05pot_1754206095238.jpg",
        "location": "松本市-大糸线-长野县",
        "point_id": "3b05pot",
        "point_name": "松本深志高等學校 1栋 设施内",
        "remark": ""
      },
      "type": "Feature"
    },
    {
      "geometry": {
        "coordinates": [
          137.966186,
          36.24778
        ],
        "type": "Point"
      },
      "properties": {
        "bangumi_id": 513345,
        "bangumi_title": "薰香花朵凛然绽放",
        "ep_cut": 10,
        "image_url": "https://w.junreimap.com/images/points/513345/4rfzm0v_1757376923077.jpg",
        "location": "松本市-大糸线-长野县",
        "point_id": "4rfzm0v",
        "point_name": "松本深志高等學校 1栋 设施内",
        "remark": ""
      },
      "type": "Feature"
    },
    {
      "geometry": {
        "coordinates": [
          137.96613,
          36.247777
        ],
        "type": "Point"
      },
      "properties": {
        "bangumi_id": 513345,
        "bangumi_title": "薰香花朵凛然绽放",
        "ep_cut": 3,
        "image_url": "https://w.junreimap.com/images/points/513345/2q6hkrc_1752946935784.jpg",
        "location": "松本市-大糸线-长野县",
        "point_id": "2q6hkrc",
        "point_name": "松本深志高等學校 1栋 设施内",
        "remark": "【此处属于学校地产，无关人士严禁入内】TV动画中，桔梗学园与千鸟高中的取景原型，分别位于2栋和1栋。外部建筑结构有所出入，且2栋和1栋在现实中是相连的，内部取景的装修与布置基本一致。"
      },
      "type": "Feature"
    },
    {
      "geometry": {
        "coordinates": [
          137.966027,
          36.247786
        ],
        "type": "Point"
      },
      "properties": {
        "bangumi_id": 513345,
        "bangumi_title": "薰香花朵凛然绽放",
        "ep_cut": 7,
        "image_url": "https://w.junreimap.com/images/points/513345/3vfibsu_1755441208114.jpg",
        "location": "松本市-大糸线-长野县",
        "point_id": "3vfibsu",
        "point_name": "松本深志高等學校 1栋 天台",
        "remark": ""
      },
      "type": "Feature"
    },
    {
      "geometry": {
        "coordinates": [
          137.736324,
          34.712753
        ],
        "type": "Point"
      },
      "properties": {
        "bangumi_id": 513345,
        "bangumi_title": "薰香花朵凛然绽放",
        "ep_cut": 4,
        "image_url": "https://w.junreimap.com/images/points/513345/311c6nh_1753603416130.jpg",
        "location": "八幡駅-滨松市-远州铁道-静冈县",
        "point_id": "311c6nh",
        "point_name": "LOLO Cafe 前",
        "remark": "正视角"
      },
      "type": "Feature"
    },
    {
      "geometry": {
        "coordinates": [
          137.736327,
          34.712708
        ],
        "type": "Point"
      },
      "properties": {
        "bangumi_id": 513345,
        "bangumi_title": "薰香花朵凛然绽放",
        "ep_cut": 4,
        "image_url": "https://w.junreimap.com/images/points/513345/3119npu_1753603294668.jpg",
        "location": "八幡駅-滨松市-远州铁道-静冈县",
        "point_id": "3119npu",
        "point_name": "LOLO Cafe 前",
        "remark": "偏视角"
      },
      "type": "Feature"
    },
    {
      "geometry": {
        "coordinates": [
          137.736224,
          34.712732
        ],
        "type": "Point"
      },
      "properties": {
        "bangumi_id": 513345,
        "bangumi_title": "薰香花朵凛然绽放",
        "ep_cut": 4,
        "image_url": "https://w.junreimap.com/images/points/513345/2odce8g_1753603264311.jpg",
        "location": "八幡駅-滨松市-远州铁道-静冈县",
        "point_id": "2odce8g",
        "point_name": "LOLO Cafe",
        "remark": "送别薰子后，凛太郎和昂谈心的咖啡馆（作品里叫Lealea Cafe）（这取材地也跑太远了……）"
      },
      "type": "Feature"
    },
    {
      "geometry": {
        "coordinates": [
          137.736258,
          34.712742
        ],
        "type": "Point"
      },
      "properties": {
        "bangumi_id": 513345,
        "bangumi_title": "薰香花朵凛然绽放",
        "ep_cut": 4,
        "image_url": "https://w.junreimap.com/images/points/513345/311931w_1753603308564.jpg",
        "location": "八幡駅-滨松市-远州铁道-静冈县",
        "point_id": "311931w",
        "point_name": "LOLO Cafe",
        "remark": "送别薰子后，凛太郎和昂谈心的咖啡馆（作品里叫Lealea Cafe）（这取材地也跑太远了……）"
      },
      "type": "Feature"
    },
    {
      "geometry": {
        "coordinates": [
          137.736252,
          34.712754
        ],
        "type": "Point"
      },
      "properties": {
        "bangumi_id": 513345,
        "bangumi_title": "薰香花朵凛然绽放",
        "ep_cut": 4,
        "image_url": "https://w.junreimap.com/images/points/513345/311965i_1753603271882.jpg",
        "location": "八幡駅-滨松市-远州铁道-静冈县",
        "point_id": "311965i",
        "point_name": "LOLO Cafe",
        "remark": "送别薰子后，凛太郎和昂谈心的咖啡馆（作品里叫Lealea Cafe）（这取材地也跑太远了……）"
      },
      "type": "Feature"
    },
    {
      "geometry": {
        "coordinates": [
          137.736258,
          34.712737
        ],
        "type": "Point"
      },
      "properties": {
        "bangumi_id": 513345,
        "bangumi_title": "薰香花朵凛然绽放",
        "ep_cut": 4,
        "image_url": "https://w.junreimap.com/images/points/513345/3097aiw_1753556156864.jpg",
        "location": "八幡駅-滨松市-远州铁道-静冈县",
        "point_id": "3097aiw",
        "point_name": "LOLO Cafe",
        "remark": "送别薰子后，凛太郎和昂谈心的咖啡馆（作品里叫Lealea Cafe）（这取材地也跑太远了……）"
      },
      "type": "Feature"
    },
    {
      "geometry": {
        "coordinates": [
          137.736252,
          34.712742
        ],
        "type": "Point"
      },
      "properties": {
        "bangumi_id": 513345,
        "bangumi_title": "薰香花朵凛然绽放",
        "ep_cut": 4,
        "image_url": "https://w.junreimap.com/images/points/513345/3118oi5_1753603250275.jpg",
        "location": "八幡駅-滨松市-远州铁道-静冈县",
        "point_id": "3118oi5",
        "point_name": "LOLO Cafe",
        "remark": "送别薰子后，凛太郎和昂谈心的咖啡馆（作品里叫Lealea Cafe）（这取材地也跑太远了……）"
      },
      "type": "Feature"
    },
    {
      "geometry": {
        "coordinates": [
          137.736187,
          34.712752
        ],
        "type": "Point"
      },
      "properties": {
        "bangumi_id": 513345,
        "bangumi_title": "薰香花朵凛然绽放",
        "ep_cut": 4,
        "image_url": "https://w.junreimap.com/images/points/513345/311by68_1753603401795.jpg",
        "location": "八幡駅-滨松市-远州铁道-静冈县",
        "point_id": "311by68",
        "point_name": "LOLO Cafe",
        "remark": "吧台内视角，未经许可的情况下拍不了。"
      },
      "type": "Feature"
    },
    {
      "geometry": {
        "coordinates": [
          137.736252,
          34.712761
        ],
        "type": "Point"
      },
      "properties": {
        "bangumi_id": 513345,
        "bangumi_title": "薰香花朵凛然绽放",
        "ep_cut": 4,
        "image_url": "https://w.junreimap.com/images/points/513345/311c18b_1753603405852.jpg",
        "location": "八幡駅-滨松市-远州铁道-静冈县",
        "point_id": "311c18b",
        "point_name": "LOLO Cafe",
        "remark": "自拍杆视角，请先获得拍摄许可。"
      },
      "type": "Feature"
    },
    {
      "geometry": {
        "coordinates": [
          137.736252,
          34.712764
        ],
        "type": "Point"
      },
      "properties": {
        "bangumi_id": 513345,
        "bangumi_title": "薰香花朵凛然绽放",
        "ep_cut": 4,
        "image_url": "https://w.junreimap.com/images/points/513345/311cfts_1753603424476.jpg",
        "location": "八幡駅-滨松市-远州铁道-静冈县",
        "point_id": "311cfts",
        "point_name": "LOLO Cafe",
        "remark": "咖啡一杯300~500日元（取决于种类和杯型）"
      },
      "type": "Feature"
    },
    {
      "geometry": {
        "coordinates": [
          137.736243,
          34.712768
        ],
        "type": "Point"
      },
      "properties": {
        "bangumi_id": 513345,
        "bangumi_title": "薰香花朵凛然绽放",
        "ep_cut": 4,
        "image_url": "https://w.junreimap.com/images/points/513345/311coq1_1753603437070.jpg",
        "location": "八幡駅-滨松市-远州铁道-静冈县",
        "point_id": "311coq1",
        "point_name": "LOLO Cafe",
        "remark": "送别薰子后，凛太郎和昂谈心的咖啡馆（作品里叫Lealea Cafe）（这取材地也跑太远了……）"
      },
      "type": "Feature"
    },
    {
      "geometry": {
        "coordinates": [
          137.73623,
          34.712732
        ],
        "type": "Point"
      },
      "properties": {
        "bangumi_id": 513345,
        "bangumi_title": "薰香花朵凛然绽放",
        "ep_cut": 4,
        "image_url": "https://w.junreimap.com/images/points/513345/309ewx2_1753556512606.jpg",
        "location": "八幡駅-滨松市-远州铁道-静冈县",
        "point_id": "309ewx2",
        "point_name": "LOLO Cafe",
        "remark": "送别薰子后，凛太郎和昂谈心的咖啡馆（作品里叫Lealea Cafe）（这取材地也跑太远了……）"
      },
      "type": "Feature"
    },
    {
      "geometry": {
        "coordinates": [
          137.736252,
          34.712772
        ],
        "type": "Point"
      },
      "properties": {
        "bangumi_id": 513345,
        "bangumi_title": "薰香花朵凛然绽放",
        "ep_cut": 4,
        "image_url": "https://w.junreimap.com/images/points/513345/309fhh4_1753603282208.jpg",
        "location": "八幡駅-滨松市-远州铁道-静冈县",
        "point_id": "309fhh4",
        "point_name": "LOLO Cafe",
        "remark": "拍摄时，参照咖啡店北面墙壁的咖啡种类表。"
      },
      "type": "Feature"
    },
    {
      "geometry": {
        "coordinates": [
          137.73623,
          34.712766
        ],
        "type": "Point"
      },
      "properties": {
        "bangumi_id": 513345,
        "bangumi_title": "薰香花朵凛然绽放",
        "ep_cut": 4,
        "image_url": "https://w.junreimap.com/images/points/513345/3119s7m_1753603301020.jpg",
        "location": "八幡駅-滨松市-远州铁道-静冈县",
        "point_id": "3119s7m",
        "point_name": "LOLO Cafe",
        "remark": "自拍杆视角，请先获得拍摄许可。"
      },
      "type": "Feature"
    },
    {
      "geometry": {
        "coordinates": [
          137.73624,
          34.712751
        ],
        "type": "Point"
      },
      "properties": {
        "bangumi_id": 513345,
        "bangumi_title": "薰香花朵凛然绽放",
        "ep_cut": 4,
        "image_url": "https://w.junreimap.com/images/points/513345/311b4sf_1753603363668.jpg",
        "location": "八幡駅-滨松市-远州铁道-静冈县",
        "point_id": "311b4sf",
        "point_name": "LOLO Cafe",
        "remark": "送别薰子后，凛太郎和昂谈心的咖啡馆（作品里叫Lealea Cafe）（这取材地也跑太远了……）"
      },
      "type": "Feature"
    },
    {
      "geometry": {
        "coordinates": [
          137.736235,
          34.712751
        ],
        "type": "Point"
      },
      "properties": {
        "bangumi_id": 513345,
        "bangumi_title": "薰香花朵凛然绽放",
        "ep_cut": 4,
        "image_url": "https://w.junreimap.com/images/points/513345/311b8jh_1753603369129.jpg",
        "location": "八幡駅-滨松市-远州铁道-静冈县",
        "point_id": "311b8jh",
        "point_name": "LOLO Cafe",
        "remark": "送别薰子后，凛太郎和昂谈心的咖啡馆（作品里叫Lealea Cafe）（这取材地也跑太远了……）"
      },
      "type": "Feature"
    },
    {
      "geometry": {
        "coordinates": [
          137.736239,
          34.712712
        ],
        "type": "Point"
      },
      "properties": {
        "bangumi_id": 513345,
        "bangumi_title": "薰香花朵凛然绽放",
        "ep_cut": 4,
        "image_url": "https://w.junreimap.com/images/points/513345/311bhxd_1753603382608.jpg",
        "location": "八幡駅-滨松市-远州铁道-静冈县",
        "point_id": "311bhxd",
        "point_name": "LOLO Cafe",
        "remark": "送别薰子后，凛太郎和昂谈心的咖啡馆（作品里叫Lealea Cafe）（这取材地也跑太远了……）"
      },
      "type": "Feature"
    },
    {
      "geometry": {
        "coordinates": [
          137.736247,
          34.712751
        ],
        "type": "Point"
      },
      "properties": {
        "bangumi_id": 513345,
        "bangumi_title": "薰香花朵凛然绽放",
        "ep_cut": 4,
        "image_url": "https://w.junreimap.com/images/points/513345/311a79w_1753603329792.jpg",
        "location": "八幡駅-滨松市-远州铁道-静冈县",
        "point_id": "311a79w",
        "point_name": "LOLO Cafe",
        "remark": "送别薰子后，凛太郎和昂谈心的咖啡馆（作品里叫Lealea Cafe）（这取材地也跑太远了……）"
      },
      "type": "Feature"
    },
    {
      "geometry": {
        "coordinates": [
          139.710929,
          35.724587
        ],
        "type": "Point"
      },
      "properties": {
        "bangumi_id": 513345,
        "bangumi_title": "薰香花朵凛然绽放",
        "ep_cut": "联动",
        "image_url": "https://w.junreimap.com/images/points/513345/2ofxieu_1752842133054.jpg",
        "location": "线下联动相关（请注意信息时效性）",
        "point_id": "2ofxieu",
        "point_name": "eeo Cafe 池袋店",
        "remark": "【此为联动店铺，请注意信息时效性】eeo Cafe联动咖啡厅『薫る花は凛と咲く』コラボカフェが，联动期间：2025年8月12日～24日。详见联动页：https://eeo.today/graffartcafe/?utm_source=twitter&utm_medium=social&utm_campaign=20250718_guide"
      },
      "type": "Feature"
    },
    {
      "geometry": {
        "coordinates": [
          139.715641,
          35.730778
        ],
        "type": "Point"
      },
      "properties": {
        "bangumi_id": 513345,
        "bangumi_title": "薰香花朵凛然绽放",
        "ep_cut": "联动",
        "image_url": "https://w.junreimap.com/images/points/513345/2ogb8cb_1752842526107.jpg",
        "location": "线下联动相关（请注意信息时效性）",
        "point_id": "2ogb8cb",
        "point_name": "カラオケの鉄人 池袋東口店",
        "remark": "【此为联动店铺，请注意信息时效性】卡拉OK联动『薫る花は凛と咲く』×カラオケの鉄人，联动时间2025/08/14~09/28，限池袋東口店 / 渋谷道玄坂店 / 大阪なんば店 / 名古屋名駅店。详见：https://www.karatetsu.com/animegame/kaoruhana-anime.shtml"
      },
      "type": "Feature"
    },
    {
      "geometry": {
        "coordinates": [
          139.715506,
          35.731155
        ],
        "type": "Point"
      },
      "properties": {
        "bangumi_id": 513345,
        "bangumi_title": "薰香花朵凛然绽放",
        "ep_cut": "联动",
        "image_url": "https://w.junreimap.com/images/points/513345/2yplwng_1753462867609.jpg",
        "location": "线下联动相关（请注意信息时效性）",
        "point_id": "2yplwng",
        "point_name": "Animate 池袋本店",
        "remark": "『青春ブタ野郎はサンタクロースの夢を見ない』×『その着せ替え人形は恋をする』×『薫る花は凛と咲く』 アニメイト連動キャンペーン。详见：https://kaoruhana-anime.com/news/?article_id=68173"
      },
      "type": "Feature"
    },
    {
      "geometry": {
        "coordinates": [
          139.752879,
          35.671241
        ],
        "type": "Point"
      },
      "properties": {
        "bangumi_id": 513345,
        "bangumi_title": "薰香花朵凛然绽放",
        "ep_cut": "联动",
        "image_url": "",
        "location": "线下联动相关（请注意信息时效性）",
        "point_id": "2ypqvyh",
        "point_name": "イイノホール",
        "remark": "TVアニメ『薫る花は凛と咲く』Blu-ray&DVDの発売を記念し、スペシャルイベントの開催が決定しました！日期：2025年11月1日(土)"
      },
      "type": "Feature"
    }
  ],
  "type": "FeatureCollection"
}