{
  "features": [
    {
      "geometry": {
        "coordinates": [
          139.088689,
          35.981042
        ],
        "type": "Point"
      },
      "properties": {
        "bangumi_id": 543360,
        "bangumi_title": "上伊那牡丹，酒醉身姿似百合花般",
        "ep_cut": "",
        "image_url": "https://w.junreimap.com/images/points/543360/8bulvz_1747514032766.jpg",
        "location": "羊山公園 芝桜の丘",
        "point_id": "8bulvz",
        "point_name": "羊山公園 芝桜の丘",
        "remark": "漫画来过，可能只会出现在ed里"
      },
      "type": "Feature"
    },
    {
      "geometry": {
        "coordinates": [
          137.893722,
          35.741578
        ],
        "type": "Point"
      },
      "properties": {
        "bangumi_id": 543360,
        "bangumi_title": "上伊那牡丹，酒醉身姿似百合花般",
        "ep_cut": "",
        "image_url": "https://w.junreimap.com/images/points/543360/ea3ly5_1747873854111.jpg",
        "location": "",
        "point_id": "ea3ly5",
        "point_name": "駒ヶ池ハートのベンチ",
        "remark": ""
      },
      "type": "Feature"
    },
    {
      "geometry": {
        "coordinates": [
          139.720667,
          35.720741
        ],
        "type": "Point"
      },
      "properties": {
        "bangumi_id": 543360,
        "bangumi_title": "上伊那牡丹，酒醉身姿似百合花般",
        "ep_cut": "OP1",
        "image_url": "https://w.junreimap.com/images/user/0/bangumi/543360/points/deylp9j-1776213179975.jpg",
        "location": "雑司が谷旧宣教師館",
        "point_id": "deylp9j",
        "point_name": "雑司が谷旧宣教師館",
        "remark": "后门，窗户可以看到二楼楼梯"
      },
      "type": "Feature"
    },
    {
      "geometry": {
        "coordinates": [
          139.720564,
          35.720689
        ],
        "type": "Point"
      },
      "properties": {
        "bangumi_id": 543360,
        "bangumi_title": "上伊那牡丹，酒醉身姿似百合花般",
        "ep_cut": "OP1",
        "image_url": "https://w.junreimap.com/images/points/543360/dh811l2_1776350015512.jpg",
        "location": "雑司が谷旧宣教師館",
        "point_id": "dh811l2",
        "point_name": "雑司が谷旧宣教師館",
        "remark": ""
      },
      "type": "Feature"
    },
    {
      "geometry": {
        "coordinates": [
          139.720658,
          35.720768
        ],
        "type": "Point"
      },
      "properties": {
        "bangumi_id": 543360,
        "bangumi_title": "上伊那牡丹，酒醉身姿似百合花般",
        "ep_cut": "OP1",
        "image_url": "https://w.junreimap.com/images/points/543360/dh8997w_1776350334135.jpg",
        "location": "雑司が谷旧宣教師館",
        "point_id": "dh8997w",
        "point_name": "雑司が谷旧宣教師館",
        "remark": ""
      },
      "type": "Feature"
    },
    {
      "geometry": {
        "coordinates": [
          139.720647,
          35.720789
        ],
        "type": "Point"
      },
      "properties": {
        "bangumi_id": 543360,
        "bangumi_title": "上伊那牡丹，酒醉身姿似百合花般",
        "ep_cut": "OP1",
        "image_url": "https://w.junreimap.com/images/user/0/bangumi/543360/points/deyknht-1776213154258.jpg",
        "location": "雑司が谷旧宣教師館",
        "point_id": "deyknht",
        "point_name": "雑司が谷旧宣教師館",
        "remark": "这个窗户应该在后门屋檐的正上方"
      },
      "type": "Feature"
    },
    {
      "geometry": {
        "coordinates": [
          139.720649,
          35.720785
        ],
        "type": "Point"
      },
      "properties": {
        "bangumi_id": 543360,
        "bangumi_title": "上伊那牡丹，酒醉身姿似百合花般",
        "ep_cut": "OP1",
        "image_url": "https://w.junreimap.com/images/points/543360/dh8empe_1776350576121.jpg",
        "location": "雑司が谷旧宣教師館",
        "point_id": "dh8empe",
        "point_name": "雑司が谷旧宣教師館",
        "remark": ""
      },
      "type": "Feature"
    },
    {
      "geometry": {
        "coordinates": [
          138.184947,
          36.092716
        ],
        "type": "Point"
      },
      "properties": {
        "bangumi_id": 543360,
        "bangumi_title": "上伊那牡丹，酒醉身姿似百合花般",
        "ep_cut": "OP1",
        "image_url": "https://w.junreimap.com/images/user/0/bangumi/543360/points/eftnzw6-1778442204056.jpg",
        "location": "霧ヶ峰",
        "point_id": "eftnzw6",
        "point_name": "霧ヶ峰 富士見台 展望台",
        "remark": "在停车场，平常车很多"
      },
      "type": "Feature"
    },
    {
      "geometry": {
        "coordinates": [
          139.72062,
          35.720727
        ],
        "type": "Point"
      },
      "properties": {
        "bangumi_id": 543360,
        "bangumi_title": "上伊那牡丹，酒醉身姿似百合花般",
        "ep_cut": "OP1",
        "image_url": "https://w.junreimap.com/images/points/543360/dh8hfd0_1776350721418.jpg",
        "location": "雑司が谷旧宣教師館",
        "point_id": "dh8hfd0",
        "point_name": "雑司が谷旧宣教師館",
        "remark": ""
      },
      "type": "Feature"
    },
    {
      "geometry": {
        "coordinates": [
          139.088442,
          35.981242
        ],
        "type": "Point"
      },
      "properties": {
        "bangumi_id": 543360,
        "bangumi_title": "上伊那牡丹，酒醉身姿似百合花般",
        "ep_cut": 1,
        "image_url": "https://w.junreimap.com/images/user/0/bangumi/543360/points/fapcxnk-1780309400133.jpg",
        "location": "羊山公園 芝桜の丘",
        "point_id": "fapcxnk",
        "point_name": "羊山公園 芝桜の丘",
        "remark": ""
      },
      "type": "Feature"
    },
    {
      "geometry": {
        "coordinates": [
          139.089247,
          35.981531
        ],
        "type": "Point"
      },
      "properties": {
        "bangumi_id": 543360,
        "bangumi_title": "上伊那牡丹，酒醉身姿似百合花般",
        "ep_cut": 1,
        "image_url": "https://w.junreimap.com/images/user/0/bangumi/543360/points/fap751r-1780309235148.jpg",
        "location": "羊山公園 芝桜の丘",
        "point_id": "fap751r",
        "point_name": "羊山公園 芝桜の丘",
        "remark": ""
      },
      "type": "Feature"
    },
    {
      "geometry": {
        "coordinates": [
          139.088734,
          35.980493
        ],
        "type": "Point"
      },
      "properties": {
        "bangumi_id": 543360,
        "bangumi_title": "上伊那牡丹，酒醉身姿似百合花般",
        "ep_cut": 1,
        "image_url": "https://w.junreimap.com/images/user/0/bangumi/543360/points/ddv8h2a-1776147138491.jpg",
        "location": "羊山公園 芝桜の丘",
        "point_id": "ddv8h2a",
        "point_name": "羊山公園 芝桜の丘",
        "remark": ""
      },
      "type": "Feature"
    },
    {
      "geometry": {
        "coordinates": [
          139.088813,
          35.981174
        ],
        "type": "Point"
      },
      "properties": {
        "bangumi_id": 543360,
        "bangumi_title": "上伊那牡丹，酒醉身姿似百合花般",
        "ep_cut": 1,
        "image_url": "https://w.junreimap.com/images/user/2157/bangumi/543360/points/d97nnmd-1775865647874.jpg",
        "location": "羊山公園 芝桜の丘",
        "point_id": "d97nnmd",
        "point_name": "羊山公園 芝桜の丘",
        "remark": ""
      },
      "type": "Feature"
    },
    {
      "geometry": {
        "coordinates": [
          139.088646,
          35.981099
        ],
        "type": "Point"
      },
      "properties": {
        "bangumi_id": 543360,
        "bangumi_title": "上伊那牡丹，酒醉身姿似百合花般",
        "ep_cut": 1,
        "image_url": "https://w.junreimap.com/images/points/543360/byu2xre_1773061335671.jpg",
        "location": "羊山公園 芝桜の丘",
        "point_id": "byu2xre",
        "point_name": "羊山公園 芝桜の丘",
        "remark": "「上伊那牡丹、行ってきます」"
      },
      "type": "Feature"
    },
    {
      "geometry": {
        "coordinates": [
          139.08904,
          35.980916
        ],
        "type": "Point"
      },
      "properties": {
        "bangumi_id": 543360,
        "bangumi_title": "上伊那牡丹，酒醉身姿似百合花般",
        "ep_cut": 1,
        "image_url": "https://w.junreimap.com/images/user/0/bangumi/543360/points/ddtdutv-1776144410114.jpg",
        "location": "羊山公園 芝桜の丘",
        "point_id": "ddtdutv",
        "point_name": "羊山公園 芝桜の丘",
        "remark": ""
      },
      "type": "Feature"
    },
    {
      "geometry": {
        "coordinates": [
          139.087632,
          35.981383
        ],
        "type": "Point"
      },
      "properties": {
        "bangumi_id": 543360,
        "bangumi_title": "上伊那牡丹，酒醉身姿似百合花般",
        "ep_cut": 1,
        "image_url": "https://w.junreimap.com/images/user/0/bangumi/543360/points/ddug18g-1776145794708.jpg",
        "location": "羊山公園 芝桜の丘",
        "point_id": "ddug18g",
        "point_name": "羊山公園 芝桜の丘",
        "remark": "是2026年芝桜まつり（2026年芝樱祭）期间休息区的入口，请注意时效性（26.7.20结束后是没有的）"
      },
      "type": "Feature"
    },
    {
      "geometry": {
        "coordinates": [
          139.087538,
          35.981586
        ],
        "type": "Point"
      },
      "properties": {
        "bangumi_id": 543360,
        "bangumi_title": "上伊那牡丹，酒醉身姿似百合花般",
        "ep_cut": 1,
        "image_url": "https://w.junreimap.com/images/user/0/bangumi/543360/points/ddua1q9-1776145577731.jpg",
        "location": "羊山公園 芝桜の丘",
        "point_id": "ddua1q9",
        "point_name": "羊山公園 芝桜の丘",
        "remark": "是2026年芝桜まつり（2026年芝樱祭）期间休息区的一个摊位，请注意时效性（26.7.20结束后是没有的）"
      },
      "type": "Feature"
    },
    {
      "geometry": {
        "coordinates": [
          139.087705,
          35.981729
        ],
        "type": "Point"
      },
      "properties": {
        "bangumi_id": 543360,
        "bangumi_title": "上伊那牡丹，酒醉身姿似百合花般",
        "ep_cut": 1,
        "image_url": "https://w.junreimap.com/images/user/0/bangumi/543360/points/ddtzum5-1776145058820.jpg",
        "location": "羊山公園 芝桜の丘",
        "point_id": "ddtzum5",
        "point_name": "羊山公園 芝桜の丘",
        "remark": "是2026年芝桜まつり（2026年芝樱祭）期间休息区的一个摊位，请注意时效性"
      },
      "type": "Feature"
    },
    {
      "geometry": {
        "coordinates": [
          139.087929,
          35.981916
        ],
        "type": "Point"
      },
      "properties": {
        "bangumi_id": 543360,
        "bangumi_title": "上伊那牡丹，酒醉身姿似百合花般",
        "ep_cut": 1,
        "image_url": "https://w.junreimap.com/images/user/2157/bangumi/543360/points/d97uclk-1775865913115.jpg",
        "location": "羊山公園 芝桜の丘",
        "point_id": "d97uclk",
        "point_name": "羊山公園 芝桜の丘",
        "remark": ""
      },
      "type": "Feature"
    },
    {
      "geometry": {
        "coordinates": [
          139.087889,
          35.981784
        ],
        "type": "Point"
      },
      "properties": {
        "bangumi_id": 543360,
        "bangumi_title": "上伊那牡丹，酒醉身姿似百合花般",
        "ep_cut": 1,
        "image_url": "https://w.junreimap.com/images/user/0/bangumi/543360/points/dduoq44-1776146228452.jpg",
        "location": "羊山公園 芝桜の丘",
        "point_id": "dduoq44",
        "point_name": "羊山公園 芝桜の丘",
        "remark": "详细地址为秩父麦酒店铺的左侧后方，被店铺有所遮挡。追记：记分板下方已经追加了长椅（26.7.20长椅在球场内）"
      },
      "type": "Feature"
    },
    {
      "geometry": {
        "coordinates": [
          139.088021,
          35.98196
        ],
        "type": "Point"
      },
      "properties": {
        "bangumi_id": 543360,
        "bangumi_title": "上伊那牡丹，酒醉身姿似百合花般",
        "ep_cut": 1,
        "image_url": "https://w.junreimap.com/images/user/2157/bangumi/543360/points/d97w2xd-1775866003983.jpg",
        "location": "羊山公園 芝桜の丘",
        "point_id": "d97w2xd",
        "point_name": "羊山公園 芝桜の丘",
        "remark": "原坐标位置是个牧场的椅子 并非动画中出现的场景"
      },
      "type": "Feature"
    },
    {
      "geometry": {
        "coordinates": [
          139.720499,
          35.720751
        ],
        "type": "Point"
      },
      "properties": {
        "bangumi_id": 543360,
        "bangumi_title": "上伊那牡丹，酒醉身姿似百合花般",
        "ep_cut": 1,
        "image_url": "https://w.junreimap.com/images/user/2157/bangumi/543360/points/deyoz8q-1776213330592.jpg",
        "location": "雑司が谷旧宣教師館",
        "point_id": "deyoz8q",
        "point_name": "雑司が谷旧宣教師館",
        "remark": ""
      },
      "type": "Feature"
    },
    {
      "geometry": {
        "coordinates": [
          139.720446,
          35.720774
        ],
        "type": "Point"
      },
      "properties": {
        "bangumi_id": 543360,
        "bangumi_title": "上伊那牡丹，酒醉身姿似百合花般",
        "ep_cut": 1,
        "image_url": "https://w.junreimap.com/images/user/1020/bangumi/543360/points/dh7q8xn-1776349444487.jpg",
        "location": "雑司が谷旧宣教師館",
        "point_id": "dh7q8xn",
        "point_name": "雑司が谷旧宣教師館",
        "remark": ""
      },
      "type": "Feature"
    },
    {
      "geometry": {
        "coordinates": [
          139.720626,
          35.720743
        ],
        "type": "Point"
      },
      "properties": {
        "bangumi_id": 543360,
        "bangumi_title": "上伊那牡丹，酒醉身姿似百合花般",
        "ep_cut": 1,
        "image_url": "https://w.junreimap.com/images/points/543360/dh8c5oc_1776350484814.jpg",
        "location": "雑司が谷旧宣教師館",
        "point_id": "dh8c5oc",
        "point_name": "雑司が谷旧宣教師館",
        "remark": ""
      },
      "type": "Feature"
    },
    {
      "geometry": {
        "coordinates": [
          139.073657,
          35.98605
        ],
        "type": "Point"
      },
      "properties": {
        "bangumi_id": 543360,
        "bangumi_title": "上伊那牡丹，酒醉身姿似百合花般",
        "ep_cut": 1,
        "image_url": "https://w.junreimap.com/images/points/543360/dfgbj73_1776242929167.jpg",
        "location": "押堀川水辺広場",
        "point_id": "dfgbj73",
        "point_name": "押堀川水辺広場",
        "remark": ""
      },
      "type": "Feature"
    },
    {
      "geometry": {
        "coordinates": [
          139.074669,
          35.985359
        ],
        "type": "Point"
      },
      "properties": {
        "bangumi_id": 543360,
        "bangumi_title": "上伊那牡丹，酒醉身姿似百合花般",
        "ep_cut": 1,
        "image_url": "https://w.junreimap.com/images/points/543360/dffpv47_1776242498351.jpg",
        "location": "押堀川水辺広場",
        "point_id": "dffpv47",
        "point_name": "押堀川水辺広場",
        "remark": ""
      },
      "type": "Feature"
    },
    {
      "geometry": {
        "coordinates": [
          139.074384,
          35.985787
        ],
        "type": "Point"
      },
      "properties": {
        "bangumi_id": 543360,
        "bangumi_title": "上伊那牡丹，酒醉身姿似百合花般",
        "ep_cut": 1,
        "image_url": "https://w.junreimap.com/images/user/2197/bangumi/543360/points/dfg5kgn-1778491322304.jpg",
        "location": "押堀川水辺広場",
        "point_id": "dfg5kgn",
        "point_name": "押堀川水辺広場",
        "remark": ""
      },
      "type": "Feature"
    },
    {
      "geometry": {
        "coordinates": [
          139.072649,
          35.987155
        ],
        "type": "Point"
      },
      "properties": {
        "bangumi_id": 543360,
        "bangumi_title": "上伊那牡丹，酒醉身姿似百合花般",
        "ep_cut": 1,
        "image_url": "https://w.junreimap.com/images/user/2197/bangumi/543360/points/dfg8tnq-1778491999758.jpg",
        "location": "押堀川水辺広場",
        "point_id": "dfg8tnq",
        "point_name": "上町ホタル会場",
        "remark": ""
      },
      "type": "Feature"
    },
    {
      "geometry": {
        "coordinates": [
          139.073248,
          35.986444
        ],
        "type": "Point"
      },
      "properties": {
        "bangumi_id": 543360,
        "bangumi_title": "上伊那牡丹，酒醉身姿似百合花般",
        "ep_cut": 1,
        "image_url": "https://w.junreimap.com/images/user/0/bangumi/543360/points/hk4ui74-1785233142584.jpg",
        "location": "押堀川水辺広場",
        "point_id": "hk4ui74",
        "point_name": "押堀川水辺広場",
        "remark": ""
      },
      "type": "Feature"
    },
    {
      "geometry": {
        "coordinates": [
          139.072453,
          35.987178
        ],
        "type": "Point"
      },
      "properties": {
        "bangumi_id": 543360,
        "bangumi_title": "上伊那牡丹，酒醉身姿似百合花般",
        "ep_cut": 1,
        "image_url": "https://w.junreimap.com/images/user/2197/bangumi/543360/points/egn7nc4-1778492085035.jpg",
        "location": "押堀川水辺広場",
        "point_id": "egn7nc4",
        "point_name": "上町ホタル会場",
        "remark": ""
      },
      "type": "Feature"
    },
    {
      "geometry": {
        "coordinates": [
          139.07143,
          35.987742
        ],
        "type": "Point"
      },
      "properties": {
        "bangumi_id": 543360,
        "bangumi_title": "上伊那牡丹，酒醉身姿似百合花般",
        "ep_cut": 1,
        "image_url": "https://w.junreimap.com/images/points/543360/dvj8rd8_1777215310759.jpg",
        "location": "押堀川水辺広場",
        "point_id": "dvj8rd8",
        "point_name": "知​々​夫​瀧坂​水神社",
        "remark": "过桥后顺着土路往里走就能到达。路况非常抽象，请做好防虫防滑工作。"
      },
      "type": "Feature"
    },
    {
      "geometry": {
        "coordinates": [
          139.720609,
          35.720785
        ],
        "type": "Point"
      },
      "properties": {
        "bangumi_id": 543360,
        "bangumi_title": "上伊那牡丹，酒醉身姿似百合花般",
        "ep_cut": 1,
        "image_url": "https://w.junreimap.com/images/points/543360/dh8mzd3_1776350969578.jpg",
        "location": "雑司が谷旧宣教師館",
        "point_id": "dh8mzd3",
        "point_name": 24,
        "remark": ""
      },
      "type": "Feature"
    },
    {
      "geometry": {
        "coordinates": [
          139.720592,
          35.720771
        ],
        "type": "Point"
      },
      "properties": {
        "bangumi_id": 543360,
        "bangumi_title": "上伊那牡丹，酒醉身姿似百合花般",
        "ep_cut": 1,
        "image_url": "https://w.junreimap.com/images/points/543360/dh8obdd_1776351036450.jpg",
        "location": "雑司が谷旧宣教師館",
        "point_id": "dh8obdd",
        "point_name": 25,
        "remark": ""
      },
      "type": "Feature"
    },
    {
      "geometry": {
        "coordinates": [
          139.084156,
          35.996586
        ],
        "type": "Point"
      },
      "properties": {
        "bangumi_id": 543360,
        "bangumi_title": "上伊那牡丹，酒醉身姿似百合花般",
        "ep_cut": 2,
        "image_url": "https://w.junreimap.com/images/user/2157/bangumi/543360/points/djj85fu-1776489730113.jpg",
        "location": "秩父神社前",
        "point_id": "djj85fu",
        "point_name": "秩父神社前",
        "remark": ""
      },
      "type": "Feature"
    },
    {
      "geometry": {
        "coordinates": [
          139.083974,
          35.996547
        ],
        "type": "Point"
      },
      "properties": {
        "bangumi_id": 543360,
        "bangumi_title": "上伊那牡丹，酒醉身姿似百合花般",
        "ep_cut": 2,
        "image_url": "https://w.junreimap.com/images/user/1099/bangumi/543360/points/djkv7w1-1776492431553.jpg",
        "location": "秩父神社前",
        "point_id": "djkv7w1",
        "point_name": "まちなか観光案内所",
        "remark": ""
      },
      "type": "Feature"
    },
    {
      "geometry": {
        "coordinates": [
          139.084058,
          35.99621
        ],
        "type": "Point"
      },
      "properties": {
        "bangumi_id": 543360,
        "bangumi_title": "上伊那牡丹，酒醉身姿似百合花般",
        "ep_cut": 2,
        "image_url": "https://w.junreimap.com/images/user/2157/bangumi/543360/points/djjlk5j-1776490324870.jpg",
        "location": "秩父神社前",
        "point_id": "djjlk5j",
        "point_name": " 秩父あさひや ",
        "remark": ""
      },
      "type": "Feature"
    },
    {
      "geometry": {
        "coordinates": [
          139.084124,
          35.996244
        ],
        "type": "Point"
      },
      "properties": {
        "bangumi_id": 543360,
        "bangumi_title": "上伊那牡丹，酒醉身姿似百合花般",
        "ep_cut": 2,
        "image_url": "https://w.junreimap.com/images/points/543360/dm3c43a_1776644471883.jpg",
        "location": "秩父神社前",
        "point_id": "dm3c43a",
        "point_name": 43,
        "remark": "一进店门左侧有“巨峰ワイン”，为EP1中舍长邀请上伊那在房间和的酒。店内最右侧冰柜内有紫色的“秩父锦”，为郡上はなで（紫毛学姐）在EP1中邀请上伊那喝的收藏。店内并未看到“六代目百合”，但没有询问店员。据网上情报“巨峰ワイン”最近经常卖完。"
      },
      "type": "Feature"
    },
    {
      "geometry": {
        "coordinates": [
          139.084159,
          35.996242
        ],
        "type": "Point"
      },
      "properties": {
        "bangumi_id": 543360,
        "bangumi_title": "上伊那牡丹，酒醉身姿似百合花般",
        "ep_cut": 2,
        "image_url": "https://w.junreimap.com/images/user/2157/bangumi/543360/points/djjrw93-1776490611896.jpg",
        "location": "秩父神社前",
        "point_id": "djjrw93",
        "point_name": "秩父あさひや 店内",
        "remark": ""
      },
      "type": "Feature"
    },
    {
      "geometry": {
        "coordinates": [
          139.112526,
          36.095285
        ],
        "type": "Point"
      },
      "properties": {
        "bangumi_id": 543360,
        "bangumi_title": "上伊那牡丹，酒醉身姿似百合花般",
        "ep_cut": 2,
        "image_url": "https://w.junreimap.com/images/user/2157/bangumi/282923/points/djk26n5-1776491118380.jpg",
        "location": "長瀞駅",
        "point_id": "djk26n5",
        "point_name": "長瀞駅 駅内",
        "remark": "拍摄视角为2号站台（熊谷/羽生方面）看向站房，从秩父方向过来到达为1号站台（御花畑方面）需要过站内切踏，请注意安全。"
      },
      "type": "Feature"
    },
    {
      "geometry": {
        "coordinates": [
          139.112285,
          36.095366
        ],
        "type": "Point"
      },
      "properties": {
        "bangumi_id": 543360,
        "bangumi_title": "上伊那牡丹，酒醉身姿似百合花般",
        "ep_cut": 2,
        "image_url": "https://w.junreimap.com/images/user/0/bangumi/543360/points/dvjk08s-1777215855915.jpg",
        "location": "長瀞駅",
        "point_id": "dvjk08s",
        "point_name": "長瀞駅 駅内",
        "remark": "站内1号站台站房外墙展示的秩父铁道的蒸汽火車-Paleo Express。该列车2026年3月20日-12月6日周末及公共假期开行，部分时间周五开行，详细开行日期请务必至西武秩父官网查看。该列车11:42和15:13将经过长瀞站会有蒸汽笛声。"
      },
      "type": "Feature"
    },
    {
      "geometry": {
        "coordinates": [
          139.112306,
          36.095324
        ],
        "type": "Point"
      },
      "properties": {
        "bangumi_id": 543360,
        "bangumi_title": "上伊那牡丹，酒醉身姿似百合花般",
        "ep_cut": 2,
        "image_url": "https://w.junreimap.com/images/user/0/bangumi/543360/points/dvjfks8-1777215634556.jpg",
        "location": "長瀞駅",
        "point_id": "dvjfks8",
        "point_name": "長瀞駅 駅内",
        "remark": "站内1号站台（熊谷/羽生方面）看向出站口的位置。"
      },
      "type": "Feature"
    },
    {
      "geometry": {
        "coordinates": [
          139.11248,
          36.095181
        ],
        "type": "Point"
      },
      "properties": {
        "bangumi_id": 543360,
        "bangumi_title": "上伊那牡丹，酒醉身姿似百合花般",
        "ep_cut": 2,
        "image_url": "https://w.junreimap.com/images/user/0/bangumi/543360/points/dvjw9g6-1777216458809.jpg",
        "location": "長瀞駅",
        "point_id": "dvjw9g6",
        "point_name": "長瀞駅 駅内",
        "remark": "拍摄视角为2号站台至站内切踏处。\nUPD：已补充画面集时"
      },
      "type": "Feature"
    },
    {
      "geometry": {
        "coordinates": [
          139.112209,
          36.095165
        ],
        "type": "Point"
      },
      "properties": {
        "bangumi_id": 543360,
        "bangumi_title": "上伊那牡丹，酒醉身姿似百合花般",
        "ep_cut": 2,
        "image_url": "https://w.junreimap.com/images/user/0/bangumi/543360/points/dzr1n69-1777470315387.jpg",
        "location": "長瀞駅",
        "point_id": "dzr1n69",
        "point_name": "長瀞駅 出入口",
        "remark": "長瀞站出入口的标牌"
      },
      "type": "Feature"
    },
    {
      "geometry": {
        "coordinates": [
          139.112198,
          36.095104
        ],
        "type": "Point"
      },
      "properties": {
        "bangumi_id": 543360,
        "bangumi_title": "上伊那牡丹，酒醉身姿似百合花般",
        "ep_cut": 2,
        "image_url": "https://w.junreimap.com/images/user/0/bangumi/543360/points/dzr3t00-1777470383744.jpg",
        "location": "長瀞駅",
        "point_id": "dzr3t00",
        "point_name": "長瀞駅 出入口",
        "remark": ""
      },
      "type": "Feature"
    },
    {
      "geometry": {
        "coordinates": [
          139.112491,
          36.094842
        ],
        "type": "Point"
      },
      "properties": {
        "bangumi_id": 543360,
        "bangumi_title": "上伊那牡丹，酒醉身姿似百合花般",
        "ep_cut": 2,
        "image_url": "https://w.junreimap.com/images/user/0/bangumi/543360/points/dzr64ju-1777470486757.jpg",
        "location": "長瀞駅",
        "point_id": "dzr64ju",
        "point_name": "味の老舗 若松",
        "remark": ""
      },
      "type": "Feature"
    },
    {
      "geometry": {
        "coordinates": [
          139.114443,
          36.094854
        ],
        "type": "Point"
      },
      "properties": {
        "bangumi_id": 543360,
        "bangumi_title": "上伊那牡丹，酒醉身姿似百合花般",
        "ep_cut": 2,
        "image_url": "https://w.junreimap.com/images/user/0/bangumi/543360/points/dlj7zca-1776610690626.jpg",
        "location": "長瀞岩畳",
        "point_id": "dlj7zca",
        "point_name": "万寿庵",
        "remark": "EP2中三人到达長瀞岩畳前伊吹忍住不买的店，值得一提的是这里可以买到本集八重花买的三瓶秩父麦酒，分别是伊吹没喝的啤酒Wheat Saison雪熊（标签正面背景为蓝色，正上方有北极熊图案）、牡丹喝的发泡酒Red Ale紅熊（标签正面背景为白色，图案为红色的熊从树干后探身，下方有五颗橡子）以及八重花喝的啤酒Pale ale 華熊（标签正面背景为绿色，正上方有北极熊图案）。可以进行参考，时效性2026.04.19。\n260505追記:经确认レシート与网站，该店名为万寿庵，在とよしま商店的隔壁"
      },
      "type": "Feature"
    },
    {
      "geometry": {
        "coordinates": [
          139.114068,
          36.09477
        ],
        "type": "Point"
      },
      "properties": {
        "bangumi_id": 543360,
        "bangumi_title": "上伊那牡丹，酒醉身姿似百合花般",
        "ep_cut": 2,
        "image_url": "https://w.junreimap.com/images/user/0/bangumi/543360/points/dzpmxy0-1777470138548.jpg",
        "location": "長瀞岩畳",
        "point_id": "dzpmxy0",
        "point_name": "豆の大沢屋",
        "remark": ""
      },
      "type": "Feature"
    },
    {
      "geometry": {
        "coordinates": [
          139.115028,
          36.0949
        ],
        "type": "Point"
      },
      "properties": {
        "bangumi_id": 543360,
        "bangumi_title": "上伊那牡丹，酒醉身姿似百合花般",
        "ep_cut": 2,
        "image_url": "https://w.junreimap.com/images/user/0/bangumi/543360/points/dlixnru-1776610413139.jpg",
        "location": "長瀞岩畳",
        "point_id": "dlixnru",
        "point_name": "長瀞岩畳",
        "remark": "自楼梯顶部向下看就是截图所示景色"
      },
      "type": "Feature"
    },
    {
      "geometry": {
        "coordinates": [
          139.115063,
          36.094931
        ],
        "type": "Point"
      },
      "properties": {
        "bangumi_id": 543360,
        "bangumi_title": "上伊那牡丹，酒醉身姿似百合花般",
        "ep_cut": 2,
        "image_url": "https://w.junreimap.com/images/user/0/bangumi/543360/points/dzqv5cd-1777469996359.jpg",
        "location": "長瀞岩畳",
        "point_id": "dzqv5cd",
        "point_name": "長瀞岩畳",
        "remark": ""
      },
      "type": "Feature"
    },
    {
      "geometry": {
        "coordinates": [
          139.115462,
          36.094699
        ],
        "type": "Point"
      },
      "properties": {
        "bangumi_id": 543360,
        "bangumi_title": "上伊那牡丹，酒醉身姿似百合花般",
        "ep_cut": 2,
        "image_url": "https://w.junreimap.com/images/user/0/bangumi/543360/points/dlkcn6e-1776612555505.jpg",
        "location": "長瀞岩畳",
        "point_id": "dlkcn6e",
        "point_name": "長瀞岩畳",
        "remark": ""
      },
      "type": "Feature"
    },
    {
      "geometry": {
        "coordinates": [
          139.115757,
          36.085237
        ],
        "type": "Point"
      },
      "properties": {
        "bangumi_id": 543360,
        "bangumi_title": "上伊那牡丹，酒醉身姿似百合花般",
        "ep_cut": 2,
        "image_url": "https://w.junreimap.com/images/user/2157/bangumi/543360/points/djkr18r-1776492237484.jpg",
        "location": "上長瀞",
        "point_id": "djkr18r",
        "point_name": "秩父铁道荒川桥梁",
        "remark": "（机位需要调整"
      },
      "type": "Feature"
    },
    {
      "geometry": {
        "coordinates": [
          139.115779,
          36.095017
        ],
        "type": "Point"
      },
      "properties": {
        "bangumi_id": 543360,
        "bangumi_title": "上伊那牡丹，酒醉身姿似百合花般",
        "ep_cut": 2,
        "image_url": "https://w.junreimap.com/images/user/0/bangumi/543360/points/dl2zek4-1776612168786.jpg",
        "location": "長瀞岩畳",
        "point_id": "dl2zek4",
        "point_name": "長瀞岩畳",
        "remark": "EP 2 三人长瀞之旅中登上的岩壁。根据截图，应当在此处，即从北边的沙滩往南数的第二座岩壁。"
      },
      "type": "Feature"
    },
    {
      "geometry": {
        "coordinates": [
          139.115708,
          36.095123
        ],
        "type": "Point"
      },
      "properties": {
        "bangumi_id": 543360,
        "bangumi_title": "上伊那牡丹，酒醉身姿似百合花般",
        "ep_cut": 2,
        "image_url": "https://w.junreimap.com/images/user/2157/bangumi/543360/points/djkuici-1776492414793.jpg",
        "location": "長瀞岩畳",
        "point_id": "djkuici",
        "point_name": "长瀞岩叠",
        "remark": ""
      },
      "type": "Feature"
    },
    {
      "geometry": {
        "coordinates": [
          139.70287,
          35.647974
        ],
        "type": "Point"
      },
      "properties": {
        "bangumi_id": 543360,
        "bangumi_title": "上伊那牡丹，酒醉身姿似百合花般",
        "ep_cut": 2,
        "image_url": "https://w.junreimap.com/images/user/1099/bangumi/543360/points/djnfcvo-1776496761302.jpg",
        "location": "代官山",
        "point_id": "djnfcvo",
        "point_name": "代官山駅",
        "remark": ""
      },
      "type": "Feature"
    },
    {
      "geometry": {
        "coordinates": [
          139.702576,
          35.649142
        ],
        "type": "Point"
      },
      "properties": {
        "bangumi_id": 543360,
        "bangumi_title": "上伊那牡丹，酒醉身姿似百合花般",
        "ep_cut": 2,
        "image_url": "https://w.junreimap.com/images/user/1099/bangumi/543360/points/djo22wd-1776497866993.jpg",
        "location": "代官山",
        "point_id": "djo22wd",
        "point_name": "代官山アドレス",
        "remark": ""
      },
      "type": "Feature"
    },
    {
      "geometry": {
        "coordinates": [
          139.702637,
          35.649149
        ],
        "type": "Point"
      },
      "properties": {
        "bangumi_id": 543360,
        "bangumi_title": "上伊那牡丹，酒醉身姿似百合花般",
        "ep_cut": 2,
        "image_url": "https://w.junreimap.com/images/points/543360/djoq82m_1776498916017.jpg",
        "location": "代官山",
        "point_id": "djoq82m",
        "point_name": "代官山アドレス",
        "remark": ""
      },
      "type": "Feature"
    },
    {
      "geometry": {
        "coordinates": [
          139.968508,
          35.862967
        ],
        "type": "Point"
      },
      "properties": {
        "bangumi_id": 543360,
        "bangumi_title": "上伊那牡丹，酒醉身姿似百合花般",
        "ep_cut": 2,
        "image_url": "https://w.junreimap.com/images/user/1099/bangumi/543360/points/dka6wrc-1776534998966.jpg",
        "location": "柏駅",
        "point_id": "dka6wrc",
        "point_name": "タクビル",
        "remark": ""
      },
      "type": "Feature"
    },
    {
      "geometry": {
        "coordinates": [
          139.968492,
          35.86293
        ],
        "type": "Point"
      },
      "properties": {
        "bangumi_id": 543360,
        "bangumi_title": "上伊那牡丹，酒醉身姿似百合花般",
        "ep_cut": 2,
        "image_url": "https://w.junreimap.com/images/user/1099/bangumi/543360/points/dkxhqbj-1776574112268.jpg",
        "location": "柏駅",
        "point_id": "dkxhqbj",
        "point_name": "タクビル",
        "remark": "进门的左侧"
      },
      "type": "Feature"
    },
    {
      "geometry": {
        "coordinates": [
          139.116222,
          36.093519
        ],
        "type": "Point"
      },
      "properties": {
        "bangumi_id": 543360,
        "bangumi_title": "上伊那牡丹，酒醉身姿似百合花般",
        "ep_cut": 2,
        "image_url": "https://w.junreimap.com/images/points/543360/dvjmqoy_1777215953196.jpg",
        "location": "長瀞岩畳",
        "point_id": "dvjmqoy",
        "point_name": "景区看板",
        "remark": ""
      },
      "type": "Feature"
    },
    {
      "geometry": {
        "coordinates": [
          139.11816,
          36.087156
        ],
        "type": "Point"
      },
      "properties": {
        "bangumi_id": 543360,
        "bangumi_title": "上伊那牡丹，酒醉身姿似百合花般",
        "ep_cut": 2,
        "image_url": "https://w.junreimap.com/images/points/543360/dvjjom1_1777215810062.jpg",
        "location": "上長瀞",
        "point_id": "dvjjom1",
        "point_name": "虎岩 河滩",
        "remark": ""
      },
      "type": "Feature"
    },
    {
      "geometry": {
        "coordinates": [
          139.117632,
          36.086474
        ],
        "type": "Point"
      },
      "properties": {
        "bangumi_id": 543360,
        "bangumi_title": "上伊那牡丹，酒醉身姿似百合花般",
        "ep_cut": 2,
        "image_url": "https://w.junreimap.com/images/points/543360/dvjis3v_1777215763848.jpg",
        "location": "上長瀞",
        "point_id": "dvjis3v",
        "point_name": "虎岩 巨石",
        "remark": ""
      },
      "type": "Feature"
    },
    {
      "geometry": {
        "coordinates": [
          139.113291,
          36.083906
        ],
        "type": "Point"
      },
      "properties": {
        "bangumi_id": 543360,
        "bangumi_title": "上伊那牡丹，酒醉身姿似百合花般",
        "ep_cut": 2,
        "image_url": "https://w.junreimap.com/images/points/543360/dvje9mg_1777215559349.jpg",
        "location": "上長瀞",
        "point_id": "dvje9mg",
        "point_name": "秩父铁道荒川桥梁",
        "remark": ""
      },
      "type": "Feature"
    },
    {
      "geometry": {
        "coordinates": [
          139.113954,
          36.084298
        ],
        "type": "Point"
      },
      "properties": {
        "bangumi_id": 543360,
        "bangumi_title": "上伊那牡丹，酒醉身姿似百合花般",
        "ep_cut": 2,
        "image_url": "https://w.junreimap.com/images/points/543360/dvjhjim_1777215710100.jpg",
        "location": "上長瀞",
        "point_id": "dvjhjim",
        "point_name": "秩父铁道荒川桥梁",
        "remark": ""
      },
      "type": "Feature"
    },
    {
      "geometry": {
        "coordinates": [
          139.0837,
          35.989345
        ],
        "type": "Point"
      },
      "properties": {
        "bangumi_id": 543360,
        "bangumi_title": "上伊那牡丹，酒醉身姿似百合花般",
        "ep_cut": 3,
        "image_url": "https://w.junreimap.com/images/user/2157/bangumi/543360/points/dtk787v-1777095996684.jpg",
        "location": "西武秩父駅",
        "point_id": "dtk787v",
        "point_name": "西武秩父駅",
        "remark": ""
      },
      "type": "Feature"
    },
    {
      "geometry": {
        "coordinates": [
          139.083778,
          35.989691
        ],
        "type": "Point"
      },
      "properties": {
        "bangumi_id": 543360,
        "bangumi_title": "上伊那牡丹，酒醉身姿似百合花般",
        "ep_cut": 3,
        "image_url": "https://w.junreimap.com/images/points/543360/dtzdt06_1777121501947.jpg",
        "location": "西武秩父駅",
        "point_id": "dtzdt06",
        "point_name": "西武秩父駅",
        "remark": "UPD：已补充画面集时"
      },
      "type": "Feature"
    },
    {
      "geometry": {
        "coordinates": [
          139.083578,
          35.989732
        ],
        "type": "Point"
      },
      "properties": {
        "bangumi_id": 543360,
        "bangumi_title": "上伊那牡丹，酒醉身姿似百合花般",
        "ep_cut": 3,
        "image_url": "https://w.junreimap.com/images/points/543360/dtzemv6_1777121516875.jpg",
        "location": "西武秩父駅",
        "point_id": "dtzemv6",
        "point_name": "西武秩父駅",
        "remark": "UPD：已补充画面集时"
      },
      "type": "Feature"
    },
    {
      "geometry": {
        "coordinates": [
          139.083428,
          35.989706
        ],
        "type": "Point"
      },
      "properties": {
        "bangumi_id": 543360,
        "bangumi_title": "上伊那牡丹，酒醉身姿似百合花般",
        "ep_cut": 3,
        "image_url": "https://w.junreimap.com/images/user/2157/bangumi/543360/points/dtk8zcg-1777096063515.jpg",
        "location": "西武秩父駅",
        "point_id": "dtk8zcg",
        "point_name": "西武秩父駅",
        "remark": ""
      },
      "type": "Feature"
    },
    {
      "geometry": {
        "coordinates": [
          139.083572,
          35.989669
        ],
        "type": "Point"
      },
      "properties": {
        "bangumi_id": 543360,
        "bangumi_title": "上伊那牡丹，酒醉身姿似百合花般",
        "ep_cut": 3,
        "image_url": "https://w.junreimap.com/images/points/543360/dtzg729_1777121589494.jpg",
        "location": "西武秩父駅",
        "point_id": "dtzg729",
        "point_name": "西武秩父駅",
        "remark": "UPD：已补充画面集时"
      },
      "type": "Feature"
    },
    {
      "geometry": {
        "coordinates": [
          139.083639,
          35.989588
        ],
        "type": "Point"
      },
      "properties": {
        "bangumi_id": 543360,
        "bangumi_title": "上伊那牡丹，酒醉身姿似百合花般",
        "ep_cut": 3,
        "image_url": "https://w.junreimap.com/images/points/543360/dtzgpre_1777121640207.jpg",
        "location": "西武秩父駅",
        "point_id": "dtzgpre",
        "point_name": "西武秩父駅",
        "remark": "UPD：已补充画面集时"
      },
      "type": "Feature"
    },
    {
      "geometry": {
        "coordinates": [
          139.083689,
          35.989893
        ],
        "type": "Point"
      },
      "properties": {
        "bangumi_id": 543360,
        "bangumi_title": "上伊那牡丹，酒醉身姿似百合花般",
        "ep_cut": 3,
        "image_url": "https://w.junreimap.com/images/points/543360/dtzhrrg_1777121660888.jpg",
        "location": "西武秩父駅",
        "point_id": "dtzhrrg",
        "point_name": "西武秩父駅",
        "remark": ""
      },
      "type": "Feature"
    },
    {
      "geometry": {
        "coordinates": [
          139.083786,
          35.990203
        ],
        "type": "Point"
      },
      "properties": {
        "bangumi_id": 543360,
        "bangumi_title": "上伊那牡丹，酒醉身姿似百合花般",
        "ep_cut": 3,
        "image_url": "https://w.junreimap.com/images/user/0/bangumi/543360/points/dvigbe9-1777214237423.jpg",
        "location": "西武秩父駅",
        "point_id": "dvigbe9",
        "point_name": "西武秩父駅前温泉 祭の湯",
        "remark": "正门进去就是站前美食街，温泉实际是离车站更近的侧门。里面主要有五家餐店，包括动漫中提到的秩父荞麦面和草鞋猪排盖饭。门口旁边也有冰淇凌店在贩卖别的动漫联名。"
      },
      "type": "Feature"
    },
    {
      "geometry": {
        "coordinates": [
          139.083811,
          35.989831
        ],
        "type": "Point"
      },
      "properties": {
        "bangumi_id": 543360,
        "bangumi_title": "上伊那牡丹，酒醉身姿似百合花般",
        "ep_cut": 3,
        "image_url": "https://w.junreimap.com/images/points/543360/dtzjtrq_1777121826785.jpg",
        "location": "西武秩父駅",
        "point_id": "dtzjtrq",
        "point_name": "西武秩父駅",
        "remark": "UPD：已补充画面集时"
      },
      "type": "Feature"
    },
    {
      "geometry": {
        "coordinates": [
          140.095003,
          35.076315
        ],
        "type": "Point"
      },
      "properties": {
        "bangumi_id": 543360,
        "bangumi_title": "上伊那牡丹，酒醉身姿似百合花般",
        "ep_cut": 3,
        "image_url": "https://w.junreimap.com/images/user/2157/bangumi/543360/points/dtkgebp-1777096411356.jpg",
        "location": "房総鴨川温泉 是空-ZEKUU-",
        "point_id": "dtkgebp",
        "point_name": "是空温泉",
        "remark": ""
      },
      "type": "Feature"
    },
    {
      "geometry": {
        "coordinates": [
          140.09516,
          35.076108
        ],
        "type": "Point"
      },
      "properties": {
        "bangumi_id": 543360,
        "bangumi_title": "上伊那牡丹，酒醉身姿似百合花般",
        "ep_cut": 3,
        "image_url": "https://w.junreimap.com/images/user/2157/bangumi/543360/points/dtkio3o-1777096527100.jpg",
        "location": "房総鴨川温泉 是空-ZEKUU-",
        "point_id": "dtkio3o",
        "point_name": "水天之汤",
        "remark": ""
      },
      "type": "Feature"
    },
    {
      "geometry": {
        "coordinates": [
          140.094857,
          35.076132
        ],
        "type": "Point"
      },
      "properties": {
        "bangumi_id": 543360,
        "bangumi_title": "上伊那牡丹，酒醉身姿似百合花般",
        "ep_cut": 3,
        "image_url": "https://w.junreimap.com/images/user/2157/bangumi/543360/points/dtkkjnm-1777096611060.jpg",
        "location": "房総鴨川温泉 是空-ZEKUU-",
        "point_id": "dtkkjnm",
        "point_name": "露天私汤",
        "remark": "请勿在温泉内拍摄"
      },
      "type": "Feature"
    },
    {
      "geometry": {
        "coordinates": [
          138.932479,
          35.923101
        ],
        "type": "Point"
      },
      "properties": {
        "bangumi_id": 543360,
        "bangumi_title": "上伊那牡丹，酒醉身姿似百合花般",
        "ep_cut": 4,
        "image_url": "https://w.junreimap.com/images/user/1099/bangumi/543360/points/e3m3e3m-1777703815266.jpg",
        "location": "三峯神社 Mitsumine",
        "point_id": "e3m3e3m",
        "point_name": "三峯神社",
        "remark": ""
      },
      "type": "Feature"
    },
    {
      "geometry": {
        "coordinates": [
          138.931343,
          35.924
        ],
        "type": "Point"
      },
      "properties": {
        "bangumi_id": 543360,
        "bangumi_title": "上伊那牡丹，酒醉身姿似百合花般",
        "ep_cut": 4,
        "image_url": "https://w.junreimap.com/images/user/2157/bangumi/543360/points/e3uib0z-1777717950784.jpg",
        "location": "三峯神社 Mitsumine",
        "point_id": "e3uib0z",
        "point_name": "随神门前",
        "remark": ""
      },
      "type": "Feature"
    },
    {
      "geometry": {
        "coordinates": [
          138.93001,
          35.925159
        ],
        "type": "Point"
      },
      "properties": {
        "bangumi_id": 543360,
        "bangumi_title": "上伊那牡丹，酒醉身姿似百合花般",
        "ep_cut": 4,
        "image_url": "https://w.junreimap.com/images/user/0/bangumi/543360/points/hh3ph52-1785049889743.webp",
        "location": "三峯神社 Mitsumine",
        "point_id": "hh3ph52",
        "point_name": "葛飾講寄付の狼像",
        "remark": ""
      },
      "type": "Feature"
    },
    {
      "geometry": {
        "coordinates": [
          138.931005,
          35.92501
        ],
        "type": "Point"
      },
      "properties": {
        "bangumi_id": 543360,
        "bangumi_title": "上伊那牡丹，酒醉身姿似百合花般",
        "ep_cut": 4,
        "image_url": "https://w.junreimap.com/images/user/0/bangumi/543360/points/hh3sf5n-1785049973422.webp",
        "location": "三峯神社 Mitsumine",
        "point_id": "hh3sf5n",
        "point_name": "三峯神社 神社供奉",
        "remark": ""
      },
      "type": "Feature"
    },
    {
      "geometry": {
        "coordinates": [
          138.930395,
          35.925357
        ],
        "type": "Point"
      },
      "properties": {
        "bangumi_id": 543360,
        "bangumi_title": "上伊那牡丹，酒醉身姿似百合花般",
        "ep_cut": 4,
        "image_url": "https://w.junreimap.com/images/user/1099/bangumi/543360/points/e3jmqx6-1777699694184.jpg",
        "location": "三峯神社 Mitsumine",
        "point_id": "e3jmqx6",
        "point_name": "三峯神社",
        "remark": ""
      },
      "type": "Feature"
    },
    {
      "geometry": {
        "coordinates": [
          138.93211,
          35.924466
        ],
        "type": "Point"
      },
      "properties": {
        "bangumi_id": 543360,
        "bangumi_title": "上伊那牡丹，酒醉身姿似百合花般",
        "ep_cut": 4,
        "image_url": "https://w.junreimap.com/images/user/1099/bangumi/543360/points/e3jqk1w-1777699859305.jpg",
        "location": "三峯神社 Mitsumine",
        "point_id": "e3jqk1w",
        "point_name": "三峯神社 奥宮遥拝殿",
        "remark": ""
      },
      "type": "Feature"
    },
    {
      "geometry": {
        "coordinates": [
          138.9299,
          35.92551
        ],
        "type": "Point"
      },
      "properties": {
        "bangumi_id": 543360,
        "bangumi_title": "上伊那牡丹，酒醉身姿似百合花般",
        "ep_cut": 4,
        "image_url": "https://w.junreimap.com/images/user/0/bangumi/543360/points/hh3i4st-1785049500815.webp",
        "location": "三峯神社 Mitsumine",
        "point_id": "hh3i4st",
        "point_name": "三峯山オリジナルショップ",
        "remark": ""
      },
      "type": "Feature"
    },
    {
      "geometry": {
        "coordinates": [
          138.928858,
          35.925984
        ],
        "type": "Point"
      },
      "properties": {
        "bangumi_id": 543360,
        "bangumi_title": "上伊那牡丹，酒醉身姿似百合花般",
        "ep_cut": 4,
        "image_url": "https://w.junreimap.com/images/user/0/bangumi/543360/points/hh3m1h2-1785049678739.webp",
        "location": "三峯神社 Mitsumine",
        "point_id": "hh3m1h2",
        "point_name": "縁結びの木 案内板",
        "remark": ""
      },
      "type": "Feature"
    },
    {
      "geometry": {
        "coordinates": [
          138.928316,
          35.927203
        ],
        "type": "Point"
      },
      "properties": {
        "bangumi_id": 543360,
        "bangumi_title": "上伊那牡丹，酒醉身姿似百合花般",
        "ep_cut": 4,
        "image_url": "https://w.junreimap.com/images/points/543360/e3v0hnl_1785286208500.jpg",
        "location": "三峯神社 Mitsumine",
        "point_id": "e3v0hnl",
        "point_name": "縁結びの木",
        "remark": ""
      },
      "type": "Feature"
    },
    {
      "geometry": {
        "coordinates": [
          138.930243,
          35.925434
        ],
        "type": "Point"
      },
      "properties": {
        "bangumi_id": 543360,
        "bangumi_title": "上伊那牡丹，酒醉身姿似百合花般",
        "ep_cut": 4,
        "image_url": "https://w.junreimap.com/images/user/2157/bangumi/543360/points/e3v2o8l-1777718900500.jpg",
        "location": "三峯神社 Mitsumine",
        "point_id": "e3v2o8l",
        "point_name": "结缘纸处",
        "remark": ""
      },
      "type": "Feature"
    },
    {
      "geometry": {
        "coordinates": [
          138.930241,
          35.925433
        ],
        "type": "Point"
      },
      "properties": {
        "bangumi_id": 543360,
        "bangumi_title": "上伊那牡丹，酒醉身姿似百合花般",
        "ep_cut": 4,
        "image_url": "https://w.junreimap.com/images/user/2157/bangumi/543360/points/e3v3pwl-1777718951525.jpg",
        "location": "三峯神社 Mitsumine",
        "point_id": "e3v3pwl",
        "point_name": "结缘处 牡丹",
        "remark": "两个版本都放一下"
      },
      "type": "Feature"
    },
    {
      "geometry": {
        "coordinates": [
          139.482971,
          35.923595
        ],
        "type": "Point"
      },
      "properties": {
        "bangumi_id": 543360,
        "bangumi_title": "上伊那牡丹，酒醉身姿似百合花般",
        "ep_cut": 4,
        "image_url": "https://w.junreimap.com/images/user/2157/bangumi/543360/points/e3vmhij-1777719831202.jpg",
        "location": "小江戸川越",
        "point_id": "e3vmhij",
        "point_name": "小江户街道",
        "remark": ""
      },
      "type": "Feature"
    },
    {
      "geometry": {
        "coordinates": [
          139.481046,
          35.925099
        ],
        "type": "Point"
      },
      "properties": {
        "bangumi_id": 543360,
        "bangumi_title": "上伊那牡丹，酒醉身姿似百合花般",
        "ep_cut": 4,
        "image_url": "https://w.junreimap.com/images/user/2157/bangumi/282923/points/e3w4afj-1777720663635.jpg",
        "location": "小江戸川越",
        "point_id": "e3w4afj",
        "point_name": "果子屋横町",
        "remark": "UPD：已补充画面集时"
      },
      "type": "Feature"
    },
    {
      "geometry": {
        "coordinates": [
          139.482872,
          35.922601
        ],
        "type": "Point"
      },
      "properties": {
        "bangumi_id": 543360,
        "bangumi_title": "上伊那牡丹，酒醉身姿似百合花般",
        "ep_cut": 4,
        "image_url": "https://w.junreimap.com/images/user/2157/bangumi/543360/points/e3vsd6u-1777720105041.jpg",
        "location": "小江戸川越",
        "point_id": "e3vsd6u",
        "point_name": "旧八十五銀行本店本館",
        "remark": ""
      },
      "type": "Feature"
    },
    {
      "geometry": {
        "coordinates": [
          139.482847,
          35.923997
        ],
        "type": "Point"
      },
      "properties": {
        "bangumi_id": 543360,
        "bangumi_title": "上伊那牡丹，酒醉身姿似百合花般",
        "ep_cut": 4,
        "image_url": "https://w.junreimap.com/images/user/0/bangumi/543360/points/faomkn2-1780308320846.jpg",
        "location": "小江戸川越",
        "point_id": "faomkn2",
        "point_name": "小江戸横丁",
        "remark": "【はちみつの杉養蜂園】川越2号店对面的小巷子"
      },
      "type": "Feature"
    },
    {
      "geometry": {
        "coordinates": [
          139.483883,
          35.923601
        ],
        "type": "Point"
      },
      "properties": {
        "bangumi_id": 543360,
        "bangumi_title": "上伊那牡丹，酒醉身姿似百合花般",
        "ep_cut": 4,
        "image_url": "https://w.junreimap.com/images/user/0/bangumi/543360/points/e41ggrk-1777729625423.jpg",
        "location": "小江戸川越",
        "point_id": "e41ggrk",
        "point_name": "スターバックス​コーヒー​川越​鐘つき​通り​店",
        "remark": ""
      },
      "type": "Feature"
    },
    {
      "geometry": {
        "coordinates": [
          139.483353,
          35.923475
        ],
        "type": "Point"
      },
      "properties": {
        "bangumi_id": 543360,
        "bangumi_title": "上伊那牡丹，酒醉身姿似百合花般",
        "ep_cut": 4,
        "image_url": "https://w.junreimap.com/images/user/2157/bangumi/543360/points/e3vu6ik-1777720184057.jpg",
        "location": "小江戸川越",
        "point_id": "e3vu6ik",
        "point_name": "薬師神社時の鐘",
        "remark": ""
      },
      "type": "Feature"
    },
    {
      "geometry": {
        "coordinates": [
          139.482599,
          35.92314
        ],
        "type": "Point"
      },
      "properties": {
        "bangumi_id": 543360,
        "bangumi_title": "上伊那牡丹，酒醉身姿似百合花般",
        "ep_cut": 4,
        "image_url": "https://w.junreimap.com/images/user/0/bangumi/543360/points/fanw8au-1780307037565.jpg",
        "location": "小江戸川越",
        "point_id": "fanw8au",
        "point_name": "雪塚稲荷神社",
        "remark": ""
      },
      "type": "Feature"
    },
    {
      "geometry": {
        "coordinates": [
          139.482834,
          35.92318
        ],
        "type": "Point"
      },
      "properties": {
        "bangumi_id": 543360,
        "bangumi_title": "上伊那牡丹，酒醉身姿似百合花般",
        "ep_cut": 4,
        "image_url": "https://w.junreimap.com/images/user/0/bangumi/543360/points/fannnyw-1780306492092.jpg",
        "location": "小江戸川越",
        "point_id": "fannnyw",
        "point_name": "陶舗やまわ",
        "remark": "向雪塚稲荷神社方向拍摄"
      },
      "type": "Feature"
    },
    {
      "geometry": {
        "coordinates": [
          139.482706,
          35.922251
        ],
        "type": "Point"
      },
      "properties": {
        "bangumi_id": 543360,
        "bangumi_title": "上伊那牡丹，酒醉身姿似百合花般",
        "ep_cut": 4,
        "image_url": "https://w.junreimap.com/images/user/2157/bangumi/543360/points/e3vxahy-1777720335929.jpg",
        "location": "小江戸川越",
        "point_id": "e3vxahy",
        "point_name": "Kawagoe Tsubaki no Kura 椿の蔵［倭物やカヤ／モダン着物レンタル 晴衣／足湯喫茶TSUBAKIYA／Decoだるま工房］",
        "remark": ""
      },
      "type": "Feature"
    },
    {
      "geometry": {
        "coordinates": [
          139.482487,
          35.922253
        ],
        "type": "Point"
      },
      "properties": {
        "bangumi_id": 543360,
        "bangumi_title": "上伊那牡丹，酒醉身姿似百合花般",
        "ep_cut": 4,
        "image_url": "https://w.junreimap.com/images/user/0/bangumi/543360/points/faou16o-1780308700380.jpg",
        "location": "小江戸川越",
        "point_id": "faou16o",
        "point_name": "椿の蔵［倭物やカヤ／モダン着物レンタル 晴衣／足湯喫茶TSUBAKIYA／Decoだるま工房］",
        "remark": ""
      },
      "type": "Feature"
    },
    {
      "geometry": {
        "coordinates": [
          139.482478,
          35.922253
        ],
        "type": "Point"
      },
      "properties": {
        "bangumi_id": 543360,
        "bangumi_title": "上伊那牡丹，酒醉身姿似百合花般",
        "ep_cut": 4,
        "image_url": "https://w.junreimap.com/images/user/0/bangumi/543360/points/fap0dgj-1780308760715.jpg",
        "location": "小江戸川越",
        "point_id": "fap0dgj",
        "point_name": "椿の蔵［倭物やカヤ／モダン着物レンタル 晴衣／足湯喫茶TSUBAKIYA／Decoだるま工房］",
        "remark": ""
      },
      "type": "Feature"
    },
    {
      "geometry": {
        "coordinates": [
          139.482464,
          35.922252
        ],
        "type": "Point"
      },
      "properties": {
        "bangumi_id": 543360,
        "bangumi_title": "上伊那牡丹，酒醉身姿似百合花般",
        "ep_cut": 4,
        "image_url": "https://w.junreimap.com/images/user/0/bangumi/543360/points/fap0voh-1780308784384.jpg",
        "location": "小江戸川越",
        "point_id": "fap0voh",
        "point_name": "椿の蔵［倭物やカヤ／モダン着物レンタル 晴衣／足湯喫茶TSUBAKIYA／Decoだるま工房］",
        "remark": ""
      },
      "type": "Feature"
    },
    {
      "geometry": {
        "coordinates": [
          139.482385,
          35.922255
        ],
        "type": "Point"
      },
      "properties": {
        "bangumi_id": 543360,
        "bangumi_title": "上伊那牡丹，酒醉身姿似百合花般",
        "ep_cut": 4,
        "image_url": "https://w.junreimap.com/images/user/2157/bangumi/543360/points/e3vyt5m-1777720413401.jpg",
        "location": "小江戸川越",
        "point_id": "e3vyt5m",
        "point_name": "Kawagoe Tsubaki no Kura 足湯喫茶",
        "remark": "实际上是露天的，在店内"
      },
      "type": "Feature"
    },
    {
      "geometry": {
        "coordinates": [
          139.699877,
          35.689171
        ],
        "type": "Point"
      },
      "properties": {
        "bangumi_id": 543360,
        "bangumi_title": "上伊那牡丹，酒醉身姿似百合花般",
        "ep_cut": 5,
        "image_url": "https://w.junreimap.com/images/user/0/bangumi/543360/points/eedhoam-1778354546882.jpg",
        "location": "",
        "point_id": "eedhoam",
        "point_name": "新宿站南口",
        "remark": "因为我是日本人，发现指定的地点有误，所以进行更正。地点应为新宿站南口，而非中野站。"
      },
      "type": "Feature"
    },
    {
      "geometry": {
        "coordinates": [
          139.666889,
          35.707307
        ],
        "type": "Point"
      },
      "properties": {
        "bangumi_id": 543360,
        "bangumi_title": "上伊那牡丹，酒醉身姿似百合花般",
        "ep_cut": 5,
        "image_url": "https://w.junreimap.com/images/user/2157/bangumi/543360/points/edwsbk5-1778326455706.jpg",
        "location": "bar caravin",
        "point_id": "edwsbk5",
        "point_name": "bar caravin",
        "remark": ""
      },
      "type": "Feature"
    },
    {
      "geometry": {
        "coordinates": [
          139.666885,
          35.707317
        ],
        "type": "Point"
      },
      "properties": {
        "bangumi_id": 543360,
        "bangumi_title": "上伊那牡丹，酒醉身姿似百合花般",
        "ep_cut": 5,
        "image_url": "https://w.junreimap.com/images/user/0/bangumi/543360/points/ee4e43s-1778339570118.jpg",
        "location": "bar caravin",
        "point_id": "ee4e43s",
        "point_name": "bar caravin",
        "remark": "酒吧门口远视"
      },
      "type": "Feature"
    },
    {
      "geometry": {
        "coordinates": [
          139.666908,
          35.707314
        ],
        "type": "Point"
      },
      "properties": {
        "bangumi_id": 543360,
        "bangumi_title": "上伊那牡丹，酒醉身姿似百合花般",
        "ep_cut": 5,
        "image_url": "https://w.junreimap.com/images/user/0/bangumi/543360/points/ee4npuv-1778339723754.jpg",
        "location": "bar caravin",
        "point_id": "ee4npuv",
        "point_name": "bar caravin",
        "remark": "酒吧内景远视角"
      },
      "type": "Feature"
    },
    {
      "geometry": {
        "coordinates": [
          139.666869,
          35.707352
        ],
        "type": "Point"
      },
      "properties": {
        "bangumi_id": 543360,
        "bangumi_title": "上伊那牡丹，酒醉身姿似百合花般",
        "ep_cut": 5,
        "image_url": "https://w.junreimap.com/images/user/2157/bangumi/543360/points/edwtxuc-1778326534108.jpg",
        "location": "bar caravin",
        "point_id": "edwtxuc",
        "point_name": "bar caravin 店内",
        "remark": ""
      },
      "type": "Feature"
    },
    {
      "geometry": {
        "coordinates": [
          139.666912,
          35.707309
        ],
        "type": "Point"
      },
      "properties": {
        "bangumi_id": 543360,
        "bangumi_title": "上伊那牡丹，酒醉身姿似百合花般",
        "ep_cut": 5,
        "image_url": "https://w.junreimap.com/images/user/0/bangumi/543360/points/ee4r663-1778339834412.jpg",
        "location": "bar caravin",
        "point_id": "ee4r663",
        "point_name": "bar caravin",
        "remark": "酒吧内景吧台"
      },
      "type": "Feature"
    },
    {
      "geometry": {
        "coordinates": [
          139.666892,
          35.707337
        ],
        "type": "Point"
      },
      "properties": {
        "bangumi_id": 543360,
        "bangumi_title": "上伊那牡丹，酒醉身姿似百合花般",
        "ep_cut": 5,
        "image_url": "https://w.junreimap.com/images/user/0/bangumi/543360/points/ee4u9ku-1778339963645.jpg",
        "location": "bar caravin",
        "point_id": "ee4u9ku",
        "point_name": "bar caravin",
        "remark": "酒吧内景两个人坐的位置灯光特写"
      },
      "type": "Feature"
    },
    {
      "geometry": {
        "coordinates": [
          139.666887,
          35.707311
        ],
        "type": "Point"
      },
      "properties": {
        "bangumi_id": 543360,
        "bangumi_title": "上伊那牡丹，酒醉身姿似百合花般",
        "ep_cut": 5,
        "image_url": "https://w.junreimap.com/images/user/2157/bangumi/543360/points/edwot4y-1778326337207.jpg",
        "location": "bar caravin",
        "point_id": "edwot4y",
        "point_name": "bar caravin店内",
        "remark": ""
      },
      "type": "Feature"
    },
    {
      "geometry": {
        "coordinates": [
          139.666911,
          35.707332
        ],
        "type": "Point"
      },
      "properties": {
        "bangumi_id": 543360,
        "bangumi_title": "上伊那牡丹，酒醉身姿似百合花般",
        "ep_cut": 5,
        "image_url": "https://w.junreimap.com/images/user/0/bangumi/543360/points/ee4wm24-1778340075897.jpg",
        "location": "bar caravin",
        "point_id": "ee4wm24",
        "point_name": "bar caravin",
        "remark": "酒吧内景两个人坐的位置远景"
      },
      "type": "Feature"
    },
    {
      "geometry": {
        "coordinates": [
          139.666889,
          35.707358
        ],
        "type": "Point"
      },
      "properties": {
        "bangumi_id": 543360,
        "bangumi_title": "上伊那牡丹，酒醉身姿似百合花般",
        "ep_cut": 5,
        "image_url": "https://w.junreimap.com/images/user/2157/bangumi/543360/points/edwweih-1778326641511.jpg",
        "location": "bar caravin",
        "point_id": "edwweih",
        "point_name": "bar caravin角落座位1",
        "remark": ""
      },
      "type": "Feature"
    },
    {
      "geometry": {
        "coordinates": [
          139.666889,
          35.707358
        ],
        "type": "Point"
      },
      "properties": {
        "bangumi_id": 543360,
        "bangumi_title": "上伊那牡丹，酒醉身姿似百合花般",
        "ep_cut": 5,
        "image_url": "https://w.junreimap.com/images/user/2157/bangumi/543360/points/edwwyzl-1778326658552.jpg",
        "location": "bar caravin",
        "point_id": "edwwyzl",
        "point_name": "bar caravin角落座位2",
        "remark": ""
      },
      "type": "Feature"
    },
    {
      "geometry": {
        "coordinates": [
          138.825382,
          35.500946
        ],
        "type": "Point"
      },
      "properties": {
        "bangumi_id": 543360,
        "bangumi_title": "上伊那牡丹，酒醉身姿似百合花般",
        "ep_cut": 5,
        "image_url": "https://w.junreimap.com/images/user/2197/bangumi/543360/points/ejxob2o-1778690738649.jpg",
        "location": "Happy Drink 富士吉田小明見3号店",
        "point_id": "ejxob2o",
        "point_name": "ハッピードリンクショップ富士吉田小明見3号店",
        "remark": ""
      },
      "type": "Feature"
    },
    {
      "geometry": {
        "coordinates": [
          138.825464,
          35.500979
        ],
        "type": "Point"
      },
      "properties": {
        "bangumi_id": 543360,
        "bangumi_title": "上伊那牡丹，酒醉身姿似百合花般",
        "ep_cut": 5,
        "image_url": "https://w.junreimap.com/images/user/2197/bangumi/543360/points/ejxbs43-1778690227260.jpg",
        "location": "Happy Drink 富士吉田小明見3号店",
        "point_id": "ejxbs43",
        "point_name": "ハッピードリンクショップ富士吉田小明見3号店",
        "remark": "山梨県富士吉田市小明見2-12付近"
      },
      "type": "Feature"
    },
    {
      "geometry": {
        "coordinates": [
          138.825346,
          35.500955
        ],
        "type": "Point"
      },
      "properties": {
        "bangumi_id": 543360,
        "bangumi_title": "上伊那牡丹，酒醉身姿似百合花般",
        "ep_cut": 5,
        "image_url": "https://w.junreimap.com/images/user/2197/bangumi/543360/points/ejxgi5i-1778690432796.jpg",
        "location": "Happy Drink 富士吉田小明見3号店",
        "point_id": "ejxgi5i",
        "point_name": "ハッピードリンクショップ富士吉田小明見3号店",
        "remark": "实际没有长椅"
      },
      "type": "Feature"
    },
    {
      "geometry": {
        "coordinates": [
          138.825295,
          35.500971
        ],
        "type": "Point"
      },
      "properties": {
        "bangumi_id": 543360,
        "bangumi_title": "上伊那牡丹，酒醉身姿似百合花般",
        "ep_cut": 5,
        "image_url": "https://w.junreimap.com/images/user/2197/bangumi/543360/points/ejxrdsd-1778690880988.jpg",
        "location": "Happy Drink 富士吉田小明見3号店",
        "point_id": "ejxrdsd",
        "point_name": "ハッピードリンクショップ富士吉田小明見3号店",
        "remark": ""
      },
      "type": "Feature"
    },
    {
      "geometry": {
        "coordinates": [
          138.825363,
          35.50096
        ],
        "type": "Point"
      },
      "properties": {
        "bangumi_id": 543360,
        "bangumi_title": "上伊那牡丹，酒醉身姿似百合花般",
        "ep_cut": 5,
        "image_url": "https://w.junreimap.com/images/user/2197/bangumi/543360/points/ejxtodx-1778690994519.jpg",
        "location": "Happy Drink 富士吉田小明見3号店",
        "point_id": "ejxtodx",
        "point_name": "ハッピードリンクショップ富士吉田小明見3号店",
        "remark": "自贩机低角度"
      },
      "type": "Feature"
    },
    {
      "geometry": {
        "coordinates": [
          138.825369,
          35.500945
        ],
        "type": "Point"
      },
      "properties": {
        "bangumi_id": 543360,
        "bangumi_title": "上伊那牡丹，酒醉身姿似百合花般",
        "ep_cut": 5,
        "image_url": "https://w.junreimap.com/images/user/2197/bangumi/543360/points/ejxv0xa-1778691048994.jpg",
        "location": "Happy Drink 富士吉田小明見3号店",
        "point_id": "ejxv0xa",
        "point_name": "ハッピードリンクショップ富士吉田小明見3号店",
        "remark": "自贩机左侧房屋"
      },
      "type": "Feature"
    },
    {
      "geometry": {
        "coordinates": [
          138.825326,
          35.500967
        ],
        "type": "Point"
      },
      "properties": {
        "bangumi_id": 543360,
        "bangumi_title": "上伊那牡丹，酒醉身姿似百合花般",
        "ep_cut": 5,
        "image_url": "https://w.junreimap.com/images/user/2197/bangumi/543360/points/ejxvzt7-1778691100576.jpg",
        "location": "Happy Drink 富士吉田小明見3号店",
        "point_id": "ejxvzt7",
        "point_name": "ハッピードリンクショップ富士吉田小明見3号店",
        "remark": "自贩机右侧房屋"
      },
      "type": "Feature"
    },
    {
      "geometry": {
        "coordinates": [
          138.187398,
          36.103757
        ],
        "type": "Point"
      },
      "properties": {
        "bangumi_id": 543360,
        "bangumi_title": "上伊那牡丹，酒醉身姿似百合花般",
        "ep_cut": 5,
        "image_url": "https://w.junreimap.com/images/user/1093/bangumi/543360/points/egx835y-1778508596133.jpg",
        "location": "霧ヶ峰",
        "point_id": "egx835y",
        "point_name": "ビーナスライン 車山肩駐車場",
        "remark": ""
      },
      "type": "Feature"
    },
    {
      "geometry": {
        "coordinates": [
          138.186991,
          36.104988
        ],
        "type": "Point"
      },
      "properties": {
        "bangumi_id": 543360,
        "bangumi_title": "上伊那牡丹，酒醉身姿似百合花般",
        "ep_cut": 5,
        "image_url": "https://w.junreimap.com/images/user/1093/bangumi/543360/points/egxa8qd-1778508827916.jpg",
        "location": "霧ヶ峰",
        "point_id": "egxa8qd",
        "point_name": "車山肩 ニッコウキスゲ群生地",
        "remark": ""
      },
      "type": "Feature"
    },
    {
      "geometry": {
        "coordinates": [
          139.711999,
          35.729756
        ],
        "type": "Point"
      },
      "properties": {
        "bangumi_id": 543360,
        "bangumi_title": "上伊那牡丹，酒醉身姿似百合花般",
        "ep_cut": 5,
        "image_url": "https://w.junreimap.com/images/user/2197/bangumi/543360/points/ecvm09r-1778264116809.jpg",
        "location": "",
        "point_id": "ecvm09r",
        "point_name": "西武鉄道池袋駅東口",
        "remark": "西武铁道池袋站东口站内向斑马线拍摄"
      },
      "type": "Feature"
    },
    {
      "geometry": {
        "coordinates": [
          139.058458,
          35.963993
        ],
        "type": "Point"
      },
      "properties": {
        "bangumi_id": 543360,
        "bangumi_title": "上伊那牡丹，酒醉身姿似百合花般",
        "ep_cut": 6,
        "image_url": "https://w.junreimap.com/images/user/0/bangumi/543360/points/emu8njr-1778866406814.jpg",
        "location": "浦山口駅",
        "point_id": "emu8njr",
        "point_name": "浦山口駅",
        "remark": ""
      },
      "type": "Feature"
    },
    {
      "geometry": {
        "coordinates": [
          139.058628,
          35.964095
        ],
        "type": "Point"
      },
      "properties": {
        "bangumi_id": 543360,
        "bangumi_title": "上伊那牡丹，酒醉身姿似百合花般",
        "ep_cut": 6,
        "image_url": "https://w.junreimap.com/images/user/0/bangumi/543360/points/emuv40p-1778867475110.jpg",
        "location": "浦山口駅",
        "point_id": "emuv40p",
        "point_name": "浦山口駅",
        "remark": "出站后往右走"
      },
      "type": "Feature"
    },
    {
      "geometry": {
        "coordinates": [
          139.058158,
          35.962928
        ],
        "type": "Point"
      },
      "properties": {
        "bangumi_id": 543360,
        "bangumi_title": "上伊那牡丹，酒醉身姿似百合花般",
        "ep_cut": 6,
        "image_url": "https://w.junreimap.com/images/user/0/bangumi/543360/points/hh3yjk4-1785050229944.webp",
        "location": "浦山口駅",
        "point_id": "hh3yjk4",
        "point_name": "光西寺前の坂道",
        "remark": ""
      },
      "type": "Feature"
    },
    {
      "geometry": {
        "coordinates": [
          139.060548,
          35.960531
        ],
        "type": "Point"
      },
      "properties": {
        "bangumi_id": 543360,
        "bangumi_title": "上伊那牡丹，酒醉身姿似百合花般",
        "ep_cut": 6,
        "image_url": "https://w.junreimap.com/images/user/0/bangumi/543360/points/faphfnb-1780309577653.jpg",
        "location": "橋立鍾乳洞",
        "point_id": "faphfnb",
        "point_name": "橋立鍾乳洞",
        "remark": ""
      },
      "type": "Feature"
    },
    {
      "geometry": {
        "coordinates": [
          139.060683,
          35.96033
        ],
        "type": "Point"
      },
      "properties": {
        "bangumi_id": 543360,
        "bangumi_title": "上伊那牡丹，酒醉身姿似百合花般",
        "ep_cut": 6,
        "image_url": "https://w.junreimap.com/images/user/0/bangumi/543360/points/fapv8f8-1780310199311.jpg",
        "location": "橋立鍾乳洞",
        "point_id": "fapv8f8",
        "point_name": "橋立鍾乳洞",
        "remark": ""
      },
      "type": "Feature"
    },
    {
      "geometry": {
        "coordinates": [
          139.060738,
          35.96057
        ],
        "type": "Point"
      },
      "properties": {
        "bangumi_id": 543360,
        "bangumi_title": "上伊那牡丹，酒醉身姿似百合花般",
        "ep_cut": 6,
        "image_url": "https://w.junreimap.com/images/user/0/bangumi/543360/points/fapl1tk-1780309824689.jpg",
        "location": "橋立鍾乳洞",
        "point_id": "fapl1tk",
        "point_name": "橋立鍾乳洞",
        "remark": "入场料大人300円，进入洞内后禁止摄影"
      },
      "type": "Feature"
    },
    {
      "geometry": {
        "coordinates": [
          139.060745,
          35.960647
        ],
        "type": "Point"
      },
      "properties": {
        "bangumi_id": 543360,
        "bangumi_title": "上伊那牡丹，酒醉身姿似百合花般",
        "ep_cut": 6,
        "image_url": "https://w.junreimap.com/images/user/0/bangumi/543360/points/emsjuov-1778863742363.jpg",
        "location": "橋立鍾乳洞",
        "point_id": "emsjuov",
        "point_name": "橋立鍾乳洞",
        "remark": ""
      },
      "type": "Feature"
    },
    {
      "geometry": {
        "coordinates": [
          139.060636,
          35.960794
        ],
        "type": "Point"
      },
      "properties": {
        "bangumi_id": 543360,
        "bangumi_title": "上伊那牡丹，酒醉身姿似百合花般",
        "ep_cut": 6,
        "image_url": "https://w.junreimap.com/images/user/0/bangumi/543360/points/fapr1y1-1780310088438.jpg",
        "location": "橋立鍾乳洞",
        "point_id": "fapr1y1",
        "point_name": "橋立鍾乳洞 出口",
        "remark": ""
      },
      "type": "Feature"
    },
    {
      "geometry": {
        "coordinates": [
          139.060812,
          35.960252
        ],
        "type": "Point"
      },
      "properties": {
        "bangumi_id": 543360,
        "bangumi_title": "上伊那牡丹，酒醉身姿似百合花般",
        "ep_cut": 6,
        "image_url": "https://w.junreimap.com/images/user/0/bangumi/543360/points/emstqsl-1778864025338.jpg",
        "location": "橋立鍾乳洞",
        "point_id": "emstqsl",
        "point_name": "JURIN's GEO",
        "remark": ""
      },
      "type": "Feature"
    },
    {
      "geometry": {
        "coordinates": [
          139.084091,
          35.994839
        ],
        "type": "Point"
      },
      "properties": {
        "bangumi_id": 543360,
        "bangumi_title": "上伊那牡丹，酒醉身姿似百合花般",
        "ep_cut": 6,
        "image_url": "https://w.junreimap.com/images/user/0/bangumi/543360/points/emt2wer-1778864463619.jpg",
        "location": "CHICHIBU-HOSTEL",
        "point_id": "emt2wer",
        "point_name": "MAHOLLOBAR",
        "remark": ""
      },
      "type": "Feature"
    },
    {
      "geometry": {
        "coordinates": [
          139.084041,
          35.994868
        ],
        "type": "Point"
      },
      "properties": {
        "bangumi_id": 543360,
        "bangumi_title": "上伊那牡丹，酒醉身姿似百合花般",
        "ep_cut": 6,
        "image_url": "https://w.junreimap.com/images/user/1099/bangumi/543360/points/fg9rim9-1780645947922.jpg",
        "location": "CHICHIBU-HOSTEL",
        "point_id": "fg9rim9",
        "point_name": "秩父​表参道​Lab",
        "remark": ""
      },
      "type": "Feature"
    },
    {
      "geometry": {
        "coordinates": [
          139.084067,
          35.994837
        ],
        "type": "Point"
      },
      "properties": {
        "bangumi_id": 543360,
        "bangumi_title": "上伊那牡丹，酒醉身姿似百合花般",
        "ep_cut": 6,
        "image_url": "https://w.junreimap.com/images/user/0/bangumi/543360/points/emtma3k-1778865337310.jpg",
        "location": "CHICHIBU-HOSTEL",
        "point_id": "emtma3k",
        "point_name": "ちちぶホステル CHICHIBU-HOSTEL",
        "remark": ""
      },
      "type": "Feature"
    },
    {
      "geometry": {
        "coordinates": [
          139.084109,
          35.994832
        ],
        "type": "Point"
      },
      "properties": {
        "bangumi_id": 543360,
        "bangumi_title": "上伊那牡丹，酒醉身姿似百合花般",
        "ep_cut": 6,
        "image_url": "https://w.junreimap.com/images/user/1099/bangumi/543360/points/fg9w5b8-1780646288424.jpg",
        "location": "CHICHIBU-HOSTEL",
        "point_id": "fg9w5b8",
        "point_name": "ちちぶホステル CHICHIBU-HOSTEL",
        "remark": "common room"
      },
      "type": "Feature"
    },
    {
      "geometry": {
        "coordinates": [
          139.11593,
          35.941786
        ],
        "type": "Point"
      },
      "properties": {
        "bangumi_id": 543360,
        "bangumi_title": "上伊那牡丹，酒醉身姿似百合花般",
        "ep_cut": 7,
        "image_url": "https://w.junreimap.com/images/user/1099/bangumi/543360/points/ews22lv-1779467463784.jpg",
        "location": "武甲山",
        "point_id": "ews22lv",
        "point_name": "武甲山御嶽神社一の鳥居 駐車場",
        "remark": ""
      },
      "type": "Feature"
    },
    {
      "geometry": {
        "coordinates": [
          139.115682,
          35.941761
        ],
        "type": "Point"
      },
      "properties": {
        "bangumi_id": 543360,
        "bangumi_title": "上伊那牡丹，酒醉身姿似百合花般",
        "ep_cut": 7,
        "image_url": "https://w.junreimap.com/images/points/543360/he50mkd_1784870692503.webp",
        "location": "武甲山",
        "point_id": "he50mkd",
        "point_name": "武甲山一之鳥居付近",
        "remark": ""
      },
      "type": "Feature"
    },
    {
      "geometry": {
        "coordinates": [
          139.112536,
          35.941712
        ],
        "type": "Point"
      },
      "properties": {
        "bangumi_id": 543360,
        "bangumi_title": "上伊那牡丹，酒醉身姿似百合花般",
        "ep_cut": 7,
        "image_url": "https://w.junreimap.com/images/user/0/bangumi/543360/points/hb0egwo-1784681492703.jpg",
        "location": "武甲山",
        "point_id": "hb0egwo",
        "point_name": "水池前小屋",
        "remark": ""
      },
      "type": "Feature"
    },
    {
      "geometry": {
        "coordinates": [
          139.105609,
          35.942726
        ],
        "type": "Point"
      },
      "properties": {
        "bangumi_id": 543360,
        "bangumi_title": "上伊那牡丹，酒醉身姿似百合花般",
        "ep_cut": 7,
        "image_url": "https://w.junreimap.com/images/user/1099/bangumi/543360/points/exgjx5x-1779508511348.jpg",
        "location": "武甲山",
        "point_id": "exgjx5x",
        "point_name": "武甲山コース",
        "remark": ""
      },
      "type": "Feature"
    },
    {
      "geometry": {
        "coordinates": [
          139.105452,
          35.943609
        ],
        "type": "Point"
      },
      "properties": {
        "bangumi_id": 543360,
        "bangumi_title": "上伊那牡丹，酒醉身姿似百合花般",
        "ep_cut": 7,
        "image_url": "https://w.junreimap.com/images/user/1099/bangumi/543360/points/exg8nte-1779508032998.jpg",
        "location": "武甲山",
        "point_id": "exg8nte",
        "point_name": "武甲山",
        "remark": ""
      },
      "type": "Feature"
    },
    {
      "geometry": {
        "coordinates": [
          139.110481,
          35.942153
        ],
        "type": "Point"
      },
      "properties": {
        "bangumi_id": 543360,
        "bangumi_title": "上伊那牡丹，酒醉身姿似百合花般",
        "ep_cut": 7,
        "image_url": "https://w.junreimap.com/images/user/1099/bangumi/543360/points/ewsh1h5-1779468191073.jpg",
        "location": "武甲山",
        "point_id": "ewsh1h5",
        "point_name": "水池",
        "remark": ""
      },
      "type": "Feature"
    },
    {
      "geometry": {
        "coordinates": [
          139.104748,
          35.94436
        ],
        "type": "Point"
      },
      "properties": {
        "bangumi_id": 543360,
        "bangumi_title": "上伊那牡丹，酒醉身姿似百合花般",
        "ep_cut": 7,
        "image_url": "https://w.junreimap.com/images/user/1099/bangumi/543360/points/exhed2b-1779509974051.jpg",
        "location": "武甲山",
        "point_id": "exhed2b",
        "point_name": "武甲山の不動滝",
        "remark": ""
      },
      "type": "Feature"
    },
    {
      "geometry": {
        "coordinates": [
          139.104789,
          35.944376
        ],
        "type": "Point"
      },
      "properties": {
        "bangumi_id": 543360,
        "bangumi_title": "上伊那牡丹，酒醉身姿似百合花般",
        "ep_cut": 7,
        "image_url": "https://w.junreimap.com/images/user/1099/bangumi/543360/points/exhpbbc-1779510498380.jpg",
        "location": "武甲山",
        "point_id": "exhpbbc",
        "point_name": "武甲山の不動滝",
        "remark": "靠右侧"
      },
      "type": "Feature"
    },
    {
      "geometry": {
        "coordinates": [
          139.104706,
          35.944375
        ],
        "type": "Point"
      },
      "properties": {
        "bangumi_id": 543360,
        "bangumi_title": "上伊那牡丹，酒醉身姿似百合花般",
        "ep_cut": 7,
        "image_url": "https://w.junreimap.com/images/user/1099/bangumi/543360/points/exhw38b-1779510826583.jpg",
        "location": "武甲山",
        "point_id": "exhw38b",
        "point_name": "武甲山の不動滝",
        "remark": ""
      },
      "type": "Feature"
    },
    {
      "geometry": {
        "coordinates": [
          139.105288,
          35.947831
        ],
        "type": "Point"
      },
      "properties": {
        "bangumi_id": 543360,
        "bangumi_title": "上伊那牡丹，酒醉身姿似百合花般",
        "ep_cut": 7,
        "image_url": "https://w.junreimap.com/images/user/1099/bangumi/543360/points/exi606x-1779511207120.jpg",
        "location": "武甲山",
        "point_id": "exi606x",
        "point_name": "大杉の広場",
        "remark": ""
      },
      "type": "Feature"
    },
    {
      "geometry": {
        "coordinates": [
          139.097762,
          35.951184
        ],
        "type": "Point"
      },
      "properties": {
        "bangumi_id": 543360,
        "bangumi_title": "上伊那牡丹，酒醉身姿似百合花般",
        "ep_cut": 7,
        "image_url": "https://w.junreimap.com/images/user/1099/bangumi/543360/points/ewqkffp-1779464871273.jpg",
        "location": "武甲山",
        "point_id": "ewqkffp",
        "point_name": "武甲山御嶽神社",
        "remark": ""
      },
      "type": "Feature"
    },
    {
      "geometry": {
        "coordinates": [
          139.097595,
          35.951835
        ],
        "type": "Point"
      },
      "properties": {
        "bangumi_id": 543360,
        "bangumi_title": "上伊那牡丹，酒醉身姿似百合花般",
        "ep_cut": 7,
        "image_url": "https://w.junreimap.com/images/user/1099/bangumi/543360/points/exkd4gk-1779514902883.jpg",
        "location": "武甲山",
        "point_id": "exkd4gk",
        "point_name": "武甲山展望所",
        "remark": ""
      },
      "type": "Feature"
    },
    {
      "geometry": {
        "coordinates": [
          139.811798,
          35.709762
        ],
        "type": "Point"
      },
      "properties": {
        "bangumi_id": 543360,
        "bangumi_title": "上伊那牡丹，酒醉身姿似百合花般",
        "ep_cut": 7,
        "image_url": "https://w.junreimap.com/images/user/1099/bangumi/543360/points/ewpdz4w-1779462958778.jpg",
        "location": "晴空塔",
        "point_id": "ewpdz4w",
        "point_name": "晴空塔",
        "remark": ""
      },
      "type": "Feature"
    },
    {
      "geometry": {
        "coordinates": [
          139.811746,
          35.709652
        ],
        "type": "Point"
      },
      "properties": {
        "bangumi_id": 543360,
        "bangumi_title": "上伊那牡丹，酒醉身姿似百合花般",
        "ep_cut": 7,
        "image_url": "https://w.junreimap.com/images/user/1099/bangumi/543360/points/ewqbou8-1779464481739.jpg",
        "location": "晴空塔",
        "point_id": "ewqbou8",
        "point_name": "おしなり橋",
        "remark": ""
      },
      "type": "Feature"
    },
    {
      "geometry": {
        "coordinates": [
          139.811716,
          35.7097
        ],
        "type": "Point"
      },
      "properties": {
        "bangumi_id": 543360,
        "bangumi_title": "上伊那牡丹，酒醉身姿似百合花般",
        "ep_cut": 7,
        "image_url": "https://w.junreimap.com/images/user/1099/bangumi/543360/points/exh4jp3-1779509466675.jpg",
        "location": "晴空塔",
        "point_id": "exh4jp3",
        "point_name": "おしなり橋",
        "remark": ""
      },
      "type": "Feature"
    },
    {
      "geometry": {
        "coordinates": [
          139.811791,
          35.709724
        ],
        "type": "Point"
      },
      "properties": {
        "bangumi_id": 543360,
        "bangumi_title": "上伊那牡丹，酒醉身姿似百合花般",
        "ep_cut": 7,
        "image_url": "https://w.junreimap.com/images/user/2197/bangumi/543360/points/ewu4crn-1779470927078.jpg",
        "location": "晴空塔",
        "point_id": "ewu4crn",
        "point_name": "おしなり橋",
        "remark": "在桥的西南方即可找到背景的建筑"
      },
      "type": "Feature"
    },
    {
      "geometry": {
        "coordinates": [
          139.811776,
          35.709663
        ],
        "type": "Point"
      },
      "properties": {
        "bangumi_id": 543360,
        "bangumi_title": "上伊那牡丹，酒醉身姿似百合花般",
        "ep_cut": 7,
        "image_url": "https://w.junreimap.com/images/user/2197/bangumi/543360/points/ewu5uzx-1779471402211.jpg",
        "location": "晴空塔",
        "point_id": "ewu5uzx",
        "point_name": "おしなり橋",
        "remark": "向西边看即可找到背景的建筑"
      },
      "type": "Feature"
    },
    {
      "geometry": {
        "coordinates": [
          139.811918,
          35.709634
        ],
        "type": "Point"
      },
      "properties": {
        "bangumi_id": 543360,
        "bangumi_title": "上伊那牡丹，酒醉身姿似百合花般",
        "ep_cut": 7,
        "image_url": "https://w.junreimap.com/images/user/1099/bangumi/543360/points/ewv5g4n-1779472669488.jpg",
        "location": "晴空塔",
        "point_id": "ewv5g4n",
        "point_name": "おしなり橋",
        "remark": "观察桥的弯曲角度，实际上是在河对岸"
      },
      "type": "Feature"
    },
    {
      "geometry": {
        "coordinates": [
          139.811389,
          35.70949
        ],
        "type": "Point"
      },
      "properties": {
        "bangumi_id": 543360,
        "bangumi_title": "上伊那牡丹，酒醉身姿似百合花般",
        "ep_cut": 7,
        "image_url": "https://w.junreimap.com/images/user/1099/bangumi/543360/points/ewvd2gy-1779472974072.jpg",
        "location": "晴空塔",
        "point_id": "ewvd2gy",
        "point_name": "おしなり橋",
        "remark": ""
      },
      "type": "Feature"
    },
    {
      "geometry": {
        "coordinates": [
          139.81135,
          35.709591
        ],
        "type": "Point"
      },
      "properties": {
        "bangumi_id": 543360,
        "bangumi_title": "上伊那牡丹，酒醉身姿似百合花般",
        "ep_cut": 7,
        "image_url": "https://w.junreimap.com/images/user/1099/bangumi/543360/points/ewvlqfi-1779473315303.jpg",
        "location": "晴空塔",
        "point_id": "ewvlqfi",
        "point_name": "おしなり橋",
        "remark": ""
      },
      "type": "Feature"
    },
    {
      "geometry": {
        "coordinates": [
          139.812166,
          35.710039
        ],
        "type": "Point"
      },
      "properties": {
        "bangumi_id": 543360,
        "bangumi_title": "上伊那牡丹，酒醉身姿似百合花般",
        "ep_cut": 7,
        "image_url": "https://w.junreimap.com/images/user/1099/bangumi/543360/points/ewtsyeu-1779470523614.jpg",
        "location": "晴空塔",
        "point_id": "ewtsyeu",
        "point_name": "コニカミノルタプラネタリウム天空 in 東京スカイツリータウン",
        "remark": "在7楼"
      },
      "type": "Feature"
    },
    {
      "geometry": {
        "coordinates": [
          139.812009,
          35.709993
        ],
        "type": "Point"
      },
      "properties": {
        "bangumi_id": 543360,
        "bangumi_title": "上伊那牡丹，酒醉身姿似百合花般",
        "ep_cut": 7,
        "image_url": "https://w.junreimap.com/images/user/2197/bangumi/543360/points/ewuz04n-1779472268695.jpg",
        "location": "晴空塔",
        "point_id": "ewuz04n",
        "point_name": "コニカミノルタプラネタリウム天空 in 東京スカイツリータウン",
        "remark": ""
      },
      "type": "Feature"
    },
    {
      "geometry": {
        "coordinates": [
          139.812043,
          35.71001
        ],
        "type": "Point"
      },
      "properties": {
        "bangumi_id": 543360,
        "bangumi_title": "上伊那牡丹，酒醉身姿似百合花般",
        "ep_cut": 7,
        "image_url": "https://w.junreimap.com/images/user/2197/bangumi/543360/points/ewv0yh8-1779472341939.jpg",
        "location": "晴空塔",
        "point_id": "ewv0yh8",
        "point_name": "コニカミノルタプラネタリウム天空 in 東京スカイツリータウン",
        "remark": ""
      },
      "type": "Feature"
    },
    {
      "geometry": {
        "coordinates": [
          139.812181,
          35.710035
        ],
        "type": "Point"
      },
      "properties": {
        "bangumi_id": 543360,
        "bangumi_title": "上伊那牡丹，酒醉身姿似百合花般",
        "ep_cut": 7,
        "image_url": "https://w.junreimap.com/images/user/1099/bangumi/543360/points/ewtyyen-1779470567420.jpg",
        "location": "晴空塔",
        "point_id": "ewtyyen",
        "point_name": "コニカミノルタプラネタリウム天空 in 東京スカイツリータウン",
        "remark": "在7楼"
      },
      "type": "Feature"
    },
    {
      "geometry": {
        "coordinates": [
          139.812111,
          35.710042
        ],
        "type": "Point"
      },
      "properties": {
        "bangumi_id": 543360,
        "bangumi_title": "上伊那牡丹，酒醉身姿似百合花般",
        "ep_cut": 7,
        "image_url": "https://w.junreimap.com/images/user/2197/bangumi/543360/points/ewv36mb-1779472448482.jpg",
        "location": "晴空塔",
        "point_id": "ewv36mb",
        "point_name": "コニカミノルタプラネタリウム天空 in 東京スカイツリータウン",
        "remark": ""
      },
      "type": "Feature"
    },
    {
      "geometry": {
        "coordinates": [
          139.812158,
          35.710032
        ],
        "type": "Point"
      },
      "properties": {
        "bangumi_id": 543360,
        "bangumi_title": "上伊那牡丹，酒醉身姿似百合花般",
        "ep_cut": 7,
        "image_url": "https://w.junreimap.com/images/user/1099/bangumi/543360/points/ewtzllm-1779470599506.jpg",
        "location": "晴空塔",
        "point_id": "ewtzllm",
        "point_name": "コニカミノルタプラネタリウム天空 in 東京スカイツリータウン",
        "remark": "在七楼，牡丹选的这个\"三日月シート\"只有三组，价格大概4-5k円    https://planetarium.konicaminolta.jp/schedule/tenku/"
      },
      "type": "Feature"
    },
    {
      "geometry": {
        "coordinates": [
          139.812177,
          35.710082
        ],
        "type": "Point"
      },
      "properties": {
        "bangumi_id": 543360,
        "bangumi_title": "上伊那牡丹，酒醉身姿似百合花般",
        "ep_cut": 7,
        "image_url": "https://w.junreimap.com/images/user/2197/bangumi/543360/points/ewv4gbm-1779472510733.jpg",
        "location": "晴空塔",
        "point_id": "ewv4gbm",
        "point_name": "コニカミノルタプラネタリウム天空 in 東京スカイツリータウン",
        "remark": ""
      },
      "type": "Feature"
    },
    {
      "geometry": {
        "coordinates": [
          139.808614,
          35.724847
        ],
        "type": "Point"
      },
      "properties": {
        "bangumi_id": 543360,
        "bangumi_title": "上伊那牡丹，酒醉身姿似百合花般",
        "ep_cut": 7,
        "image_url": "https://w.junreimap.com/images/user/1099/bangumi/543360/points/ewtbhhn-1779469481010.jpg",
        "location": "晴空塔",
        "point_id": "ewtbhhn",
        "point_name": "カーサ浅草桜橋",
        "remark": "从这个看 晴空塔左侧的楼刚好重叠，但角度上没法同时还原画面左侧的高架"
      },
      "type": "Feature"
    },
    {
      "geometry": {
        "coordinates": [
          139.667871,
          35.657333
        ],
        "type": "Point"
      },
      "properties": {
        "bangumi_id": 543360,
        "bangumi_title": "上伊那牡丹，酒醉身姿似百合花般",
        "ep_cut": 8,
        "image_url": "https://w.junreimap.com/images/user/1099/bangumi/543360/points/f6v4iho-1780077172445.jpg",
        "location": "スタジオベイド 下北沢 ",
        "point_id": "f6v4iho",
        "point_name": "スタジオベイド 下北沢 ",
        "remark": ""
      },
      "type": "Feature"
    },
    {
      "geometry": {
        "coordinates": [
          139.667871,
          35.657333
        ],
        "type": "Point"
      },
      "properties": {
        "bangumi_id": 543360,
        "bangumi_title": "上伊那牡丹，酒醉身姿似百合花般",
        "ep_cut": 8,
        "image_url": "https://w.junreimap.com/images/points/543360/f6v9fh8_1780077408855.jpg",
        "location": "スタジオベイド 下北沢 ",
        "point_id": "f6v9fh8",
        "point_name": "スタジオベイド 下北沢 ",
        "remark": ""
      },
      "type": "Feature"
    },
    {
      "geometry": {
        "coordinates": [
          139.667743,
          35.657335
        ],
        "type": "Point"
      },
      "properties": {
        "bangumi_id": 543360,
        "bangumi_title": "上伊那牡丹，酒醉身姿似百合花般",
        "ep_cut": 8,
        "image_url": "https://w.junreimap.com/images/user/1099/bangumi/543360/points/f6v0l1i-1780077004872.jpg",
        "location": "スタジオベイド 下北沢 ",
        "point_id": "f6v0l1i",
        "point_name": "スタジオベイド 下北沢 ",
        "remark": ""
      },
      "type": "Feature"
    },
    {
      "geometry": {
        "coordinates": [
          139.716146,
          35.566224
        ],
        "type": "Point"
      },
      "properties": {
        "bangumi_id": 543360,
        "bangumi_title": "上伊那牡丹，酒醉身姿似百合花般",
        "ep_cut": 8,
        "image_url": "https://w.junreimap.com/images/user/1099/bangumi/543360/points/f6pz09a-1780068577509.jpg",
        "location": "蒲田カフェ",
        "point_id": "f6pz09a",
        "point_name": "蒲田カフェ",
        "remark": ""
      },
      "type": "Feature"
    },
    {
      "geometry": {
        "coordinates": [
          139.716169,
          35.566216
        ],
        "type": "Point"
      },
      "properties": {
        "bangumi_id": 543360,
        "bangumi_title": "上伊那牡丹，酒醉身姿似百合花般",
        "ep_cut": 8,
        "image_url": "https://w.junreimap.com/images/user/1099/bangumi/543360/points/f6q4052-1780068763869.jpg",
        "location": "蒲田カフェ",
        "point_id": "f6q4052",
        "point_name": "蒲田カフェ",
        "remark": ""
      },
      "type": "Feature"
    },
    {
      "geometry": {
        "coordinates": [
          139.815116,
          35.702228
        ],
        "type": "Point"
      },
      "properties": {
        "bangumi_id": 543360,
        "bangumi_title": "上伊那牡丹，酒醉身姿似百合花般",
        "ep_cut": 8,
        "image_url": "https://w.junreimap.com/images/user/1099/bangumi/543360/points/f6qaqd6-1780069120639.jpg",
        "location": "黄金湯",
        "point_id": "f6qaqd6",
        "point_name": "黄金湯",
        "remark": ""
      },
      "type": "Feature"
    },
    {
      "geometry": {
        "coordinates": [
          139.815165,
          35.70223
        ],
        "type": "Point"
      },
      "properties": {
        "bangumi_id": 543360,
        "bangumi_title": "上伊那牡丹，酒醉身姿似百合花般",
        "ep_cut": 8,
        "image_url": "https://w.junreimap.com/images/user/1099/bangumi/543360/points/f6qfg5z-1780069282116.jpg",
        "location": "黄金湯",
        "point_id": "f6qfg5z",
        "point_name": "黄金湯",
        "remark": ""
      },
      "type": "Feature"
    },
    {
      "geometry": {
        "coordinates": [
          139.703101,
          35.671856
        ],
        "type": "Point"
      },
      "properties": {
        "bangumi_id": 543360,
        "bangumi_title": "上伊那牡丹，酒醉身姿似百合花般",
        "ep_cut": 8,
        "image_url": "https://w.junreimap.com/images/points/543360/ff9aopp_1780584711005.jpg",
        "location": "原宿",
        "point_id": "ff9aopp",
        "point_name": "原宿駅竹下口",
        "remark": "该角度无制高点，推测原画是直接通过街景车角度参考作画"
      },
      "type": "Feature"
    },
    {
      "geometry": {
        "coordinates": [
          139.706597,
          35.670158
        ],
        "type": "Point"
      },
      "properties": {
        "bangumi_id": 543360,
        "bangumi_title": "上伊那牡丹，酒醉身姿似百合花般",
        "ep_cut": 8,
        "image_url": "https://w.junreimap.com/images/points/543360/ff9m8i2_1780585238346.jpg",
        "location": "原宿",
        "point_id": "ff9m8i2",
        "point_name": "竹下口",
        "remark": "点位由AsahiShio开发，授权代传"
      },
      "type": "Feature"
    },
    {
      "geometry": {
        "coordinates": [
          139.704827,
          35.671237
        ],
        "type": "Point"
      },
      "properties": {
        "bangumi_id": 543360,
        "bangumi_title": "上伊那牡丹，酒醉身姿似百合花般",
        "ep_cut": 8,
        "image_url": "https://w.junreimap.com/images/points/543360/ff9ftbg_1780584993376.jpg",
        "location": "原宿",
        "point_id": "ff9ftbg",
        "point_name": "マリオンクレープ 原宿竹下通り店",
        "remark": "点位由AsahiShio开发，授权代传"
      },
      "type": "Feature"
    },
    {
      "geometry": {
        "coordinates": [
          139.70597,
          35.66866
        ],
        "type": "Point"
      },
      "properties": {
        "bangumi_id": 543360,
        "bangumi_title": "上伊那牡丹，酒醉身姿似百合花般",
        "ep_cut": 8,
        "image_url": "https://w.junreimap.com/images/user/1099/bangumi/543360/points/f6qk7i1-1780069529588.jpg",
        "location": "原宿",
        "point_id": "f6qk7i1",
        "point_name": "東急​プラザ​表参道​原宿",
        "remark": ""
      },
      "type": "Feature"
    },
    {
      "geometry": {
        "coordinates": [
          139.763669,
          35.700174
        ],
        "type": "Point"
      },
      "properties": {
        "bangumi_id": 543360,
        "bangumi_title": "上伊那牡丹，酒醉身姿似百合花般",
        "ep_cut": 8,
        "image_url": "https://w.junreimap.com/images/user/1099/bangumi/543360/points/f6tedr1-1780074294253.jpg",
        "location": "御茶ノ水",
        "point_id": "f6tedr1",
        "point_name": "御茶ノ水橋",
        "remark": ""
      },
      "type": "Feature"
    },
    {
      "geometry": {
        "coordinates": [
          139.763387,
          35.69963
        ],
        "type": "Point"
      },
      "properties": {
        "bangumi_id": 543360,
        "bangumi_title": "上伊那牡丹，酒醉身姿似百合花般",
        "ep_cut": 8,
        "image_url": "https://w.junreimap.com/images/user/1099/bangumi/543360/points/f6tjvas-1780074547510.jpg",
        "location": "御茶ノ水",
        "point_id": "f6tjvas",
        "point_name": "日本調剤 お茶の水中央薬局",
        "remark": ""
      },
      "type": "Feature"
    },
    {
      "geometry": {
        "coordinates": [
          139.763479,
          35.699663
        ],
        "type": "Point"
      },
      "properties": {
        "bangumi_id": 543360,
        "bangumi_title": "上伊那牡丹，酒醉身姿似百合花般",
        "ep_cut": 8,
        "image_url": "https://w.junreimap.com/images/user/1099/bangumi/543360/points/f6tnt7i-1780074724130.jpg",
        "location": "御茶ノ水",
        "point_id": "f6tnt7i",
        "point_name": "さくら​薬局​御茶ノ水​駅前​店",
        "remark": ""
      },
      "type": "Feature"
    },
    {
      "geometry": {
        "coordinates": [
          139.763422,
          35.699647
        ],
        "type": "Point"
      },
      "properties": {
        "bangumi_id": 543360,
        "bangumi_title": "上伊那牡丹，酒醉身姿似百合花般",
        "ep_cut": 8,
        "image_url": "https://w.junreimap.com/images/points/543360/f6ttk26_1780074974097.jpg",
        "location": "御茶ノ水",
        "point_id": "f6ttk26",
        "point_name": "さくら​薬局​御茶ノ水​駅前​店",
        "remark": ""
      },
      "type": "Feature"
    },
    {
      "geometry": {
        "coordinates": [
          139.763433,
          35.699689
        ],
        "type": "Point"
      },
      "properties": {
        "bangumi_id": 543360,
        "bangumi_title": "上伊那牡丹，酒醉身姿似百合花般",
        "ep_cut": 8,
        "image_url": "https://w.junreimap.com/images/points/543360/f6u1gmr_1780075341840.jpg",
        "location": "御茶ノ水",
        "point_id": "f6u1gmr",
        "point_name": "さくら​薬局​御茶ノ水​駅前​店",
        "remark": ""
      },
      "type": "Feature"
    },
    {
      "geometry": {
        "coordinates": [
          139.762674,
          35.69885
        ],
        "type": "Point"
      },
      "properties": {
        "bangumi_id": 543360,
        "bangumi_title": "上伊那牡丹，酒醉身姿似百合花般",
        "ep_cut": 8,
        "image_url": "https://w.junreimap.com/images/user/1099/bangumi/543360/points/f6u5bfg-1780075525116.jpg",
        "location": "御茶ノ水",
        "point_id": "f6u5bfg",
        "point_name": "ニュー​駿河台​ビル",
        "remark": ""
      },
      "type": "Feature"
    },
    {
      "geometry": {
        "coordinates": [
          139.762594,
          35.698801
        ],
        "type": "Point"
      },
      "properties": {
        "bangumi_id": 543360,
        "bangumi_title": "上伊那牡丹，酒醉身姿似百合花般",
        "ep_cut": 8,
        "image_url": "https://w.junreimap.com/images/points/543360/f6u9pel_1780075727892.jpg",
        "location": "御茶ノ水",
        "point_id": "f6u9pel",
        "point_name": "ニュー​駿河台​ビル",
        "remark": ""
      },
      "type": "Feature"
    },
    {
      "geometry": {
        "coordinates": [
          139.766855,
          35.699586
        ],
        "type": "Point"
      },
      "properties": {
        "bangumi_id": 543360,
        "bangumi_title": "上伊那牡丹，酒醉身姿似百合花般",
        "ep_cut": 8,
        "image_url": "https://w.junreimap.com/images/user/1099/bangumi/543360/points/f6qr998-1780069914617.jpg",
        "location": "御茶ノ水",
        "point_id": "f6qr998",
        "point_name": "BAR野澤",
        "remark": ""
      },
      "type": "Feature"
    },
    {
      "geometry": {
        "coordinates": [
          139.766854,
          35.699558
        ],
        "type": "Point"
      },
      "properties": {
        "bangumi_id": 543360,
        "bangumi_title": "上伊那牡丹，酒醉身姿似百合花般",
        "ep_cut": 8,
        "image_url": "https://w.junreimap.com/images/user/1099/bangumi/543360/points/f6qwnqi-1780070080901.jpg",
        "location": "御茶ノ水",
        "point_id": "f6qwnqi",
        "point_name": "BAR野澤",
        "remark": ""
      },
      "type": "Feature"
    },
    {
      "geometry": {
        "coordinates": [
          139.096606,
          35.809048
        ],
        "type": "Point"
      },
      "properties": {
        "bangumi_id": 543360,
        "bangumi_title": "上伊那牡丹，酒醉身姿似百合花般",
        "ep_cut": 8,
        "image_url": "https://w.junreimap.com/images/user/1099/bangumi/543360/points/f6r06f0-1780070296906.jpg",
        "location": "奥多摩",
        "point_id": "f6r06f0",
        "point_name": "奥多摩駅",
        "remark": ""
      },
      "type": "Feature"
    },
    {
      "geometry": {
        "coordinates": [
          139.096526,
          35.808807
        ],
        "type": "Point"
      },
      "properties": {
        "bangumi_id": 543360,
        "bangumi_title": "上伊那牡丹，酒醉身姿似百合花般",
        "ep_cut": 8,
        "image_url": "https://w.junreimap.com/images/user/1099/bangumi/543360/points/f6r8o83-1780070647209.jpg",
        "location": "奥多摩",
        "point_id": "f6r8o83",
        "point_name": "VERTERE",
        "remark": ""
      },
      "type": "Feature"
    },
    {
      "geometry": {
        "coordinates": [
          139.096537,
          35.808812
        ],
        "type": "Point"
      },
      "properties": {
        "bangumi_id": 543360,
        "bangumi_title": "上伊那牡丹，酒醉身姿似百合花般",
        "ep_cut": 8,
        "image_url": "https://w.junreimap.com/images/user/1099/bangumi/543360/points/f6rc2lc-1780070829970.jpg",
        "location": "奥多摩",
        "point_id": "f6rc2lc",
        "point_name": "VERTERE Bottle Shop （駅前店）",
        "remark": ""
      },
      "type": "Feature"
    },
    {
      "geometry": {
        "coordinates": [
          139.096628,
          35.809144
        ],
        "type": "Point"
      },
      "properties": {
        "bangumi_id": 543360,
        "bangumi_title": "上伊那牡丹，酒醉身姿似百合花般",
        "ep_cut": 8,
        "image_url": "https://w.junreimap.com/images/user/1099/bangumi/543360/points/f6r51de-1780070492069.jpg",
        "location": "奥多摩",
        "point_id": "f6r51de",
        "point_name": "奥多摩え駅",
        "remark": ""
      },
      "type": "Feature"
    },
    {
      "geometry": {
        "coordinates": [
          139.096452,
          35.808786
        ],
        "type": "Point"
      },
      "properties": {
        "bangumi_id": 543360,
        "bangumi_title": "上伊那牡丹，酒醉身姿似百合花般",
        "ep_cut": 8,
        "image_url": "https://w.junreimap.com/images/user/1099/bangumi/543360/points/f6rr9j3-1780071603163.jpg",
        "location": "奥多摩",
        "point_id": "f6rr9j3",
        "point_name": "柳小路",
        "remark": "在巷子里"
      },
      "type": "Feature"
    },
    {
      "geometry": {
        "coordinates": [
          139.096913,
          35.807949
        ],
        "type": "Point"
      },
      "properties": {
        "bangumi_id": 543360,
        "bangumi_title": "上伊那牡丹，酒醉身姿似百合花般",
        "ep_cut": 8,
        "image_url": "https://w.junreimap.com/images/user/1099/bangumi/543360/points/f6rxk3y-1780071862642.jpg",
        "location": "奥多摩",
        "point_id": "f6rxk3y",
        "point_name": "氷川の三本杉",
        "remark": ""
      },
      "type": "Feature"
    },
    {
      "geometry": {
        "coordinates": [
          139.096955,
          35.807925
        ],
        "type": "Point"
      },
      "properties": {
        "bangumi_id": 543360,
        "bangumi_title": "上伊那牡丹，酒醉身姿似百合花般",
        "ep_cut": 8,
        "image_url": "https://w.junreimap.com/images/user/1099/bangumi/543360/points/f6s0k4d-1780071984231.jpg",
        "location": "奥多摩",
        "point_id": "f6s0k4d",
        "point_name": "奥氷川神社",
        "remark": ""
      },
      "type": "Feature"
    },
    {
      "geometry": {
        "coordinates": [
          139.096792,
          35.807319
        ],
        "type": "Point"
      },
      "properties": {
        "bangumi_id": 543360,
        "bangumi_title": "上伊那牡丹，酒醉身姿似百合花般",
        "ep_cut": 8,
        "image_url": "https://w.junreimap.com/images/user/1099/bangumi/543360/points/f6s5yvj-1780072226460.jpg",
        "location": "奥多摩",
        "point_id": "f6s5yvj",
        "point_name": "氷川渓谷",
        "remark": ""
      },
      "type": "Feature"
    },
    {
      "geometry": {
        "coordinates": [
          139.096793,
          35.807311
        ],
        "type": "Point"
      },
      "properties": {
        "bangumi_id": 543360,
        "bangumi_title": "上伊那牡丹，酒醉身姿似百合花般",
        "ep_cut": 8,
        "image_url": "https://w.junreimap.com/images/user/1099/bangumi/543360/points/f6s8eiz-1780072318811.jpg",
        "location": "奥多摩",
        "point_id": "f6s8eiz",
        "point_name": "氷川渓谷",
        "remark": ""
      },
      "type": "Feature"
    },
    {
      "geometry": {
        "coordinates": [
          139.09684,
          35.807282
        ],
        "type": "Point"
      },
      "properties": {
        "bangumi_id": 543360,
        "bangumi_title": "上伊那牡丹，酒醉身姿似百合花般",
        "ep_cut": 8,
        "image_url": "https://w.junreimap.com/images/user/1099/bangumi/543360/points/f6sdt12-1780072561735.jpg",
        "location": "奥多摩",
        "point_id": "f6sdt12",
        "point_name": "氷川渓谷",
        "remark": ""
      },
      "type": "Feature"
    },
    {
      "geometry": {
        "coordinates": [
          121.818081,
          24.794577
        ],
        "type": "Point"
      },
      "properties": {
        "bangumi_id": 543360,
        "bangumi_title": "上伊那牡丹，酒醉身姿似百合花般",
        "ep_cut": 8,
        "image_url": "https://w.junreimap.com/images/points/543360/hff3c89_1785213609314.jpg",
        "location": "",
        "point_id": "hff3c89",
        "point_name": "蘭陽海岸保護區",
        "remark": "该点位为大福海岸，也有石城、頭城烏石港、竹安等众多说法"
      },
      "type": "Feature"
    },
    {
      "geometry": {
        "coordinates": [
          138.916313,
          36.49728
        ],
        "type": "Point"
      },
      "properties": {
        "bangumi_id": 543360,
        "bangumi_title": "上伊那牡丹，酒醉身姿似百合花般",
        "ep_cut": 9,
        "image_url": "https://w.junreimap.com/images/user/0/bangumi/543360/points/fgrnoxo-1780676593219.jpg",
        "location": "",
        "point_id": "fgrnoxo",
        "point_name": "伊香保温泉 石段街",
        "remark": ""
      },
      "type": "Feature"
    },
    {
      "geometry": {
        "coordinates": [
          139.266768,
          35.631052
        ],
        "type": "Point"
      },
      "properties": {
        "bangumi_id": 543360,
        "bangumi_title": "上伊那牡丹，酒醉身姿似百合花般",
        "ep_cut": 9,
        "image_url": "https://w.junreimap.com/images/user/1099/bangumi/543360/points/fgpqn7k-1780672790981.jpg",
        "location": "高尾山",
        "point_id": "fgpqn7k",
        "point_name": "高尾山ケーブルカー 清滝駅",
        "remark": ""
      },
      "type": "Feature"
    },
    {
      "geometry": {
        "coordinates": [
          138.774026,
          36.692437
        ],
        "type": "Point"
      },
      "properties": {
        "bangumi_id": 543360,
        "bangumi_title": "上伊那牡丹，酒醉身姿似百合花般",
        "ep_cut": 9,
        "image_url": "https://w.junreimap.com/images/user/1099/bangumi/543360/points/fgq9pbw-1780673884002.jpg",
        "location": "四万温泉",
        "point_id": "fgq9pbw",
        "point_name": "温泉グランピングShimaBlue",
        "remark": ""
      },
      "type": "Feature"
    },
    {
      "geometry": {
        "coordinates": [
          138.774014,
          36.692401
        ],
        "type": "Point"
      },
      "properties": {
        "bangumi_id": 543360,
        "bangumi_title": "上伊那牡丹，酒醉身姿似百合花般",
        "ep_cut": 9,
        "image_url": "https://w.junreimap.com/images/user/1099/bangumi/543360/points/fgq5my8-1780673495649.jpg",
        "location": "四万温泉",
        "point_id": "fgq5my8",
        "point_name": "温泉グランピングShimaBlue",
        "remark": ""
      },
      "type": "Feature"
    },
    {
      "geometry": {
        "coordinates": [
          139.266803,
          35.631082
        ],
        "type": "Point"
      },
      "properties": {
        "bangumi_id": 543360,
        "bangumi_title": "上伊那牡丹，酒醉身姿似百合花般",
        "ep_cut": 9,
        "image_url": "https://w.junreimap.com/images/user/1099/bangumi/543360/points/fgpsme3-1780672901257.jpg",
        "location": "高尾山",
        "point_id": "fgpsme3",
        "point_name": "高尾山ケーブルカー 清滝駅",
        "remark": ""
      },
      "type": "Feature"
    },
    {
      "geometry": {
        "coordinates": [
          139.256216,
          35.630771
        ],
        "type": "Point"
      },
      "properties": {
        "bangumi_id": 543360,
        "bangumi_title": "上伊那牡丹，酒醉身姿似百合花般",
        "ep_cut": 9,
        "image_url": "https://w.junreimap.com/images/user/1099/bangumi/543360/points/fgpyjc4-1780673265215.jpg",
        "location": "高尾山",
        "point_id": "fgpyjc4",
        "point_name": "高尾山​ビアマウント",
        "remark": ""
      },
      "type": "Feature"
    },
    {
      "geometry": {
        "coordinates": [
          138.932106,
          35.951104
        ],
        "type": "Point"
      },
      "properties": {
        "bangumi_id": 543360,
        "bangumi_title": "上伊那牡丹，酒醉身姿似百合花般",
        "ep_cut": 9,
        "image_url": "https://w.junreimap.com/images/points/543360/fgv5arc_1780682184766.jpg",
        "location": "三峯神社 Mitsumine",
        "point_id": "fgv5arc",
        "point_name": "国道140 平神社附近",
        "remark": ""
      },
      "type": "Feature"
    },
    {
      "geometry": {
        "coordinates": [
          138.953199,
          35.938314
        ],
        "type": "Point"
      },
      "properties": {
        "bangumi_id": 543360,
        "bangumi_title": "上伊那牡丹，酒醉身姿似百合花般",
        "ep_cut": 9,
        "image_url": "https://w.junreimap.com/images/user/1099/bangumi/543360/points/fgtz8gu-1780679904287.jpg",
        "location": "三峯神社 Mitsumine",
        "point_id": "fgtz8gu",
        "point_name": "竃三柱神社",
        "remark": ""
      },
      "type": "Feature"
    },
    {
      "geometry": {
        "coordinates": [
          138.949999,
          35.937086
        ],
        "type": "Point"
      },
      "properties": {
        "bangumi_id": 543360,
        "bangumi_title": "上伊那牡丹，酒醉身姿似百合花般",
        "ep_cut": 9,
        "image_url": "https://w.junreimap.com/images/points/543360/fguclgm_1780680640872.jpg",
        "location": "三峯神社 Mitsumine",
        "point_id": "fguclgm",
        "point_name": "三峯神社 一の鳥居",
        "remark": ""
      },
      "type": "Feature"
    },
    {
      "geometry": {
        "coordinates": [
          138.652129,
          35.706115
        ],
        "type": "Point"
      },
      "properties": {
        "bangumi_id": 543360,
        "bangumi_title": "上伊那牡丹，酒醉身姿似百合花般",
        "ep_cut": 9,
        "image_url": "https://w.junreimap.com/images/user/1099/bangumi/543360/points/fgrerdj-1780675620552.jpg",
        "location": "",
        "point_id": "fgrerdj",
        "point_name": "ほったらかし​温泉",
        "remark": ""
      },
      "type": "Feature"
    },
    {
      "geometry": {
        "coordinates": [
          138.6767,
          35.646118
        ],
        "type": "Point"
      },
      "properties": {
        "bangumi_id": 543360,
        "bangumi_title": "上伊那牡丹，酒醉身姿似百合花般",
        "ep_cut": 9,
        "image_url": "https://w.junreimap.com/images/user/1099/bangumi/543360/points/fgqxx6m-1780674813830.jpg",
        "location": "",
        "point_id": "fgqxx6m",
        "point_name": "里​の​駅​いち​の​みや",
        "remark": ""
      },
      "type": "Feature"
    },
    {
      "geometry": {
        "coordinates": [
          139.021244,
          35.256693
        ],
        "type": "Point"
      },
      "properties": {
        "bangumi_id": 543360,
        "bangumi_title": "上伊那牡丹，酒醉身姿似百合花般",
        "ep_cut": 10,
        "image_url": "https://w.junreimap.com/images/user/1099/bangumi/543360/points/fqqfcc7-1781278622192.jpg",
        "location": "ポーラ美術館",
        "point_id": "fqqfcc7",
        "point_name": "ポーラ美術館",
        "remark": ""
      },
      "type": "Feature"
    },
    {
      "geometry": {
        "coordinates": [
          139.021355,
          35.256794
        ],
        "type": "Point"
      },
      "properties": {
        "bangumi_id": 543360,
        "bangumi_title": "上伊那牡丹，酒醉身姿似百合花般",
        "ep_cut": 10,
        "image_url": "https://w.junreimap.com/images/user/1099/bangumi/543360/points/fqqq0yr-1781279108124.jpg",
        "location": "ポーラ美術館",
        "point_id": "fqqq0yr",
        "point_name": "ポーラ美術館",
        "remark": ""
      },
      "type": "Feature"
    },
    {
      "geometry": {
        "coordinates": [
          139.021477,
          35.256748
        ],
        "type": "Point"
      },
      "properties": {
        "bangumi_id": 543360,
        "bangumi_title": "上伊那牡丹，酒醉身姿似百合花般",
        "ep_cut": 10,
        "image_url": "https://w.junreimap.com/images/user/1099/bangumi/543360/points/fqqzyqr-1781279575574.jpg",
        "location": "ポーラ美術館",
        "point_id": "fqqzyqr",
        "point_name": "ポーラ美術館",
        "remark": "在电梯下方"
      },
      "type": "Feature"
    },
    {
      "geometry": {
        "coordinates": [
          139.702263,
          35.656415
        ],
        "type": "Point"
      },
      "properties": {
        "bangumi_id": 543360,
        "bangumi_title": "上伊那牡丹，酒醉身姿似百合花般",
        "ep_cut": 10,
        "image_url": "https://w.junreimap.com/images/user/1099/bangumi/543360/points/fqrev42-1781280274683.jpg",
        "location": "Yamaha Sound Crossing Shibuya",
        "point_id": "fqrev42",
        "point_name": "渋谷サクラステージSAKURAテラス",
        "remark": ""
      },
      "type": "Feature"
    },
    {
      "geometry": {
        "coordinates": [
          139.702333,
          35.655936
        ],
        "type": "Point"
      },
      "properties": {
        "bangumi_id": 543360,
        "bangumi_title": "上伊那牡丹，酒醉身姿似百合花般",
        "ep_cut": 10,
        "image_url": "https://w.junreimap.com/images/user/1099/bangumi/543360/points/fqrut3c-1781281040677.jpg",
        "location": "Yamaha Sound Crossing Shibuya",
        "point_id": "fqrut3c",
        "point_name": "Yamaha Sound Crossing Shibuya ",
        "remark": ""
      },
      "type": "Feature"
    },
    {
      "geometry": {
        "coordinates": [
          139.702337,
          35.65594
        ],
        "type": "Point"
      },
      "properties": {
        "bangumi_id": 543360,
        "bangumi_title": "上伊那牡丹，酒醉身姿似百合花般",
        "ep_cut": 10,
        "image_url": "https://w.junreimap.com/images/user/1099/bangumi/543360/points/fqrzxgf-1781281284041.jpg",
        "location": "Yamaha Sound Crossing Shibuya",
        "point_id": "fqrzxgf",
        "point_name": "Yamaha Sound Crossing Shibuya",
        "remark": "进门的右侧"
      },
      "type": "Feature"
    },
    {
      "geometry": {
        "coordinates": [
          139.70226,
          35.656136
        ],
        "type": "Point"
      },
      "properties": {
        "bangumi_id": 543360,
        "bangumi_title": "上伊那牡丹，酒醉身姿似百合花般",
        "ep_cut": 10,
        "image_url": "https://w.junreimap.com/images/user/0/bangumi/543360/points/hiodchr-1785145129973.webp",
        "location": "Yamaha Sound Crossing Shibuya",
        "point_id": "hiodchr",
        "point_name": "Yamaha Sound Crossing Shibuya",
        "remark": ""
      },
      "type": "Feature"
    },
    {
      "geometry": {
        "coordinates": [
          139.702392,
          35.65589
        ],
        "type": "Point"
      },
      "properties": {
        "bangumi_id": 543360,
        "bangumi_title": "上伊那牡丹，酒醉身姿似百合花般",
        "ep_cut": 10,
        "image_url": "https://w.junreimap.com/images/user/1099/bangumi/543360/points/fqs8xpa-1781281658635.jpg",
        "location": "Yamaha Sound Crossing Shibuya",
        "point_id": "fqs8xpa",
        "point_name": "Yamaha Sound Crossing Shibuya",
        "remark": ""
      },
      "type": "Feature"
    },
    {
      "geometry": {
        "coordinates": [
          139.738347,
          35.690973
        ],
        "type": "Point"
      },
      "properties": {
        "bangumi_id": 543360,
        "bangumi_title": "上伊那牡丹，酒醉身姿似百合花般",
        "ep_cut": 11,
        "image_url": "https://w.junreimap.com/images/user/1099/bangumi/543360/points/g0qpuku-1781883749324.jpg",
        "location": "",
        "point_id": "g0qpuku",
        "point_name": "あて 煮込 肴",
        "remark": ""
      },
      "type": "Feature"
    },
    {
      "geometry": {
        "coordinates": [
          139.086434,
          36.018686
        ],
        "type": "Point"
      },
      "properties": {
        "bangumi_id": 543360,
        "bangumi_title": "上伊那牡丹，酒醉身姿似百合花般",
        "ep_cut": 11,
        "image_url": "https://w.junreimap.com/images/user/2197/bangumi/543360/points/g1sd5jq-1781946990603.jpg",
        "location": "",
        "point_id": "g1sd5jq",
        "point_name": "旧秩父橋",
        "remark": ""
      },
      "type": "Feature"
    },
    {
      "geometry": {
        "coordinates": [
          139.975711,
          35.858293
        ],
        "type": "Point"
      },
      "properties": {
        "bangumi_id": 543360,
        "bangumi_title": "上伊那牡丹，酒醉身姿似百合花般",
        "ep_cut": 11,
        "image_url": "https://w.junreimap.com/images/user/1099/bangumi/543360/points/g0qdbvz-1781883238289.jpg",
        "location": "柏駅",
        "point_id": "g0qdbvz",
        "point_name": "シーシャカフェ煙舞",
        "remark": ""
      },
      "type": "Feature"
    },
    {
      "geometry": {
        "coordinates": [
          139.102695,
          36.091133
        ],
        "type": "Point"
      },
      "properties": {
        "bangumi_id": 543360,
        "bangumi_title": "上伊那牡丹，酒醉身姿似百合花般",
        "ep_cut": 12,
        "image_url": "https://w.junreimap.com/images/user/1099/bangumi/543360/points/gaqcoeo-1782487806873.webp",
        "location": "宝登山",
        "point_id": "gaqcoeo",
        "point_name": "宝登山麓駅",
        "remark": ""
      },
      "type": "Feature"
    },
    {
      "geometry": {
        "coordinates": [
          139.102441,
          36.091053
        ],
        "type": "Point"
      },
      "properties": {
        "bangumi_id": 543360,
        "bangumi_title": "上伊那牡丹，酒醉身姿似百合花般",
        "ep_cut": 12,
        "image_url": "https://w.junreimap.com/images/user/1099/bangumi/543360/points/gaqlyv4-1782488234976.webp",
        "location": "宝登山",
        "point_id": "gaqlyv4",
        "point_name": "宝登山麓駅",
        "remark": ""
      },
      "type": "Feature"
    },
    {
      "geometry": {
        "coordinates": [
          139.102492,
          36.091211
        ],
        "type": "Point"
      },
      "properties": {
        "bangumi_id": 543360,
        "bangumi_title": "上伊那牡丹，酒醉身姿似百合花般",
        "ep_cut": 12,
        "image_url": "https://w.junreimap.com/images/user/1099/bangumi/543360/points/gaqf6bi-1782487955453.webp",
        "location": "宝登山",
        "point_id": "gaqf6bi",
        "point_name": "宝登山麓駅 酒精饮品贩卖机",
        "remark": ""
      },
      "type": "Feature"
    },
    {
      "geometry": {
        "coordinates": [
          139.102465,
          36.09134
        ],
        "type": "Point"
      },
      "properties": {
        "bangumi_id": 543360,
        "bangumi_title": "上伊那牡丹，酒醉身姿似百合花般",
        "ep_cut": 12,
        "image_url": "https://w.junreimap.com/images/user/1099/bangumi/543360/points/gaqjgy1-1782488120853.webp",
        "location": "宝登山",
        "point_id": "gaqjgy1",
        "point_name": "宝登山麓駅",
        "remark": ""
      },
      "type": "Feature"
    },
    {
      "geometry": {
        "coordinates": [
          139.102368,
          36.09109
        ],
        "type": "Point"
      },
      "properties": {
        "bangumi_id": 543360,
        "bangumi_title": "上伊那牡丹，酒醉身姿似百合花般",
        "ep_cut": 12,
        "image_url": "https://w.junreimap.com/images/user/1099/bangumi/543360/points/gaqsrul-1782488576434.webp",
        "location": "宝登山",
        "point_id": "gaqsrul",
        "point_name": "宝登山麓駅",
        "remark": ""
      },
      "type": "Feature"
    },
    {
      "geometry": {
        "coordinates": [
          139.093213,
          36.091048
        ],
        "type": "Point"
      },
      "properties": {
        "bangumi_id": 543360,
        "bangumi_title": "上伊那牡丹，酒醉身姿似百合花般",
        "ep_cut": 12,
        "image_url": "https://w.junreimap.com/images/user/1099/bangumi/543360/points/gaq3w4i-1782487392874.webp",
        "location": "宝登山",
        "point_id": "gaq3w4i",
        "point_name": "宝登山頂駅",
        "remark": ""
      },
      "type": "Feature"
    },
    {
      "geometry": {
        "coordinates": [
          139.093248,
          36.091059
        ],
        "type": "Point"
      },
      "properties": {
        "bangumi_id": 543360,
        "bangumi_title": "上伊那牡丹，酒醉身姿似百合花般",
        "ep_cut": 12,
        "image_url": "https://w.junreimap.com/images/user/1099/bangumi/543360/points/gapj2b2-1782486474276.webp",
        "location": "宝登山",
        "point_id": "gapj2b2",
        "point_name": "宝登山頂駅",
        "remark": ""
      },
      "type": "Feature"
    },
    {
      "geometry": {
        "coordinates": [
          139.092273,
          36.09243
        ],
        "type": "Point"
      },
      "properties": {
        "bangumi_id": 543360,
        "bangumi_title": "上伊那牡丹，酒醉身姿似百合花般",
        "ep_cut": 12,
        "image_url": "https://w.junreimap.com/images/user/1099/bangumi/543360/points/gaqa54x-1782487680200.webp",
        "location": "宝登山",
        "point_id": "gaqa54x",
        "point_name": "宝登山頂駅",
        "remark": ""
      },
      "type": "Feature"
    },
    {
      "geometry": {
        "coordinates": [
          139.091899,
          36.092856
        ],
        "type": "Point"
      },
      "properties": {
        "bangumi_id": 543360,
        "bangumi_title": "上伊那牡丹，酒醉身姿似百合花般",
        "ep_cut": 12,
        "image_url": "https://w.junreimap.com/images/user/1099/bangumi/543360/points/gaq6rju-1782487521518.webp",
        "location": "宝登山",
        "point_id": "gaq6rju",
        "point_name": "宝登山頂 梅百花園",
        "remark": ""
      },
      "type": "Feature"
    },
    {
      "geometry": {
        "coordinates": [
          139.699479,
          35.648871
        ],
        "type": "Point"
      },
      "properties": {
        "bangumi_id": 543360,
        "bangumi_title": "上伊那牡丹，酒醉身姿似百合花般",
        "ep_cut": 12,
        "image_url": "https://w.junreimap.com/images/user/1099/bangumi/543360/points/gaq2jrs-1782487327899.webp",
        "location": "代官山",
        "point_id": "gaq2jrs",
        "point_name": "代官山 蔦屋書店",
        "remark": ""
      },
      "type": "Feature"
    },
    {
      "geometry": {
        "coordinates": [
          139.699702,
          35.648845
        ],
        "type": "Point"
      },
      "properties": {
        "bangumi_id": 543360,
        "bangumi_title": "上伊那牡丹，酒醉身姿似百合花般",
        "ep_cut": 12,
        "image_url": "https://w.junreimap.com/images/user/1099/bangumi/543360/points/gaqohqz-1782488374964.webp",
        "location": "代官山",
        "point_id": "gaqohqz",
        "point_name": "代官山 蔦屋書店",
        "remark": ""
      },
      "type": "Feature"
    },
    {
      "geometry": {
        "coordinates": [
          138.808983,
          36.935694
        ],
        "type": "Point"
      },
      "properties": {
        "bangumi_id": 543360,
        "bangumi_title": "上伊那牡丹，酒醉身姿似百合花般",
        "ep_cut": 12,
        "image_url": "https://w.junreimap.com/images/user/1099/bangumi/543360/points/garbtuy-1782489448978.webp",
        "location": "越後湯沢駅",
        "point_id": "garbtuy",
        "point_name": "越後湯澤車站 西口",
        "remark": ""
      },
      "type": "Feature"
    },
    {
      "geometry": {
        "coordinates": [
          138.808459,
          36.936828
        ],
        "type": "Point"
      },
      "properties": {
        "bangumi_id": 543360,
        "bangumi_title": "上伊那牡丹，酒醉身姿似百合花般",
        "ep_cut": 12,
        "image_url": "https://w.junreimap.com/images/user/1099/bangumi/543360/points/gareoik-1782489579541.webp",
        "location": "越後湯沢駅",
        "point_id": "gareoik",
        "point_name": "ぽんしゅ館 越後湯沢驛店",
        "remark": ""
      },
      "type": "Feature"
    },
    {
      "geometry": {
        "coordinates": [
          138.808283,
          36.936896
        ],
        "type": "Point"
      },
      "properties": {
        "bangumi_id": 543360,
        "bangumi_title": "上伊那牡丹，酒醉身姿似百合花般",
        "ep_cut": 12,
        "image_url": "https://w.junreimap.com/images/user/1099/bangumi/543360/points/garhhjo-1782489709403.webp",
        "location": "越後湯沢駅",
        "point_id": "garhhjo",
        "point_name": "ぽんしゅ館 越後湯沢驛店",
        "remark": ""
      },
      "type": "Feature"
    },
    {
      "geometry": {
        "coordinates": [
          138.808333,
          36.936922
        ],
        "type": "Point"
      },
      "properties": {
        "bangumi_id": 543360,
        "bangumi_title": "上伊那牡丹，酒醉身姿似百合花般",
        "ep_cut": 12,
        "image_url": "https://w.junreimap.com/images/user/1099/bangumi/543360/points/garmhp9-1782490331962.webp",
        "location": "越後湯沢駅",
        "point_id": "garmhp9",
        "point_name": "ぽんしゅ館 越後湯沢驛店",
        "remark": ""
      },
      "type": "Feature"
    },
    {
      "geometry": {
        "coordinates": [
          138.77474,
          36.686173
        ],
        "type": "Point"
      },
      "properties": {
        "bangumi_id": 543360,
        "bangumi_title": "上伊那牡丹，酒醉身姿似百合花般",
        "ep_cut": 12,
        "image_url": "https://w.junreimap.com/images/user/1099/bangumi/282923/points/garxnmk-1782490531565.webp",
        "location": "四万温泉",
        "point_id": "garxnmk",
        "point_name": "四万​グランド​ホテル",
        "remark": ""
      },
      "type": "Feature"
    }
  ],
  "type": "FeatureCollection"
}